"Normalised.Time","Stroke_GateAngle_1_sim_elite_11","Bow_GateAngle_1_sim_elite_11","Stroke_GateForceX_1_sim_elite_11","Bow_GateForceX_1_sim_elite_11"
0,-76.1463010021159,-74.6398419907549,6.6819317651202,6.80722026076883
0.99009900990099,-75.801533925756,-75.7637979312607,7.08077868846762,7.8345446191131
1.98019801980198,-72.8898807505291,-74.6679810220315,7.12315733764803,5.67695033189926
2.97029702970297,-74.1801608998898,-74.413329631348,9.03858201614719,7.46613164457679
3.96039603960396,-73.1503847570547,-75.5851371022713,11.7669299601873,8.44344501254182
4.95049504950495,-73.3139440789154,-74.3091484812975,14.8545424426249,11.2007781098026
5.94059405940594,-71.7771381992266,-71.3789091119042,18.7042641350668,14.1508276758898
6.93069306930693,-66.6227655625726,-68.8096439969653,20.6459984102373,18.8065175655046
7.92079207920792,-65.2968851746735,-68.2299603871705,23.2625399475064,23.9710835135793
8.91089108910891,-66.0493751749862,-66.9551849285991,26.4490286942821,27.358425131512
9.9009900990099,-64.9868078657186,-65.2266819335028,29.6819645162806,30.4113787024574
10.8910891089109,-62.1809368120304,-63.7312800026713,33.9090719387645,32.600473597086
11.8811881188119,-59.5166789640136,-61.6046597219452,37.4078600687395,35.7938370380692
12.8712871287129,-60.4569771955345,-61.6165457424485,40.2447783197966,37.7891592492421
13.8613861386139,-56.4180423155198,-59.5894290563388,43.176391567193,38.5634744184628
14.8514851485149,-55.1063103304707,-55.045654169807,44.6275281026861,40.7244434707582
15.8415841584158,-53.0368115442667,-54.3573545747259,44.4898826801144,43.3872725899823
16.8316831683168,-49.3369848533915,-52.5531881392356,46.5803560468698,45.6507526073277
17.8217821782178,-48.4797005352001,-50.0972595126989,47.8419402554473,48.1549351319727
18.8118811881188,-46.1490968349664,-48.7063139252499,51.2289170271948,49.6697806115953
19.8019801980198,-43.8710563719805,-47.2365033226118,52.9094863712779,51.2739055174721
20.7920792079208,-41.5749229296591,-45.0245493789415,54.53666341293,51.6216232517529
21.7821782178218,-38.4307529925434,-43.0917795473904,54.839127123779,52.4058378088093
22.7722772277228,-36.6089024168529,-40.3174081163182,55.4377328929303,51.8618585022929
23.7623762376238,-33.276966570666,-35.5057154106388,55.1664033212762,51.8739794699182
24.7524752475248,-32.9876991698237,-34.1387265932972,54.6536855744231,50.3026745493169
25.7425742574257,-30.1605584542025,-33.5987504767596,52.447071284287,48.0483740204554
26.7326732673267,-26.3060437291702,-29.1575647052094,50.3367526911993,46.350552026275
27.7227722772277,-24.1846575851419,-26.7206775486275,49.0223480807699,44.4821170176943
28.7128712871287,-21.222462233948,-23.6849301605822,47.3116651938382,43.0893674842976
29.7029702970297,-18.4681193352885,-23.308288064554,44.35674063637,41.4524046620729
30.6930693069307,-17.9394785324629,-18.9688128314833,41.3551299146354,39.8579580844393
31.6831683168317,-14.3200565359487,-15.556397149958,38.6716739969279,38.0660641812476
32.6732673267327,-10.876340057788,-15.6715050313608,36.6059608918994,36.8637720282715
33.6633663366337,-7.87843994579663,-9.58584862118451,32.6740452363619,35.2262773205368
34.6534653465347,-5.17544819613106,-6.15175480456804,30.1225852802307,33.5565488742369
35.6435643564356,-0.834979831404942,-4.56868782304469,27.4598464090577,31.4469912319194
36.6336633663366,0.193749533206613,-1.18004752552011,24.9996115858896,27.5937395942566
37.6237623762376,6.30886894161142,2.15162605482167,23.9048611034626,25.2228256733283
38.6138613861386,8.20820221469372,6.09296190021911,21.0276499349533,23.955682981941
39.6039603960396,11.003998544057,8.79946170504638,20.5493405757846,22.0754935815367
40.5940594059406,14.6274611111624,11.5650304678435,19.1453615189423,20.2131063151841
41.5841584158416,17.3318676947393,14.7749304363035,17.2172808228836,19.9156075263317
42.5742574257426,20.0666711856183,18.4150396259328,14.994355088992,16.3704400509654
43.5643564356436,24.5192782473918,19.9011483206027,13.4121121769924,13.709047886466
44.5544554455446,27.8652790977074,22.799519935951,11.0132239404402,11.6263068749007
45.5445544554455,27.6997961250544,26.7988721984721,8.82462181164985,9.25253879455421
46.5346534653465,31.0264479844032,27.9408463764533,5.24700529112765,7.42368596780865
47.5247524752475,33.0886338680808,33.3999006443851,2.89221339596195,3.96844727697363
48.5148514851485,32.6031704189821,32.2376729314584,1.3013302903129,1.85635937606286
49.5049504950495,35.4563978209573,33.6656851463576,-1.39934020953907,0.90495191637917
50.4950495049505,35.6582594113119,35.1613184738179,-0.943845241597652,0.399995499034485
51.4851485148515,35.7896732702327,34.6198774910292,-2.67258593434041,-2.44436441075499
52.4752475247525,38.6115659779478,36.5948852216519,-3.32269549084622,-2.84167039966087
53.4653465346535,37.1940438377668,36.0135272801977,-4.36958487307289,-3.86808074230814
54.4554455445545,38.5947385846221,36.5734098773667,-4.18634539659791,-4.04264922211925
55.4455445544554,38.3769656477875,38.1766701138108,-4.0629589266048,-3.04702721216784
56.4356435643564,36.3851465136968,37.5495665095075,-3.82296683939961,-4.00712170445933
57.4257425742574,38.6246119269687,36.7858910739067,-4.17711584773936,-3.14594486041419
58.4158415841584,37.1006094364135,37.0833970578033,-3.80478039300969,-1.96211366316842
59.4059405940594,35.2781206549494,34.1442126588506,-3.07720142566677,-2.86108164409757
60.3960396039604,35.4254442229043,33.8131734796305,-4.22848233735063,-1.71891973329554
61.3861386138614,31.7397676828453,33.1603082377907,-2.8272665522652,-1.3152445031772
62.3762376237624,31.2940095125289,33.5680524843025,-3.22840334295538,-3.09573481520779
63.3663366336634,29.815575870957,30.0430259506445,-3.65695990852877,-2.65866859645993
64.3564356435644,29.0548419870552,27.8365760507041,-2.68959670916029,-2.0371162691841
65.3465346534653,23.5492595292134,26.2927892146279,-2.83972727313294,-2.41713572167892
66.3366336633663,23.1892375136007,24.2169434402231,-3.62841291302764,-1.18337409499235
67.3267326732673,22.0463999639849,21.9164288442111,-3.0684770289087,-1.9899171248335
68.3168316831683,17.1620727774007,16.4216452656752,-2.99597582150093,-2.91091364554638
69.3069306930693,15.8788522035378,14.0600721564432,-2.41449339713067,-1.72406933252926
70.2970297029703,13.9802118921065,10.6506635007563,-2.2783637302787,-1.8374337058409
71.2871287128713,9.14314357403357,8.18096070026439,-1.92408620472063,-1.62715175478429
72.2772277227723,5.06990280549141,2.082973469135,-1.92742233412375,-1.05526131470138
73.2673267326733,2.75451960531444,-0.490995089599281,-0.853836120148274,-1.14167168349792
74.2574257425743,-0.924280860110457,-4.03558689513445,-2.15251115748894,-1.28295975672077
75.2475247524752,-4.43456839800545,-7.24538946959774,-1.40030638760137,-1.06124961976529
76.2376237623762,-9.23503003786601,-9.90615782260218,-1.07672973503122,-1.31679554457956
77.2277227722772,-12.8366006458079,-14.0354665366189,-1.66286334107886,-0.569772946450733
78.2178217821782,-15.0708945474624,-17.4504347893481,-0.400004647086619,-0.281754563526399
79.2079207920792,-17.1888900156935,-22.370465415042,-0.386355650482842,-0.628492126574721
80.1980198019802,-19.7266071145836,-23.1158801825249,0.353957199097994,0.363650136355945
81.1881188118812,-25.2815177531456,-27.1069004378916,-0.185875361147023,-0.396444124393515
82.1782178217822,-29.4022198700347,-32.0534044681112,0.223093011415764,-0.370526269501593
83.1683168316832,-32.0431624713678,-35.6520798382661,0.0176195005152495,0.377173247955658
84.1584158415842,-37.7880821166085,-37.8184584729308,0.0354677336501629,0.254769766472496
85.1485148514851,-39.1355866568462,-41.3086189234483,0.38131918689094,0.355094525230642
86.1386138613861,-44.9196809505573,-45.5307562069767,0.968209914972121,0.843799485187728
87.1287128712871,-48.4419510910502,-50.2219481756696,0.853267652870016,1.27193851614092
88.1188118811881,-50.011036227787,-50.8510351252301,1.9124701083571,1.78385549098168
89.1089108910891,-53.6446238964833,-52.6663560803252,2.6602957016721,3.424022699635
90.0990099009901,-58.272770771871,-56.2799264633964,1.65725025271537,2.5774458962646
91.0891089108911,-61.8425439187382,-63.0998262895436,3.15171559639287,3.11673502500522
92.0792079207921,-66.8564365740576,-67.3637253158564,3.35795914962396,2.82614306129813
93.0693069306931,-66.7851160908114,-68.7295405817737,4.73918843820471,5.04073944763645
94.0594059405941,-68.9977155197432,-69.9615507672932,5.00218031021125,3.70150481454929
95.049504950495,-70.4404904825588,-72.038416231568,4.49591750242429,3.80035987792226
96.039603960396,-71.3214360571921,-72.7881640911479,5.47881125981026,5.42955396959657
97.029702970297,-75.2241492704785,-76.438944407883,6.86344118651614,5.87355690588059
98.019801980198,-76.8993144252956,-74.4876012844168,6.74336489755835,6.67167644199052
99.009900990099,-77.1356729007093,-76.313247549427,6.0596760379299,7.50468603795222
0,-77.5461928644142,-76.6372605593703,8.26482940402483,8.31642616770888
1,-76.4489614931263,-76.6692691924552,7.70552673886346,9.70881988675433
2,-75.0989729365259,-75.5266608524884,7.03438413123508,9.28248980575378
3,-72.7917696013291,-73.1879986599771,8.30664961257757,11.6787041704382
4,-72.0773034747535,-72.094790659663,9.7344299506425,11.3665221627927
5,-70.8964875544426,-72.6605001026094,14.1403378902734,13.8848033184975
6,-68.0493977194668,-70.3565976482699,16.4830932044752,17.660154676903
7,-68.7717467686942,-69.0005545944676,21.7975119108151,22.5198125773153
8,-66.8839071731425,-66.7300814517203,24.8400360378615,25.6231948037841
9,-64.5304396806409,-64.4770498121284,27.2272177746566,27.2461523536494
10,-63.3477634559568,-63.1479376082011,28.7430713502892,31.451535851955
11,-62.2548576414275,-62.2487039498372,29.529158251682,31.2961969215742
12,-59.369868626841,-60.6813295487665,30.7966101586792,33.2825361463924
13,-57.6735963722356,-57.4234069245858,31.4879746212256,32.9571138120426
14,-55.8062471527941,-56.4194213455407,33.6823104982158,34.1841270468175
15,-52.5455115353635,-53.6768837716317,34.897990938468,33.8679641953715
16,-52.9093054482328,-52.5620729155003,37.9265266515016,35.7758118551206
17,-50.8540675726827,-49.1395828968082,40.5129047187698,37.243517318155
18,-47.9938010479391,-47.7388768176953,44.0310430823807,38.9805264395228
19,-46.7580100742007,-46.1313713063577,46.5298843872846,40.4499073387508
20,-43.0395318170792,-42.9296919740763,47.5039827126396,41.2650469753286
21,-40.6366143223083,-39.6103326142591,48.5061109373693,43.5608875256343
22,-38.6109937985472,-36.4384333292379,49.3713611366586,42.399054247506
23,-35.2792694116206,-34.5818342715613,50.8923918074314,43.2074488327821
24,-32.9310445628849,-32.6145448040376,50.9410983265045,42.703215612376
25,-31.9333831524071,-30.5568386271923,52.4315360840115,42.6066345969406
26,-28.4472843118581,-28.3599656105152,54.341318775772,41.9425079676547
27,-25.9414024906114,-24.7308453697372,54.2479614443774,41.5641645305238
28,-20.5777752996324,-20.9153547560074,54.1275592693172,41.4971574102765
29,-19.7315948915911,-18.5035971797462,54.0350060624609,39.6848282407463
30,-17.3494623183446,-14.0558073038775,52.8008979803569,38.1279255687317
31,-15.2753593053295,-10.8443797509597,51.0686798287085,35.7358543604098
32,-11.4458911668968,-7.27196434939337,48.9013115818879,33.9470193868948
33,-8.11293480253766,-7.02670528168824,45.8991372462598,30.4093855338434
34,-5.80931675930462,-0.872824771418929,42.5624300520103,28.012041124364
35,-0.442115965429143,0.195516365555165,38.4674057007252,25.4593666503429
36,2.83152603216203,5.33308089029375,33.8012722483474,23.404623763256
37,7.09918279061664,8.6708025264615,29.6393444102499,21.5734979893478
38,8.48856710480296,12.8284277152363,25.9542912852341,19.5578079146159
39,10.5838879089031,14.2456307086413,21.699507511059,16.5721572108917
40,15.6005943518604,17.9178238636044,18.8608132841128,13.7570749538399
41,17.2247720783045,20.678887496313,16.8656516909368,11.256926650767
42,20.2670748320088,22.532105231915,13.1718197930672,9.26628270838838
43,23.4209042964146,24.9425062446638,10.5073712978546,6.97945055355545
44,24.6920941780906,27.8270167813938,6.92783128028409,5.88801305061981
45,27.4550529248868,29.1327206991765,4.07341427958594,2.96709000464914
46,27.0203758069516,32.1992774762552,1.78457960177379,2.78655249305882
47,29.8029159424826,34.6595759207991,1.9594812355534,1.82270217962485
48,32.4220008737719,37.8109760647893,1.27123142228275,0.861849031955631
49,33.8129847598316,37.9633559002265,-0.232246038103951,0.684479687686877
50,36.551863151566,41.0867888870613,-0.266191851028671,-0.201973354818615
51,38.4147877665952,41.0631951310643,-1.67102731969824,-2.08767311338463
52,39.3689066997825,39.8219108783037,-0.647395742715904,-0.988951733962486
53,37.8994706139124,41.1167300114842,-1.48146072317267,-0.116381809629574
54,40.0723672243083,41.4979027035031,-0.597010458070382,-0.501490431426493
55,38.7698146110794,41.8290018072439,-1.36372925594836,-0.417026464662028
56,34.9544316323334,38.8331308203301,-1.27085333725093,-0.368545066835022
57,34.0347999308872,35.7338054281891,-0.896328493744278,-0.438353509625283
58,30.0645970144462,38.0321052817033,-1.68699823845529,-1.12719735046126
59,28.1185084130845,32.5497616626998,-1.61552973095163,-1.03090055659382
60,25.9483086263289,30.4339849416102,-1.50827843839707,-0.247831498702758
61,24.3068556369864,32.1871609203886,-1.63286187350479,0.329546682398017
62,20.8819365724614,28.4068928719136,-2.81175438486554,-0.102513425132648
63,20.2707828766057,27.9156777938742,-1.78690978086244,-1.87868047081074
64,19.9144694793429,23.9115891122412,-1.58797458351019,-0.738898929202179
65,18.1989689003481,20.5613444832735,-2.51842401896717,-1.60934930878238
66,13.6798681018481,18.3773139066604,-1.99744488290206,-1.05510101721231
67,11.7189109177104,14.847591789735,-2.39977736677318,-1.53321037911005
68,9.58545531417909,15.6290370875113,-1.99352437049422,-2.07072916151083
69,5.36428662298005,9.43857041561598,-2.16537279443108,-1.91586695487696
70,4.83638894403532,8.03663075097256,-2.10791188702314,-1.29354729511834
71,3.05681659774211,5.48527622172989,-2.00828472758593,-1.49137896806446
72,-3.10037114956069,2.63158197120174,-0.753471159110857,-1.13380507808447
73,-3.94157909526635,-1.78510507107655,-1.76515051085237,-1.42257471138397
74,-9.58891595033233,-5.10358060245405,-0.712034894954334,-1.83830545846563
75,-12.4189914041492,-8.51173255588769,-1.84897327125012,-0.227093586910018
76,-14.1513280454663,-12.6333258097741,-0.380310371826495,-1.32015770749541
77,-17.8347066582125,-15.1753216519804,-0.525105173843276,0.120457713304371
78,-21.9860288662258,-18.3096421937051,-0.531132394428112,1.11011048304594
79,-25.2628706437603,-21.7731517077658,-0.556908289486487,0.825300506121438
80,-26.4659704801009,-26.8037853917829,-2.11750825348141,0.58849167578897
81,-32.5564582035249,-27.570538340452,-0.0890403271306116,0.804216740839905
82,-34.4922617353509,-31.3849367514717,0.385967696568804,0.376307998506321
83,-37.7932777742929,-35.3702382950947,-0.0932830437297,1.11210279018186
84,-39.4744744358731,-38.5264884934552,0.258355864060488,1.12135602433826
85,-42.7857671239597,-43.4322789740453,0.635430976592175,1.51900047568406
86,-45.8072805470656,-44.5895828483012,1.29100721091027,1.71400007431737
87,-49.249148447296,-47.5998902375284,0.657688989652565,1.51036453618853
88,-50.6673449066774,-51.5694152496844,1.38708972264797,2.235789102371
89,-53.1368069700723,-53.8464203809139,0.774377173630037,1.86204983736726
90,-59.4082699295011,-59.592228601105,2.28622767599535,1.95444850015324
91,-61.6724289082491,-60.1060098703692,3.53897107158902,3.35966230980012
92,-64.9889829714691,-65.0871847553558,3.48155532548593,3.63856974449643
93,-66.0512366309343,-64.9217246156402,3.77501395460209,5.5419724701772
94,-67.6688268553855,-69.3232761280736,5.43983357717386,5.9938163291083
95,-70.4551735170056,-70.3070753909732,6.09160094232023,6.08840000599908
96,-73.9122283431373,-73.2654339253635,6.04803280223439,6.61797391425265
97,-74.3679223509497,-74.3802146328105,7.12742695968826,6.88486332390092
98,-76.0162830347348,-77.0103515342575,7.12270856670545,6.34809456316793
99,-76.1746120540601,-75.9620635319789,7.63167341022432,7.8260133508939
0,-70.5072509803559,-75.8846830417634,6.3978135379173,7.10537537516084
1,-68.7569983733565,-74.3105217965513,3.80890436874118,5.44925856686928
2,-69.109976308503,-78.0881506657845,5.28164645768094,5.01396621315831
3,-66.3231989787689,-73.9366508407374,5.92563790131201,3.76908917110499
4,-62.6820365993168,-72.3715564840213,6.61876670246003,5.08487449463149
5,-63.6342089840381,-72.2181733000315,8.76270505232181,5.61172255784224
6,-60.6830853497507,-71.9218398379099,13.1999898108336,7.85606138354837
7,-57.9648281103415,-69.4938615047447,15.9993250824327,10.7841506089
8,-57.2582861660415,-65.6465562718501,16.8085453056888,14.4142363672491
9,-53.3121330837638,-65.0048970486882,16.2684032016873,18.7270829308338
10,-54.249987277262,-66.7403197598766,17.5871731298475,20.8543172797056
11,-53.8961047689363,-63.7476099919326,18.4975655318473,23.9424034926729
12,-51.3182294969336,-60.1228852127975,19.8923139967493,25.5786248817288
13,-49.0303610082054,-57.8559893031469,21.9066658106336,26.7486354223302
14,-46.234703959967,-58.5576812834293,24.4047970039985,30.0973945533961
15,-44.280311583959,-53.9988802707191,26.2433847503528,32.8140525004095
16,-44.2815183513771,-54.4871737050428,30.1400466400525,36.3910282727029
17,-41.0359292647536,-53.527524964793,32.1747303686339,40.115653550741
18,-36.814912719699,-51.1704474314632,35.2183175605942,42.7860675334847
19,-36.9270023533697,-48.9753329203139,39.1142182578411,46.1756745885911
20,-34.1801624056194,-46.5672386582509,40.6776788760167,48.6793295544261
21,-32.0789005909147,-43.7845133826632,43.390129382681,51.4489236406753
22,-29.6216590497856,-39.9828744640523,45.1054190319485,52.1455572675497
23,-25.8025520392611,-39.1193914997732,45.7675922477005,53.9033343053274
24,-24.9572680935842,-35.9479134837142,47.6565416670132,54.8659750523955
25,-23.2648990199006,-33.8900316206552,48.6796949853974,55.9123699959244
26,-22.6065410887588,-30.1792274212655,47.1398836469114,55.4881377438241
27,-17.0068700073673,-30.147521968821,46.5185369861923,53.5715642793917
28,-17.0430429289933,-26.11512585505,44.7595409905189,52.0031314237335
29,-13.6969060349902,-23.5848653235449,42.5526997161999,49.8429607506847
30,-9.36253301001359,-21.2906120769471,40.9438021554913,47.5880211458878
31,-6.62109314116739,-14.5951850789862,37.2506250494583,44.0019943771612
32,-3.45731779648156,-10.9115922767913,35.6980389097624,41.4888314849882
33,-2.07810815871836,-9.1253578018808,32.0477376183991,38.9274373296156
34,1.56593365365955,-6.30078377475067,29.9114072351865,36.3274471150527
35,4.90011191690142,-2.57020047186051,28.0988143130545,32.7744693779408
36,7.74066142884324,0.816763895331373,26.8100780285147,30.5001497652123
37,12.50357065766,3.49507688206396,24.4276193973168,28.1851231226239
38,17.0197171924842,6.42839519883668,24.077541330405,26.5820658145409
39,17.8875456827561,9.20122662311624,20.8442306630768,24.1208741188581
40,21.0988861548613,11.9263898256111,18.9809833163041,21.5646007810807
41,23.7505831684437,16.5904014814296,16.6529706682535,18.7730291258278
42,24.9013798535519,18.5430531718273,13.781006563997,16.1683396089899
43,27.4625136749308,20.9687646970833,11.4834952686616,13.2501860981971
44,29.8197828019946,23.5284915445632,7.88021026401704,11.4794944024355
45,32.8475884295096,26.6046882469315,5.19427143816907,8.29691261585625
46,34.1267785337977,29.1336951276635,3.35974353152785,6.2142662674837
47,36.1221449257208,30.8115083806614,1.30865272903741,3.16585232286192
48,38.390877987618,32.5713377451346,0.408386496445709,0.861493425125467
49,37.2287234947012,35.7305035484388,0.447394177320643,0.693520004252562
50,40.6379425311513,38.2936953801141,-1.91670508343494,-0.173221651248727
51,41.3584667013179,39.2596992072482,-1.20799258138735,-1.16254667745633
52,43.4836511732406,38.9501327040174,-2.800711046128,-2.46568783053383
53,42.519216295464,38.9383169176805,-3.41908297269351,-4.41289143229274
54,42.9622078577247,39.8710593603689,-4.79053451098777,-4.68913584340581
55,41.7087320508999,38.0495166578832,-4.57223698794128,-5.15763635453865
56,45.6339913398317,41.4422586933569,-4.2625301092458,-6.02556020776917
57,42.2103939056278,41.4136769671653,-4.81604962259969,-4.57958804662691
58,43.0874131645387,40.4554068950604,-4.3509025261974,-4.64782500573459
59,40.6272370150834,39.7744157202266,-4.62095591444912,-2.95849763142845
60,38.0395901994835,39.030095719101,-3.08219521891264,-3.14347250830459
61,34.4461059407426,38.2192576470175,-3.91770974892601,-2.62988736457592
62,34.9705441713576,33.7993128800901,-4.37913600632089,-2.18656377364916
63,32.9953959003616,34.5477355398251,-4.23462375786432,-3.28778350042151
64,30.5334570636108,30.2996817414945,-2.87726871477973,-3.27511660354851
65,27.0096820987252,29.9711995405123,-2.54819777914965,-3.58126511613733
66,24.5726700555352,25.1186747274862,-3.10752718635476,-3.62917056906346
67,20.5837030437464,22.6873495229927,-3.42485244942245,-3.10788884795867
68,18.8572852826163,19.5394654827684,-1.75370993391521,-3.10199722058193
69,13.6167419699188,15.9275504524311,-1.42766106684208,-3.70392121848524
70,12.2919422534097,13.9690191815997,-2.04112724026962,-3.29045031940749
71,9.02740422510827,11.3155596496031,-2.59898853859874,-2.70744166264276
72,4.59385688728314,5.80565652828704,-3.09792528345968,-3.63709746098347
73,3.22587821005678,2.8014722338727,-2.15669449099863,-2.97032070068057
74,-1.88783265257872,1.05599546590952,-2.17873407405632,-1.95678153522115
75,-1.87200912425979,-1.71734069425555,-1.35481040388235,-1.69622304772558
76,-5.39452164933918,-5.88564518033674,-2.13909370460066,-3.12310506107873
77,-8.38699479497795,-8.19586631001804,-1.82788309277183,-0.643518491004097
78,-14.9523227520096,-12.9101683851947,-2.682416953509,-2.18200242834839
79,-13.7736372173945,-15.8331529882457,-2.40928719318012,-1.4475581068302
80,-18.174424019909,-19.7115491898276,-3.02593629390347,-3.03012425788044
81,-22.2663006155196,-23.1533817613915,-3.29279167991284,-1.73722940241397
82,-25.2931426386178,-27.8816457307802,-2.06947095338581,-1.8396324465357
83,-27.6941122697532,-30.879288705148,-1.74451110689679,-1.53578250232928
84,-34.0806032183848,-35.0295136298125,-1.90138712533434,-0.454118037957024
85,-35.4908375365559,-40.5003901493741,-0.409725535246348,0.270392083022342
86,-42.1234750148251,-42.906651927141,-1.010611798265,0.612170811233707
87,-43.9498570886581,-47.4344222333661,-0.0357994683780371,0.869973798269541
88,-48.3371733331243,-49.5248470987482,0.616055966143719,0.568361784141759
89,-50.2334516480725,-55.7570481063202,1.09629115202715,1.07697074688669
90,-52.2605223137381,-59.0509806762545,1.16644096523991,2.39405112814917
91,-57.0667735036454,-59.9167150876126,2.15268418544456,2.67050388484448
92,-60.9966118670323,-63.005318040868,3.6805450262862,3.4873263129622
93,-62.725292301634,-65.4690201177001,2.79879933297703,3.97490513443839
94,-65.5242024267793,-72.0153270313546,1.87715442708881,4.53321868888311
95,-65.6010292332255,-72.495619556748,4.39292928766313,6.06905702472218
96,-67.4874840426709,-70.8056935859884,4.77103603624629,6.49100016983575
97,-68.5124870952301,-74.8744175057515,5.98405359561871,6.78973220144347
98,-72.8434483153549,-75.873281734293,5.86856668464688,7.03318028744147
99,-70.2954468875626,-75.5646263733945,7.34640416625088,5.32571525298584
0,-72.5391476352465,-78.1824995146263,7.50601191123988,9.26842717872093
1.02040816326531,-71.630686177499,-76.7473836679095,7.66430014077874,9.10247805891565
2.04081632653061,-70.1275795788613,-76.5783444985773,7.6829774197932,9.81498786414641
3.06122448979592,-69.4571121087343,-72.1481892763951,9.87137340682231,11.5276700895997
4.08163265306122,-68.2114192601678,-73.7165782758941,12.2073480665035,14.6174928296307
5.10204081632653,-65.8439722037883,-71.2876199700704,13.8269501739001,18.7512213189471
6.12244897959184,-64.686976125679,-69.0220993166802,16.7259135578059,24.8004543816277
7.14285714285714,-63.0642014278851,-68.5539779785666,22.3685062348388,28.391535100836
8.16326530612245,-62.1644051329767,-65.2050845003702,27.9856970593744,33.3033953826805
9.18367346938776,-58.4565622191862,-61.4905612913006,32.6486417474192,31.9043582227257
10.2040816326531,-58.1098467863791,-61.0976425201489,34.1198004875434,30.0197655825075
11.2244897959184,-54.6198562288549,-59.7681480550693,36.6161460478207,27.1806019179762
12.2448979591837,-53.5877516216188,-59.6632246995584,37.0944282972249,25.669917274834
13.265306122449,-52.7254471758597,-55.5554562578858,39.2809963261298,24.4508759432561
14.2857142857143,-47.1181504005049,-51.8815171486388,39.9174332563759,24.4149817996856
15.3061224489796,-46.6993078605922,-50.5366259453874,40.1919400877784,26.7970453344156
16.3265306122449,-45.4271365426052,-49.3662551785784,42.3802595638418,29.8552980528227
17.3469387755102,-44.7784213007087,-48.7950246401733,42.3766195663026,31.2477411272381
18.3673469387755,-39.5027818817636,-44.4089609176528,43.9963252396053,33.7545217050083
19.3877551020408,-37.7152545959905,-41.9094174223469,45.6471495056475,34.3840687154305
20.4081632653061,-34.4597667348287,-40.4802528738466,44.3465721515052,36.5672071659433
21.4285714285714,-32.033180191637,-35.9827283956989,43.5298947932429,36.7961072595305
22.4489795918367,-28.5776184801125,-33.9038625803677,41.3824175655018,37.6427398402811
23.469387755102,-27.7394815107284,-30.0097428981842,40.4038656492621,40.9841214591725
24.4897959183673,-26.0849033669347,-28.5115564107177,40.4709497883729,42.530756207056
25.5102040816327,-22.2543387496073,-26.2340358743365,39.5410041526162,43.5937410285854
26.530612244898,-18.9888949711897,-22.2855711743619,38.74171734764,44.3839195137931
27.5510204081633,-18.8533266179139,-18.8062662297231,38.5620261100261,45.4143071855803
28.5714285714286,-14.7363818788428,-18.2890729091636,36.6608660100871,43.2931085005148
29.5918367346939,-12.2435598699786,-12.8919765340243,35.97047759952,41.7711764442921
30.6122448979592,-9.6426135660536,-8.218120171835,33.0116483042032,38.3892819479892
31.6326530612245,-8.13229023854105,-5.11455547111551,31.2357430824811,35.5408274145396
32.6530612244898,-1.49680397518663,-1.28631393944779,30.704516598936,32.3183544830859
33.6734693877551,2.20614555628676,1.80885062448876,27.5931141774342,28.3233516788453
34.6938775510204,4.7008354058108,4.35511488066247,26.5546392486505,26.2742464846715
35.7142857142857,7.66461003057309,9.69413576618548,25.4443283162538,23.7005620927974
36.734693877551,9.28125304284778,11.4812150191657,24.4730604518796,21.6497152466416
37.7551020408163,14.4822326460851,11.9595118606116,24.0927290602353,21.9591398679366
38.7755102040816,17.5288930862282,17.1021939524812,21.4031929216211,19.0478213320519
39.7959183673469,19.9441101470877,21.1702054225552,18.1097901612006,15.3634699117829
40.8163265306122,23.9679851981029,23.187158405773,17.909972325758,14.2038376507156
41.8367346938776,28.0825508440674,25.9997117758699,14.2941698991969,13.5699901880919
42.8571428571429,30.1319206617393,29.3673342812601,11.5834422907222,11.0036349420921
43.8775510204082,30.5828184475339,33.5820827866089,7.91889675665707,8.70963889370147
44.8979591836735,33.8543316190587,36.1611586189346,5.95379463705312,6.96215534588712
45.9183673469388,34.4710597321502,35.0825683855866,1.52964049087156,4.30460132447209
46.9387755102041,35.445269309118,37.362208571876,0.134288893146645,1.7201828139823
47.9591836734694,39.7479311285645,41.1696444460819,-1.3401481751636,-0.170024900151486
48.9795918367347,40.017425863649,40.3890481358529,-3.79565218401158,-0.834629017717909
50,41.3316594249365,43.4565579657829,-2.92166854369881,-1.40735352741499
51.0204081632653,40.7449284002083,42.0360087356605,-3.21820701741113,-1.96101964490786
52.0408163265306,40.5894237945882,43.6505381828485,-3.4014729155946,-1.50361004292871
53.0612244897959,40.8461488914253,43.9687206711097,-2.94379128435188,-0.637118024359673
54.0816326530612,38.8111752607693,43.3893229775778,-1.9118694565344,-0.845083137082747
55.1020408163265,39.7183118985864,41.939560606551,-2.42158569062493,0.865960309771481
56.1224489795918,38.4162148801701,38.9501014243996,-1.18111305796458,0.0986317782035084
57.1428571428571,37.0299695716307,37.933177653415,-2.76759513328213,-0.681043707522133
58.1632653061224,35.1054345947253,37.7829149256433,-2.10096979190687,-0.554821582115081
59.1836734693878,33.5989406598787,34.8690701103522,-2.57269560257145,-1.73080089512057
60.2040816326531,30.6761416615003,32.4009331385406,-2.68066536245903,-1.02536718717055
61.2244897959184,28.9107106534312,30.9897417591098,-1.89795667411127,-0.857203387785734
62.2448979591837,25.5298839109239,29.176438126274,-2.414811252381,-1.23610040765716
63.265306122449,24.2618092979561,28.7384592270702,-2.19075098057806,-0.384296627464896
64.2857142857143,22.7046144669074,26.4048895534374,-1.27171789119286,-0.163817865493317
65.3061224489796,18.1732257807985,21.9534393941786,-1.103050601678,-0.742691032214863
66.3265306122449,16.4218854054166,20.4687893132076,-2.08382027249211,-0.481681615108175
67.3469387755102,13.0643473462762,16.715098016215,-1.54144985682292,-1.16623712566101
68.3673469387755,10.1033008431976,14.071724249465,-1.18775767148292,-0.350283640309209
69.3877551020408,6.08337317711266,8.85173560831334,-2.18580802039005,0.0300325757921397
70.4081632653061,3.84361284019791,8.32097658900812,-1.47392568775017,-0.770252435657537
71.4285714285714,-0.606144093265955,3.786525458665,-2.08700978739561,0.13896835831683
72.4489795918367,-0.706141660159291,2.05086342733625,-1.83397331275893,-0.400671737445738
73.469387755102,-4.14824943003296,-0.612750138833507,-2.25618787227004,-0.13630907930808
74.4897959183673,-5.15193832945059,-2.6357834137612,-2.10985214259114,1.12940998179178
75.5102040816327,-9.83506658856046,-8.20899064791814,-1.78764181170457,0.303656555792205
76.530612244898,-13.371525565988,-11.3314163753028,-2.02259321682916,0.055269552502983
77.5510204081633,-16.6990921278505,-15.1658968611168,-1.58903265230498,0.303747356323963
78.5714285714286,-21.0534312086915,-16.6303702177283,-1.20489783239403,0.953213119834383
79.5918367346939,-22.8642666587664,-21.8790807762697,-0.84411226274619,0.830949512405713
80.6122448979592,-25.2915482197749,-24.6200221245928,-0.545599663353777,0.365528469163478
81.6326530612245,-30.1307737499872,-29.5763769905465,-0.416445368022164,0.208165395597863
82.6530612244898,-31.2884344694189,-31.2264861504561,-2.41204778086256,0.348952316767172
83.6734693877551,-34.9384303374265,-35.2180512048466,-2.57624769294943,1.13195595321614
84.6938775510204,-40.2505340694593,-40.0533420772218,-0.772376884706897,2.18053203930807
85.7142857142857,-41.4731428370045,-42.8141936323577,0.13239152276631,1.81848079210556
86.734693877551,-47.1778995662655,-46.8741652113231,0.247676970638179,2.15216992641745
87.7551020408163,-48.3270780910634,-51.651245240114,0.987699745290015,2.30261368202127
88.7755102040816,-52.5534760208338,-53.8308992548842,1.15958498991205,2.04178871817807
89.7959183673469,-55.0925767430047,-57.9657926433606,1.59840863226695,3.6076560100276
90.8163265306122,-58.1132839611126,-59.8344828843576,1.04941755527238,3.88589264079086
91.8367346938776,-59.4689952963081,-63.1872564824518,0.679424056975787,3.94763943557422
92.8571428571429,-64.4806230283714,-66.1302808255468,2.16569547284923,3.24530575626175
93.8775510204082,-65.324952213116,-67.1889301050851,2.02014107868653,3.83145212150795
94.8979591836735,-69.4011167461976,-71.01604195921,1.89196032088707,5.46214052656581
95.9183673469388,-69.4323515821595,-71.5994137054522,2.06248304972636,6.2241999761722
96.9387755102041,-70.1190725189277,-75.5368993898013,2.9870343779134,7.33625876353901
97.9591836734694,-73.1030106304329,-73.601185566594,5.55811953425819,8.13425799806144
98.9795918367347,-72.4194861424833,-78.551739682078,6.2561839922542,7.93134546475357
0,-75.5287180609369,-80.4795546124301,9.3803682107775,10.1144168989481
1.01010101010101,-75.3966731922231,-81.4449002219694,9.06375045852401,8.79120135912234
2.02020202020202,-75.8414292108872,-79.2548565031414,9.59163393769142,9.88697779976208
3.03030303030303,-72.627382391468,-77.7098963450581,9.73539352408481,11.6947464912262
4.04040404040404,-71.7695746998667,-76.7556034875945,10.8184648528104,13.7361785803093
5.05050505050505,-68.8155092851535,-73.9154432087114,15.4327556235148,17.1932490084874
6.06060606060606,-67.1310946223066,-72.3635998058114,23.1843629834615,22.0436188027812
7.07070707070707,-66.3364983300036,-71.7449711089425,27.7729055204858,26.1552033210034
8.08080808080808,-65.4740844733424,-70.6564609579562,31.8009320323436,29.1691009015557
9.09090909090909,-65.6828318998201,-67.8775840479783,35.6583626992843,32.6555792354185
10.1010101010101,-61.1297803003052,-67.0326551533332,36.9435459647714,35.7420678462737
11.1111111111111,-61.7836566395848,-65.4678420065975,39.6711537031805,36.8260469487506
12.1212121212121,-60.2666710040811,-64.3350723460785,40.8877385463365,38.8836144034603
13.1313131313131,-57.9590773434145,-61.6601262476649,45.0324009606456,39.3022536754587
14.1414141414141,-55.0813005680223,-59.0111079293292,46.6067401528386,41.0565566620444
15.1515151515152,-52.2374499896975,-57.3697867184846,47.6505226880009,42.8593677767029
16.1616161616162,-51.6185492307508,-54.5240138229083,50.514457090527,44.9671720378999
17.1717171717172,-50.3871351207255,-54.0881038497797,50.4095201742586,46.6704951777892
18.1818181818182,-46.3046172515676,-51.6595689235739,53.2047437618285,47.1991108391544
19.1919191919192,-45.4950889857667,-49.4662769142887,52.8833595328274,47.6309844501936
20.2020202020202,-40.4436314652266,-46.8266126555324,53.1357263758875,47.3933475394325
21.2121212121212,-40.1699169635631,-45.3755334814847,51.7331968004379,47.4899893247473
22.2222222222222,-37.9737639790475,-42.2303477692474,51.1071106291091,47.8168755296319
23.2323232323232,-34.2408037423374,-42.0064451809681,50.9027073977876,46.9144479952679
24.2424242424242,-31.7225593418926,-40.7475432997028,49.3173922927517,45.7822271391495
25.2525252525253,-30.270396084928,-37.1385517793867,48.6090484074833,44.6193542090978
26.2626262626263,-28.4789453097277,-34.8396274722453,47.430346803806,42.9379321905757
27.2727272727273,-23.488917806063,-29.7485268764865,46.8980328278101,41.357742197933
28.2828282828283,-21.3714596244225,-25.5021810744809,44.2010576502822,38.4422666541236
29.2929292929293,-16.0068661969344,-23.7613531525464,42.251515422696,37.6357469035048
30.3030303030303,-12.9969028900717,-22.9486975208128,40.4129568335679,34.9325827626018
31.3131313131313,-12.4446016335156,-18.6915935070548,39.7365510202719,32.2989782880456
32.3232323232323,-8.28735019541813,-17.1282803278718,37.8633459768649,30.3041366632368
33.3333333333333,-4.81587158096594,-13.7394667177383,35.1152056997699,28.9245032440262
34.3434343434343,-2.94485659405221,-10.3182712074337,33.6878680291115,26.1224260716326
35.3535353535354,-0.98964217627069,-6.43811437731751,30.7410263752035,23.7998191885253
36.3636363636364,4.825539381829,-3.44158870304097,28.7102837903024,21.6347873896939
37.3737373737374,7.4853302004993,-0.166309186165427,29.0782422929226,19.7742603812986
38.3838383838384,12.4461459722575,3.85967146368068,26.2726860484191,19.162500410105
39.3939393939394,16.0296840644344,6.29865958716299,24.3602915393642,18.9862687071436
40.4040404040404,18.6190742194192,11.477973951902,23.9698001345181,17.7529554772722
41.4141414141414,24.6746178211842,13.5311637205158,21.4043511260993,16.1242479830103
42.4242424242424,22.2229184444065,18.6921811333853,19.5805259812747,13.8789687509872
43.4343434343434,25.7750579775292,21.6072557944692,17.6861386038454,12.781934812288
44.4444444444444,28.5811759913848,24.7041409074442,15.0319227774923,9.15943100505037
45.4545454545455,32.2573505751993,25.2595495289937,12.2355497771064,6.79958165757232
46.4646464646465,33.7422637433675,27.6013621858808,8.4173206623008,5.17347957270509
47.4747474747475,34.0035002145078,31.0352717894781,5.44040917479714,3.1389651261379
48.4848484848485,37.2873047167675,32.8157424776556,3.58404993950094,0.255015380675555
49.4949494949495,40.1889474600849,36.8954856982026,2.59672793145184,0.606365869891316
50.5050505050505,41.307195142934,35.0796167289416,0.344070671252789,-1.33272494864103
51.5151515151515,43.8843395001568,37.0714237215431,-0.643752591878222,-2.69192814878708
52.5252525252525,42.8116493814874,38.2887196634133,-0.793045177912154,-2.57136288094383
53.5353535353535,40.0421067696191,36.9575927283899,-0.394625072546763,-3.38366920194856
54.5454545454545,42.5613036285095,39.5136496032591,1.25384563875802,-2.26759519502067
55.5555555555556,41.0184683189007,42.8132538430603,0.0326117797269374,-1.51648260027266
56.5656565656566,41.5845104532159,40.4455779420415,0.0570273821785139,-1.30036815142906
57.5757575757576,43.0162996493635,41.2539960490104,-1.03759932938984,-1.50799328722194
58.5858585858586,41.2551207228851,40.9248950952653,-0.54603775568037,-1.79804765061027
59.5959595959596,39.2707419215394,39.9197536254774,0.264625212313497,-0.977966936700857
60.6060606060606,38.1087030249606,38.3328489391147,-0.237433636462662,-1.55825341629388
61.6161616161616,33.782813424594,35.4380050369789,0.376103591148055,-1.38700519680801
62.6262626262626,32.2502990457353,34.3679369683631,-0.242917602648603,-1.23287059803766
63.6363636363636,28.9796791838698,30.2299275734818,-0.494996749595631,-1.87695626526521
64.6464646464647,25.5910397347957,26.8989450876401,-0.222446393539807,-2.28630369367784
65.6565656565657,23.0279852965667,25.5395274743636,-1.74587462196571,-2.32205412731922
66.6666666666667,20.2550332469989,24.1004180938225,-0.429765766824838,-1.16097725289795
67.6767676767677,19.554327802538,21.7494244452878,-1.6033989365583,-2.30254018994224
68.6868686868687,13.7701470747907,17.706526579839,-1.19713827118444,-0.839148573524868
69.6969696969697,11.6387309215967,14.9837118853153,-2.49091175663822,-1.12547855816909
70.7070707070707,7.19125982611809,10.6061585394715,-1.36466088107746,-2.51693920114639
71.7171717171717,3.20228220522932,4.94545895791952,-1.23323473982385,-1.02141970023808
72.7272727272727,-1.26065971585452,2.26291388919234,-1.4779457211539,-1.06779993417284
73.7373737373737,-4.28939649989013,1.19166587321815,-2.10824382079234,-0.957873125534257
74.7474747474748,-8.22567349277119,-5.76646211436125,-1.59360333102153,-0.583615329848472
75.7575757575758,-13.7446952814483,-8.77119480178921,-1.28694866886373,-0.0583960318747702
76.7676767676768,-16.7786942675924,-11.8472387120101,-0.774970199314025,-0.951322099157145
77.7777777777778,-17.5185596446989,-15.055539503852,0.22717671930029,-0.303570336005442
78.7878787878788,-23.0086509070859,-17.7827097277644,-0.64789498395794,0.144555013177554
79.7979797979798,-25.3259690995076,-20.186108189672,0.233159351450624,1.32570358819647
80.8080808080808,-27.7670140643348,-25.0999181112596,0.0886101113103381,-0.824518512749925
81.8181818181818,-29.5684825748284,-28.8757815858669,0.819260470948044,0.708941384156313
82.8282828282828,-34.1397727267228,-34.0407728273181,1.09137951866776,1.03858479737945
83.8383838383838,-37.2066945382257,-36.5692748929316,0.0881450346700539,0.492759452998774
84.8484848484849,-40.6551321098538,-38.3156577595564,-0.673290522956278,0.801743791803541
85.8585858585859,-41.9109622142573,-42.5702277922382,-0.689183024564189,0.212664744094609
86.8686868686869,-45.3196512632274,-47.2408575199476,0.385407836014291,-0.597387669985173
87.8787878787879,-49.512971867009,-49.3222325384888,-0.0494751383443151,0.146780124744737
88.8888888888889,-50.496753951703,-55.4297204757137,-0.0279781507704916,-0.540122999128156
89.8989898989899,-53.8329746132362,-57.7975099736988,2.28183067135279,-0.0150894297743004
90.9090909090909,-58.2576631561693,-59.1851478315427,1.83678857639477,1.88679112805548
91.9191919191919,-59.1819461740474,-63.7283168339407,1.15216091331037,2.72513482384878
92.9292929292929,-63.9784581071817,-69.8157744441948,2.6109014894235,5.632531034204
93.939393939394,-65.6258503245666,-71.5176621832642,3.59930943731352,5.20818640777736
94.949494949495,-66.7032515510601,-73.427485170146,4.64228546800112,7.26009850109668
95.959595959596,-69.359844414296,-73.6224412835976,6.85791835594988,8.26836107990569
96.969696969697,-70.7289439756076,-74.5169791118522,7.89040211668298,7.02906447932602
97.979797979798,-71.8981738973877,-76.2123949450633,9.77946436948111,7.75331958832543
98.989898989899,-72.179426173494,-76.8965123058498,8.63598578226532,10.453833533909
0,-75.8170640236994,-76.7486782509899,7.05790368081427,7.89649587407863
1.01010101010101,-73.6700625951681,-74.6036380505719,6.11677185354969,7.42004753551772
2.02020202020202,-74.5752084551648,-75.0698389974399,7.96801352667604,10.6048248753562
3.03030303030303,-73.4284737644636,-74.0470623889658,10.3077824180438,11.7047946594291
4.04040404040404,-71.2986541991518,-70.0275471192811,15.0922321357089,13.5911362244863
5.05050505050505,-67.7827020668055,-72.6536766665882,18.5626716064094,19.5683749088658
6.06060606060606,-65.8792460533229,-67.7863562525979,22.5802259591229,22.5653262258126
7.07070707070707,-64.2776494965124,-67.366980583198,25.6458881843432,25.33932076769
8.08080808080808,-63.8931368073783,-64.4864055923376,28.7050608630797,27.8123904865809
9.09090909090909,-60.626377654974,-64.4527385622441,31.6988397087607,29.9647461410814
10.1010101010101,-60.6535955115809,-63.616224121835,33.4701505349143,32.3100953414453
11.1111111111111,-56.8242631506028,-60.938626693379,35.1810402015246,33.5226086333429
12.1212121212121,-57.1367755992058,-61.1024236788812,37.4506014368158,32.1365522935166
13.1313131313131,-56.2281551432227,-57.5925189074377,37.0954912780965,33.3126668839879
14.1414141414141,-53.2635008295783,-54.5962078745764,39.7048568347595,34.9712520816591
15.1515151515152,-52.2106395905791,-54.6821010091851,40.3989136955735,36.3134051057137
16.1616161616162,-49.6531729966695,-51.9763803582965,39.7494817357957,37.5222123054798
17.1717171717172,-48.0922979597231,-50.5410806459213,41.0945329054155,37.9932100564979
18.1818181818182,-44.84206499565,-44.7015906170997,41.7637880687208,39.5643006650553
19.1919191919192,-43.3088059397865,-44.3285728205062,40.1207732799885,40.7762371271149
20.2020202020202,-41.1890774573067,-41.7080273197372,40.585516925574,41.7132403927929
21.2121212121212,-36.8983866613909,-38.2556909796968,41.2063889990295,42.8552426171908
22.2222222222222,-34.0083968576047,-38.0959915033804,40.2720534286328,44.7167305881384
23.2323232323232,-33.4728019252555,-37.2662758396401,39.9143097125371,45.828401750097
24.2424242424242,-29.6898870504951,-31.4836639959497,39.8876926708684,44.2703214724084
25.2525252525253,-27.9746020130717,-31.6117528772393,40.4183102339652,44.1122630252944
26.2626262626263,-22.5635838446963,-26.9423990690144,40.0728722234398,43.6673586342338
27.2727272727273,-22.7180807638148,-21.0437217617023,38.2973685605917,43.0251678804131
28.2828282828283,-21.1149882172311,-20.8416996056187,37.5503286155463,40.1373213936346
29.2929292929293,-18.6863251461964,-17.53560623938,36.5845673295388,39.8209381662653
30.3030303030303,-14.07609459991,-14.8794871504046,34.1746021187703,37.0051884310938
31.3131313131313,-9.50022064777897,-12.817480164001,32.3538093074652,33.7389141031765
32.3232323232323,-8.75551747491017,-10.3662340593613,29.8370578539796,31.2919780156655
33.3333333333333,-7.75341719989421,-5.43728098934332,28.0270749405782,27.9646133384377
34.3434343434343,-1.77897557506244,-0.365838658284416,26.2417639536898,25.3243638758183
35.3535353535354,0.58414501768867,-1.20388115464614,24.1893546116534,22.9871787127458
36.3636363636364,2.51172921828735,4.77121301613545,21.9743086974388,20.2148563611334
37.3737373737374,4.46376188187119,6.94734342725248,20.4787254111887,19.2684470581401
38.3838383838384,7.84369520048025,12.0220178709277,19.0364742797437,16.8540232724417
39.3939393939394,12.3268448051499,13.7290001532116,16.1303856077242,14.7163169775608
40.4040404040404,17.2397708460949,18.1601180385483,15.3362123285155,13.8121070372613
41.4141414141414,18.1931543195698,20.4468896294911,12.8394531397805,12.2327672186044
42.4242424242424,21.6867319908071,22.9115640844919,9.06241858571679,11.1061400602856
43.4343434343434,24.1315700235957,25.9209959737116,8.27903814433762,9.31077827030145
44.4444444444444,24.2615114391497,26.6725295984236,6.00660459997951,7.47741566530416
45.4545454545455,27.4131194047049,31.8558624992217,5.02786633410953,6.05314372668889
46.4646464646465,31.918211037547,31.4005701397745,3.2225576273978,3.43183374966362
47.4747474747475,31.1640086596731,32.0424504335624,2.90291009748639,1.2146225253846
48.4848484848485,32.7971267333416,33.2882596817966,0.864824885259857,1.41103510485134
49.4949494949495,32.8380222734621,37.2210870270109,1.56392192515405,-0.286662482940156
50.5050505050505,37.0908138361963,36.8596336347638,-1.50356723832182,-1.6485519847662
51.5151515151515,37.742583883715,36.872529694537,-2.49986566974401,-3.26871293969797
52.5252525252525,40.6985511348709,41.7918852353529,-4.53596626380619,-2.55514693346351
53.5353535353535,41.2839410715735,38.3138803827651,-4.78581240837629,-1.11633912449668
54.5454545454545,41.4298360467309,41.2650701219889,-5.03316184332115,-1.86422768121604
55.5555555555556,39.9473508750399,42.0647443077078,-5.31466430789582,-1.01844336949961
56.5656565656566,36.748193320627,38.8263187270686,-4.52213794189959,-1.79780018376854
57.5757575757576,35.7880725244544,37.8609063093446,-3.96221284958902,-1.03650432361291
58.5858585858586,34.3991505405545,34.7967390663022,-2.99887168454164,-0.154295886853542
59.5959595959596,34.5219482643755,33.9049349804213,-2.26870990169686,0.191021712331252
60.6060606060606,28.8110430313656,31.8587981642888,-3.17908321833928,-1.0115799621525
61.6161616161616,28.6330947680003,29.7245578084453,-1.49941373380256,-1.73852549013148
62.6262626262626,25.5809752959943,28.5759356371996,-2.02096425122722,-0.295028877606832
63.6363636363636,20.9866992226475,26.8409383296445,-2.85246004731179,-1.35240939727844
64.6464646464647,16.5689677908083,21.9319950082394,-1.5450091386792,-0.296817928172708
65.6565656565657,13.7226211003835,18.204650980619,-1.37480766902188,-1.69673495557453
66.6666666666667,13.2125438295926,12.1570288193852,-0.137325175192659,-0.961132008109914
67.6767676767677,8.01911714095537,11.8741617584139,-0.809810602104639,-1.81573562960471
68.6868686868687,5.84112740606994,7.90792208052149,-1.38281749998953,-1.54599221242638
69.6969696969697,2.51958407983576,2.64977506337929,-0.00934957246892054,-1.28278273107031
70.7070707070707,1.56499104390161,-0.508151183854966,-0.346911714982336,-1.02043766615772
71.7171717171717,-2.58169251417489,-3.65712111087086,0.351823341786038,0.0776894938896263
72.7272727272727,-6.56770712208323,-7.48248101056346,-0.143867882854483,-0.270970882047539
73.7373737373737,-9.09518511469419,-8.00638460573219,0.128636852112123,-0.210935763169613
74.7474747474748,-10.2715895561873,-11.1856916665652,1.38149593043486,0.12419213216754
75.7575757575758,-14.5312525532158,-14.6328321786954,-0.206592008358663,-1.27197502085231
76.7676767676768,-19.203252822475,-17.6780755591707,1.10860615063125,-0.353377487567336
77.7777777777778,-21.0960695105567,-20.9529036309415,0.582901046757644,-0.345224923101018
78.7878787878788,-25.1421362323143,-24.3830952837324,-0.342353968995418,-0.0920427718860728
79.7979797979798,-26.7505633297248,-26.4603328496278,0.70965853546688,0.484487841056803
80.8080808080808,-28.1170060708096,-29.9655457344901,0.740712918621675,0.271949538764951
81.8181818181818,-32.0474422841609,-34.4729465379301,0.396434719985588,1.02772126247565
82.8282828282828,-36.4294236412389,-37.0479283303433,0.622453715153824,1.31733577832093
83.8383838383838,-39.6915986870744,-40.7464098504401,-0.0549716075038895,1.32945966399765
84.8484848484849,-42.438092392275,-44.1275944599596,0.547031447759864,0.886562400795984
85.8585858585859,-47.3444753453826,-46.7866693117686,0.0453059567150964,0.0501501072173972
86.8686868686869,-49.3370613493135,-47.6159714260621,1.10295444429041,1.17696662172261
87.8787878787879,-52.0572308638443,-52.9698086407204,1.44047930596005,1.51055854504564
88.8888888888889,-57.1807295290444,-56.9133411473956,2.18934948927074,2.80591283114456
89.8989898989899,-58.9474498380327,-56.023052936651,3.0832852113976,2.88453304595034
90.9090909090909,-61.3762004768662,-61.2093088098355,2.60218287033245,2.71870352118725
91.9191919191919,-66.3319255543952,-64.9619653045527,3.48045965914767,3.37401403177774
92.9292929292929,-65.7329459591173,-66.2261240795112,2.96856664115154,2.54686959631473
93.939393939394,-68.5715860118632,-69.5902523200145,4.96618898015826,3.94083559560077
94.949494949495,-69.4788032920312,-72.8846745195955,6.58693047322188,3.25198308375038
95.959595959596,-72.5110555319626,-72.9645175680233,4.64369083249258,5.08496293178413
96.969696969697,-74.6104980078938,-74.5077985618232,6.28483205051557,6.76658790103894
97.979797979798,-76.6291221599649,-76.6841288393121,7.11242921279801,7.17106595815141
98.989898989899,-72.4541142254558,-78.2248368736646,6.60775939080793,8.42825389404586
0,-76.2340400690214,-74.9520258399399,7.69690307543103,9.16926996690849
0.99009900990099,-75.8308572720293,-77.7814485510981,7.65062368658029,9.34359007363684
1.98019801980198,-74.9305717490366,-74.3779784169581,8.85389559262403,9.38677346261222
2.97029702970297,-73.4388012879474,-73.5515819854311,9.68752563924975,11.5622058258945
3.96039603960396,-72.7158497861381,-71.7920740562952,12.127458703614,13.7159462783396
4.95049504950495,-70.6567637090894,-71.4030426459929,15.536571831393,15.927094055522
5.94059405940594,-67.7494207420855,-68.8732850717986,19.691056128215,22.0233052777127
6.93069306930693,-67.0379893126846,-68.1248040435982,24.7169767286869,24.3734870335394
7.92079207920792,-63.7416758112349,-63.41829458964,28.5560360700603,25.1905342470676
8.91089108910891,-61.5098464588403,-64.4980862871699,29.1989705259037,27.634570074684
9.9009900990099,-62.6257874486177,-62.4161489677522,31.6216310737687,30.3287364858825
10.8910891089109,-61.1437097460461,-63.4515243710333,33.5903626201543,30.921297050617
11.8811881188119,-56.1863052111464,-58.4645537016871,34.1238543768225,30.7742070352231
12.8712871287129,-56.7196355310834,-56.4428651237628,36.5263609630888,32.04680987428
13.8613861386139,-54.1678564306609,-54.4161811860012,36.1395649938459,35.0518413622097
14.8514851485149,-51.7117977603471,-50.3338727505092,38.418410489845,35.4491056392392
15.8415841584158,-50.9225146419353,-51.5279625697906,40.8551635831654,37.5345389374179
16.8316831683168,-47.0675192622148,-48.9759187643439,44.0120607266918,39.3764353234521
17.8217821782178,-45.0811377011694,-46.6912126614672,44.9020638430686,40.6612901230706
18.8118811881188,-43.0933792944984,-41.0650817310678,46.7140199226928,41.8293221430654
19.8019801980198,-42.1540063431981,-39.9362160866872,47.2539341909164,41.9203876385303
20.7920792079208,-37.7437301910986,-39.8908749712812,47.9227346811908,41.9932985391054
21.7821782178218,-34.412287988551,-34.769922020774,46.4241618173657,41.7288204594066
22.7722772277228,-33.5433672846397,-35.1581776811952,46.8147098342167,42.9615454359379
23.7623762376238,-32.0020327095145,-31.3442794772444,49.4644856138181,42.2305984126711
24.7524752475248,-27.8623290247208,-25.4230833094627,52.0863425995434,41.5713537981517
25.7425742574257,-24.939424523179,-23.2394211631193,52.1725394432455,40.6704398955959
26.7326732673267,-23.0186749375841,-21.6935903706387,52.9588226709665,39.1453108967333
27.7227722772277,-17.5909674606921,-17.0307929857754,51.9466104256274,38.093796415142
28.7128712871287,-15.0427243250755,-14.2032912930859,51.8771857716827,37.417789715614
29.7029702970297,-13.720998571145,-11.0898047172141,50.9905973014747,37.1117451029369
30.6930693069307,-8.54713265312552,-8.12550931633817,48.8034694955711,34.8454614197081
31.6831683168317,-7.48637660071975,-6.69323101717375,46.3377591708104,31.9596742883097
32.6732673267327,-3.33126171714454,-1.96591910216752,42.23573036898,28.8588050778616
33.6633663366337,-1.00664126851789,-0.656714654935524,39.0072767422275,27.2412594417839
34.6534653465347,4.60800912041935,4.21647597609595,35.0332293840252,23.6146952108561
35.6435643564356,6.21800621689142,4.88762423014074,31.1271651944688,21.9665524274059
36.6336633663366,9.43203528485418,9.1047666030889,26.0025235496264,19.2318858679261
37.6237623762376,13.486100385744,13.1974361585539,22.1869903527689,16.8168684594166
38.6138613861386,14.7941292649279,16.6195076526568,18.8030950558306,14.3707236139067
39.6039603960396,18.3978996582671,17.2958881135846,17.0001187068878,11.2537994541689
40.5940594059406,23.018509956207,19.5577596884195,14.7315550217363,9.29440050707182
41.5841584158416,25.370480997842,22.5945399493916,9.7436065275305,6.4030166493477
42.5742574257426,26.2100064119208,26.478785167818,7.2281732395365,4.16436412153876
43.5643564356436,27.5278680445516,31.6350011217667,4.43394367034384,2.96623476725424
44.5544554455446,29.8847738302096,31.7750361816111,2.56939851240717,2.5466572287434
45.5445544554455,29.0463157925537,33.3870069482009,0.632448053312401,1.74301238820308
46.5346534653465,32.5957889337746,36.4305333321885,1.32585817560592,1.67986181907693
47.5247524752475,35.3070084026122,36.6349443412589,0.000211249149862869,0.372057868562581
48.5148514851485,37.642998364709,37.2078215836096,-0.797433617801071,-0.779986503513555
49.5049504950495,39.5591105491017,38.6480970394131,-2.13732246110808,-0.535366366794992
50.4950495049505,37.5128519871629,38.9267370606218,-0.763373653355206,-0.702694018607062
51.4851485148515,40.0376360109609,41.3494621878848,-0.933371021902057,-0.924605077928509
52.4752475247525,37.5886827374919,42.4897515868252,-1.25806381017494,0.30396848624169
53.4653465346535,38.2778009755364,40.1465415064759,-1.6167858729545,0.32595301354004
54.4554455445545,37.0424085567579,39.3452172873486,-0.655460068307844,-0.449300721944341
55.4455445544554,33.0876595163716,36.199096044798,-0.712550057902281,0.0891566841957316
56.4356435643564,31.170102839526,35.9569627655786,-1.78902701457225,-0.648763873192337
57.4257425742574,28.1219296895593,33.3487683133589,-1.36215491315064,-0.148266779394819
58.4158415841584,27.6883295486378,33.1139267978469,-1.63996620467558,-0.976321153732268
59.4059405940594,25.1688400513778,30.2437430164099,-0.521585570479958,-0.71294218590448
60.3960396039604,23.7170084148688,29.9889313142902,-1.76923361748536,-1.26795277428326
61.3861386138614,21.099728250264,25.7056802032583,-1.79746660976947,-1.02391929883601
62.3762376237624,17.6075641126766,22.1031945837764,-1.94975940727407,-1.93689261544582
63.3663366336634,15.3908608323978,20.6284466765048,-2.2772084544411,-0.860860012771317
64.3564356435644,14.3236751228406,21.205419300802,-2.20061473038397,-1.46577747134758
65.3465346534653,12.349818379901,16.954752458974,-2.77673060371279,-0.994420398277063
66.3366336633663,9.2673059516356,15.7189889195534,-2.43833416561872,-0.937667819934866
67.3267326732673,5.96475174575011,10.3009153978645,-1.54422012718469,-0.947513340649558
68.3168316831683,3.4680202935727,6.94446400553334,-1.19374112967963,-1.754051278639
69.3069306930693,0.737802491739519,4.90804276120507,-2.40082035360004,-1.12003931321138
70.2970297029703,-1.33416252809424,1.41913692794438,-1.84055938938228,-1.6153578969599
71.2871287128713,-3.29462245949295,2.72244563125871,-1.49684502480521,-1.21874907173669
72.2772277227723,-6.03925795898559,-3.01455458205023,-0.910501406517667,-0.0743854154254112
73.2673267326733,-11.426454702427,-5.3819481735831,-0.566211269313011,-0.114984143821312
74.2574257425743,-13.7779402389932,-9.08237689501697,-1.41875606970658,0.536863764857287
75.2475247524752,-16.6105693788151,-10.9815541772454,-0.92161719953067,0.215982637006347
76.2376237623762,-18.039217375759,-13.3024054446739,-1.36425748068933,-0.401481672761907
77.2277227722772,-20.2540690689336,-17.029807656149,-0.390743570690826,-0.506241415417104
78.2178217821782,-24.1932906002443,-18.088422418168,-1.52735561340591,0.00523409790198151
79.2079207920792,-28.5043511848326,-24.2814537648067,-1.74389476303189,0.42809663321834
80.1980198019802,-29.6479169933086,-25.500097755521,-1.76913785005375,1.4240650482206
81.1881188118812,-32.5745154269632,-31.5951895415785,-0.328026894334218,-0.435269567425099
82.1782178217822,-35.7549672653173,-30.6061075467562,-0.168469856095425,1.08007126410788
83.1683168316832,-40.5792650561384,-35.4218954079204,-0.364723848226932,0.986616902747804
84.1584158415842,-40.5518811236192,-40.4205508834051,0.17178711837907,1.11487365131626
85.1485148514851,-45.5282364876348,-43.5407536142624,0.303989495052233,1.7454443048555
86.1386138613861,-48.5080589019897,-45.6964184786743,1.16835628472926,1.20781028788929
87.1287128712871,-50.687401152753,-48.6735991986687,1.25754080303497,0.68275391657424
88.1188118811881,-54.7234350513031,-51.3127362836622,2.35201303322978,1.76031745800519
89.1089108910891,-55.058467309217,-52.637643377681,2.63624563542135,2.23351549159171
90.0990099009901,-62.0978279386556,-57.7060999031704,3.42794077471116,2.82308985173218
91.0891089108911,-63.1552869302245,-60.4004773606591,3.80001432385877,3.91644843284229
92.0792079207921,-68.7068140756375,-65.500919834032,3.1645375106399,4.39733343039356
93.0693069306931,-66.4346698392745,-67.8364994887878,3.63861788382141,5.38098062591882
94.0594059405941,-72.382641516581,-69.9642502896666,4.96927813366678,6.03228483548732
95.049504950495,-71.1561098874986,-71.2859928383554,5.71774735568702,6.83639833598013
96.039603960396,-71.4438276255544,-71.8638684648565,5.47474361527432,6.6863690076293
97.029702970297,-72.8213097042821,-74.3387939419044,6.2576938892844,7.98656470935933
98.019801980198,-76.1610118167418,-75.7877570029541,6.70545681612402,8.51914873446712
99.009900990099,-75.97745780992,-76.5444109633413,8.4797474569009,8.05135955746435
0,-76.1564414211664,-76.3997334344779,6.78582678647172,6.48937313487706
0.99009900990099,-75.7810185981144,-76.6010681492874,6.49076929778539,6.22199282297056
1.98019801980198,-74.4106580661576,-76.0098876095945,7.27675727479519,5.31370260376968
2.97029702970297,-73.9965413615473,-76.2812823881201,8.09737713877635,7.08517202575989
3.96039603960396,-73.9333749992318,-73.7779681090917,9.5268702075217,9.91834763852613
4.95049504950495,-73.2757773172016,-74.9686423578046,11.5768348889495,11.1035900858985
5.94059405940594,-69.5575512031787,-71.6467634383627,15.1442472257024,17.0965430399373
6.93069306930693,-67.5625506431914,-70.6985000227225,17.8333649934962,19.4819692811848
7.92079207920792,-67.2127340388696,-70.0815841541287,21.3800767353273,23.0623307466094
8.91089108910891,-62.8606323366039,-68.3098974820706,25.2946545956458,27.0288456557256
9.9009900990099,-61.5899764624719,-66.554272960042,29.8575070061088,30.0132901479663
10.8910891089109,-63.4108751407796,-65.5037833808037,32.9228876898699,33.1155379561151
11.8811881188119,-57.6216722898891,-62.6960449475979,37.6222411129545,35.9308752286782
12.8712871287129,-57.4106805088623,-60.8223532141523,41.0453478989572,38.3271590732716
13.8613861386139,-57.8476068061838,-57.6194548093093,41.956227169035,40.4428964195692
14.8514851485149,-55.0896227758845,-58.359917859909,42.9646072212396,42.0456305440938
15.8415841584158,-52.8605463666109,-55.4990017566752,44.0425315283184,44.5499638823585
16.8316831683168,-50.5861754300867,-52.246404596543,46.1190701098559,46.5791416996424
17.8217821782178,-48.5870361838882,-50.4591905731152,48.1005262941149,47.0462791559584
18.8118811881188,-43.9996072686138,-49.655270273014,49.4071000314113,47.5565821285549
19.8019801980198,-43.7503209892394,-48.2720102360932,50.9173269667781,49.7590324146419
20.7920792079208,-41.186734746691,-42.8143135733664,50.4456894408272,51.9620430744236
21.7821782178218,-39.0656281899075,-42.1398967945988,49.804114992029,52.3747174631452
22.7722772277228,-37.8547835183366,-40.1643767330237,49.6090816948128,51.3173563434838
23.7623762376238,-32.5550960418245,-38.6793179251358,48.5876709472777,51.2856933988776
24.7524752475248,-30.724611948048,-35.0152391734028,46.4467695026234,50.3832218103549
25.7425742574257,-29.8919988376878,-31.0956050722942,44.7308669915477,47.9460125103612
26.7326732673267,-26.9805610003782,-27.3945116472008,43.2340084873818,46.1255844544536
27.7227722772277,-25.9496431721244,-26.7997539271576,41.1648815026721,45.1948669357374
28.7128712871287,-19.4609864993678,-21.7258667134834,38.7956850805208,43.1589591859955
29.7029702970297,-18.7509318813867,-22.0465865507089,36.695488856272,42.1058296894636
30.6930693069307,-14.9659283149668,-18.2351131984442,34.9685818420349,41.3173871587935
31.6831683168317,-12.7739754548123,-13.8755454805499,34.5098545200458,39.1812868827493
32.6732673267327,-9.36356009065268,-10.672899450755,32.0160536835832,37.4667372592569
33.6633663366337,-5.47326351647431,-7.45092908510632,28.6978683979555,34.7717037326904
34.6534653465347,-4.04696548776056,-4.70522823016716,26.4692475117228,31.933205987288
35.6435643564356,-1.41261278492109,-0.693226648290207,24.3020063740593,30.3479268529685
36.6336633663366,2.93499986756661,1.71128010642947,22.3495398498883,28.1421765435942
37.6237623762376,4.77360511034788,1.8311510974683,20.7202458350748,24.2256926191709
38.6138613861386,10.5021552880389,8.60201265655156,19.0766828929006,22.6536651050958
39.6039603960396,11.6294166810165,12.5981718839182,17.7617587743688,20.6561500274974
40.5940594059406,13.9122027876969,15.1992813520005,16.6636926975699,18.4191017389407
41.5841584158416,16.8250180273922,17.2669001251945,15.672038056571,16.3210429626362
42.5742574257426,20.7253524046343,20.1500612037744,12.9306448341187,14.1619643000547
43.5643564356436,22.8527430819603,23.9703200974811,11.4283330599622,12.171330293381
44.5544554455446,24.9279050279763,26.4013733450853,9.64785972795845,10.1560717209519
45.5445544554455,29.2216182345502,28.8920542826245,7.98688281996362,7.53665635541168
46.5346534653465,29.3095292548359,31.5420046563611,5.10660497951454,4.92957782610312
47.5247524752475,30.9839793725464,31.8449300673481,3.75077967001679,2.59907219188593
48.5148514851485,33.578031784513,32.4422938737753,1.27777649278506,0.536199275597987
49.5049504950495,33.8569885535078,35.9822738076597,-0.139751989531315,0.18392267265246
50.4950495049505,33.421297811331,37.6427828722038,-1.30289067882266,-0.742240251950911
51.4851485148515,37.1842012414649,37.3304224814271,-3.79099964282206,-1.77714278814698
52.4752475247525,37.102744489021,39.1092783564536,-3.53398107112286,-2.64756189412917
53.4653465346535,35.8498635266226,38.8392135934507,-3.33753088387189,-2.44596677942464
54.4554455445545,35.8313824736279,39.2518395688226,-3.55624642220412,-2.62528511078581
55.4455445544554,38.4381180547824,41.3290393263803,-3.39351641405142,-1.5778886552402
56.4356435643564,36.790084023493,40.4343247706065,-3.22923659600592,-1.93622088159369
57.4257425742574,36.249498780635,39.9620115167447,-3.55839253777225,-2.97824098181378
58.4158415841584,35.4413370108562,40.7048298340237,-3.24191001565364,-1.82158314479262
59.4059405940594,35.8279316002912,41.1676093582511,-3.20431613954389,-1.31533344277487
60.3960396039604,34.9435748789583,36.4665814591127,-4.71072635531029,-1.73827884068112
61.3861386138614,33.7510425496483,35.4176207856013,-3.20552153841984,-1.66449902608136
62.3762376237624,30.4343132331508,33.7396833460844,-4.30663273186527,-2.17807623979394
63.3663366336634,28.9125196661528,31.4769219512391,-3.23426070562203,-3.50733778520635
64.3564356435644,30.0932175373888,29.0711161050616,-3.87667130810955,-2.82680820075133
65.3465346534653,25.1175095067769,28.5298737624185,-2.5072915687238,-2.20570803331875
66.3366336633663,24.8944760264473,24.6681559861657,-2.21740691337315,-2.35830664989984
67.3267326732673,20.5925714588959,22.4505975063206,-2.5765330053821,-2.33018966247552
68.3168316831683,18.2754441612693,19.0296444786401,-3.25120433944629,-0.8217526345326
69.3069306930693,13.8386308623392,14.7468390060043,-3.54505158277794,-1.7117373868965
70.2970297029703,10.9576720068134,12.4762721033435,-2.57397153767794,-1.76099629505332
71.2871287128713,8.64599296502783,9.1690402135053,-2.82873186070591,-1.52371657873608
72.2772277227723,5.52462315279092,6.59498588938929,-1.8548824425872,-1.41763597755187
73.2673267326733,0.866447651352281,1.61578261070669,-2.6332979158333,-1.07354494589874
74.2574257425743,-1.81439348903931,-1.98444528057377,-2.4714547618942,-1.65769473384233
75.2475247524752,-3.31340663595954,-6.92207294371541,-2.08617981460308,-0.972043062930896
76.2376237623762,-8.86686808936432,-10.345840280975,-2.22974634952877,0.241329844043841
77.2277227722772,-12.5690752586621,-13.762020788057,-1.31575573219899,-0.554341444279557
78.2178217821782,-12.8218824894051,-15.3659659083354,-0.68371522356326,-0.458706677574367
79.2079207920792,-18.3383231929275,-20.6623636254237,-0.334851855405304,-0.879391026022091
80.1980198019802,-23.3625115656172,-24.8911460770042,1.39379811239415,-0.672339089627866
81.1881188118812,-26.7755541041825,-28.1755871950349,0.609550896148358,-0.979201765581168
82.1782178217822,-33.4681056431146,-30.195316622266,-0.324615311607091,0.0347537695395525
83.1683168316832,-33.784412997996,-34.8246575596388,-0.162970184064008,0.559140541563284
84.1584158415842,-38.683002294423,-37.4463888203702,0.635069817790357,-0.576735870219104
85.1485148514851,-39.8915353028588,-43.3897446194395,1.42517057495241,-0.340789114740655
86.1386138613861,-44.6766446026612,-46.261921583425,1.23050158814595,0.712712372434655
87.1287128712871,-48.2205339261791,-48.1333640324544,1.07377157570377,0.687233871203959
88.1188118811881,-51.740331287798,-52.5133783041863,2.39162154894872,2.8874175728948
89.1089108910891,-55.593532519747,-56.1235691234784,1.80522370091665,2.69153267553776
90.0990099009901,-57.7465712687163,-59.8333075022709,2.68049881972989,3.42019066821638
91.0891089108911,-61.792894809324,-65.9307676223789,3.16932478672056,3.5918015227152
92.0792079207921,-64.8553695762561,-66.3982747344002,3.12642951378263,4.58829565431658
93.0693069306931,-68.5459909280602,-67.4128029987983,3.56427621493845,4.0153727098153
94.0594059405941,-70.5915142046131,-69.4185720392378,4.91726109281978,3.87266716479848
95.049504950495,-72.0541896311531,-75.8028239310407,5.97427234102042,4.40964399833188
96.039603960396,-73.3166348149943,-72.5148289640935,5.88614444900195,5.75794493318585
97.029702970297,-72.4434803506601,-76.9914748187119,6.48906391109335,5.95962434721784
98.019801980198,-74.75357054049,-75.9460105211611,7.0171605826547,6.67730801778881
99.009900990099,-75.5926902910341,-75.8293233124587,4.56122990052101,7.56678563279099
0,-75.6752339236655,-75.2922471956059,6.9752873970803,8.30615023800456
1,-75.8543655857833,-76.9218720529036,8.07363564279514,9.59807483315807
2,-75.1002796501836,-74.5207355965455,8.91989617105946,9.25807867671677
3,-75.1842375099703,-74.5237549629936,11.0054898241835,9.66529713462504
4,-71.420117338084,-71.8629282409854,12.7914639106026,11.1855843438853
5,-71.536630983362,-71.1744316214015,15.1874376797108,15.0312799646789
6,-69.8150380845131,-68.5136289158934,18.2275161213874,18.2328566214721
7,-66.9817495870386,-69.6137083884504,23.2112882919245,22.6982376601078
8,-65.7192742803206,-65.6251595321981,26.5634091569538,26.2728795131303
9,-66.3436489394347,-63.9490387879264,29.1964503082605,27.8230249783735
10,-62.677400551599,-63.1815932611833,30.9832160542161,29.9308305610424
11,-60.2242944110781,-62.7954110242792,33.2564941549084,29.9484663378376
12,-60.3486955145025,-61.1629345589304,34.9402017083178,31.7915646388293
13,-56.24542979813,-57.3392540180341,36.3252825418996,32.5569556523885
14,-55.754361881164,-57.5940846565542,36.6018878042257,34.2169279454611
15,-52.888871093915,-54.2952602121375,38.7351214912692,35.7353437107898
16,-50.1502548987757,-53.1309994021513,40.7049007442198,37.5470622603675
17,-50.4251293166135,-48.431440994548,41.5563809074651,39.1201225029468
18,-46.8371695053053,-47.7571595133387,43.7144390828438,40.7141550255431
19,-45.620101155756,-46.7735654043348,45.1073437956156,42.3931506537842
20,-41.594591075624,-43.4787269944959,45.3003541073117,44.7764677273938
21,-38.9155180500572,-41.2481423282494,44.2461250517002,44.7811721559569
22,-35.5250634534508,-37.8676943782933,42.5095777947167,45.1351039579825
23,-36.9747383220353,-36.1980437987064,43.9456348222503,45.1930121622601
24,-32.3616392648163,-31.8806893947704,46.1332587495926,44.9996454067172
25,-29.7506726207793,-29.9499044306427,48.3115145868718,44.2361843336087
26,-28.2896331345932,-25.9187611461131,51.2312543248741,43.3801105738092
27,-23.4199035948552,-22.7403028801777,52.5348275408755,43.3035228845686
28,-20.8967200465692,-19.8356294203702,51.4809790250335,42.1908475412952
29,-17.7774019225572,-15.9568060928625,52.371485603071,41.7402489996826
30,-15.4329340685486,-16.6526188441957,51.0262006186065,39.3328979680324
31,-12.5932030071022,-10.6851107644101,50.2015431805993,37.9787615249955
32,-8.63471967242252,-8.74433601511815,49.0168107996295,35.0637455218425
33,-7.30186898464554,-2.64525515067167,45.5835731707102,33.0266703180485
34,-3.56743926691675,-1.06446400690665,41.5686027314265,29.9998997790798
35,0.627345103377392,3.03018959265107,38.3362717457916,27.8832044748943
36,4.54258776522451,5.25087263581975,34.1416308148891,24.2833815309044
37,5.95264953091187,9.58710668058407,28.7877432944164,20.5267070790901
38,8.77512084662955,9.33951776821065,25.6573261205612,18.1114541440493
39,10.0774931748248,14.8697690745071,20.6464461492019,14.8992651328184
40,14.733691224979,17.4307586283462,17.6077997736157,13.2142993695715
41,19.9715394499012,20.6360479949904,14.6517349618578,10.3369599456147
42,21.532953857384,23.7918144310719,11.2831822133496,7.43195234155004
43,22.5626890489234,26.1025883467024,8.13281207183131,6.18359339488826
44,25.0382969933476,26.353883721072,5.42781229038429,4.85912859881245
45,28.2497740116755,30.2398823907495,2.89558901928919,3.03410554361089
46,28.1579018156043,31.1935226848135,1.89542782449066,2.79969845278347
47,31.098885566055,33.7374684029286,1.80335467141326,2.11525072604429
48,33.261177405078,36.6479798700811,-0.0643465666834775,1.50136317217358
49,36.7243681242418,39.2639413779842,0.181305582344902,-0.849279253645043
50,34.6905789701343,38.0667843919971,-0.748685391383968,0.242662190216848
51,38.7619706444223,39.848274121108,-0.667774150821783,-0.713243282723984
52,39.4623823425362,39.2621608487187,-1.01155661129582,-0.939064570489674
53,38.161285846603,41.4708944048564,-0.869035329270021,-0.824218569742707
54,37.6094606837403,42.8473252969278,-1.21140197777638,-0.240939062001934
55,37.3905316466186,40.4604992989339,-0.828480682107879,0.0777842364494021
56,36.3914594623667,38.4350260867334,-1.10636664278558,-0.554710953945441
57,32.7215262068439,36.7099247972549,-0.895080788282855,-0.568419490927242
58,30.761167610361,33.4856026052312,-0.598943144408938,-1.30409171875101
59,25.8601428703744,32.7952268223992,-1.65130705285903,-0.779291423209608
60,26.0146064063266,32.7281469851726,-1.08638468974143,-1.18842538238088
61,24.3418842550786,29.8902001722578,-1.84356146089936,-0.794535543751287
62,19.7365318108249,26.3006030469874,-2.10834998566942,0.0622453302262623
63,19.1078229940054,24.9121170205494,-2.98848731177426,-0.160165171490137
64,19.9920569897471,22.4194511177324,-2.59775316101341,-0.302340290118699
65,15.9014889808599,20.5013485463754,-1.72929195097483,-1.15916178289303
66,14.6865886505906,14.7222719102972,-1.6484570493975,-1.65383100984781
67,12.6925765467502,14.2302868982916,-1.63571175508555,-0.710315312798721
68,7.23097772093762,11.0386679354491,-2.35657372859144,-1.93039050844408
69,7.29849858252285,7.97273929117612,-1.03462262310099,-1.22428456647849
70,1.50924359460994,7.29307342868471,-2.03695079099872,-0.578095727039183
71,0.133084243052249,5.01118301137846,-2.795538977244,-1.31420532406405
72,-4.6699377582007,3.90243228932366,-1.69243207567943,-0.74168240691899
73,-6.94424594455774,-2.38248460406009,-2.69748071987421,-0.994508506978149
74,-9.65456068596352,-4.87999512982924,-1.17664003741213,-0.438395235441827
75,-12.8229020625099,-9.03643274518406,-0.831161508032652,0.145011548731063
76,-15.298397907803,-13.4477377666684,-0.951342635599295,-0.0802917755494924
77,-20.6431739333115,-14.7421310627997,-0.703096062973148,0.530965185907124
78,-20.8483692695813,-16.9752531021898,-0.309080052614131,-0.0516959920395706
79,-25.6463377028145,-18.964311123892,-0.587394720349868,0.141855454474173
80,-26.5536657224086,-24.7391161473333,-1.21438090223304,0.722312771926417
81,-30.3535761591589,-28.9325181797757,-0.995606999232523,1.39436136935097
82,-33.8996030575374,-31.2408375762213,-0.652884605283305,0.316000114527797
83,-38.5009944469043,-35.0180909367478,0.100462380910563,1.28523674916875
84,-41.2952466583914,-38.4249710586879,0.199016879972397,0.14695710195834
85,-42.0992175125696,-42.2948532441463,1.15499108307681,0.562078447280778
86,-46.5626448398979,-43.9842400763192,1.28193727778315,1.28125157130611
87,-49.9210103629348,-47.9315370932727,1.8937335837823,1.77947653666143
88,-53.6575973445116,-51.7804792082311,1.54842341204437,1.30357661008396
89,-57.2594675359345,-53.7868579972249,1.06287632299085,1.54541074435646
90,-58.8236991801113,-56.3047548216045,3.42438822267699,1.40019459226632
91,-62.9963365529989,-62.7994969838883,3.24816072308317,2.32350156262156
92,-64.6290130437757,-64.3950346678674,4.61768892842245,3.54832704542617
93,-67.3722369357734,-66.6060690320764,5.72112369706479,4.55895404838391
94,-69.30431889687,-70.4672305983922,6.09937341134207,6.82144071774875
95,-71.6648722721794,-69.5801939845603,5.68142713066713,7.08194997810778
96,-72.4703573188132,-73.3473815983428,5.60045945471294,6.85342747940377
97,-73.2359119938832,-74.5988171599804,6.76673587438293,6.88155953541179
98,-74.5138134604014,-74.4725417303678,8.1265626863331,7.18396272800687
99,-73.5495605794658,-76.3569288281025,7.86607760975041,8.24735099102361
0,-75.8657825357738,-73.8796893199374,11.368192222746,10.0206552659976
1.01010101010101,-74.4007838960537,-74.7065567637442,12.7994865135461,11.7755092108188
2.02020202020202,-73.4507180050493,-74.1224415515628,13.5261423526994,13.0070743175573
3.03030303030303,-73.7241144329109,-72.5309728556522,17.0175925841991,15.1766922163204
4.04040404040404,-70.3730340972454,-73.4920498073164,22.3163836900713,17.1000626025921
5.05050505050505,-67.846012358218,-70.4621495020716,25.9994397621295,19.0480456339123
6.06060606060606,-66.0126259448388,-69.4489556164645,29.6676250601356,21.9115363693755
7.07070707070707,-65.4885570576358,-66.773019840149,32.3103942192916,24.4248292009679
8.08080808080808,-64.6783156447512,-66.5505905883837,34.7311670418283,27.7768402916447
9.09090909090909,-64.0625726472787,-63.7732862660398,36.2474748438347,28.1377439456496
10.1010101010101,-61.7597327619023,-60.5901229508686,37.6722505265587,28.5470381160121
11.1111111111111,-59.7363756301802,-58.7957550541707,38.7944378922439,31.603410169248
12.1212121212121,-56.6889250778241,-57.9968939537979,41.567123019014,32.0658559440912
13.1313131313131,-52.4163124627014,-55.112431188653,43.0693186450878,34.3632987942903
14.1414141414141,-52.1435388810898,-53.5283360390892,44.9340293325937,35.5035188180875
15.1515151515152,-51.5448612868622,-52.0556541269296,46.6632918574358,37.2786904485604
16.1616161616162,-48.8590889220383,-50.6588652614671,48.6374246874566,40.3930191397485
17.1717171717172,-45.0225356436126,-47.5796482094025,49.7567602740288,42.9819713587976
18.1818181818182,-43.6761228752803,-44.7106204933067,51.0416077504772,44.1030408719299
19.1919191919192,-41.206861770356,-43.8123205628996,51.5151799010843,45.3482139003309
20.2020202020202,-40.1418374985195,-40.5367397326476,51.5376770604189,44.3342393140973
21.2121212121212,-34.7505651654475,-38.3796624973683,51.1197436716917,45.237874805477
22.2222222222222,-32.2559275956635,-36.172896385866,51.215258410206,45.3251000470016
23.2323232323232,-33.6188405593805,-32.8942962559848,50.1709394099279,45.4049849727134
24.2424242424242,-27.8028645028323,-28.4559576852148,48.677426966956,45.2536454911723
25.2525252525253,-27.0067883635768,-26.4274509355709,47.0379191813815,44.7057984546255
26.2626262626263,-23.2640752317056,-24.7273274632332,45.244419862176,45.3293168749773
27.2727272727273,-20.8429144737636,-20.0845896290103,43.2698626546476,44.2587322899821
28.2828282828283,-18.1409993286284,-15.9433285286146,40.7866109524936,42.3613534088896
29.2929292929293,-14.0381496967129,-15.230771761432,37.1021398565091,38.4008584232384
30.3030303030303,-11.9449298234525,-8.31891954823486,34.6600509045014,36.7976090644545
31.3131313131313,-8.85576112184007,-6.66749302304847,29.8360905509542,32.8625680746066
32.3232323232323,-5.58236144578683,-4.56156434145523,26.9010774992343,30.2022419842016
33.3333333333333,-3.49075167010696,-0.143660676006898,23.1215142513442,26.479866453666
34.3434343434343,-0.314839611894636,2.35808673955666,20.3473590255041,23.1013901198534
35.3535353535354,3.97738663968309,4.54333341160734,17.5389145708501,21.3602272309941
36.3636363636364,8.35534476408616,9.6279062624692,17.6345856073444,20.4537295568651
37.3737373737374,10.8078186003602,13.2009915321606,16.9633345220744,19.0565373425941
38.3838383838384,13.9618109797585,17.3620996110719,14.3365167704908,17.2117355000537
39.3939393939394,17.0172831674661,19.8639763079191,13.2316596905841,15.7543455235019
40.4040404040404,18.9699977943121,21.377607266448,12.9022165830456,13.3781185379839
41.4141414141414,23.8801299159621,26.1039745575204,12.8923592988462,11.9710883102643
42.4242424242424,26.4157558821545,28.3045500493387,10.2839069235541,10.8578502125685
43.4343434343434,27.775939131666,29.5097601151703,8.5096478561921,7.0885081964938
44.4444444444444,31.0877456808365,33.5079853478503,4.97736607224157,4.45975448082662
45.4545454545455,32.0795846831629,34.7584478911439,1.91433329850717,1.75087509173945
46.4646464646465,35.1714755091784,38.1825713143538,0.0594509724601365,0.84926591381562
47.4747474747475,35.3706804607178,38.8992193289457,-1.94921239721357,-0.77191415919781
48.4848484848485,36.9223391927702,38.60949122664,-2.42507894758048,-2.72075460857505
49.4949494949495,38.3101622866861,38.8218843312161,-2.27227248803177,-1.9907758293919
50.5050505050505,39.4128115134695,38.9424266441281,-2.93665131118791,-3.17662851653657
51.5151515151515,40.7508149679609,42.9695964965329,-3.13500103937623,-2.94586939741525
52.5252525252525,40.4237525641344,40.4639771010476,-1.85930729341283,-3.38946355145636
53.5353535353535,38.8059207382641,40.8381502908354,-1.95170236282632,-1.76853160706566
54.5454545454545,37.4906936730894,40.0403996264204,-2.57594489376225,-2.26296961815217
55.5555555555556,38.30832914467,39.9462593876916,-2.52959444216136,-1.93686292606162
56.5656565656566,36.061655199908,37.4280270688255,-1.57960808407067,-1.36148254906118
57.5757575757576,34.8992292441281,36.555474404457,-2.80144389600173,-2.0475507979857
58.5858585858586,34.0169839952095,33.8514427956696,-1.9493664157445,-2.12198891156545
59.5959595959596,31.6897224712628,33.4667776408141,-3.02232540424309,-1.73999797066949
60.6060606060606,25.8219220282257,29.7409205881355,-2.89151686748803,-1.1096752426322
61.6161616161616,26.7859405067598,26.6832193869208,-2.23331612453369,-0.952180184995044
62.6262626262626,24.1751885488665,25.8757545440328,-1.95373758955018,-0.819639763581341
63.6363636363636,20.290890185272,24.0134121903557,-1.80662430500481,-2.77885509687651
64.6464646464647,19.2030375302914,19.8431891458203,-1.24580296351186,-2.16131184669103
65.6565656565657,15.0164735722287,16.9767304248408,-0.980852909154519,-2.93653349462451
66.6666666666667,12.4910947420548,14.3254106160417,-0.898347577262157,-0.99378567005127
67.6767676767677,10.5780753006897,13.7305035712877,-0.733898959306682,-1.10525535500367
68.6868686868687,6.7154888262689,8.93487486815459,-0.49261025378692,0.00863454069790515
69.6969696969697,1.91236712103113,6.19436476406835,-0.344830361512708,-0.712867182009757
70.7070707070707,-1.51317501099567,2.58537682826784,0.228994891191204,-0.564219619276735
71.7171717171717,-4.93836782547742,-1.65636698260057,-0.495775184323455,-0.529511506530249
72.7272727272727,-5.9158140171478,-1.13088529027765,-0.433955382512175,-0.298914647247875
73.7373737373737,-7.98158869313778,-7.30102066032919,-1.06336158664559,0.00755786762241592
74.7474747474748,-11.0824195609138,-10.4097505692324,-0.158573463711332,-0.594178217568555
75.7575757575758,-16.1536381345173,-16.1561502688402,0.148465597751378,-0.606421329312439
76.7676767676768,-18.6117825896331,-16.5216696170986,0.740523982632711,-0.972944895873389
77.7777777777778,-22.3983245848711,-20.9039925799167,1.51492300242005,-0.222763243949044
78.7878787878788,-24.8087733315325,-25.0128162467662,-0.0774848786303279,0.105678028106887
79.7979797979798,-28.4308450242281,-28.4280841646078,0.667200961901745,-0.184178392574576
80.8080808080808,-31.3705578039732,-30.9922184775697,1.68829750815978,-0.0210146943447383
81.8181818181818,-35.0510401751895,-34.4581735241931,1.12760022269845,-0.21749747610701
82.8282828282828,-37.1719469166103,-37.1978678506534,0.614486610698954,0.665799967943978
83.8383838383838,-39.1432691120065,-42.8104123950949,0.591110211290503,0.305682683581857
84.8484848484849,-41.0318960485826,-43.3672111158632,0.727119465456819,0.7232430386534
85.8585858585859,-46.2467469408162,-46.9184446323,0.758383646685988,0.957581793050613
86.8686868686869,-48.0760305042647,-52.0161999866523,0.396116144888113,1.11672771921672
87.8787878787879,-51.8996054237885,-53.8175698006243,0.818254678330889,3.29402528162319
88.8888888888889,-55.1560161566314,-58.2232146204626,1.30333399594484,2.90016268249213
89.8989898989899,-58.9995389382682,-60.9694680041288,2.00628736522875,2.92886778017884
90.9090909090909,-61.610136453558,-64.7457769394511,3.51089821061834,2.55073818741832
91.9191919191919,-63.9102102535001,-66.7507870207514,3.67068373959536,4.47125730265475
92.9292929292929,-69.1363259552125,-67.1611485933894,4.20787261368422,4.6611694684452
93.939393939394,-69.8966817389099,-69.0753777040115,5.49807007727884,4.87012235534623
94.949494949495,-70.7534398620374,-72.6309600400059,5.9646910420145,5.89622619799601
95.959595959596,-73.0501657342825,-72.5976544521526,7.05237631416159,6.58478017022524
96.969696969697,-74.2278868977444,-72.4197171631437,7.96672990514699,7.10844696511275
97.979797979798,-76.1996642280241,-74.7269125523417,8.58170515171576,9.77197936349274
98.989898989899,-75.058711117847,-75.6363546369187,11.6277090660062,8.97095628657469
0,-74.9477515392511,-74.769565902017,8.45314505403863,8.68557719599117
1,-73.8762800849298,-74.1287948473357,8.51114400381602,7.83454443483774
2,-73.7093552014065,-72.7120657817274,8.90438080934896,9.08875720867331
3,-72.9541131949564,-72.3854677720628,10.6678329664532,9.60565748185098
4,-70.343737393561,-72.6795967937764,13.3525759828531,12.2716084656831
5,-67.8060449676224,-69.7421087004546,16.8098711357568,15.8987906614826
6,-65.2005594764281,-68.5804316418904,21.6798942765863,20.3885621740658
7,-63.0637972763441,-67.8142019915482,24.7064814624046,23.1453862760779
8,-64.4302526926082,-68.0931468848815,27.9940700205869,25.2920139824269
9,-62.1413021979126,-64.1956082981678,31.4949937137423,27.6480855465913
10,-61.1158665437543,-64.8129768802167,34.7477834108835,29.4131993213483
11,-58.922401777655,-64.3366898698746,36.1486953810788,31.6278553166372
12,-55.3160073572569,-58.961751582887,38.1347838771855,32.3991566490033
13,-54.1453581831615,-56.9388161098196,39.0023449111675,32.7610361039538
14,-51.6175717948195,-56.6494998512839,40.1148519444556,32.1420119540751
15,-50.2860695387082,-55.6132212628718,39.0877848026209,32.3381127722508
16,-49.5189293995894,-54.0344464224013,40.9302560076716,33.3264764328721
17,-48.9897911846779,-48.5099005236464,40.3401892662119,34.6608127489195
18,-44.1619231846419,-48.7676222682007,42.0447548420918,36.8117954028114
19,-43.3537437709162,-47.1753393765088,43.5185416940395,38.6916390761553
20,-40.7425596027037,-44.4841649875112,42.8001572175541,40.1983621472379
21,-37.4935029354881,-41.9938152754982,42.549620267609,41.1113472550405
22,-35.5758609931645,-39.9715088341037,41.3892115553512,42.1745614986796
23,-34.9157630745517,-37.6246337038503,41.4435531978239,42.5358388023959
24,-31.6188455927875,-34.8164526516954,41.6248759389929,41.4503863898965
25,-28.2922420280713,-32.0173535304631,42.4021059043802,40.6208298728005
26,-25.1369260841782,-30.2220998802561,41.9616107755282,40.7028190795268
27,-24.4092016410863,-26.1147759949654,41.807656885102,40.7673421622127
28,-19.591345331007,-23.9175435106242,41.5212966737206,39.4798058817004
29,-18.3409430735693,-19.51000154782,39.5589193614276,38.7839998869575
30,-12.3421266271097,-17.4067455201383,38.0848337805708,37.8776534793731
31,-13.6952246707083,-15.8571194678958,36.6405488493058,35.2289195003092
32,-10.3854830104564,-12.0294721037985,34.8547907248103,33.5369256275477
33,-6.56819048695915,-6.85154222846006,31.9274559497509,31.7373763406392
34,-3.72768827553845,-5.42910908231319,29.514666394975,28.8686892492694
35,-1.25624079724113,-3.44554324214334,26.5247481421617,26.6114175948308
36,3.81932718123636,0.36569808165063,24.9707208662051,24.0610518065865
37,4.05703511293632,3.53161302897965,23.8921326700336,22.1330705788034
38,5.86775306948541,8.95214269135768,20.0978753674364,19.8060317814602
39,10.1365737087891,10.5373595303616,18.214298746595,17.0524179902631
40,12.7335682874534,12.6890251572248,15.8233528514136,15.6915465141063
41,14.267950228613,16.0765683725792,14.1058739968261,14.8549816889317
42,17.3772352999944,19.1210155347762,12.6753408117945,13.6711147246646
43,20.08285372023,21.6517360456725,9.35185455910994,13.0885968934331
44,24.2409179421756,24.1648680816955,7.88752915531429,11.5695242186097
45,26.664626884275,27.5021006087381,4.78789990916631,8.61903852432007
46,29.1075935417425,29.6237004554227,3.44913047202478,5.83316804186319
47,30.2317717374274,28.8028923078609,2.85765761963847,3.97980456715359
48,32.1964106470604,32.1530624906014,1.18339987571041,1.63714451186147
49,35.0210638877744,35.614970673775,1.60438997203186,1.40459152126878
50,34.9016511380408,33.6964726418588,0.141928800303373,-1.14713380992443
51,36.0012840496476,35.3571953300705,-1.19665307487193,-1.80230732438602
52,38.018710233784,38.2110681532598,-1.77326833891608,-3.12423894655132
53,39.6643604489857,40.7820020295532,-3.97353898042085,-2.16370345199393
54,37.9548155419853,38.1170575471217,-3.77340342462886,-1.17051268604715
55,37.8607096668833,39.8634391411546,-5.07293869553005,-2.32932856712597
56,39.93851601815,37.2037654549742,-3.940690271891,-1.67679025716428
57,36.1571619624276,39.2286099553419,-4.0556242861309,-2.1171185136473
58,37.8757417232203,35.4601575335716,-4.44103356422922,-2.06319786428235
59,34.2443378218871,34.4493110428082,-2.18510516418309,-1.97165103905374
60,32.7065061638206,33.8404859146153,-1.90842748872236,-1.03893766195695
61,29.6969989222553,31.408774289631,-1.30232883343935,-1.05153827619234
62,25.8752737895777,29.0388826946529,-2.20701157982309,-1.69380971809028
63,24.704840248265,27.5474298129669,-0.781723959353731,-1.26953370321227
64,23.0821594971423,25.1695864066874,-1.10920229226323,-1.06296578431819
65,17.2109026674796,23.8046599994661,-1.53341513596572,-0.101914951169944
66,14.4224653935733,19.1174342069614,-1.28525198966141,-1.6761903683743
67,11.7141772715333,15.1054505728815,-1.2786032636719,-0.800781286106751
68,7.45576850357703,11.8163239432654,-0.675767764361985,-0.460370791618265
69,5.38184015291968,8.61767895294988,-0.371321336370358,-1.7027510928756
70,3.32766557838666,3.51729684127156,-1.34524213184865,-0.346055758258969
71,-1.83493564382107,1.46632420283189,-0.535467500674569,-0.810187547365951
72,-3.36738029917326,-1.41537095137379,-0.261656018144767,-0.911271764740065
73,-4.48661077841571,-5.55225885224471,-0.915798748109296,0.240698274750063
74,-7.83599754607034,-7.36865548923443,-0.290948809493405,-0.266040552533497
75,-9.56711275896619,-11.8468223815558,-0.40667167003386,0.0238968191974956
76,-14.9613216342995,-11.4123547837338,-0.992012487059755,-0.0870782872205642
77,-15.8383911184336,-16.9569672010424,0.55933676773193,0.627083872314286
78,-19.2167974992079,-18.7661738066295,0.895417113283478,-0.214554533490486
79,-23.019638220651,-21.4107608082715,1.11702418768034,-0.0682688136892377
80,-26.0622060356012,-25.0376020766807,0.823900299186235,-0.0987972018671201
81,-27.7034352562204,-29.5541785347227,0.671000924813634,-0.0385152546428458
82,-31.2028411783311,-34.0379796288695,-0.189436333337481,-0.0740969544344938
83,-34.7080054167477,-37.1905370214059,0.423450341083959,0.168845491039324
84,-38.646911615975,-40.5615675906984,-1.04118876572173,1.0282654568469
85,-39.9772901815074,-39.5373407370969,-0.0517429842298438,0.586783844537395
86,-40.6619401957944,-44.9025826466382,-0.0671506848241444,0.149161617129624
87,-46.5475347532415,-47.3889752977416,-0.497972247887071,0.388120045224169
88,-51.2761933463838,-50.5656026990655,0.779808211990668,0.340898793596863
89,-53.8701160887686,-53.0125521295135,1.59766231443998,1.43974291061193
90,-56.0838507367052,-54.9785446372456,2.02537175578335,1.59084501129115
91,-59.6234424834809,-60.3554588565875,2.99183200789553,4.29243096436499
92,-61.8305018870082,-63.7856821271231,2.18873908876928,2.56828886756729
93,-66.411049808409,-63.5459034051912,3.65961225719133,2.38002971408472
94,-67.3207411607529,-69.5076647112411,5.11856358295753,3.73679231772869
95,-68.0098418981742,-70.8845032134256,4.24982939343305,4.10337933853186
96,-70.0456728648101,-71.8286818028314,5.47988392935612,4.36079095208683
97,-70.7866877398953,-72.7110236263677,6.37747445534959,5.9645011700287
98,-72.3249430441374,-73.8065407519944,6.03329554305988,5.786090600902
99,-72.4112713579798,-74.1821413617459,7.17901759817066,6.20766140143617
0,-70.7526682327494,-70.1151737325267,5.32503515866698,7.51731013688411
1,-65.1602169294299,-69.1069648888158,5.2674451745298,7.34936656403571
2,-67.1020003283062,-69.1460538246095,7.41934543997468,7.75860760001505
3,-65.4052043363842,-69.6155873085098,9.14461746019161,9.76857142149328
4,-64.4478920814789,-64.9827494117263,11.7169628991648,11.6038108475477
5,-62.6686379328457,-65.5471639329047,14.1744197097526,16.9789156470925
6,-61.0684467261966,-63.0347961090342,16.5327089667236,18.5871127804582
7,-59.0771113179185,-61.3304428225383,18.5496220249531,20.5856618105528
8,-57.7944116781874,-59.0321292298176,19.7473670245893,22.7460965301846
9,-56.8687130943216,-57.1030198845859,22.8944628504143,25.7840789911882
10,-52.8902612781475,-55.7052451204352,24.7402158289622,26.4462341205957
11,-50.9555551340362,-52.7715605913786,26.2431393913458,28.6185200849964
12,-47.6381111557355,-49.7019065070493,26.9603721927327,31.3716483680829
13,-47.7246360714816,-51.0964957235874,27.5320710882624,31.5620577977371
14,-44.2704577358263,-47.1091040523329,29.070066240648,32.492762521303
15,-45.8983710989896,-44.0811970634515,29.1123114370663,33.1156608220939
16,-40.1068635998,-42.2345450842855,31.07467284187,33.2247996897633
17,-40.388767977945,-40.6500881795901,33.5653063960276,34.335628063986
18,-37.4469810540865,-40.6461205657142,34.4863078882118,36.345631999061
19,-35.1999940825055,-36.6779362475455,33.8059790565041,36.6899881631367
20,-35.1461452063543,-31.9286899817473,33.6459646401276,36.7676651219094
21,-29.1397075765174,-30.3315497779808,35.1294445262553,37.8009455946392
22,-25.737670074939,-27.6403881771748,34.2587661683201,36.8425952403466
23,-25.5030902717467,-24.332681122655,35.96016452802,37.0153636512638
24,-21.7265486466694,-23.1186598174797,36.650056212953,36.5640212603804
25,-19.2572504288006,-18.428739498871,36.212252053976,35.8685250431629
26,-17.7688992228762,-17.3530729751252,35.6866888946657,35.3114098423248
27,-15.7528779244427,-14.4676620962444,34.3743477632765,35.1847890791488
28,-11.1975706471733,-9.72611148067972,34.7417959805445,34.6225935430924
29,-9.83928893429626,-6.13265623057578,34.1779585205262,34.111752856471
30,-6.93596503721097,-4.73528200878603,32.9686160679093,34.0119880744412
31,-3.29216893303263,0.699764313670101,31.8028315287306,33.2635242532513
32,-1.19287681658731,0.662932155295574,28.1656213667564,32.13789797252
33,2.07938102028055,5.2111145695189,26.155825737935,28.8921210844889
34,7.18415076653597,9.73981690459183,22.5982858842502,28.3790367694995
35,8.18641316410026,9.78001429266553,20.3801140241298,25.4400962789465
36,11.6170395885815,12.1250313299075,17.7946161008913,21.9505174997511
37,17.1013160202012,16.4998535204844,16.6942075570545,20.2385906139602
38,17.7699181365205,20.4899918395394,14.5896539890366,18.0344427154052
39,21.6003360677978,22.1720810428904,13.087337883305,15.8313119379545
40,23.5741532002578,27.5746099718281,11.7022324344615,13.7851616878371
41,27.7133588345246,28.2335382299401,10.6988995353731,10.2935006061779
42,30.6208422480906,32.0243213123647,9.58244164931299,9.02443795354441
43,30.5257756474555,33.4260771009436,7.88362351901067,6.0874484115905
44,33.8797040963765,35.8192109672589,6.48542913655162,3.96879258050773
45,35.634626560015,37.1339228877612,4.11735638447231,2.53915491975581
46,38.7975303496912,39.6020670298567,3.59658756594655,2.2055972116882
47,40.2310784452625,42.2516916407945,1.24827994183073,1.32325768558497
48,41.0672345294525,45.0796766752766,1.05293126205912,1.10280731860055
49,41.8017034797867,44.2592493466767,0.268936517420091,-0.977074524160074
50,44.0640276536781,43.95257074352,-0.208496463827292,-1.60271604230628
51,44.2870208781514,45.5299901690271,-1.81418246906599,-1.80066310203213
52,45.1135398483098,46.6618394924885,-3.43352264897574,-2.93303330386715
53,46.6415667026909,43.8684143260542,-3.73204968367561,-1.94176188606254
54,45.1442822778392,46.0102468723662,-3.22521346252054,-0.726770766223197
55,45.1449571432442,44.8847473373527,-3.30197823735991,-0.803139621379592
56,42.3589876961011,45.5798847319789,-2.47677409792876,-0.0809547063878273
57,44.2996211375241,42.7660494909788,-1.37223122754146,-0.995716437675795
58,39.0237636687592,40.8375786889802,-2.29827478808683,-0.839477703513878
59,39.5039636263063,41.3564779406788,-1.51372436390473,0.112383150828546
60,38.3190592002513,41.2516893060473,-2.65084420105948,-0.807798315866111
61,35.06904154819,37.5701906436604,-1.81184613398898,-0.324794557108436
62,32.9113787600512,36.9253557100476,-2.18185243548154,-1.78384062579541
63,30.2854012079889,36.151731314149,-1.99855724440406,-1.64507872061352
64,29.8439657198165,30.6604748374795,-1.16530878003514,-1.4421209298098
65,26.2066121798496,30.3246789480348,-1.24229977502266,-1.95071595918274
66,25.9263873151638,26.4976917011391,-0.839737890292023,-0.673224414760898
67,23.3868449504657,22.5621200147107,-2.41683477346003,-0.692361127812616
68,18.3668411479746,21.8577481564569,-1.04984310709837,-0.569168840273456
69,18.0977655687365,17.6079914680159,-1.34631105571403,-1.07261012460952
70,11.9706015057105,15.9132671450329,-2.61157364698142,-0.0256118283460579
71,11.0189024915428,12.4482815917349,-1.24824775295861,-1.04766176852735
72,6.60735620811386,8.78556737645505,-2.44656131696294,-0.756007295911108
73,6.683006582393,5.95547721007733,-1.44642037525163,-0.0884037118363554
74,1.85989428301305,2.50367746014188,-1.30428323523554,0.425927074201029
75,-1.11993056874489,-1.14792592486015,-1.18521893327399,-0.251075064850906
76,-2.68718148968018,-6.44496447055232,-1.50647426261588,-0.626484408774578
77,-8.75811192717651,-9.08012839301747,-1.15449131642766,-0.783948326237003
78,-13.5108903458071,-10.4787313615305,-0.8366555323482,-0.199499502100097
79,-13.7795660855943,-13.7202279755055,-0.911343696712248,0.12650121700351
80,-18.6875057423806,-16.97254517862,-0.859232758204347,0.713309381735094
81,-20.7677452070868,-19.8788562421755,-0.570973268321289,0.636098019375981
82,-22.3753855816735,-22.4260566371105,-0.391342225177746,0.686530268014033
83,-28.3881651153755,-29.03231120178,-0.439525499438774,0.288921638605727
84,-32.6117172494963,-31.3390111385848,-0.954310662517036,-0.340377305478517
85,-35.4410819933721,-34.8715769307495,-0.859149327944166,0.780362295929777
86,-38.1728411202414,-37.2029671320413,-1.10592130664645,-0.272574732006845
87,-39.7116100162769,-40.2418358477194,-1.03285727201612,0.612644544776776
88,-42.9502270394895,-44.9249768740592,0.545025610911519,1.73784356963416
89,-45.0824744565883,-48.2460909656467,2.22066595333635,2.57611535195543
90,-50.5247042610021,-50.7712698936776,1.866931769914,2.31954399774307
91,-54.5574947291888,-53.0053222683593,1.0772504996691,2.23511197192582
92,-59.3882733705689,-57.0246549927691,3.65654920139105,3.49576269798089
93,-58.569114373733,-59.5724462127498,2.03092587225318,3.65218520985285
94,-60.5110149342954,-62.0682566978631,2.96681327932837,5.49900900882863
95,-61.1938146668891,-63.9018479634589,4.41359130110202,6.03967298407364
96,-64.9718749887189,-66.8044700271536,5.23818795701942,7.32932826458707
97,-65.1229314917179,-66.2864996513218,5.30508765119537,7.3171399103754
98,-67.1318623250613,-69.3044824706557,6.83715032228516,8.25272600052386
99,-69.1628458138845,-67.7496209895979,8.44122512862473,9.6403247168826
0,-66.7305288335071,-70.0787565030987,9.24482185167002,8.64609894002143
1,-66.9642669183372,-67.8974937083135,9.05114020439266,8.55140053822858
2,-65.2879553394561,-66.3264750299947,8.95332097399534,10.0043399236088
3,-63.1856052850857,-65.7802632810603,11.6050939235632,9.79873106337479
4,-63.2338307434915,-65.092975399587,15.8421883105822,11.9733289236431
5,-58.8566700874227,-60.3694378091464,19.8928645987711,14.9533008704774
6,-59.3665707027892,-61.8525618049822,23.2015068213333,19.3699887332633
7,-55.1081202468722,-57.5525413273158,26.3731034932345,22.4291172417706
8,-57.0764274079899,-56.6173725284681,28.0214887356108,24.8810776416455
9,-52.2273552965749,-56.2944554551517,29.6279296359134,26.2291358963811
10,-51.1562095351373,-52.900739739313,29.8241605495597,26.6992796795528
11,-49.1759209365445,-53.3590190111008,32.2257498529989,25.1782345230286
12,-46.8255100988618,-48.2228424278919,31.54716353092,26.8855102443186
13,-43.531968509395,-46.403889614483,33.6892741135388,27.6610443309168
14,-42.370010020768,-45.3293425044229,34.4086769642821,27.3427802033833
15,-40.3202975907313,-45.4148440782306,36.8452019970076,29.7281925986915
16,-36.0593643328558,-41.5826056657499,38.3122196514265,30.8383890904523
17,-35.6633749060514,-36.9845900351932,39.8922914100839,32.2868323948768
18,-31.5518570365066,-35.5935553104121,41.0732340345459,33.8437632631083
19,-29.0141457212311,-34.15720680429,41.5675080582057,35.1175310929789
20,-30.2199528289392,-29.7741751019293,42.7004884145292,36.746986635859
21,-24.396792789226,-30.5010260601063,43.8228154967264,37.7070173010821
22,-21.7842594810257,-27.4504595602606,42.3576421642061,37.5972455047298
23,-20.4047881393708,-23.7788131000889,43.0210078485049,37.9681072764921
24,-18.1413069896053,-21.1753989208505,42.3415007041736,39.850704564127
25,-15.0562153010095,-19.6877475920515,40.3885000266065,39.3250092126333
26,-11.9205713105485,-14.6077721344232,39.3273397562655,38.8631651370874
27,-9.42399268795171,-11.4763424231008,35.9505914526576,36.5372386976419
28,-9.07336361392488,-8.37820894064856,32.1907997104136,33.7280622103718
29,-0.548130346101005,-8.15174640216382,30.0189690510231,31.1280740332525
30,-0.60596626912708,-3.56953894172429,26.4840703419105,29.0858090405768
31,2.2294737061071,0.186437922690452,24.3671488784095,26.296680021969
32,7.55942835790943,3.18572456321004,22.4806271102542,22.8904955605291
33,9.68543535500014,3.77967635889413,22.0718522515067,21.6257294059879
34,13.1756063922009,8.52222547184083,19.7268945797693,18.8749476623191
35,15.4782445256804,11.9723181499104,17.7184865251492,17.3590637287
36,18.1694227588619,15.9661594961701,15.5503786948891,16.187070683033
37,22.4422089444191,17.6554324139422,13.6775849174187,14.3249976380662
38,22.9319611054614,19.6182826604284,11.2300952774493,10.7367266364506
39,26.227834070266,22.2434043876872,8.40596479881825,9.95180729075895
40,28.6885306611653,26.5768550666821,5.88122800454304,7.29656281514172
41,30.5835502561653,27.857123935893,3.84001849266961,6.59917957717061
42,33.4190464274225,30.8316567822836,2.03222392536577,3.29599681296714
43,35.2997375093269,32.2848622705377,2.77159755366405,2.00939393627246
44,35.8918448347629,34.8410780904955,2.92525425768619,2.80396928683453
45,38.3256489891639,35.1576970838773,1.82454190604215,1.51144994528165
46,38.6525988161663,35.765404630682,1.55356951452326,-0.14922891205881
47,40.7300550265004,37.746139408674,0.983551240060382,0.538933321155674
48,43.8929228768274,39.1156258987385,-0.338914758057805,-0.726843424901281
49,43.6653072806078,39.9396346978496,-1.95835975641785,-4.27340830291379
50,43.2177918036051,40.3045281193127,-1.51192548965575,-3.35701509310393
51,43.0200773121658,39.1141961284983,-3.05965573153444,-2.51167005402025
52,43.6657512623729,43.9430050574091,-2.47669415558896,-2.17674875988447
53,43.2932109621861,41.2390183804958,-3.55023646043446,-2.38934204906825
54,42.732207785928,42.8203815158205,-2.27739714760474,-1.65695402742379
55,40.9887404180555,42.8544435764835,-2.427518042642,-0.790657808823434
56,41.3198898268444,39.8151906351656,-1.63186767040938,-1.4443456644097
57,38.7617141041194,40.5981234081881,-1.47435230474056,-0.366131767428538
58,37.6291269095826,40.1515324712906,-1.97281129996971,-0.612127557988941
59,37.3543495346227,36.1059068155135,-1.56960529073024,-1.16391880615151
60,34.9971171957995,35.3054204895157,-1.22638243014784,-1.66218068546474
61,28.8023210279852,30.3001269081517,-1.86463458342288,-1.52715610464997
62,29.2126365542867,31.9631963014974,-1.71697829354572,-1.94176805876571
63,24.9301403878637,28.6699381538514,-1.00368920085251,-0.687609784435762
64,24.8566337470586,23.5952854978986,-0.974537726404063,-1.19304713741238
65,18.7759078742232,22.1347579927219,-0.58916911800926,-1.28085281847537
66,20.5831944993268,21.2393928622979,0.128380085783291,-0.518406703397826
67,14.8818616549789,19.3451805626429,-1.18229417663856,-1.2944093936937
68,12.1917462177305,16.4864357598712,-0.864406084015125,-1.03750196766285
69,11.1295861498811,12.2448805702031,-0.288411087025187,-0.472022187270946
70,7.67369457958749,12.6243797292066,0.519998263348931,-1.45816413709491
71,3.80966816678743,8.61247602171202,-0.489278022229053,-1.11975466935144
72,0.287891576902403,3.95298654291097,-0.103648684958621,-0.613004269341393
73,-2.99065401138605,2.53108723931106,0.475813863666247,-0.315886858274685
74,-5.65366959951652,-2.77480896533036,-0.385965664832459,-0.152841357844977
75,-9.47571448414176,-3.74201794143645,-0.333026327578782,-0.243518769405263
76,-10.7470747981211,-5.43441400109913,-0.649485809586114,0.256466491186296
77,-13.6343144857564,-9.8885333720667,0.439732318802197,0.289334796983949
78,-16.2754758634193,-12.6189629539247,0.617367566765291,0.016888148146083
79,-19.2138038382462,-15.4461751094978,-0.569278946550383,-0.499963278394725
80,-21.9341302834064,-22.803588657272,-0.1965184784232,0.070543019086106
81,-26.9510762461382,-22.3949894012281,0.0615313003094164,0.305352193974011
82,-28.710269851211,-26.0227038367608,0.254116195661179,0.335535612551616
83,-30.1760092000728,-29.015163800105,0.266200732082039,-0.310611454216704
84,-32.2846338990914,-29.6156290751827,0.297779901417928,-0.369778563874802
85,-36.4246203646386,-35.5831706064709,0.33133609602062,-0.596336709299028
86,-39.1055489149945,-35.9076873143342,0.412038601251704,0.92211069058237
87,-44.3116775511259,-38.1052676939619,0.685259758621478,1.06422043955627
88,-44.936204361454,-45.9155059393759,0.806465785152975,0.757130955707055
89,-46.2288505077899,-47.4088791549579,1.13201103195379,1.93301249362972
90,-50.8201259660328,-50.2060148135027,1.30978087508881,1.63572741746451
91,-52.183291235589,-54.8675852731596,0.938233571905726,1.73479619753759
92,-55.7825055299827,-56.5077991321148,2.94982863617614,1.41373600789389
93,-59.5238787134043,-57.9360933657205,2.28928664994028,2.32731834181326
94,-60.0736118837477,-61.0422364484681,2.62707962957416,2.02062637220802
95,-61.9908156844712,-62.9234491025583,4.50629233084623,3.60330144064144
96,-63.3255283090193,-65.8811392268477,5.6870033582598,4.58312194058807
97,-65.93734669549,-66.8833633699917,6.76096969686196,6.3084791480152
98,-68.2010636718067,-67.4051131983006,6.75933797361299,7.20463910345735
99,-67.6172771463141,-69.7309328830521,7.32927197594846,8.00765499034834
0,-67.6848515278892,-68.7186122497683,6.55930528172702,4.65137585832047
1.01010101010101,-67.9683195702881,-71.534256924541,5.69930436349029,5.88088380619078
2.02020202020202,-68.4031662147351,-67.8473479227983,5.9999586423033,7.29099202964574
3.03030303030303,-66.6975833698948,-69.4003993868476,7.18080598113751,5.89910706841965
4.04040404040404,-66.9303020156145,-69.1098780957308,7.58256152046873,6.29423461994867
5.05050505050505,-67.5915105673336,-66.1287610971181,7.99191990302941,7.12127777932581
6.06060606060606,-64.5127889098297,-67.5897308989769,10.3271064579439,8.80074890105495
7.07070707070707,-61.7899427070595,-62.5105899224627,17.4535941904118,14.3017084397609
8.08080808080808,-61.5116257453184,-61.4106289121419,22.8603708417978,16.5508335983514
9.09090909090909,-61.4883600616642,-61.1407766020877,27.3906086686501,21.6508484965778
10.1010101010101,-58.3041966031748,-57.0355378059864,29.5197276296116,26.4223964659155
11.1111111111111,-54.1322659286497,-55.6934085986566,32.7355552928935,29.9054990335302
12.1212121212121,-54.1066013765795,-55.8653694144968,34.9382596889013,34.4469156135146
13.1313131313131,-52.4072846341893,-53.1548001750518,36.8290050970781,36.1601868018781
14.1414141414141,-50.181124208172,-52.5118058704725,38.7964607288706,37.5034238260892
15.1515151515152,-48.3868427734878,-50.8046671575814,38.9973396253981,39.2207465128677
16.1616161616162,-43.8047337851526,-48.3219297268982,41.0775780030408,39.1776218611791
17.1717171717172,-43.8125505710159,-45.4191070382853,41.9410056072084,40.296668880379
18.1818181818182,-41.7741185119079,-44.4753631679657,44.0327757002627,42.8534572250549
19.1919191919192,-38.6294331005416,-41.0160950451295,45.9380999468253,44.8417311957788
20.2020202020202,-37.8463186123231,-39.2444820008547,47.4055751415739,47.9278526459572
21.2121212121212,-34.0429366731849,-34.9921252322301,48.9887371192675,49.9318449659054
22.2222222222222,-31.3733394441287,-33.4825916774535,49.8075856524411,51.5665883748714
23.2323232323232,-28.4421674639444,-29.7342604751051,51.4575561178829,51.6295481875417
24.2424242424242,-26.84293531024,-28.2048124619094,51.1493238046812,51.9532369357821
25.2525252525253,-26.3800968934646,-24.0137064767298,51.1134186922673,52.5582441573925
26.2626262626263,-22.4480040400487,-18.9202349870813,50.7161784989761,51.9661802297169
27.2727272727273,-18.9556968892679,-17.6528398896926,50.2358635055272,52.2608397259705
28.2828282828283,-16.6706706822485,-12.4235239994345,51.0800696265753,53.3516228006073
29.2929292929293,-13.141912395656,-11.0409343867312,51.7026024448563,54.1466772754803
30.3030303030303,-11.1920517311148,-9.63139741967394,51.5955670425261,54.8938546143678
31.3131313131313,-6.98657816010307,-4.50846351280103,50.7738906259505,54.9826077739089
32.3232323232323,-5.05340076232595,-1.91319629122021,49.0855781658496,52.2645650921979
33.3333333333333,0.407028601379829,2.06598639608963,47.8532355399532,49.8444715851936
34.3434343434343,1.58882263485508,4.99100804039287,44.5073863838516,44.6821753682009
35.3535353535354,5.91408472500231,9.27255149668136,41.3096687205962,41.6630252817981
36.3636363636364,8.9923450022684,12.9188844071829,34.7977779720344,36.7485774993163
37.3737373737374,10.5696758570084,15.0828683169722,29.9149189289373,31.5336611559891
38.3838383838384,14.602887918039,18.4884006274981,24.2675903268457,25.5421021606571
39.3939393939394,18.0279518180826,20.3715621462866,21.0659910211391,20.4030268535601
40.4040404040404,19.5850439203282,22.4893371120954,16.9822099279432,18.855245866991
41.4141414141414,21.6221961996607,27.4109922603209,15.2271808845616,15.7226938835127
42.4242424242424,26.0665637773695,29.4858829929734,12.8316651814717,12.4835683161229
43.4343434343434,29.0529553885434,31.0212080517335,9.8547308770432,9.88549431322936
44.4444444444444,31.7931896795047,33.5453716390625,7.6949610431619,6.15905527398342
45.4545454545455,30.9278467656666,33.2373216641356,2.57243913776984,2.03794048850651
46.4646464646465,36.4605795671404,37.6413519020994,0.812615254624706,-0.0329904155749973
47.4747474747475,36.1635874194226,37.6958075216962,-5.05633971247626,-1.02402127055716
48.4848484848485,35.307260509702,37.4652302924737,-3.36369977409788,-3.92667694357579
49.4949494949495,38.1678478571089,39.1105152868981,-5.20142668493522,-5.80552997994984
50.5050505050505,36.9146185137594,41.142734668168,-3.70638230882599,-4.74136289526556
51.5151515151515,40.171054507665,39.9197508882569,-3.32547774450475,-4.28232570082062
52.5252525252525,35.3474527362254,38.8317584883725,-3.76219209513046,-3.71570612746599
53.5353535353535,37.6388952774569,37.5050943798709,-3.71460644308838,-1.89904188016556
54.5454545454545,36.0209483152847,39.1957176788139,-3.43708793425331,-1.23958503323512
55.5555555555556,35.5900012791055,37.1442758534581,-4.19905218315952,-1.82510472394562
56.5656565656566,33.7332517964396,37.1000045457002,-4.12429752020445,-2.19608251927787
57.5757575757576,32.8332518773265,36.6398649332478,-2.98581558570627,-1.52788232622124
58.5858585858586,28.3831175841684,35.0172376338205,-2.28957470617165,-0.424298950920301
59.5959595959596,29.6028433828291,34.507171817331,-3.63728411659044,-3.34552988659138
60.6060606060606,26.7276943652057,33.9377205132581,-4.30004781593073,-1.38388231492878
61.6161616161616,24.8045532533956,28.5094327010276,-2.88234352003992,-2.94304031292237
62.6262626262626,22.8546404579467,25.8992714817663,-3.3365445817875,-3.89699174477674
63.6363636363636,18.3918224499737,22.2821344502079,-2.11967392748009,-3.84169012266072
64.6464646464647,18.0995337069433,20.168556868804,-2.38674423362769,-3.54979986102041
65.6565656565657,16.2372684100837,17.0709027700867,-2.69456374420976,-2.75088178746622
66.6666666666667,10.0105446516778,15.7130131061539,-2.76892257416534,-2.67102814761527
67.6767676767677,10.8543444529012,11.4727231430753,-2.82435175871972,-3.38304150842426
68.6868686868687,6.5823857304479,7.27516871925698,-1.4424658460207,-3.85383926694355
69.6969696969697,6.0113368102588,5.23448150855927,-2.40281701391965,-1.80543601590414
70.7070707070707,2.22533214947427,0.958402677719827,-1.53178480382678,-1.62182171014775
71.7171717171717,-1.844769044007,-1.60940854282236,-0.940579644487858,-1.04206827079285
72.7272727272727,-1.74311495383033,-5.60894107291421,-1.52499827459424,-0.782041152588798
73.7373737373737,-6.04034916815815,-9.44424833923605,-1.59459549034502,-0.335794014091913
74.7474747474748,-10.3705956326275,-12.3499437692758,-1.37122537132587,-0.000694474065433697
75.7575757575758,-11.1755964748094,-16.127722329004,-0.0662424059493856,0.129464656826204
76.7676767676768,-16.8462198911016,-19.4132562740631,-1.02493474711107,0.279811067331869
77.7777777777778,-17.7287595016985,-20.6721486362929,-0.847311891031836,-0.14712294257849
78.7878787878788,-21.0346325864766,-23.8407453867509,-1.24382968201775,0.404112091304907
79.7979797979798,-24.1713859626888,-25.3784718510468,-0.968551294611319,-0.274607895218503
80.8080808080808,-26.5611082324934,-31.9544366126677,-1.44438314426485,-0.261821742541487
81.8181818181818,-29.4923581835052,-33.0912092030016,-0.109242078318117,-0.815675476098817
82.8282828282828,-32.757794923085,-37.1662125875841,0.147798017074218,-0.472258855780839
83.8383838383838,-33.4448908146901,-40.8108564165327,-0.355708431174613,-1.15028644380549
84.8484848484849,-37.9234450893717,-40.7516866956228,0.215188555793757,0.335359364959669
85.8585858585859,-39.5987932402133,-44.3893917995435,-0.526409704481994,-0.13556167234724
86.8686868686869,-44.3262992717004,-47.9649258495819,-0.0915294268006223,0.0758401496887678
87.8787878787879,-46.5107815749803,-49.4632112166728,-0.275848001325822,-0.168474317181336
88.8888888888889,-49.5467033428442,-52.5746469785432,-0.0524454653708243,0.190709242797751
89.8989898989899,-50.7325492229628,-53.5683336436466,0.964976581172426,0.0148015848824695
90.9090909090909,-54.8185837514965,-56.1285536355188,0.600447850554102,0.854294679310775
91.9191919191919,-58.3444624453054,-59.7595810879193,0.927346345589139,1.44738287453175
92.9292929292929,-62.2855201935657,-61.7102060946997,2.59725124745139,2.00451410488262
93.939393939394,-64.0932204642332,-64.9130416526941,2.10085462386652,3.11410404997243
94.949494949495,-63.3745718858766,-65.3840089186002,2.96736249869087,3.57632545998761
95.959595959596,-66.9975969195685,-68.0277602164924,3.00259365921734,3.41785925321051
96.969696969697,-62.4869741827485,-68.6333820901312,4.69870950664306,3.9015396462072
97.979797979798,-68.2323536190473,-69.3171446580027,5.10026651389572,3.61734437906732
98.989898989899,-67.5092879008915,-71.5750260303766,6.32023134184198,4.61359982957939
0,-74.9685564115496,-76.1793258221378,5.4411995707911,7.6831341988113
0.980392156862745,-75.3385745797069,-75.6903802301583,6.47604843690802,8.95853033585286
1.96078431372549,-75.0397582243037,-75.4445175690617,5.87500063308782,6.31261298875539
2.94117647058824,-72.5341740357744,-77.2901421624397,7.2664832085925,8.36825166409155
3.92156862745098,-70.3574502949321,-73.0322520244649,7.76403462994704,9.25730932766293
4.90196078431372,-70.8742742471744,-72.841909859345,10.9215292479803,12.397259678058
5.88235294117647,-68.9001285150868,-73.3820425202524,14.8739051323057,15.1831983211068
6.86274509803922,-65.1748855390382,-68.8389306352151,18.4899500829517,19.2993595572309
7.84313725490196,-65.3317572956006,-68.13750458027,20.3921124233667,22.753702927088
8.8235294117647,-62.5360311528165,-68.1398889905901,21.3773369943625,25.5802570833812
9.80392156862745,-61.9738159218333,-65.8130886104476,25.3445025699639,27.737810675873
10.7843137254902,-60.5661040401526,-63.6738681445524,29.4532795716493,30.6418467776379
11.7647058823529,-57.6031680865143,-62.1061142795712,32.5898943485764,34.0478176752698
12.7450980392157,-57.5630283973312,-62.5746231646616,35.3139983369081,35.9323394275321
13.7254901960784,-52.6975516043079,-61.3408026597644,37.3282798518619,36.9091744173389
14.7058823529412,-53.3555033127316,-57.4311793511476,40.5532159652586,38.8817686184091
15.6862745098039,-51.9589683901873,-55.6251417554003,42.2083563077713,41.499529545514
16.6666666666667,-48.2632305701745,-53.1362868111374,45.3293577005987,43.0992118690148
17.6470588235294,-46.4088535811628,-50.1307108808087,47.568747455001,45.4849123543835
18.6274509803922,-44.2817795693129,-48.5370644728204,47.4593732602125,46.0862446516132
19.6078431372549,-41.4495022243795,-46.6993834252467,48.5526492142351,49.1520658464295
20.5882352941176,-40.495277492236,-44.7046267091898,49.7575222399679,49.4892200343633
21.5686274509804,-37.0803415548416,-42.5923825273691,49.8640682635218,50.5223651238873
22.5490196078431,-33.7634642856112,-38.2063640934268,51.8253541074255,50.6011645286287
23.5294117647059,-30.5089743619201,-36.2843927075305,50.9742255325591,50.4084733516592
24.5098039215686,-28.9101615543724,-34.1560040306442,49.5744441826219,47.9924017301675
25.4901960784314,-27.6464193023403,-32.7445264913773,48.5638318573125,46.6000217911885
26.4705882352941,-25.525314655423,-28.7022223181414,47.0194478270677,43.2777370176734
27.4509803921569,-21.8771476385389,-25.8710721361714,44.0896795248234,42.9163585333494
28.4313725490196,-18.9387033610437,-23.6912265475711,42.4415854312219,42.1845055762585
29.4117647058824,-13.6110098021131,-20.2966761742265,39.6631483023491,41.7897284706348
30.3921568627451,-14.3690778081019,-17.0192863037417,37.7537058727535,41.2436089569096
31.3725490196078,-9.68508287756646,-13.5893302565792,33.8562332092461,39.9582744136406
32.3529411764706,-5.89083178770932,-10.5280733495728,31.3723754184132,36.6777340348335
33.3333333333333,-6.0042915855424,-6.95836683136528,28.8041113760866,34.0362748682775
34.3137254901961,-3.52494851005618,-4.97099932256768,27.010512019323,30.8338151251994
35.2941176470588,1.07672472325913,-1.08002158334661,24.9583174857036,28.3155116926415
36.2745098039216,4.0980577937273,-0.199418012038198,23.1617340204527,27.1117181652045
37.2549019607843,7.37336015918211,4.04546994384927,20.9256378835823,24.8956647614605
38.2352941176471,9.69828033578528,7.34755400964167,19.5770000777567,23.3826516197083
39.2156862745098,14.7799042039439,10.1237891133987,18.3090526566516,20.9843369489196
40.1960784313725,18.04103096385,12.4041002390855,17.6629997684396,19.3496419025989
41.1764705882353,18.0716321866043,17.575020915498,14.2413782939956,17.6509735086198
42.156862745098,22.4236874349889,21.4254907191534,13.0817427519918,14.7907749132342
43.1372549019608,23.891782720665,23.6140346269163,10.898631714687,11.787166302673
44.1176470588235,25.9127045495842,23.7764578689856,8.67109722763992,11.4160165803755
45.0980392156863,29.0311993958501,27.2934875421566,6.404319999894,7.29987780032703
46.078431372549,31.2353152958338,28.7543138500061,3.10579845299817,4.77607193314556
47.0588235294118,32.1750355112528,33.2808750870532,1.20304853564062,2.85713789595358
48.0392156862745,34.0675026929934,32.8244522287424,0.726822222340956,0.467212938885034
49.0196078431373,33.1837842974304,33.7388960784528,-0.870685489936057,-0.683930746297221
50,37.6022909085038,34.3992047240861,-1.92384446963931,-1.84855825539124
50.9803921568627,35.7265231575661,37.8782681081298,-1.65791146477095,-1.84482987155959
51.9607843137255,37.6937295908941,36.887283062076,-2.7303168379871,-2.70997721289041
52.9411764705882,36.5134291140034,40.7262106655069,-3.25234538375683,-2.28652571723432
53.921568627451,37.6574323776131,38.0133505686778,-3.6296196080288,-1.74854715015594
54.9019607843137,37.8892269795399,40.1119340095721,-3.53261157430455,-2.22177456029953
55.8823529411765,38.6059298143563,38.1951481722046,-3.65600557687758,-2.64853831143156
56.8627450980392,36.8076881130324,38.5235321475401,-3.11408127309883,-2.91235550803083
57.843137254902,36.6217480821941,36.8766898329431,-2.63121390142345,-2.82818654213093
58.8235294117647,35.341326270847,35.9575120597254,-3.04358908841698,-2.30093728845809
59.8039215686275,35.2146141478667,34.4437629065793,-2.16229385113557,-2.61854623378981
60.7843137254902,34.2983288436773,34.4849155818667,-3.09307517143488,-1.85916132004997
61.7647058823529,31.9259284137547,32.6602151986129,-2.75700569495696,-2.00593082416251
62.7450980392157,29.0087304432092,29.6034605277059,-3.03598817663946,-2.1871501822737
63.7254901960784,28.8618323890848,28.1752734813935,-2.77639530509311,-2.0058093650002
64.7058823529412,25.8455469630702,24.7542570552727,-2.03641976459127,-2.89473034191395
65.6862745098039,21.8872190461134,25.8359280578925,-2.27046521711444,-2.58052313360883
66.6666666666667,21.4257258105793,20.4731416161904,-2.88616270067757,-1.27477280394115
67.6470588235294,18.2686580536244,21.7734132537538,-2.44526197948912,-1.3186836358706
68.6274509803922,16.9713481862158,14.1868124060093,-2.43102111736965,-2.15953405679336
69.6078431372549,14.2203173056216,9.83090686514651,-2.50470154888048,-1.49318827820002
70.5882352941176,10.977855320471,8.35555485044878,-1.49686033311302,-0.975826350990055
71.5686274509804,5.47177153788183,6.5918163879044,-2.52962988453457,-1.92820455964448
72.5490196078431,2.77462885322912,0.0437326391274886,-2.44571592783962,-2.09982215675285
73.5294117647059,0.18474209208022,-1.40160284420442,-2.00287593715507,-1.30311184964565
74.5098039215686,-1.59186157583044,-6.07291882489579,-1.58768752524498,-0.834160983414242
75.4901960784314,-2.46646800948416,-7.71953496636958,-1.14604548747782,-1.81403754483617
76.4705882352941,-9.3568602931075,-13.8733468507756,-1.46420561128768,0.376486855994599
77.4509803921569,-12.3161041857826,-15.1180518851665,-1.58433680066152,0.504154532432598
78.4313725490196,-14.561397403769,-19.3677665404481,-0.0612388347394872,0.0832380732603681
79.4117647058823,-18.2139890013968,-22.7631278520918,0.213289338159684,0.0760921010027136
80.3921568627451,-24.7870868980476,-27.0352435163777,-0.910072504442948,-0.225474050056279
81.3725490196078,-24.2836138223309,-30.7566429028676,-0.453651766249128,0.196720250552977
82.3529411764706,-30.6910303796103,-32.73675294444,0.194991360109146,0.0752782678354814
83.3333333333333,-34.7590721397457,-38.7700553509894,0.424812100038533,0.775203228287658
84.3137254901961,-37.1741261987457,-42.69168611098,0.775803186020997,0.212381160589144
85.2941176470588,-40.8620840960375,-44.4148878477136,1.42085226819949,1.06315433834242
86.2745098039216,-46.322067765559,-47.5187218330616,0.181440168818975,1.88880198070695
87.2549019607843,-48.5192790620985,-50.0549933687897,1.93593278658543,2.31831735009906
88.2352941176471,-53.37551893514,-55.5854630702733,2.28580299680588,2.65294389440711
89.2156862745098,-56.3354766107963,-57.559425128641,3.06904004282837,3.24624007944371
90.1960784313725,-59.9617991726099,-60.3544435251256,3.08394220340248,3.36770196263493
91.1764705882353,-61.8004035314532,-63.8786114375224,3.53467424958478,4.56629631612714
92.156862745098,-66.7991093224175,-66.8598540702542,3.08358071507865,2.94926176497562
93.1372549019608,-66.636551160702,-69.3757548661624,3.25185890703754,4.82216377920395
94.1176470588235,-70.1007724243532,-70.6396020253355,5.73365640495293,4.77249372929123
95.0980392156863,-72.2840434052165,-72.3577711515055,4.03797063808976,3.64631600514418
96.078431372549,-72.7879282794721,-72.9762477885356,4.50804335567254,4.61077760059368
97.0588235294118,-73.5383006467425,-75.1121056505004,6.35799943715816,7.76442079385315
98.0392156862745,-74.837575663585,-76.5376040749735,6.76025902446666,7.23869740027695
99.0196078431373,-74.0035086854556,-78.4630725847527,4.43357618415577,7.61651996951842
0,-72.693146580773,-67.2090734964676,8.45735456968315,5.57237081319066
1,-74.6870949086136,-65.6876444940014,8.53216177385099,5.86447689415712
2,-70.9575885255722,-61.9485872954345,8.68508308729741,6.21929328726647
3,-72.6508620442122,-62.4978451417267,9.16949234017113,5.41624759103979
4,-68.7379518898583,-63.485078913101,10.9906947164681,6.15744686426711
5,-66.9356678128283,-60.4970521928029,15.731768986509,8.62337414415313
6,-66.5116087807308,-59.3550044081566,19.8783525991101,12.0058754206611
7,-65.1968312140076,-56.2130389281705,22.2800091788229,16.1646276423184
8,-60.6977419115761,-55.3619606327117,23.6191717724603,16.4177583069392
9,-59.8025499041427,-54.5094339182013,24.2514753266923,16.6361887742882
10,-61.4125291277971,-52.4114432608865,24.9187121984429,15.379090767023
11,-56.2623450440991,-51.1242239242904,25.5341511630671,18.9045122369627
12,-53.11519302611,-49.4181582854488,27.2304362980118,19.0731220026585
13,-52.6386040651533,-49.5122986577364,27.2705805100188,20.8393232246752
14,-49.4057816922302,-45.7905081471793,27.9818898408582,21.7083051601764
15,-47.9681008277189,-42.7662793778233,27.8027277378361,21.9574086117208
16,-46.3590568300233,-41.4182454507108,27.4713025622444,23.3469706809406
17,-43.628794997591,-39.9670636897979,27.9679905357411,23.3040759532823
18,-41.3485871167835,-36.73059446132,29.1166109521004,24.5003474387971
19,-39.8871265622483,-32.9051038400125,31.5077606357409,25.9283693299402
20,-35.3904289148824,-31.3719854096653,35.0089615082634,28.1450075788154
21,-34.7277215874663,-29.1807257717381,38.1523665925812,30.0346759190221
22,-32.7032165358619,-24.8675293700837,40.4595679188745,32.7184297397909
23,-30.2205261978529,-22.547045450658,41.9651632815785,34.8709877991014
24,-26.6395933925345,-21.7103463109534,42.0651132300188,38.0748800678416
25,-23.7932136262339,-17.2439091791588,40.9558507137433,39.1077216422443
26,-20.4726833332575,-11.7692595153819,40.7440646302355,39.5263211544472
27,-19.4853513043382,-12.3945346950074,39.6382371421349,39.2111355750266
28,-15.6203413204386,-7.60131985843931,38.7861439744332,39.2313524814976
29,-11.1098490316307,-5.35865969546689,38.0427875521895,37.2134158213691
30,-9.98432471051851,-1.17141918009473,35.1367403434339,36.164918577616
31,-6.32654441356668,3.17839232985688,32.0176954679619,33.0525353459347
32,-3.51429457620228,6.26608422276952,27.7703356622726,32.1673680657344
33,-2.49221674624029,8.3439750592173,24.4059052412463,28.97857396104
34,4.08603698163381,8.93526337039759,22.9056585921911,25.8792189828685
35,7.33259995479667,16.5784269351786,21.0395694927796,24.980097996896
36,8.45900929612066,19.0809909407525,19.1835197921258,22.4325655792444
37,11.838123412764,22.3282261471887,19.1003527411758,20.5426881845666
38,16.1076498743823,24.415023012518,18.5384852981847,18.7229557555162
39,18.4018270707495,28.1567380557956,19.1784864903777,17.7618797385055
40,25.0491664694153,31.0284537717037,16.276343277403,18.3483780856535
41,25.9466260141398,35.7320272367833,14.849745903467,17.1079721356266
42,29.4775703158493,36.4511874505367,11.3186400803723,14.5714058863295
43,32.2252709045343,40.2825773708407,10.4534988981217,11.9078976184645
44,34.5782362842868,40.7802383640426,7.32139994014503,7.86389326465517
45,32.6777087115492,43.4369835148395,3.18195451838986,4.04128061404078
46,35.1039545932744,43.5365407307535,1.38965954603537,1.30813280951054
47,36.5118521618791,48.8463764017395,1.75446141084151,0.35365443461948
48,36.9134330647449,50.0435930928292,0.239480626639612,-0.877397079527713
49,37.9871538772866,51.3801093948559,-1.48921256194582,-2.40801960963494
50,43.0727312654232,51.5686869578536,-1.68258448323849,-2.91866630320632
51,42.7228566688901,54.1139625763948,-3.01286265258178,-3.86535336423259
52,41.0511579264028,54.285895693088,-2.71413036312119,-4.03928204145856
53,40.7404490279861,55.1842456330597,-3.15070115951793,-4.26332445378529
54,42.7844991250678,53.3480894277936,-2.65452016071662,-3.21938272628768
55,42.6825072606834,52.1990389754717,-1.7066034852026,-2.27169086503221
56,42.4218157178738,53.7003203939366,-1.25082671040137,-1.176342665232
57,41.5979377373048,51.3354948669214,-2.13894770846804,-1.8019256701129
58,39.9783057263701,52.0750530493139,-2.63501925160375,-1.58163945075002
59,37.6607919877966,48.3121251653075,-2.87172227344715,-2.18950311590984
60,35.3063140017996,46.0793789592658,-2.4909925726644,-3.44215937063378
61,32.2348177720212,42.6891151672949,-2.85094523361248,-3.04839447926329
62,31.9575096951067,40.8890339781923,-2.24821036719462,-2.78328038661473
63,31.5158061996581,41.2040375521241,-1.3434653359775,-2.79488102582265
64,26.7498431387131,35.818865811924,-2.69217427396362,-2.80826316946817
65,23.9103339431989,32.772535893744,-2.29804678383653,-2.27105698569466
66,19.5330015423836,31.9568065555515,-1.64672518278489,-2.50111949660936
67,19.1841799641732,25.6483175424958,-2.18834325041864,-3.17726247077197
68,13.3120980683148,24.8058372755799,-0.663360631702653,-2.24185815894778
69,12.1715764956739,21.5132093563299,-1.30399701087482,-2.90996643850623
70,8.48151353796443,18.0036439119072,-2.34237389461506,-1.70160172079032
71,7.11020640816787,17.5941556834085,-1.70082446143554,-2.01833487238857
72,3.78698995050989,9.17958511160819,-0.861173977567239,-1.51419911188839
73,-0.473894438402433,6.46277578837679,-1.66172793154583,-2.56531465981844
74,-4.89482278733093,3.78125837661146,-1.73342239427398,-1.10592116815021
75,-7.44782604233168,1.70965563532326,-1.16542946970507,-0.243781021225045
76,-13.1763850724088,-2.50471922591443,-1.43735519304556,-0.0178448883635473
77,-16.029380771313,-5.98382230058888,-0.304727905121491,-0.281629075716185
78,-19.921454923229,-9.86449502108757,-0.687723705417429,-0.627165915534117
79,-22.9248346236565,-12.9856530379358,-0.607096102659577,-0.453174626212816
80,-23.6568992886449,-16.2257731553794,-0.691523744199472,-0.100367118661405
81,-29.3205587696567,-19.7365113057761,0.341628387245955,-0.248431144141719
82,-33.5309277671024,-25.9805998832598,0.278904976317115,0.466380825969789
83,-37.0427904156049,-28.5835963140305,-0.195504470269126,-0.631936279316723
84,-37.3844106119903,-30.5638858610964,0.333607151131095,1.4345947551656
85,-41.8646321837687,-33.2654966089826,0.173954937006323,1.0808745274899
86,-44.8814036873719,-37.1569050002733,0.0150256798149218,0.805165694614564
87,-50.3251976478889,-40.508017483882,1.40290305145081,1.24741968121219
88,-51.9667359287888,-44.6254045884609,1.48385513873611,1.72041306650956
89,-56.5932174537173,-46.1474744570705,1.21392655290642,1.36261728810682
90,-58.3059033300847,-48.8554531808433,2.79699959309332,1.90804676972031
91,-61.3821031320278,-52.9895224184645,2.7012609217689,1.55726370966786
92,-62.9967439664164,-56.0780259591191,3.36638238620019,2.74085437223698
93,-65.9534379195253,-59.1058455662509,3.67339203689553,2.41946000117761
94,-67.0286925977944,-58.2437159635623,4.05896214765022,2.84319116295889
95,-69.3720975087383,-62.6760953362567,4.83099132341125,3.96868138649561
96,-70.8166064579723,-60.8198981467123,5.27446860855127,4.47357255074111
97,-71.3336382357932,-64.7332113106642,6.55083859982687,5.93233755674273
98,-71.2752120473978,-65.1356963736957,8.96266028387968,6.35114137777061
99,-75.7368409338703,-67.0163079315861,8.78462608819635,6.86636253193928
0,-75.6790403167516,-71.5087836900335,9.02654673184163,8.33451972526596
0.980392156862745,-74.9359665890737,-72.1103802875388,9.41862024119463,8.60388397235896
1.96078431372549,-72.0743394198965,-72.0639112401102,9.78641718998649,8.12457190234754
2.94117647058824,-73.8149767084539,-71.6282097024082,10.3432715155692,9.73665435751872
3.92156862745098,-70.7475094834703,-68.4683982811275,12.2766797207258,10.6742949043249
4.90196078431372,-68.072970478201,-66.0677782333589,15.1168037680435,11.7475834850514
5.88235294117647,-66.937511763861,-64.2937201125955,19.5898219443515,16.8389651538189
6.86274509803922,-66.2640570344581,-64.0841976715297,23.7379255121777,20.0717066304715
7.84313725490196,-64.0860743693565,-61.293086557472,28.3135816049924,23.0987929145838
8.8235294117647,-61.068162579233,-60.516969886468,32.7072263053395,26.427115860065
9.80392156862745,-60.8623344726713,-55.8183285691262,36.0567547163428,26.457066615271
10.7843137254902,-59.4899128384767,-56.0063245212489,37.9834352416595,27.2726636498836
11.7647058823529,-55.3951558053087,-54.632478949293,38.8881094682393,28.245813218293
12.7450980392157,-56.0323265154306,-50.4457117338642,39.4898680061137,28.5358433431714
13.7254901960784,-51.7950491981401,-49.862350770683,41.9539654107924,29.671516967288
14.7058823529412,-50.4259792382354,-48.3342569411543,44.4944217145522,30.8479149420421
15.6862745098039,-47.7835336532302,-45.477169827686,45.4952484731569,33.40964936506
16.6666666666667,-45.2998426097873,-45.5831482421161,48.4772477999753,34.3615026702244
17.6470588235294,-43.8510274521904,-44.4114570475463,50.4803099927936,36.6839996670208
18.6274509803922,-41.0523026791507,-37.7434955683011,52.0815687746565,37.9528116402755
19.6078431372549,-37.1744455650871,-37.1064463407384,52.7240023259452,39.8818892573271
20.5882352941176,-37.7549193617542,-33.4855487043619,53.348802162792,41.2668606821276
21.5686274509804,-33.1927615991596,-31.6744702499492,53.1338051144767,41.608978447003
22.5490196078431,-32.0839974425766,-29.0848660843575,53.7943876970834,43.9219841481701
23.5294117647059,-27.5737332105326,-28.4054687485966,52.3979713652819,43.2611676330747
24.5098039215686,-24.8856808130802,-22.9946956452142,51.3011519363502,43.79416468287
25.4901960784314,-22.7253009017126,-23.8843208358689,50.6503181018916,43.8638570333434
26.4705882352941,-20.3488647719433,-18.5079909759723,49.2371530483007,44.1919105066102
27.4509803921569,-19.8306033012909,-14.4414006334097,47.1717902368578,43.1510394417885
28.4313725490196,-15.444715323111,-13.057974997594,43.783391250054,41.6242660863833
29.4117647058824,-15.3073974497362,-9.43280753392202,42.1629854418319,39.7436307307364
30.3921568627451,-6.63806302903622,-7.12319945886563,39.2449795945751,37.0353760126799
31.3725490196078,-5.49178191967637,-1.47842825522604,37.7088991008597,35.4846215490342
32.3529411764706,-3.72285560354278,1.023026945134,33.9374928869742,32.6386806634397
33.3333333333333,-2.04906203873708,1.68674861914389,31.3505054996778,31.5111109141363
34.3137254901961,3.352021155964,6.02123883523735,27.9957843432271,30.5147321022435
35.2941176470588,6.96763915508588,8.90367293284818,26.5752612272131,27.6862417948828
36.2745098039216,10.3620478846238,11.9848333338118,24.0586338249173,23.8035019754607
37.2549019607843,12.9051229865545,17.4712403437738,21.4200196656616,20.4165969573453
38.2352941176471,14.815456353304,20.9646049751312,19.4872935393399,17.6332451101481
39.2156862745098,19.353059190052,23.2732056032549,17.8078623314755,14.1722254802207
40.1960784313725,22.3899178432783,26.5582811820882,14.8197426614255,11.2556523809446
41.1764705882353,25.7431429810684,26.9212034029637,10.3261696359665,9.46689483922631
42.156862745098,26.0769627926906,29.7478011462334,8.84407761745801,6.62789628586779
43.1372549019608,30.6878757825899,33.7319532119982,6.54433836990642,5.2988019102277
44.1176470588235,30.6184960089302,34.0274582944478,4.97075985386218,4.64412864130826
45.0980392156863,32.9771941449806,37.4139676597979,3.44675459099007,2.96197681202352
46.078431372549,34.8262188599539,34.8137134737209,1.46013783588061,1.65048299215612
47.0588235294118,36.7289002379092,37.3430835723143,0.516219267863053,1.12413130636805
48.0392156862745,38.7125221760297,39.9789388041657,-2.19256503509567,-0.217043807292742
49.0196078431373,39.4883156022839,41.7572033595288,-3.75019904613822,-0.839962145919096
50,40.8378524736641,43.7887587810551,-3.79413479815172,-2.61834413614591
50.9803921568627,41.692106987076,43.1830259098888,-4.7207349928389,-2.86715520952195
51.9607843137255,43.0908711684152,42.897982809827,-3.28316231174686,-3.22531769718586
52.9411764705882,43.0083496637076,43.9135203746075,-4.02690491822389,-2.73689888699512
53.921568627451,41.6502104926683,43.517345965052,-3.11656472630352,-1.00163503450201
54.9019607843137,40.5717951588782,42.653027638737,-1.72234853439323,-0.227257231917984
55.8823529411765,37.2277167808985,41.8081127264237,-1.55089948493279,-0.356047120356527
56.8627450980392,37.9358432812958,37.8649200849564,-2.79889198493492,-1.34965949270584
57.843137254902,34.0018785934484,37.6551539878881,-2.395869569184,-0.478785052075571
58.8235294117647,33.7455267602931,37.6418301925981,-1.8998842468276,-1.05048366325509
59.8039215686275,31.852650339425,34.861086585021,-2.34336261899399,-1.57071675259334
60.7843137254902,27.346734418133,31.8038933519442,-2.27621581576944,-2.36618746622804
61.7647058823529,26.3134522160024,31.5518599189924,-2.63476395185135,-1.09018763819954
62.7450980392157,22.7800793836222,26.1447895090675,-2.43577126135233,-1.78497134500869
63.7254901960784,19.3974160609629,24.738939791286,-1.41724449336004,-0.724530999248491
64.7058823529412,19.1174363593095,21.5621521229015,-1.4230681820429,-1.12308910996555
65.6862745098039,16.1868211445797,18.94091287314,-1.79268719598411,0.0759999149128856
66.6666666666667,11.4230115756222,17.0529886809138,-1.1226070479289,-0.864457181393415
67.6470588235294,8.88215053192951,14.555608367129,-0.341082646516151,0.264687410125807
68.6274509803922,7.85283103400935,10.7787702308745,-0.406357169430091,0.347158347223287
69.6078431372549,1.34068441258382,7.43983171789478,-0.627354473646202,0.973374018946136
70.5882352941176,0.0814423934843151,4.4660492471881,0.141745743826393,0.629818464115054
71.5686274509804,-2.22289838811441,-0.595893173509537,-0.616941677699802,0.608281572458861
72.5490196078431,-6.19324685627196,-2.53679354818174,-0.629560488267185,0.780245872134222
73.5294117647059,-9.05133609438169,-7.52606537891699,-0.991405642478777,0.234416527637362
74.5098039215686,-11.0734703915595,-10.342051019837,-0.0793855401214518,0.991799655659593
75.4901960784314,-16.5524063954901,-11.7747627025592,-0.735285848833919,0.464384495857395
76.4705882352941,-17.8038527626696,-15.6582237012832,0.00527921517458474,1.05902278052469
77.4509803921569,-21.9537887840389,-17.9538294277764,-0.148076813268501,0.607883296466534
78.4313725490196,-22.8797407569695,-21.4332421516958,-0.863030661803763,1.03125078191369
79.4117647058823,-27.8636763048629,-23.1895799417652,-0.854515167473185,1.13415450290821
80.3921568627451,-29.3967812524488,-25.3750369968797,-1.42295388251625,1.12862576596592
81.3725490196078,-31.7272584544076,-29.6990116068328,0.296919453432072,1.18005317928151
82.3529411764706,-35.759024667257,-35.3107115793458,0.793379938665227,0.866759917009899
83.3333333333333,-38.8939826157272,-34.4684675521715,0.816955994910833,0.811090969757266
84.3137254901961,-41.9818651781987,-37.7798778054669,1.02920916822835,0.50803356823682
85.2941176470588,-43.8140923332482,-41.5168585988134,1.42948319756317,0.381208916319171
86.2745098039216,-47.8597891576438,-44.9543148596156,1.38685610433505,0.876914101272729
87.2549019607843,-50.5592997537593,-47.4461899407648,1.61415111224618,0.947984479255582
88.2352941176471,-53.572356427586,-50.1736133383928,2.09414097825092,1.46802239396084
89.2156862745098,-57.7307659514611,-56.97566551492,1.7368776477751,1.82977503758703
90.1960784313725,-60.6572328578974,-56.8039314859081,3.08736210870331,2.66195151591412
91.1764705882353,-63.8336848494583,-61.3589597443739,2.92481289054477,2.5037128022563
92.156862745098,-66.2973417438762,-63.2753443734282,2.45650534372167,4.10668855364294
93.1372549019608,-65.5956876620884,-62.6650055013592,4.4086607745942,3.62062973679537
94.1176470588235,-66.5370317136958,-64.3595523377327,6.06400434652354,5.5033077238362
95.0980392156863,-68.9912768595397,-66.2558435656893,7.6138919526633,5.32120121475138
96.078431372549,-72.1591576358032,-67.1953697080025,7.60555067455406,6.26082999960225
97.0588235294118,-71.4810209050651,-69.8597321915825,7.44396732941295,6.56501011113127
98.0392156862745,-70.7026215392727,-69.6092292236039,8.05161422008098,7.72420365476588
99.0196078431373,-73.6479716709447,-70.2870065912265,8.37101421538354,8.90603572410732
0,-72.2377130100898,-77.1003780789031,6.29636175188461,4.60857786395609
0.99009900990099,-67.7996483158083,-74.5306272805566,5.7578199642619,3.05171964589781
1.98019801980198,-68.3104115702303,-75.2386673044849,5.46230882150435,1.90088100515416
2.97029702970297,-67.1575396487338,-72.3586814367213,8.05281793217848,3.1829552730011
3.96039603960396,-65.150356256391,-73.466297301126,10.4404967207324,2.8417723363506
4.95049504950495,-63.4592781009996,-71.7179953206201,12.7457798887528,4.06938795903227
5.94059405940594,-60.6133649009807,-67.8249213410592,15.1209315352659,7.05108460749738
6.93069306930693,-59.1686907388941,-68.7049637319993,17.7647100723634,9.02595758063919
7.92079207920792,-58.755755841677,-65.5073813521928,19.9799065358179,11.5405232029917
8.91089108910891,-57.9174260602693,-64.1435760972481,20.500612181535,15.4476764186679
9.9009900990099,-55.5978170386023,-64.0098516148504,22.4352065094965,17.8881069637543
10.8910891089109,-52.8066485185846,-61.7942579946379,22.3151384130968,18.3641068483223
11.8811881188119,-53.5415097818419,-61.3349181186068,24.7597181547898,19.8424426932755
12.8712871287129,-50.8030789502737,-59.5712130862688,28.4008075798742,22.3686339015466
13.8613861386139,-47.3000292154379,-57.0332701120899,29.9678509559102,24.8262907435851
14.8514851485149,-44.9409330126486,-53.5548664692672,31.5984530047424,29.4316195955348
15.8415841584158,-42.4672331827039,-52.3841278608755,33.8313767223554,33.9604817705743
16.8316831683168,-41.3497676971642,-52.9730529531887,35.1852171680928,38.2394973379269
17.8217821782178,-38.3972767997908,-48.4846913344055,38.7725653589288,41.5129484359746
18.8118811881188,-36.4206750436899,-45.9883476375878,42.0396111359945,44.8522425398734
19.8019801980198,-34.1245988497294,-43.6215016857293,43.0647610602573,47.8272483383858
20.7920792079208,-32.7460705735015,-43.3602012437392,45.2230318961088,50.1291716821577
21.7821782178218,-27.7633865969222,-39.6014066779242,46.8984477664177,52.6291408969881
22.7722772277228,-24.6676970580033,-36.6497123124287,48.1237740248029,53.2505562238972
23.7623762376238,-22.5821824176583,-34.5431633278181,47.9477159068998,55.4705016673572
24.7524752475248,-20.9562467210053,-33.0604641441078,47.2899636121807,56.2552643942623
25.7425742574257,-18.0547243347246,-28.7344273864481,46.5333191857455,54.7659339135676
26.7326732673267,-16.970872464871,-26.4467694018519,46.6286700125075,54.8240106805056
27.7227722772277,-13.532373089265,-24.0156718564576,44.1654596636273,51.8094609602784
28.7128712871287,-10.3773045518076,-20.1834020386442,42.6412078797068,50.8086191736046
29.7029702970297,-8.37368627873505,-18.6283789023362,40.3419450902683,47.6335605877106
30.6930693069307,-5.56731265656159,-16.7434842931185,37.8201895912213,43.0199739134398
31.6831683168317,-2.03644955253241,-13.2504983584872,34.6843926550308,40.1228028980344
32.6732673267327,0.677574125089783,-8.0422893773656,31.504882223961,36.3519631934159
33.6633663366337,3.24834441751074,-6.77507766378316,29.3879311984466,33.5133032335344
34.6534653465347,5.6044336508734,-3.62260103490661,28.3393258843618,30.0742577947537
35.6435643564356,8.85105841797961,-1.38256342476499,24.8052880550254,27.2321215604081
36.6336633663366,10.4758960508968,4.04314938081648,24.4546299165448,25.321709452234
37.6237623762376,14.5535833348184,3.84111360469444,21.9953263091256,22.4767857408147
38.6138613861386,16.5644514952921,8.86659999303185,19.123868829245,21.1807990193186
39.6039603960396,21.6995184862405,11.669947745147,17.0244283274709,18.1641868699855
40.5940594059406,23.8668001708729,17.0172977828656,15.9043540153816,15.6613272045891
41.5841584158416,25.808020841982,20.6143126255237,12.1136151430853,13.1567126511763
42.5742574257426,29.001799344602,22.5079105872715,9.57233066620157,11.1551907616821
43.5643564356436,31.2182524560064,24.3195998627354,7.31457534843302,7.36836877278357
44.5544554455446,33.8722040940503,26.9525845170997,4.2099295417132,5.60933352027256
45.5445544554455,32.5587531481968,30.2345632563049,2.032811562515,3.04468487763223
46.5346534653465,36.8682386526875,32.6103083365713,0.936089841302926,2.2088066624034
47.5247524752475,36.2734090000539,33.9558372563815,-0.141889995649898,1.8894770915528
48.5148514851485,38.641942692053,37.8024144166045,0.276133688130574,0.966898415861511
49.5049504950495,39.9563353855842,36.6650300223474,-1.62095984962173,0.898148039462175
50.4950495049505,41.9905497952182,37.1934573426098,-2.99666317967437,-0.334360580119898
51.4851485148515,43.8521057125297,38.5498663760642,-3.77716831453354,-2.5611078227958
52.4752475247525,45.1388963204117,40.083399286387,-3.93768396701432,-2.86657910687306
53.4653465346535,44.964349040719,38.4412832269608,-1.76977220609954,-3.92810239789049
54.4554455445545,43.4510032479668,40.1566885154645,-3.12449657460043,-4.98926296141744
55.4455445544554,45.5676955905378,41.3640902695675,-3.53430759709075,-5.52623988729904
56.4356435643564,42.1938886930785,41.2085806007101,-3.63383378161502,-4.29022600203022
57.4257425742574,41.3251883397024,39.8228005736407,-4.54416725700881,-3.51568397056888
58.4158415841584,41.3864706387773,38.7326147420125,-4.84727845386812,-2.95707469692706
59.4059405940594,38.8379336426889,36.8581748343726,-3.99819408909737,-2.64847737269424
60.3960396039604,38.24000009602,36.4120716188258,-3.81554700282855,-3.3967414506997
61.3861386138614,37.0021165304132,34.5520027993348,-3.81347055233114,-1.51448247011867
62.3762376237624,32.7336419506249,34.1452680726563,-2.83892162478311,-2.69745039203698
63.3663366336634,31.9921846082712,30.4047018796299,-2.80864467939274,-3.2829495545514
64.3564356435644,28.6555578154677,27.1028014280616,-3.04770619426703,-3.77602424849371
65.3465346534653,29.0743990728987,27.0007537094463,-3.49391608721886,-2.80522781442373
66.3366336633663,25.5294890385771,22.7556764212282,-2.60222216847987,-2.6157238241095
67.3267326732673,21.2814422847843,23.2550046475763,-2.25107258409942,-2.58917659359681
68.3168316831683,19.4612611298211,17.5457430026693,-3.11993255200448,-2.95749920150939
69.3069306930693,16.8992279396079,17.4645172417868,-3.57433950030158,-2.93917758939547
70.2970297029703,11.4582795002312,11.3255924781389,-2.01565770492749,-2.53911855044879
71.2871287128713,10.7985329737481,10.9128207249229,-2.92737863391447,-3.09161489438932
72.2772277227723,6.59939949076928,5.34068913759898,-2.68245922832304,-2.32837769365108
73.2673267326733,3.69290077561041,4.11940180951716,-3.24210833052594,-2.24880343836304
74.2574257425743,0.400770304838917,-1.1255406749614,-2.46779498616543,-2.66415399446997
75.2475247524752,-5.13429360727672,-4.80215182975375,-2.97051978497729,-3.9048012148118
76.2376237623762,-5.52869893867304,-8.10923413780049,-2.00517115031805,-2.37905400767158
77.2277227722772,-8.31314324311632,-10.0578183407797,-1.65212588153823,-2.64711055276375
78.2178217821782,-10.7347672591596,-13.4081075161347,-2.0148752070831,-1.27707600092395
79.2079207920792,-14.9285857108615,-17.2005209988713,-2.56499925205416,-1.9792476078373
80.1980198019802,-19.6940045593522,-21.1390071394662,-2.24474432696212,-1.05553475662347
81.1881188118812,-21.9020077066266,-23.2741432112569,-2.28595249752924,-1.98017757216129
82.1782178217822,-28.0061464745877,-28.9435691990885,-0.956868592734456,-1.98690346298176
83.1683168316832,-30.0690006480452,-34.1279760301865,-1.38635526305969,-1.07975815986778
84.1584158415842,-31.5197950528058,-36.7307605160482,-1.19919022473502,-0.665534882444528
85.1485148514851,-35.7510499545913,-40.4660120253571,-0.599340641374327,0.015277002060134
86.1386138613861,-39.6784004107486,-45.4630705646323,-0.317480896735017,-0.444932693522137
87.1287128712871,-44.0228064705159,-48.232256783344,-0.247660072274796,1.4601792175085
88.1188118811881,-47.6703521860095,-51.0875162823845,1.51771071774284,1.94941880168375
89.1089108910891,-50.9191508699347,-54.3480988792052,1.76636842449501,1.86855183113575
90.0990099009901,-54.6118953291617,-59.1833166098359,1.36125235613505,2.4156938861276
91.0891089108911,-55.6163860760893,-60.8640955838583,3.01469828720175,4.21330246460173
92.0792079207921,-57.2739775705857,-66.0348490661978,2.62541062725185,4.4932160500484
93.0693069306931,-61.9138920406271,-67.6302213918008,3.41111501238769,4.43588704902871
94.0594059405941,-63.9791112396071,-68.6809562665738,2.70478778714222,4.60827735294554
95.049504950495,-66.4295725238137,-72.6571031267796,4.58754703596143,5.48443203148144
96.039603960396,-70.0561943831686,-73.4424219676779,5.15359532654776,5.7976865965845
97.029702970297,-66.5164911052092,-75.3705135295295,6.59813020989648,6.5269492290164
98.019801980198,-69.9933095275486,-75.1378366212426,7.58181848272504,6.63457532321503
99.009900990099,-72.0110553672671,-76.4084567794952,8.16951930266543,7.82095050083336
0,-68.6985222651398,-69.7277062667623,8.18733363920626,7.9395059158931
1.02040816326531,-67.4389326224094,-68.1666202745965,9.43798091404389,9.16042015127469
2.04081632653061,-65.7494506361773,-68.5016229401372,9.1343396336575,9.30156883248084
3.06122448979592,-64.0592613102382,-67.247285646643,10.6201784936323,10.6224747373899
4.08163265306122,-62.7923918515935,-65.0450229125307,14.2584463706396,11.7454576573073
5.10204081632653,-61.2426617198638,-60.5002693720466,17.412865452972,15.2704117054019
6.12244897959184,-57.3913324371016,-61.7908699213186,22.2526494643347,20.7236172186472
7.14285714285714,-57.3691598271956,-62.3954357456348,25.0950239529217,24.544880987242
8.16326530612245,-55.5499684214569,-58.3571507662453,28.517201734267,27.5511292929332
9.18367346938776,-51.4650321160427,-56.9850823168624,28.8121589718632,27.9757147863418
10.2040816326531,-52.4626910392052,-54.3760551523346,29.840248431725,28.2304274489544
11.2244897959184,-50.3128032338078,-53.833473075408,31.3397068075858,27.8729038416154
12.2448979591837,-46.6492185160334,-50.163973987791,30.8857107459368,28.5940590330373
13.265306122449,-45.9573770534884,-47.7310173280738,32.1858185505328,30.9422233641521
14.2857142857143,-41.7253950234062,-47.0782286478657,33.36763525895,32.6036731578847
15.3061224489796,-41.3345783786635,-46.053644798351,34.6262690072419,34.5384350149684
16.3265306122449,-37.1960720574709,-42.7819203913089,35.9029677064601,35.6049246015335
17.3469387755102,-34.4753692553638,-40.3478492280783,36.6239833808342,36.5753827074589
18.3673469387755,-32.9996606483579,-36.9988712888405,38.3101186945091,38.1550306359228
19.3877551020408,-29.2811689130278,-36.0956584193869,38.2009611241486,38.6917255346445
20.4081632653061,-29.2176754264345,-33.146898974431,38.3543586665973,39.2199099643934
21.4285714285714,-26.0490809858996,-28.199785251067,38.9837296925807,38.5167075353977
22.4489795918367,-22.6289498189713,-26.6682097579777,39.4421378895443,39.3706686851449
23.469387755102,-21.1409137390301,-21.0790511040123,39.2327652449337,38.9356833416335
24.4897959183673,-17.0022287176435,-18.1903366070558,39.2806805668904,38.1312644739072
25.5102040816327,-14.4235917167907,-16.7704762185915,38.1675179647296,37.0030080110751
26.530612244898,-11.3181462382686,-13.8199977066682,35.8430811347346,36.9361472031068
27.5510204081633,-6.90167758028495,-10.8185777642344,32.2111479200283,33.7799143338328
28.5714285714286,-5.07229416924578,-9.12209185530912,30.1427210905486,32.5350851442802
29.5918367346939,-1.38902300792589,-4.97833184293205,26.4661826157973,28.9199086569176
30.6122448979592,1.75166818946778,-1.29053993543245,24.0267821318675,26.6060550411653
31.6326530612245,3.2970949866327,0.410330730296127,22.6798688813174,22.8470130128061
32.6530612244898,7.5695196282522,4.01633412171222,21.5778514724335,21.9753321862849
33.6734693877551,11.9604723901297,7.31006431256354,18.5311860810081,19.7601954084705
34.6938775510204,13.8679227206659,11.2627580393297,17.1145533187135,17.8558656038182
35.7142857142857,16.6144538764267,15.2255698509622,16.0075246405269,15.5707984312342
36.734693877551,20.5737045553665,17.1258280375756,13.9312910237306,15.3819981062546
37.7551020408163,23.7767349214134,22.5088245359987,12.0432906523053,13.4249132777845
38.7755102040816,24.9679393932113,22.5528265556281,8.92899209560505,11.1609704466273
39.7959183673469,28.22678690522,25.6674553468176,7.301579003029,8.62627110629941
40.8163265306122,29.3683467120178,27.3388288701191,4.27653935204333,6.36735828842964
41.8367346938776,33.2420877572764,32.6680560856196,3.50449880585281,4.48046122724388
42.8571428571429,34.0444471807259,32.1869994281259,2.76162761776407,2.8118289024381
43.8775510204082,35.3036694072422,34.8482253743281,1.49566850806844,2.75663382130737
44.8979591836735,38.5997424453568,38.2255771425245,0.684140316453022,1.63392706240003
45.9183673469388,38.8576414126647,37.600177807058,1.24407031972791,0.51996457616617
46.9387755102041,41.4823402111199,38.1353450580906,-1.15775556234523,-0.68876776371268
47.9591836734694,40.370819233765,39.7630433909174,-1.56890566619189,0.147707696141125
48.9795918367347,40.8164699186132,43.3208649539909,-2.40558055912027,-2.32959535958578
50,43.4275062091795,42.2324831202562,-2.46886126101866,-1.91019100386251
51.0204081632653,43.214378437524,41.9916249202965,-3.73765657291796,-2.36322530565492
52.0408163265306,43.4977048849144,42.3916559605731,-3.80182336997949,-3.43596033959989
53.0612244897959,43.0382160627616,44.2156317970561,-2.53929983114405,-3.28471721845666
54.0816326530612,43.0430337128164,41.5453581950573,-3.29128743815609,-0.748525469628663
55.1020408163265,40.149049855151,42.0824652666965,-1.95252295195125,0.0894391848344172
56.1224489795918,40.9121419020026,41.5472659874134,-1.74000214882772,-0.815125755375019
57.1428571428571,38.5793137907127,39.6115278726512,-1.20148388430552,-1.25805946291132
58.1632653061224,38.6541856340271,36.4983331329069,-1.62685728345032,-1.59917994492187
59.1836734693878,34.3904899211719,36.3594483122718,-0.978153378248647,-1.50136480003399
60.2040816326531,32.8827691035745,35.0079809280945,-0.693862043433078,-1.58720180561677
61.2244897959184,30.8767876712922,31.868378186223,-1.21860433266049,-0.535861612557827
62.2448979591837,27.2214207832762,28.8210629906816,-1.07974383622981,-1.38863236485654
63.265306122449,25.5905553312083,28.0309031698217,-1.55513782660855,-1.02363422853152
64.2857142857143,24.8084168605342,24.6704792132446,-1.02202025706019,-1.3398490390149
65.3061224489796,19.9704341629002,23.8484222196714,-1.14004022655868,-1.04445192126363
66.3265306122449,16.5512195666638,18.0240194879265,-0.224106787595927,-1.13232318827461
67.3469387755102,13.4536559126926,17.1356718354085,-0.756338311591093,-1.35178218372909
68.3673469387755,12.4077054191276,16.1247826523698,-0.0269186443373304,-0.65290220838743
69.3877551020408,7.81631925667126,12.128963949005,-0.585745408570732,-1.71578574989982
70.4081632653061,5.37071300755681,7.86247796011479,-0.071022546830188,-0.592376469762335
71.4285714285714,3.89465182874325,3.14023200089845,0.762469385272301,-0.677748014952013
72.4489795918367,-0.334389267986967,0.467574583294295,-0.184381401287664,-0.300763957622073
73.469387755102,-2.43500269054512,-1.19936233864572,-0.0551412682074,0.191470158139368
74.4897959183673,-8.18311258411267,-2.69082173903968,0.000979564030706259,0.0258384803397003
75.5102040816327,-9.85152180476203,-6.81614134972271,-0.570757452773541,-0.447206059854742
76.530612244898,-12.3060107550784,-9.64460599584392,0.501211730957447,0.0829151719435786
77.5510204081633,-16.2132140476293,-12.6521138124239,-0.781456096473718,0.199051702709968
78.5714285714286,-19.2917682010185,-16.0513655200665,-0.887718195689566,0.337730472891778
79.5918367346939,-20.7535898816236,-17.9348089226583,0.539529249578057,-0.0817474795821637
80.6122448979592,-23.4676840876867,-21.0880954298449,0.0340790314962347,-0.0947923982615763
81.6326530612245,-27.5092820186583,-24.8034283092804,0.00881387927093294,0.375306163741018
82.6530612244898,-28.416314318145,-29.5079852578619,-0.948611252279978,0.221194103209874
83.6734693877551,-32.1016336407894,-30.8107750392624,0.0138998836426555,0.289645438301951
84.6938775510204,-36.4565314381601,-33.3587331254869,-1.25959945111571,0.322524084308525
85.7142857142857,-40.4835758722321,-35.7307012210152,0.0461558099782733,0.475088158609936
86.734693877551,-40.373008694915,-40.3230552534365,0.565481909396521,-0.500067899429861
87.7551020408163,-41.9500516042367,-43.980811555417,1.2451153146944,1.35514059182582
88.7755102040816,-45.4495906881647,-46.5663211756553,2.06677601605796,0.819373107904593
89.7959183673469,-50.3102698844878,-52.002477023163,2.25006647416571,1.57848809785081
90.8163265306122,-54.8926797304781,-52.3134234551299,1.85917985508635,2.48249223999317
91.8367346938776,-55.7419582662031,-58.3176264677836,2.49482350842669,2.4774195281835
92.8571428571429,-57.5871402502606,-58.87818336049,2.95668231423512,2.53195858363063
93.8775510204082,-58.6218558901404,-60.6778423567671,3.34162229293051,2.59628063708647
94.8979591836735,-61.7898251908861,-64.064941402259,3.75619216514275,3.83887538060976
95.9183673469388,-64.743794428698,-64.1642674318943,4.5728190651159,4.94244714149105
96.9387755102041,-65.416147171235,-64.5598481132334,5.53347133466551,6.35557169369052
97.9591836734694,-67.3190115215333,-69.0400723112465,6.53883233184147,7.70496228038639
98.9795918367347,-67.7831109039656,-68.895741805493,7.89350467669905,7.67568071471121
0,-76.2438396644736,-75.858540324326,8.45891351079548,7.53194223532229
1.01010101010101,-75.7647911749648,-75.4669753228919,8.21147683961549,9.82430860025826
2.02020202020202,-75.1629318279749,-74.9655265610576,8.89729054834164,10.1421632927898
3.03030303030303,-73.8683807224987,-72.0368434202732,12.0841912990582,10.4365336540721
4.04040404040404,-72.8012636493966,-72.8103449880105,14.4070325183839,13.4254633954326
5.05050505050505,-72.4140642066692,-69.2184809637693,18.1024172055795,15.3262583842791
6.06060606060606,-68.1262146300089,-68.4551079303225,22.0671012804304,19.6347252778325
7.07070707070707,-68.4770237263124,-64.4114089004294,27.5885558035335,22.7586798896814
8.08080808080808,-64.5189448329229,-67.1418236620431,29.5251937159328,24.4318846584963
9.09090909090909,-63.8930553539992,-63.7214314611433,31.9130763148142,26.8082999012609
10.1010101010101,-60.8900171845491,-63.1035312666417,34.1710834373418,28.3743641836458
11.1111111111111,-60.7725748485441,-60.3445437349856,34.1684696906154,29.4664905927718
12.1212121212121,-58.2639314354876,-58.4495440738745,34.2545936922906,31.1697674354798
13.1313131313131,-57.0107058790372,-56.7567433667414,36.4533427639725,32.527641938528
14.1414141414141,-53.8452225991808,-54.6337421734613,37.4238692217496,33.8722810757386
15.1515151515152,-53.8981997786469,-53.2471165094712,39.4953124296563,34.8889377288656
16.1616161616162,-52.2350562977146,-49.1308995621238,41.8556079486757,34.6904344375691
17.1717171717172,-48.9403840429817,-47.0105973160956,43.5272883502544,32.2829375201621
18.1818181818182,-46.7304726100295,-46.5616526887076,46.9592506121476,32.5414950918145
19.1919191919192,-44.7120924461256,-44.4896719830749,48.3484553454536,35.0583371819848
20.2020202020202,-43.1547484567807,-43.7920472627237,49.2023990558155,37.8448487274684
21.2121212121212,-38.3758744454201,-37.4781376410218,49.7325661804029,39.8849167251996
22.2222222222222,-37.4339048017855,-33.8192542353776,50.0538171993876,41.4400411348821
23.2323232323232,-32.9916405807993,-33.0528174936161,50.7273816816025,43.126684977228
24.2424242424242,-33.6502712991983,-30.3339292645081,52.7744317518191,43.6843732027595
25.2525252525253,-28.9328997283224,-25.9510888747309,53.1912291844308,44.2259209812801
26.2626262626263,-24.6261450329005,-25.1063345180251,53.6803142615582,44.6738951234012
27.2727272727273,-22.0307975996615,-20.4198928268478,52.1529355626353,42.7454589051784
28.2828282828283,-18.9655768729572,-19.4709978497694,52.6525000237556,42.4746975882757
29.2929292929293,-15.135658909445,-12.1082270944035,51.112591201765,40.1023666643064
30.3030303030303,-14.4059334283565,-13.4941008709392,49.1555638897321,37.7363104251294
31.3131313131313,-10.9592834481422,-9.29763003169159,47.123978408637,35.1038811286909
32.3232323232323,-7.69838597917475,-7.843241526964,44.2685624234283,32.2918795903603
33.3333333333333,-3.54641691446466,-1.01893020477154,39.3122424185504,29.0585780397775
34.3434343434343,0.0048569533988132,-2.18292165832589,35.7815048904938,27.0113450781929
35.3535353535354,1.58653700730678,5.17178166512849,32.1904885440059,24.2364672215199
36.3636363636364,4.35483074033434,9.58214061774623,27.6334872643508,22.1952441923079
37.3737373737374,8.88691530311699,12.4003995073624,25.1108960053122,20.1629677731348
38.3838383838384,12.308006850443,16.482571559163,20.1663634103851,16.6302004815929
39.3939393939394,15.4394913511319,16.3359520521693,17.8822811184841,13.7982043947302
40.4040404040404,20.0923264554285,22.586127447725,15.4873029791036,12.0744462233723
41.4141414141414,22.2299117824399,25.0222793992586,11.798107361963,8.65392699945016
42.4242424242424,23.9460364464391,25.2161377203371,8.60418944295481,7.09684570460527
43.4343434343434,26.6254892643534,27.6856208544709,5.9053829845757,4.74725225767617
44.4444444444444,26.083430841744,30.2079043194835,3.79102490026653,2.82727334679557
45.4545454545455,29.0858040478333,32.5412181674847,2.42338627504275,2.52665934995995
46.4646464646465,31.504487320345,37.4805741274036,1.67591552866671,2.65268017961607
47.4747474747475,33.9002923628532,38.7540806324364,0.852731583873842,0.8968528218378
48.4848484848485,38.1426712522665,39.3192345096584,0.519410657191917,-0.53527005384334
49.4949494949495,35.9740733606845,39.3991093351065,-0.48203175141821,-0.278747201780805
50.5050505050505,37.9524055058901,39.0533813462841,-0.345289218526707,-0.452128396410932
51.5151515151515,36.7764623428803,41.4184559295297,-1.10389772620111,-0.0630587760447903
52.5252525252525,37.9221056435401,42.0261314719927,0.429497418818935,-0.0228885748449006
53.5353535353535,39.3157816757877,42.4782586539537,-0.579975958054168,-0.541101334104689
54.5454545454545,37.239686790491,40.9513062151936,-0.556791402587061,-0.117619477472763
55.5555555555556,37.4765474640294,38.1433016219862,-0.833148076685567,0.825221263225329
56.5656565656566,33.4678312387147,38.6025879119756,-1.03129219791677,-0.313090743862021
57.5757575757576,31.6013217197685,35.4304720226679,-1.19743553906058,-0.378015669354785
58.5858585858586,30.2995530758453,32.1757948790908,-1.83857054448006,-0.442843390600744
59.5959595959596,27.7969568076683,32.668146120865,-1.50724177811545,-0.463717794271495
60.6060606060606,25.6050630259263,30.7256015838151,-2.02734123616299,-0.612504458563641
61.6161616161616,23.3059999918033,28.9666882085332,-1.63509041586744,0.0615627242520184
62.6262626262626,20.6785657557344,25.7955043486936,-2.92228848087994,-0.266605199896067
63.6363636363636,20.375308390092,22.7505208076398,-2.03646184147321,-0.917072739560048
64.6464646464647,17.0661939451617,20.1730111325434,-1.50096550762211,-0.538979578405766
65.6565656565657,13.5176321000479,18.0020705779092,-1.2351231378521,-1.37121122663509
66.6666666666667,12.1797118059383,16.0572256471003,-1.61039826786342,-1.86246168023216
67.6767676767677,10.5787225989454,13.8809030013431,-2.05826839514873,-0.562166552263929
68.6868686868687,8.40774311494732,10.2244241430816,-0.964983421309327,-1.41322032574497
69.6969696969697,6.01360250287215,7.84358609407614,-1.50689661986524,-0.144556552340879
70.7070707070707,2.92588698472079,4.82511443280674,-1.66679597214421,-0.94667727278692
71.7171717171717,-0.702581161513945,1.89126168476945,-1.5199506407785,-1.1135306800772
72.7272727272727,-2.38044723807357,-0.503497474300957,-1.06203990047041,-0.222848714540882
73.7373737373737,-8.88224322729657,-4.2022377938819,-1.24343966553742,-0.101469234580091
74.7474747474748,-11.1667658330578,-8.56545395633435,-1.35588553346442,-0.50602937462571
75.7575757575758,-14.0329314292451,-11.3199712636309,-1.71745667435843,-0.389991990980912
76.7676767676768,-16.0566427970139,-12.5306994038241,-1.17845182657614,-0.799534026952851
77.7777777777778,-20.1215594303902,-17.4189386487135,0.239878211907923,-0.759146222818502
78.7878787878788,-24.6424684197875,-19.6239385005349,-0.786990408672243,0.393038111805702
79.7979797979798,-25.0611760607384,-22.8387714288515,-0.464201938665599,0.157580074579214
80.8080808080808,-31.5649893413605,-27.3105754253158,-0.0662018567765817,0.428910036081663
81.8181818181818,-30.861459677787,-29.8936716509655,-0.692594436795534,1.09137409370413
82.8282828282828,-36.5817908554486,-31.0616602107376,-0.148677844261538,0.217766830939798
83.8383838383838,-39.6772011865797,-38.2108368848015,0.186299059533902,0.738031451064283
84.8484848484849,-43.8898773114533,-38.4602212581208,0.635100724193919,1.84188582308066
85.8585858585859,-43.6159262643733,-39.7909156513567,1.39960424525619,0.922404451969156
86.8686868686869,-47.8653643908672,-45.4133635275517,1.97966096465311,0.291025918390452
87.8787878787879,-50.8127392783454,-49.0705276939548,2.28271598965903,1.30880852767322
88.8888888888889,-56.1647861064612,-52.8011211353501,1.83006091712022,2.17980589406661
89.8989898989899,-58.2421633520797,-54.3357928715544,3.41353398193825,1.26891897793619
90.9090909090909,-61.9927531458906,-60.1482971472815,3.6877659785105,2.10198029919108
91.9191919191919,-64.0711142398798,-64.0328106444406,4.27566156312716,3.76322168019489
92.9292929292929,-65.517524352369,-67.0416338094849,5.16870003004674,3.76926131544556
93.939393939394,-68.2373917434069,-68.1958608258192,4.69996889295009,4.18211385981298
94.949494949495,-70.7993412113329,-70.6952230099942,5.94030464972235,6.74366601266653
95.959595959596,-72.3643717779467,-72.0049121074365,6.16946135816484,7.08039434415912
96.969696969697,-73.5236258534186,-72.1818317235064,6.75876345799774,6.3927908306538
97.979797979798,-73.7906021512438,-74.8929081685888,6.84738320454018,6.90704177801645
98.989898989899,-75.826482343478,-76.3489064434331,8.19145347533985,8.01405161800257
0,-72.8156232053497,-77.2096790109873,9.35707884344277,9.90899888204697
0.99009900990099,-74.5996444648063,-76.842186570056,6.63759935497839,8.42843877317599
1.98019801980198,-73.271584790506,-76.8206129499428,7.28294559813494,8.46959221124639
2.97029702970297,-70.1666540856342,-75.3547137903032,8.29405115901691,8.9713826763863
3.96039603960396,-67.3477658965046,-75.9043959462412,8.66774174132074,12.9027283168882
4.95049504950495,-67.5427799702854,-74.3192755233683,12.099950037436,16.6081465878679
5.94059405940594,-65.7167245769699,-71.2989878514279,16.3782356871865,22.2020049029395
6.93069306930693,-67.7786616813134,-68.0319722118023,20.1178459521882,29.0126909884688
7.92079207920792,-66.0431139590747,-68.3087975894282,22.4354639737096,35.0786681435567
8.91089108910891,-64.5616416642351,-68.1860597918756,26.0718843975741,39.0234615541552
9.9009900990099,-63.4182503057962,-64.552593232829,27.0494072663072,41.3452739159884
10.8910891089109,-60.710077056052,-64.0999213931962,30.7798080609954,44.0619199586008
11.8811881188119,-59.6173997961467,-61.6782067419123,33.2077432465799,43.0281352288589
12.8712871287129,-57.1120915454453,-61.5784478053764,36.7031752229126,43.670590921239
13.8613861386139,-56.6932451715426,-58.919680060618,40.9108175515022,43.8601016270316
14.8514851485149,-51.2144621900834,-54.3825326915018,44.9438265740515,42.4376012292083
15.8415841584158,-50.7845377080383,-54.8889545158959,48.785244630634,42.9458316898797
16.8316831683168,-48.0327530572417,-50.8026085815811,49.8027853313333,45.2718145073109
17.8217821782178,-46.9937232593214,-50.1640568180102,50.5269713657019,45.1415788500062
18.8118811881188,-42.9279832589429,-48.5399629890402,51.7505124601583,45.2147713219911
19.8019801980198,-41.5103575355089,-43.2030404339561,53.9630563581626,43.9132740760375
20.7920792079208,-40.7840580782349,-43.0882034926087,54.020324163171,42.9909824662669
21.7821782178218,-35.083813066674,-38.1939099262141,53.2286469623511,40.7005045782972
22.7722772277228,-32.0523613366468,-37.4852196975436,52.8602502043532,37.7901112094966
23.7623762376238,-31.5224792856933,-34.8867053436815,51.8752996675287,35.9581870456418
24.7524752475248,-29.9346984054921,-34.8934814567838,51.32514335451,34.227056950905
25.7425742574257,-27.9174426825036,-32.4169812578373,48.6133017891447,32.3939633647044
26.7326732673267,-22.6182089768398,-27.8675279088164,47.0722286318519,32.1780178861416
27.7227722772277,-19.8349742439964,-23.918380157922,44.7411202856175,31.2242644165137
28.7128712871287,-18.9681910727064,-23.469251035429,42.4701690261317,30.5444733853932
29.7029702970297,-14.7293892826954,-19.9613420217457,40.3972232953884,29.6327735103817
30.6930693069307,-12.6628099178698,-19.4912899536073,38.4191608016351,28.6442128292632
31.6831683168317,-8.55180377985542,-12.818268498565,36.0480465619814,28.1565943694979
32.6732673267327,-5.45335629583991,-13.1393004194614,32.7196030874185,28.5707093650382
33.6633663366337,-3.46582624972329,-7.45789258754652,30.2395495581079,26.1096387404208
34.6534653465347,0.0537108481725878,-4.54961720925656,27.4602600314947,24.6474422808109
35.6435643564356,2.91979023523178,-2.35028143639923,26.4287034218985,23.0344503506007
36.6336633663366,6.45369944265559,3.12322547210607,24.1498230067861,21.3179859897441
37.6237623762376,9.29943705405958,6.03110588112312,23.3261356039476,20.8091127215145
38.6138613861386,13.8144305383892,9.62945076100596,23.1333213611742,20.1345951781173
39.6039603960396,15.3295140958284,11.6060287706498,21.9053263463751,19.1909995152003
40.5940594059406,17.3919679986207,17.1472258410971,20.0141965002108,16.33462443231
41.5841584158416,22.0895553845362,18.9137281800011,16.8552388200138,16.1319945034226
42.5742574257426,25.600975294538,21.6995119852471,13.1873390093881,13.9084128097463
43.5643564356436,27.0783011036759,24.1702395321402,11.150049263308,11.7252463111736
44.5544554455446,28.1518440027402,29.386314391683,9.0899918538822,8.02511485261403
45.5445544554455,32.1617867092379,30.8342963791213,5.45890053795896,6.30365364416231
46.5346534653465,31.999911278114,32.9744958580938,4.26686708105377,3.26113264590728
47.5247524752475,36.047418079044,34.2624781701554,2.97482100139895,1.6155682854715
48.5148514851485,35.4465051357908,35.8122430655777,4.1923532847947,-0.0460644782020093
49.5049504950495,37.3008780275502,37.2509791611573,0.675719722984393,-2.05549968637812
50.4950495049505,39.1879092018297,38.6074763389216,0.101004731296505,-2.13407204647819
51.4851485148515,37.7218451949165,40.2588595616928,-0.0534680915159232,-2.50538563485097
52.4752475247525,40.0104636447414,38.4719807291775,-0.300271997231828,-1.19131884332461
53.4653465346535,39.1971386524376,40.5014234433468,1.04864677360986,-2.52779875504359
54.4554455445545,38.6191110093441,40.8100567154746,0.63808355992952,-0.877096416382584
55.4455445544554,39.1325302512918,42.1287074303009,-0.578130714612689,-1.31797217585988
56.4356435643564,39.9956500591412,41.3625454013438,-0.815605560739221,-1.71508181105598
57.4257425742574,39.7055738681729,39.4206453658337,-0.45373767416607,-1.68924539101248
58.4158415841584,38.7749051136472,39.9369501130371,-0.87355383004697,-1.0053650310648
59.4059405940594,37.32017170235,37.1988298309303,-0.914205965507219,-1.34375320392105
60.3960396039604,33.7759666000759,34.6276372873646,-0.862916054433327,-0.788584939008678
61.3861386138614,30.3479775381564,34.3167040606222,-1.12497311287694,-1.34228618420533
62.3762376237624,27.9174005248482,32.3544081900625,-0.951550414396948,-1.11637833706158
63.3663366336634,25.5853934360301,28.0325542628282,-0.782620435501871,-2.46687439864178
64.3564356435644,22.8350641922398,25.3345619880518,-1.18912729424761,-2.6043867146392
65.3465346534653,20.6724672769047,23.3289899498929,-1.30790543287689,-3.01540709170858
66.3366336633663,17.0585563908855,19.5085404452487,-1.51918713096407,-2.13941685122171
67.3267326732673,14.5514462363607,15.4159603685719,-1.27160557519021,-0.930282693576557
68.3168316831683,11.1972854946248,14.4605845367272,-1.57440792021631,-0.617221986445108
69.3069306930693,8.50963406837829,9.7535086545541,-0.414905508584186,-1.13904997130041
70.2970297029703,7.47090660621417,6.66318160618071,-1.65910736974246,-2.39082008665086
71.2871287128713,2.64082085948268,2.9489015316749,-0.32340471945001,-0.926194955126676
72.2772277227723,-1.38634650424054,4.10204600967973,-0.0431030231529083,-1.3145822405279
73.2673267326733,-3.07374351043895,-2.36440336382671,-0.420190248011506,-0.162243195516847
74.2574257425743,-8.29591445008188,-8.81418236865083,-0.801626274239464,0.38214201116283
75.2475247524752,-11.2681740264718,-11.0118936300622,-0.931187728077968,-0.210286135204588
76.2376237623762,-12.6205812728483,-14.7591036559565,0.191074092416698,0.231064679467444
77.2277227722772,-19.3137934317116,-16.9144495022087,0.202514441334237,-0.197028699589977
78.2178217821782,-20.5895083461738,-21.617787882446,0.392826603739958,0.740638100406966
79.2079207920792,-23.4180176866352,-22.7319698907651,1.12752098802655,0.392193215196501
80.1980198019802,-25.0613274242462,-27.8809721349473,0.65935734676608,1.05272472111254
81.1881188118812,-29.7180095137457,-32.6039375995463,-0.160430138866243,2.00911019235791
82.1782178217822,-33.5906297115585,-35.6298803042395,-0.348139732742347,1.23744162261716
83.1683168316832,-35.1478663634289,-38.3557063417738,-0.224929600867815,0.525588288202569
84.1584158415842,-38.8199938023286,-40.226206197749,-0.372061243011478,-0.343248621981152
85.1485148514851,-42.0305213888905,-44.081601360003,0.0552433346216745,1.24761576789851
86.1386138613861,-44.564402006583,-47.7544876965396,0.974905956589406,-0.374604427315272
87.1287128712871,-47.9733001101642,-51.0225779848332,0.947884628385249,0.261965166133749
88.1188118811881,-49.718302183819,-52.1271434316529,1.52520970639797,0.188724794150113
89.1089108910891,-55.1112371873489,-58.1362794440944,0.673582397088432,0.31777890937439
90.0990099009901,-58.6953657040078,-59.7477755394716,0.520219786822327,1.65826530177184
91.0891089108911,-57.1836795688154,-64.6459929559354,1.53513960013445,2.68199447866575
92.0792079207921,-65.423930777791,-66.4099144191767,2.65779838162416,3.7721694533347
93.0693069306931,-67.2179526818349,-69.6760834014976,2.55456813695921,4.45681174709098
94.0594059405941,-66.1889671276903,-71.2411350088616,4.06206807095182,5.79779386645695
95.049504950495,-70.8488737164966,-73.9068636743362,5.67858544594788,5.49911587570734
96.039603960396,-70.8077151932249,-75.9211324850881,5.02074784725779,4.93469676221974
97.029702970297,-72.674977149631,-77.1189485825827,7.21492788865253,5.0706735577909
98.019801980198,-74.7489329315724,-76.7047749012956,9.81765281390537,7.96568211737571
99.009900990099,-72.9502126880515,-75.2798293553921,10.5470587070201,8.26517261265475
0,-69.9237931674336,-68.3108522533901,7.75875609751352,7.94305563228909
1,-68.6764164989894,-68.6850626237417,6.2923392209029,8.78153062090028
2,-69.6990143004495,-69.0699317196806,6.29705548439871,7.79616201082067
3,-67.420357137516,-67.0814548149359,6.59103526713062,10.4309500253524
4,-66.8181110904673,-65.3931998975442,9.39663461958693,12.3863712206011
5,-62.0925573850143,-63.948869071407,13.6853618434835,14.7737099597998
6,-62.6865573787825,-60.1409066641229,16.9716423871598,17.3994945198434
7,-58.5243301267566,-60.9730172513997,20.1784539849789,22.2777040054178
8,-57.7497130159626,-58.9421564185926,22.6136560412484,23.5517078394967
9,-55.4195593691491,-59.6810661441278,23.7521718792331,26.9911778433338
10,-54.2970466251776,-53.3357185780641,24.8060063883266,28.2266831546537
11,-53.2672147126477,-54.9597228233605,26.8345574611428,30.2786719299702
12,-50.3697121083616,-51.6085201509635,27.1644782676644,29.7939167519479
13,-49.6243608469517,-50.2108549865338,29.1226041535924,32.4998489170592
14,-46.9511890510025,-46.5711250421902,30.2573239028615,32.3798558337153
15,-44.8582745379349,-43.9372539427639,31.1242981815537,33.2692225871793
16,-42.797531283118,-43.2806500358932,31.6859845017905,35.4285193521863
17,-41.3876943284532,-40.0181820478045,32.9527796361269,35.5774296022311
18,-37.7351139157346,-37.6512249935608,34.0729613855835,37.409070972542
19,-34.9777358332783,-36.9109072418453,34.9690608673943,37.7844989470749
20,-32.8021228242968,-31.7622411426782,35.1402737837155,37.0184128837508
21,-29.9130568051103,-29.6860831417824,36.4698924548379,37.7372644274368
22,-27.0598474007921,-26.6998113840342,38.0471717051118,36.7892357954051
23,-23.1247931379535,-24.6350231915845,37.9861943478864,36.9793436105394
24,-23.4007754314365,-20.4816915366066,37.2012477314364,35.9305273739656
25,-20.3962576902231,-16.7413055028867,36.8052601262783,36.8612064749549
26,-17.2760168335247,-16.9896342777255,37.2734290588878,34.8716349437547
27,-15.070916039953,-10.2334864922355,37.0739695687424,34.6589938529255
28,-12.0976237988015,-13.2787731444912,36.5468570578902,33.8412495791663
29,-9.02265327096725,-6.27003198396399,35.9239706063304,33.7010812861743
30,-7.81395331613651,-4.02631151366673,33.6322463394455,33.3822152560616
31,-2.11452101426029,-0.574054032030372,32.1629878760576,32.0403930189261
32,2.36868687455548,2.65538924458371,28.7889552411723,30.9344615947555
33,3.15135827655564,7.52378354589218,24.9695614263433,29.8297390952318
34,7.37674339935604,6.07607708456041,23.1309743401998,27.5549302074383
35,11.5934125014901,11.2440414366537,21.4229833276805,24.8429066876986
36,12.5058065825596,16.2352451408256,18.0148466209912,22.2769034618757
37,15.23660395591,18.4060682214086,16.3287705504886,19.89694748416
38,19.3900422881067,20.417428354694,15.1924570830576,17.5211818584429
39,22.2366962076537,24.9841283544877,14.2145234999015,15.8116957694183
40,26.0572335204453,26.5392186724516,12.2929996062547,13.8345278945023
41,28.6993373203483,30.2185015620517,10.5871090751482,11.459688880411
42,33.5533296959478,31.6517699417902,9.11613403630031,8.69485981418087
43,32.2253159596946,35.0763981754885,7.16153376574141,6.79858232791298
44,37.158986606695,36.6038641635194,5.83722841836241,3.41370845853831
45,36.1371722956734,39.5381521391314,3.4559895979893,3.05477625517368
46,38.8487355535441,40.7725360260207,1.23785264395662,1.80026865590865
47,40.0938278311395,39.6418932271832,0.959154296140749,1.05675097647462
48,40.2017037500654,42.875989029878,0.432789232165548,1.32434739752702
49,45.0740282589188,42.795585650615,-0.104833560680034,-1.38011639159477
50,45.1092945596294,43.8463630524061,-0.0833784228148153,-1.21932762397171
51,45.7403551450153,44.9729255249184,-1.31183503569165,-1.81737214105864
52,45.6478418580747,46.1093156671143,-2.57651557080708,-2.89297960302022
53,46.7612185909989,46.327057162875,-2.40576554696519,-1.01488271966304
54,45.5647540925712,45.9530068850741,-3.36982444642794,-0.806127563135877
55,45.7503764494541,43.0212395668702,-2.51074397297568,-1.14638900396678
56,44.2534979784159,45.7853571396804,-1.75182256659579,-1.63021497611364
57,43.3503318357978,44.7281051604374,-1.40212860801965,-0.145907183701124
58,42.6124968432734,43.1543517577453,-1.24978349056099,0.172950053516443
59,40.3967308509158,43.4338585167502,-1.375842224921,-1.72748589077264
60,41.780827900812,43.1084667557702,-2.36167623903468,-1.60974395957064
61,36.6531018881097,39.6851865251959,-2.81144237664628,-1.11600429863209
62,35.5344295093989,37.2919833983836,-2.44045878188806,-1.14101281970816
63,31.8597859677117,36.5781306234521,-2.71137660611315,-0.786432744176419
64,31.1070246473338,33.2116768106763,-1.67559958636529,-0.185062813508501
65,26.9024885675703,31.4782495509881,-0.738966138114522,-1.28636928594418
66,24.9671863603189,27.6898428716788,-1.54483518224434,-1.21773750586642
67,22.6286750549652,26.0151190099715,-0.439301113579737,-1.1308180013998
68,20.4675732866524,22.6480767269911,-0.959771182251396,-0.864896793239369
69,15.2883487174639,20.2425077625954,-2.43472366511247,-0.104368830878
70,13.9110594088796,16.2092298907156,-1.83344809736357,-0.45435154508775
71,12.6485874711129,14.5329270753018,-1.28934268509941,-1.08152090860319
72,8.75361257706905,10.5784202710818,-1.69751151564115,-1.00682507009901
73,5.39003078874346,8.24235259086938,-1.79250435626394,-0.495511993282544
74,1.71124412387622,2.63662304910129,-1.65142694714912,-0.093875589378894
75,-0.284667305662644,2.3590735521723,-0.780895583391817,0.0294499274672247
76,-4.88833974678198,-4.58237596646687,-1.20784082769073,-0.0539127553334319
77,-7.21079328420492,-4.93823625934484,-0.530367875021812,0.362884509494597
78,-9.66596861349506,-9.52923708017837,-1.48099615491119,0.0719470770992399
79,-14.9950388354964,-12.3381720291725,-0.264114732596441,-0.35854939927713
80,-16.1435904282512,-14.7100109435402,-0.943832797109602,0.539697383013753
81,-20.5784754674011,-17.8601651810454,-0.799890509405649,0.537216975738092
82,-25.0436296299714,-22.2375569523189,0.147815324231542,0.117843835508554
83,-26.9089092011788,-26.1682975826086,-0.767480129107612,0.507050819853781
84,-29.7183820919096,-29.6758932518294,0.191292366484392,-0.0639269754118625
85,-32.4807338494969,-33.3974712107349,-0.772542909412548,0.576510586927527
86,-37.0240328085625,-36.7946146033941,-0.251880893228658,-0.0945647038316287
87,-38.8650241993726,-40.9326882904886,-0.119075552388758,1.6009706028702
88,-42.5030679050432,-43.6179189793468,0.488168418236094,1.4659858510382
89,-46.9965400384468,-46.4970821438015,1.29890948500476,2.67863333620254
90,-50.2988706172214,-51.4617189335388,1.75643554910531,1.27366587611271
91,-53.6241037261558,-52.820685701029,1.73362249408782,2.39848430741879
92,-55.3634152135604,-55.5609606357417,3.32706158310345,2.81332275337049
93,-59.5815772555541,-58.3413533382275,2.59362789261552,4.03578396483227
94,-59.8144115364979,-60.340311080497,3.37036509401345,4.55734083758679
95,-64.7442526218138,-62.2691479559112,2.88256145488532,5.37405933196858
96,-65.1752017192053,-65.6479448664477,4.56135688120534,6.16636872232028
97,-65.9054467544914,-66.6206136067309,5.68281143507066,7.99293866196248
98,-68.2408567816699,-67.9147614687376,6.65271037041976,8.29522297716084
99,-68.8300889817662,-71.2316076233634,7.27876623513358,7.97007991634424
