"Normalised.Time","Stroke_GateAngle_1_sim_elite_03","Bow_GateAngle_1_sim_elite_03","Stroke_GateForceX_1_sim_elite_03","Bow_GateForceX_1_sim_elite_03"
0,-67.7292811825693,-68.1016461886393,8.47599035842406,5.37639667045581
0.970873786407767,-67.9263980478214,-66.7353932115085,7.21660645670574,6.20988029131191
1.94174757281553,-66.4574466069289,-67.1634578407256,6.29570552108204,7.8741376993708
2.9126213592233,-64.9590058031321,-64.6519130572706,9.03516765624821,9.15473668779941
3.88349514563107,-66.0079740653811,-62.7933639764273,10.2766509446692,11.4541888582141
4.85436893203883,-60.5443248111141,-62.1239312828878,12.1349258874571,12.9385769793209
5.8252427184466,-60.6846091203363,-60.8238711887766,17.1424931295037,17.131580250105
6.79611650485437,-58.2414893667216,-57.521933459662,20.0239862621201,18.7605902493521
7.76699029126214,-58.0270264552812,-58.2699014865342,21.2541606421294,21.1254329868047
8.7378640776699,-53.9090880480789,-52.5185068648686,22.3396446563107,23.0052036964812
9.70873786407767,-52.9746287144572,-54.7962156220444,23.0867279552757,24.7343853818031
10.6796116504854,-51.1525493171898,-52.4166094957166,24.3374315287189,27.0155582718918
11.6504854368932,-49.3434858494915,-51.1985305832172,25.7129059809336,27.6150023008387
12.621359223301,-47.2760911643965,-47.2609659923402,27.2881895665634,28.0434803289241
13.5922330097087,-45.9657344434156,-45.0367129157983,27.4346273994653,29.4977979063124
14.5631067961165,-44.6838766419751,-43.4344167121128,29.0833191886364,30.0275458971031
15.5339805825243,-40.4404302380886,-43.0126019995906,28.7400187915041,30.913605840437
16.504854368932,-38.5431694322344,-38.6069025301237,30.6980060135383,32.0078113648296
17.4757281553398,-36.1650280310371,-37.573590222173,30.2938922548494,34.2781388986714
18.4466019417476,-36.2374062117209,-33.6563669633908,31.4662227768974,34.4550048840595
19.4174757281553,-34.6133046212444,-34.4069980998087,33.0224299519699,33.8306153986266
20.3883495145631,-30.6315901652772,-30.8426680129235,34.0830937747372,33.7537017121344
21.3592233009709,-29.3411790597372,-24.7561356499673,34.312450742241,33.0989699329339
22.3300970873786,-25.2402677905987,-23.7981382104775,33.5774008797293,34.1241474945987
23.3009708737864,-22.4574540137336,-20.3297131061262,33.609085909521,34.2151112755129
24.2718446601942,-20.3759357840096,-17.59938755907,32.9521342686396,34.6249520179436
25.2427184466019,-18.93677259633,-17.113491273809,34.6407428624983,34.5332839476896
26.2135922330097,-15.8626079712985,-12.3249783581004,34.3974718508548,33.3903003657694
27.1844660194175,-12.2332586676558,-9.01349975901701,33.2251261409016,33.0773375219698
28.1553398058252,-8.37328178843386,-7.21197730595593,33.399234945823,32.9797141480244
29.126213592233,-7.3120645949268,-3.85787562991134,32.3202761946432,32.3439539402568
30.0970873786408,-3.68263916244485,-2.13078980022464,31.8317010737601,31.8639153506004
31.0679611650485,-1.10767554306471,0.889191945502225,29.5612788724606,31.6924353461481
32.0388349514563,0.589133953729249,4.32132802105785,26.4509204326173,29.459206517727
33.0097087378641,6.21090881163093,7.59965274168373,23.7328377671529,28.2285655484195
33.9805825242718,10.1353778963914,12.0345563322061,20.6326097933265,25.7613262289794
34.9514563106796,12.7380121778405,13.6306436873221,17.4193276401522,24.181901035439
35.9223300970874,14.3463736130551,16.8166009613823,15.8763533705077,21.1617749584611
36.8932038834951,16.4380718756108,21.3684172014583,15.8350452911973,18.2676429560319
37.8640776699029,20.8981725309162,25.2553210519833,13.4780805695047,16.8712670312672
38.8349514563107,25.8246994649854,27.826187976486,12.0018180910356,15.6712885474091
39.8058252427184,27.1725103572453,29.0463460759441,11.4803752266343,12.55504754837
40.7766990291262,28.5853682077264,32.2569653317921,8.92332034468338,10.6872998126119
41.747572815534,31.0683693225475,33.0347730844984,8.01284679506153,7.61987827566273
42.7184466019417,34.8168352631217,36.6787947648499,5.93319819391016,6.07142216169555
43.6893203883495,36.0171132049989,39.5216369478137,5.82179994200453,4.15174249431893
44.6601941747573,37.06864504484,40.3637164227835,4.17312675795715,2.05167377465745
45.6310679611651,40.0565884524059,42.0337861811259,1.80403670801089,1.36553255831225
46.6019417475728,41.645830518999,44.1772198831212,0.767758110288056,-0.494167780492951
47.5728155339806,42.8226904436922,45.3251391128254,0.622019587180973,0.200674218657124
48.5436893203884,44.8092048038628,44.0577703616276,-1.32880146178289,-0.631785574381575
49.5145631067961,45.2502788432305,46.5528328308497,-1.68820508682144,-1.93207110394377
50.4854368932039,48.735665128667,48.4802130613028,-2.34651608197996,-3.26057479813031
51.4563106796117,48.4119648812986,49.1098463467963,-3.64512174674284,-2.70609718515637
52.4271844660194,48.4450010488791,49.7083080171828,-4.76075496238429,-2.77299318253495
53.3980582524272,46.9184543905811,51.2720789900608,-3.77816918997178,-2.1835216990418
54.368932038835,48.561305667193,48.407825513604,-3.72929912951562,-2.57551675551706
55.3398058252427,46.8942449764347,49.8479843174945,-3.80089587830431,-2.80345377066026
56.3106796116505,46.614745944288,48.2369620490901,-1.84667066103703,-2.541374444352
57.2815533980583,44.8648170164321,46.4621976376802,-2.28776756773509,-2.13289915576161
58.252427184466,44.3668115938386,45.3512229573704,-2.36188124001001,-1.76312253572764
59.2233009708738,42.9205444100818,43.3576162248944,-3.23250489775722,-2.01906454248434
60.1941747572816,42.0673985140809,44.7322521358589,-2.82794483416747,-1.95390404759496
61.1650485436893,40.5798706605894,40.1657231885575,-3.97558769963722,-3.20304911399754
62.1359223300971,38.4185441608595,38.676361937998,-2.9579848826406,-2.07910347526878
63.1067961165049,37.8537233618739,38.247192420215,-4.19838354060006,-2.69845121416321
64.0776699029126,34.5709900886704,35.3348755993296,-2.66110546803272,-2.01557865004936
65.0485436893204,31.4853908236564,31.4662641945548,-4.51221569037581,-1.77033474390221
66.0194174757282,27.6150723856392,29.3315319805921,-1.78448342175779,-2.43728157514749
66.9902912621359,26.4499865234014,28.9412887316065,-2.9226086922833,-1.97532525333133
67.9611650485437,22.8057889216369,25.2884069299779,-3.56106881066679,-1.9428954376902
68.9320388349515,18.9486329766599,23.2592348621428,-1.90512449882694,-0.928896610771534
69.9029126213592,16.6981121871031,19.0004067865632,-2.15140240742648,-1.78449270808149
70.873786407767,15.0767355154455,15.2504614531578,-1.5036608356811,-1.6998673578541
71.8446601941748,11.1836965010153,11.9150884380313,-2.23986204189873,-1.43746221229172
72.8155339805825,9.03625555246109,9.68922388203924,-3.19574003589761,-1.69693862070226
73.7864077669903,3.43028695398722,7.51866543719028,-1.95993556306398,-2.00785539929574
74.7572815533981,1.34897661648942,2.86437207276618,-3.00173826193832,-1.45310919039548
75.7281553398058,0.564568323475493,-0.392883969494274,-2.92218745153868,-3.01080071527813
76.6990291262136,-3.76469066826082,-2.37455478173885,-2.52573049642121,-1.03263517234861
77.6699029126214,-6.3904973855799,-6.04340350419791,-2.87866484830155,-1.72939767075219
78.6407766990291,-10.9436004041107,-8.02106798578683,-2.12715214356288,-1.77913462867072
79.6116504854369,-14.7685017999036,-14.1380405039768,-2.53756344682727,-0.696050149871332
80.5825242718447,-15.1241344613874,-16.0641078815862,-1.37425667245261,-2.02446464666813
81.5533980582524,-22.1880593932196,-19.5378128641931,-1.41725870120925,-1.14834247051982
82.5242718446602,-23.9015512405617,-21.3143962820998,-1.18886848845252,-1.30664040072888
83.495145631068,-25.0070484196376,-24.7359118733832,-1.5609782806321,-0.770562292403025
84.4660194174757,-28.4153976888207,-28.7415898713156,-1.1785619799683,0.0148406050702209
85.4368932038835,-30.6580567751435,-32.7798305773892,-0.984037913440724,0.0304167565942899
86.4077669902913,-35.7562991824739,-35.5111513882071,-1.12146162318688,-0.700805367209698
87.378640776699,-39.4079161503273,-42.0536413719397,-1.00975563583365,0.351113924649096
88.3495145631068,-42.972159382986,-42.7977120821976,-1.21700144241982,0.780151680925443
89.3203883495146,-46.6104797131359,-46.4478912549562,-0.127168854684736,0.219516347928956
90.2912621359223,-49.2396538574029,-49.047601233557,1.18737560100506,1.19657382954461
91.2621359223301,-51.0665121577763,-50.937169404359,1.425025363448,2.17121583407666
92.2330097087379,-53.8837902962328,-56.9759382922617,1.86908928664582,2.46860597302695
93.2038834951456,-58.559643017966,-58.5440594513146,2.47447692982189,3.92518693993159
94.1747572815534,-59.0844204931816,-60.6076419112961,2.77835036423378,3.54140960743164
95.1456310679612,-60.921313363855,-62.5709841987922,3.28024749694371,5.31362975117128
96.1165048543689,-63.1341773793988,-62.3458274705388,4.65783075020634,6.69929939727248
97.0873786407767,-65.1402313325645,-65.5806934758053,2.44626053462619,5.95104723839356
98.0582524271845,-68.3888110105405,-64.0703208945121,3.82633388871154,6.90384294976331
99.0291262135922,-66.0191499065696,-68.5340934762494,3.40693817593009,6.70200137999037
0,-68.2194116853152,-66.9699801837479,7.21656442250798,5.58441823094282
0.943396226415094,-65.6482599974073,-69.1220487285467,8.31254566730268,5.65306542681997
1.88679245283019,-68.7640735899875,-66.4675039242112,9.06980196203544,5.52626081104841
2.83018867924528,-67.5456272215627,-67.3945423756132,9.05667121061133,7.61593357408288
3.77358490566038,-65.5555563181542,-67.0862712637583,10.723155207297,6.79048460417839
4.71698113207547,-62.6398169125946,-63.6220209563128,12.2315628713708,9.5145740721641
5.66037735849057,-62.4857616239571,-61.447046169464,17.3252056410374,11.9537377468258
6.60377358490566,-59.1799921998324,-59.7981635972351,21.7382572600182,16.4615647244625
7.54716981132075,-57.6165398134019,-57.8771089121382,25.8905191953423,19.6151281847785
8.49056603773585,-56.4265295770792,-57.4349469081735,29.0921136578901,23.4489985765278
9.43396226415094,-54.6870448809492,-54.6241746287378,32.1645805640748,24.7264064555671
10.377358490566,-52.1824668151838,-53.220992703022,34.6792487668406,26.6202093432807
11.3207547169811,-50.7938364535169,-51.1648905051511,35.810408325193,29.7720306272811
12.2641509433962,-49.455204175108,-51.5007634318917,36.1370739533552,30.8736426010202
13.2075471698113,-46.3227974185528,-49.2450603881736,37.2450692307425,31.0410589778796
14.1509433962264,-45.7960796862322,-43.7412385321455,37.7129875401844,33.6937185709484
15.0943396226415,-41.8338819501963,-44.2904688311764,39.8670033828476,35.1474611258881
16.0377358490566,-40.8359049595595,-39.4312762130988,41.9201591807897,36.6326810584163
16.9811320754717,-38.1590544342592,-40.3425911568986,43.0536326648838,38.9771585737208
17.9245283018868,-34.8347909923515,-36.216057855216,45.9107039697841,40.714461912222
18.8679245283019,-31.4219474654498,-34.0299725411089,47.0758458309533,41.9961299238023
19.811320754717,-31.4792293501178,-32.3454574134259,47.9230792804237,44.3574542950282
20.7547169811321,-28.3325542872013,-31.1620890987239,48.299367191195,44.8711877821515
21.6981132075472,-26.7078308915806,-24.32091550436,48.096853702903,45.6447835680728
22.6415094339623,-26.1036582337212,-24.3971090627042,48.0127712004163,45.9785915282352
23.5849056603774,-20.8089981194575,-18.5068896763978,49.6128012884539,46.2340158628225
24.5283018867925,-20.8604750329864,-18.2130617161415,47.8018577344563,46.3344194498802
25.4716981132075,-14.3973272468201,-13.8656203515617,48.3267138094738,48.0899128817233
26.4150943396226,-12.5174586786416,-10.1990171583431,47.9582796651549,48.3107903104439
27.3584905660377,-9.18789521233641,-9.9879646275395,46.7386136014356,49.2708176839649
28.3018867924528,-8.16513371145143,-5.83755023313376,47.6289740194857,50.7619526253568
29.2452830188679,-5.0910377846623,-2.64828900463041,45.4986305708523,50.7316068466747
30.188679245283,-1.05908495192712,1.25779475438795,44.2076827580128,48.8726186161316
31.1320754716981,1.54545500863895,4.70779308894852,41.3964057635876,46.8337390848346
32.0754716981132,3.8050823203671,7.60164223423005,38.3279736833634,43.4661832360547
33.0188679245283,7.60341896300856,7.92455005891965,33.7561247918396,38.9390154424638
33.9622641509434,11.0938961657395,13.0313885834011,30.5473999386584,33.782059899354
34.9056603773585,12.1492840768618,15.5839323291827,27.2246051496704,29.2771485329008
35.8490566037736,16.2996353236177,18.2618226623831,24.213881234644,23.865430669553
36.7924528301887,21.1720887394593,20.6948409333844,20.4655633718521,19.715405822204
37.7358490566038,21.2274832389904,24.3163788524302,16.54362915496,17.4702012261524
38.6792452830189,24.9586931517251,26.7535058870944,14.535500193636,14.5350990805934
39.622641509434,28.7460145688561,30.7208298287496,11.8700227608081,11.406405899108
40.5660377358491,30.6024549306693,32.2467306759473,10.5412432679875,10.0488403143279
41.5094339622642,32.7639197710042,34.8056387982262,8.18385751982727,6.67755903201349
42.4528301886792,35.0965285352101,37.3514411063369,3.64591415999145,3.6943026485237
43.3962264150943,34.2256399404338,39.052294447863,2.20500330668496,1.33012645828268
44.3396226415094,38.5138102435275,37.3035957436316,1.0648123568161,0.581489902179473
45.2830188679245,38.6241145308325,41.0854156404139,-2.10985110670296,-1.44170048904654
46.2264150943396,40.2627951005058,39.5771239259141,-4.28785054737377,-3.97526562963677
47.1698113207547,42.5286844630676,41.4176819832821,-3.68765776254462,-2.41753713174302
48.1132075471698,42.2210064122527,43.2741439391928,-2.91843086119288,-3.36033944312352
49.0566037735849,37.6064081648777,41.9824635059857,-2.10196704809717,-1.89712269812226
50,38.1894407746976,42.4049683437812,-3.37418157725917,-2.56610600526663
50.9433962264151,38.5776405458785,43.3319139432858,-3.14677693967527,-2.3055977359201
51.8867924528302,39.9289826673637,42.0864712095412,-2.0993698998615,-2.1401718429764
52.8301886792453,40.3079750535675,42.502075233952,-1.93888075000865,-0.673167340242085
53.7735849056604,38.5475841307289,42.3967367948916,-1.13026195370273,-1.82132915807958
54.7169811320755,36.472932418495,40.4744027043331,-1.77922995918173,-2.55738271870645
55.6603773584906,35.6576908310228,39.9298368328385,-1.14321106932847,-1.36536688532099
56.6037735849057,32.1970207259581,37.9336820016036,-0.817860434878298,-1.61100945705196
57.5471698113208,30.5366648479582,36.9028120793734,-2.00803897159097,-1.60787459017326
58.4905660377359,29.3987030305818,34.5890231974277,-2.25488724098061,-2.71727971577652
59.4339622641509,27.2725544174947,34.5837467136124,-0.400998340391587,-3.33957371338057
60.377358490566,24.1337732916292,30.8631718541864,-0.994902637064549,-3.5173936604378
61.3207547169811,22.133216105357,27.1253916170016,-1.43416573949685,-2.96501535799057
62.2641509433962,22.6099995186323,24.9039561564147,-1.10719132252176,-2.69376143695811
63.2075471698113,19.7091406998466,21.9138305352543,-1.58242059560147,-2.1768858231884
64.1509433962264,16.328782135608,18.5750539434196,-0.179589461734828,-1.7010360471909
65.0943396226415,15.2433519449244,16.8604648604085,-1.16694093240829,-1.09232077592917
66.0377358490566,12.3742940865022,12.9323154359266,-1.03508175157339,-1.97206297083682
66.9811320754717,10.0915395654309,10.1876316091858,-1.24484348187294,-2.05290349752969
67.9245283018868,6.86396887703564,6.96295799511915,-2.03633508395825,-2.024427405122
68.8679245283019,4.17078020652011,2.71800340634055,-1.00516483207206,-1.53602934785483
69.811320754717,1.75225626402533,-1.02047425784062,-1.50257327420767,-1.06429869322025
70.7547169811321,-0.250033928373784,-4.67471115478392,-0.856933205855599,-0.981758290773836
71.6981132075472,-5.08585945154281,-5.1219104694919,-0.847231124876641,-0.328698733325017
72.6415094339623,-5.26495795506865,-7.27140843049011,-0.933059656360292,0.278068515267066
73.5849056603774,-6.10550647292977,-10.7062434114081,-0.375759678999738,-0.192282501055144
74.5283018867924,-10.2463101325833,-13.9023752293075,-0.446608894266547,0.441017394240846
75.4716981132076,-13.9543968430983,-17.2398214391043,-0.853038109188227,-0.355004664647684
76.4150943396226,-14.5273015461488,-21.064113938182,0.113431325809308,-0.952975316836547
77.3584905660377,-17.0812408479154,-22.4511348435017,-0.654445604211413,0.335459615724348
78.3018867924528,-21.3203315814672,-25.2666826118445,-1.09149421803366,-0.472645158139303
79.2452830188679,-23.762810291679,-26.0551027647044,-0.199854580912578,0.935843511046624
80.188679245283,-25.8042690943141,-28.697783891919,0.438088189240739,-0.559566433182294
81.1320754716981,-28.8864756302691,-32.4828680515379,0.475733424466163,1.00913351874434
82.0754716981132,-30.920041353364,-36.3532653723677,0.811658669591726,0.0974238033931968
83.0188679245283,-34.7160278990718,-39.8050565949493,0.65174265578883,0.394857027540096
83.9622641509434,-37.3949285517515,-40.9240437201153,0.723732924989344,-0.288271778806523
84.9056603773585,-39.7662351883809,-42.9002239885007,1.26661717781614,0.509115428589984
85.8490566037736,-41.6867499097741,-46.0207998364356,1.57977522659339,0.764133816162598
86.7924528301887,-44.8009359235168,-48.0072613835027,0.510898375333137,0.204069909387497
87.7358490566038,-46.3001796862863,-51.3665342450908,0.686807354201129,0.984480141900135
88.6792452830189,-49.4211288897082,-51.2973412973873,1.21054910695381,1.59315706250385
89.622641509434,-50.7009805281773,-56.0159418852103,1.32950968058474,1.69372339576493
90.5660377358491,-54.0761828803294,-56.8376858189393,1.15772847687422,2.22724117847906
91.5094339622642,-56.5250692411234,-60.6901805722739,2.48708204953159,3.05971167725196
92.4528301886792,-58.8259500705474,-62.9349743193521,2.92992708052965,2.98224142414265
93.3962264150943,-60.9787309795186,-62.519132825121,3.2817582109763,3.24419339283579
94.3396226415094,-63.0899100522123,-65.9270469440675,3.35012380416828,3.07792288298315
95.2830188679245,-65.5545537838804,-66.7323727707023,2.92238814115839,2.79932423818917
96.2264150943396,-67.0852443591312,-66.8172578725633,5.25205586052737,3.04045436396245
97.1698113207547,-66.9792144886329,-69.0610581635422,6.32038183916804,3.499946511839
98.1132075471698,-66.5302308520503,-67.8361101048072,5.79968811983455,5.1299999489147
99.0566037735849,-67.4835628078804,-69.6243046290637,6.09921206115945,5.13097118164826
0,-69.8186986206146,-64.8697733643248,6.44914753918381,5.21562851213345
0.961538461538462,-70.8794234464656,-64.4020757068954,6.45667789780047,3.37614137022265
1.92307692307692,-69.774678689624,-62.8076894908785,6.71736057426541,3.98791019194684
2.88461538461538,-66.7075228222737,-64.4730227390644,8.03070997434229,2.66855390896497
3.84615384615385,-62.9902586896646,-62.8583089676769,9.51405638462585,4.29175348474863
4.80769230769231,-61.8824896806887,-59.4806548714602,10.1470544470985,6.08005578744807
5.76923076923077,-60.2242266629666,-58.2823283435294,12.6955427421995,8.11494501294601
6.73076923076923,-60.5706864999102,-57.8190909926036,16.6045403985944,10.6514486455865
7.69230769230769,-57.8840965065593,-56.8961044514775,21.1504313268694,13.2273622035696
8.65384615384615,-56.7630663729524,-54.7609921158972,23.9064049628746,17.2245042891064
9.61538461538461,-54.8734838380953,-54.0828485283372,26.9442525304742,18.3247162872372
10.5769230769231,-54.4237546734914,-50.8086524695867,28.9506954539468,21.3824610734204
11.5384615384615,-51.9082015712483,-47.4370652770898,32.0594600003259,23.1435439360641
12.5,-48.3676814652953,-46.4003538202629,34.493027536378,25.4225895543158
13.4615384615385,-46.3208065589024,-44.7359933590349,37.0861468761962,26.1825013149861
14.4230769230769,-45.6353609643564,-43.5035942260529,38.8557497050972,28.1220888906594
15.3846153846154,-43.1859830639707,-41.4045107907637,40.0592003739393,28.7171185838366
16.3461538461538,-39.0890522986295,-40.4133278601013,41.558767205596,30.397576685904
17.3076923076923,-37.4849192845047,-37.1983403375524,42.6034370202626,32.1604381611548
18.2692307692308,-37.9262984398158,-35.1895179403291,42.5894691481865,34.7403243747404
19.2307692307692,-34.6398350921522,-31.7197178236928,44.0458933694054,35.6578298542656
20.1923076923077,-32.7280924046508,-29.3325322797384,45.4288500878426,37.6515628375544
21.1538461538462,-31.0407819199545,-28.2425109651219,44.988886753977,38.398466311025
22.1153846153846,-27.923701545979,-27.9298790121609,44.849535084457,38.4814961507276
23.0769230769231,-23.6156842943069,-22.3592880777305,43.7891695347852,38.923731272435
24.0384615384615,-21.7727188906326,-21.3688197788359,43.5010651897743,38.846787629654
25,-20.4996759820525,-17.4168801958942,43.238143633597,38.5692953530776
25.9615384615385,-18.1478064021917,-15.6158436338699,42.6372572502664,38.5337800994826
26.9230769230769,-15.6533301559645,-11.1729108033929,41.3330177682193,38.5804694161382
27.8846153846154,-10.4192931085154,-10.3084660442937,39.6327402571802,38.6148357467842
28.8461538461538,-9.29112543896774,-6.93204987670985,37.3355122369653,36.7214474416978
29.8076923076923,-6.27541322128596,-3.36726963712154,33.7455234982058,34.6786509968132
30.7692307692308,-3.79210974374504,1.63927840882412,32.7592645664783,31.6930248146255
31.7307692307692,-0.28155011635547,2.86815208812238,29.273913715927,29.5553916134788
32.6923076923077,2.87512971985036,8.86336156581381,26.9599057871091,25.0113877644992
33.6538461538462,5.02661536134964,10.5785873104087,23.6495565830226,23.8222020639235
34.6153846153846,7.22286033984803,12.7638194927977,21.492857149082,20.2121114769628
35.5769230769231,11.619464129051,16.5990994418444,20.10621017124,18.6514779917647
36.5384615384615,14.4076631224432,18.1793179408396,17.2646062233983,17.2202871691791
37.5,17.4525033995566,21.747814936487,14.5788669570148,15.275359770619
38.4615384615385,21.4216165848124,24.5236981480087,13.030071195588,13.7063685615172
39.4230769230769,25.2038757326046,27.1775962386394,10.2179348327858,11.7288558089569
40.3846153846154,26.6957377126402,32.1029252473024,7.94192451078875,8.89744153288685
41.3461538461538,27.1207484426185,33.025711417845,5.8300862223066,7.01899285450058
42.3076923076923,29.8989493911979,34.2549682835132,5.4786208499802,4.97852012510453
43.2692307692308,32.7944178452945,35.8401731704924,4.11076394920891,3.84378116112241
44.2307692307692,34.8818515125651,40.3550889572376,2.82260041021458,1.58256906132815
45.1923076923077,37.0238254399739,40.5219663668037,1.70003492356543,0.228340778111554
46.1538461538462,37.8174778717088,40.7155917496591,0.996004346463705,-0.20572187959622
47.1153846153846,40.4954555725509,44.6451169365619,0.97470017564435,-0.10003217706236
48.0769230769231,41.133051092869,43.681439941924,0.799272441817944,-1.11385887999116
49.0384615384615,40.9607565395068,46.9803933858136,-0.138067272591213,-0.887073515845858
50,41.7534429179514,46.8479567099805,-0.971106210876351,-2.81191692693784
50.9615384615385,44.5590758376239,45.0432975159171,-1.83267116297229,-4.12453113748629
51.9230769230769,45.1158750380535,46.8676579158752,-2.23917190921409,-3.67432187455938
52.8846153846154,46.7303665789613,49.1347235815497,-2.95810519280952,-3.47004309920853
53.8461538461538,43.0127035915712,48.2075166219725,-3.22077107205133,-3.78882765475154
54.8076923076923,42.2289283419786,48.6599272625407,-2.77503102825257,-2.9070952794693
55.7692307692308,42.4797426578316,45.3719971313004,-3.19646478066933,-2.09982800279663
56.7307692307692,39.8908977742517,43.845187501765,-1.53940338056865,-1.65005407597045
57.6923076923077,41.884188846183,41.3330102499443,-1.66509732231272,-2.6082710346533
58.6538461538462,40.0433572963438,40.8789350900979,-2.40370055393724,-3.56040958424875
59.6153846153846,36.5105315437245,39.8160652356187,-1.12213076524488,-1.56830378652549
60.5769230769231,35.4898314277624,37.0593378750739,-0.742618719489108,-2.37241339134707
61.5384615384615,31.9567715949027,32.1507818732816,-1.15449353436286,-2.25601073674022
62.5,29.0530267169657,30.5589889391794,-1.0484458836062,-1.45927467299678
63.4615384615385,26.7048466284288,29.7230153994267,-1.11361814839398,-2.88562360356733
64.4230769230769,24.3530888128977,27.5025025144928,-0.468438211231243,-2.103775883507
65.3846153846154,21.443329869716,24.1083346680589,-1.03801711504002,-1.6674349319743
66.3461538461539,18.2201962895907,21.4813906742857,-1.43048827596873,-2.44418524997121
67.3076923076923,13.8539602284864,16.4547369860779,-1.10241820927272,-2.90449250496555
68.2692307692308,11.2284485968606,17.1853532105655,-0.710065754995971,-1.62785926171595
69.2307692307692,9.69606063668333,11.3436821533188,-1.55026599354023,-1.81457529691556
70.1923076923077,6.67569968939007,10.6639901418812,-0.664320191762546,-1.62700045212038
71.1538461538462,3.62543894283879,7.54586091591314,-1.10973259081275,-1.98899247112254
72.1153846153846,0.0810695396940448,5.31347142402223,-0.665003292955917,-3.02427619980167
73.0769230769231,-2.48016511850255,2.0604284114108,-1.42616516052707,-1.55639790367022
74.0384615384615,-2.56609575036166,-2.73329880747271,-1.46748148047647,-2.20311907733121
75,-5.70974536482766,-2.67176086882325,-0.964178160130221,-2.06762776070145
75.9615384615385,-8.69359732832765,-6.21955071090735,-1.18329130297768,-1.81797737762247
76.9230769230769,-12.3317583244061,-11.0743693427654,0.0302740132070719,-1.61664666474354
77.8846153846154,-17.7752704259881,-12.5913728504292,-1.48268684620269,-1.72792760263562
78.8461538461539,-18.6603696709111,-17.2382689964128,-1.63479965254772,-1.50135437054056
79.8076923076923,-21.8048565875836,-22.8332211825684,-1.62260714683027,-1.60171126085265
80.7692307692308,-25.3257139498243,-22.303036146938,-1.15244156016178,-0.839839478178074
81.7307692307692,-28.8647746117891,-26.7372014256454,-0.592610940395214,-0.892253814563588
82.6923076923077,-31.8061209902714,-29.4832783851864,-1.11989931128243,-0.230540168234366
83.6538461538462,-34.8818248509007,-32.7141766441088,-0.149162415487651,-0.465177067090468
84.6153846153846,-37.3191159051355,-33.7143574606254,-0.102924660348287,-0.179548865943235
85.5769230769231,-40.6928911673997,-40.2112251017711,1.0718427832685,0.585183618452359
86.5384615384615,-43.2273104162024,-40.7800306497448,1.50450975654653,0.351186465905193
87.5,-45.8440706325562,-47.0346130532626,1.59605413298611,0.7982242061619
88.4615384615385,-52.2291549783065,-47.7920167460614,3.26060023421124,0.0212625334079773
89.4230769230769,-51.4590814567241,-49.9946502947625,2.42212254619238,1.29276138648473
90.3846153846154,-55.9125014547772,-54.3824607074186,2.19177510664901,0.603875831052884
91.3461538461539,-58.6588256105117,-55.6967289430588,3.26218795507637,2.43718141950266
92.3076923076923,-61.0267555921384,-57.9972116565221,4.082577440214,1.91362764984716
93.2692307692308,-64.4786230583573,-58.6703583014542,4.13990761850736,2.51194160551357
94.2307692307692,-61.3167215562598,-62.0841936889806,4.43330960769793,3.26974605760874
95.1923076923077,-64.6031565986969,-62.3094087956289,4.86468709495541,4.76699044807579
96.1538461538462,-65.4360450643622,-63.5218952210468,5.85291598104049,5.75471774194162
97.1153846153846,-66.3327147023489,-64.5742368373595,6.37575970093168,4.90631108635899
98.0769230769231,-70.1711460481071,-67.725993012829,6.48697306642466,5.66341339039135
99.0384615384615,-69.0438511741242,-66.7890758586742,6.12203984168809,5.41990205336347
0,-68.5565143334543,-70.6786140290196,2.98863426322901,6.49340905749406
0.970873786407767,-68.2230395903746,-71.7176742855016,4.2453975212024,5.02292208399582
1.94174757281553,-67.3998362490735,-69.3739366267147,5.72021004436449,4.77450275369553
2.9126213592233,-67.6647367042257,-71.4147755125407,5.84824849938792,5.06702921794626
3.88349514563107,-66.7786445352281,-67.9112038427927,8.54181573928899,7.29689009095264
4.85436893203883,-63.4304317518157,-66.0380819244399,11.1369482698293,9.60762653736843
5.8252427184466,-61.644362554357,-64.7021776106105,15.8536726217169,13.4568994067914
6.79611650485437,-59.8759219050813,-61.9240711977193,20.1707931789603,16.4145767210802
7.76699029126214,-58.391969664693,-61.4326767944236,23.3159673302979,21.365506083249
8.7378640776699,-57.0265183053775,-57.5746736173546,26.0866405158508,24.8663535801093
9.70873786407767,-57.0397572087704,-57.6889456943407,29.5993643107233,27.7324035682544
10.6796116504854,-53.1628605290866,-57.0877670816115,32.2291148508312,29.8651643895159
11.6504854368932,-51.367546005401,-55.1994253967993,33.7506823699292,32.8498675453895
12.621359223301,-50.5228700442229,-54.1010921920377,36.6235273988804,33.0357978063942
13.5922330097087,-49.4556977725716,-49.034219501933,38.2000770490825,33.7056640172793
14.5631067961165,-46.5328942184009,-48.4066507976864,41.9140864034503,34.7177644835079
15.5339805825243,-45.6904710106689,-47.0664670961617,41.8520968535419,37.5819313294674
16.504854368932,-41.8480950294946,-43.4638575579485,44.003413338033,38.4471290179523
17.4757281553398,-39.8838881208637,-44.212786145089,45.2436093793533,40.5496353426782
18.4466019417476,-36.389471696473,-40.0342921391404,46.618509339878,42.5307824196394
19.4174757281553,-34.0993021728712,-37.6359830470799,48.2660178495274,45.5561423432078
20.3883495145631,-33.2367799587358,-35.0515739172614,49.2677547840693,47.5713541916361
21.3592233009709,-32.2988704644552,-30.9033879959656,51.0301694655632,47.9790430711483
22.3300970873786,-25.6935038602157,-30.2791235943838,50.1374509820965,48.007988376343
23.3009708737864,-26.2710080270442,-27.4345224150758,48.7571772073496,47.9573871773194
24.2718446601942,-22.4862049864345,-25.1788884221902,48.0763995947364,48.58818355066
25.2427184466019,-19.0746218719676,-21.797603896043,46.7875166493525,48.0336952600065
26.2135922330097,-16.8533716345993,-17.2906874831489,45.7951597322356,49.5287082562551
27.1844660194175,-15.855076819229,-14.9110803670485,45.3246791075129,51.2965581486836
28.1553398058252,-12.7875946404899,-12.2501665096569,46.2223047359912,52.1311300897795
29.126213592233,-10.7471257132607,-9.09976513552492,45.8271276774407,51.6610221093185
30.0970873786408,-7.24527052402673,-5.43204655961945,44.9898313999348,53.3894145221892
31.0679611650485,-2.52832309592497,-3.06947832956646,44.1870373374694,51.0306931013559
32.0388349514563,0.964811677911172,2.54534039836696,43.581309953539,50.5112714688803
33.0097087378641,2.69604533115757,5.60094929153884,41.7084337825438,47.2452110549187
33.9805825242718,7.7096368959155,7.20459059854012,39.2530407127682,43.4033483865492
34.9514563106796,6.82071096343315,10.8687109557341,35.5237595008388,38.0049972506243
35.9223300970874,10.204836098467,14.8984458938148,31.1307370164402,33.4737177700942
36.8932038834951,14.0743777823696,16.2861434859579,26.6145740415638,28.6814292460299
37.8640776699029,17.6021280036585,19.3590390163713,21.44530987418,23.7514753518768
38.8349514563107,20.0232615219309,24.8014550075843,18.6484137772778,18.8290355036308
39.8058252427184,24.6322093665903,26.0612953788688,14.9581397691538,16.6407350132796
40.7766990291262,28.1322334363689,27.32850194365,12.1155772060081,15.2611666059846
41.747572815534,29.1104099181659,32.2070304093123,10.3485476619367,11.7364356965231
42.7184466019417,31.2501839124828,31.726114142085,7.16591166667604,8.64558366222869
43.6893203883495,33.0197399715557,34.0388678003222,4.32824538833254,6.02405210048383
44.6601941747573,37.8002089345384,38.23147821201,1.38600453391353,1.60015292103413
45.6310679611651,38.3585349383283,37.354021126707,-1.09920575949435,-1.1903031360893
46.6019417475728,38.9661196550344,40.3480080909932,-2.81340073993834,-2.26728441594568
47.5728155339806,41.702192894415,39.6088116134117,-3.83653217764085,-3.66288965452522
48.5436893203884,42.8358650156249,40.0662649448417,-5.0056112002121,-7.07028467997996
49.5145631067961,43.7237748507332,40.2827334366708,-3.62689591209103,-6.18740416410392
50.4854368932039,43.9292667632365,40.2784516878569,-3.33547424418412,-5.59299763624808
51.4563106796117,43.4415042653327,41.5425374819353,-4.39428793971457,-6.2890065014044
52.4271844660194,42.182518000875,39.8530192984024,-3.93279438683021,-4.92217778652973
53.3980582524272,42.1621293591541,42.4474712012003,-4.03764214036386,-3.31443347174935
54.368932038835,42.6622687881139,42.144934970381,-4.66267578817332,-1.66750721591983
55.3398058252427,39.0741367780588,39.9911259660605,-3.98153415914255,-2.72430988623703
56.3106796116505,37.4589071888385,40.2017293856029,-3.00020150354258,-2.95593449466573
57.2815533980583,35.1871952423368,38.4471635441375,-3.57519561532848,-2.82369035452118
58.252427184466,34.6924640415268,36.5322795212037,-2.64781650014629,-3.00030009305179
59.2233009708738,32.7656982578255,35.6165130878624,-3.07169572673342,-4.09301600185767
60.1941747572816,28.4037549678947,33.2180776418497,-4.100709017373,-3.55301696491167
61.1650485436893,28.3498765222133,30.1787180080382,-4.51200255897324,-4.78619565823165
62.1359223300971,26.2858989720664,28.1818706196877,-3.40164493817441,-4.95525895920251
63.1067961165049,25.2106361139409,26.6370675913326,-3.33753350591623,-4.22386027316327
64.0776699029126,22.8462291371397,22.6125186936551,-2.92100060794778,-4.41863188762537
65.0485436893204,20.2090150686842,21.2401480442919,-2.87724165624916,-4.22629631368594
66.0194174757282,17.1320784422463,17.9817818335097,-2.33541537723371,-3.2847620728924
66.9902912621359,15.4612644035798,12.8163884272494,-3.89316716333257,-4.31102044331623
67.9611650485437,9.90924782214601,12.2645160385123,-2.34159735174086,-3.6350830909466
68.9320388349515,8.85293703709275,6.79906140516771,-2.52486995690933,-3.17676786005466
69.9029126213592,6.01559566459844,5.94316373042942,-3.45493744667887,-1.87688636923926
70.873786407767,3.26365563797671,1.58055607766332,-2.74547579892289,-2.80957197188941
71.8446601941748,0.588724491967325,-1.20185000798706,-2.81621459741286,-2.13872783184974
72.8155339805825,-1.73490185869002,-2.67125166586868,-2.78472201342015,-1.43271816289799
73.7864077669903,-6.93763095178113,-7.15179735880757,-2.04309180220694,-1.68726999439846
74.7572815533981,-7.11572840919449,-9.49179507564743,-2.84239583794315,-0.88112192120218
75.7281553398058,-9.69792954380028,-13.2627562233612,-2.54445141989487,-2.05173045792804
76.6990291262136,-12.0417127999895,-15.8693351310428,-2.47896806414318,-1.20407228892975
77.6699029126214,-12.6501392784489,-18.958629353746,-2.36158458394872,-2.39585868606897
78.6407766990291,-17.7001237780902,-21.0087364561092,-1.43189517692007,-1.46344035077408
79.6116504854369,-21.2839095151701,-23.8138749781957,-1.77294140259656,-2.36204791766264
80.5825242718447,-21.4593527695541,-26.3581660911673,-2.12152661514663,-2.30450432528504
81.5533980582524,-24.3003251667654,-29.020376421131,-1.31934075107357,-1.21550267092633
82.5242718446602,-27.8717432576866,-32.6839332430741,-2.38721977656185,-1.65833928911412
83.495145631068,-30.006529717449,-35.8364420406842,-1.15657762852314,-1.16587030470387
84.4660194174757,-30.6750703830134,-37.5494867720259,-1.67792376391208,-1.7038266282288
85.4368932038835,-34.6880884759406,-41.0171234825513,-1.8533431775017,-2.14388956599255
86.4077669902913,-38.372445191132,-42.6180342790914,-0.758507950929912,-1.96211362322737
87.378640776699,-40.2197239155111,-44.8814485171649,-1.1235561041701,-1.49684192137165
88.3495145631068,-43.4017034071242,-47.0087694582716,-1.02959917107695,-1.38225217551557
89.3203883495146,-46.934684635204,-49.5663531261981,-1.18144226951167,-0.949007209478842
90.2912621359223,-48.309267470198,-52.0168312811259,-0.363086260209339,-0.797226447276966
91.2621359223301,-51.3042543316384,-53.8727800057508,-0.304763940259145,-0.757791694105497
92.2330097087379,-55.0575951641283,-56.4565111517397,0.611387257907241,-0.483754254461885
93.2038834951456,-55.9782838733416,-59.2003802699761,-0.148397130971342,0.69057508483151
94.1747572815534,-56.8350741154597,-59.9077510693762,-0.721725526601285,1.59230709923254
95.1456310679612,-62.6295091989252,-63.8556473599716,0.685321779500344,1.65763989329435
96.1165048543689,-63.1169329933707,-67.8300915639469,0.0688232978075056,3.0478495514417
97.0873786407767,-68.3257486510145,-66.1897762678613,1.30829126683964,1.78563338402478
98.0582524271845,-69.0393310415191,-68.3679241921391,1.43349567537303,3.13645046570637
99.0291262135922,-68.07580496038,-68.8278334770275,1.28068291115889,3.27385848173114
0,-73.6382814890969,-74.6642812475821,6.82602197384907,7.14154702673303
0.961538461538462,-74.7362809592003,-74.3212134165136,7.81625371571031,8.64662452544914
1.92307692307692,-72.3929389447758,-75.6366876583063,10.0987121957729,9.93089191897932
2.88461538461538,-69.773423732251,-73.1321420161847,13.3907524172073,11.9170653791677
3.84615384615385,-69.2485416358743,-73.4643580173326,15.8908002138233,15.0793425949922
4.80769230769231,-65.1608678375241,-71.2612344415944,18.2416140259492,17.3733934517876
5.76923076923077,-63.8176610869422,-69.7984507603529,21.6629545282046,20.7545394278145
6.73076923076923,-63.2593950801025,-67.8034825902899,23.8317362225198,23.7465091251632
7.69230769230769,-59.4225807231088,-66.4284677267136,25.1240777308895,25.6595677268238
8.65384615384615,-60.4238635889949,-63.6482093436389,27.1703369369081,27.5982005603645
9.61538461538461,-58.9573190228155,-63.0108341099153,30.7697299996237,30.084551965604
10.5769230769231,-58.2278672599563,-61.6805062529121,32.2698456718497,32.7458544360388
11.5384615384615,-56.1748489435152,-59.4526109974589,33.0869230718286,33.7332504982741
12.5,-54.9055403144951,-55.2087981213624,33.5544117195609,35.1079508503326
13.4615384615385,-50.871341882805,-54.1815767077542,34.6626593781384,36.9016158596012
14.4230769230769,-50.2810018879644,-52.3089022299884,35.2941872495356,38.0448666994532
15.3846153846154,-47.5325772912463,-49.5867807061927,37.2722932202688,40.4815972654463
16.3461538461538,-46.0567422942218,-49.7743727468344,39.3381612794081,40.2974062777425
17.3076923076923,-45.1278360504943,-45.5335200628835,40.8409633527094,41.9716781731457
18.2692307692308,-45.2679020398345,-45.0074402344191,42.539003993571,44.1804677076406
19.2307692307692,-39.4267881409285,-40.9964353554283,44.3652321246887,45.0123109129383
20.1923076923077,-36.9344470562139,-39.6086009477116,44.6177349012103,45.845686668071
21.1538461538462,-34.9387326767638,-36.4865986787851,45.3184279143973,46.6481519888819
22.1153846153846,-33.1992145517992,-33.9900772341798,44.5861016786192,46.2140214902689
23.0769230769231,-31.6049661065343,-30.9555783237805,45.2967171934597,47.1421953754898
24.0384615384615,-27.7812478495619,-28.3315351687178,45.5765449994937,44.9638085743852
25,-25.7496264300901,-25.2898024391439,45.2378999425128,44.692622942747
25.9615384615385,-21.4488106904937,-20.9781691893323,43.4535801687729,44.0515230025822
26.9230769230769,-20.7294616879645,-19.0573499830545,42.9860528873155,42.2238310641874
27.8846153846154,-17.6127809276076,-18.5467722882356,40.7732500935228,41.657151498513
28.8461538461538,-14.4597891253789,-11.3724919292449,39.3163810513438,39.4104347895752
29.8076923076923,-12.1703403038111,-9.85329212786685,36.6257258996224,37.8550640809862
30.7692307692308,-11.8247822918952,-7.26578831953982,33.1175787310077,34.6383500519199
31.7307692307692,-6.1849518992801,-2.3137860846096,30.4705469878129,32.0200538837676
32.6923076923077,-2.15900814240282,0.577257374760917,28.6777668689141,29.4843970307636
33.6538461538462,-1.98304905750456,2.02502382510571,23.3873416876161,25.6018372523384
34.6153846153846,2.27030236225509,5.21717527310933,21.9872881470269,22.1189011180875
35.5769230769231,5.72328492142555,9.06684070930286,19.1198622208257,19.9929867405644
36.5384615384615,5.75208579020431,11.0645419459228,17.7144751540391,17.6351648316959
37.5,10.4183572817811,15.7802500552264,15.7201966507791,17.4671025270152
38.4615384615385,14.7972400675423,19.2159328200439,14.3355245504136,15.7366410545572
39.4230769230769,18.0860828707967,21.5799920283461,13.8388053948498,14.3444004580885
40.3846153846154,18.3149657785031,26.027032561277,11.9682326027648,11.8903608138396
41.3461538461538,22.6187820881628,27.3021393263651,12.2033881475224,12.0610090532962
42.3076923076923,26.6134384208853,29.3862586385334,9.1686503710275,7.49306524212854
43.2692307692308,29.6613744588604,31.4519230524174,8.31123765221581,6.15801104392422
44.2307692307692,32.1205736345967,32.7221407925678,6.40049894578525,3.37200253388974
45.1923076923077,34.1852823907043,36.3415161742512,4.10877019881958,1.97371640639396
46.1538461538462,34.0245137881541,37.9813492891568,1.64338124094257,1.38013209981639
47.1153846153846,34.1372061328147,38.942402167193,0.298466661134109,-1.54867648978899
48.0769230769231,36.240487538435,39.7709642379622,-1.79257758145036,-1.99152183020345
49.0384615384615,38.1176374859538,42.7560823846863,-3.27659536325493,-3.79927257727884
50,42.2310873246207,42.6754379059068,-2.46973630192452,-4.6313630519197
50.9615384615385,41.8409559922349,45.1138005820445,-3.40485355818607,-4.3764197834778
51.9230769230769,41.4364652920116,44.8120879461146,-4.08263327159394,-4.67634469610779
52.8846153846154,41.3028348203317,45.7312910602133,-3.26717045834621,-3.73873573244561
53.8461538461538,41.3661820929967,43.7653262130566,-4.36449758714914,-2.92808594910413
54.8076923076923,42.4224910718355,45.3702478171259,-2.71660093731685,-3.86743419240123
55.7692307692308,39.5100200694373,43.4565229533382,-4.15344169651356,-3.21223395489462
56.7307692307692,37.0575872076464,41.0002391135069,-3.36453839010318,-3.48924906864785
57.6923076923077,37.8491358537602,40.9784457436271,-2.59894412276902,-3.39472077981828
58.6538461538462,36.3276138632999,40.3655177573177,-2.9187425055219,-2.90823897961298
59.6153846153846,34.6894892624241,38.1022362232556,-3.22747623397916,-3.23475850504416
60.5769230769231,32.6603072496477,34.7114520826808,-2.92220773112967,-3.75291799737924
61.5384615384615,32.4456398690721,33.6977545580686,-4.06587575591047,-2.80699672464088
62.5,28.2261572498853,30.8594383732931,-2.91999200914006,-2.28439297149955
63.4615384615385,25.2939651293479,27.64126778573,-3.88951467670483,-3.44419270112203
64.4230769230769,24.5213680283032,26.0972096760291,-3.53855020385189,-2.78027101944757
65.3846153846154,21.3606850556013,22.2572119350854,-3.16409161436485,-2.34476608242909
66.3461538461539,19.3066137847639,22.1783443315731,-2.64337025566882,-2.86773583919256
67.3076923076923,16.8793742521304,17.3574118098833,-1.85492064617105,-2.91281175191567
68.2692307692308,15.0571013609537,14.559353335849,-2.53896535548023,-2.84086273446719
69.2307692307692,10.5574702100303,12.4322993673966,-2.18666092122337,-2.67797652027279
70.1923076923077,8.6412942200908,9.78427615851669,-1.87202812078208,-2.21130742977051
71.1538461538462,5.73953474578758,6.07782321559637,-1.60845885446406,-1.93448358570667
72.1153846153846,1.81153997093008,2.92939299571664,-2.20005931575562,-1.93413473334393
73.0769230769231,-1.28404487635313,0.278725170291405,-1.2637331422479,-2.05847848820243
74.0384615384615,-3.84044888831517,-1.42356937130077,-1.39303566020033,-2.11779181861833
75,-8.73461526059478,-5.5177595098456,-1.17628410200307,-1.52567750148846
75.9615384615385,-10.4110285883955,-10.8655964375694,-0.49113903700738,-1.96093064086803
76.9230769230769,-15.4301706403519,-13.9175656899739,-0.333622340284503,-2.40536355988278
77.8846153846154,-15.6871983641995,-17.7983823049458,-0.75389358812829,-0.841232901046056
78.8461538461539,-18.3371236842786,-17.6922630922941,-0.307369990172963,-1.60683745161885
79.8076923076923,-19.4614038913584,-22.0937569069177,-1.34771645165616,-1.40105617147956
80.7692307692308,-25.4036554683304,-26.274817578962,-0.612339682526448,-0.186592417573316
81.7307692307692,-29.8926093667526,-30.3396482944072,0.335680240272505,-0.570847443919675
82.6923076923077,-30.0661190768971,-32.2856992612605,0.0674987536339351,-1.17925564708179
83.6538461538462,-35.2976838597915,-34.7684487590591,-1.36597104505594,-1.38833713299588
84.6153846153846,-37.1157612900398,-37.6642314918286,-1.13227148843098,-0.0218581497337638
85.5769230769231,-41.0244250979666,-42.0515045720328,-1.53940002967123,-0.225029805906676
86.5384615384615,-43.0018043906205,-45.6239656233737,-0.249122353236972,0.227395543060449
87.5,-46.2995129875927,-46.3399190593739,0.0432299067159299,0.0500344913589305
88.4615384615385,-48.0298609182574,-51.9398133657366,0.389802605657736,0.733246374819922
89.4230769230769,-52.1359978460024,-54.4495812800931,0.284809464766637,0.98423250551108
90.3846153846154,-53.5167177585254,-56.5915769877926,0.519878410915298,3.20139233888186
91.3461538461539,-55.7962247113878,-60.9437898036821,1.07582716732071,3.10933183923826
92.3076923076923,-58.6612872319586,-64.62831318263,1.66191018483642,3.50568592555692
93.2692307692308,-62.0931463714382,-66.0080190947244,1.82763642607812,3.45592390214848
94.2307692307692,-66.0930876068411,-69.7581994964372,3.00642570509103,4.34357045663708
95.1923076923077,-66.9107753430543,-70.5922400239178,4.04852729119771,3.49020913644843
96.1538461538462,-69.9687320026991,-72.0632904794625,6.22051079074542,5.30744166945935
97.1153846153846,-71.0399053159857,-74.2467650618794,5.47694231318624,6.15920284826071
98.0769230769231,-72.9602793876651,-75.5485326152002,6.5030319609355,6.9270938688768
99.0384615384615,-71.6503595066149,-74.8748301503261,7.66573271117044,8.21217861486194
0,-70.6762957282304,-74.7323912240984,5.66166025084494,7.74661192570578
0.980392156862745,-71.6612834462847,-74.3974746727096,6.17187889161263,9.16431970785077
1.96078431372549,-67.7080129192097,-72.3251129006621,6.44621713673913,8.36182056668275
2.94117647058824,-67.9246691042036,-71.3044279670731,8.3239085965345,9.64848620619663
3.92156862745098,-66.5625158222648,-70.1827363047484,10.680609682464,13.9223305660855
4.90196078431372,-63.5735919990255,-69.2752262760781,12.5046976400378,18.6694849079139
5.88235294117647,-62.5785727242564,-66.1289227170063,21.5073608562827,22.091955208035
6.86274509803922,-61.2105579205312,-66.2617603085575,24.3043494982557,25.5651421924298
7.84313725490196,-59.7154981004307,-60.8898776892124,27.8542823370508,28.5545692323721
8.8235294117647,-54.5454970227608,-61.4188175197874,31.4164576026801,32.446939936056
9.80392156862745,-55.544937419916,-57.562500006888,33.6143546112192,33.7158818674602
10.7843137254902,-52.0323236624506,-58.032489850894,36.2642473476757,34.2421929298811
11.7647058823529,-48.4099371903028,-54.5137790256485,36.1019185996786,31.9022634921328
12.7450980392157,-49.1929585987407,-52.4204682799729,37.3546736617312,31.1868821753933
13.7254901960784,-47.0941952140701,-51.7090504963961,38.5392827213513,30.9746870388809
14.7058823529412,-45.2904433815227,-49.6238648783973,39.387216743144,30.0817565170446
15.6862745098039,-42.2758239112666,-47.3097588207267,40.463441206224,30.7631730217267
16.6666666666667,-42.1624471774641,-45.422353036391,42.0047903539214,32.5515985651588
17.6470588235294,-36.3631380220197,-41.6574280536159,44.6302593521904,33.8677370276469
18.6274509803922,-32.6367130615029,-38.0845784448534,44.9354462723113,33.9937381012821
19.6078431372549,-31.4891177388281,-36.7676159083401,43.1841706211795,34.2933121967969
20.5882352941176,-29.2012066634505,-35.0793652258464,41.8868241708497,34.3867581537333
21.5686274509804,-23.7179743948144,-31.6191363327874,41.5419987035556,35.5702691082058
22.5490196078431,-23.0162109962019,-27.6056015257175,39.0677293021592,36.0956394744532
23.5294117647059,-20.7584855934065,-26.890690161528,37.2448397455301,37.7850857287179
24.5098039215686,-16.5409614045711,-23.7322518265849,37.8946008951774,38.780092229546
25.4901960784314,-17.992158088569,-22.061784605463,37.8386964426425,39.8187533454868
26.4705882352941,-13.9635050729767,-19.4832955491268,37.9602775862614,38.3426225160495
27.4509803921569,-8.6774405538361,-14.9248493709225,35.6634773493872,37.1154302813152
28.4313725490196,-7.41584787729476,-9.91817892938133,31.9548656973306,35.8540140762078
29.4117647058824,-3.35862843183549,-5.58280298446569,29.6492943679001,34.2766091957818
30.3921568627451,-0.910039842087948,-2.85504684996508,27.697233071546,32.2544793715708
31.3725490196078,3.155693723617,0.293021526839369,25.9751464930558,28.8277063765644
32.3529411764706,9.37608149371322,4.42318684175226,24.3944257316254,26.0593919509576
33.3333333333333,10.683162569807,6.64820560256832,24.2063105427287,23.2913619063863
34.3137254901961,14.5611022848872,11.0579678721657,22.9160686607262,21.592016018024
35.2941176470588,16.7213340826394,14.5269875685996,22.0480311126685,21.1085889892996
36.2745098039216,20.5883778649098,18.00531139955,21.0922558883648,19.4113408814062
37.2549019607843,22.0575576141188,20.3031824743873,19.5577272611631,17.2467668956298
38.2352941176471,24.7512218736707,22.50977453937,16.900868072333,15.3290530380046
39.2156862745098,29.8135931044267,23.9478196430265,12.8702894976772,14.0901947337836
40.1960784313725,32.3385344488406,31.1873372028124,12.7468712003166,10.3914148378328
41.1764705882353,35.8842654069548,33.0653287232294,9.38468355728218,8.30306387331278
42.156862745098,38.3866636246817,36.2063386603989,6.78563768792197,6.75284353681804
43.1372549019608,39.4257633722633,38.4133400965302,2.37997786333253,4.3553471279589
44.1176470588235,40.0157988785715,39.8530493952142,-0.366011214314361,2.44878316222227
45.0980392156863,41.1878086301909,41.7697866501068,-2.87211476907246,1.24287987398758
46.078431372549,39.6441162748531,41.4351617474176,-4.92097000279257,-0.719890718007414
47.0588235294118,43.6216362195367,44.864862805266,-4.34732887991987,-1.18702541111868
48.0392156862745,42.3783875667821,43.2821423506447,-4.55466710844651,-1.66546218408081
49.0196078431373,45.0142305140378,45.628236754119,-4.00678217701769,-3.43170712524526
50,44.2872357762694,44.3899221983546,-3.61277566190378,-3.54417308966319
50.9803921568627,43.2240382934447,46.1320230171829,-2.58628559258226,-2.50048594871882
51.9607843137255,41.4263621664365,44.2714479941292,-2.83488716976008,-1.76629720349487
52.9411764705882,43.2315485773438,43.4886059551944,-3.8620475539428,-0.88787926057095
53.921568627451,43.6765404919592,45.1682479570945,-2.46925206765218,-0.291706774610457
54.9019607843137,43.1706537428023,43.494831156036,-3.81910095595587,-1.14407465869659
55.8823529411765,39.9505105649587,40.846939532469,-3.3591544816539,-1.82920353080112
56.8627450980392,39.1422975329814,41.9756993731564,-2.77871057270036,-2.75749003598582
57.843137254902,34.715212053144,36.9993851266409,-2.64956080406585,-1.6858537955314
58.8235294117647,35.1962328704555,37.8592603055318,-2.22894198213315,-1.81802260479096
59.8039215686275,32.1767765436129,36.7003481217593,-3.81640483681378,-1.99028018294203
60.7843137254902,32.288633729649,34.3975528533912,-3.66821444402728,-1.80223708243377
61.7647058823529,30.1965230895691,31.6465134184031,-2.82848052841227,-0.857128657672962
62.7450980392157,23.9475948724228,28.153309192725,-2.20626335221083,-2.34404450163566
63.7254901960784,24.0708397411905,27.8691316683942,-2.96608558226841,-0.843916759558266
64.7058823529412,20.4184129416435,22.1389124304246,-3.6884341299456,-1.16243259163992
65.6862745098039,19.5594282185867,21.9728578570841,-2.47967102490155,-2.16054582328737
66.6666666666667,16.6900503796122,20.1154824424308,-2.38809231668264,-1.33181015880013
67.6470588235294,14.3335458219384,17.9768276341831,-2.851757016211,-1.42516430338109
68.6274509803922,11.9192612231035,13.7369973943791,-3.22088497994741,-0.656218464709682
69.6078431372549,10.2512459111403,14.0471716186628,-3.00143448374043,-1.13707341087849
70.5882352941176,7.54862390684928,10.5580772116842,-1.84018048099048,-0.426013914840826
71.5686274509804,3.84327788227411,5.64097135650835,-3.20992075800837,-1.06382313718962
72.5490196078431,0.122076021008477,3.75813063008179,-2.81542931823942,-0.721538916407095
73.5294117647059,-3.33394955026913,-0.0398227461480573,-3.1860980722568,-0.539372228980992
74.5098039215686,-5.68864946019734,-1.53275650807763,-1.93189227677024,-0.954568477720644
75.4901960784314,-10.6148875581109,-6.08774094878331,-1.05399131765417,-0.432280978662708
76.4705882352941,-10.0212920699726,-8.40891764003874,-1.24694178163799,0.553870904809924
77.4509803921569,-14.1485792556846,-13.0145438769299,-2.68555939989391,0.361747384378583
78.4313725490196,-17.249294810251,-14.2162216515487,-1.59436243581381,-1.02739674901998
79.4117647058823,-19.6327569367851,-19.9494766873657,-1.50891283753653,-0.407014805727014
80.3921568627451,-22.1204538293701,-23.010944385008,-2.31492991565095,-0.148082714313427
81.3725490196078,-24.2269509951492,-25.6659392127264,-1.34593548104048,-0.840252900780215
82.3529411764706,-29.8099280302064,-28.2672110383444,-2.45961607460535,-0.884572673591931
83.3333333333333,-29.7344711485838,-30.1847256266612,-3.22909018347243,-1.79280192280293
84.3137254901961,-33.1479970599858,-36.1182669258952,-1.21559153729764,-0.111637198301515
85.2941176470588,-37.3206287855179,-38.6497994417121,-2.04323299696886,-0.137820725285066
86.2745098039216,-41.2241725031947,-43.0941494451823,-2.02307937260869,1.16325130513972
87.2549019607843,-44.360769455211,-46.3769782864189,-1.47826070328883,0.855229902499181
88.2352941176471,-46.2188209086308,-49.3210696259848,-0.828870217691736,0.512505558330291
89.2156862745098,-46.5512129476233,-54.3578589555479,-0.298894048730473,1.38559533385005
90.1960784313725,-52.1485748731017,-54.9401388256312,0.276406611015639,0.512742458878982
91.1764705882353,-56.0411222442631,-59.4063348694023,-0.229112039573214,2.61996689359471
92.156862745098,-57.8452709592839,-59.591220755662,-0.0532945410731022,2.15970488165503
93.1372549019608,-59.9329933663041,-64.8504820670247,1.62994152383814,3.34285719708567
94.1176470588235,-63.5620973798054,-67.2657915860079,1.07117911058408,4.1031353165388
95.0980392156863,-64.1734450778507,-70.0949232904256,1.01389372331889,4.5684946522765
96.078431372549,-65.0269820313414,-71.6201324382447,1.35414115281045,4.96411764899477
97.0588235294118,-67.7128855865386,-71.7930825949914,2.68548558834191,5.75356992206115
98.0392156862745,-66.2882656764289,-74.5991830115687,2.60831775446194,5.89266696421048
99.0196078431373,-67.9537103307898,-76.2821549566093,3.46381734321194,5.45952193919451
0,-67.9686387051523,-68.093162848136,7.74036899471162,5.67439673533314
0.961538461538462,-68.0189006577016,-68.4724585353585,7.16908829011099,5.74321517580625
1.92307692307692,-68.363948017789,-69.3916501100481,5.96519732611283,4.19914191225359
2.88461538461538,-68.8568471937373,-66.4993793215968,6.64770879188443,4.86396764103276
3.84615384615385,-67.7958501771705,-68.188036065046,6.1116819423009,4.69594363327737
4.80769230769231,-63.6962322077162,-65.4770312073432,8.26330504536367,6.51097020498483
5.76923076923077,-63.4932472344666,-63.6088135143113,10.1515932251231,7.73094620256757
6.73076923076923,-63.2766529568842,-60.1043229803324,13.8054023832374,11.7303305495115
7.69230769230769,-61.8227898815195,-60.7254192990763,18.7897122376462,14.8860309165047
8.65384615384615,-59.2238587454597,-58.7874057091005,20.8865292229968,18.577468011561
9.61538461538461,-57.1904577085756,-53.5050246117209,24.9438363343446,21.9166252089735
10.5769230769231,-55.751209254198,-55.1853585428031,28.4311197138882,24.9677115479714
11.5384615384615,-52.7644935835717,-52.8306652134776,30.6297557580951,27.5250250280855
12.5,-51.4037285217891,-50.8761019308149,33.2553743092213,27.9700639286428
13.4615384615385,-49.2241556415224,-48.1418810268041,35.78439109551,30.6225854961353
14.4230769230769,-44.8959343127801,-47.5942141232723,36.8854360856327,32.1657628556974
15.3846153846154,-45.0171507358888,-44.294895554643,37.8315275559195,32.6626188538401
16.3461538461538,-42.4636733827914,-42.4301462865063,40.6803981523455,34.2101630038784
17.3076923076923,-38.5067412283382,-40.1815238138909,42.1322420110962,36.6786612995943
18.2692307692308,-39.1957720580464,-38.8018526840737,43.6335561688095,38.3266910436652
19.2307692307692,-35.0494915186592,-35.0743191930761,44.961121206827,40.3672952843185
20.1923076923077,-34.7968334386542,-33.2462691451012,44.6428077847457,41.4280653816994
21.1538461538462,-32.2819351936352,-29.6588060282276,45.2324520526276,42.8140287135989
22.1153846153846,-29.9612203411527,-28.4732419130013,44.8958002135929,42.1064345456227
23.0769230769231,-28.5868975238333,-24.6894110629257,44.9638064757222,43.1931235871129
24.0384615384615,-23.3715355226845,-23.127251739541,44.8341600112675,42.0016569489783
25,-21.0528011819628,-20.8800736287316,42.2259245909474,42.6493941026294
25.9615384615385,-19.7514470501595,-20.1551784466307,42.4118956163557,42.1377251237284
26.9230769230769,-18.351971333209,-14.9862365752149,40.6747234881806,42.0440654737829
27.8846153846154,-15.1780854460641,-11.100502101564,40.0379398394034,40.3148090442706
28.8461538461538,-11.3445191324705,-10.1550814532072,37.7395430796794,40.1868650749663
29.8076923076923,-8.64836445617332,-4.7444636211769,36.7348694942283,38.1400377355602
30.7692307692308,-5.50280984789428,-2.21305335565996,35.8536333484693,35.751761291916
31.7307692307692,-2.47459620091016,1.02107210190754,33.8695852150269,33.3123420557114
32.6923076923077,0.135382802603557,4.78284503392926,32.3406305573203,30.24469399047
33.6538461538462,0.822880979808366,8.15099216395753,29.3010793924546,28.8569766535481
34.6153846153846,8.12181782908276,10.9738836567448,26.7588009725047,24.723129627277
35.5769230769231,10.3534127403924,13.6105138850629,23.360295055195,21.0328414735608
36.5384615384615,12.5226259272367,14.9117534162666,19.6359837294776,19.0977634088033
37.5,15.2716760933131,19.812240935553,17.3224129699055,16.9356974693275
38.4615384615385,17.2171560861038,20.014533118844,14.816472113344,15.0025640054554
39.4230769230769,20.5805761964571,26.6993347016291,12.6673698998705,12.1311939859877
40.3846153846154,23.0783800495268,26.5440325978625,10.7385511276865,10.9840668929811
41.3461538461538,28.5797372587868,30.1906817254643,7.2437089532499,9.69245084691431
42.3076923076923,28.1639401704316,32.7827359920456,5.84721025119441,7.16826720481982
43.2692307692308,31.895039654959,34.4790377875601,4.70445666598601,4.55674595262945
44.2307692307692,30.8667871915797,36.9958936020581,3.21348303740243,3.13659847885659
45.1923076923077,35.6873226549187,40.1790430217588,2.37550057927735,0.759116234912329
46.1538461538462,38.7757677021361,39.7114683585601,2.64061236138268,0.219394350459992
47.1153846153846,39.0425259016136,40.698984885889,2.32318741851496,0.263857469355885
48.0769230769231,41.9620589347371,44.1085677292352,1.5107114342678,-0.676087580983447
49.0384615384615,41.6860345436627,47.4103099516924,-0.539216737199914,-1.21398690298652
50,44.3724885876665,48.3362037565693,-0.41945872035683,-2.2935016501014
50.9615384615385,42.6089242140066,49.3027766661097,-2.03657842764713,-3.31037208100626
51.9230769230769,45.6786229948188,47.6582592655504,-2.74847311270858,-3.09492109147547
52.8846153846154,44.5846765604768,48.8135759068387,-3.42145728402004,-3.43330829761557
53.8461538461538,44.7811707912231,49.8560926922196,-3.83744434437795,-2.77147242559237
54.8076923076923,46.1827538368907,48.262957713047,-2.91615459160119,-2.51591987749637
55.7692307692308,42.0507793643797,48.7577476614861,-2.81565984100206,-3.06888635870677
56.7307692307692,43.0692088360253,44.8658445577102,-2.19715911545675,-2.09457423588321
57.6923076923077,40.3231930932566,44.080942198193,-2.44093232590126,-2.65181498384742
58.6538461538462,37.7522447373018,41.9599649599022,-1.68043007074521,-2.24578394076666
59.6153846153846,37.7435929577704,42.3828893973698,-1.83216442594987,-2.84827479884063
60.5769230769231,34.5850367784527,39.2564210530493,-1.63825558276017,-3.09885839705353
61.5384615384615,33.6485711706079,37.4990157259469,-1.27535509912826,-3.0536420909525
62.5,29.544878667849,35.8571481581581,-1.43726565609203,-2.600813122246
63.4615384615385,26.4183149811931,33.2026719149532,-0.516940248726767,-2.28052407648636
64.4230769230769,24.0358288863635,27.9873489840568,-1.17082406741747,-2.50957718042103
65.3846153846154,23.2066983103617,25.399838897018,-0.84419858634839,-2.28769218307149
66.3461538461539,20.8040837460879,22.8077703698923,-0.846814681768641,-2.82057763447649
67.3076923076923,16.4085168766755,20.7524304557241,0.432725530490734,-3.24605692952227
68.2692307692308,16.3511478983554,14.7975516135099,-0.424036101250964,-2.50943520754911
69.2307692307692,11.1925743202608,14.2893849331718,-0.627078006461393,-1.6683670963326
70.1923076923077,7.9303733820113,11.2900359633869,-1.36019073912259,-2.30897695364679
71.1538461538462,5.64128599667751,7.6827326006244,-0.951592762259903,-2.29357686348981
72.1153846153846,1.82750765528187,5.95089434858074,-0.745183051551859,-1.78386069233588
73.0769230769231,-1.01472269021315,2.89805894897598,-0.915802218241449,-2.51103295670654
74.0384615384615,-3.8262036032653,0.122194653136707,-1.31248813138002,-1.28914975592416
75,-8.4999805352486,-2.74808757789626,-0.511941893375148,-1.92843317208941
75.9615384615385,-10.8159169059638,-5.74227382842979,-0.810468068346533,-2.96717843440635
76.9230769230769,-13.8777398620748,-8.24377155236124,-0.926990580857281,-1.19714389363996
77.8846153846154,-15.8603698653633,-11.6787361278646,-0.74794703155472,-1.31395485008575
78.8461538461539,-17.5611160307322,-14.9570343800656,-0.289442217228321,-0.324307301196491
79.8076923076923,-22.1215413786084,-19.4973894413692,0.0844815937133265,-1.09294128729309
80.7692307692308,-24.5693055165977,-23.9900170010606,-1.39305828156954,-0.422702817277035
81.7307692307692,-27.461607178868,-26.9993724810364,-0.555724179557497,-0.979983583125192
82.6923076923077,-33.3373325989395,-30.7727294508922,-0.0838747961384291,-0.248199162786172
83.6538461538462,-34.8452332498863,-31.248562427972,0.767018517036564,0.103213460077258
84.6153846153846,-36.3565263550005,-37.3656418152476,0.230221439106215,0.345196520802264
85.5769230769231,-39.4395778142184,-40.5176451151796,0.917897343896176,0.863051294684124
86.5384615384615,-44.9250615686915,-43.1629570731224,2.04217753521116,-0.241543472539344
87.5,-46.4362020823532,-46.1850166771892,1.82257413431511,1.02516648831692
88.4615384615385,-48.876593845442,-48.804828100185,3.2357732361809,1.50477662924271
89.4230769230769,-53.7909126074548,-51.5991754467534,2.4228299097445,1.15507374345542
90.3846153846154,-54.198710981929,-53.7791698268372,3.74062663653415,0.722957600490712
91.3461538461539,-57.0377998640909,-55.5396847209566,3.25817158592475,2.06634159198167
92.3076923076923,-60.8867677278416,-57.5980018643406,3.45798994401885,2.02597598909647
93.2692307692308,-64.5355941751051,-60.0441709217057,5.00804374529236,2.85637644032041
94.2307692307692,-63.560252127327,-61.7301224397029,5.30444364412602,3.94000062535464
95.1923076923077,-64.5610424703636,-61.2038888798781,5.33648165952352,4.22193948479384
96.1538461538462,-65.6204594659938,-63.7238604756178,6.00981606161224,5.30820835049558
97.1153846153846,-66.7535294286658,-66.2465970295267,5.8689695515613,4.95185385699685
98.0769230769231,-68.2012561488812,-68.9616381018234,6.08889054496554,4.59608184956082
99.0384615384615,-66.7943994288654,-68.7803751506417,7.38977816170979,5.00902030562835
0,-72.3740059881268,-76.3006089491807,6.39538225691345,5.90129883779122
0.952380952380952,-71.8693023128875,-75.4310974805696,6.33552720669103,6.99942746546443
1.9047619047619,-70.0718983176266,-73.0537068675358,7.67546720997919,6.78658262445272
2.85714285714286,-69.2252887732596,-71.8322973964442,8.96066725093202,8.58442109789118
3.80952380952381,-69.6216549783551,-72.2211358644609,12.832628076701,12.3409488237469
4.76190476190476,-69.2033441335604,-70.570079126997,15.8579964224779,15.9984851315835
5.71428571428571,-68.1063783806459,-69.1478634825725,18.2976852121706,18.7184254795974
6.66666666666667,-62.8915666440103,-64.903299352891,22.2122191185383,21.3326135557261
7.61904761904762,-62.5883539260413,-66.2049992578746,26.3830705224146,25.0548475991027
8.57142857142857,-60.9380164062255,-64.0029342830903,28.8828261302032,26.6992701559348
9.52380952380952,-58.0163484131545,-61.9511686813932,33.0007311297505,30.0707162312079
10.4761904761905,-57.5695537468764,-61.605725920508,34.0819665885336,30.9368595407886
11.4285714285714,-57.5367612214252,-60.3513208210205,36.6801957261176,32.4063680974379
12.3809523809524,-54.9156622317773,-59.9088633182936,37.6023455205987,32.8015697798125
13.3333333333333,-53.4600425113029,-54.5223676749646,36.6562050723988,31.2039227848823
14.2857142857143,-51.3958482492342,-54.6010350279188,38.0196827731474,32.7023658741619
15.2380952380952,-49.7223948114603,-51.4031601625363,38.6044259878007,33.0426352006378
16.1904761904762,-46.6658924074009,-52.2490222937178,39.5956839610025,34.4431562063081
17.1428571428571,-44.2671899019954,-50.9767711765621,39.4639615029601,36.3655265388336
18.0952380952381,-42.2325364953397,-47.1484880720152,39.4896734067994,38.5538820284062
19.047619047619,-42.1084385796011,-44.8920073393755,39.4166308895602,39.9775795550118
20,-39.489997628237,-42.1081161773067,39.6107234395893,41.9996745638147
20.952380952381,-36.8462462130385,-39.661228909899,41.0498593968481,41.1046585756767
21.9047619047619,-36.3357275099644,-38.209197487827,40.3930609874121,43.4792546704692
22.8571428571429,-31.699739493184,-36.686546580673,40.3059650228341,43.7669298993526
23.8095238095238,-29.6266023263206,-32.842387391149,40.755090795782,42.5557147923903
24.7619047619048,-26.3430038950762,-31.509311532296,40.0396450937475,40.8505004559434
25.7142857142857,-25.487875209192,-28.3146956475528,40.2569253951276,39.9510934226441
26.6666666666667,-22.0555658289402,-24.3318042448535,38.8650655912796,39.4973967314316
27.6190476190476,-19.1807518031627,-21.337556420758,37.1818722386972,38.4773502245937
28.5714285714286,-17.2590642233771,-20.9748550090196,36.9688293171121,39.842400838525
29.5238095238095,-15.744582072647,-15.5057705452705,36.0009126209758,36.6902660237835
30.4761904761905,-11.961789102993,-13.0529154825995,34.1745068393374,34.6708437565934
31.4285714285714,-10.1728393278794,-11.3602709013399,31.8717690938743,32.5632525016414
32.3809523809524,-6.9109841392753,-8.35551430921609,30.4230393814942,30.8650250543378
33.3333333333333,-3.61241450244659,-4.89183326018485,27.7184320686389,28.4408867125617
34.2857142857143,1.10183053678364,-0.671665312796752,25.0674927099452,24.9658114323666
35.2380952380952,2.93959766086286,-0.1318569132963,23.8104242216172,22.9439530266389
36.1904761904762,5.20474808858237,4.28703316117208,22.2574606408521,21.0197815593441
37.1428571428571,8.63674352412687,8.04594732468171,19.9749601575245,17.1188128643637
38.0952380952381,12.6632830374013,10.6038057631376,18.0152213853194,15.7915922607447
39.047619047619,13.9363727483175,13.8670530293788,15.9194134038274,12.6163971009551
40,17.8377191298283,16.5122015019467,14.8638017756002,11.5845650735041
40.9523809523809,21.1535058333814,20.6764984050375,11.9753150589205,11.3873464379554
41.9047619047619,22.8920710781089,23.02162188547,8.95897471129518,11.3136173176675
42.8571428571429,22.4480023057115,26.3914025910559,8.8291200840189,10.2213925204115
43.8095238095238,25.571897481668,27.8511360197117,5.417693340392,8.00518518956435
44.7619047619048,30.3318279477245,28.064893866622,3.73146036975719,6.90871427840113
45.7142857142857,33.3505895727486,32.1185569003499,2.03174044193798,4.69813277623814
46.6666666666667,34.1865840497788,33.6281141406132,1.101269063225,1.82433910548398
47.6190476190476,35.8474804919476,33.7456824287284,0.246300736899902,0.393464538992641
48.5714285714286,36.5026532715996,35.3242724051581,-0.297481860889349,-0.179666792966364
49.5238095238095,40.2324097502128,38.1813527749859,0.19841719047371,-1.41873588451555
50.4761904761905,40.9599347970405,37.9682302691772,-1.73874300795584,-3.09078030841926
51.4285714285714,42.4463465898294,42.9349749697923,-2.97458029224016,-3.06997454434057
52.3809523809524,43.396749415877,41.077874842317,-5.13281610854621,-3.21952106091227
53.3333333333333,46.3545249905937,41.7954935073236,-5.15312862231517,-2.98051355233357
54.2857142857143,45.016792513626,42.4792769664693,-5.26452510958663,-3.19994703520425
55.2380952380952,42.6851523418368,43.8186378677776,-6.12185360805556,-4.00748223015102
56.1904761904762,42.2275396218178,42.1924498702381,-6.07948365790721,-2.8636568702172
57.1428571428571,42.9660732492888,39.7944263831463,-4.09105545861261,-3.43345385440989
58.0952380952381,40.0579849757227,38.0660743492806,-3.76296651023065,-0.725142085062747
59.047619047619,38.5968379056698,37.309666641452,-3.7025155835989,-2.07919372785245
60,33.2243563302296,35.6048817199622,-3.8609558325298,-2.56313864243627
60.9523809523809,33.5104875143267,30.9814561179902,-3.20153988336712,-2.50546068414905
61.9047619047619,25.4600551083586,30.2078125691194,-2.68326563911961,-3.48870852575468
62.8571428571429,24.5495856162427,29.483159545632,-2.71298781129024,-2.16426254857062
63.8095238095238,22.4491080433143,25.5990888523762,-2.86208980327384,-2.82055878255419
64.7619047619048,20.0078819770877,24.023225843329,-0.824942256240908,-2.51740377036507
65.7142857142857,19.5915304201892,19.842958113576,-1.76884911870618,-1.04335896021531
66.6666666666667,14.0041721403667,17.0500806974337,-0.925762255847981,-2.11116812624802
67.6190476190476,11.9751381492279,11.9353580162802,-1.78084201709646,-1.97489230311192
68.5714285714286,9.16613069912289,8.30314722913421,-1.57709260214691,-1.02280825290377
69.5238095238095,4.36899590575661,7.20258761029396,-1.95225088011981,-2.36889648917142
70.4761904761905,2.68623652626656,2.95224073617675,-1.96174054963334,-1.30240226733518
71.4285714285714,-1.49200818932889,0.409120233413576,-0.320312999786509,-1.16228326174925
72.3809523809524,-4.62458767762652,-4.06378097919188,-1.30227861419949,-1.28208579742798
73.3333333333333,-5.52702834383101,-6.79488602905543,-1.95530478056698,-1.30572910886045
74.2857142857143,-9.33958428721196,-9.80864320137732,-1.17745691341424,-1.31214183705534
75.2380952380952,-12.8863186341886,-10.1809441773669,-1.79126036370959,-0.72953702878221
76.1904761904762,-15.0020616883965,-12.9451488091592,-0.901521726456985,-0.501019450506222
77.1428571428571,-18.0052805605391,-18.1195364249074,-0.708221515938506,-0.462560434904819
78.0952380952381,-23.4589653613114,-18.3292857118512,-0.24966544137449,-1.0691645003108
79.047619047619,-24.1847534189777,-22.7467665972538,-1.44390125947723,-0.800456111024553
80,-26.3965166742426,-25.5236794002166,-0.043283719171141,-0.640430840309882
80.9523809523809,-29.8973949417737,-29.5592307282388,-0.374244880532211,-1.05429726860968
81.9047619047619,-32.4937608684487,-33.222487719165,-0.969693697728916,-0.83635519699779
82.8571428571428,-38.0805273379725,-33.2844813111866,0.0759388650330428,-1.02540347919044
83.8095238095238,-38.6323719387117,-39.1840364722647,-0.839757322903496,-0.430274583652583
84.7619047619048,-41.2440008193551,-42.3953801275897,-0.23696387199259,-1.05794762280234
85.7142857142857,-43.5647510176152,-44.7272464815066,-0.825559395079866,-0.291884156460753
86.6666666666667,-46.0555016702006,-47.2359914986121,0.117233293791061,-0.431008826169595
87.6190476190476,-49.7942897404578,-51.2645901708159,0.622341785585113,0.39812215431603
88.5714285714286,-54.3154794670802,-54.2819123378495,1.44771217443776,0.451890402415697
89.5238095238095,-56.9409274808478,-56.2380422727908,1.54986326329419,1.51797274483181
90.4761904761905,-59.0708429860792,-59.1046853562468,1.74217603625098,1.12638846575572
91.4285714285714,-61.2456595473587,-61.952225534616,1.01554623097152,1.39615147791272
92.3809523809524,-64.1100375027018,-64.5853638919867,2.1011130417113,0.940534917356012
93.3333333333333,-67.6797988223202,-66.5316932203546,2.96759622685625,2.41017697456544
94.2857142857143,-68.3295893074392,-68.9935296777267,3.04786197450324,3.35886174115455
95.2380952380952,-69.596690027335,-71.0346837606866,3.99000141821153,4.39592700177375
96.1904761904762,-69.8314691072659,-71.2974112015473,4.32445202237637,4.02163490127375
97.1428571428571,-71.4850775733733,-74.9323831466265,5.43842233322917,4.94673427532528
98.0952380952381,-72.3373356796517,-71.8257924300866,5.82269714062035,6.43345493722228
99.047619047619,-76.5402957534792,-75.1105936143834,5.75222795213743,5.90340144424214
0,-69.6917259165386,-69.131542622892,7.76499974863942,5.68991001129935
0.980392156862745,-69.4822553546769,-66.7774489414059,7.15846898539207,3.78960159917149
1.96078431372549,-70.6082007302635,-68.1245667948618,6.20642564432657,4.53858528635511
2.94117647058824,-68.6638192057281,-64.7785980513841,6.79548720025475,3.78920262844528
3.92156862745098,-66.2064140166473,-65.3189014781602,8.06616213534177,5.08849142707302
4.90196078431372,-64.4341485621604,-60.937074633308,10.4394704497745,6.29390698222617
5.88235294117647,-62.1703423066109,-62.2661018627821,12.7794938577453,7.58533844557452
6.86274509803922,-61.472315933843,-61.0766897320172,15.9738175612558,12.2993038637107
7.84313725490196,-59.1963869216747,-56.6095977341135,20.2447304555009,15.3721215906452
8.8235294117647,-58.6617518171074,-56.3948260353588,24.6887524523156,19.7086448724236
9.80392156862745,-59.007701130404,-55.1340872959837,28.5782161042248,21.5204318217012
10.7843137254902,-55.6989121184611,-56.1108570213907,32.1883705254945,24.9191310229928
11.7647058823529,-54.4093667010491,-52.1422180123212,34.2381512377928,27.2552105396907
12.7450980392157,-51.5281254549661,-49.4873266031098,37.3058152694473,28.7605683029258
13.7254901960784,-48.7240622359037,-48.8252906253036,39.7158764549489,29.6239467362493
14.7058823529412,-47.6850547000951,-46.5426611308309,41.8713305749014,30.214472934682
15.6862745098039,-43.7982541650125,-42.645213441588,42.6484173633452,33.3837635259777
16.6666666666667,-42.3113882289057,-42.2057687535332,44.7973491831935,35.6163402882693
17.6470588235294,-40.9082821654365,-38.469660106333,46.9768011988154,38.0147950501467
18.6274509803922,-37.6012477898549,-36.1448917126628,48.3606027936913,38.4522373705999
19.6078431372549,-36.1596118257214,-33.0493266200863,49.7930364314652,40.3550195821715
20.5882352941176,-32.9257166978835,-30.6239476103502,49.3566211976812,40.4349787270863
21.5686274509804,-31.878445968751,-28.9288812366353,49.0248400416487,41.5612658083558
22.5490196078431,-27.2571637093906,-25.9475695527044,47.9923012866447,40.0282466228716
23.5294117647059,-24.9722180931539,-24.9840601977561,47.0269060981561,40.1837880894546
24.5098039215686,-21.733293561083,-21.1551896540813,46.5500844128362,39.9532678990621
25.4901960784314,-19.9988141448994,-19.8416892846981,44.5037996144133,40.316966023256
26.4705882352941,-16.0808406235466,-14.7358691361931,42.9701248324509,40.0513542050609
27.4509803921569,-14.5286796917954,-11.8751382189142,41.5833409940206,39.7910801488633
28.4313725490196,-13.6134179759355,-10.7933907610342,39.9750008055153,39.9388383313625
29.4117647058824,-10.2297413532401,-6.55630604698167,38.3153022184069,39.0410044105879
30.3921568627451,-6.87117643356765,-3.93567443393084,36.059982320908,38.0347245379517
31.3725490196078,-1.4617227659145,1.24922149833841,33.9124896740154,34.9298764270351
32.3529411764706,1.66776810082446,4.59209801223275,30.4530114644696,32.0754495803068
33.3333333333333,1.45116778505789,7.25991848339355,26.1017053920543,28.6037133064882
34.3137254901961,5.93796249496013,9.02486830223627,23.5853104642898,25.3575727652121
35.2941176470588,8.71415124880079,14.3003430845155,21.1823286209914,22.0518347505028
36.2745098039216,10.5942927323628,15.9885750454905,18.5288905137337,18.2047763900932
37.2549019607843,15.6325893957767,18.2551196919678,15.5955348135553,16.6545558015284
38.2352941176471,18.1562664507108,21.484699790405,13.9610469443222,15.312013645839
39.2156862745098,19.2146066928639,25.7058735531333,12.1529325222886,12.8863191522301
40.1960784313725,23.7064316499492,28.2816000070103,9.26675993423098,11.4130702199308
41.1764705882353,24.6326633972287,32.2367145108751,7.93321009263877,9.19709484063927
42.156862745098,27.733484758649,32.6853880838603,5.75213355508099,5.36368611216466
43.1372549019608,32.1176186714173,34.6701636899498,4.46615471460243,4.69349905912083
44.1176470588235,33.4635973689507,35.8447341866471,3.27520155629559,1.8423703633326
45.0980392156863,35.5415438092266,37.7926041501589,2.88013414466433,0.845954702173371
46.078431372549,40.0403228320135,38.9530496874928,1.93159359796566,-0.146247000016741
47.0588235294118,38.005616436071,43.3504684358712,0.709952466325018,0.463120257912084
48.0392156862745,39.1873467420539,44.195085356257,1.99985896084203,-0.325008898603933
49.0196078431373,43.38226462216,43.7115113861087,-0.726236612777098,-0.563319541006778
50,44.6917311113878,46.5721257540738,-1.45961101363538,-1.95572881447656
50.9803921568627,45.2493808612405,46.7832290759065,-1.42475993189927,-3.08983358791997
51.9607843137255,47.7177773416081,47.1538046511906,-2.76239347076548,-4.7561958958441
52.9411764705882,45.4977387420676,49.4606250849442,-3.16000691716201,-4.4227553441471
53.921568627451,46.8594072619921,48.8256339453509,-3.58969894320804,-4.65949532190735
54.9019607843137,47.0155479837171,47.1458061499668,-4.40098114087726,-3.69206035202157
55.8823529411765,44.5517053854614,47.1663305882338,-3.49831249008598,-3.98436775931736
56.8627450980392,41.6666964824491,47.0933480331814,-2.66421510190617,-2.75590328669726
57.843137254902,40.0181446559308,42.4674420260978,-2.50404566519233,-3.04879495752318
58.8235294117647,38.0499376186399,40.8526147632756,-1.9952815714271,-2.68630275233765
59.8039215686275,35.9911284029989,36.6865592890784,-1.44722160033763,-3.30946407570931
60.7843137254902,34.1907886195529,36.2808449380302,-1.74837100964595,-3.13584692391753
61.7647058823529,28.9144810622126,32.8944884406604,-0.362096592121391,-3.04112915458184
62.7450980392157,28.5519922555822,33.0490501501024,-1.74397166450266,-2.40835550433401
63.7254901960784,24.7025340078978,29.820985322043,-0.156625698938348,-2.25191404890468
64.7058823529412,23.7368958973635,26.4123217568602,-0.65694444747045,-2.81335750848337
65.6862745098039,21.1562554225902,23.7929848473732,-1.18077997281578,-2.50664344799002
66.6666666666667,15.7208567771916,20.0682051976157,-0.934089999292295,-1.9329355365588
67.6470588235294,12.502695838325,19.0299845424081,-0.150806543172732,-2.39077284033971
68.6274509803922,9.61898257671981,14.5222643760064,-0.402943769113373,-2.40933175198647
69.6078431372549,7.40648480786858,10.6065572145812,-0.833063154322543,-2.72557645739839
70.5882352941176,3.52387222957201,9.15924152424834,-0.403470377530926,-1.86140666636268
71.5686274509804,2.08406697866008,6.96506090553827,-0.44265010580691,-1.14603647823788
72.5490196078431,0.158734503895056,2.99946852677715,-0.699852050927651,-2.57065416882003
73.5294117647059,-6.13113255568439,-0.947828008307166,-0.789265649218069,-2.07835886621279
74.5098039215686,-8.9153067720569,-3.16315461863889,-0.0569939136238989,-1.72893927081729
75.4901960784314,-11.1491547257681,-7.39194685493672,-0.142953413952376,-1.60313745059332
76.4705882352941,-13.5434957314478,-9.55102816837371,-0.9341523776219,-0.969350356497013
77.4509803921569,-18.2945268114435,-12.1485897764628,-0.800232582116332,-1.24656299678297
78.4313725490196,-17.8420397977606,-15.0117357809097,-0.342432254152258,-1.83639189605249
79.4117647058823,-21.9793414183779,-16.967894032251,-1.37752358957147,-2.00895711234926
80.3921568627451,-25.8523140747552,-22.1988007645646,-1.54811820807041,-0.928282206268081
81.3725490196078,-27.3516108349266,-24.6727114657946,-0.717819420029732,-1.58620192353406
82.3529411764706,-32.0898458479161,-29.7398209423918,-0.474201004640374,-1.44921362407543
83.3333333333333,-33.2240969981385,-31.9342582395604,-0.2824890973028,-0.740935202232406
84.3137254901961,-36.8889279292395,-34.8093629663905,-0.603980223589661,-0.761170729089137
85.2941176470588,-38.4891324306465,-37.7801012023269,0.74714872523791,0.0310603867257915
86.2745098039216,-41.1571332013472,-41.1054866257258,0.806258128611875,1.2435499157511
87.2549019607843,-45.7963035234737,-44.4017342770991,1.66952384377066,1.01593877228848
88.2352941176471,-48.6892729769743,-48.4218189001475,1.48155696492478,1.06253503357028
89.2156862745098,-50.9174030047646,-49.4506377417327,3.25021434203433,2.06045236698295
90.1960784313725,-54.5404849412505,-54.1958670271292,3.96973487271617,1.476549830069
91.1764705882353,-56.1443549984687,-55.2686729646688,3.40555403669659,1.64472363700947
92.156862745098,-59.7065887205626,-57.2968558489941,3.1989401933931,1.41649368003958
93.1372549019608,-61.4933189203385,-59.3459306250533,2.92622831847985,1.70028709283325
94.1176470588235,-64.054466587912,-60.1229164137735,4.30571859957034,2.07758441357271
95.0980392156863,-64.3542840730349,-61.7604774494953,5.09005027762173,2.73831864243931
96.078431372549,-66.511926805872,-64.6778832950489,5.4606761356398,3.18303674746799
97.0588235294118,-65.3306032481231,-66.2775203376187,5.91332303074303,5.84718103791941
98.0392156862745,-68.113217329623,-66.2057723135826,5.86613170175138,5.30108506715254
99.0196078431373,-70.4829024768921,-67.0243700550597,6.04839195385976,4.68073979499398
0,-75.6459705181328,-76.0281281266967,6.35696329443321,4.00634299070707
0.970873786407767,-74.8544718896746,-74.6096399180888,6.46174936345885,4.11830037654555
1.94174757281553,-73.1850994555545,-72.345322936971,6.75589011664185,4.14590705342788
2.9126213592233,-71.8502408422574,-73.340482368323,7.72663567890415,6.44358282662453
3.88349514563107,-71.5812052863574,-69.6680800522322,10.7601264348125,8.97335070952739
4.85436893203883,-66.0685064415643,-69.252501770801,12.9387954353802,11.3958883737044
5.8252427184466,-67.1636864264388,-68.7877449516663,17.8026585830593,15.294917150383
6.79611650485437,-65.0575099869537,-68.754778685143,21.3712557595272,20.4114352694076
7.76699029126214,-63.8524151255405,-65.817124754486,25.0931869258248,24.1821141932714
8.7378640776699,-63.3457884670207,-64.4745747258659,28.663964842898,25.5504856708924
9.70873786407767,-60.7404321765356,-62.3219442383908,33.1265899177475,28.9541123835799
10.6796116504854,-58.6057884466024,-61.3442549175256,36.1189285340276,30.5727538943922
11.6504854368932,-58.1920245226322,-59.6077230254947,41.7738593250637,34.2351421142879
12.621359223301,-57.5061904114367,-53.753828685228,42.7081291786534,37.0103811863382
13.5922330097087,-53.3162149225664,-57.4485997905787,46.6062303699791,38.4810549613894
14.5631067961165,-49.2170547070246,-54.0635991931541,48.326909025403,41.7958694571431
15.5339805825243,-48.646893341266,-49.6970768659793,49.7648005513065,44.1427578797316
16.504854368932,-44.6657442320705,-49.4548351968431,51.4618142855825,45.77293853222
17.4757281553398,-46.3129498909704,-45.3684539123317,52.74635306983,47.5524224257693
18.4466019417476,-41.4027274626406,-43.3946043730496,53.6230199607051,48.0163040160164
19.4174757281553,-40.4897160862988,-43.900688947086,55.0521626452712,48.8513465012222
20.3883495145631,-39.6365584647458,-39.5230646052855,53.7733318746649,47.886313237802
21.3592233009709,-37.3368557403426,-39.1689005255838,52.932538748192,47.4908453101578
22.3300970873786,-30.5635016386362,-34.388007730658,52.6196371808958,46.7112835577874
23.3009708737864,-28.8992397134759,-33.9231091144484,50.3846262043237,45.2307762092734
24.2718446601942,-27.7848476544957,-30.2849854125984,49.9614280627024,43.4924311800496
25.2427184466019,-24.9121264604102,-28.327119060017,47.9727165496532,42.097020411029
26.2135922330097,-19.7894133430148,-24.6351912931422,47.3409214831855,39.5527396892715
27.1844660194175,-17.8224060295277,-19.6860798873914,44.6147593645594,38.3310790728133
28.1553398058252,-15.0203326896864,-18.7206464451214,43.3771979824262,36.1460610529156
29.126213592233,-12.2782041721425,-17.1540858212267,40.520819076984,34.8522715971841
30.0970873786408,-10.55358401289,-13.4522212522829,36.8462488018383,33.9865239676021
31.0679611650485,-5.48553904255706,-9.47817509525431,32.8549158482289,32.4677346796724
32.0388349514563,-3.71382810098039,-5.10371047330816,29.3027517751168,30.9130325881669
33.0097087378641,2.72542218332055,-2.45196682755491,26.8002995167025,30.6730114609829
33.9805825242718,4.94626900579422,-0.315426752788427,23.8159527378835,27.232356705333
34.9514563106796,6.85179284901561,3.8410717611363,22.1272562665854,27.2628494094967
35.9223300970874,12.215748944231,9.31386298000597,20.4631265797751,23.7039507108973
36.8932038834951,12.3602124578068,10.5415733272988,18.1870394278142,21.7990659916094
37.8640776699029,16.7570598738312,14.6791306733101,17.0406313788989,17.8848023502023
38.8349514563107,20.6921691578841,14.6426094931667,15.4491594441937,16.7704086994312
39.8058252427184,22.8242383992426,19.5553639194585,14.8603141823287,15.689894968979
40.7766990291262,25.2657811513548,23.9450849264528,13.7212632609032,12.8639857488655
41.747572815534,29.882495627557,24.8161781707706,11.4017422784049,12.2386146927262
42.7184466019417,31.2966358972799,28.6388118678706,10.3522842419878,8.33713984767384
43.6893203883495,33.806499215323,29.5204484762652,5.71339630814266,5.92500403860891
44.6601941747573,35.0779742976042,34.1610400714409,4.65495187008867,2.83834586945829
45.6310679611651,35.2088507941232,35.0207286327213,1.71128140162257,0.41245305457746
46.6019417475728,36.9590144378018,36.3709749611323,0.154901132337619,0.0151404858963714
47.5728155339806,38.9819631612584,38.5501127808077,-2.82296604739751,-0.12146135808448
48.5436893203884,39.1667111293783,37.9119320847897,-3.62806447736895,-2.63038559328943
49.5145631067961,41.2465768712566,39.6198012039209,-3.61986665531672,-3.58143348077745
50.4854368932039,42.2475510553608,40.9281963433302,-3.8583104899017,-5.21813832040458
51.4563106796117,41.7934923037311,42.0356818458669,-4.14850612750107,-4.64704563844884
52.4271844660194,40.3662021760416,41.1349333299728,-3.87563382250405,-3.55504886297957
53.3980582524272,42.5875235540347,41.4543784431165,-3.31849376451099,-2.81785734467118
54.368932038835,39.9801197531179,41.459831421863,-4.69724066203812,-3.74649739475955
55.3398058252427,41.2599742544817,43.8247180851216,-4.11610373039807,-2.72033194787849
56.3106796116505,42.4028136024025,41.4839971470977,-4.44561656203553,-2.64733690665263
57.2815533980583,41.674466126603,40.3234464169581,-4.4758969275729,-3.71539983467285
58.252427184466,37.5705019823278,39.420970995049,-4.15462289195434,-1.66736417228648
59.2233009708738,38.4361905587166,37.2969636342187,-4.30865155667978,-1.6433928224998
60.1941747572816,36.574042751656,35.7996777432471,-3.44413087197528,-2.7969899892099
61.1650485436893,34.3913526353389,34.8009687750077,-3.03645612054976,-2.45009378834721
62.1359223300971,33.4309071184883,33.3970855694406,-3.79492403882682,-1.32828830995961
63.1067961165049,31.5830606073679,32.7626897092216,-4.10283140166824,-2.22591766265517
64.0776699029126,28.8103192976062,29.9167994286863,-3.35437960592841,-2.58088512747568
65.0485436893204,27.0568979925877,27.5726173862754,-3.32296595286485,-2.46205282329362
66.0194174757282,24.1900541786313,22.7891366836212,-4.10396527850606,-2.86758773270347
66.9902912621359,23.518805355481,22.4109003071432,-3.60352321029939,-3.16966619746287
67.9611650485437,19.3388290313966,18.8787677559388,-3.78063419106258,-2.94189840822019
68.9320388349515,15.2183856570796,14.5956067797455,-3.82109033537546,-2.98511152210103
69.9029126213592,13.6436779577537,13.6999852397552,-2.60938498155664,-1.84947825177399
70.873786407767,11.8637751410626,10.4242294213474,-3.33980475429883,-2.89404971554113
71.8446601941748,7.18628159707329,4.68126996563724,-2.11415078807925,-1.7525027050509
72.8155339805825,6.38954453237531,3.27104477677429,-2.80756080389812,-2.22343621628994
73.7864077669903,0.807841596226886,-0.938356321530736,-2.21797632356867,-1.5965766931563
74.7572815533981,-1.39439212072911,-2.19763838006308,-2.63038168653219,-2.22242325105126
75.7281553398058,-4.52663365584967,-7.1351137560351,-2.98633975500577,-1.12702373667365
76.6990291262136,-8.19603198226653,-9.74322333112081,-2.21066803057194,-1.29031474142978
77.6699029126214,-12.1583301858703,-13.1052259399222,-2.01285400313097,-2.13220658623268
78.6407766990291,-16.2006251463102,-16.7133505773772,-1.67926530783781,-0.939392249460161
79.6116504854369,-16.9183139572437,-21.6769244211074,-2.22670667444861,-1.69479406848387
80.5825242718447,-21.6072758520819,-26.1056757336079,-1.3514600457126,-0.565724859853279
81.5533980582524,-27.2473768207895,-29.0258811310417,-1.69039970990527,0.0123940418120547
82.5242718446602,-29.4830949436511,-32.3495667691394,-0.796407963511017,-0.11054882172903
83.495145631068,-33.0069317363292,-36.0358935788424,-0.269855961065549,-0.386570746593207
84.4660194174757,-36.8130425495389,-38.3312913879885,0.0835091325366184,-0.272692415343869
85.4368932038835,-41.4697633217594,-43.2507393729401,-0.19179280890146,0.0140011113116891
86.4077669902913,-43.4994480507051,-45.224481936252,-0.32957469308841,0.518753894334781
87.378640776699,-48.7086391732264,-48.9701489330806,-0.320499666387801,0.759781995649518
88.3495145631068,-51.7741976926642,-51.402289701237,0.0435044713610786,0.364221808491697
89.3203883495146,-52.4431249334634,-54.3160418526086,0.372737696985989,0.894700928638823
90.2912621359223,-56.9686194292333,-59.0963152568972,1.27237788879325,1.26500570124861
91.2621359223301,-59.8323657932639,-58.2563261220689,0.792875358953815,1.33185012093635
92.2330097087379,-60.0426855542983,-63.2548494942807,1.06179745388589,2.09239112887028
93.2038834951456,-63.150149205507,-67.5735000544325,2.78811660066212,3.31813688433704
94.1747572815534,-67.8495680303283,-67.8415531354693,3.22821755004643,4.22827353229477
95.1456310679612,-69.4313921035372,-71.2019461975767,3.68803707816248,3.36040440825427
96.1165048543689,-68.3112827965548,-70.7291371045266,4.09939935118265,3.88019068752961
97.0873786407767,-72.4401874600625,-72.353926271717,3.3632772439402,4.59889626406072
98.0582524271845,-73.1406068084843,-75.8698253300129,4.62723767076219,5.09118304860426
99.0291262135922,-75.4805492516297,-74.525751859783,5.86787508901757,5.72904016432327
0,-67.751300128164,-68.4425951736825,6.32918007094363,5.62923140702059
0.99009900990099,-68.3459303229468,-71.0233925627291,7.50194120932705,4.45759591282919
1.98019801980198,-66.3730331470846,-69.2212298270662,8.51975760590296,5.47662234307091
2.97029702970297,-66.6161110464731,-69.4714357002873,8.34575801444156,7.4636378195341
3.96039603960396,-67.1151189432036,-67.0103860176284,10.3618965892161,7.60763394924669
4.95049504950495,-62.9194463946641,-64.7773321524498,11.3896557689404,10.000549965211
5.94059405940594,-61.4873950299065,-63.64096490772,16.1364282517133,13.1815165317298
6.93069306930693,-57.8784419834695,-61.1082345037445,22.6128350597079,18.2995703904071
7.92079207920792,-55.1833625147021,-58.4678106735373,26.742946805639,23.3374856725429
8.91089108910891,-54.6518803539857,-57.7040653727388,31.7550697077835,27.702213901166
9.9009900990099,-52.8230715562792,-56.9137635378246,35.0321690312341,30.970689885795
10.8910891089109,-51.7934689869869,-54.9849543864962,36.8872660120788,33.6120783639301
11.8811881188119,-50.6430170297918,-53.5049390513149,39.0019139340309,35.1900896013612
12.8712871287129,-46.0974410819289,-48.4014859311953,39.8595131512004,36.7389567819994
13.8613861386139,-44.7729982007551,-48.594662149138,41.5119190220142,37.3281138324378
14.8514851485149,-42.0936356661385,-43.3117832197945,43.5060790156465,38.1736255887113
15.8415841584158,-40.6096480344028,-44.8807475833635,44.8687521921225,39.9749268086609
16.8316831683168,-37.5915663211934,-41.1179805338211,47.2253905725029,41.6226755899846
17.8217821782178,-35.9909945123002,-37.7062384147582,48.4326211878391,42.9959125782644
18.8118811881188,-31.704296338071,-35.944484880872,49.9488028215247,44.813836542735
19.8019801980198,-30.9865474262811,-30.7452205853846,50.4638103014099,46.5982778288718
20.7920792079208,-27.381572599904,-29.9249320103017,51.007713324314,49.1348175067973
21.7821782178218,-24.8449180357363,-24.1858777944728,50.4483316467989,49.1778937867836
22.7722772277228,-23.3798050403218,-21.9680616186891,49.9134430936718,50.4423746526364
23.7623762376238,-19.9260131529451,-19.4885821404973,49.4268606324058,51.2645055966917
24.7524752475248,-16.5994384262506,-17.5115364739649,48.5259866911068,52.0356257206253
25.7425742574257,-14.2516749903001,-14.0766753380958,48.8950219037788,52.0473026422298
26.7326732673267,-12.43255228663,-11.2679390939771,46.6054388972615,53.3685632314375
27.7227722772277,-6.67320320058318,-7.77528692371348,46.6030904952309,52.880560375803
28.7128712871287,-4.47953892368671,-4.33185895190558,46.2686401990492,52.4689727671287
29.7029702970297,-0.208998098011439,1.40871309788049,45.0218605063968,51.9218009531256
30.6930693069307,2.66966330439995,5.00887972043264,42.3641003142869,49.1761255212529
31.6831683168317,5.63887922304472,5.66033861543412,38.7561117005814,45.7967535971378
32.6732673267327,9.91065278644913,11.5186826969674,34.383709191144,41.3491476357432
33.6633663366337,11.9716629554572,13.750231809876,30.0098527566686,35.4850485263671
34.6534653465347,20.8244922918731,17.128452624424,24.8928763565155,29.9098906421682
35.6435643564356,16.5628087253831,20.4774195382881,21.8151867263116,25.4534375366041
36.6336633663366,22.4969131753013,24.5049237365621,17.8898083737295,19.4046990551737
37.6237623762376,25.98317096107,25.8701580361111,14.3505018827385,17.2165686627107
38.6138613861386,30.2206696075089,29.9593527874302,10.8571666887235,13.6983234090499
39.6039603960396,31.4748442671836,32.0310105723343,7.84032566947658,10.8117346351458
40.5940594059406,32.8177258011556,34.5785337745492,4.90111656711074,7.57794334480649
41.5841584158416,35.1341619042511,37.2431751656246,1.37921805627792,2.28370878362139
42.5742574257426,38.5992129217395,37.8645599144283,-0.256863328292407,-0.189805513498176
43.5643564356436,40.8303122628343,38.3010548806766,-3.23196865430605,-1.56599399144996
44.5544554455446,42.0860653900248,40.4445451549954,-3.4748332321102,-5.02617836614143
45.5445544554455,41.8745003211862,40.7994636558262,-4.07074136353371,-7.67656633491133
46.5346534653465,44.361898133822,40.4602049409498,-3.64217101874293,-5.27218436708094
47.5247524752475,41.7660661994207,43.4995545416568,-2.91320335000911,-4.63281333867464
48.5148514851485,42.8460328291101,41.1656071592766,-4.22038643997329,-3.402186110021
49.5049504950495,41.8960965363357,40.8349949955808,-3.6531366846495,-3.35395007110043
50.4950495049505,44.5316956185675,41.605409652244,-4.25874065255914,-3.02797199006114
51.4851485148515,40.5644161041926,43.632161552317,-3.77448580445349,-3.00020055775024
52.4752475247525,39.5379679358342,42.7627186717728,-2.30682467332086,-1.17837299708522
53.4653465346535,40.1285157099275,41.8019379553297,-2.97156479436431,-2.63650296990821
54.4554455445545,35.8104680635359,42.2619051404192,-4.18886426537666,-3.08922829942191
55.4455445544554,33.9374671160133,41.3767643935123,-3.90341250051405,-1.92133102858062
56.4356435643564,32.4728166173246,36.4283958993567,-3.66878895247885,-3.71193026807231
57.4257425742574,32.5357057507254,36.1883437572195,-4.29764315408796,-3.28062768411747
58.4158415841584,30.1736986562753,34.1484914287724,-3.71885027397949,-4.77301130450978
59.4059405940594,30.4422634067252,34.7382549323499,-2.99487703445135,-4.35807986934235
60.3960396039604,24.8840720839251,27.9598985415116,-4.0508353557159,-3.39614260889136
61.3861386138614,22.4260950000503,25.1396827733725,-2.59418707735148,-3.4212868623504
62.3762376237624,20.975476471289,22.2943612663349,-2.39462535384045,-4.01803683452174
63.3663366336634,19.023550312286,19.5489920347786,-3.54659070982505,-4.95711801272306
64.3564356435644,18.2652885340898,18.6982226222389,-3.11243820482294,-3.93191939359767
65.3465346534653,12.8260474022262,15.3859594019309,-4.00903890834911,-4.40584032829697
66.3366336633663,10.9320413698299,12.7481796417471,-3.19959943560156,-4.64448122059467
67.3267326732673,7.65892707909016,9.1565137378535,-3.35549591963517,-3.25165222935458
68.3168316831683,7.42298894698991,4.58405805395458,-2.34612338342758,-2.96596705464457
69.3069306930693,2.24276047338119,0.623384455455255,-2.99691912218173,-2.40163873257529
70.2970297029703,0.495186784851094,-0.761011898312504,-3.10305060221252,-1.9726436364651
71.2871287128713,-2.3450838179749,-4.3926352150732,-2.69838326100952,-1.74059614486427
72.2772277227723,-3.73155355231756,-6.74804059214672,-2.50523536256463,-1.33572747347448
73.2673267326733,-7.63842049209372,-8.71107529612544,-2.78314022782437,-0.756237237291613
74.2574257425743,-9.83242795652856,-12.3533649347027,-2.60872312294958,-1.64390353660176
75.2475247524752,-13.0971584740379,-17.3256767029422,-1.72650255363372,-1.809434973528
76.2376237623762,-14.0829931502619,-17.6437938749056,-1.9586836305907,-1.86178691777497
77.2277227722772,-16.9056770191505,-22.3438362709875,-1.80796713947395,-1.11431405734181
78.2178217821782,-21.6537394370995,-24.9030904550502,-1.07526308167703,-2.4297657342888
79.2079207920792,-25.4619683584771,-27.4153715744571,-1.97970026424868,-1.32160495718737
80.1980198019802,-25.3391189033749,-29.7748716942758,-0.813662038314496,-2.14403355653284
81.1881188118812,-29.5143233787792,-33.2188472594161,-0.782435686746901,-1.74854155826188
82.1782178217822,-31.1639741237615,-37.2237411922824,-0.55099637694252,-1.15949291629272
83.1683168316832,-33.5337123585373,-39.1775970921256,-0.375847165519872,-1.24063990120582
84.1584158415842,-36.8389210952271,-41.3186872175579,-2.04556827166513,-1.37778206123488
85.1485148514851,-38.4343519779936,-44.2070011835346,-2.3700853128949,-2.27035817579255
86.1386138613861,-40.7098929080114,-48.3320195815803,-2.15693360816255,-1.62069728164739
87.1287128712871,-42.4169677330427,-48.3945436678897,-1.53447399161859,-2.00199595632449
88.1188118811881,-47.6849519698046,-51.8919520734338,-1.31917932435235,-2.54967581073519
89.1089108910891,-50.5582682701046,-52.5814945015517,-0.343923718480477,-0.721586930276716
90.0990099009901,-55.3912785637403,-57.0165323878769,0.461068738599145,0.950378589051721
91.0891089108911,-58.8011366518958,-58.7910975372185,-0.205911888712321,0.864161481397521
92.0792079207921,-59.0786742910774,-61.736066995735,-0.646808941049216,0.703770537221329
93.0693069306931,-63.0146623760289,-65.5300570910429,1.67665025404666,1.46845041259538
94.0594059405941,-65.3348025408827,-65.8758068489898,0.635195117933492,1.45610360757507
95.049504950495,-66.8685381539592,-66.1156641142273,2.62132842741811,2.41539970788992
96.039603960396,-65.4667494715772,-67.6900398058816,1.63195117181744,3.17343887165884
97.029702970297,-68.0777395764285,-68.7701983928979,2.3149449151332,3.02140124159322
98.019801980198,-66.1845501039976,-67.9588687429033,3.740733507731,3.13764656210704
99.009900990099,-67.0111628666298,-69.3634447865297,4.27916063842976,3.53221871702193
0,-69.9031638911669,-67.7368032598144,5.93283607690256,4.31609196803039
0.980392156862745,-70.3611381724027,-68.0180338083912,5.41734608364379,3.69370429483301
1.96078431372549,-67.316144624979,-67.6020610551729,6.16046084548638,4.06534369400946
2.94117647058824,-67.3649428640588,-64.6077438336061,6.9526582818116,4.35159925788119
3.92156862745098,-65.7304935245166,-63.1828904814216,8.59715365365794,6.46381225650212
4.90196078431372,-63.7497161112469,-62.5131634545053,10.6739496950505,7.47366936166993
5.88235294117647,-65.1744422365497,-61.514937791284,12.9976378026484,10.03602193259
6.86274509803922,-63.5879367279685,-59.9896729264204,18.4526472430821,14.1560663924116
7.84313725490196,-63.2646349387255,-56.1528815620065,22.2575785899435,17.0259394272621
8.8235294117647,-57.3995752617404,-57.5255557838715,25.5864334450764,19.8991818696275
9.80392156862745,-57.2626713479757,-54.0003456748961,26.896860527123,21.7175575207072
10.7843137254902,-53.0560720818844,-52.6334443551129,31.2062087457375,24.0719619704827
11.7647058823529,-50.6857733942742,-52.3610911647566,33.4928595379489,27.2584430727779
12.7450980392157,-49.1112623842218,-48.6580950839437,34.1734935153953,29.2228877391329
13.7254901960784,-46.9767946930227,-45.9279918443474,36.5289746810665,30.2180067856055
14.7058823529412,-45.203632098936,-44.9869303653007,38.408285323673,32.3767207668267
15.6862745098039,-42.557202694469,-42.7772949956989,39.8483398081895,33.2541156298119
16.6666666666667,-41.9284189161537,-38.9806962464668,41.7384130329597,35.1678051578206
17.6470588235294,-39.7654478251692,-37.5088175140748,42.6501300366194,36.9996545982742
18.6274509803922,-36.342723444812,-35.3879297622722,45.2624562333389,37.6882331905369
19.6078431372549,-33.9464002567532,-31.5379646467904,45.9655908176088,39.7807639994303
20.5882352941176,-32.2137913863524,-30.1934247414048,46.065443105401,40.9961255496603
21.5686274509804,-30.2604220084252,-30.5732577560689,46.078687914961,40.8049526709897
22.5490196078431,-27.7630891345711,-26.8259903212405,45.6365646681941,41.299279300006
23.5294117647059,-24.8223423018793,-23.1196427353124,45.5219141356575,41.124007741555
24.5098039215686,-21.5783530246769,-21.5956741234275,45.0723004230071,40.5436536784695
25.4901960784314,-17.4502519131267,-17.2515313500309,43.4551244855072,40.9459213003284
26.4705882352941,-17.1487222278225,-14.4262984540954,42.8305170162421,39.944837858729
27.4509803921569,-13.6259334898211,-12.393240465627,40.1668194686791,39.963084639424
28.4313725490196,-9.54587404041204,-7.64550451535709,39.4094265526873,39.5075176697264
29.4117647058824,-7.52179362179204,-3.93957222435776,36.7418026001188,37.7557571525297
30.3921568627451,-4.56428554710533,-2.55484135830195,35.5453749925615,34.9929816355263
31.3725490196078,-5.64269615584442,0.836254229741026,32.6911126709317,31.764825717842
32.3529411764706,0.37600019976917,5.95807241096892,30.9158947034205,29.2955985378472
33.3333333333333,3.72761530331206,9.56271635329108,27.2706631392006,26.0738843568808
34.3137254901961,6.87299145421351,12.5017164867805,24.032114114253,21.9306935475712
35.2941176470588,10.460607690532,11.7609802002277,21.4566604098515,20.0919809893735
36.2745098039216,13.7625444500739,19.7177953133481,19.3438479579652,18.3467900402951
37.2549019607843,16.7418594577992,21.105126771767,16.4092830402186,14.0841400125544
38.2352941176471,21.9955554907812,25.2065224085061,13.8604702476127,12.6650955511279
39.2156862745098,19.1668623292892,26.4202623756433,11.1557757770389,11.1018409438951
40.1960784313725,25.4080117493357,29.5166294144782,9.03668541651643,8.58189129727403
41.1764705882353,27.9410437171805,32.1753763019251,6.4433477241673,6.19736066948269
42.156862745098,30.492375324949,35.6482081623542,4.20665054805445,5.45958069238835
43.1372549019608,32.0521294202055,34.2127568120605,4.327542103471,2.77104990831629
44.1176470588235,34.4418180025428,38.9010337313771,2.74685803123653,1.44785627406259
45.0980392156863,34.2994779162129,40.9821320837168,2.33857645554181,0.359432848762436
46.078431372549,36.9312300989753,41.9305103064037,1.68584965338099,1.02388661290936
47.0588235294118,36.576373808069,42.5544421513559,0.401784943685487,-0.90440258359146
48.0392156862745,41.9600041383748,45.6113484693323,1.10152933784539,-0.501889316259177
49.0196078431373,41.133866508964,46.8763648893233,-0.713292111643994,-1.43501069559294
50,43.7164263415981,46.9443412633026,-1.30367009923385,-1.38386077851378
50.9803921568627,45.6401792716501,46.8679999580914,-1.16202063840926,-3.62804119162132
51.9607843137255,46.4954893451238,46.2655407056095,-2.21086944996436,-3.18368665558316
52.9411764705882,44.9084158359026,47.7424444942268,-3.42247722344264,-2.78600392754179
53.921568627451,46.0919717464084,47.9150597782102,-3.06819694784758,-3.69073410920705
54.9019607843137,43.849696094304,49.1333246488626,-2.12880451043361,-2.93835929460927
55.8823529411765,42.1162882831928,46.1949700888267,-3.68782751679619,-2.8239635131286
56.8627450980392,44.8310798128313,44.9560347770355,-2.87433790842607,-2.96427685202967
57.843137254902,43.6338462758761,43.0988676615342,-2.13951738249101,-2.68539781734095
58.8235294117647,41.4563331162127,40.0163072955397,-1.61520368752213,-2.57284709674421
59.8039215686275,36.9643465675663,40.426744100077,-1.25907289594064,-3.03678518019088
60.7843137254902,33.6775490967813,39.3700625981936,-1.25216056499979,-2.68031117370899
61.7647058823529,33.5906195789961,35.6641562225007,-2.48077671724786,-2.60480570999077
62.7450980392157,31.1425676555933,33.2895710891139,-1.57466830477418,-1.58732374949175
63.7254901960784,29.2955487526158,33.5472631293419,-1.19594812535343,-1.18023934657735
64.7058823529412,25.079362051769,28.5831070493193,-1.06803968230833,-1.7319313301048
65.6862745098039,23.9559507037038,27.2478982449345,-0.716290249989828,-0.941219768392542
66.6666666666667,21.7371539942725,23.5504239935117,-0.882089034784251,-1.64085159598791
67.6470588235294,15.4537555535919,20.7204634325434,-0.557792522555203,-2.36992844588934
68.6274509803922,14.1017487470385,16.7097437783591,-1.5613694147541,-2.49034068886075
69.6078431372549,12.2153384108729,12.7342544055703,-0.913964915100532,-3.31303755478474
70.5882352941176,7.48272627950172,10.3136346670262,-0.764512088600568,-2.83859666488558
71.5686274509804,7.46852523245672,8.11899686931084,-0.858891254589119,-2.67019015408812
72.5490196078431,0.609251350694049,4.03686755543216,-0.990311639264279,-2.33939239286473
73.5294117647059,-1.81199893676226,2.91303168980365,-0.621190316062506,-2.18843079192293
74.5098039215686,-4.08114201952693,1.04355772236341,-1.01854456369403,-1.76056658980686
75.4901960784314,-8.53004179775284,-3.47505285256499,-1.16468278076324,-2.22690871011484
76.4705882352941,-8.8687170472967,-7.8480074691132,-0.0109576984872762,-1.94563366180651
77.4509803921569,-13.8626315850273,-12.0258070822911,-0.957612729478924,-1.48708836981141
78.4313725490196,-18.00469427639,-14.3335264474798,-1.4613532606922,-1.37774420900997
79.4117647058823,-20.656179231981,-17.2279808290038,-1.07263856306019,-1.76339413194993
80.3921568627451,-24.8289921887144,-20.8063654267955,-1.08012268329894,-0.281395453460365
81.3725490196078,-26.5779843142776,-26.0370185876326,0.117446209223124,-1.2632049377623
82.3529411764706,-29.7806235874121,-26.9344588337948,-0.677645958734906,-1.68386833800288
83.3333333333333,-31.4300783862279,-33.0850142280669,-0.350620966288557,0.114940259526732
84.3137254901961,-36.0602379176723,-35.4465862314404,0.751799407392304,-0.16984165852497
85.2941176470588,-40.6602326098338,-38.8825337725705,1.53804418507751,-0.0236359587282066
86.2745098039216,-43.8716775800156,-41.9527843235505,1.39746775891668,-0.163227239588019
87.2549019607843,-47.5818468440984,-45.6874152242957,2.78126132807169,0.210697801206071
88.2352941176471,-49.9795332796626,-49.0513054959703,2.64430224825394,1.90580990263567
89.2156862745098,-52.4713810418115,-52.332621088501,2.59694507693917,0.813670811728946
90.1960784313725,-56.9030860187441,-55.9135479108668,2.17529516067836,1.76423571941796
91.1764705882353,-59.211850657779,-56.3136193577755,2.8302948303153,2.44408928341244
92.156862745098,-60.7626289755045,-59.1844670063131,2.90088027698721,1.4814431397791
93.1372549019608,-62.9249816191199,-62.1547027951783,4.36478557227058,2.62754270575919
94.1176470588235,-62.2347820450502,-63.8747306713539,5.09571795176796,4.8869727545339
95.0980392156863,-63.3965026944966,-64.5049731996417,5.1390283000929,4.44149931563709
96.078431372549,-67.6155520460367,-63.9658829160045,6.34827289682986,5.44206477934649
97.0588235294118,-66.7651134421714,-66.030743014046,6.10583799358795,4.72744631647823
98.0392156862745,-68.3660993238989,-67.0439454543152,6.96177172086759,5.78497011482178
99.0196078431373,-69.4204588061756,-67.5736181381037,7.49195576147398,5.17234384938771
0,-76.2643283976744,-75.9386500127891,4.04918632467541,7.06590170623358
0.970873786407767,-74.3142806003302,-76.0025812939171,4.66599271098477,6.6416904177021
1.94174757281553,-69.8840252619514,-75.3023296915628,4.25646486076642,6.24434645803171
2.9126213592233,-72.5625140147507,-73.8867169548915,6.50124606334218,6.86356280678949
3.88349514563107,-71.3265473551981,-73.9750493369375,7.88986591785346,9.08999422778877
4.85436893203883,-69.1789502175439,-71.9874905454426,9.58576787033483,11.6607464529678
5.8252427184466,-67.0521412681205,-68.6353157342055,14.280819357516,14.0863549854914
6.79611650485437,-64.0349480736092,-67.6256991383565,16.1679658391038,17.8646191708678
7.76699029126214,-65.202362489777,-67.1536129390404,18.1034188025382,21.1995584615173
8.7378640776699,-61.4978971068659,-64.5601381792296,21.2067130732736,23.7037358944487
9.70873786407767,-60.4960131663757,-63.6127858712693,24.8416016522342,26.5850781059518
10.6796116504854,-57.7221025276549,-61.2276147966579,28.6362938458238,29.9982098407162
11.6504854368932,-55.5701052067692,-59.9258120784492,32.9634305810436,32.6906130573837
12.621359223301,-55.2532463892876,-60.3812072112314,36.1991578644794,34.3894508938516
13.5922330097087,-52.5103289628738,-56.6589297571155,37.4690549875325,35.3984499403428
14.5631067961165,-51.8988707575342,-54.0694026485028,39.4745964667188,36.1931215959354
15.5339805825243,-49.3823211497916,-51.1411507251084,42.3585509777802,38.8607054452057
16.504854368932,-46.8262486151635,-51.7624960174039,43.0104897934821,41.0400509115644
17.4757281553398,-43.8240336050769,-46.9228901164068,45.4682512699117,43.9439856340018
18.4466019417476,-43.7419063026082,-48.6713813494342,47.9218997836898,46.1416379276262
19.4174757281553,-39.1184380814971,-44.2508905152927,49.6373938341187,47.7547869544205
20.3883495145631,-35.7253322283394,-41.2765103618746,50.316807192343,49.0494873452211
21.3592233009709,-35.5332400184454,-40.6068785663474,50.3521445446656,48.3040077437609
22.3300970873786,-32.5165961487079,-38.771291389443,51.327820785383,47.2580868200794
23.3009708737864,-30.7580205165385,-35.7942806071811,50.3585810715903,46.7657963234413
24.2718446601942,-27.7828905750501,-31.9070933332365,49.460639415585,46.2243528493701
25.2427184466019,-26.8638288283629,-31.3520756779101,47.6934266462719,43.5466993166794
26.2135922330097,-22.1022579339027,-27.0269352226857,45.0201296421659,43.380485434159
27.1844660194175,-20.0301108053081,-23.7476796176349,42.912757795194,41.3173426288231
28.1553398058252,-17.9016074697018,-20.7473542063287,40.8984836084743,40.5152270100202
29.126213592233,-14.9598355938732,-17.2002343013554,38.208084271084,39.7061571213069
30.0970873786408,-10.9739238081904,-16.8796406802959,34.7759231093167,37.0810028996026
31.0679611650485,-10.3373234357832,-12.4995169704105,33.1333401125498,35.3225418598691
32.0388349514563,-5.37945526888272,-9.2841891871871,29.7099227729869,33.5932756494114
33.0097087378641,-1.95654186352774,-6.17529213858331,26.287773743162,30.7211333363626
33.9805825242718,-1.19768450356713,-3.98700918439956,24.6341701029181,29.580067067513
34.9514563106796,3.83048793471773,0.043461673742639,21.423152804934,26.4751997428524
35.9223300970874,6.81771437610232,4.64360073260065,19.8408792137118,24.8721298839097
36.8932038834951,9.84528566541872,6.85958471559492,18.2444674695621,22.414165749749
37.8640776699029,13.4563660829288,9.37558959031473,16.9084327550777,21.4135050781893
38.8349514563107,16.5448079374548,14.0608981280391,15.9621002722723,18.206435772119
39.8058252427184,21.8322481522845,15.607501596908,14.8038262196448,15.8140283971275
40.7766990291262,23.1325981423298,19.783739225808,12.5690583627772,14.994460562711
41.747572815534,23.8223803794249,22.8775684542527,11.9191385302675,12.8626591461787
42.7184466019417,26.0641228713638,24.7232994995093,8.57802705051773,10.448565427269
43.6893203883495,29.5407257225125,28.6823308957734,8.20388735401731,8.05598396435045
44.6601941747573,32.6970264087403,30.5390833455247,4.50287486408974,5.16215293949838
45.6310679611651,34.4880900148946,31.2326382411381,2.02915358063594,2.57647584227517
46.6019417475728,34.3674749160963,32.8745032778238,0.715787922144897,0.880826163230229
47.5728155339806,38.9909607603509,37.0927539910319,-0.903621805407029,0.186163962090055
48.5436893203884,36.5073366321641,37.726804000301,-3.70125842939853,-1.7389088724237
49.5145631067961,39.8178611654372,37.3628293001001,-2.36255872735684,-2.57976203452911
50.4854368932039,41.1317113868825,37.2789697069829,-3.50318546155016,-3.56629339577233
51.4563106796117,40.7998480200764,40.7256139333018,-3.93523998191756,-3.70241187424128
52.4271844660194,39.8454714108089,40.7292977827563,-4.1303368672146,-3.28064904983063
53.3980582524272,38.6599421493696,41.5898121351277,-4.19041013647863,-3.13983793450944
54.368932038835,40.4721169970348,40.8191179692587,-4.40824810173953,-3.52626851242105
55.3398058252427,42.1808793823615,39.5468786506689,-4.12589602890685,-2.76198757961181
56.3106796116505,41.9677351572946,43.5957939432265,-3.68818515439949,-2.56097409535614
57.2815533980583,40.8010860763804,41.2329515233743,-3.23614670048195,-3.64106703135394
58.252427184466,39.3094141481504,40.2481934797836,-4.16872402156354,-3.71996201634541
59.2233009708738,39.6037347062025,37.1927571885882,-3.96593433555132,-2.81559431746065
60.1941747572816,36.9790912645935,38.6243657119742,-4.37034155663518,-3.97733853833965
61.1650485436893,34.5288330139021,36.7031026433549,-3.35608817989226,-2.7709837208126
62.1359223300971,35.171838622931,35.5288811047179,-3.88131860339627,-1.70530675835496
63.1067961165049,32.1921352984348,32.9693644951131,-3.38575848194116,-3.93518273338333
64.0776699029126,29.3161714808646,30.1896700224748,-4.57696179999164,-2.10405671382519
65.0485436893204,29.5166479799225,28.1224321185645,-4.14654695421947,-3.0612412283083
66.0194174757282,23.4862740847157,25.1031614906189,-3.50378776424708,-2.35853905646509
66.9902912621359,24.4102077555835,21.9625124277374,-3.11713678089863,-2.79067441189497
67.9611650485437,20.6461997738629,18.4609049623403,-2.8761858702386,-2.90100001643479
68.9320388349515,19.1550135653156,17.7259529108149,-2.93393061109951,-3.74753625993288
69.9029126213592,14.9614350026033,14.7505203037307,-2.83756863136783,-2.22868455862523
70.873786407767,13.6484388795397,10.1111554671283,-2.13023600061571,-1.69792128936018
71.8446601941748,11.6523793049188,4.95569769371351,-3.16338401685246,-2.21509442835407
72.8155339805825,4.74015566523981,4.17476443280359,-3.02499811702446,-2.0842945071756
73.7864077669903,2.2412003214492,0.375938702279134,-3.5041196971358,-2.05020289928448
74.7572815533981,-1.57338292868519,-4.06633767828578,-3.81695029957109,-2.33109675051501
75.7281553398058,-3.25391963993855,-5.64597258922497,-3.04423298623744,-2.10320481080566
76.6990291262136,-6.24073731771298,-11.1645904733409,-2.74341451755234,-1.08705394165686
77.6699029126214,-12.0216971467676,-13.5555185983063,-2.8144280026207,-1.26716213119372
78.6407766990291,-15.8981155839717,-17.1428326185514,-1.7695555019278,-0.726002906138875
79.6116504854369,-17.9824962466228,-21.4383215064163,-0.372134188155475,-0.475357466526197
80.5825242718447,-21.6664734862057,-23.8683722859943,-0.983424456915982,-0.379735173237159
81.5533980582524,-24.8824212528641,-28.5405889235243,-1.51970666526177,-0.392195350156163
82.5242718446602,-30.71371660494,-33.5286110543118,-0.522346269050073,-0.677322368624745
83.495145631068,-33.524611832568,-33.8254682751601,-1.25961248336449,-1.55158022673435
84.4660194174757,-35.1228956832571,-37.7025333076347,-0.653429155072297,-1.15634411983037
85.4368932038835,-39.6044200701314,-40.1190008084876,-0.0782165342858701,-0.306139063146251
86.4077669902913,-43.0195730336738,-45.5461244270309,0.5556962017938,-1.06509671518127
87.378640776699,-46.250672845894,-47.2141342363239,0.429437739402107,0.760247384462127
88.3495145631068,-50.391644188952,-51.2476374157707,1.40032035776911,0.941462673371294
89.3203883495146,-51.2802202950633,-54.9706683331138,0.960443941228406,1.44933482884816
90.2912621359223,-57.2670608615454,-57.5224772563331,1.97584355662023,0.795798209069157
91.2621359223301,-59.7824208312134,-60.5931675458689,1.9883467117731,0.750617801740483
92.2330097087379,-63.6946079956195,-63.1951364573062,1.96674345644564,2.45769301446846
93.2038834951456,-66.7443097368162,-65.4480239801226,1.5497724892389,1.90256862079625
94.1747572815534,-68.3291545484608,-66.181949895055,1.48497395901857,2.54104918170308
95.1456310679612,-69.2501084132303,-70.2495651390423,2.07738348910603,2.70690802314405
96.1165048543689,-71.0095506269956,-72.4383740596762,3.11050759778818,3.08255992087729
97.0873786407767,-70.4804429753412,-71.7531216085174,4.33940274852835,2.82075818903437
98.0582524271845,-73.7742890120525,-75.6009002162264,4.1763466044924,4.30520423307691
99.0291262135922,-73.1057027353396,-76.6794374448731,1.65722848786074,6.87415582444001
0,-67.4845234990416,-72.9217731871792,3.74215988199314,6.70389730943294
0.961538461538462,-67.327726647473,-70.9156078484326,4.30816530313066,6.73400863997672
1.92307692307692,-66.1305291182394,-70.1352217448428,4.24038628277317,7.77910522098344
2.88461538461538,-63.2742116536421,-71.5215031074578,7.02798101924374,7.89939241451444
3.84615384615385,-63.8803776844634,-69.6487982248915,7.74129469312795,7.80127259857453
4.80769230769231,-59.0833522573578,-66.7876009755061,10.8011901920372,7.61915627169469
5.76923076923077,-58.5368067507777,-68.5956256485419,14.1645327917169,9.99505056723549
6.73076923076923,-57.2639467080641,-63.7057875448388,17.6605774500352,12.2085160748386
7.69230769230769,-57.4114423645003,-61.3606121110982,20.0055555527948,18.4775570300246
8.65384615384615,-54.7165618342377,-61.4749765309167,22.4149301939494,22.4338756413904
9.61538461538461,-53.4405693748878,-58.888368517936,24.2443595441926,27.2844047734792
10.5769230769231,-50.76274780275,-56.9376121419015,26.3803179452076,31.7445721036909
11.5384615384615,-52.6464067204676,-57.29106463188,28.6869007156465,34.0007383639945
12.5,-47.681434224322,-54.0120134076603,30.6697433517083,37.965465857304
13.4615384615385,-47.6035930967859,-50.3255461837363,32.0275228577594,39.268304365802
14.4230769230769,-42.8011387759861,-49.9883273538996,33.9159141520794,40.0138191341238
15.3846153846154,-41.3248960717083,-47.9703551222005,37.3319770333565,40.4382630295743
16.3461538461538,-37.664423310084,-44.9974261920976,38.3313428573247,42.2982576013922
17.3076923076923,-36.7446227497254,-43.6270124206645,41.1420895908136,43.4270745305278
18.2692307692308,-33.3185907722409,-40.7822676937135,42.3413044428335,45.0725014349263
19.2307692307692,-30.0571060094069,-38.2794484808939,43.5775528944554,46.9369269454276
20.1923076923077,-29.3731621506431,-35.8247278576387,45.0751203232629,49.6325858511919
21.1538461538462,-26.6132887893952,-32.0840118793721,47.1444283081187,50.6262186449488
22.1153846153846,-23.7695476768994,-28.5030953843105,47.0902835406639,51.579354573604
23.0769230769231,-23.7773563895044,-29.837271312669,47.9754005426651,51.2358514267126
24.0384615384615,-19.9103097158801,-23.6093804107815,48.1098289519443,51.4346756779436
25,-17.2327828503558,-21.6673431771389,48.1306329045951,50.9086990296579
25.9615384615385,-15.1382891618087,-18.0703500726428,48.2079991300963,50.5737507109969
26.9230769230769,-14.0493636629301,-14.9683933853132,47.7504081916371,49.5084307493271
27.8846153846154,-11.9372974450234,-13.7572870661848,46.9319034234644,49.5733905041914
28.8461538461538,-5.72285548526494,-9.65519916116775,46.1708947894301,48.1618426406365
29.8076923076923,-3.55530080483408,-4.23188717643388,45.6375371326465,46.1841210008026
30.7692307692308,-3.77916127256082,-2.41141265441852,44.6054363304664,44.674455576649
31.7307692307692,3.63844416116748,1.83363453917848,43.2861627422771,42.351769089869
32.6923076923077,8.09048439877975,2.92047070492225,41.0040800650497,38.9741449824313
33.6538461538462,6.7505062044967,7.04906309733601,36.5927405379087,35.1745727027699
34.6153846153846,9.87532564556356,8.76180578823986,32.9955868027763,31.6895830837724
35.5769230769231,14.9664772184481,14.7446807701104,29.393785205798,29.0217266454508
36.5384615384615,16.4781201623152,16.5731509789397,25.7796661349325,23.6585296386933
37.5,19.5542123747704,20.4464074794195,22.5815036780166,19.6700229063134
38.4615384615385,22.4484368468582,20.5448801516802,18.96956546572,17.688950903004
39.4230769230769,26.2771594963515,23.2149407666204,16.8779383692369,15.0628602082559
40.3846153846154,29.0712034557449,26.5027995085579,13.953352249131,12.8800802150016
41.3461538461538,31.886167018547,29.1894842093131,10.4806274269604,11.1214235321289
42.3076923076923,30.8369559086351,32.4888962411056,8.24835134501068,9.62484872502946
43.2692307692308,37.6346364060852,35.4984436320613,4.92819632062904,6.06002068903221
44.2307692307692,35.8753844164775,35.2090860402345,3.71746721853339,4.0971193779779
45.1923076923077,37.1051049431475,39.5238235493658,0.882243303081435,2.07577395549732
46.1538461538462,37.2839702907033,40.1448832292956,-1.15329316552652,0.711496898336523
47.1153846153846,39.6781372205942,39.5518114258025,-3.59389287518497,-0.669051360762021
48.0769230769231,39.4642730850271,41.7389302748674,-3.51791267382636,-3.09732322687818
49.0384615384615,41.3695776750013,43.6715964078634,-3.21170927234829,-2.73824712206596
50,42.7493118172496,45.0057369448414,-3.08592968411765,-2.97552311657015
50.9615384615385,43.9601326139507,46.1049843769676,-2.79063194391992,-3.23363085797698
51.9230769230769,43.6725775752566,46.3572423954288,-3.37596935597412,-1.58262983925174
52.8846153846154,41.678064974726,44.9467281079459,-2.861056044462,-2.31345981981106
53.8461538461538,41.1620903978305,43.3779515260703,-2.71573539832723,-1.32014620520855
54.8076923076923,38.7219008570315,42.962333543214,-2.07629885114892,-1.72171630162374
55.7692307692308,38.9115427997357,42.5569849761456,-1.61007900072575,-2.32726587050899
56.7307692307692,36.248147680344,40.6622148354951,-1.93871282881291,-3.23984371299148
57.6923076923077,35.294682053662,38.9139135544585,-2.41127763066392,-1.63341493857627
58.6538461538462,32.5626251930134,38.2537526006954,-2.43211871213241,-2.02135552435979
59.6153846153846,31.4627146164,34.7671588447832,-1.71158208777536,-2.45893071367969
60.5769230769231,29.6899553741283,32.4767559801808,-1.41082591592564,-3.08897146470265
61.5384615384615,29.2398018391589,31.0732688403878,-1.63600281004396,-2.88103476295337
62.5,26.5587076345871,27.6644879297361,-1.22543847058201,-2.79414242589311
63.4615384615385,23.7840871591413,24.6378948011709,-2.08619453216291,-1.22779983788916
64.4230769230769,21.0666435008991,21.9261604982913,-1.44824479278209,-2.69342283291729
65.3846153846154,18.3518747000713,17.649061236195,-1.30131820367452,-2.25879065845642
66.3461538461539,16.6143713421958,15.9524961865999,-1.43011365451391,-2.05665874383982
67.3076923076923,11.9566331656652,13.3569923621614,-0.881538979541214,-1.11141383926802
68.2692307692308,9.22281420111137,10.904220618546,-1.26352905402447,-3.08737949408441
69.2307692307692,4.61402558140609,7.43641199753789,-1.67490254588743,-1.43540478231779
70.1923076923077,4.46635071757821,3.23466611610038,0.0415069524559829,-1.02207157974864
71.1538461538462,2.05430486613264,1.9363621403961,-0.198162079607345,-0.681604669749292
72.1153846153846,-0.103501065163451,-3.48762915359547,-1.28907694320382,-1.23846970545849
73.0769230769231,-4.34370693591871,-6.63503604257975,-1.43018346384905,0.293853376061289
74.0384615384615,-7.81875731059473,-9.15377238487786,-0.00929270996576625,0.089151780277563
75,-7.967255432969,-11.9041297063604,-0.620604778593238,0.877331776990622
75.9615384615385,-12.0462632568054,-17.2403706013998,-0.105890333209761,0.276670122059525
76.9230769230769,-15.3945451840773,-18.9507836340312,-0.355394785407591,-0.205485049841321
77.8846153846154,-17.9552134214209,-22.9843262201129,-1.05595604246213,0.933183553262798
78.8461538461539,-20.0279013349634,-24.5715079476424,-1.10809430120366,-0.521352448486761
79.8076923076923,-23.5603246097814,-26.4535530773521,-0.901429395376975,0.431264369480667
80.7692307692308,-26.2024780062394,-31.0703468911611,-0.660948870565592,0.0069274289414358
81.7307692307692,-26.0226429461489,-33.4980865673491,-0.0963870654728399,0.0926782916793977
82.6923076923077,-30.8245861380765,-37.6529656886571,0.186390669950891,0.829221263433277
83.6538461538462,-35.8438780656111,-38.081400383367,1.30267285539743,-0.166471720944616
84.6153846153846,-36.0640878067865,-43.6405528594504,0.71125407270905,0.696062562368889
85.5769230769231,-38.2226824182103,-44.9179516415267,0.713337445061515,0.377760432593041
86.5384615384615,-43.3319524323158,-46.799778498829,0.474674405708377,-0.631997892300656
87.5,-43.5276901926283,-48.2815836173726,1.16327590282676,0.258630218287723
88.4615384615385,-45.4986821952151,-50.4963863394152,0.688988477935255,0.591695742599954
89.4230769230769,-49.9517704709484,-53.4248798765464,0.94234827287263,1.4477812627252
90.3846153846154,-54.6001941646697,-56.7295057089462,1.6023631004285,1.51897555812257
91.3461538461539,-54.2546343403101,-58.0163474638048,1.70788812209789,3.4407296091874
92.3076923076923,-58.1823589233475,-61.5520584564493,2.25405935570332,2.64741978265126
93.2692307692308,-61.6181400209528,-65.7555467286389,3.04952496165982,3.31016020908812
94.2307692307692,-63.2746341427263,-66.7053977580327,3.4000431686213,4.48093920410458
95.1923076923077,-62.7541845312611,-69.2756450756872,3.30445396160968,3.84655005355714
96.1538461538462,-66.1315522306724,-69.8159672506463,5.01925816620589,4.9220948244522
97.1153846153846,-65.7937845947314,-71.7910528460843,6.39610946346888,5.6935942488102
98.0769230769231,-68.572846969917,-71.7202836265136,7.20531069335577,6.07284645809004
99.0384615384615,-66.8382431070759,-72.8367962763629,5.83050049542859,6.57435997091706
0,-73.4028409794511,-74.2991518122352,5.85688905811143,6.10909686389011
0.99009900990099,-71.2464691378426,-74.8171748152232,5.59984033517339,6.44727222089149
1.98019801980198,-71.7348976230363,-74.9953352788959,7.57360111335425,7.75175372027964
2.97029702970297,-71.0218544847003,-73.1705173869468,9.42459406728635,10.107790691589
3.96039603960396,-68.7192229271051,-68.8910826939026,13.4274273047945,12.2740909091859
4.95049504950495,-65.8460181377526,-68.8233946067962,16.2119119795942,16.2076933596207
5.94059405940594,-66.0338002122777,-67.8026075269049,20.1926586128774,18.8631812427274
6.93069306930693,-64.1307731731785,-65.6922643150175,23.5495384472708,23.0851888474651
7.92079207920792,-62.420405002571,-64.7679795176983,25.4591487576311,24.9487896411387
8.91089108910891,-59.1878797202767,-62.7670387499883,28.4028849687319,26.0613232053074
9.9009900990099,-59.1066094202875,-63.1482549847545,31.2691985492082,29.836405170626
10.8910891089109,-55.8382305380373,-59.6416038325833,32.8012508417599,31.8320204787319
11.8811881188119,-56.5154103792783,-58.2350897457202,34.604043314598,31.4000685936828
12.8712871287129,-54.1818704735673,-57.486807891352,35.0114667858278,31.2530798146125
13.8613861386139,-52.4774086073786,-55.2008581476983,36.0011095842886,32.3414863816135
14.8514851485149,-48.6419929036415,-52.5790945219352,36.7679155508901,33.6327692039498
15.8415841584158,-50.021291467688,-50.5547596634779,37.7897269048216,35.1399939518441
16.8316831683168,-45.1563863152281,-48.9870330857068,38.8131335333202,34.9108765520359
17.8217821782178,-43.5633011009601,-45.4380151791443,38.2760430874318,36.3414637483235
18.8118811881188,-42.8014217306134,-43.871722641759,39.1574135315119,37.1187883253028
19.8019801980198,-38.3527501429707,-44.8997336761209,38.5897931100773,38.9546336219468
20.7920792079208,-36.1732880158756,-36.5682777240029,38.5849756318331,39.8204543303044
21.7821782178218,-35.2939845052871,-37.8013837883416,37.9095613335511,42.0753010100192
22.7722772277228,-34.2871340419717,-35.5456380878097,36.4252845453479,41.77623854857
23.7623762376238,-29.1107528361083,-33.7740100693125,37.6444626944011,42.175044582114
24.7524752475248,-27.4763802959424,-27.6198695880251,38.3041819676865,41.8165667951391
25.7425742574257,-24.7302790307715,-24.6216248984253,37.386289677836,41.5921337254488
26.7326732673267,-22.4226630672375,-23.4291040298459,37.4629469582102,41.2667526490857
27.7227722772277,-21.1669441851147,-20.3463483059451,36.8361066490885,39.9841778495998
28.7128712871287,-17.7036017475335,-15.1611116010645,35.5794157596293,38.7954130268958
29.7029702970297,-12.4804600354712,-15.5611351560375,33.0312877323524,36.2427354489795
30.6930693069307,-12.4748058437779,-12.7406733832484,30.649942698461,32.3980023049257
31.6831683168317,-9.8230410206988,-8.09910339619768,29.666599473558,30.7616773211218
32.6732673267327,-7.56044445207415,-5.58536586374041,27.2242346229833,27.385288855853
33.6633663366337,-2.56189242696148,-2.77051509651585,25.8751859130374,25.4502916908278
34.6534653465347,0.633954237497401,1.15066611723619,23.2755014147882,23.0820871047553
35.6435643564356,3.22794366172177,4.00484720633338,22.3493913723183,20.4931008053576
36.6336633663366,4.90262598015086,9.19345798594911,19.9344949891214,18.7687997159014
37.6237623762376,9.97252115017155,12.2574724097542,18.9335317013292,16.8159414436258
38.6138613861386,12.8849664219051,15.4245643226759,17.6780878895897,13.6242771606105
39.6039603960396,16.8569407477183,17.3818720011123,15.2225690311838,13.6018611422594
40.5940594059406,17.6863421595304,20.0313587812893,13.347780331303,11.4211128518338
41.5841584158416,21.1430557559365,22.6052701897213,10.3241414208725,9.55744623814683
42.5742574257426,22.8931917785177,24.510678511979,8.56557113645946,9.95341526641854
43.5643564356436,25.2169867041324,28.3197240132461,6.34588489169973,7.4137716342159
44.5544554455446,28.9736349983281,32.4657105605096,5.11038947952441,5.91936308443832
45.5445544554455,31.3905258501238,34.0418272198086,3.31866756784455,2.97841324857439
46.5346534653465,35.2790191686384,33.8262890002957,1.53361747112112,1.98939534475824
47.5247524752475,35.0833863248361,36.411478220755,1.2273940221806,-0.448588618916727
48.5148514851485,35.7514329630803,37.6193951940677,-0.0227611148603905,-0.2288821161458
49.5049504950495,36.4285817794231,39.6319804127621,0.0727496435317025,-1.68979906669294
50.4950495049505,39.3100341483986,40.5198010606353,-0.712202023743232,-1.81459365382963
51.4851485148515,43.2666289543864,42.0342267267743,-2.90315786862721,-3.44065550038074
52.4752475247525,42.4362210792856,43.6080571285637,-4.59206128999121,-3.67899229338894
53.4653465346535,42.9198605634937,44.714738837426,-5.61304450000034,-3.27988195661058
54.4554455445545,45.4125060722282,45.7943985337771,-5.52202413078982,-3.05170201950858
55.4455445544554,43.0418741659818,43.2390327513807,-6.95164846833819,-3.05925688081226
56.4356435643564,42.7476865946796,41.9378020702733,-5.36044747506278,-3.36009152830341
57.4257425742574,40.598796707063,40.159245725993,-4.37274792092884,-1.81986722270802
58.4158415841584,38.2514818523624,38.8027419803471,-3.23395723220737,-1.93872537811054
59.4059405940594,36.6059650941977,36.4153885948099,-3.46788668751806,-2.1193682704709
60.3960396039604,31.9551104192918,35.4555535960665,-3.63145906449154,-1.69376537281826
61.3861386138614,30.3383784184079,33.9298319556861,-3.24274655720913,-3.48658895562383
62.3762376237624,27.9239066379553,31.8479576621457,-3.12080693076139,-2.09908746450345
63.3663366336634,21.8626780460608,28.3716461423694,-4.24298527346613,-2.2844142398915
64.3564356435644,21.7554473685117,24.5949966497229,-2.42364393845393,-1.26941444205601
65.3465346534653,17.1349242670547,22.9854439211938,-2.89933030164466,-2.26873400870971
66.3366336633663,15.5337108614657,18.7280087528846,-1.90547494915838,-2.54782748923872
67.3267326732673,13.4528146177749,14.9767588249795,-1.6057661662317,-2.15308319399165
68.3168316831683,8.8260838312955,9.67559480436639,-1.88342692820753,-2.18900178870271
69.3069306930693,8.15966364230836,8.36691779942451,-1.60284902671896,-1.51005714989631
70.2970297029703,3.37540604062863,5.36207584536779,-1.40776361051938,-1.5095447909602
71.2871287128713,2.23374175635145,-0.719870290175308,-1.50460303641394,-1.57119796936932
72.2772277227723,-0.960305678331847,-1.78914285351837,-1.49779203241013,-2.41034561369775
73.2673267326733,-3.52133850033851,-3.8474287089731,-1.28913210934371,-1.47666153617873
74.2574257425743,-7.39157189986676,-8.27782203735118,-1.0482137096652,-1.01102055238951
75.2475247524752,-11.4694396960308,-9.80932112570468,-1.2014565612417,-0.808400378412176
76.2376237623762,-14.3986723387079,-14.0715822880423,-1.58620319101722,-0.181662348654246
77.2277227722772,-17.2489487034341,-17.2300757092978,-0.36255907380236,-0.540476222642227
78.2178217821782,-21.3309430190057,-19.9439373570059,-0.875635038416579,-1.57909695679747
79.2079207920792,-22.8044639836902,-24.2245282279263,0.150862448807505,0.206333614578349
80.1980198019802,-24.9594155025915,-28.7277276545779,-0.337011199251966,-0.564306434903061
81.1881188118812,-27.9239252633741,-28.9959085002124,-0.414795782512728,0.0351137635903869
82.1782178217822,-33.5930742913056,-34.962423214967,-2.11473524665624,-1.01309406338748
83.1683168316832,-36.8770339563677,-37.3481156049226,-1.10395060633047,-0.429121364286134
84.1584158415842,-40.7950249923911,-39.0642773471486,-1.12901497040229,-0.979203512629371
85.1485148514851,-42.9548251230901,-42.049856152387,-0.586627496194333,-0.787030980890284
86.1386138613861,-45.5825601653837,-44.7985463106767,0.0768444482208851,-0.812535636863156
87.1287128712871,-48.7689927653424,-48.0909573800082,0.433441463178699,0.571287191161712
88.1188118811881,-50.0737402247968,-52.6920350159933,0.968827043925145,1.58178652929856
89.1089108910891,-54.7140707222456,-53.9771539792382,1.05475737490547,0.71471649759004
90.0990099009901,-56.7426297956343,-57.2656854398302,1.55478332211868,1.92285555343714
91.0891089108911,-61.7411639457443,-60.3633922574918,1.38280893863286,1.61453607953495
92.0792079207921,-64.122670178414,-64.3131906539156,2.64662492321724,1.2378984810841
93.0693069306931,-65.2556297787485,-66.1247880343629,3.86299664190364,2.70691156588723
94.0594059405941,-68.1075299031668,-69.5698038864615,3.88690580928467,2.53334657986937
95.049504950495,-69.849820159396,-70.0322041315099,4.23565239067738,3.42817656268827
96.039603960396,-69.2553221339585,-71.3191072310131,3.36795230969942,4.10581244905233
97.029702970297,-73.0621442704344,-73.4856067091778,5.21148346052319,4.92906541184727
98.019801980198,-74.2113737472871,-73.9353107307941,5.32112827538887,6.64900093348556
99.009900990099,-72.5509911030098,-75.4097468831309,6.02070115129981,6.87278146141048
0,-72.1311965423262,-63.6648458865629,5.93329401226441,4.8455678122834
0.99009900990099,-71.6309845617113,-65.1120669335632,6.20834798805887,6.03246353670342
1.98019801980198,-70.1718861284923,-64.8762775356,4.80268513435189,4.07107075791796
2.97029702970297,-69.376130407388,-62.6280928080114,5.65566682226548,3.30847620311177
3.96039603960396,-67.649127706557,-60.9983373536845,8.78943045340623,3.96817722315317
4.95049504950495,-67.7840903404702,-59.5519057074472,12.7690864148138,7.37960072416163
5.94059405940594,-64.680236912901,-56.2083338309515,18.2713174706059,9.87554719361973
6.93069306930693,-61.4545613155605,-55.4251052925639,22.0053372926678,11.8840503480854
7.92079207920792,-59.4904459362252,-56.7641723428634,22.3884520170682,11.9464746602621
8.91089108910891,-59.3159171715112,-53.5196130019227,22.4353736500246,13.8116973936518
9.9009900990099,-54.6892206169653,-52.0318911206184,23.9493400305525,16.1720373343614
10.8910891089109,-53.7096333149113,-49.5097404637781,23.9864696747436,17.2906965265628
11.8811881188119,-53.4184328081741,-48.4156518694616,25.1787668605257,18.74031315514
12.8712871287129,-51.8515328823108,-46.916208259269,26.8157742957753,20.8564392129715
13.8613861386139,-48.7819122304589,-43.7902067342953,26.999511872607,22.8868365915173
14.8514851485149,-44.9509290386408,-39.7803595748025,25.9354828572152,23.0987548028955
15.8415841584158,-44.4254484746217,-38.8366320286652,27.107060597025,23.4011772420708
16.8316831683168,-43.5488795205042,-37.9946550662773,27.9244587354452,23.1275218237859
17.8217821782178,-41.2103902199276,-34.3431207380121,30.9121930400144,25.1812413806596
18.8118811881188,-38.3732734470446,-31.4529340849152,33.4213683975794,27.3719063926022
19.8019801980198,-35.8535233261045,-30.4433998847691,37.5440789909537,29.3450245879128
20.7920792079208,-33.4427590767911,-25.2069407824103,39.5569058468753,31.974456813405
21.7821782178218,-30.0405916375894,-22.9361459228219,42.3243697699226,33.6112199110376
22.7722772277228,-28.2045635285077,-19.4644803018801,42.9186575825678,34.5115229167467
23.7623762376238,-24.5865517296353,-17.9895709614005,45.2484898259376,35.4443288354116
24.7524752475248,-20.6105484574753,-16.9209762690696,45.3156889860978,35.5768682908618
25.7425742574257,-18.3544870196444,-9.37182449959396,46.1130911005133,37.6396835777086
26.7326732673267,-15.681014292229,-9.02217828672705,45.7211426325403,37.1297220050211
27.7227722772277,-14.9791830958981,-5.49057252759889,45.2271020131701,37.4136856196664
28.7128712871287,-9.7641661625508,-3.11507815486916,43.7559741038129,35.3190182905736
29.7029702970297,-6.07882755950129,0.960903522233394,40.2939291863294,33.3816956340062
30.6930693069307,-2.89259717619873,4.01904925286443,36.7456596773623,30.9974147328238
31.6831683168317,-0.25754700545516,10.1987185284482,31.7376761459283,29.2255909481164
32.6732673267327,2.26423274132344,10.7363451975958,27.1024685281203,26.2293797381758
33.6633663366337,10.0816002694957,16.0983935771187,23.3150343587974,24.0127510944338
34.6534653465347,7.33596589238883,16.9251524052529,21.5581739526569,21.8686863092958
35.6435643564356,13.9604572897627,20.257318601168,20.9176515648862,20.1919656635
36.6336633663366,14.9396320938513,24.5126498561773,19.8401133350747,18.5491938303758
37.6237623762376,18.9250815967531,26.440307337885,19.2608977308264,17.9837069690096
38.6138613861386,22.6640450296455,30.9130217202312,16.8679371541811,16.678690989487
39.6039603960396,26.7719000189581,34.9661011051683,15.9915028199934,15.8621168926336
40.5940594059406,28.3016136222743,37.3375198571949,14.1268425066368,14.6164998319564
41.5841584158416,29.6793997982835,41.9983451867809,10.8460528670176,11.0470017168453
42.5742574257426,33.3389848493349,43.5992070567621,8.86161714472541,8.77797128826565
43.5643564356436,37.9310425448306,43.6805579014819,4.82136174527809,5.37011565034818
44.5544554455446,36.7798849214714,47.7472553324559,3.78959915308794,1.62465976989926
45.5445544554455,39.4875447274321,50.5854273257217,1.52078905731258,0.983331889961262
46.5346534653465,40.4997971133887,50.723897622652,-1.3191769337721,-1.11611308815444
47.5247524752475,43.2110105786148,51.2661209990754,-1.32388196380286,-1.31991506955345
48.5148514851485,43.6218525468034,56.4091313669515,-1.92856792555686,-3.6326160395335
49.5049504950495,44.8427286378589,53.8627523171842,-1.75586653607177,-4.03070726472199
50.4950495049505,46.6341174721984,57.4338649166652,-2.02318791378939,-4.61969598459611
51.4851485148515,45.2937238933462,55.8805457997673,-3.07337969015246,-5.45186902115738
52.4752475247525,45.2544045305609,58.7531765657573,-2.88810599193814,-4.59055087969107
53.4653465346535,47.2350731767045,57.7395311593959,-2.82192120712384,-4.12544492697883
54.4554455445545,48.1909628458941,58.6185184140169,-2.70404685703729,-2.65118353360379
55.4455445544554,46.739800058181,56.1253205641361,-2.37417724479472,-2.9985124341086
56.4356435643564,46.3432857330783,55.0873607699208,-2.2587387352276,-3.29100149964694
57.4257425742574,43.6801441799389,54.5633634809627,-3.24303900310259,-3.05828867794098
58.4158415841584,40.9894580070593,52.5604990713826,-3.05233924870781,-3.72385981463982
59.4059405940594,40.8888279241009,49.109859846265,-3.91953675017847,-3.9260383704299
60.3960396039604,37.2059483704375,46.2759853487658,-2.71254863288725,-3.61621261476948
61.3861386138614,36.3908725410278,44.7915613786822,-2.69539416138879,-4.02503095286606
62.3762376237624,33.3991561421905,40.7123182851606,-2.46261332628545,-3.75236194643803
63.3663366336634,30.5267151974253,42.0536261771596,-2.48032275683466,-4.2110425076474
64.3564356435644,29.4464493760834,37.0430236085934,-3.17221153100748,-4.29649493548345
65.3465346534653,24.9193167422956,34.7934850304284,-2.3244035697419,-3.78713714502994
66.3366336633663,21.6413455951112,33.2916043019673,-3.88824081047251,-3.16246347095466
67.3267326732673,20.9842371218216,30.6893046138829,-2.18088273351626,-3.26422057282533
68.3168316831683,15.0844714978932,26.004489472378,-2.79006143535833,-3.06990200184003
69.3069306930693,14.4505701232237,22.0632542143362,-1.92433775836572,-2.62246309834114
70.2970297029703,7.64008369236896,18.1075812196378,-1.26120100189126,-2.57277226143148
71.2871287128713,7.53731826306572,15.774891126907,-2.08632706826506,-2.84775174659607
72.2772277227723,6.10649795690833,14.3802278227461,-2.48223284591163,-2.87082320245418
73.2673267326733,2.14355264573466,9.06495415097661,-1.68467408436333,-2.41614847977408
74.2574257425743,-2.45150620687884,5.11393297192353,-2.61306882640448,-1.52456254976776
75.2475247524752,-5.26527127695156,2.53995425007827,-1.89989150229514,-1.31875745439539
76.2376237623762,-10.246389541188,-1.94715482411183,-1.7484699146745,-1.27096912931716
77.2277227722772,-12.1215251870372,-3.55891520876885,-2.00926492431785,-0.995572688336021
78.2178217821782,-16.2487855990928,-8.56899684704283,-0.918420291485587,-1.32422726639718
79.2079207920792,-20.5743768664778,-10.9063967990574,-1.47050596418099,-1.10910970065889
80.1980198019802,-20.4349857908455,-14.409302239899,-1.48592374888882,-0.133535548549511
81.1881188118812,-26.749849505279,-19.0588055476503,-1.35427882247748,-0.97601338127453
82.1782178217822,-29.4121794075939,-21.7813191054881,-1.0948906767341,-1.96201084522501
83.1683168316832,-33.6674447600662,-25.819858555059,-2.08496692287232,-0.718422592673238
84.1584158415842,-35.1127743279764,-28.5241774430711,0.17917873122722,-0.758346770560595
85.1485148514851,-38.5624873469736,-31.7231012211975,-0.857646319373005,-0.808826284768278
86.1386138613861,-43.5885229918886,-37.245377463248,-0.532786990704168,-0.634128407243075
87.1287128712871,-44.4856995056662,-39.5702281452754,1.63639369157306,-0.885632279185527
88.1188118811881,-47.1660128016943,-41.9645757226318,0.566937511898337,-0.54152824580897
89.1089108910891,-50.1998635958828,-43.8012910508591,0.96767831324918,0.514777141259537
90.0990099009901,-55.1364296681412,-49.8073438688941,0.484538197351081,-0.122756664405854
91.0891089108911,-57.493789769423,-50.7356723291808,2.17703022665467,2.12827457101979
92.0792079207921,-58.8984423417013,-53.2890035603184,1.52313175480073,2.07646445784076
93.0693069306931,-60.3102632544092,-54.491602150516,1.57209321658486,1.83059715484351
94.0594059405941,-65.438753987665,-56.6886049963023,1.99171047772286,2.70153390656564
95.049504950495,-65.6573357619269,-57.539756015006,3.42300212728103,3.64849167755051
96.039603960396,-67.4170184415772,-59.9364731521692,3.83140892731811,3.18618829471724
97.029702970297,-69.7608427904297,-60.8899612761164,4.85124830938912,3.10381989890714
98.019801980198,-71.7115978087904,-62.0320299271276,5.3805846943826,3.78681547665974
99.009900990099,-69.8612859738971,-62.5070299849252,7.47649876795771,4.36932778813753
0,-72.5847152443863,-78.1745513349561,7.91815296621799,8.29934440215298
0.980392156862745,-75.1001693165784,-78.7592494744843,9.33834012024234,7.67856252431653
1.96078431372549,-71.4543657418961,-74.3005441958952,9.41317915021936,7.37956076996562
2.94117647058824,-70.8713787462407,-74.6395324837189,9.3126581163221,8.11017160122651
3.92156862745098,-69.0806191605808,-73.6732006376459,10.6304593964717,11.010280299232
4.90196078431372,-67.7719652359437,-72.3897030178874,14.3893695312209,13.1282871013106
5.88235294117647,-66.6893379852141,-70.6043042248063,18.8945768391176,17.1100584444388
6.86274509803922,-65.3269049902672,-66.9428549607946,24.7020127701584,21.8213749400336
7.84313725490196,-64.4777160106699,-69.3628377453062,28.995441074558,25.666280139984
8.8235294117647,-61.3561009329789,-66.9123289420136,33.3040827865448,28.9990750161185
9.80392156862745,-61.0449013763857,-64.3258111856393,37.5675756683763,32.7918468013001
10.7843137254902,-61.2098598919813,-63.6351427829567,38.8193466371196,34.2250267577477
11.7647058823529,-57.7458490268641,-60.3209194261455,41.1254901740771,35.6614659884167
12.7450980392157,-54.8647383753279,-57.2094370607218,42.6943186781138,36.2794801964077
13.7254901960784,-53.7918423614335,-55.9920027109249,43.5100987814941,37.8303454436221
14.7058823529412,-52.0866317639432,-53.8972864395173,45.9617546072629,38.8402897788814
15.6862745098039,-49.0278710718156,-51.8915688653681,48.5049482824476,41.7283708105658
16.6666666666667,-48.3322313024347,-48.9496420605324,50.1354567620826,43.6944145799699
17.6470588235294,-45.8065449012278,-48.3524911717508,53.1535878025139,45.8798597539727
18.6274509803922,-42.3179482514466,-47.3468490456395,53.5933734667058,47.3958992956667
19.6078431372549,-39.2621800333128,-43.2931565294985,53.0673758105048,48.1701082382198
20.5882352941176,-37.6279925052094,-42.7842827307976,51.7191661505872,49.5562964623871
21.5686274509804,-37.1917063026637,-40.061201485763,51.3268339276698,49.8088366460715
22.5490196078431,-32.134221847802,-38.7708528733314,49.4039839855648,48.9865649213731
23.5294117647059,-30.8241292083699,-37.5111807631542,49.0470395261281,47.616520879814
24.5098039215686,-26.6245515630776,-34.2779447040179,47.8529728691748,46.4156735219529
25.4901960784314,-25.5737700272921,-32.6448203566875,45.2156765585281,43.0232024228641
26.4705882352941,-21.7095565751726,-27.8423550371977,45.4274919228176,40.2788863343561
27.4509803921569,-20.2084973881118,-25.823278582356,44.2833126342411,38.1314407709569
28.4313725490196,-18.1938443220747,-22.1652771028527,43.2034594945743,36.7742356935285
29.4117647058824,-14.9356493356239,-22.1271144735055,42.1076984214986,34.3624853480633
30.3921568627451,-10.0478313733123,-19.0773604464009,39.5884414151991,31.0911973164047
31.3725490196078,-4.90615046032166,-14.8006377944254,37.7217425443737,30.1307650446254
32.3529411764706,-4.70933120775698,-13.7847747302349,36.4766406284173,26.0518299070939
33.3333333333333,-2.56718429942585,-9.52354068862416,32.8202840794638,22.6102713675024
34.3137254901961,1.38230383243136,-5.90991547201351,31.0814239123698,23.0924184597714
35.2941176470588,4.88544520344366,-2.82354132044185,29.8449530035207,20.350334555521
36.2745098039216,7.911464702853,0.627441202568298,27.9801063765205,17.476022291389
37.2549019607843,11.8252955271962,5.00035906252471,26.8476006441458,16.6470173206527
38.2352941176471,11.9292648058968,7.13651908434356,24.6170236597143,15.1767043950118
39.2156862745098,15.7174387035237,11.9122174503819,22.9953956063231,14.0076398862151
40.1960784313725,21.834093830859,14.4904105341478,20.2730404974767,13.6983149267204
41.1764705882353,23.0691111673124,18.3701990621804,19.2646132575916,13.7994008730142
42.156862745098,27.5502148660814,24.3108409933378,18.3371518763333,11.6447743180614
43.1372549019608,29.6419137676546,24.2878369349053,15.7793944203205,10.7932743047015
44.1176470588235,30.9660770065784,27.6517726816356,14.1781504877002,7.96774493931073
45.0980392156863,35.391953536739,28.7859890747388,11.6373378070601,5.10927306394766
46.078431372549,37.0372640003335,33.8343644217736,8.42898694249893,2.02748452231917
47.0588235294118,38.4335126222856,35.1187371706548,4.74651837584306,1.47254915236428
48.0392156862745,40.2068974350314,36.0133788698077,1.82456802128504,-0.827479768726249
49.0196078431373,41.6544769122739,37.695862432926,1.71617306501759,-0.989135155477587
50,45.586426847339,38.0823111740971,0.930912601334271,-2.2823917619415
50.9803921568627,46.7412373738061,41.4302106052669,-0.857493740165683,-3.68208906456293
51.9607843137255,45.7839022963136,41.1025277132194,-3.00141902514567,-4.39990533162011
52.9411764705882,43.839427276289,45.8469209416398,-1.46953012950489,-3.33291925325038
53.921568627451,43.7610668346552,44.2055693466096,-1.89608739609938,-1.98879339935465
54.9019607843137,44.926484179741,44.1434775100459,-1.51961883220559,-1.78103050229882
55.8823529411765,44.0463633479521,42.4479378822478,-0.718513022351848,-1.48750565250885
56.8627450980392,45.6526515929333,42.9901876758783,-1.57581099885378,-3.04303045058988
57.843137254902,45.46944273239,43.4483643106886,-1.22403565395258,-1.81181917529416
58.8235294117647,45.1150910639144,43.2458376869167,-1.83619740482498,-1.89711149571971
59.8039215686275,42.0408451926145,41.1195885606239,-1.44905763686525,-1.70428669626292
60.7843137254902,40.0866332338745,39.6731953183706,-3.28234933468113,-1.89444176803155
61.7647058823529,38.4387508976683,38.106948529554,-2.5107541661479,-2.83423183453666
62.7450980392157,36.1732407294011,37.8892509078707,-1.63497911202642,-2.1440536620495
63.7254901960784,34.2979881189323,34.5523212734866,-2.06596958621948,-3.11863349520265
64.7058823529412,30.761879284562,33.5498108445902,-2.87829902208661,-4.32519989320265
65.6862745098039,28.6680654689757,30.6634973569531,-1.76159479768809,-3.24576883367098
66.6666666666667,26.3312502120387,26.2528674396828,-1.90466898727609,-3.82026111585449
67.6470588235294,23.1189537446132,25.1834222206932,-2.40883240912609,-3.63544229629947
68.6274509803922,16.1537573362711,22.601199367928,-2.34666403028234,-3.05782894215858
69.6078431372549,13.1770270371324,18.9267191517498,-2.49967342898098,-3.14701529571748
70.5882352941176,9.59572591763679,15.8765751337165,-2.41884584541657,-2.80485354605619
71.5686274509804,4.40495032912178,10.8148441004235,-2.47903536818526,-2.78525052874793
72.5490196078431,0.329752240795532,9.42233554968568,-2.52222900194434,-2.45520765434974
73.5294117647059,-2.59393697405506,4.8975266819939,-2.67911683487385,-2.31424557608001
74.5098039215686,-4.93688119264519,0.262545993432591,-2.76719208077979,-2.16363575943829
75.4901960784314,-10.5350520852888,-1.67479055349469,-2.56139111968903,-2.41706435555279
76.4705882352941,-14.0467809110787,-5.35008588087324,-2.28794967797028,-1.62342782118594
77.4509803921569,-15.3503421794091,-9.39544903042297,-1.54508708767227,-1.49949519482862
78.4313725490196,-18.4300546676521,-15.4061708284869,-1.56970569188845,-1.40305708533976
79.4117647058823,-20.8841754598104,-17.827286774164,-1.25241118390126,-1.11931124188088
80.3921568627451,-26.617232207238,-24.7338780144378,-1.54332844464117,-0.197179006821591
81.3725490196078,-28.0110932643489,-25.3849212759335,-1.45955555005771,-0.966992248282214
82.3529411764706,-27.2861623199846,-29.5777164540595,-1.45463666448741,-1.44313795176052
83.3333333333333,-34.7783767275565,-31.4731567427124,-1.63306853274738,-0.935790536086649
84.3137254901961,-38.3558570119763,-35.4217242821865,-1.42902561301225,-0.0433814956221695
85.2941176470588,-39.2187551415498,-40.9302968614347,-0.490700312490031,-0.828966229591217
86.2745098039216,-41.8931738865032,-42.9720737363397,-1.22782079834037,-0.538816767876044
87.2549019607843,-45.6838595080881,-47.6770886013911,-0.646065307753881,-0.589376291683175
88.2352941176471,-48.8622551826817,-48.6446367174647,-0.00865939035806929,-0.487396490501468
89.2156862745098,-52.3792604399631,-54.7482772353635,-0.169066523401333,-0.810173996186406
90.1960784313725,-56.2286588725048,-57.3426347289073,1.58929837486793,1.19404844062485
91.1764705882353,-58.7866777468522,-61.4001913103909,1.1651713878581,2.2546578671136
92.156862745098,-63.4442209973916,-63.0333251034245,2.4745029762026,1.34058017366472
93.1372549019608,-62.4512352908203,-67.6243744040519,2.41039049732208,1.58239963373957
94.1176470588235,-66.5388514155322,-68.6996541237716,2.79525119806068,3.29631555104312
95.0980392156863,-67.8823214414446,-69.1185275603528,2.68240889977937,4.48610803663162
96.078431372549,-68.9937210611839,-74.7045774475904,4.8277165872134,4.44895617843856
97.0588235294118,-68.6756447989279,-73.8337300071471,6.21787579498251,5.03046150861632
98.0392156862745,-71.3133099912799,-75.7402882465687,7.25216225941891,7.19637773511047
99.0196078431373,-72.3062642122161,-76.5012916356487,8.00253925340608,8.64428624764627
0,-72.4109232326612,-76.1902752362257,7.66068882884715,7.85210779012179
0.970873786407767,-71.3116495286985,-75.0582552139033,8.703526427416,8.12161942634617
1.94174757281553,-74.643387799867,-72.8238219879263,9.53124888393369,8.9920115619733
2.9126213592233,-73.8884725778413,-74.1677227129196,11.0859634983423,11.2636765664624
3.88349514563107,-72.7089493276974,-75.521030621921,14.5529517030789,13.9453832795983
4.85436893203883,-69.3022993515646,-72.4546552406375,18.5840282008287,16.7156478637519
5.8252427184466,-65.1485947750437,-69.9070074910732,22.5122120132606,19.8074988241986
6.79611650485437,-67.2289255201182,-66.7257332558854,26.5388936067368,22.193643695086
7.76699029126214,-63.88122677893,-66.6370172498912,28.8993223487395,23.8686072918089
8.7378640776699,-62.4698880501925,-66.3983684766549,31.0300618160068,25.3949148793441
9.70873786407767,-61.4117602646755,-62.83031699885,31.9127224750552,26.382833414864
10.6796116504854,-58.3754173839957,-61.237549776088,33.5459638271553,28.0742828062214
11.6504854368932,-56.6235974545279,-58.9605320904269,34.9573593837134,29.2067349327761
12.621359223301,-54.7724536362388,-60.9806929012032,35.1819992083044,30.2624574308389
13.5922330097087,-53.4058650558651,-55.8653061792686,37.0942937012138,31.9153289914954
14.5631067961165,-52.6765516250427,-52.1141141496226,37.7834329081021,33.9955940282563
15.5339805825243,-51.5222029549853,-53.074435199903,39.5918087491916,36.5826759056133
16.504854368932,-47.5384193608294,-50.061719742305,42.1418353556216,38.1268454876076
17.4757281553398,-45.335800705346,-50.9133820376992,43.1320130604012,40.0940826538223
18.4466019417476,-43.3655954225055,-47.1959955536848,44.6626784840258,40.4857331776868
19.4174757281553,-42.5433051160113,-43.8966573396883,44.2622409579825,41.5174495632519
20.3883495145631,-38.5271681667985,-39.2173688678314,45.2485170440929,42.3978731420624
21.3592233009709,-37.7938048756541,-39.3754990482877,46.2999711294189,42.5662108662204
22.3300970873786,-34.0630063610514,-37.6002193947639,46.3543524252269,44.3364946661653
23.3009708737864,-31.1670809013306,-34.2619901326672,46.4814849009884,43.8479887454564
24.2718446601942,-28.995224318374,-29.8186626090916,44.491587927426,43.3179346908331
25.2427184466019,-25.3809882993502,-28.553470173826,44.2522207229591,44.8718210006261
26.2135922330097,-23.5063071911279,-25.2417264259935,43.3768422238417,44.103402753059
27.1844660194175,-20.5683352031191,-20.5673600424236,41.9380218150763,43.0705520563917
28.1553398058252,-19.7234693096832,-20.6080625300709,39.8778621317966,42.2150406375555
29.126213592233,-16.1678443757813,-15.0648704552983,38.1238564790935,42.0500054307822
30.0970873786408,-14.079377454653,-11.4588596619589,35.3920627877626,40.000961630403
31.0679611650485,-11.1277797662188,-8.39684232018186,32.5487552507839,36.4869694816221
32.0388349514563,-8.34608217334856,-7.23226662975517,28.3181791693442,33.0881099989289
33.0097087378641,-5.89281986587635,-1.86055801360618,25.6906451203527,30.7083799602197
33.9805825242718,-3.73110794529097,1.93082343618897,22.4280265995313,26.5180097530848
34.9514563106796,-0.768889808881152,4.14242233448633,18.2598900186744,23.0436132217833
35.9223300970874,2.07437889509676,4.87233169307409,15.9226252251704,22.2308702925688
36.8932038834951,6.11142985190553,12.1113449095493,13.9327230914608,19.5340184059792
37.8640776699029,8.94904190131849,11.9515696691153,14.2679491389437,17.471002143376
38.8349514563107,12.7897333148597,16.9596288644344,13.9621331672895,16.7711912668527
39.8058252427184,15.2148624252491,17.9957906483507,13.1073986596355,16.3095114752239
40.7766990291262,18.3712497758422,22.9834017968453,11.5033217741551,13.963330392023
41.747572815534,21.2266651972112,26.6450552283674,11.0418815547582,11.5107173781445
42.7184466019417,26.6867143423702,27.2337752047124,10.2727004650234,10.1399352539567
43.6893203883495,29.2399176910166,30.1203989926784,9.47009389482792,6.24762456251913
44.6601941747573,30.6820036795312,33.0005417739507,7.23845496952035,3.88337693619918
45.6310679611651,35.1479433963044,34.5636031562309,4.74439559695814,2.09788330439344
46.6019417475728,35.5901545267187,34.0675088866385,1.78947171621277,0.367065163577945
47.5728155339806,36.3719639220629,36.1599182524598,-1.11362973379675,-0.947622297157959
48.5436893203884,38.9950526013023,38.6840946714639,-1.8789523423019,-3.24669626141891
49.5145631067961,40.0980910402242,38.801707028488,-3.09036333063498,-2.0572335613675
50.4854368932039,38.8772242840369,40.9915740553073,-3.19212838658284,-2.72095702945145
51.4563106796117,43.0434386025336,43.5573841359122,-3.70390018875085,-4.380848554372
52.4271844660194,43.2482631827034,44.1971248974309,-4.26032427699332,-3.57449284098898
53.3980582524272,40.9546072009928,45.0575385966115,-3.34124655248979,-3.93925738757156
54.368932038835,41.183233744665,45.2095182158185,-3.17134774224284,-2.64199901123039
55.3398058252427,40.6498596726588,44.1039957856435,-2.73772093444904,-2.64666003277947
56.3106796116505,38.0732814336425,43.8416655085957,-3.36356886363028,-3.73716645491692
57.2815533980583,37.5539354147866,41.7019430654466,-3.566342238342,-2.5902687701129
58.252427184466,35.9160574853886,42.8404231880685,-2.95773719738045,-2.89859750816172
59.2233009708738,35.955314114676,41.1081876689749,-2.66842904205935,-3.85310272270021
60.1941747572816,32.1668678053439,36.5678439081169,-3.59780993169987,-3.03583967855071
61.1650485436893,31.8314115634595,36.8535699899076,-3.29583733018434,-3.08643696136703
62.1359223300971,28.3774544741051,34.7704696597636,-3.50614485062561,-3.10895974467002
63.1067961165049,25.2613569727207,31.8962389403338,-3.73986405714631,-2.97995115840691
64.0776699029126,24.1380656811658,27.4127648170913,-2.90822404563734,-2.5936918329399
65.0485436893204,21.480309465926,23.9493127443818,-3.13147839088201,-3.04466217673082
66.0194174757282,16.7231116662277,22.5246237170178,-3.06658153772854,-1.75668464273261
66.9902912621359,17.2961323337089,20.5272555020309,-2.9995004866041,-2.39391387155348
67.9611650485437,11.0017122426163,15.6219820565914,-3.15522543324674,-2.51856354756285
68.9320388349515,9.29905685586511,13.3958868565712,-1.93380487734542,-3.18243202673338
69.9029126213592,5.41264708869298,10.3919850058888,-2.0802477843682,-1.8985885618222
70.873786407767,5.17687999059857,7.00275575752617,-2.0551082386959,-2.14338297462348
71.8446601941748,0.747400220367389,5.41160986989192,-1.96264921242899,-1.04002017758874
72.8155339805825,-1.53222122226258,2.92281030724785,-1.26663983664139,-1.21315535246391
73.7864077669903,-3.89791104131834,-2.30166523288694,-0.572801660489347,-1.54049022371398
74.7572815533981,-9.3742662083563,-4.34501125229147,-0.0830983622822612,-0.71380159979902
75.7281553398058,-10.9933522487678,-9.43828669648909,-0.750665562009553,-1.58422517842119
76.6990291262136,-13.5327841110139,-13.6044414429535,-0.42365837215274,-2.42939996190708
77.6699029126214,-17.9184632702738,-15.7524736038998,-0.843522028991518,-1.67212804232405
78.6407766990291,-21.0995825495988,-19.4835333174602,-1.04655467452854,-1.13092048710562
79.6116504854369,-23.9539865889266,-22.0319090134293,-0.884292720323991,-1.64910364644215
80.5825242718447,-25.7931755914682,-26.548853347057,0.489242666219761,-1.6568024924552
81.5533980582524,-29.5883019325974,-28.8396621400994,0.451900681287337,-1.33660322415779
82.5242718446602,-32.0820349943941,-32.0191461649096,0.0923571264511416,-0.720202004200273
83.495145631068,-34.9895794979507,-35.9079536036193,-0.636381856332534,-1.4521919619829
84.4660194174757,-37.6965597911459,-38.8827724533149,-0.863363992841757,-1.84242206522595
85.4368932038835,-39.2653253880368,-40.9974394714439,-1.33857709021531,-1.15768519610474
86.4077669902913,-44.1551097926316,-46.2945098582494,-1.49935017472722,-0.461200417838169
87.378640776699,-46.1689071074765,-48.6736197265823,-0.99224560889133,-0.0204697852283631
88.3495145631068,-49.3232132890626,-50.8715788973643,-0.546968381214005,1.14609086655078
89.3203883495146,-51.0700036128646,-55.0834937417395,0.294349343611629,1.75487865939503
90.2912621359223,-57.2052042860251,-57.5568084217389,0.810927967347277,1.83897003786952
91.2621359223301,-58.4832106411002,-60.5083071672613,1.22863627322354,2.92227119468499
92.2330097087379,-62.8591701457311,-63.2878933105158,1.94722692530668,2.9222093896049
93.2038834951456,-65.020987054582,-65.831648884472,3.17893113668265,3.9803723876455
94.1747572815534,-67.722222704377,-67.9862567711572,3.79408469874124,3.34242498950517
95.1456310679612,-71.3908940465838,-70.6207592354234,5.57195729262109,3.48671905485827
96.1165048543689,-69.3039709737135,-69.8671501626099,4.38257079374177,5.52919464124844
97.0873786407767,-72.3156129210486,-73.7054300444691,5.58510495346985,6.74675484903452
98.0582524271845,-71.8543223921892,-75.8259392810665,6.75170166643793,7.65692525313283
99.0291262135922,-72.4489877668398,-72.1828547390179,9.11953210633927,7.06015785941884
0,-70.6853104895899,-76.0505341222882,5.99164144301755,6.28949575652113
0.980392156862745,-72.2949143538665,-75.35874057031,5.7376499447648,6.10145910054063
1.96078431372549,-69.5261411194755,-72.8028324632126,7.64054953060325,6.8690391782968
2.94117647058824,-71.8705690027863,-73.7682703148511,9.89871876183899,8.74323677591214
3.92156862745098,-70.4698171021428,-71.5039666451198,12.6274194060686,12.5233637388113
4.90196078431372,-68.2603230396523,-70.7510919624809,15.2334415635279,15.5350334597324
5.88235294117647,-65.0635492839555,-68.8622085733709,20.9213745902235,20.0582942812431
6.86274509803922,-65.5377165283225,-67.591591002949,23.2385370670826,22.7972652164445
7.84313725490196,-62.0728304086698,-65.2143333063107,26.9029944283309,25.7503660164647
8.8235294117647,-61.5167678285765,-64.5985671785406,29.7430086262573,28.3980698081486
9.80392156862745,-60.8237249233035,-64.6445392057245,32.4348883667738,29.3428300928658
10.7843137254902,-58.0408344740327,-60.5522272224707,34.0657198613444,31.5865399986128
11.7647058823529,-55.8980468141066,-58.3114654447972,36.8032488675195,32.4150641676787
12.7450980392157,-54.9397727297885,-57.1904422378697,36.3433593279626,31.7342112953984
13.7254901960784,-52.0548555281187,-52.997635004725,37.1363941714541,32.3503409456644
14.7058823529412,-51.7733085650455,-54.6457175725184,38.2582296119069,32.7838890955666
15.6862745098039,-47.9563337696145,-52.6371902628319,39.5693466413536,34.4501245149775
16.6666666666667,-48.6544798692549,-51.5028256604799,39.7086859448146,35.0623377651729
17.6470588235294,-42.6284453152192,-46.5455132820214,40.9916704706744,37.5367208089421
18.6274509803922,-41.815987403992,-44.9172183999766,39.6321582314251,38.8739307304431
19.6078431372549,-41.0657630668484,-42.8470516964668,39.9575444313181,41.3104198511388
20.5882352941176,-37.0698470057982,-41.4975289155669,40.6872365523105,41.5124957455194
21.5686274509804,-36.1266877571362,-38.5296933376678,39.8919372366531,43.4517118379274
22.5490196078431,-33.1476611536137,-39.2032221614293,40.6231310960159,43.8214439801671
23.5294117647059,-30.2859702302046,-33.6387541274379,40.1492264519386,42.3565300589498
24.5098039215686,-28.9020391484418,-30.8014531685722,39.6025372018086,41.5724820973111
25.4901960784314,-26.8882443225317,-31.6479302937033,40.491869411132,40.7748415419306
26.4705882352941,-21.9395645408773,-25.163256985565,38.8301218971158,39.688757217024
27.4509803921569,-19.9361076574542,-24.5475388930987,38.1581366331522,39.8477447294286
28.4313725490196,-16.5513960285027,-20.83114869395,37.1936136605355,37.5092899729768
29.4117647058824,-15.6714241786426,-16.0562079637197,36.627317456187,36.4237638490155
30.3921568627451,-13.1957333025885,-12.8380295643601,33.998732574637,35.0952935594882
31.3725490196078,-9.04452123054617,-9.19824333951162,31.8507823500548,33.0263488323788
32.3529411764706,-6.74308572077255,-7.53371369213611,30.4494425405514,31.5492847808379
33.3333333333333,-2.32771635246005,-2.43844254603242,28.6700101690386,28.1495938192059
34.3137254901961,-0.985717438160002,-1.15098544173575,25.339346313333,25.6128631726747
35.2941176470588,2.08991349759223,1.06703766046667,23.5260530267199,22.8711311318537
36.2745098039216,5.22597094299842,6.01523782030222,22.0829279147348,20.9299547111345
37.2549019607843,8.92469831624958,8.10848180517658,19.9065811561784,17.5324441289864
38.2352941176471,10.7472937013967,11.4168524510137,17.969887663715,15.246119481405
39.2156862745098,15.0060146213515,14.7736068369115,15.198752728429,12.6165824947894
40.1960784313725,19.2457040603428,17.7196713920644,13.7336523059779,11.3055425069172
41.1764705882353,20.3776454486829,20.1121041539941,10.240315774318,11.0283661980391
42.156862745098,23.550326560836,23.3891466766012,8.97253329299662,11.2933601366722
43.1372549019608,27.5132287898538,26.3554602269289,6.60974926117887,9.05986393530821
44.1176470588235,26.707257322367,29.6112906697749,5.2151706871857,7.20447692510125
45.0980392156863,30.9725315479392,29.5303913053011,3.18649530779383,5.75157692484911
46.078431372549,31.3153929231616,32.9948063179463,1.89568891648094,3.30051028905915
47.0588235294118,34.6389360418164,34.3650898363069,0.74238301641147,2.13222770597487
48.0392156862745,36.5094672616512,34.5424872047885,0.972876131573858,0.689101154048915
49.0196078431373,39.6804897792873,36.8214228118778,-0.172783509251086,-1.04573677083254
50,40.071201216528,37.7566737126659,-1.49714307276513,-1.86783205303488
50.9803921568627,43.9234224181182,42.4503337465344,-2.77390083904396,-2.4869807987896
51.9607843137255,42.4126160333808,42.0434752255517,-4.59579947316669,-2.652384962262
52.9411764705882,45.8570922925931,42.2246838957362,-4.93359142484908,-2.12732192502931
53.921568627451,43.8786399164199,41.8668586000245,-5.22692545266308,-2.48121912304318
54.9019607843137,45.9279741446779,40.4383680548742,-5.1472812192637,-3.41390960848136
55.8823529411765,41.6911780722452,41.0495094863853,-5.1864206384003,-4.37524234043355
56.8627450980392,41.5076893013523,41.425286227634,-3.46822400201413,-2.2964532176118
57.843137254902,38.9589222814222,38.9062971532763,-3.76196803853534,-2.52809863296716
58.8235294117647,37.1193226326014,37.2965772081933,-3.90467738868446,-2.14898658217525
59.8039215686275,34.869531007017,34.1843670308508,-4.16582925984539,-2.96379781329818
60.7843137254902,33.0362207171381,32.6136643404537,-3.78710228288686,-2.22052203535069
61.7647058823529,29.7520841455024,32.7709611710685,-1.91036076317781,-2.01219673947893
62.7450980392157,24.3807318647472,28.9352907136159,-3.13796089504087,-2.29455345539996
63.7254901960784,21.0770872766742,25.7047441051287,-2.90285781333733,-1.84318269983604
64.7058823529412,20.5258454711421,23.1903855857492,-2.1373751243455,-2.33462597610891
65.6862745098039,17.3737749646592,20.9760677762986,-2.32624246032965,-1.91106123867694
66.6666666666667,14.8534496651965,15.0219543677756,-1.93611277940288,-3.09833058993666
67.6470588235294,10.173608589103,12.1243147603534,-2.22422931183392,-2.33436936570351
68.6274509803922,7.6951518283408,8.63579557710797,-1.48148330229167,-1.66208818805678
69.6078431372549,5.289769456966,5.03469760916684,-1.57830409523298,-1.57629903771038
70.5882352941176,3.25574824485202,2.77903713560281,-0.705884840519326,-0.712135930713321
71.5686274509804,-0.130501323727817,-0.398893300093592,-1.94403762343953,-0.961515904296233
72.5490196078431,-3.4118127606699,-4.35321542771565,-0.861577315885872,-1.88316174649795
73.5294117647059,-4.54713818536658,-6.13623843200498,-0.973910039115706,-1.32758391175848
74.5098039215686,-10.3937121649786,-6.93772843598848,-0.561480014765295,-1.96593258153744
75.4901960784314,-11.4840395070179,-11.3137281650549,-1.63230983898203,-0.52299048914065
76.4705882352941,-14.7953363444507,-13.3877365859544,-0.859587109958074,-0.409437854220147
77.4509803921569,-19.8678886727132,-20.2504954760886,-1.61297782523627,-0.891003776416547
78.4313725490196,-22.5974371660143,-20.4393797537043,-0.903623226967147,0.237304662716645
79.4117647058823,-24.7462448557662,-25.3473653228542,-1.26032834876902,-0.32041517002413
80.3921568627451,-28.8154088204871,-28.0161043269231,-0.0323159655863172,-0.705037746266944
81.3725490196078,-30.3472038901068,-29.6865744819805,-0.867434418470339,-1.11384415540053
82.3529411764706,-35.6039317306393,-35.059994265524,-0.252763863423628,-0.320999661411069
83.3333333333333,-38.6470999176386,-36.443010642546,-0.31686690506695,-1.08602016747701
84.3137254901961,-42.2767291409772,-41.7157796420577,-0.647132108864605,-0.30867138802955
85.2941176470588,-41.0445340560729,-43.0395658258042,-1.28449244067656,-0.302652170459155
86.2745098039216,-46.4129945457408,-42.7506717460006,-0.768848951961143,-0.972782452769851
87.2549019607843,-50.3851373544702,-48.730934825251,0.143280505919064,-0.895104374732055
88.2352941176471,-51.4728548738788,-51.5601277210765,1.30260011525184,-0.0805711196920113
89.2156862745098,-54.093579964281,-53.7874797569452,1.36790202575132,0.708666324872143
90.1960784313725,-59.6777826268947,-56.719314506098,2.14437541497348,1.37452382911859
91.1764705882353,-63.2768772044276,-59.9088533202093,1.86246517394782,1.30261880810031
92.156862745098,-65.060402141365,-65.4093007611632,2.0215498302743,1.5797458634757
93.1372549019608,-68.5699608758588,-66.1625327937365,2.89868029842103,2.85799121806325
94.1176470588235,-67.5906235375872,-67.0826833405199,3.28508817278266,3.46595144330182
95.0980392156863,-66.3195124313018,-69.6123840373012,4.65631559092979,4.22429959340665
96.078431372549,-71.1479845393807,-72.4221304928531,5.1861821544539,4.57757972805194
97.0588235294118,-72.4947725729489,-72.2938391768383,5.18323752558163,4.38897121630026
98.0392156862745,-71.7388150489649,-73.1027347071229,4.77311604979989,6.36935740611983
99.0196078431373,-73.9168407625355,-76.9926167601156,6.38408999200057,5.80614371847294
0,-68.9879623500583,-73.3319482194944,5.30291815007404,6.05348621067517
0.980392156862745,-70.1488452525258,-74.8679940523782,5.4465134109555,3.41584814637974
1.96078431372549,-67.6191848284718,-75.3411700611562,3.70458939141385,4.54794565838278
2.94117647058824,-70.4457500119613,-74.8696262432297,5.42551460580211,2.75945301048152
3.92156862745098,-64.8448351690498,-71.1535735337356,5.63182580678778,1.69771623162592
4.90196078431372,-63.9819158445438,-70.8259166953436,7.31338096731198,3.24003123076424
5.88235294117647,-64.4413047528112,-70.1533999783539,10.3316928582795,4.2285417179775
6.86274509803922,-61.3233156993458,-70.4220032071801,13.9588471505724,5.1430098493284
7.84313725490196,-59.0937089777676,-67.439087899447,14.5064076527485,7.96145953844668
8.8235294117647,-56.2123135175436,-65.6507474751092,16.5645168796719,10.4072545106239
9.80392156862745,-55.1358506841266,-62.3341938604909,16.2482467683314,13.3922500517046
10.7843137254902,-53.8619032926677,-61.5210659236811,16.6446757706236,15.652979155815
11.7647058823529,-52.534840475789,-61.3259835798692,17.9122263121009,17.7701111545224
12.7450980392157,-52.3964537154639,-57.5166765117476,19.3131017267206,20.2390654529022
13.7254901960784,-48.5236648331902,-56.7218259281798,20.7538995652954,23.0791069591719
14.7058823529412,-45.2013898466002,-56.0851077607323,24.0261055168608,27.3180079167152
15.6862745098039,-44.6322624814007,-53.735456022957,24.5294818349086,29.1902951825831
16.6666666666667,-42.9514820380332,-50.2865436235104,27.5689795889004,32.4946360253505
17.6470588235294,-41.3351174061118,-49.9612672482479,30.3252368008233,35.3355743234038
18.6274509803922,-39.2916069271115,-46.9885895275592,31.3256922389605,38.728930532186
19.6078431372549,-36.1787697912396,-45.4416131873245,35.5643180222722,42.9472923306629
20.5882352941176,-33.4067699022942,-42.2854770169769,38.7842321445746,45.3864578295224
21.5686274509804,-31.3732686992836,-43.0821306057112,39.628736119078,46.8599263927453
22.5490196078431,-28.6828228705775,-38.6719710006929,41.6558234385904,48.5851412386476
23.5294117647059,-26.797591810533,-34.4906457654805,43.7523114105503,50.5447096650187
24.5098039215686,-22.1849664447391,-34.5635520006056,45.5905403181898,51.6757869918364
25.4901960784314,-21.0099267399919,-29.857878827003,46.3045716769352,51.5272331447732
26.4705882352941,-18.290699275925,-26.7544489400913,45.8823666505457,50.7807893727017
27.4509803921569,-14.3163049436309,-27.9741761853066,45.3705010277579,49.5802692035589
28.4313725490196,-12.5521642113103,-21.5850099584433,44.8656400363619,48.191440076318
29.4117647058824,-10.8661481821323,-20.2661060096291,43.6118114161788,47.3627070915166
30.3921568627451,-7.23774812319411,-14.6737278159949,42.002306302884,45.1863494195814
31.3725490196078,-6.29409081610532,-13.0469553590388,39.1261552582189,41.9517016215508
32.3529411764706,-0.879622315327499,-10.4055974533097,36.3050138646534,38.6772918266822
33.3333333333333,0.646861724102247,-8.19239320371979,33.9137488032931,35.4165248892964
34.3137254901961,3.11985178600874,-5.63686361185121,31.1447295971732,31.590157266144
35.2941176470588,5.47551570047776,-0.638190225632043,28.8699806620303,27.6363223101467
36.2745098039216,8.10823773228139,0.843954296705266,27.1375493002635,25.0289377467765
37.2549019607843,12.7925218973798,6.16985214798791,25.9326641150106,22.7969343997838
38.2352941176471,17.3745732066858,9.2082958732048,23.5081745506136,21.5819273356027
39.2156862745098,18.413676825028,13.6953410126596,21.0549979145777,20.2077537689104
40.1960784313725,20.7838480045282,14.2436791837649,18.4353182035573,17.7425498699902
41.1764705882353,26.1632600298808,17.6145793911901,16.1091305592953,15.485898819174
42.156862745098,27.6535477651496,23.0516135006049,13.5728588826392,12.309462263722
43.1372549019608,30.3070200666904,25.8723693482009,10.7218879200507,10.6192247157253
44.1176470588235,34.9042025146635,26.43099189356,8.19616394729335,7.7324893641494
45.0980392156863,35.8183720760864,28.3688210897901,6.3845852892003,5.20675634408157
46.078431372549,38.6594729090625,32.4090877042295,3.51613443042952,1.85887859140965
47.0588235294118,39.3435846326087,35.7945406154605,1.27603914175236,1.27566932492742
48.0392156862745,41.093874197614,35.2265454874682,-0.0589023729169837,0.367879499972961
49.0196078431373,41.1316881669789,38.8918586704753,-1.24434787712531,-0.0993975816655862
50,42.4872641857871,40.6721261268365,-1.96494651423285,-0.719233654191236
50.9803921568627,44.4513696451494,42.7051873369455,-1.93474262130054,-1.47405096554118
51.9607843137255,45.0153920938705,42.9469035647252,-4.70110130567752,-2.97774634653696
52.9411764705882,43.8600398508857,42.8870800350562,-6.16816696551881,-5.07889704011494
53.921568627451,47.3246065076676,43.6788202128758,-4.63332099149423,-6.0263216101048
54.9019607843137,45.9066629951479,43.4150974508191,-6.09732390321592,-7.46426934398034
55.8823529411765,45.8154201579444,45.3107013382769,-5.45447242324394,-6.61192207592928
56.8627450980392,44.7724168499084,45.1811118177664,-4.77698462501841,-6.27247069926955
57.843137254902,44.9477490603585,44.4428573462371,-5.86879220281632,-5.03309134311324
58.8235294117647,43.3831990279462,44.3615924292982,-5.60922798817463,-4.05552075759979
59.8039215686275,42.4182584167752,42.0630328617033,-4.62582277487268,-4.00449278516909
60.7843137254902,41.2047725526637,40.2448501548949,-3.84705909931946,-4.19830998053359
61.7647058823529,37.9877129375569,40.3369548852112,-3.99641862101545,-4.09405813106311
62.7450980392157,37.1363363536702,37.1277290170442,-4.16102210888014,-3.59109156570313
63.7254901960784,33.9480758466786,36.8883881367314,-2.81545874883326,-3.79990819924288
64.7058823529412,32.0149381547458,33.5081724972417,-3.20400312219267,-3.74501921393596
65.6862745098039,28.927517039618,30.0998245483507,-3.9883738217522,-4.08091721425508
66.6666666666667,27.4082598060169,28.874874624138,-4.3500591391124,-3.88820007217288
67.6470588235294,22.4942793780313,24.0921144132415,-4.2410331467696,-2.72415403788479
68.6274509803922,20.1072188510075,21.9728979488079,-3.82078702300756,-4.36751293776888
69.6078431372549,20.9690544721186,19.9520386159941,-2.76075826665119,-3.20930072417205
70.5882352941176,13.8409867176801,15.6683723162869,-2.2822151819057,-4.36207723875609
71.5686274509804,13.244506381662,13.4268725301909,-4.07016823849226,-3.78077642417432
72.5490196078431,11.2326748032222,10.8766272301232,-3.91137297362235,-4.08605059974665
73.5294117647059,6.11151622439879,7.81263405428117,-3.03869989233514,-3.3837344684601
74.5098039215686,1.39596486368092,3.89749916361604,-3.28118828937861,-4.63798424591947
75.4901960784314,-0.212047748970013,-0.64618302186006,-2.73546859797763,-3.29917461326383
76.4705882352941,-1.50514131826513,-0.164767666440962,-3.14677914321819,-2.94472367025927
77.4509803921569,-5.47899261245217,-6.50445599430302,-3.13463683146988,-3.48663371444941
78.4313725490196,-8.44443349762945,-7.66956975695248,-3.04800684403905,-1.91933529756284
79.4117647058823,-11.7257170672562,-11.4129017624768,-3.67146776671389,-3.09181774637448
80.3921568627451,-15.8578112406524,-17.554398111365,-3.07780147623862,-3.05687079535199
81.3725490196078,-19.6171112900656,-21.2390028779398,-3.4795825121488,-3.32711185710051
82.3529411764706,-23.3312064441901,-24.8499626660033,-3.14796918235177,-2.67684285915123
83.3333333333333,-24.4665988766393,-27.9689148857916,-2.08711214044587,-3.07972082133284
84.3137254901961,-28.6823418371164,-32.873997325972,-3.14550576428279,-3.0288874862883
85.2941176470588,-32.0396260051924,-35.5104354313599,-2.05151422272714,-1.75944977417079
86.2745098039216,-34.6579799699896,-40.0030081764246,-1.35407752786537,-0.345532394415263
87.2549019607843,-39.0678774978467,-43.8255210160939,-0.954942463931833,0.5693092175932
88.2352941176471,-42.7969216217551,-50.4223463754029,0.589007032923596,0.481235586535616
89.2156862745098,-46.0240039545806,-51.394887910068,-1.02531826987918,1.11261240336805
90.1960784313725,-49.3777330617745,-56.3104225632882,0.644589811877764,1.06818065875305
91.1764705882353,-53.9590324455049,-59.8503956416343,0.417182617833286,1.53224872694254
92.156862745098,-54.6809292461726,-64.6299771207179,1.43755366474352,2.15571442214919
93.1372549019608,-57.1677590251857,-63.7808895430893,1.26665256994338,2.70634799836299
94.1176470588235,-61.2801577187077,-67.8352630602929,2.70363350901799,3.58423965058198
95.0980392156863,-62.9954768798979,-69.5632802787033,2.11543833246574,4.37210789077449
96.078431372549,-64.8992758092273,-73.1814375323185,3.21375448852893,5.99065610915893
97.0588235294118,-65.1798166797572,-73.4502306426976,2.95134616871025,4.14665779908788
98.0392156862745,-65.535296174342,-72.1729742851835,4.52367170169471,5.19296686470163
99.0196078431373,-67.8140352851106,-74.9474364976549,5.20755151374119,5.29975589452328
0,-66.6334107392137,-66.5475281842757,5.02073600881999,5.74880902682998
0.961538461538462,-67.984529102999,-68.4812285755162,4.79813789678411,5.59186415027358
1.92307692307692,-65.2827876179254,-68.1844931275899,4.00511875456856,6.98655735863055
2.88461538461538,-64.2759830162121,-64.277029314024,6.68565328900314,8.41506886541104
3.84615384615385,-64.9351028026582,-62.27753036122,9.76170265789713,10.6886802376295
4.80769230769231,-60.0590517119852,-60.4905169482933,12.8101909873002,13.7406736818929
5.76923076923077,-58.9391905057517,-61.8328602416606,13.7535994670473,16.4200505951938
6.73076923076923,-58.8010168632145,-60.0752251788554,15.9494678895643,19.2353783412956
7.69230769230769,-57.2323721202918,-58.469471481144,17.5884543200977,21.5063331529847
8.65384615384615,-54.7102932196557,-57.5562598948231,19.4206382780382,22.8952171049933
9.61538461538461,-53.5748162007959,-53.6830119920214,20.620921165915,24.6657658835584
10.5769230769231,-52.5221616589465,-50.7844876314183,23.3582621910215,26.0269998348778
11.5384615384615,-50.1788873163266,-50.4142661341463,23.909777977113,27.1243077133354
12.5,-45.7311919618793,-49.3435636304363,24.7250295626469,27.9342225029865
13.4615384615385,-45.6273603163386,-47.9360066457088,25.9086707159397,29.3561499866145
14.4230769230769,-44.1244189559553,-44.6252772826269,27.2341950357326,30.9746773447
15.3846153846154,-42.223142623466,-43.0259018275832,28.4450385276319,31.7058315959222
16.3461538461538,-38.2970569977969,-40.2622265412076,30.2652200146488,31.7771925781967
17.3076923076923,-37.4364405974977,-39.3153310583305,30.5156853009808,32.9464751658771
18.2692307692308,-35.5934650681873,-34.5643313457423,30.2786259396159,33.4495713403923
19.2307692307692,-32.4156553705634,-34.2131284312702,30.9412878064555,34.3231557791684
20.1923076923077,-32.1579198951666,-31.6115913183202,31.7561897936791,34.1844267546911
21.1538461538462,-28.5204972123205,-27.5689727583727,32.4530527833541,34.4826256436915
22.1153846153846,-25.3753466776191,-25.9233750826603,33.4468172004605,34.8664474353626
23.0769230769231,-23.7825367616557,-23.4753834373518,33.212008957337,34.083566183433
24.0384615384615,-19.2623989433404,-19.3250211441216,33.1618773075488,33.9692935866932
25,-17.5494912268962,-16.9863800185946,33.1246704895404,33.7406273160434
25.9615384615385,-15.02888132765,-15.5654936741208,32.3038755804132,33.1828901547416
26.9230769230769,-14.3410405615412,-10.3769385362777,33.3604096718397,32.5497127112092
27.8846153846154,-10.6330622588575,-10.429987745725,31.7232042385361,32.6537952638977
28.8461538461538,-8.54982324072326,-4.45856673442975,32.1157510299579,33.066269573135
29.8076923076923,-3.02082287420631,-4.40873656369643,30.8214398210924,31.8004599291176
30.7692307692308,-1.00567074567543,-0.002228252144585,29.8096358850505,31.8222946705361
31.7307692307692,1.77763981975016,2.08994458051713,27.3745809851586,30.9343388759603
32.6923076923077,5.14697517259459,7.69235781024723,23.9693621182804,28.0340425152674
33.6538461538462,8.81067506515856,11.5634428079854,22.018660202746,25.5442263994561
34.6153846153846,9.67467408568441,10.6016892705776,19.2595359605552,23.9642647363359
35.5769230769231,13.3897807384461,17.5666775107408,17.9574056773843,21.2011763197862
36.5384615384615,15.4980075753243,19.5372185600711,15.6546299623525,19.38128642372
37.5,19.3262917382978,22.3395104612386,13.8692275666717,17.2978331520506
38.4615384615385,21.257091362018,24.825075054892,12.7577208655014,15.2600801812096
39.4230769230769,26.5146660576962,28.4557100411587,12.1409721462937,13.7631520932904
40.3846153846154,29.6844437037253,30.7773368321569,10.0753111134659,11.0524045348657
41.3461538461538,29.2526941055336,35.9231819317492,8.56402785759802,8.37759072822464
42.3076923076923,32.8291491692862,34.6212459281461,8.00497666811229,6.39943798175179
43.2692307692308,37.1592700594723,38.1749788356655,4.8382290365495,4.91057318342354
44.2307692307692,38.6620215154582,38.4138251453694,3.25602063438958,2.31706424152475
45.1923076923077,40.1345549702315,41.3197666227131,2.52964974790259,0.530643408078258
46.1538461538462,42.2208164256292,43.5223777123632,1.38357083996919,0.803720375422292
47.1153846153846,39.9973455874027,44.2375098463384,-0.311221496956012,-0.169738693906157
48.0769230769231,44.5991802633632,48.0651164371345,0.468869559980038,0.0110266397710054
49.0384615384615,46.9626106618171,48.3050144504772,-0.0823956519256158,-2.89394768127527
50,48.3404469317417,47.5258889463891,-0.881194736509119,-2.48481489084809
50.9615384615385,48.0010866553356,48.1170334662892,-1.92213187775283,-2.53705871087538
51.9230769230769,49.3329364343723,48.2636301368853,-4.45326742128551,-3.65985198269997
52.8846153846154,48.8490684356271,49.1064468906784,-3.87741142957242,-3.5022150398151
53.8461538461538,49.6218005223505,48.079488506281,-3.66881118832104,-2.75974623988881
54.8076923076923,48.9720893537967,50.651995122607,-5.4680312685712,-2.33453437032642
55.7692307692308,46.6383411778344,46.564270121817,-3.91977437382345,-1.94559683392639
56.7307692307692,48.0887439392368,48.3714753558364,-4.04223406360942,-2.30402768258621
57.6923076923077,47.0193105468375,47.1424554929337,-2.38670733162237,-1.16873754237077
58.6538461538462,42.8498934259415,45.1020367617861,-2.56392959485046,-1.19816981850907
59.6153846153846,40.4038378864074,45.4881666279114,-2.73084917790092,-1.81320199587494
60.5769230769231,40.410404302284,43.2613594346929,-3.71011407035005,-2.69874135568299
61.5384615384615,37.7289345606985,42.986745051388,-3.1822761435393,-2.85188894799226
62.5,34.9565507154358,38.9632356187438,-3.88017197088392,-1.82023134313232
63.4615384615385,35.4957663052633,37.5943810820528,-3.01808484510108,-2.46387767209093
64.4230769230769,31.2880475142738,35.6297313567573,-2.10083487304514,-3.21840579102179
65.3846153846154,29.3811050196835,29.9508774238018,-2.69660024941438,-2.31094081230606
66.3461538461539,26.2216144230774,30.1522050287257,-1.14405829179403,-2.69254087123116
67.3076923076923,21.824807028641,27.353236498755,-1.70244377950691,-2.55562435653033
68.2692307692308,18.5535873624056,24.1354937258684,-1.88770517032321,-3.49513286728838
69.2307692307692,18.3903991754189,19.875604165487,-2.63004739791982,-1.88015477787812
70.1923076923077,16.1699182683543,15.6963483298199,-2.83024499111778,-1.21364925977017
71.1538461538462,12.849525356013,13.4083961918196,-3.04126097306754,-1.35131846698033
72.1153846153846,10.4297104273264,11.0954428677905,-1.61560446543812,-2.00104970675865
73.0769230769231,6.40768256111707,6.2194459673152,-2.75275312768193,-1.10302856593449
74.0384615384615,4.23378504706386,3.11958904141866,-1.91293050818153,-1.59748696770378
75,2.79170859111892,0.939869578381052,-2.53156393687103,-1.20472387557153
75.9615384615385,-3.78240501636963,-1.47722922126353,-1.9776870901919,-1.62429700910277
76.9230769230769,-3.88076744499265,-4.56977002705081,-2.97096494852879,-2.47272982955279
77.8846153846154,-8.22309812973652,-8.88686080487071,-3.11380087618118,-0.434312908218752
78.8461538461539,-8.93003798493647,-11.8437393376339,-1.90462411987693,-0.678099378345862
79.8076923076923,-14.4114167499155,-12.9530569953252,-2.18380169230914,-1.65308490211186
80.7692307692308,-18.2322551752404,-17.4418705875305,-2.33129369371078,-1.32504947386737
81.7307692307692,-19.761471707476,-20.0110717133998,-1.72145036980586,-0.738113190571403
82.6923076923077,-24.7039882098398,-23.2790774499284,-1.07610981650211,-1.64217315925964
83.6538461538462,-26.8734863700868,-26.7362409246008,-2.05479638387105,-1.33193550068552
84.6153846153846,-30.7959852443648,-32.0703625065142,-1.49391743148972,-0.590118997736075
85.5769230769231,-33.7062042275853,-34.0432430524596,-0.842200156945949,-1.52511509353271
86.5384615384615,-38.3581323108903,-38.7771012009275,-1.02983576076063,0.15227553744225
87.5,-38.929820991684,-39.6862193740472,-1.55292504581872,-0.0999714676848386
88.4615384615385,-43.4742836802463,-42.8370365027919,-1.0141943066927,2.01118098271548
89.4230769230769,-47.160506083338,-48.9356200951012,0.0111225500971525,1.44238952672938
90.3846153846154,-48.5932107190124,-50.8937369110448,0.552456609759925,1.91466891828117
91.3461538461539,-52.8674033080018,-54.386591363982,1.89260447413498,2.022120522974
92.3076923076923,-54.7537294628704,-55.7425915676306,1.96874898239555,1.80531084255767
93.2692307692308,-58.1217539280468,-59.8197779976075,0.204657111475089,3.13356415881138
94.2307692307692,-58.8133236770342,-61.1575058239498,1.42726399274567,4.07867757845918
95.1923076923077,-62.4246371143602,-64.549154954845,2.29070243993477,6.12229873826694
96.1538461538462,-62.1014382424991,-65.814839732038,3.02507638569953,6.39771377622998
97.1153846153846,-63.7397302553651,-64.8139313442313,4.38973843568785,5.62216963304206
98.0769230769231,-66.3087694655069,-65.1527123624491,4.75707475364114,5.68228156495387
99.0384615384615,-65.4774721489512,-66.9247127196062,6.52443807388364,7.53455068293445
0,-74.4402088958359,-74.3161269827752,10.0432236357749,7.57970683970776
0.99009900990099,-73.7074798721351,-71.8423915549859,10.4750471806215,7.78041919091621
1.98019801980198,-72.3690255150488,-73.641850146973,13.6784245492939,8.63790249284577
2.97029702970297,-71.1833700353998,-70.3822885970046,14.3568553077534,12.4396945257723
3.96039603960396,-69.4040423202777,-70.4041391964232,18.1331566203057,14.8744242036661
4.95049504950495,-68.0460770844907,-67.7810453889244,23.3672077065917,17.4986359536404
5.94059405940594,-64.348432581969,-68.0384331819391,28.3490912140863,19.6139217259385
6.93069306930693,-63.0495662903113,-63.1713111687887,31.6055093895521,21.211992079974
7.92079207920792,-60.5966786661429,-64.0618667751872,33.529758179797,23.4850528721431
8.91089108910891,-60.5355182427712,-62.6172167116405,36.445409075851,24.2594478363294
9.9009900990099,-59.9826140044774,-61.1848278983969,37.9642127193924,25.0921388185649
10.8910891089109,-58.5754583002461,-60.046050017657,39.2030904554319,25.8128981073384
11.8811881188119,-57.7509835917462,-56.0391296985723,39.5265098590591,29.1980117982744
12.8712871287129,-52.1482136392058,-53.9819918444588,41.6321211720195,29.1945931712491
13.8613861386139,-51.4600282497818,-54.9320020226227,43.1321151096172,31.1046172746406
14.8514851485149,-50.0830692783242,-50.4048910247572,43.5314032265071,32.4414457473988
15.8415841584158,-48.2653406020648,-48.1470488713347,46.0210854909662,34.4536121092308
16.8316831683168,-42.4056039019877,-47.2641265472198,47.3937216055951,35.893445851041
17.8217821782178,-41.0718823545753,-46.7842517723354,47.8336116910371,37.9245714020476
18.8118811881188,-39.162370446622,-43.722669971124,49.5379362315169,38.9711872936344
19.8019801980198,-36.7959218165277,-41.2823152932941,49.3062143462796,41.2281721424464
20.7920792079208,-34.0279873340776,-37.3652921969342,49.7199460704713,42.2661866229044
21.7821782178218,-30.2980563252499,-34.9018338358549,48.7011880511353,43.6543054266095
22.7722772277228,-28.0982766483749,-31.8283243503555,49.2393912708699,42.618880164758
23.7623762376238,-26.4770898035456,-28.746889868081,46.4239605368112,44.1202838942182
24.7524752475248,-24.0781058288063,-26.5408549699018,46.451222658364,42.6291983197049
25.7425742574257,-19.6638659631989,-24.1784008741172,44.8518425438524,43.3636746979728
26.7326732673267,-19.5112608778872,-19.6825416535252,42.6376201580999,42.845382691116
27.7227722772277,-15.670331428163,-17.7727230340318,41.0934185474811,41.4110286699356
28.7128712871287,-11.7767548160842,-17.0703298354797,38.1177770648214,40.0515627433872
29.7029702970297,-11.122398105734,-12.5150463745871,34.8506309373292,37.5462824883846
30.6930693069307,-6.19920909395657,-9.90118782755436,31.1866155737088,35.161168347897
31.6831683168317,-5.07100504250759,-3.10828583557212,26.7043906291037,33.057294575782
32.6732673267327,-0.335245135298136,-1.58647521262921,23.8185072647034,29.2231086470688
33.6633663366337,2.77473978294763,2.1082719795976,20.7206870962705,25.9679897086854
34.6534653465347,5.94096563355219,3.96012574644245,16.7352701883099,24.0487439296508
35.6435643564356,8.5414117666628,8.68811944727631,14.894335047689,21.4001598456825
36.6336633663366,11.0534806177435,11.0467286572776,14.5630484592737,19.5208635896977
37.6237623762376,14.8884173430993,16.3392970464198,13.70952418256,17.1349815424367
38.6138613861386,16.5609539832214,17.5858869232278,12.6185856383752,15.2024580696873
39.6039603960396,20.7750209344855,22.6880259204512,11.578681547282,14.4870029528487
40.5940594059406,26.4893171747141,24.185101315149,10.763434444835,12.9886559995879
41.5841584158416,29.1337888854256,28.4755374185462,9.17077458706742,11.0353253416954
42.5742574257426,30.876738553409,28.2220701355647,7.85455805817607,9.06225845271824
43.5643564356436,33.6923481021478,33.2198789813694,5.96128664998511,6.52125403065207
44.5544554455446,34.2944970619348,32.5401818768758,3.25481651214721,4.43329647515834
45.5445544554455,36.7343154011195,37.1129557574598,1.85358754639106,1.20382825202561
46.5346534653465,37.8111385115431,37.2488198568817,0.349568302953946,-0.814929707157154
47.5247524752475,39.8181144167555,40.3463347572554,-1.88202855034502,-1.25273735185125
48.5148514851485,40.5021024549507,43.4015447640969,-3.02236287130477,-2.7069402381596
49.5049504950495,41.9953052518813,42.8006981579895,-5.29811603943058,-4.16850933681758
50.4950495049505,41.6439679640254,44.479588015571,-3.70748484965704,-3.29136956049509
51.4851485148515,43.7458137925385,41.9354006248802,-3.6974865109353,-4.58347727237878
52.4752475247525,44.0778206229413,47.0424286709222,-3.57434838183218,-5.31135979669119
53.4653465346535,43.6859217378289,44.7683523583363,-2.67839126394298,-3.13756444044378
54.4554455445545,41.9347337491224,48.4067411870452,-3.66666935360173,-2.54421722890908
55.4455445544554,42.6215967744647,45.5843168519554,-2.38784018378623,-2.51011886840181
56.4356435643564,40.3704455847946,43.8226104955744,-3.22575339295248,-1.74828529066437
57.4257425742574,39.2423651841271,41.226419533744,-3.62572136394666,-2.25978710181016
58.4158415841584,36.6977462337342,39.755673725306,-4.36639633659803,-3.26478670411779
59.4059405940594,35.1618416264593,38.7280552554673,-4.00663813122423,-2.66031404351834
60.3960396039604,31.7841416391312,37.6568903032114,-3.97791220758943,-3.0155024645337
61.3861386138614,31.1928680882477,33.9915323329526,-2.59476480505576,-3.34673161578989
62.3762376237624,28.5445177982271,30.471725933675,-2.70809445878252,-3.06240145924507
63.3663366336634,26.2641156498012,27.8152437407433,-2.75384632858105,-2.28263839559134
64.3564356435644,23.1285230119984,24.721677433674,-3.47239639290437,-3.21492732382222
65.3465346534653,21.1233028394184,20.9621983126531,-2.75743051862876,-2.78982203520632
66.3366336633663,18.6513761888222,18.2952148599614,-4.16056466870346,-1.56098768129436
67.3267326732673,15.3459690937744,17.586093633295,-2.02852206014327,-1.89094349611486
68.3168316831683,11.1588597444384,17.5071549002556,-2.18014472404268,-1.2517471193199
69.3069306930693,12.6366244413633,9.14755390068406,-2.30874691227191,-1.64701060241892
70.2970297029703,5.80367277049266,7.65148515164813,-1.60979990477566,-2.42796888197583
71.2871287128713,2.93942925042623,5.83908082992504,-2.16232824372091,-2.06304925529026
72.2772277227723,1.27163747960068,-0.553010230170084,-1.76460178106443,-2.68205381758144
73.2673267326733,-0.232518167699027,-2.66209993854901,-1.17260971900045,-1.37395182298276
74.2574257425743,-6.07871854970036,-7.05837959009036,-2.48144976839916,-1.37721431435606
75.2475247524752,-8.41483032662314,-10.0643389038189,-1.05075036214584,-1.09190403857217
76.2376237623762,-9.4101513662458,-15.1630298603704,-0.922332117669457,-1.91190243462107
77.2277227722772,-13.257968405266,-16.6781109051347,-0.303991343160261,-1.91723147266846
78.2178217821782,-17.9454182784869,-21.2526764399768,-1.16879959529931,-1.33814370615467
79.2079207920792,-20.8931019141427,-23.3506646868381,-0.085748200044958,-1.68175724084562
80.1980198019802,-25.3304735764021,-26.9154297093629,-1.61230855845658,-0.5692174795184
81.1881188118812,-28.4436228954258,-29.2274374079799,-0.492934537780774,0.538610285532827
82.1782178217822,-29.1490003129119,-32.8250179227815,-0.691666500079616,0.482364142376214
83.1683168316832,-34.8663183622208,-36.1779918848247,-0.909388900878366,0.128499593933005
84.1584158415842,-37.2056526257338,-40.999132470859,-0.457269190998825,-0.901128081782217
85.1485148514851,-41.0748688478629,-42.9961281597954,-0.362029415192695,-0.244682346525826
86.1386138613861,-42.5126946314747,-44.2629677712803,-0.214610079256377,0.258764336269447
87.1287128712871,-43.8907379500782,-47.5297464298669,-1.31648360075642,0.920526712844001
88.1188118811881,-48.9015505177547,-51.6618927650241,-0.0864263221536248,1.31761437980663
89.1089108910891,-52.9980046473831,-54.0707838545753,-0.340946721956102,1.39468558903271
90.0990099009901,-53.4517738864816,-58.3977006478686,0.893004422101155,2.6696069673812
91.0891089108911,-56.8790183688073,-59.8049517273466,2.84287463365755,2.23646460561132
92.0792079207921,-58.8499783085418,-61.2807957666971,1.79348464992727,2.28388260197785
93.0693069306931,-63.9646729481442,-63.7166506604842,3.25497521312772,2.61897649093675
94.0594059405941,-65.0806129537277,-66.6252027475451,4.43324831585741,3.63391684351046
95.049504950495,-69.2998734084959,-68.781565981377,4.39445958613231,5.21629137233128
96.039603960396,-70.4703598425331,-71.175610353078,4.48810227638195,4.62055235157525
97.029702970297,-71.1330061743914,-70.1006784278706,5.29098552825956,6.27707288815127
98.019801980198,-73.8495172994466,-72.8642014266597,6.43709057213427,6.74771869717226
99.009900990099,-73.4978528269423,-73.9261052321528,8.19949591192355,7.88054667450944
