"Normalised.Time","Stroke_GateAngle_1_sim_elite_09","Bow_GateAngle_1_sim_elite_09","Stroke_GateForceX_1_sim_elite_09","Bow_GateForceX_1_sim_elite_09"
0,-63.2884542805616,-65.1460323500295,5.51712961989035,6.89801498752301
1.01010101010101,-64.4692700252653,-65.4050656478617,6.50012825449165,7.05818354461895
2.02020202020202,-61.3917937136844,-66.6189791381034,7.03972053787287,6.69416148837455
3.03030303030303,-63.4358944022655,-65.4529718415554,7.45196187325578,8.31327827915597
4.04040404040404,-60.0950326670573,-63.5719470837807,8.30037441261755,9.57150441310455
5.05050505050505,-59.5082542588511,-61.7284785161457,11.963048572672,12.8159309369065
6.06060606060606,-54.1039537259504,-59.9319449917093,18.0955384788923,18.0919447083571
7.07070707070707,-54.5378135363534,-57.9951097111919,25.028840174486,24.0679309506977
8.08080808080808,-52.4650390210636,-56.9441298451821,30.3342369336492,27.4923727881286
9.09090909090909,-51.4994358437942,-55.5826882221502,34.0004781302502,32.0365664190141
10.1010101010101,-49.8790937762868,-53.1140779143258,37.8536343278809,34.8293412195244
11.1111111111111,-48.3316931153679,-52.5203550396132,38.9475587356981,35.5053733068677
12.1212121212121,-46.931808792151,-49.8250029286138,40.1913789985726,36.0825047635653
13.1313131313131,-44.0864078741077,-47.9081395780796,41.8110965955924,38.0307630358391
14.1414141414141,-42.2932220612624,-46.5139213346191,43.2512498069569,38.6881070181992
15.1515151515152,-41.8675067219305,-44.642033867806,44.9067306221483,40.0611094839856
16.1616161616162,-40.1705190102481,-42.7997364760124,47.8747605663549,41.4101994096266
17.1717171717172,-36.8067357026845,-42.0923931283332,49.9156034692547,42.7649421327106
18.1818181818182,-34.9632679153677,-35.4690861065705,51.1572927462011,45.4736153440177
19.1919191919192,-30.2264196679751,-33.1653867381039,52.4434208591617,48.8927181242065
20.2020202020202,-28.0429346608167,-32.7971102987582,52.9000871091413,49.3175572329946
21.2121212121212,-26.6601501868026,-30.4433970889843,53.5405418104268,49.4703244672898
22.2222222222222,-24.0505629508536,-27.7121292431118,52.2674996433449,51.4503394340279
23.2323232323232,-21.5417228288139,-24.548831715811,52.5383753706255,50.9395636416174
24.2424242424242,-19.3086126013684,-21.6538272127826,52.0093580606558,50.2431725748728
25.2525252525253,-17.1191252002818,-20.1096669923243,50.3638698753712,50.1964471842143
26.2626262626263,-14.7245214583545,-18.6440543261017,49.1332838881277,49.1220171395976
27.2727272727273,-11.5089367162809,-15.7797351750785,48.6194025410407,49.1795454258166
28.2828282828283,-7.89748964152648,-9.50442443002884,49.6996774936913,49.6629989465255
29.2929292929293,-5.26930221998331,-9.43110606768526,49.2388553858209,49.1852450667223
30.3030303030303,-2.44912722773799,-7.62562169044213,49.9339798910114,47.4185875738305
31.3131313131313,2.09100793833597,-0.74804279431331,47.6884865141846,47.3923356905946
32.3232323232323,4.11299805362314,2.65070657481347,46.2325437214161,44.0208971424493
33.3333333333333,7.3319157678199,5.89938160151011,42.9395668285275,41.5059411876099
34.3434343434343,9.85673046551408,7.12590779469545,38.3112881299204,37.9230848696185
35.3535353535354,13.3646521346265,11.6706200820877,33.6696254053605,33.3823954666789
36.3636363636364,15.4236821533867,12.8564758808876,28.9065828687083,28.0122422297962
37.3737373737374,20.550406131483,18.4242306018464,24.2384028663785,24.1016151043593
38.3838383838384,23.7940290014557,20.1417679932757,20.2328151044285,20.9239648077806
39.3939393939394,23.3365200915572,23.4585647814003,16.628181224508,16.2758536707616
40.4040404040404,28.0858333387847,25.1921514149125,13.1341006060458,13.2063797396622
41.4141414141414,26.467024319287,27.6041440807022,10.7644447530319,11.8713062502725
42.4242424242424,29.4328826158598,30.3906485766547,7.50708259876514,6.69046804813952
43.4343434343434,31.0757591811349,33.0830011938836,4.28948593952942,2.60765274352716
44.4444444444444,36.3999996391417,33.3485310101475,-0.442996156264891,0.183271430540817
45.4545454545455,37.7478910718776,34.9486071695313,0.323302375641562,-0.343243425534993
46.4646464646465,39.3082993005022,35.7164096194082,-4.89346407760793,-2.72087193328469
47.4747474747475,40.2697469015641,35.6300684352838,-5.55219054445161,-2.29513353892529
48.4848484848485,41.2830315233523,40.0648625534736,-6.8005948818263,-5.25427038190633
49.4949494949495,39.0509008566424,39.7363774315167,-5.09133243913468,-4.06445760629395
50.5050505050505,40.1226320133981,40.5864909713998,-3.57591480915695,-4.20749374679705
51.5151515151515,39.2674697782355,42.5729712223615,-5.23376553015473,-4.02562142662433
52.5252525252525,39.9239726312142,40.9120443167187,-2.94774012793298,-3.1960393630492
53.5353535353535,37.6501573307705,40.3475879784015,-4.89630419482688,-4.33656082064375
54.5454545454545,37.0003591312153,40.7141299413718,-4.52979712705849,-2.14639531989293
55.5555555555556,36.2894557760931,42.735379556568,-3.79017125433908,-3.52147699203872
56.5656565656566,36.2055095345909,40.0641024642785,-3.23414537514744,-2.13878869995168
57.5757575757576,33.150725774392,38.8034028655657,-4.56865114452582,-2.55155842705049
58.5858585858586,33.9043122001195,34.9972044981386,-3.28150713795877,-3.07107444645162
59.5959595959596,30.8349177483165,33.0583793348933,-4.01293494490907,-3.14564110429824
60.6060606060606,28.5101635233939,32.2869665209279,-3.05334033963093,-3.95401709015408
61.6161616161616,26.511470992384,28.6811985769635,-2.92144324781653,-4.52685956438166
62.6262626262626,23.4520699891331,26.7404374675602,-3.37986317006682,-3.70501331403479
63.6363636363636,20.8445922345816,21.3638580267491,-3.19439426943457,-3.58690536479225
64.6464646464647,17.2870630513135,20.5522743554439,-4.36164258658637,-4.36046949404215
65.6565656565657,18.4536637601595,17.488272658894,-3.1529250330767,-4.07018994482476
66.6666666666667,15.3964112921418,13.2691372525131,-2.54580403491423,-2.87192054638999
67.6767676767677,8.47426397433132,11.3556900219825,-1.95900093592455,-3.29362605350933
68.6868686868687,7.28633624983823,6.30855195623491,-2.63093844115933,-3.24491232740735
69.6969696969697,6.83958524781113,3.4138742127999,-2.28517146927178,-2.17383844072151
70.7070707070707,5.00994998888754,1.1747121491245,-2.61107323155657,-1.4841002776146
71.7171717171717,1.63181426976309,-0.0195328169124389,-3.30876588313818,-1.12072610254944
72.7272727272727,-0.0554360091551884,-5.37579957320996,-2.90665468093144,-1.20534865484671
73.7373737373737,-3.36766400932325,-8.04737760714229,-1.80886831542073,-1.80581290055226
74.7474747474748,-9.24906878438512,-8.04490450029808,-2.26925415219051,-1.08617271704919
75.7575757575758,-9.26405602210756,-13.036782949208,-2.62049204117513,-0.945809229672652
76.7676767676768,-13.1318450177097,-16.1976978999971,-2.92287207890837,-0.937463842000613
77.7777777777778,-13.7298523512346,-19.8155853554184,-2.80618498411742,-1.26823858462534
78.7878787878788,-18.1217296563214,-20.8165198559519,-1.17553321156267,-1.26057134298829
79.7979797979798,-21.2985711565344,-23.1904697572928,-1.40191676194248,-0.686597653964096
80.8080808080808,-22.5454071253791,-25.3989145192544,-1.9725662752703,-0.441642159439907
81.8181818181818,-26.2165295772012,-31.3345702260791,-1.5905484043888,-1.20507461290521
82.8282828282828,-27.2559605428314,-29.2992029184602,-1.11867060126495,-0.848246053881537
83.8383838383838,-30.3790016786073,-34.5457488736114,-0.694220713795324,-0.288952972421244
84.8484848484849,-34.054216520425,-37.8257008788676,-1.38068363723572,-0.293027155913265
85.8585858585859,-36.4574043567847,-42.1618862181397,-0.55873996630312,-0.789096000068215
86.8686868686869,-40.6888062067554,-40.9442942312483,0.567236647988542,-0.277879095650509
87.8787878787879,-40.3004568246337,-45.486755701707,0.0949862077416926,-0.650936981719832
88.8888888888889,-44.6143676831443,-49.6962785638875,0.213369904541708,-0.0152405281123493
89.8989898989899,-45.6807432269676,-50.9702876018316,-0.188028707195206,0.113893488482989
90.9090909090909,-50.9391260371565,-54.6954312518181,-0.0188806532568694,0.029292502930849
91.9191919191919,-53.9092451536462,-58.1438029529013,-0.575337655153631,1.756743078743
92.9292929292929,-56.5276619731221,-58.2010401409618,2.09492489771105,1.47035483395379
93.939393939394,-59.0990547388687,-61.6718092601381,3.32564837524469,3.40156542230753
94.949494949495,-60.0902896066176,-63.9460864889374,2.60493669682323,4.04282670004233
95.959595959596,-62.8506132140328,-63.2048041460498,3.20517014422401,3.97353502002246
96.969696969697,-61.5226797130767,-64.5041785933299,3.22374489488471,3.95544410400918
97.979797979798,-62.5904000734249,-64.1500900140065,5.10349726142552,3.33366275307078
98.989898989899,-63.4906601731325,-64.3685496874385,5.45001342388729,4.80626878760455
0,-71.593446930708,-69.6312832573765,10.884198804023,8.54942007775686
1.02040816326531,-71.2128875992922,-70.9157918103961,11.2284787076712,10.1084055863667
2.04081632653061,-71.5931956091548,-67.3121140840975,11.0140584547798,10.6904357930263
3.06122448979592,-69.8881664438098,-68.6673279029396,15.0968205726219,13.3171052171686
4.08163265306122,-66.5421221236025,-66.9557215172257,17.2080455009527,13.9794425354684
5.10204081632653,-66.0081036625781,-67.3610122732459,22.7183948225367,19.5186138139303
6.12244897959184,-61.7001927080625,-63.5233947458303,26.8288905375826,21.0053032121459
7.14285714285714,-60.4172531085799,-63.0750678958214,31.3130973834513,23.9352031960166
8.16326530612245,-59.7222242590814,-59.7316245178116,32.6723737889147,25.6846078745641
9.18367346938776,-57.2778913161846,-59.2470993855441,34.3280136326116,26.2138932650543
10.2040816326531,-56.5971912493175,-56.7453919611869,34.5058065298175,28.339713764789
11.2244897959184,-52.3941450394314,-55.3705057789796,34.0049261659601,28.5961562616739
12.2448979591837,-54.1412562161938,-56.5181903429362,36.8617820357496,30.5715816951149
13.265306122449,-50.1482281952175,-52.580640800904,38.7464692386001,32.2890397862414
14.2857142857143,-50.3001211465186,-51.0560987816833,41.3636189787874,34.1769501639516
15.3061224489796,-47.2008242257266,-46.5463360705338,41.795819342385,34.2993175140237
16.3265306122449,-44.5269808507842,-44.6792419312462,44.2841006129918,37.020763137816
17.3469387755102,-41.3838517408512,-41.0351133591528,45.8135919771065,37.9959786770413
18.3673469387755,-39.4868267396563,-41.992624242268,47.6123650005572,39.023542513398
19.3877551020408,-37.6283844169953,-41.4236811749618,48.6237680445882,40.3009989253561
20.4081632653061,-34.4401622878795,-37.0468540607993,50.189122654235,42.4186372616248
21.4285714285714,-32.8916023280937,-33.7938107975109,49.1379282335437,44.1158716641353
22.4489795918367,-28.9837253754256,-31.146476215749,48.148163127515,42.5871257728664
23.469387755102,-27.4872535203639,-28.2211513563503,48.0152544116128,42.0715293096584
24.4897959183673,-25.4416037836545,-24.4791223964914,45.7457052743459,42.2537135625557
25.5102040816327,-23.2194757222146,-22.7924025858682,45.0744380766559,41.8129978096318
26.530612244898,-18.5886403269534,-19.4104274512393,43.7071465227246,40.9269659770204
27.5510204081633,-17.376542316067,-16.6860362137215,41.5790849944546,41.1716322054229
28.5714285714286,-13.6768738438354,-15.533957259195,38.2691780863837,40.6833585008859
29.5918367346939,-13.1702290998089,-12.3391037304715,35.6669289945158,38.8566213212165
30.6122448979592,-11.2093102724642,-8.20942573446483,33.0987214492485,36.1105578032176
31.6326530612245,-6.39396541836112,-4.04099849177425,29.2447166734873,32.1240385960943
32.6530612244898,-2.81781842114772,-1.24891778029214,24.9604063998073,28.286369132675
33.6734693877551,0.667843345402165,2.50146793351131,21.7209312754921,25.0223304952422
34.6938775510204,3.50937826272965,7.31380356952683,18.1520014661068,22.8911054540679
35.7142857142857,8.31762908558878,9.12597079391496,16.5355019791462,22.0606366903147
36.734693877551,8.54790592523329,11.2890000111124,15.9059034040293,19.0125835914256
37.7551020408163,12.6252105113883,13.7524527135096,14.608919905215,18.8531330230111
38.7755102040816,16.0707804040887,20.3326068232135,13.6428496615016,15.5865624931648
39.7959183673469,18.5591923232071,20.8729038117952,12.6348869489811,14.0180629417367
40.8163265306122,21.7150067653559,26.8098044151357,12.1312859196343,12.7562031584165
41.8367346938776,25.4075037149039,28.8514276555251,10.2379758756397,11.2585212815162
42.8571428571429,28.0530493984214,28.6817622286871,8.17050132718792,7.8778215441815
43.8775510204082,30.7103528604013,31.177190871458,6.52482035790566,6.13550449872013
44.8979591836735,30.6598478467068,33.5878137864149,3.08340798313376,3.43701516363517
45.9183673469388,32.9579249784183,36.2573144936129,1.19818741594222,1.30460823916589
46.9387755102041,35.4894982886214,35.9142521319517,-2.04511038034227,0.255898274389132
47.9591836734694,36.5838722503807,37.8507057654408,-3.59769114527071,-1.82989884978551
48.9795918367347,36.357852028121,39.5852069606798,-3.46922343001461,-1.61251429259729
50,40.0346953117055,41.4081868472795,-4.36921764354104,-2.35679549238291
51.0204081632653,39.0144517987097,40.4349654266795,-2.13089608207264,-2.34022733256757
52.0408163265306,41.1328086579781,43.1236838039557,-2.55885169468431,-3.01883615563363
53.0612244897959,40.929975821405,42.6518850271478,-2.22588328641367,-2.86697380650895
54.0816326530612,41.8175105340237,40.1246058897913,-1.85512591794016,-2.9755051284794
55.1020408163265,38.8960942885899,43.1223891536587,-1.10333222755845,-2.33157919785602
56.1224489795918,40.6542269156335,40.2057013213,-2.70798842598003,-1.64555598265346
57.1428571428571,36.6590096953324,40.8112779014697,-2.19257067056863,-1.3262359418445
58.1632653061224,37.7685571867812,38.7695009260934,-3.92684192377289,-2.06881480652818
59.1836734693878,33.6204977538871,34.8453493967748,-2.33014720655308,-2.00625173299626
60.2040816326531,31.8567451342381,33.7014977072444,-2.68925352080355,-1.76291831859842
61.2244897959184,30.4952778151891,32.0250503201388,-2.46071063096019,-0.89572613045252
62.2448979591837,26.1905168776643,32.5722564175587,-2.39740561976021,-1.59302064978603
63.265306122449,26.7165606261181,25.5258975720882,-2.50441977394449,-2.40850866307091
64.2857142857143,22.814333513102,28.6140955890424,-3.25537045081404,-1.76756295608187
65.3061224489796,21.5916602022134,22.4572526510704,-2.2923200748368,-1.89884215527084
66.3265306122449,18.2571484564715,22.0726363303443,-1.87455493099824,-1.83081900080944
67.3469387755102,16.499294039266,16.6675626920226,-2.2573930179565,-1.86901303106626
68.3673469387755,13.9104221971558,15.6707445870542,-1.21921271752571,-2.83085062457174
69.3877551020408,10.6264204239357,10.551507146284,-1.30457940615963,-1.04979852661843
70.4081632653061,5.90311850618737,10.1487149124418,-1.67179374497746,-2.04385443990307
71.4285714285714,3.915445381304,6.5302189306933,-2.52020610623839,-1.61285514664648
72.4489795918367,-1.24367622283143,2.28622547492058,-0.604394366699721,-2.12776204390606
73.469387755102,-3.1114149458691,0.110554403477788,-1.30222224703909,-0.606730098726499
74.4897959183673,-3.49649316797824,-6.40336719945478,0.0163496977063898,-0.433197371880996
75.5102040816327,-8.29817004722258,-7.53919489796041,-0.998212525399532,-1.2549329920576
76.530612244898,-9.74101213903141,-10.7832541321919,-0.187715004687742,-1.57233495743759
77.5510204081633,-14.2941364199526,-14.7757821983878,-0.730295515997075,-1.35996212573978
78.5714285714286,-17.9396658389369,-17.3625823984791,-0.244298020919987,0.783534158477903
79.5918367346939,-21.2956077760628,-21.5507994799529,-0.0701165250586918,-0.448846057716754
80.6122448979592,-22.8539575304711,-25.1616305733535,-0.375891578658739,0.130415012220453
81.6326530612245,-26.96064053198,-28.860433306551,0.95179096309948,0.0883779080412768
82.6530612244898,-30.6249662972543,-31.9572146033091,0.405374730660386,-0.192280010023126
83.6734693877551,-32.6917456564417,-35.8073368452877,-1.12999422810709,-0.322620682014838
84.6938775510204,-37.3203197265157,-38.3057928018121,-0.393161002755493,0.132074115493215
85.7142857142857,-37.5088630801084,-38.4491768053948,0.369258568234758,0.662404507458594
86.734693877551,-43.119470471387,-44.7995556130274,-0.0251398125649528,1.5146710506922
87.7551020408163,-45.6259690583184,-48.4578166744444,-0.160735221268829,1.96618438552467
88.7755102040816,-48.4137049473714,-49.9415482556901,0.863487305951569,1.68877847552976
89.7959183673469,-53.7476703455985,-54.0198219648077,1.80203749182443,3.17159670692707
90.8163265306122,-54.9025854247082,-55.8931597586033,2.81641686648878,3.89839014064527
91.8367346938776,-57.2730650473262,-59.5007140730849,2.89198036944373,3.46691681987742
92.8571428571429,-60.9462292379065,-62.3229686092015,4.09387652081999,3.26031999462225
93.8775510204082,-63.4160895519329,-63.3900034627289,5.1180135481834,4.57444025332682
94.8979591836735,-67.0594197991015,-64.9203211837425,6.42379933125479,5.28281258949646
95.9183673469388,-66.7563910074065,-67.9575946764403,5.48828244558546,7.24253968590262
96.9387755102041,-68.6047905411791,-66.9754726199527,5.70363627004474,7.24661127946435
97.9591836734694,-67.8417224357164,-69.542672364488,7.13159274777153,7.85448684598365
98.9795918367347,-70.8257324756602,-69.4976274260737,9.33867332208856,7.99953364814532
0,-64.5137641987074,-67.7637332499539,7.52934340895352,7.61797250622617
1.03092783505155,-66.5637290813593,-64.9604993233322,7.31988301285721,4.70964193829822
2.06185567010309,-68.0669634537808,-64.0432687400299,7.58039877633393,4.9073110559569
3.09278350515464,-65.7320263276914,-64.1965062816593,6.55113246989566,4.28304658031002
4.12371134020619,-62.3281830292965,-62.1042837977574,6.72160974038325,5.80637537827699
5.15463917525773,-60.0176222868881,-61.160307844465,8.88798673429675,6.52122061395148
6.18556701030928,-62.9442406954569,-58.0024005405445,11.6444098716343,9.25212071181343
7.21649484536082,-59.7031913208799,-56.6772321907605,16.1923430710126,12.2691034709379
8.24742268041237,-56.2606593051239,-55.7168134982773,20.1715617477842,15.4164324312063
9.27835051546392,-56.0222918054744,-53.9118679379286,23.5519599272682,19.0835864195205
10.3092783505155,-55.7017687189341,-51.90359864425,26.9579441034551,22.8347494224753
11.340206185567,-53.0289566019651,-51.6217795417988,29.763142670594,24.6127254502079
12.3711340206186,-50.7925234434521,-46.6113712142103,32.9150402582372,26.4227857373541
13.4020618556701,-48.5771443408433,-46.3443051544565,35.5773794688795,29.0525873046432
14.4329896907216,-46.623121874866,-45.3860052179197,37.7968398057678,31.6499699780858
15.4639175257732,-43.0707061580475,-44.7261502115555,40.5739369690193,32.9985038087975
16.4948453608247,-42.4256386057716,-40.1906258653047,42.1480014368536,34.6128034209685
17.5257731958763,-40.3000372479747,-39.9527442614566,45.2969460339611,37.5398189216342
18.5567010309278,-35.1025154963079,-36.3522181084088,47.6532315766685,39.0790583952675
19.5876288659794,-34.633636691754,-33.1173273229424,48.9148899564414,41.1432653384465
20.6185567010309,-32.2480843889626,-31.1661087291014,48.820410077197,41.4678430549893
21.6494845360825,-29.9584008694948,-28.3690972872525,48.6918604815328,42.7653980151036
22.680412371134,-29.7143946159674,-24.9619966611215,48.6381426169081,42.9660757734263
23.7113402061856,-27.1476585608769,-21.8060646495139,47.5380498855447,42.8639697770824
24.7422680412371,-22.2306641142273,-23.1707092619692,47.5969311722384,42.8812527218395
25.7731958762887,-18.9550174667455,-18.4997863631638,45.8851544445468,42.5264357862506
26.8041237113402,-17.4359002916007,-16.3302866689838,45.7735114228961,42.7728065265245
27.8350515463917,-13.960545544186,-11.5489129826188,43.1890196770534,41.3229573033203
28.8659793814433,-11.3011994994604,-8.08893796136437,42.4912492502849,40.3967399874843
29.8969072164948,-8.97834560106942,-6.56059761558578,39.6490562096233,39.0805448416806
30.9278350515464,-4.60631573644333,-3.14863950497474,37.6544013185398,37.6084687974618
31.9587628865979,-2.3099517581334,1.75632879413432,33.9823395432992,35.4303956390222
32.9896907216495,-0.358333180864396,3.44813186815807,30.3000523666773,31.7327586077607
34.020618556701,3.20373485594254,8.44727904120975,27.5952141231574,27.9710677468563
35.0515463917526,5.12001061765957,11.6033695841484,23.9670141228434,25.434650847816
36.0824742268041,8.3520131274538,13.0571721845434,21.1716751550513,20.4085095584961
37.1134020618557,12.9731128161456,14.9829334692039,18.4221166488284,18.458997881959
38.1443298969072,17.403899065134,18.7826074190123,15.1041159198033,15.7471115142003
39.1752577319588,20.2603803003349,24.4993010565101,12.329213548097,13.8197692538172
40.2061855670103,19.806859418504,25.7368862805409,9.67970862401912,11.208850097542
41.2371134020619,26.490114205006,27.6580460701384,8.27779794335786,9.59080522038892
42.2680412371134,26.6700311589899,29.2666378721683,6.62062233543751,6.941387431105
43.2989690721649,28.6906757558097,33.7226415238503,5.02380440909925,4.92699013886434
44.3298969072165,29.3721021007003,31.9540624089397,3.95367152534599,2.42186351272772
45.360824742268,34.5081217894612,37.5099762459743,3.18304189973631,1.1837764199873
46.3917525773196,35.3041032916676,39.2962291319593,3.15306875308456,0.752392376374179
47.4226804123711,38.0549499722802,40.525175496382,1.67371348925029,0.795251940656119
48.4536082474227,37.8974264215563,42.759273406363,1.57439237384813,0.434639993529822
49.4845360824742,39.7824229289751,42.6197945794375,0.548342104965828,1.01428143787706
50.5154639175258,41.9646032350874,44.8916315863376,-0.488933938336956,-1.20905024869686
51.5463917525773,40.8144372091343,44.8930607970033,-1.59313337187916,-2.16697542344098
52.5773195876289,42.7999789006758,45.1865254566614,-1.6265552260917,-3.71261184258412
53.6082474226804,44.5209135026521,45.8771528348998,-2.17588700469168,-3.50611177839403
54.6391752577319,41.7121875266039,47.9207680061908,-2.24297053732131,-3.87082464327488
55.6701030927835,42.1565345135654,46.0140502597895,-1.59074752157383,-2.70065568000581
56.701030927835,38.4329837932926,43.3541725937392,-1.62088187113836,-2.06638786969737
57.7319587628866,39.5165787839919,39.9042117768652,-1.69272131853916,-1.6869435349347
58.7628865979381,38.5069482230603,40.314779681808,0.25126806584016,-1.60147028739326
59.7938144329897,36.0611458458573,39.3262197765458,-1.34929907225476,-2.6603907900372
60.8247422680412,33.0911000483144,37.3160363997687,-0.670071100723555,-2.18002440192504
61.8556701030928,29.1844336494194,35.1794491087411,-0.615142312469719,-2.18937041736223
62.8865979381443,29.0694647229824,32.2817160078336,-0.425171659576915,-1.32610302528668
63.9175257731959,24.6529440382093,29.5888973552174,-1.00585272151647,-1.50838087069107
64.9484536082474,25.4598019250805,25.3157609995936,-1.07492173787124,-1.75357450122041
65.979381443299,21.0409786764099,24.035300362569,-0.528271620842722,-0.781879256889822
67.0103092783505,15.9870473371651,20.6515606688067,1.46096269376595,-1.48520500014851
68.041237113402,11.9013849094296,17.5551704755003,-0.261306553926867,-2.17536726632702
69.0721649484536,11.2798018837287,15.9560513325095,-0.316718921393294,-2.39321115034355
70.1030927835051,9.04751643034353,9.80573458449348,0.197745422177178,-1.61060303016684
71.1340206185567,5.84144722076565,7.72585663271326,-0.261193185211202,-1.35246065754909
72.1649484536082,2.74233293474814,5.81227029928862,-0.975504818853864,-0.258675764879013
73.1958762886598,-1.34607255860627,4.1738834520184,0.125030046030465,-0.906209896760179
74.2268041237113,-2.82869981087479,-1.04463486300027,0.546401998808674,-2.35913536828367
75.2577319587629,-9.16772865479803,-4.01257987853803,-0.616855326271104,0.193383490712725
76.2886597938144,-9.39542372861171,-4.51962078209533,-0.302227937455198,-1.72730124641447
77.319587628866,-15.2273882957483,-11.2643513901955,0.681525446986252,-0.716113151513137
78.3505154639175,-16.032942145698,-13.5407680121678,-0.659928298001106,-1.47336981029945
79.3814432989691,-19.0099463974128,-16.9296575652613,-0.101014531552061,-1.26078237020701
80.4123711340206,-23.3809212564739,-19.4715098444358,-0.512442691627054,-0.93451829915446
81.4432989690722,-27.0978716084036,-25.4949421439634,0.310735714787785,-1.17019976192062
82.4742268041237,-30.7933928371412,-28.7871493725586,0.846285017398544,-0.613312480205486
83.5051546391752,-33.7045603700216,-28.8420622485304,1.16973453791597,-0.132583512431046
84.5360824742268,-35.041543394366,-35.3846351682792,1.26934323956886,0.401403874462998
85.5670103092783,-38.3389489756248,-37.922208912543,2.26015403287939,0.293356848738629
86.5979381443299,-42.654101618262,-41.1109653273761,2.42298170503435,2.18105078486243
87.6288659793814,-45.8433163846226,-47.4622684963135,3.05646767908913,1.78866818443668
88.659793814433,-49.6705551167298,-48.6153869842891,3.50898933675289,2.36950308730457
89.6907216494845,-52.3238906430825,-50.0608116858833,4.01252818118204,3.20055624680397
90.7216494845361,-52.0348839317762,-52.9561103262966,3.91921085514972,3.80429155504895
91.7525773195876,-57.5988889067966,-56.378879538365,3.0351340235783,3.04726525070317
92.7835051546392,-61.2583771245303,-58.6762035639712,4.58463911053487,2.90527462278509
93.8144329896907,-60.1143606783992,-57.9123923331285,4.40382733422565,5.12660614201697
94.8453608247423,-61.5085827233148,-60.6147087496019,5.93394714075581,5.26694813275286
95.8762886597938,-63.7598436896519,-62.8617511057292,6.09561939476995,6.29637791509579
96.9072164948454,-65.0189955345229,-63.4982339358164,7.16547586740266,5.45641089584416
97.9381443298969,-66.4776330994654,-65.0006949285166,6.22603847883955,5.51003033693288
98.9690721649484,-67.6336957872513,-62.8191597188367,6.87467914650635,6.99357399165761
0,-64.2752927292364,-64.4046192338447,7.61965225304548,8.03775646615761
1.03092783505155,-61.5178493470108,-65.1998411554828,7.89606811774989,8.9047774659489
2.06185567010309,-61.1163558709806,-63.9034930113584,7.23206702190702,7.94457770589426
3.09278350515464,-60.2997424515403,-63.4550366125656,8.61373861854205,8.55725315172044
4.12371134020619,-58.9430326804406,-62.5560399775148,12.0014309689506,9.83085709812063
5.15463917525773,-58.3480815683531,-61.0278758928722,16.9202699263743,12.2272171852004
6.18556701030928,-55.2938208539854,-58.6778343476966,19.2672472963719,16.0343115467267
7.21649484536082,-53.7366849179336,-53.9831389580497,22.0303800168784,21.323260870143
8.24742268041237,-52.6521846582468,-53.8340482412899,23.0495323486311,23.3496432026527
9.27835051546392,-49.5039481468157,-51.5595249514306,25.8904318671277,25.4643935825592
10.3092783505155,-49.4383719132172,-50.5914758374268,26.4768202476564,26.8088543936829
11.340206185567,-45.2963296300941,-50.1398468539034,27.4724845497839,27.3675102797403
12.3711340206186,-43.8167605581569,-46.3441677275506,28.7943817237016,26.9624568794212
13.4020618556701,-41.9060650408028,-46.5160141606871,29.0425624813149,29.5124694527145
14.4329896907216,-40.8361081075902,-43.8900133200157,30.9667938955414,31.1099714344445
15.4639175257732,-38.5119828115926,-41.8787488295061,31.9720786659995,33.2239735106096
16.4948453608247,-32.6977361201556,-39.0847866543207,33.1891151111155,34.6498685052749
17.5257731958763,-31.5062933782184,-37.5399819459984,35.3700202714833,36.4506306305735
18.5567010309278,-31.2288190737096,-34.9248871322587,36.3319664465056,38.1641398766158
19.5876288659794,-27.7391135170585,-33.24926745793,37.1482298776935,38.0102061967802
20.6185567010309,-25.8644363847966,-30.0195741211736,37.1930097362191,37.3705530872379
21.6494845360825,-24.192925340878,-25.9486806733365,37.8611019956894,39.9169568410754
22.680412371134,-20.8903623944414,-21.5343947140752,38.9526699624833,40.6952264734091
23.7113402061856,-17.3587993437955,-18.5175095618647,38.6132489332671,39.5466329971791
24.7422680412371,-16.2245514788763,-16.8645627712475,37.841229851038,39.7144764996318
25.7731958762887,-11.1717902012953,-14.9784755648558,36.8282968667971,38.0977672384512
26.8041237113402,-10.2828983259532,-11.8065159783697,33.7524849685032,36.6250620243553
27.8350515463917,-5.97900223390502,-9.01208579635414,31.9230434223211,33.6712960607486
28.8659793814433,-3.85365370584598,-7.19122891922604,29.833955202963,31.4027339060847
29.8969072164948,0.606910759022459,-2.1308418270097,26.3576035758016,28.3045491459642
30.9278350515464,1.80155545442612,-0.328778875337798,22.4186342487925,24.9352875614273
31.9587628865979,6.02277945657545,2.69856267253393,21.132532865526,22.006305717797
32.9896907216495,8.73010604173641,6.96453543282887,20.2822706306515,20.5156638118548
34.020618556701,14.5321282273599,10.5390740786345,18.3758281422534,17.6190214580035
35.0515463917526,13.7000600034468,14.8510440014468,16.1525424441542,16.6895192428716
36.0824742268041,16.97198662409,16.1647236897511,15.3186914614078,13.8078166425405
37.1134020618557,20.767180925839,19.8073610092779,13.5702975022731,12.8062970591049
38.1443298969072,23.0428916340821,22.8650879536652,10.4127286591074,11.6897945177256
39.1752577319588,26.0231812472707,24.5562362630861,9.52636816293823,10.1308482800517
40.2061855670103,28.4437700158253,28.9732916387011,6.84351712912589,7.30355689703301
41.2371134020619,31.6780178074474,30.0412942934113,5.52140875536534,5.15270727884261
42.2680412371134,31.0842133282456,34.8706195425636,3.37510726784347,2.00763338793336
43.2989690721649,35.5818592155971,35.2464446107883,2.16798274315118,2.3536008438048
44.3298969072165,37.6501920328144,37.6611834334525,1.90748990792334,1.06692619829397
45.360824742268,38.2347351319162,35.4551007619861,0.459635937662044,1.49875604065116
46.3917525773196,39.7158981054917,39.4452393438112,0.346339817845914,-1.04722177274452
47.4226804123711,39.4014452888577,41.9904591753361,0.0567836900540894,1.10659350241716
48.4536082474227,44.4782256609321,41.6920546789205,-1.28362956301259,-1.25644637305827
49.4845360824742,44.981097286537,42.7715810954204,-1.81341151762471,-1.79981633464062
50.5154639175258,43.0682790443621,43.7733793380693,-2.77867178896435,-3.76385413049633
51.5463917525773,47.4035887523701,42.3117680467626,-3.6362253876611,-4.12737818860011
52.5773195876289,44.8653999840931,45.630216007678,-3.22315044016972,-3.71948232432369
53.6082474226804,44.1064205607761,41.5940721813262,-4.02033806640578,-2.8023868754432
54.6391752577319,44.9274654366913,43.2086774354847,-2.84787523806503,-2.18164445162766
55.6701030927835,43.0202839786524,42.7896185050414,-2.45822614853183,-2.50801991441465
56.701030927835,43.4806512591,41.2020314020775,-2.86080976905827,-1.9168345840642
57.7319587628866,40.2498048921301,40.6754755246643,-1.68642433588711,-2.04228103115196
58.7628865979381,37.1649816398256,36.6118966511363,-2.11926120738989,-1.61989415909784
59.7938144329897,35.8670710008962,37.950093016545,-2.70324074709364,-1.31521368221681
60.8247422680412,33.6339443803212,36.6421780964009,-1.95553836341468,-1.02556380526312
61.8556701030928,32.2414050088597,32.8448579970991,-1.83381132838289,-2.06447459300517
62.8865979381443,31.2475537275402,29.9375673337637,-1.43237460332457,-2.76066043321106
63.9175257731959,24.7634690273814,28.8223029087,-1.25934243192667,-1.19713113573727
64.9484536082474,24.9325726059643,27.1922363264716,-1.13991922982241,-2.01190870528491
65.979381443299,21.2280213078183,26.2840989251364,-1.53646569277039,-1.80447907865972
67.0103092783505,17.5409007170111,21.8264657341013,-0.671537210280884,-0.973776428126651
68.041237113402,16.8967005569999,19.8782998015121,-1.11513459779317,-1.42371915069957
69.0721649484536,13.42453190055,15.5058891831031,-1.28944222968279,-1.75541974686899
70.1030927835051,10.1237348214924,12.2683915127397,-1.26013307254762,-1.16599849145691
71.1340206185567,7.51793367820179,9.44393495586693,-1.4201767100226,-1.11296334075893
72.1649484536082,1.83805412375943,6.61800707070551,-1.34023753315634,-0.995125280616677
73.1958762886598,1.33399424648251,4.48819372751886,-0.109652763491026,-2.17453970058123
74.2268041237113,-3.16141765933901,1.2099764802633,-0.345673973414581,-1.79203504337732
75.2577319587629,-5.44992280224387,-1.63627600932437,-1.24158324874073,0.120259473146593
76.2886597938144,-7.0487000103384,-5.58063823953276,-0.889999969268562,0.245234793083634
77.319587628866,-9.17287757468634,-7.94416112064982,-0.832748241572096,-1.04401317839106
78.3505154639175,-14.2091191918255,-13.0351344599947,-0.536457599632788,0.107459208598083
79.3814432989691,-15.4885105408668,-15.1965326584169,-0.287576920457559,-0.499996203772638
80.4123711340206,-18.9344699877504,-18.2016969536226,0.713514087024875,-0.423817567360538
81.4432989690722,-23.3092292215933,-21.9216658632595,-0.731596420384442,0.0188255135269396
82.4742268041237,-24.5281417055137,-23.8328381913464,0.496075690282762,-0.719178454537506
83.5051546391752,-28.2953981892832,-27.7214230018372,-0.467664919863051,0.428935578650446
84.5360824742268,-31.380091850766,-29.1309069448187,-0.193303990027196,-0.340222284078299
85.5670103092783,-34.6765924113598,-31.8699732390466,-0.132865829121369,-0.536208871370744
86.5979381443299,-36.6849768311738,-35.376350852889,-0.264083095847663,-0.146049038586358
87.6288659793814,-40.7338868733626,-39.2904109594586,0.391086081500496,0.592728417465672
88.659793814433,-43.8742984527584,-43.6190146125632,0.314730162113084,1.23646279705366
89.6907216494845,-46.5622625737841,-46.6911855549414,-0.110517666027587,0.124899250339937
90.7216494845361,-50.6242405788186,-48.5985215305042,1.55133913490657,2.93207617780728
91.7525773195876,-51.2636818367632,-52.1159280552072,2.74669198972616,0.995306780893708
92.7835051546392,-53.4540040194492,-56.0251302203358,2.74804856190091,1.59286966552621
93.8144329896907,-54.5005288297308,-56.6920173615442,2.43570001019582,1.94434450646517
94.8453608247423,-58.2737145131132,-58.8142480543724,3.52589980471044,2.0629598567321
95.8762886597938,-57.814991552522,-60.3544051415116,3.93682539202934,4.01275433620197
96.9072164948454,-61.3236013426067,-61.9192918067821,5.31711043944442,5.90011373794098
97.9381443298969,-62.1472152331393,-63.3062019644928,6.27191424580487,5.72803240211859
98.9690721649484,-61.4784770050771,-63.7785787373745,7.5337013586139,7.53862054830957
0,-70.5654680126281,-71.4239385667224,7.95300698467848,7.52926587037186
1.02040816326531,-70.0781289237667,-72.3565830070276,6.13786051816286,10.1215104633233
2.04081632653061,-68.5069271929235,-69.1926800680341,6.63319575953401,10.2911884395288
3.06122448979592,-69.5705259110409,-68.0111462167277,7.60718723983474,10.065787967204
4.08163265306122,-68.4891458999834,-68.2823261308759,9.5231229127225,10.2359217077454
5.10204081632653,-66.0846876608066,-65.8397720505721,13.6811022864288,14.0481943806439
6.12244897959184,-63.5681333202274,-65.2032142978771,16.7757985876426,17.6549209879734
7.14285714285714,-62.0971519569279,-61.5049101052898,20.9054692125604,21.9476127570238
8.16326530612245,-62.3197193635607,-62.7546067712,24.550050529702,25.4618400049433
9.18367346938776,-60.3784589109763,-61.2666883582684,26.9398964494495,27.4252010643874
10.2040816326531,-58.7452866212258,-59.4194452686892,28.3586705298621,30.3303685203328
11.2244897959184,-55.2666571042535,-57.0984128777501,29.3238898675091,29.8480113417779
12.2448979591837,-55.9692534148765,-55.7880056138378,30.8354112373381,31.5435322547489
13.265306122449,-51.8331226033875,-53.3760088770651,30.2614143573705,32.3671700979553
14.2857142857143,-51.2918168373328,-50.909060753475,32.9395549477435,32.8492423736921
15.3061224489796,-50.7373109226739,-47.2106222851447,34.9287132960527,33.166073677287
16.3265306122449,-47.8207729310365,-46.8846106485554,36.6631437084892,35.8538247875719
17.3469387755102,-47.9578331311877,-46.4796341771898,39.6129371308873,36.3591577576022
18.3673469387755,-42.8406289021889,-41.2628152234004,42.8373117777666,39.2251992621592
19.3877551020408,-40.9465081868841,-40.44168421461,45.2432712628287,39.5226721082734
20.4081632653061,-37.1043555324197,-37.6322297633216,46.3631259152553,40.1448828026602
21.4285714285714,-37.5925792882601,-35.6209302164785,47.5693916687389,41.1562973338978
22.4489795918367,-32.1137973972826,-31.6422257379912,48.8205652559402,41.9981844018225
23.469387755102,-35.5301614486732,-29.6990711248702,49.8203804164357,42.1080166261443
24.4897959183673,-29.8451486692933,-28.2596659752758,51.0297136016973,42.1060169180707
25.5102040816327,-25.1210333241291,-24.2071681944365,51.4456003174298,40.3348224618137
26.530612244898,-21.2615736221683,-21.2975825115759,52.1870172691204,41.1980275441238
27.5510204081633,-17.8918369407109,-18.2395169785375,52.6834611272975,40.7423521827219
28.5714285714286,-17.9105441455241,-16.2279029517093,52.3300994852832,38.8311942957571
29.5918367346939,-14.6380580648462,-13.0100063644703,51.5213793116385,37.5147289565296
30.6122448979592,-12.2105955608152,-10.4381614424844,49.0987214021661,35.8039988768779
31.6326530612245,-7.7444069088663,-7.31779025632653,48.2207662680082,33.1830699438152
32.6530612244898,-6.36616066848163,-5.10330097891501,45.9781576009364,30.2757652255799
33.6734693877551,-2.8441159890264,0.759550249478699,41.7545916326223,28.1233730427876
34.6938775510204,0.268906621251192,1.28166707477671,38.193973766106,24.9839876040901
35.7142857142857,3.8411899849165,8.29171663166901,33.5647636955157,23.0218407013585
36.734693877551,7.54583895734963,8.82961139432223,29.4458622810188,21.4982766587599
37.7551020408163,9.65185690421749,13.055135528354,24.4734236920922,19.083083627141
38.7755102040816,13.3352077301248,16.2777093583485,21.9369570939292,16.0922505334518
39.7959183673469,15.2650461552687,18.8581893350396,18.8827614864747,14.4395368574226
40.8163265306122,21.3141659443636,21.47711620805,15.5652367523882,11.311276701948
41.8367346938776,23.7731064215275,23.5209575572824,13.2897993449476,9.25301373110756
42.8571428571429,25.4658866690594,25.6681425616565,9.89772932825809,6.9411215014321
43.8775510204082,26.5863721564755,27.0662128664517,5.33616335200959,4.75443503860642
44.8979591836735,28.0018934235077,30.4939204823297,3.23146917029198,3.60766491773544
45.9183673469388,29.152208199909,34.1156195699907,1.85592803652319,1.43149572254489
46.9387755102041,31.9455642476549,34.8766165776037,0.0120265324874177,1.35943470827751
47.9591836734694,30.8382530914937,39.3790339053607,1.49849929569652,1.84039030237232
48.9795918367347,36.875492112528,41.5342651644057,-0.960192028365268,0.714119828179037
50,38.5737443233833,42.7417732399284,-1.07467898754142,-1.1086068228934
51.0204081632653,40.0632680046996,42.400127552442,-1.88222315723282,-1.71050321004653
52.0408163265306,40.7463998697331,42.6078265549736,-1.47419704277811,-1.06281643289947
53.0612244897959,37.6587886968656,41.3873975746096,-1.40995422538074,-2.27648223764248
54.0816326530612,40.3295863022458,41.8817413867391,-1.25583307562666,-1.19074407358309
55.1020408163265,40.1023625678529,41.1625672507988,-1.53617452285331,-0.795177291267335
56.1224489795918,36.7882289277544,40.7369926819202,-1.28967767155711,-1.53043829464294
57.1428571428571,33.3432298253343,38.87038845214,-2.27171079253844,-0.435009020665954
58.1632653061224,30.4868305661512,36.3643509176307,-0.700369655396103,-0.344326425480679
59.1836734693878,28.8218608750249,33.9936933154461,-1.83714932146491,-0.885100239778427
60.2040816326531,27.9631457543787,31.092020602484,-1.87900233957415,-2.03332671810572
61.2244897959184,25.4905643029245,29.828420453272,-2.98229720344959,-0.48443363042026
62.2448979591837,24.3963019586545,32.2119542402355,-3.45579666138024,-1.22001996293556
63.265306122449,18.6994943920091,30.7270911357817,-3.09246022381119,-1.13575514322311
64.2857142857143,19.8327618779599,24.7816119588023,-2.57514568796774,-2.12097433064614
65.3061224489796,19.2918919870445,21.8344797085092,-2.53780266227042,-1.67169991143759
66.3265306122449,16.7010364028544,18.8667725456611,-2.50687973411488,-1.68824615405639
67.3469387755102,13.2924496286462,16.3980363113233,-2.536499482573,-2.23710966462407
68.3673469387755,9.84676126579332,13.0154508488941,-1.42881323282715,-1.51399287054635
69.3877551020408,5.65028332407681,11.8847250839742,-2.68412373917558,-1.42966354138563
70.4081632653061,6.2888236088101,9.80777688395906,-1.90702063232545,-1.2228742765229
71.4285714285714,0.279404846082943,3.82885188897397,-2.6214600302379,-2.15065537502313
72.4489795918367,-0.92752424596764,3.21633905029579,-1.86279142387516,-1.92743850363216
73.469387755102,-5.29984470457344,3.08513362348842,-1.80954076040281,-1.76634676827617
74.4897959183673,-6.70516498250967,-3.32789710025733,-1.12484086957598,-2.04812452737738
75.5102040816327,-10.6830362876376,-6.72613258510378,-1.35945538443086,-1.39320080703631
76.530612244898,-12.9823878590027,-11.4591176169971,-1.53347370682979,-1.09163999610958
77.5510204081633,-18.6062934842008,-13.5382762440158,-0.753192255100716,-0.0848221048902159
78.5714285714286,-22.7344813459601,-16.6370882571528,-0.765357446559724,-0.580824187052018
79.5918367346939,-23.5486928185584,-20.1035268230573,-1.32690149794299,-0.14914229138752
80.6122448979592,-27.4961555699946,-23.6303290790021,-0.579019849715818,-0.0599767899003437
81.6326530612245,-29.0115246206329,-27.435408832615,-0.771626562378644,0.111308074578229
82.6530612244898,-33.6373622113289,-31.5045113103292,-1.74768995726681,0.559881695789259
83.6734693877551,-37.1010837054162,-33.4485212945757,0.495731159032908,0.269779290553571
84.6938775510204,-39.6528714814522,-36.7014636546748,0.179210818641372,1.09752087610131
85.7142857142857,-42.4185199148811,-40.2385296030362,-0.215473494931011,1.38477711668332
86.734693877551,-45.0034190962876,-41.6478690797861,0.258402049701767,1.61280237672275
87.7551020408163,-48.0347010062143,-47.999677445273,0.916427048534665,1.98037452641436
88.7755102040816,-52.2366388092272,-48.6762216348528,0.713654738821647,1.58519088797696
89.7959183673469,-53.0696635182211,-51.4088316570647,1.83451844120193,1.93049040449086
90.8163265306122,-57.4670468166448,-56.3433862482152,2.85482304770148,0.731323946611546
91.8367346938776,-58.9881367376213,-59.0940388301706,3.47373490375702,1.90398067190792
92.8571428571429,-62.1815460989878,-64.0366124063592,3.36546179433498,6.43897461708756
93.8775510204082,-64.4572051198936,-65.4283756624051,3.94822815778924,5.4080792938021
94.8979591836735,-67.6415497458371,-66.627598147083,4.67442917939666,5.74402304281171
95.9183673469388,-67.8917170858417,-67.7674800462032,4.97135993234797,7.1218289662136
96.9387755102041,-72.5030191015455,-69.5049506922064,6.07744489888868,5.54829672073006
97.9591836734694,-72.1989050148397,-70.4071624067401,6.2007965025277,5.88993000842021
98.9795918367347,-71.3420988116378,-70.3976498291157,6.8941377570031,7.14523294968346
0,-69.9268098734833,-67.718646062553,9.80827048471027,8.03820369895369
1.02040816326531,-70.1454111294912,-67.4462574537634,8.71400489412855,8.42295173272391
2.04081632653061,-69.9611637727708,-64.7741811504921,10.8775176173889,9.11935363524185
3.06122448979592,-68.0305806539799,-65.1292009876788,10.9948756997538,10.6323815683327
4.08163265306122,-63.4130979306283,-61.5752424478451,14.5157576813242,12.8724011118831
5.10204081632653,-63.9926047026849,-60.4391201020348,20.3679248378251,16.2039126371354
6.12244897959184,-61.6829749992464,-58.060848840442,25.1473477645261,19.6076524006377
7.14285714285714,-60.8862242512675,-56.9369254858668,30.1786996852381,22.4521346366749
8.16326530612245,-58.4039055049855,-55.707470561464,34.8539861132201,25.3223881110662
9.18367346938776,-55.6266087680202,-54.957646037083,37.7975241842464,27.1976989625397
10.2040816326531,-53.0236022547896,-53.9672597058919,36.70557422227,27.1531795956295
11.2244897959184,-53.2334540266952,-49.6963486277727,37.1196551848555,27.3990930692197
12.2448979591837,-50.5532759316985,-49.4569171938522,37.4062209227554,27.0783720512963
13.265306122449,-47.3529484620585,-45.6081311127325,40.7319204605544,28.6542090330627
14.2857142857143,-45.3579135322963,-43.5775894906225,41.99842721047,30.0785771573524
15.3061224489796,-44.3943048679259,-41.0585518202022,44.8555539034783,31.2531334469091
16.3265306122449,-42.0300283814833,-39.0154453543362,47.3400521503996,33.6059623207981
17.3469387755102,-39.7258657738965,-38.007349251005,49.607918125297,33.9781326567076
18.3673469387755,-39.1314165588078,-37.1494531670186,49.5340849603745,35.9164652168098
19.3877551020408,-35.557032739308,-31.4811803561466,50.0225219576865,38.4223409584544
20.4081632653061,-32.1668495068954,-31.893966402309,50.6493295779007,38.6067584410764
21.4285714285714,-31.7483036194402,-28.7622341404256,50.1071221300878,39.0379531793882
22.4489795918367,-27.0624236249798,-24.4378850157829,50.0679941170499,39.4572208714527
23.469387755102,-25.054319062753,-20.8957282203746,50.4600896101404,40.5628253379867
24.4897959183673,-23.7087098516489,-20.1701904494509,49.0357113673084,39.6926152200853
25.5102040816327,-20.025807939836,-17.9972949074751,48.9229958600463,40.8913838659346
26.530612244898,-17.1714306523257,-14.3998552478882,46.7540267312153,40.7414308981382
27.5510204081633,-13.6240475040021,-12.3025696924817,46.3252722843783,39.9856955530371
28.5714285714286,-12.1974050697827,-10.6856864586002,44.0934496869949,38.6445183954271
29.5918367346939,-9.34197706644067,-6.07883777777315,41.6801548844027,36.7110792598551
30.6122448979592,-7.43433239425755,-2.51980146861338,38.785240489099,34.8030877429212
31.6326530612245,-3.53976145135934,-3.58419900920843,35.7517092446683,32.9180655382406
32.6530612244898,-1.77694915069856,2.02754898178889,32.3812377062909,30.175233709571
33.6734693877551,2.88523796571958,6.59132320530662,28.4761587184095,27.320229776075
34.6938775510204,6.69473347102291,9.02890225333439,24.1812639358325,25.6325963143148
35.7142857142857,9.99157976552435,14.5907202488108,22.4872081162675,23.7383960723958
36.734693877551,11.7584197033567,15.3921146428213,21.0287831855276,21.6313103316201
37.7551020408163,13.8552389547369,20.5279087569525,18.8312092734489,17.3809248827475
38.7755102040816,20.1693256709534,22.2641087879613,16.2746691659482,15.0120830837862
39.7959183673469,21.9052296958801,24.8344965558048,15.0242680949434,13.0519160607709
40.8163265306122,25.9214205969271,26.6852390194862,12.2797025883674,8.91194269562306
41.8367346938776,27.7443678614045,29.6674326869587,9.95799615369006,6.91613031387015
42.8571428571429,30.139563134682,34.5710634185763,5.63005162509788,4.69719149452675
43.8775510204082,31.3240289021495,35.8654898148419,3.37063161100907,2.44572904651411
44.8979591836735,34.9828113480247,37.004972361026,2.30670890896652,2.5924614982975
45.9183673469388,37.0921974492128,38.2466971665809,0.86960089197484,1.51342945014867
46.9387755102041,35.9701250052854,38.894656634865,-0.0858764749429715,1.00352320684577
47.9591836734694,37.2005293548787,39.6083220065494,-0.862373050080541,-0.777066329748301
48.9795918367347,42.1345761796444,42.5384627994629,-2.63235570942571,-1.36291706619735
50,41.5588132609699,43.3202348957123,-3.61371255880731,-2.12125169589482
51.0204081632653,41.8157200433624,44.0088587761228,-5.05444708965947,-3.38430973263307
52.0408163265306,42.2219618663957,42.3623870293032,-5.49172265209869,-2.77111282890137
53.0612244897959,40.7343789002782,47.0111489264556,-5.60756892651314,-3.85800830913115
54.0816326530612,42.7557431977816,43.2448558822921,-5.2942626909148,-1.40038282090859
55.1020408163265,40.9062026273818,46.2905224350048,-3.75620851981492,-0.599505438851247
56.1224489795918,40.8341855351923,41.9544138013779,-2.65145767929149,-0.4010695986789
57.1428571428571,37.218749922557,43.1607841836818,-3.55176437313358,-1.84489512253233
58.1632653061224,36.4395305429846,38.903322635013,-2.25859014109113,-0.82566992170215
59.1836734693878,32.75411729104,35.119268499729,-3.64771176465899,-1.06310172093329
60.2040816326531,31.0903502714683,34.0698665711516,-2.78164955471256,-1.84953974962573
61.2244897959184,29.7112009213285,30.8213259889298,-3.01959687740574,-1.94542921086967
62.2448979591837,27.1851616783464,30.1813504972976,-2.91999158947776,-2.77633272845456
63.265306122449,25.4020650615388,26.114574414304,-2.03015848332374,-1.55290548637233
64.2857142857143,22.4934276963245,24.8136431645722,-1.75921894347907,-2.44945706584809
65.3061224489796,18.342645495497,22.8571921800824,-1.65271892200735,-1.87206913219651
66.3265306122449,16.4786606622558,21.3781897470144,-1.64297482092032,-1.78211411807553
67.3469387755102,14.3961344878726,18.0511659086987,-0.912179798847095,-0.381079144403768
68.3673469387755,11.9832039465176,14.5318320841367,-1.72004367596654,-0.150084059837161
69.3877551020408,5.01221570558329,13.4845470243879,-1.1632953858264,-0.180807831697621
70.4081632653061,5.45024946239928,10.4337625284287,0.104513555146408,-1.10339677958531
71.4285714285714,-0.334871822444308,6.31248037257715,-1.09225295456767,-0.86449761891318
72.4489795918367,-3.09451997171021,2.11053063347622,-0.155766583232427,-0.355194772104119
73.469387755102,-6.54661925239462,-0.281952490086853,-0.320985997811382,-0.490944823828792
74.4897959183673,-7.99925308532058,-4.37061897890707,-1.0758387008713,-0.094572844589557
75.5102040816327,-10.6878530795273,-7.20691404244382,-1.2577698898438,0.346783471361401
76.530612244898,-13.1718300617076,-8.03203240775537,-0.295257068287921,0.847012531789442
77.5510204081633,-16.1447432173921,-13.4926191116173,-0.950830236991739,0.232817635755305
78.5714285714286,-18.7086209044094,-15.9403734355858,-0.694418496366689,0.670331938713596
79.5918367346939,-25.0149826785625,-18.8867697661895,-1.51188165544517,0.881009859270219
80.6122448979592,-25.4869227160701,-25.2531242676255,-1.37086203835103,0.622721120066859
81.6326530612245,-29.9084277755583,-25.3542750892625,-0.300296269464629,1.53658284455434
82.6530612244898,-32.9092684414214,-26.9476734776889,-0.384450183945248,0.643238158082299
83.6734693877551,-33.3396543005588,-30.5140292756564,-0.155300635914551,0.449775544258762
84.6938775510204,-39.3119378015503,-34.8210428756395,0.597835341563204,0.626527323762897
85.7142857142857,-40.1424195829851,-36.3507343811805,0.887137535818004,-0.0506064567627205
86.734693877551,-44.7681720810388,-40.2270038760255,1.33694788709923,1.14187079183604
87.7551020408163,-45.7228318236642,-42.5491324901968,0.658321089480986,1.0245948375271
88.7755102040816,-49.9958016007649,-47.2520850931705,1.36068727915709,1.82531032514005
89.7959183673469,-52.1308568672572,-49.5468163699009,1.27048039773373,1.77386499639541
90.8163265306122,-58.0762609429154,-54.1179029840014,2.15693118176861,2.23915824650144
91.8367346938776,-59.2963386673986,-53.1634877765062,2.29452139575362,2.52888305951006
92.8571428571429,-61.5528390314418,-60.2028042986789,3.31791351634108,3.13875871160824
93.8775510204082,-62.0299805430295,-59.7341528099512,5.25425291830075,4.02641700475607
94.8979591836735,-64.8654055063952,-59.5128733387965,5.36816711839385,4.1504630782984
95.9183673469388,-66.1074720402138,-63.044937927054,6.78808960476627,5.77005257447854
96.9387755102041,-64.0647079495009,-66.202062517058,7.51135157714518,6.43133666314539
97.9591836734694,-68.3408843878543,-64.2707830835077,6.41896794564998,6.75747237135132
98.9795918367347,-68.9557501369557,-64.8769361752512,7.81760111180306,7.33169264786599
0,-64.6968584588426,-65.4239581251517,4.2653347513749,8.56126541308488
1.01010101010101,-64.0137259872463,-63.531011041977,5.7611234996516,8.89835969088976
2.02020202020202,-63.3344039801017,-62.9842159436966,7.18293553605519,8.60471644891613
3.03030303030303,-59.9336256891668,-60.2864230658258,9.36042738637198,10.3905202120609
4.04040404040404,-58.9649157231318,-60.0866990690289,11.3806362658196,13.0104652412025
5.05050505050505,-57.3858551793189,-60.3156508417484,15.5756810359903,15.3868202141505
6.06060606060606,-55.7013641298519,-56.8418161563252,17.8572220135545,19.4779233422327
7.07070707070707,-55.3436197327166,-57.2170377264197,18.3097616618707,21.4539680823354
8.08080808080808,-52.1997440571511,-53.5670159831109,21.1837840996535,24.8716473979025
9.09090909090909,-51.7320710975669,-51.8778165848213,22.6335583705754,26.8936999637446
10.1010101010101,-49.987966899889,-49.8564621405787,25.1310079074143,27.3367584719941
11.1111111111111,-47.9743190761056,-48.9654482742531,25.5577321146405,29.0593395915783
12.1212121212121,-45.5641611411961,-46.0417917688756,26.6474333631488,29.8151466649742
13.1313131313131,-42.124294077354,-45.1641656852709,28.5918691492274,30.6675347107592
14.1414141414141,-43.1194719932056,-41.4590127070901,30.2600668986869,31.1609058949707
15.1515151515152,-37.6303431747237,-39.0827687865332,32.0768632294154,32.2297597047962
16.1616161616162,-37.5419053805206,-36.6728773413371,31.9285168942734,33.6501826341247
17.1717171717172,-36.03333851324,-34.9641508912516,33.2123051640164,34.4738521281317
18.1818181818182,-33.4178231490623,-32.7051325728033,34.1371226217303,34.0746750461854
19.1919191919192,-31.3886634337935,-31.0954352661737,33.5225582801754,35.1514629287201
20.2020202020202,-28.7463030432871,-27.544946656945,35.7190928322613,35.4724990757823
21.2121212121212,-25.9448503246375,-24.1205355413381,35.7163183175092,35.685905840643
22.2222222222222,-23.2233602519669,-21.2231436913332,36.7735309246051,34.8820456647824
23.2323232323232,-21.7799715583046,-18.9839204012646,36.4438215939758,33.526907507653
24.2424242424242,-18.2334517761041,-18.0099580327394,35.6210732897405,33.3384332029494
25.2525252525253,-17.7716358962868,-13.2156359419858,36.6837147691544,33.7680015216569
26.2626262626263,-12.5890323912357,-12.3439497205789,35.9512158691998,33.7313057868178
27.2727272727273,-8.7376620359641,-7.61082899761678,36.1987368440291,32.8307624306513
28.2828282828283,-8.9077443191531,-6.68291717308915,35.9738438750524,32.5647585018316
29.2929292929293,-4.34910409932923,-3.18810632268521,35.6388337086705,31.9547582691277
30.3030303030303,-3.17330342658436,1.44027207747943,33.3182152190367,30.922437957309
31.3131313131313,1.11618192513654,5.58390088629564,30.6986035454822,29.8491807844796
32.3232323232323,3.86491414988924,4.52727611254261,26.5502511134981,27.990297810917
33.3333333333333,5.55890637576515,10.1042276216332,22.3873749602735,25.8860771062004
34.3434343434343,10.9272404633358,13.6319512626736,19.9092287555972,24.966388078205
35.3535353535354,13.5021972575111,16.9008038352031,18.3378771985336,20.9360908149491
36.3636363636364,15.7560110356641,19.114761689113,16.5919809175584,18.9309834385715
37.3737373737374,17.730862372311,22.7652820677177,16.061952482885,16.73253149133
38.3838383838384,23.618002895249,24.1581890075806,13.5331061953987,15.8486593576331
39.3939393939394,27.7220592547412,28.7245213381004,13.4419197093506,12.9815266349418
40.4040404040404,28.6609492423097,29.6730832055654,11.4349968974871,11.0214931054921
41.4141414141414,33.6780613963065,32.2275170480532,10.404869861497,8.45888902046022
42.4242424242424,33.5119418870165,35.5237395281207,8.65458339275009,5.40891292676395
43.4343434343434,35.5794899512686,37.5838403262021,7.16423130412488,3.57124999489124
44.4444444444444,37.5961508939613,39.1533082974333,4.73013028075174,1.90392030062481
45.4545454545455,41.0906836758609,41.3952882904827,1.66631031376154,1.69509468780712
46.4646464646465,40.8764473395327,40.5419593662834,0.536728356020465,-0.297613621300676
47.4747474747475,41.3096804835088,41.8460174179544,-0.149530938712997,-0.242012940211593
48.4848484848485,44.4559535905085,44.0187557596559,0.296874059854293,-0.972289899122699
49.4949494949495,45.5891770374163,46.8280213766508,-0.270587434166901,-2.3948146878061
50.5050505050505,46.7307370642417,44.6772964921301,-1.65994643304854,-1.60001501925586
51.5151515151515,47.1982833524548,46.515020065371,-1.28079288766117,-2.75538884611009
52.5252525252525,45.5425034765162,45.3062922572938,-3.57783668285394,-2.29309031665027
53.5353535353535,45.6148001215223,46.084987549709,-4.76148347379316,-0.26355039435584
54.5454545454545,44.1364141378165,48.2462291787965,-3.68176238141613,0.318955743008627
55.5555555555556,43.9493257898983,44.7291882263415,-1.12992484809813,-1.77073593411121
56.5656565656566,45.4835382938463,47.4029860445908,-2.47458040262139,-1.41069145524632
57.5757575757576,43.4756704602096,45.2957688818369,-1.76028693112848,-1.63051528490563
58.5858585858586,43.2033474060935,40.7912651789681,-1.74289320769044,-1.91569988529798
59.5959595959596,38.490527946858,42.2673037787179,-2.55955732237722,-1.63709120311851
60.6060606060606,36.9679007377644,40.5305105022106,-4.50268559903151,-1.19294759332156
61.6161616161616,35.0901150979896,39.4264214705527,-2.52604941544857,-0.970408688574175
62.6262626262626,33.3950056470952,36.2906059460385,-2.88741123130325,-2.01618168520365
63.6363636363636,29.9000647323371,33.633548019269,-2.62601523539024,-2.09593008652212
64.6464646464647,27.5011800428454,31.5450026021823,-2.70709755017162,-2.1404279494622
65.6565656565657,25.0066330206727,27.6038786640143,-1.99083825350872,-1.31447152312838
66.6666666666667,23.4623894997693,22.1137832113508,-1.41483474303507,-1.05986322377897
67.6767676767677,18.5394264441713,23.4704364617226,-2.14126095901632,-1.54446133881919
68.6868686868687,18.7121320171269,19.0112722578965,-2.79401870310641,-1.24777485859359
69.6969696969697,15.0545240785599,15.6392417664046,-2.47868923358554,-1.11968355039114
70.7070707070707,11.8493917309727,14.5428394829841,-1.57736090159537,-0.557156637404841
71.7171717171717,9.10911519319214,10.3197681137466,-2.15726138231351,-0.427958270829371
72.7272727272727,6.10359992315327,3.62151545973521,-2.69131437287149,-0.884179779353019
73.7373737373737,2.8812251192153,4.55554966969613,-2.46016631314777,-1.13810439632877
74.7474747474748,-0.242253889400475,-0.0353889758058544,-1.88601750981872,-1.67642656843772
75.7575757575758,-2.30408459656218,-0.8961843576508,-1.38706173558676,-1.80768439046589
76.7676767676768,-4.62454526189718,-8.09773243090111,-1.52493713507771,0.0651662945073471
77.7777777777778,-9.76442491754284,-9.52415503908923,-2.03166560532802,-0.15092311459088
78.7878787878788,-12.541100174069,-12.6669478403776,-0.917174290991073,0.108676842199447
79.7979797979798,-16.874468941635,-15.1740926736626,-2.07830609557858,-0.0124441408903219
80.8080808080808,-19.1375139875786,-19.1185062849068,-1.76306941238944,-0.580823241329213
81.8181818181818,-22.9906639413041,-20.7777688420385,-0.703475692987328,-0.530593795950645
82.8282828282828,-26.4487594993647,-23.9370490077555,0.511620707271922,-0.570551623388929
83.8383838383838,-30.6083291092568,-29.0940671960823,-0.871040176373551,-0.327210129372777
84.8484848484849,-29.665831522199,-32.3327609472737,0.122423143253996,0.111619870885884
85.8585858585859,-35.1912634563874,-33.6591509712759,-1.84858538831326,1.31486615616267
86.8686868686869,-38.2158084718233,-37.8479687348068,-1.05137424050101,1.25540453162105
87.8787878787879,-42.8206752362753,-43.3793249570621,-0.431037143794666,0.239860649687735
88.8888888888889,-43.6176698848991,-47.6172970506048,0.9051942473562,1.06677759077486
89.8989898989899,-49.789977663149,-49.6147007255893,0.842026908752383,1.74599183707224
90.9090909090909,-52.4396842157862,-50.8923521413309,1.52151541999123,1.9206506403119
91.9191919191919,-53.2377581079198,-55.0053007726375,1.91669982066352,1.53529650707291
92.9292929292929,-55.7182784836782,-56.4700207967014,2.40316233042474,2.95491225863829
93.939393939394,-57.3804840078513,-58.1862614267971,3.01914767162966,3.85617414666707
94.949494949495,-57.7457983563936,-61.6239994263618,3.71664881590231,5.36845098843045
95.959595959596,-61.5566020456189,-59.7280587157676,3.76005711151742,6.05383191933358
96.969696969697,-61.6408665106164,-64.1908335556994,5.73090301720635,6.10201520052569
97.979797979798,-64.209352949668,-63.0942128629538,5.54097690222817,6.95147954581435
98.989898989899,-64.8101377847917,-62.0972900795755,7.97103269460783,6.01957880412972
0,-67.375794467225,-71.9673349297687,5.92393365365988,7.73411103677799
1.03092783505155,-66.1693795358376,-70.0476178047388,7.96270667476408,8.3147353165665
2.06185567010309,-65.6603817647206,-70.0140972822722,6.60877374084794,8.41875549449166
3.09278350515464,-66.0452099247211,-68.0071974119678,8.32263955009788,11.2502293929301
4.12371134020619,-62.5563850240407,-67.0418120488711,11.4797282169683,15.283140075609
5.15463917525773,-61.6715548988099,-64.2462900003365,14.9051835457881,17.2855245400229
6.18556701030928,-59.3855522877269,-62.3144939499758,22.2499509529483,21.0251846634809
7.21649484536082,-57.365791999812,-62.6280389514818,26.914283565862,24.7332279658822
8.24742268041237,-56.8405451481622,-60.6092744021988,31.9850931986185,28.4430578506077
9.27835051546392,-54.8863574301958,-58.0692959228605,34.5582807869098,30.2923101252155
10.3092783505155,-54.1708597250507,-59.2134248021686,37.3983966118352,31.2096915492372
11.340206185567,-51.1843442879057,-53.9143894529308,37.1776097506718,32.297831292217
12.3711340206186,-50.2649660531793,-52.1966315919661,38.0052968437799,32.8202218292055
13.4020618556701,-47.9138300251962,-50.6919826512014,39.0261122594366,34.1982253076621
14.4329896907216,-43.2469541883811,-47.0493166995215,40.23685405496,34.6676195506306
15.4639175257732,-40.8991468791123,-46.9887220930681,41.6891282715245,35.3311124433958
16.4948453608247,-39.7102900151467,-45.2025754080848,43.8826798299656,34.6157395938709
17.5257731958763,-37.9436078343138,-40.8423546099049,45.2252448395905,36.5097569087521
18.5567010309278,-35.7370236174226,-40.9643958325987,45.0396637117524,36.5948027132024
19.5876288659794,-32.8063757997538,-38.9482281486033,44.6079936081218,36.4947901060535
20.6185567010309,-30.3891811089534,-33.9190702714994,43.3349938423592,37.7005266371821
21.6494845360825,-26.8607813973717,-32.0702579103409,42.8267497690882,38.1357164146709
22.680412371134,-27.0504793546195,-28.6833375464774,43.867103997241,39.5706342049972
23.7113402061856,-23.109920279611,-27.5047841859714,43.1085815858282,40.2367880834082
24.7422680412371,-20.4629632233252,-25.8932740239395,41.7345979793691,39.8085894613146
25.7731958762887,-18.1632266306892,-20.3056798525106,41.1849386980826,41.4399891342881
26.8041237113402,-11.9010298697058,-18.7609127614987,40.7665151677949,40.2964901147678
27.8350515463917,-11.8042748856029,-13.7375367928987,38.599976570426,39.992183065054
28.8659793814433,-8.35123496443919,-11.5470548892015,37.2492758392564,39.0455518129955
29.8969072164948,-6.60364604020524,-10.4305641153633,34.9784469142132,35.1973974596517
30.9278350515464,-2.88705546129742,-5.72617181363404,32.3117509783813,34.4500902146126
31.9587628865979,2.65287886719059,-2.99547720551172,31.0627089875752,30.5904526768753
32.9896907216495,5.45793773943476,0.043142074620609,27.9980951564646,27.6887649922568
34.020618556701,6.47718011215942,3.741964353323,27.2234646044495,25.5316718111248
35.0515463917526,8.4367859327853,6.73749778072961,24.5603462335715,23.5126043506898
36.0824742268041,15.0103337247196,10.096877739992,22.562490643758,22.9690646241466
37.1134020618557,19.1482502048304,15.8660349471982,21.3271445020773,20.2519836502942
38.1443298969072,21.5956023666099,16.9738200755626,19.0696767864534,18.0835980408157
39.1752577319588,25.0231109605625,19.7134524245567,17.0964941205574,16.4579746516245
40.2061855670103,27.769208086559,23.6124105652734,13.9275685653316,14.6911850082506
41.2371134020619,31.3020348817777,28.0060370540041,12.3931265892022,12.67429454689
42.2680412371134,34.9603150928764,29.7669319196077,10.2644781908744,10.6707390434913
43.2989690721649,35.3486328471239,32.281506133924,6.14803570644994,8.94266944817518
44.3298969072165,37.5402300132103,36.1966222575824,3.36461059918687,6.32967898502772
45.360824742268,37.2982824091003,36.4514681953493,1.55268857051609,4.50224437132638
46.3917525773196,37.6551946947493,37.3200253887483,0.545136635726772,3.04383691286358
47.4226804123711,39.1623784525778,39.73647271919,-1.56330574330828,0.778203430162041
48.4536082474227,38.1056458866815,41.0456323309928,-2.06041540486656,-0.717004040907907
49.4845360824742,43.5748418373806,41.7384834476268,-3.46051240596465,-2.97070552832375
50.5154639175258,41.725798378971,40.6338884780356,-3.12229705745136,-2.91307329811664
51.5463917525773,40.9725713158846,43.7897114066646,-2.82600326242004,-3.47097138588257
52.5773195876289,42.752951710552,42.3044488966866,-3.19362811517086,-1.95796148508641
53.6082474226804,40.9234309443093,42.5803879668212,-2.0328353270428,-0.652297612278448
54.6391752577319,40.9183808838561,42.1958428432228,-2.63639329643089,0.187379381801839
55.6701030927835,40.1062740017447,41.1181147889526,-2.92844680131889,-0.740332473236563
56.701030927835,37.3700032634638,40.3172401257747,-2.35819152909038,-0.0278631625908026
57.7319587628866,36.7505075641404,36.2951470837951,-1.9406534869974,-1.01657212096095
58.7628865979381,35.1063807607118,36.6998214956877,-2.16068737277167,-1.10410159374436
59.7938144329897,33.5428850917975,32.3475417164696,-2.31980505538711,-1.8995530896804
60.8247422680412,29.0411647803311,32.4165603305327,-3.38431094324755,-1.04050701630623
61.8556701030928,28.3630159076255,30.1412435203196,-2.99063456523866,-0.958599919984138
62.8865979381443,23.7719525347667,27.1733164912905,-2.81551461215226,0.537362578454432
63.9175257731959,22.3708088509367,25.8243614005844,-1.83317867549197,-0.47682360234568
64.9484536082474,20.5680579527766,21.3199810061481,-2.0444542513292,-0.777458123015549
65.979381443299,17.1034681407287,19.9941698423082,-1.95824448823533,-1.16622788778591
67.0103092783505,16.3763223575202,19.5729183197751,-1.71170543902054,-0.139070397827175
68.041237113402,11.6404526692016,13.9173547478518,-2.32941464860676,-1.47979155976272
69.0721649484536,8.61377484570061,13.4131645898684,-1.68495615857805,-0.387503894474629
70.1030927835051,5.39867905535866,9.70345883518306,-0.547472724751593,-0.841242668039037
71.1340206185567,4.87632966483794,4.71051452582925,-1.67891498219301,-0.213211826342531
72.1649484536082,-0.857093765383898,1.32548964567768,-1.86826719114552,0.0509063666649174
73.1958762886598,-1.85946701589448,-0.234620588119218,-2.37648584608597,-0.422137020115616
74.2268041237113,-5.73289122299009,-3.68085509464061,-1.42885646172006,0.325102728055776
75.2577319587629,-7.89867952980814,-7.95544318766843,-1.49109882204756,1.37566330205075
76.2886597938144,-11.2461431490295,-10.0195166018676,-1.79687421056807,0.623932141800812
77.319587628866,-14.4270214013957,-13.7658310732994,-1.11598178250083,0.554116731155835
78.3505154639175,-15.0307317141418,-16.9713159530571,-0.723584700700068,0.760368995404709
79.3814432989691,-17.9854878098199,-17.3440455425134,-0.96621033708492,0.589657567067604
80.4123711340206,-21.772545309207,-20.4549552081093,-1.33627345647294,0.329833332718948
81.4432989690722,-27.9781026597611,-27.8563346423698,-2.27032390371602,-0.249979460754021
82.4742268041237,-30.1648645066439,-27.6702997359513,-1.60703675172219,0.376994974171095
83.5051546391752,-31.5582937587121,-30.8780066878422,-1.80896471871174,0.766999875898136
84.5360824742268,-33.1863405946313,-35.1726311619955,-2.48590842967211,0.0264398449171624
85.5670103092783,-38.9928454713799,-38.9207125205134,-1.88129168956482,1.26364775450182
86.5979381443299,-41.2603837355099,-42.8495191997252,-1.1319915418373,1.15379518654032
87.6288659793814,-45.9060611454807,-49.034293572931,-0.0212422809820951,1.86932094431544
88.659793814433,-47.7965832511374,-50.2027822334499,0.606448537300711,1.26271165661717
89.6907216494845,-49.8324146142552,-53.3342303872877,-0.736312130075596,2.09945737007676
90.7216494845361,-55.5765038097666,-57.4678432451654,1.06353172905922,2.30015137293649
91.7525773195876,-55.1457438664648,-57.068324961633,0.641331508202246,2.53341978058259
92.7835051546392,-58.7962960639274,-61.6163185722294,1.76541477084745,3.59468802190009
93.8144329896907,-60.6827986191276,-63.9471699600159,1.61199440173869,3.21892878696082
94.8453608247423,-61.1403311855065,-64.8982886772996,2.22530362518207,5.38967286701794
95.8762886597938,-64.3131656708178,-67.6521666048434,2.03298812710629,5.81199432980289
96.9072164948454,-66.5271745347714,-69.8507935083108,3.73054177642271,6.68911111025182
97.9381443298969,-66.4885781406054,-71.1626466998595,4.52187975799711,6.27071394504605
98.9690721649484,-67.9897874622508,-72.2063215268174,6.16977286238821,8.07317118345048
0,-67.5661791844513,-72.5662715654836,5.97235052448491,6.91496754426798
1.01010101010101,-67.113529377964,-69.8436067596635,4.85489380711658,5.59008852295409
2.02020202020202,-64.8652129145881,-71.3655645152797,4.53102805850284,4.40329328553989
3.03030303030303,-61.9935966188632,-71.2851114115457,5.26963002528914,2.80352993627036
4.04040404040404,-63.6137797009388,-65.9079549868975,8.11049066413604,3.63691950515541
5.05050505050505,-59.185614513414,-67.0291612306964,10.957106928723,5.24180988489735
6.06060606060606,-55.7562706173233,-64.3131327660171,12.3229733782209,6.65491450093932
7.07070707070707,-55.554986696941,-63.6381669963723,16.4136126302341,9.6903730143862
8.08080808080808,-52.7200766541175,-62.8167620459883,18.8697477142303,13.54132211781
9.09090909090909,-53.1893155906033,-61.8873714085657,17.7320297953284,16.832333962685
10.1010101010101,-50.5079865420147,-58.2816697514712,19.9064769258772,18.7480309309332
11.1111111111111,-50.054627508928,-59.2124203070445,20.6340746929893,19.6534839771896
12.1212121212121,-48.5241719739615,-54.9062374452257,23.3534365121997,20.2338379978908
13.1313131313131,-45.7783507457755,-54.1705183989352,24.6458431559728,24.2691703375474
14.1414141414141,-44.1351560574084,-54.339489950854,27.0909190754657,26.7267013348965
15.1515151515152,-40.7266397825397,-52.6676436077993,29.8153060667267,30.1397501200971
16.1616161616162,-40.6969704052885,-50.4938193558139,31.9789234757608,35.4279521058906
17.1717171717172,-37.1428313525723,-48.4187084770031,34.680254860956,40.1088964719901
18.1818181818182,-35.3805734762569,-45.2125107323084,38.4045397196242,44.092809415735
19.1919191919192,-34.5510240396094,-43.8927016602301,40.4565000142777,47.4455237647151
20.2020202020202,-30.9283219865079,-39.6297462487193,43.7173737934347,50.2201800319325
21.2121212121212,-31.3596205370877,-40.4226553680255,46.3065060788953,52.0961810710516
22.2222222222222,-25.8004783136306,-37.333033317345,46.6378261924156,53.8289577506798
23.2323232323232,-23.5419793743157,-34.5447362246401,47.6257314870477,54.7932434881837
24.2424242424242,-21.8948045630414,-32.1791477427446,47.2620331494521,54.1016402065597
25.2525252525253,-20.0958054944212,-28.9717007188711,47.344367194767,56.3619952001128
26.2626262626263,-15.9569773800018,-27.6506382951111,47.1551861131711,55.738103700246
27.2727272727273,-12.232280019898,-23.8846198030587,45.7671971038192,52.9985388553489
28.2828282828283,-11.5626981772758,-19.572004996663,43.6195201634604,51.3465308425354
29.2929292929293,-8.68315892028217,-17.890342024508,42.7537194073037,49.5196635450083
30.3030303030303,-6.09260853623299,-14.4587931316425,40.3965273721994,45.5355478767844
31.3131313131313,-2.5702102245201,-12.9570358550461,37.3433894625186,41.2826078069884
32.3232323232323,0.269058119329615,-9.65255476502231,35.3221714723706,39.5935498421929
33.3333333333333,2.73750742804269,-5.68207357264999,32.0860859418582,35.9677651329646
34.3434343434343,6.20185863357838,-2.25674026811244,32.2193095683148,33.0305964205105
35.3535353535354,7.82657610678349,2.16517045281776,27.7412162193504,30.5506354600922
36.3636363636364,11.6604998187359,3.51997026072292,27.6171869540991,28.1802482909384
37.3737373737374,13.6453112495659,5.47442427576893,25.6749604881064,26.8469750191369
38.3838383838384,17.3915164620185,10.3068082318322,22.5857920364366,24.3602379827682
39.3939393939394,18.3235278472167,14.597274199349,19.7654657659893,22.457347551407
40.4040404040404,24.4825740842452,16.0124139645945,17.2883484870962,19.7740140842281
41.4141414141414,27.8545979477813,20.1667823152254,12.7247872247785,15.9593811693622
42.4242424242424,29.4746336062489,19.8879175955729,9.45199399781387,12.9049167463384
43.4343434343434,32.7861986650177,25.2070202034474,6.83899228254285,9.80626679805874
44.4444444444444,32.2019103999132,26.601324563153,4.19169965057019,7.64057705373089
45.4545454545455,31.5757488385719,28.4137105661459,2.92841812513372,5.60914621316416
46.4646464646465,36.3619411642754,31.3699618204014,2.33496634534738,3.84511773333191
47.4747474747475,38.5415347606677,31.0615728931638,0.318505867611684,1.40228394660416
48.4848484848485,40.9801862825823,37.6363523093909,0.0780784130803209,-0.170758609416692
49.4949494949495,41.8372198279594,38.5078011007501,-0.303582339571527,0.586554638271806
50.5050505050505,41.9818237732313,39.1657840538634,-2.22530531130993,-0.127365622333284
51.5151515151515,43.9754180541795,38.0120164935207,-2.015552837798,-1.59586312978164
52.5252525252525,45.2923294787049,38.4700362684025,-3.58400206665111,-5.09672596141202
53.5353535353535,46.2875518361676,41.1245965590423,-3.53880180743739,-5.264344481363
54.5454545454545,42.4161175792275,41.4806851149329,-3.2148296593378,-6.44159408596404
55.5555555555556,44.4138789292935,40.2380411611453,-4.93228100473404,-6.66263727461863
56.5656565656566,44.3100219396706,41.4654206408487,-3.85282859303643,-5.12044269057881
57.5757575757576,42.9164266753947,41.9134669437323,-5.32327537736639,-5.16917306419841
58.5858585858586,41.8046073064359,41.4064681057668,-4.50961713703368,-4.76311976619294
59.5959595959596,41.0480167634218,39.6582536256196,-4.6431150283155,-3.52812528535601
60.6060606060606,39.8441657773721,38.9174145301824,-3.51000792883745,-3.81901456279519
61.6161616161616,39.1472636712083,37.7820203943297,-4.07285247313244,-3.86967737702435
62.6262626262626,33.1704683122689,33.7477692263976,-2.97962207667323,-3.39920745317167
63.6363636363636,32.1443155820772,32.0208949103515,-3.61056584387196,-3.4536808900248
64.6464646464647,29.1830604943755,31.5881681340493,-3.57097715347778,-3.80846162964099
65.6565656565657,27.19855578794,29.0590907762651,-3.84547764826813,-3.41945678686993
66.6666666666667,26.423014344748,24.657646715006,-3.0065030078122,-3.31148349354775
67.6767676767677,22.2268208418561,21.9464212433274,-3.8611502794063,-3.20057625684596
68.6868686868687,18.2356533530186,21.205467055639,-3.24765058979666,-3.77023824538223
69.6969696969697,18.7510029412903,15.3123740387942,-2.89111387584302,-3.19212104706557
70.7070707070707,15.0537093232861,13.4511618377616,-3.07842706423192,-3.38597900751339
71.7171717171717,12.0297748128817,10.9749248013813,-2.67123404975902,-2.00632170540573
72.7272727272727,8.70659268713626,8.45852927715808,-2.6618628021835,-4.04526261062835
73.7373737373737,5.2543461316116,5.9804668227492,-2.56718266203197,-2.97956209901624
74.7474747474748,1.62278460805096,-0.1911415216449,-1.98399853994743,-3.23632251435983
75.7575757575758,-1.38325153794445,-2.42247354895667,-2.32303892906464,-2.80452365844042
76.7676767676768,-1.90519224827391,-3.74460998531074,-2.22904542921251,-2.45797365119516
77.7777777777778,-6.62336124326248,-7.86552922789461,-2.34475245861473,-2.87024612117864
78.7878787878788,-8.99569963237694,-10.7346103176735,-2.85802557652105,-2.14855705384051
79.7979797979798,-14.5203058494846,-16.5869852677172,-4.03811097162493,-1.96564269222994
80.8080808080808,-16.1027960276736,-19.6682165305408,-3.02567029093368,-2.11582840468819
81.8181818181818,-20.5522398527204,-22.7478065790547,-3.0458060750317,-1.78270515778456
82.8282828282828,-25.6272387918367,-26.188368845413,-1.29380882267607,-0.881578911569445
83.8383838383838,-27.1465166401793,-30.454103734297,-1.77620918815268,-1.38599930027698
84.8484848484849,-31.7487607392041,-34.0227293838966,-0.90936732033589,-0.749654887095448
85.8585858585859,-32.7500937080224,-39.7352117482629,-0.163944584910829,0.232081441743252
86.8686868686869,-40.4863580147947,-43.0533384603239,-0.350053461838282,0.162537661019351
87.8787878787879,-40.3755748470814,-45.3048351338407,0.396884843458506,1.43781460604191
88.8888888888889,-44.8999964445674,-50.1740499005135,0.995842642151995,2.33187819273171
89.8989898989899,-47.9082052340728,-54.9589253682658,-0.0980917763939988,3.21354524658391
90.9090909090909,-53.5093994834543,-58.079800550112,1.6575640275781,3.68048100114622
91.9191919191919,-55.4199465192584,-58.6796326558708,2.57962028605269,4.18439864543284
92.9292929292929,-56.1240468872931,-63.3633637204207,1.82898623145421,3.28884402625734
93.939393939394,-58.8748682969145,-63.2324567841439,1.92685316930922,5.23557804984117
94.949494949495,-59.7988113576489,-67.6640616605056,2.45018461390525,5.91783638438928
95.959595959596,-62.0573140177165,-68.7903127225135,5.54091156649844,4.95041975405819
96.969696969697,-62.5470236552339,-69.6056528122175,5.64072674638173,5.71895467842467
97.979797979798,-66.9906794844257,-73.7398710520824,3.53320754245672,6.38705198403779
98.989898989899,-64.5841896497748,-71.4049630255411,3.00327454108673,7.52531702571354
0,-68.7631097271455,-68.5905588703349,9.86351647184893,6.49123330064901
1.01010101010101,-72.1890641583055,-69.4512274308629,10.5368630441597,8.23064362769539
2.02020202020202,-70.937218235165,-68.1758058877011,11.6282933758408,8.48260400385123
3.03030303030303,-66.8951401436903,-69.0279686317302,14.0024589275141,11.4209900002764
4.04040404040404,-65.6460383244432,-67.2539752986112,17.1658530254394,15.4879300719976
5.05050505050505,-64.6789743340274,-65.5115649199008,21.2813963869199,16.8360008685718
6.06060606060606,-60.6491529408044,-63.1960881210087,27.4878368834238,20.9159359173075
7.07070707070707,-60.8285910145805,-62.3487619756788,31.2151757699417,21.6488904320904
8.08080808080808,-59.2104116291155,-60.5574241066787,34.3301898696759,23.3334404230558
9.09090909090909,-58.6430100725805,-60.0437566190645,36.2651201425799,23.6823732775121
10.1010101010101,-56.1978993903106,-58.3708263271765,38.6038840653972,25.2347169418804
11.1111111111111,-55.1270705366474,-55.0333439105883,38.1016611495588,27.2851133805308
12.1212121212121,-53.22868220664,-52.9410045847265,39.658133062388,28.0177888115507
13.1313131313131,-49.3017715384897,-53.4832314972737,40.5566080963992,30.4107424484701
14.1414141414141,-48.1588941533763,-49.6473577526548,42.5143255997798,32.15404951016
15.1515151515152,-46.3535150521912,-48.8023035144944,43.9053563937193,34.2064770101665
16.1616161616162,-44.720852290345,-45.5800316798625,44.8337589582405,36.2269233057498
17.1717171717172,-42.4527380574693,-45.6746974279353,46.5923971410656,39.0894448340027
18.1818181818182,-37.3726831404241,-40.9110079467729,47.9926312649689,40.5915302551341
19.1919191919192,-37.7783351361291,-38.0153716195185,48.9817635548357,41.0423285308728
20.2020202020202,-35.0283366010135,-35.5119907248468,47.4308906545209,43.2032022981028
21.2121212121212,-32.0376848493469,-34.3567640075485,47.2629342350572,43.953446252808
22.2222222222222,-30.6910686305878,-32.3609672079272,47.8808610743408,44.2988945185376
23.2323232323232,-25.5001260297828,-29.4382865571357,46.580345754588,45.7087874920594
24.2424242424242,-25.5522986575838,-26.7857188875336,45.4148630239652,45.7860652583461
25.2525252525253,-20.4596848794014,-23.8028941304086,44.427824538388,44.9007155694166
26.2626262626263,-21.7616364490082,-18.5123573239336,41.5295952789193,44.7383858646285
27.2727272727273,-15.955982882995,-18.6550510406903,39.7053361362354,43.3604905704671
28.2828282828283,-14.367854492899,-14.9285789865148,37.559523308448,42.7165294041153
29.2929292929293,-12.9482711528468,-11.701751257774,35.3280871117963,40.8180442904511
30.3030303030303,-8.85921983652966,-7.87478205367239,32.6941864605686,38.3547414985688
31.3131313131313,-6.0441700117821,-6.15423368455643,29.1270273878517,35.1385470425647
32.3232323232323,-3.72604849278654,-0.0355035565238415,26.3602554202822,30.4228914457698
33.3333333333333,-1.332481518278,2.42288660137644,22.2150865146968,27.993122186241
34.3434343434343,2.33442833659036,3.44393872684445,19.661720526371,24.7689910326647
35.3535353535354,7.17139407014062,8.75060413491732,18.5752066680427,22.5070997531811
36.3636363636364,7.23305495247508,13.049902681799,16.624569383632,20.3153008905814
37.3737373737374,10.0022389530889,13.3725912540365,17.0976513683973,19.1434076238387
38.3838383838384,15.5624088072645,17.6736806859469,15.6729175940996,16.5932411834605
39.3939393939394,18.6943957733903,20.8243249187371,14.483284193006,15.5540738688519
40.4040404040404,20.423179940808,24.038206102424,14.2538761519326,13.1093141947843
41.4141414141414,24.2765506546057,25.4182375072552,11.7174631874399,11.506279065848
42.4242424242424,28.3135980846633,30.3639605520434,10.2940051017926,8.12138347415979
43.4343434343434,30.7130872534552,31.9536990365709,8.60995640872271,6.43059252358751
44.4444444444444,31.4243811030199,32.9208099777367,5.11591019863972,3.03491432812161
45.4545454545455,33.3569940285354,36.0652112764534,2.24038244349661,1.45653380138016
46.4646464646465,35.3854254828216,37.2015389646134,0.756953652312536,-0.207912587560599
47.4747474747475,35.9516775942587,39.9324215640132,-1.67078333026263,-0.739382432052396
48.4848484848485,38.1008450217009,36.4831819348177,-2.37361159672847,-1.98947732692789
49.4949494949495,37.9306804466772,39.6854047799299,-5.05091233963716,-4.0838325767901
50.5050505050505,39.6922539709482,41.4670799515332,-3.50144087085433,-3.55093806944351
51.5151515151515,38.7846416860493,44.2960349047749,-3.0499078743103,-2.92305290212576
52.5252525252525,41.8498202432848,43.3192706404108,-2.35132203759151,-3.20641513023457
53.5353535353535,39.352965685197,45.1950426203945,-2.81525450649487,-2.15030881583387
54.5454545454545,37.1845522117953,44.4595064639509,-2.00046168696521,-2.43101192420419
55.5555555555556,34.6652937863957,41.3388882785585,-2.60487451496282,-2.01910559961783
56.5656565656566,36.7177384401734,39.469944414965,-2.90134541334022,-1.88559434879673
57.5757575757576,34.5547471494258,40.9781199532606,-3.50599476498615,-1.72205863674665
58.5858585858586,35.6006720056092,37.8679215303267,-3.92431251048897,-2.96990528533894
59.5959595959596,33.3221746039577,34.8173497856832,-2.88216662737137,-2.8574422133889
60.6060606060606,29.9927743828101,33.4257732266207,-1.96728361806015,-2.99173376363144
61.6161616161616,28.53649075781,29.91580604231,-2.13323447942329,-1.20482960252523
62.6262626262626,26.2959657112582,31.9952535562162,-2.2411780662584,-0.628002740840075
63.6363636363636,23.5964389043668,26.2726961847515,-2.86952477796043,-2.31402124844687
64.6464646464647,23.0797418071242,22.7425707379566,-2.59203957684616,-2.56955702100814
65.6565656565657,18.5725997622042,20.9781497834029,-3.00020280034432,-1.78751386545133
66.6666666666667,18.3764424406713,17.4854502601955,-2.71391074485644,-1.62702685580768
67.6767676767677,16.5960735263524,16.9370894924884,-1.46634844602247,-2.99449700283186
68.6868686868687,10.4396190581095,13.7855770700177,-2.32229810785881,-2.07906752939441
69.6969696969697,8.31711251344735,9.25592403022072,-1.57387119160192,-1.65443976817092
70.7070707070707,5.43967151737225,6.01997336777674,-1.34329870252575,-1.42613846794187
71.7171717171717,1.86695398787674,5.07969520269108,-1.85737119383528,-1.29650693731244
72.7272727272727,2.91681598604157,1.04095820290462,-2.08458366496167,-1.28734257415039
73.7373737373737,-2.33480461865444,-3.05017789738666,0.145449654759444,-0.8101073955778
74.7474747474748,-8.21967512263318,-4.26946269762564,-0.0473551724754125,-0.650424875009256
75.7575757575758,-9.8158928239237,-9.75048995666529,-0.123535864338753,-1.07885957495144
76.7676767676768,-13.3264906746658,-9.02389794405934,0.45760028029394,-0.631641012568475
77.7777777777778,-15.5548785512253,-13.9598279740119,-0.67274520965165,-1.29478826416644
78.7878787878788,-18.1424854021293,-16.7725187615993,-0.910737081390113,0.0879896659832294
79.7979797979798,-20.8377655805821,-23.3750343201297,0.703099999258453,-0.495755858328772
80.8080808080808,-22.545025953098,-26.8123843822821,0.270783235952979,0.0827984015788261
81.8181818181818,-26.2342461459282,-27.2948839611317,0.674126330203043,-0.593181456352411
82.8282828282828,-29.8833545695407,-32.5378154175812,0.0230161687676898,-0.675401984750521
83.8383838383838,-32.494224988129,-34.7204024781394,0.459164385051027,-0.589804924380458
84.8484848484849,-34.6841023646933,-38.3845242336913,-0.509709453925567,-0.192018943371542
85.8585858585859,-40.1637286481876,-41.9633077830201,0.0332718065988145,0.341149581468656
86.8686868686869,-43.9414692035292,-43.3713692375162,0.866234284306072,1.02540326233267
87.8787878787879,-46.9551977776293,-48.2877453560607,0.592121737272935,2.53984803559614
88.8888888888889,-46.4205251968251,-49.5809970080386,1.0467590500679,1.46988654258019
89.8989898989899,-51.2999164064931,-54.7817293007464,0.752655921651495,2.51164230155226
90.9090909090909,-53.922282222027,-57.6658712693151,1.24311629275921,3.44103437207879
91.9191919191919,-59.3394236039536,-61.3422766726774,2.35498325098466,4.05500646454169
92.9292929292929,-60.4288869106446,-62.9505704044574,3.06021489167014,5.15345854042746
93.939393939394,-62.4646090839608,-65.6889034173707,4.71683005056126,4.82631385939938
94.949494949495,-64.8780143822903,-67.1668240311944,5.33959918089998,6.22899023560274
95.959595959596,-68.4144818495955,-67.4922966698428,6.99397988936145,6.28222790494646
96.969696969697,-70.0983632575331,-71.2603076920551,6.5174054788714,6.72302816710484
97.979797979798,-69.5391970903633,-69.5685850545925,7.03297461229578,7.87364181735465
98.989898989899,-69.3136679744062,-70.8443371525283,4.95373772798066,9.29222264373952
0,-64.5998662822823,-66.3136807470149,7.60340648101376,8.37346494826996
1.01010101010101,-62.8625117075499,-64.3144139562075,7.46528183355331,8.88010150393674
2.02020202020202,-62.2839411852049,-63.8936303657644,10.0059805487228,8.68806597127992
3.03030303030303,-60.6657991157052,-61.7623059160014,11.5878863573218,9.79616588424254
4.04040404040404,-59.2947792318355,-60.0082290545599,12.8244964482502,11.3595476932455
5.05050505050505,-56.7911818369055,-58.8591089780499,18.0396992308462,15.7066717382772
6.06060606060606,-54.6688980965583,-56.6002288103202,21.0818833917236,21.8620686777551
7.07070707070707,-52.1097740605748,-55.121831582293,24.883720882243,24.248963822385
8.08080808080808,-50.8976055455628,-51.7510942591094,26.4992578015562,26.690873273197
9.09090909090909,-48.5782517153672,-51.7079228944526,27.19057542481,26.6752089313473
10.1010101010101,-48.0736040449316,-49.2674792885536,27.4376887932844,26.8346195406999
11.1111111111111,-45.5935215724554,-48.2170003229918,27.411076648413,27.0805237172397
12.1212121212121,-41.6445110473133,-47.5405320680137,30.1918440888534,28.8179790991456
13.1313131313131,-39.8763919817614,-45.2109006964984,30.1370202575202,29.066896394034
14.1414141414141,-38.0385440275352,-42.4138392792455,32.1970758148764,30.4803954656095
15.1515151515152,-36.710794448103,-40.4155785648619,32.648280295365,32.2975123278472
16.1616161616162,-36.4254503727847,-39.8237519730256,33.7474887598686,33.6244655495783
17.1717171717172,-32.3123823203237,-35.8076302444796,35.4063468979688,35.5381988901296
18.1818181818182,-33.1250453898765,-33.2564237733154,36.7489293451825,37.0319822080132
19.1919191919192,-28.1832398980105,-32.1585263497801,37.0127187207829,37.1416118540074
20.2020202020202,-23.8751542979765,-29.4261954572552,37.3923403125595,37.9846362576596
21.2121212121212,-23.7234090029977,-26.9987118228812,37.4524782933764,38.4935569767708
22.2222222222222,-21.0241378122249,-24.9231060671857,38.2209054268498,37.8299085291581
23.2323232323232,-17.367424627243,-20.0905929374363,38.7458972642119,38.5930208173634
24.2424242424242,-15.7946638091383,-18.2938715487366,37.588758035889,38.4115030297591
25.2525252525253,-13.052806254939,-16.0937235551209,37.3703260391794,37.0312457107067
26.2626262626263,-13.9353743333907,-12.4896520502943,35.4301987108965,37.478051820636
27.2727272727273,-8.323140766461,-10.8420465526961,32.6535673797849,34.7890771353891
28.2828282828283,-4.5638511949128,-5.1084443450983,30.4778201125637,33.5845870760022
29.2929292929293,-3.26507549441242,-2.20374816546305,27.3026068482903,30.9843375247086
30.3030303030303,4.47141365440538,-1.48986587283443,24.7580509222032,28.7817352146067
31.3131313131313,4.18665706219131,1.20492397868253,22.0863839908004,25.3914965464192
32.3232323232323,7.57573728411935,3.68982135326743,20.3606308346316,23.794139828181
33.3333333333333,10.9112859389237,8.63510207907978,19.847624366857,20.2620516655198
34.3434343434343,13.3251071399983,9.2539457671932,17.8423128233036,18.4282209602073
35.3535353535354,15.4244931624283,14.14360151964,16.7094226448327,16.9015399940822
36.3636363636364,20.1007578165063,17.190952132446,14.2556366089918,15.809819611846
37.3737373737374,22.1208257180075,21.0303059835982,13.0766542548615,14.3682717983138
38.3838383838384,24.3060069766753,22.3893099701428,9.86620063777601,12.4917261610668
39.3939393939394,26.9185234410337,25.6216327554454,8.36444393183495,10.4212457748848
40.4040404040404,29.5343342516525,27.221265847378,5.91421579210506,8.39258353672879
41.4141414141414,32.1815363430368,31.0365701258523,4.59292369752756,5.76000303727389
42.4242424242424,34.7742710281602,33.8077317248402,3.00904108813512,4.12147988347516
43.4343434343434,35.6561264446524,36.2448053083989,3.02783633834371,2.74968180757693
44.4444444444444,37.7413098758796,35.685329964459,1.83010100226155,1.37529495450479
45.4545454545455,38.6683544711552,38.71864145025,1.23927850949768,0.531573554154877
46.4646464646465,39.6718501735251,38.6350289750725,0.897775605161355,0.986567571858633
47.4747474747475,41.3526992055205,39.8896086467985,0.0624064289932486,0.313647230176855
48.4848484848485,42.5028270958665,41.2775177648677,-1.18404123740625,-0.663404626846339
49.4949494949495,44.5349243463422,42.9372455093254,-0.770080541130107,-1.81570295096399
50.5050505050505,43.4687886455981,43.6812755634007,-3.72444009881905,-3.15516287093265
51.5151515151515,45.113558924528,44.1534526793127,-3.79451113365897,-2.94576654903549
52.5252525252525,44.2982133123063,42.9306149670469,-3.58231183342558,-2.85285991611238
53.5353535353535,46.4106430118068,44.2740665783616,-4.18698234726635,-3.31637779383844
54.5454545454545,43.9734167691842,41.8815224592828,-4.13077435432995,-2.51036861571988
55.5555555555556,42.9978703521693,41.8604579132278,-3.34742580540849,-2.40676442642652
56.5656565656566,43.2801800955438,41.9530702411352,-2.82139881085988,-2.80066959638563
57.5757575757576,39.194090096434,42.4053858505523,-1.87025241694646,-1.6821743017448
58.5858585858586,38.3949054824914,39.8408225007624,-1.92063261874795,-1.40601965553202
59.5959595959596,38.04794842121,37.3819993260597,-2.89742259013008,-2.08585463908519
60.6060606060606,34.329676527459,36.5523293355945,-1.93452535518153,-1.84659059995021
61.6161616161616,33.9633163887804,34.3214926310712,-2.77670130836436,-1.76863492784355
62.6262626262626,30.1826153557335,33.8145047381723,-1.50526503300616,-1.8398745199406
63.6363636363636,28.2980391802108,31.5624322005283,-0.903761631718174,-1.05986551944671
64.6464646464647,27.6980898630009,26.0432772786297,-1.01601899059064,-1.67770413167025
65.6565656565657,23.1526856834375,26.3606851935981,-1.57164069634104,-1.02214525855587
66.6666666666667,20.7875541749158,24.5299305942696,-1.75132098606858,-1.12376180528384
67.6767676767677,18.6294955517593,21.0394542398675,-2.10518546136574,-2.87380500450109
68.6868686868687,14.8645661095951,19.4828352472691,-1.63032812816457,-2.95641324535725
69.6969696969697,11.48448924212,16.3401055184288,-0.948024516502737,-1.51881306065537
70.7070707070707,11.2923023247524,11.528195919835,-0.848428584894444,-0.888001396853058
71.7171717171717,8.21646796499213,9.05213035023201,-1.0696704853539,-1.74540910130546
72.7272727272727,2.8218623601908,7.0201219106758,-0.632113203330499,-2.61309469312166
73.7373737373737,-0.53134390229945,2.75289954186712,-1.00008819871905,-1.11571254445474
74.7474747474748,-1.9920447981791,0.701575533026896,-0.50486839963512,-0.251337857193389
75.7575757575758,-4.45807152603047,-4.2149550497865,-1.55548538359403,-0.867672007955973
76.7676767676768,-6.93737990713051,-5.0658718174559,-0.895127759810677,-0.342562513645025
77.7777777777778,-10.6961605183365,-9.34253062358065,-0.719069625927556,-0.238997382528054
78.7878787878788,-13.9792681659393,-10.4462683841793,-1.06737816448503,0.273963421360784
79.7979797979798,-15.9855649129536,-13.762587912684,-0.145178155414266,0.0849604327708297
80.8080808080808,-18.729377987317,-19.5962046898246,-0.442374585624646,-0.35706395361421
81.8181818181818,-23.1838996685628,-21.1343453303551,-0.244243478274628,-0.113750518295673
82.8282828282828,-25.6264412392485,-25.2573335470583,-0.37086708223474,0.488382244723838
83.8383838383838,-27.3484707202519,-25.2939738179657,-0.0383508721869181,0.0932755627638504
84.8484848484849,-30.6233430954322,-29.7491240326681,-0.753469511019182,-0.834232653263215
85.8585858585859,-33.690985156689,-34.6045452608677,0.255852581617543,0.543645908621923
86.8686868686869,-39.3093994798357,-35.9246763483284,-0.16686574072432,1.22644117947183
87.8787878787879,-38.6069262182027,-41.1280441907872,0.301545794173569,1.82476996899623
88.8888888888889,-42.3933061987468,-41.9291688610104,0.357090311740519,0.171669189275889
89.8989898989899,-45.9853517460815,-44.9778337186996,2.0120752428421,-0.0575930175993806
90.9090909090909,-47.7574547973935,-48.516948832891,0.334096688505645,1.9331401658629
91.9191919191919,-51.4275929743743,-51.3527239499737,1.88004583448693,1.00673709566632
92.9292929292929,-52.8484543759444,-52.8025735764746,2.41313974379057,1.88297104417919
93.939393939394,-54.4953823045188,-56.1170382713421,1.6269589328499,3.07988598036046
94.949494949495,-57.4801981793462,-59.6196208938904,3.21771859985188,1.74743364847168
95.959595959596,-58.5848195938561,-59.2249407760434,3.98642768748091,4.28518715274599
96.969696969697,-62.2104257712369,-61.7567351137468,4.29438792831477,5.62533995643741
97.979797979798,-59.7282894157408,-63.5088266586247,5.64366145858447,7.15329941500197
98.989898989899,-62.5725377716645,-64.8695440480135,6.89358621208111,6.76825417907781
0,-67.443523130276,-60.3050847411432,7.88198369676466,5.61674508246716
1.02040816326531,-68.3069653459392,-57.8871881098271,6.62440822054172,5.96068431831635
2.04081632653061,-65.9669552467368,-58.4428779532617,7.72236496729707,5.21025349584568
3.06122448979592,-66.4637653256753,-58.4626010513868,7.15147348474236,3.94734006726032
4.08163265306122,-62.3780777036367,-56.7297933627968,11.618966038419,6.12986447945805
5.10204081632653,-61.304309942713,-54.4264867694788,15.9397238247205,7.93309229129638
6.12244897959184,-58.3500102382993,-54.2113961739574,21.5970762458345,10.8188557388021
7.14285714285714,-58.4363924946835,-50.3432330001959,24.3947575967565,14.9422116917279
8.16326530612245,-56.6440292844243,-50.8590648997611,24.2850534012951,15.0689672749848
9.18367346938776,-54.9789518950025,-49.2097074437825,24.50162028871,17.0501397314794
10.2040816326531,-54.9516179235192,-45.0344912106624,23.6279009095816,19.3602784790736
11.2244897959184,-50.9830365110214,-45.3138383940433,23.9405584178678,20.7724846300206
12.2448979591837,-49.2739609692272,-43.5788085277329,25.1951657565414,23.4617456389014
13.265306122449,-45.8383515238838,-42.7394433304125,27.2847087407691,23.9308879746603
14.2857142857143,-44.0998587030828,-40.0047764955917,27.6726554973942,25.1639584944418
15.3061224489796,-44.2354011464843,-38.8697075950728,27.9374437759723,25.2003472872238
16.3265306122449,-38.0687120325392,-35.5080235778659,27.5156294450343,24.0170213823066
17.3469387755102,-37.7629011244868,-33.1408287406667,29.3278585274824,24.0677510793901
18.3673469387755,-35.6599045676988,-31.1851206263368,32.6615750497525,24.3651513741242
19.3877551020408,-33.1557600171808,-27.8216356196653,35.582601440641,24.2904241721483
20.4081632653061,-31.1586708111729,-26.0099797489998,39.7595613868352,26.2730080811481
21.4285714285714,-26.6587654439313,-21.8643165684593,41.6900176215902,26.9072455667318
22.4489795918367,-25.3575935462904,-19.8376306593299,43.708065859121,29.7574352663202
23.469387755102,-23.1147352170009,-17.772717527618,45.3144999895261,31.157659273356
24.4897959183673,-18.7006283341787,-14.6809792789659,46.2087922985231,34.4329261071845
25.5102040816327,-17.3216092377168,-12.520094914207,47.700907806685,35.791828617841
26.530612244898,-14.1686505045161,-8.71125012789434,46.8661103934627,36.1434943151661
27.5510204081633,-9.31551523766062,-3.22946228989808,46.199932279795,37.3215246972871
28.5714285714286,-10.4356374320329,-1.0214010256831,45.3431000450727,35.1935440398053
29.5918367346939,-5.60069813728715,1.73726979777756,41.8381007222285,31.8537415739307
30.6122448979592,-1.57121626433564,4.27873282268269,37.4613282283353,30.8061912206416
31.6326530612245,-0.873905375268647,7.07630596022877,32.9460250618343,28.6695091585842
32.6530612244898,1.6818603292413,10.0136525801758,28.1572215934582,25.1200257619764
33.6734693877551,6.71673497299221,16.4094362810545,25.0311080343271,23.9222836285576
34.6938775510204,11.0463124113143,18.408266646513,22.9731073445156,22.4286543178211
35.7142857142857,13.6171384759383,21.9622904990386,20.9437091427124,19.687271050804
36.734693877551,15.6855284029613,24.5073872761799,20.4149021293716,18.734960839903
37.7551020408163,21.5472083966609,27.6475639967125,20.0825648128771,17.600276185889
38.7755102040816,23.8313091468226,32.0778388656123,18.6473894803822,15.6296066171313
39.7959183673469,25.3033358629241,33.7807240821008,14.5009738939081,16.7951409009817
40.8163265306122,30.6129651810258,37.4715432724025,13.9145199304646,14.5337732778952
41.8367346938776,30.1398150082246,40.5764859236921,11.5240499255934,11.4563716178419
42.8571428571429,35.2710932383564,42.1877804870192,8.96704781541501,7.84320188714672
43.8775510204082,36.8592046239605,43.1920340327712,5.22804119806607,4.72864206342124
44.8979591836735,37.1375707455484,46.0649357692224,2.5912786049411,1.39194392702325
45.9183673469388,38.5853838157293,48.7093847987775,1.12474581041516,-0.418855998237241
46.9387755102041,39.0559757748059,49.8711021808211,0.00729244345366792,0.0843255374088906
47.9591836734694,42.3819910498039,51.561538299305,-1.53582553857845,-2.05071328367795
48.9795918367347,44.1337463596499,50.7829803102178,-1.50608431629821,-3.8605993299216
50,46.307829934646,50.9286758931957,-0.197694779089104,-4.63013448750352
51.0204081632653,49.1756763987687,52.1061610006056,-1.95432532527656,-4.9113109673169
52.0408163265306,45.9211501025308,54.6305348647489,-1.63127131283791,-3.52618216167646
53.0612244897959,44.9150616197321,52.2594123978168,-2.79605341528,-2.7430551640986
54.0816326530612,45.3190535762629,53.4613112935665,-1.67015776077973,-1.49795981654996
55.1020408163265,45.8149952854422,53.9448677251092,-2.23866566739517,-2.43110635495136
56.1224489795918,44.5766076898777,50.9101592069068,-1.78317374285754,-2.19406697280104
57.1428571428571,42.3497955510073,50.660327882095,-0.964547861914424,-2.2052133300408
58.1632653061224,44.2993502049078,48.0275550702925,-1.24126307969522,-2.72122583355561
59.1836734693878,39.6830537381596,48.7002520097542,-2.3774900835987,-2.61642348388891
60.2040816326531,40.6592293133708,45.2486563424682,-2.94678270005261,-3.52200073149392
61.2244897959184,34.3691459635868,43.2134132353209,-2.64670200242487,-2.42045732981546
62.2448979591837,35.0013649433184,40.8243072474269,-2.71271907079238,-2.02864885104248
63.265306122449,33.6536696747456,38.4021664129587,-2.15159836700616,-2.7249113142509
64.2857142857143,30.2649246467271,35.5937009585875,-1.80123379331727,-3.56401621695329
65.3061224489796,26.9560937148456,31.7922945554189,-2.39681467708352,-2.2569353922689
66.3265306122449,26.3053920957724,29.4447056388521,-2.15002588987999,-2.70442737384925
67.3469387755102,20.3006223791451,24.9576201154108,-1.61021728355885,-2.79888418953951
68.3673469387755,17.4327110596234,25.5412676302673,-1.63843050135669,-2.15897252521005
69.3877551020408,13.0774083436379,19.6997456502693,-1.60470316868074,-2.28818764699667
70.4081632653061,11.8975133619287,18.5011915725361,-1.36065405790937,-2.81561220805238
71.4285714285714,7.12485348001431,14.6504532501759,-0.216420119822225,-2.85142292999113
72.4489795918367,5.58715824200614,11.1825642538753,-1.13738460127456,-2.41273027316434
73.469387755102,2.42954287426536,7.89979313592513,-1.44263104094579,-1.25334728214291
74.4897959183673,-0.560067006306241,5.72982452088597,-1.24393449536748,-1.87426628800723
75.5102040816327,-5.81546625658056,0.943702863870938,-0.0934323242204396,-1.65236835693403
76.530612244898,-9.27288972650835,-0.945227408172039,-1.1777124208335,-1.16791174449058
77.5510204081633,-9.66994044668373,-6.56705569077825,-1.503816418047,-1.27021595398582
78.5714285714286,-14.7420380812826,-8.57168079000012,-0.494898774124898,-1.42268127912733
79.5918367346939,-17.3135726020114,-10.8985433062182,-0.934381244680387,-0.477560826758242
80.6122448979592,-20.957690283371,-14.6258909326812,0.212424777264187,-1.51813994061622
81.6326530612245,-23.5292820181327,-19.8923132398285,0.124645222998635,-0.310708385275708
82.6530612244898,-27.9602662361163,-21.6855478410396,-0.143475792816781,-0.29571703864959
83.6734693877551,-30.9877808603376,-24.6652315998758,-1.72525124974573,-0.713547024512731
84.6938775510204,-37.0108650813767,-29.6368566370218,-0.198465459463547,-0.214278566383776
85.7142857142857,-38.6295842874156,-31.6192452610795,1.13025821172633,0.166171004431295
86.734693877551,-42.339875201972,-34.3517497261662,0.493217845698162,0.443191989789041
87.7551020408163,-44.0815946274654,-38.3026796333701,0.199160757613431,-0.102370621752695
88.7755102040816,-44.8249548533119,-40.730302443961,1.01438995587992,0.147034944053458
89.7959183673469,-50.0099536408919,-43.6639300663349,1.99660904419319,1.59580006532842
90.8163265306122,-53.4489747997992,-46.8636518798272,1.47995890474834,1.98206330782582
91.8367346938776,-56.0830750137642,-48.5702147983596,2.5630993268913,2.44544465488779
92.8571428571429,-59.4974567937884,-53.5157780403268,2.7263315341894,2.20670971999715
93.8775510204082,-60.1162047527519,-53.160776410056,3.60058398814001,2.51924655697408
94.8979591836735,-62.6056760097688,-56.4174907315903,3.72998085054294,2.70225237296031
95.9183673469388,-65.4644326803749,-55.9820897592789,3.8383753326595,3.63906555019409
96.9387755102041,-66.1425564126513,-58.8225054687117,5.11699553614648,3.07691440827421
97.9591836734694,-66.6320891575551,-59.2030714279046,5.93754197131009,4.31781469684179
98.9795918367347,-67.9834756543706,-61.8004055035343,7.18506709915946,4.99464433558815
0,-71.7992485962884,-75.0347659063859,9.07596403734841,7.58645693098763
1,-70.4686605211218,-74.54757900772,7.68302121398336,8.07313130071866
2,-69.1740321038023,-74.3691879216833,8.99239020707111,8.39246124198578
3,-68.7250718662091,-73.5193027570392,9.3044933910212,11.66971034094
4,-66.4414059363856,-71.5411988746791,10.9743273228529,13.9432304197164
5,-64.7143323548056,-67.784963631514,14.6685650025458,15.4795144253751
6,-61.8053419567733,-68.6121295305909,21.5825821161243,20.1856935696553
7,-61.7967572331327,-67.6140270648555,26.9111790760105,22.9892735069892
8,-61.0569861499774,-65.7349473416224,31.0324025588536,28.1595468949787
9,-58.7650254302502,-64.2535484821817,32.923257072444,30.3974710254541
10,-58.1415920962176,-62.3263278561684,35.6422170124708,33.3124941396996
11,-57.8921009690715,-61.9774951580128,38.1697063373993,36.2720898477639
12,-53.3807203915297,-57.6932137606251,40.7263550704006,37.1419036616943
13,-55.1508003528196,-57.5288886382395,42.6590693001861,38.3623430178109
14,-53.4617137306678,-55.534330757291,44.0697201387342,39.5045485567665
15,-49.5700448276657,-54.438077513868,45.9623363895131,41.262444874683
16,-46.5779541442778,-52.9485451385727,48.4165589983038,43.2926444358798
17,-43.317734642031,-51.4712648169686,49.561901970628,44.2696766772872
18,-43.4212027246823,-49.3023125023515,50.5905301736306,45.2956415519951
19,-40.3758530365105,-47.4460165200452,51.6601853568253,46.0284731764755
20,-38.3077218267568,-45.0099737512385,51.8380813717558,47.1884784082697
21,-36.8483560779769,-42.3855281354588,50.4426237677922,46.6100087298127
22,-34.0601151105157,-40.9790800902532,49.8440073249884,46.6921653754626
23,-33.1657025816222,-37.8595743202788,48.4043803448402,45.9957178554465
24,-28.9365103086941,-34.6972799611329,47.38752695925,44.3930403245087
25,-24.8877019908384,-33.6019332894066,46.5969021301226,43.1180425649927
26,-22.0615319715875,-32.9065357989371,46.1380916015989,41.7522994174406
27,-20.3531291780217,-25.9666711300248,44.1921734323004,40.7207282893026
28,-18.821040438031,-26.2850460023649,42.9331444200366,38.3250673404169
29,-15.1689195105287,-21.3210231011199,41.7968349188687,36.7407607167648
30,-13.9844005648859,-19.4053709922477,40.1608960839803,35.4608459878134
31,-10.0845614583291,-16.2010192479259,39.2254395423184,33.201928649545
32,-9.08112242364458,-13.7520029427671,36.7203315278135,30.3459797812909
33,-3.453753838228,-14.2716662616423,34.4867984988943,28.5636978341837
34,-0.253510863430714,-9.24601606581943,32.368337353148,25.2322191505666
35,2.50571989839318,-4.98474321169984,30.3158897552743,22.9277809409629
36,5.66392449159686,-2.67620339428893,28.2794019431524,21.3829967436995
37,6.22574324746103,2.00981358254392,27.2225176314032,21.3288116791837
38,13.4040642152188,3.85428606596157,25.8746433622159,18.6998253531395
39,16.2551363251614,8.02116889156592,23.8696270064949,17.9064273381164
40,18.8089173729871,10.9166528148217,22.8416198240567,17.3702331693108
41,19.9642336636257,14.2178278307488,20.8852284484773,15.7688904315397
42,24.2473714343399,17.4674593769744,19.8152385713638,14.0447637822967
43,25.2747265304073,21.225620814807,17.2583776866817,12.5838703565556
44,29.3083878728655,25.8681171128259,14.855732581044,9.82817468038447
45,31.1297284658896,26.6624525917113,13.3406649971762,7.37075888571099
46,30.8173277229235,28.1488731891631,8.85551784165837,4.99532804067629
47,35.8231435965905,31.0669188277298,6.22636980071918,3.07949377845375
48,36.3428850852824,33.404960553526,2.58263098034928,1.74446369474653
49,39.3761443399308,34.5642903850335,1.28216034253021,-0.200637268276047
50,44.1686709118154,35.9362619982331,0.371612754292638,-0.903426571771317
51,45.670904942997,37.9378309819745,-0.671489484143474,-1.84475640833521
52,44.6671041349575,38.6878974441869,-1.31543561504214,-3.28286454217073
53,42.7242834718243,40.7116316963831,-1.11581703539901,-3.03042234390289
54,43.6192770317161,41.2559604358502,-0.0269272972414532,-3.16490377156073
55,44.18182726276,42.7117009670058,-0.180483112696909,-2.68715035806173
56,41.3306256418731,39.7429466768839,0.386617532684326,-1.83614420896296
57,43.8903049009661,41.5606299536678,-0.90377150786433,-1.26092916127015
58,42.9368223446147,41.116288790407,-1.4304777664323,-1.44271554303062
59,42.2925391293499,41.387708323614,-0.942278288248624,-2.41900954450717
60,39.0975265139307,42.3721072620107,-0.512604667109077,-1.25615719446549
61,38.8478830356779,38.1343588707697,-0.245060685451322,-2.06719859501968
62,35.0374752520762,35.5835835864946,-1.89334966186221,-1.34281730634693
63,33.3655040961856,34.844812436464,-0.856445630447211,-1.54438261437665
64,32.2384592979837,32.4252423120532,-1.33963570063686,-2.43256339921918
65,28.0902619727178,26.9852636023425,-1.12751864194029,-2.18452076335696
66,25.455079847029,26.0621688115399,-1.44141065649015,-2.33041057607492
67,20.4319853363298,26.4892674120712,-1.11586323288506,-2.02475036796494
68,17.6646652251408,22.230556840287,-1.83995776829568,-1.30511675246236
69,15.5744795217749,21.1007831446735,-3.12688198046783,-2.14370528819438
70,12.2210101271472,17.3933346346911,-1.96928511280549,-2.52738540758763
71,8.01607324902904,11.1087399181315,-2.25534343295323,-1.3730432469362
72,2.20819265217159,7.99548806885703,-2.93384217171046,-1.47419061017083
73,1.44623071414692,4.58505875113572,-2.25307141315198,-1.34633300348279
74,-4.20345824392764,2.39836011336343,-0.482415028491833,-0.487470912047671
75,-4.10697667851783,-2.64103567892545,-1.12533854094687,-1.9022343548045
76,-10.3286657593145,-7.0859025687143,-1.35357906113625,-0.87835744324327
77,-12.1989557598653,-7.88936898730409,-0.942573703622704,-0.412915064333133
78,-16.1430616605536,-11.1695658682353,-0.0596524975075317,-0.639778842403849
79,-18.4512033737544,-15.3707544315256,0.131957151940445,-0.36140939048788
80,-24.1440879820816,-21.0601641421475,1.11429258143017,-1.45360558411704
81,-25.1528064735427,-24.0212629337027,0.0276092384118297,-1.08900795070445
82,-27.3325170396588,-25.5026209181051,0.817800957237451,0.689547994189046
83,-31.1720287394583,-28.9329807692315,0.050767212222842,-0.692495996672811
84,-31.9768632895,-32.3937857722782,0.0229713855485911,-1.41877039423653
85,-34.4404715231438,-36.7600310564395,0.0591400412066082,0.0879424319265134
86,-38.2821519960022,-40.2811534162971,-0.792835119893508,-0.850749055436873
87,-41.8533536744745,-43.1920877839738,-1.14765128427499,-0.858464153051147
88,-45.7504915010799,-46.8391523619605,-0.16897259830339,-0.657413391757487
89,-47.0214615440583,-49.469069558223,0.277368761562754,-0.925948330211633
90,-50.9855908146961,-52.7716288548124,0.925385753584449,0.108808087694908
91,-53.3230032298415,-56.4222845642106,0.41311061318181,1.4973695399448
92,-56.8175286956872,-60.2687228487063,1.06696644445942,2.79137257906358
93,-60.3150966536925,-62.3196391830399,1.64732550152005,4.56570682347448
94,-62.5878156077574,-67.3770662914558,2.22444770330602,5.5406355887552
95,-62.8218837031506,-69.5383682786838,4.39647103843094,7.1490326061744
96,-63.3231380876369,-69.3564777423376,6.10691099145161,7.5699620907036
97,-65.3140187669207,-70.4582129065839,7.93196327815892,6.82229152240686
98,-68.2127298493103,-71.8886862086313,9.48136824109093,7.42696776383704
99,-66.8110000911604,-73.3531923545953,8.34782184839699,7.79161883493818
0,-62.5670584230336,-65.7043853019215,7.38226722916085,7.8582439811645
1.02040816326531,-63.0042681613507,-64.3128922207663,8.69128305350434,9.83310610850741
2.04081632653061,-61.4404291891244,-63.795028305776,8.02302662243777,8.86427837013464
3.06122448979592,-62.0848301453076,-62.6698279631406,10.0477544103404,8.36034266350607
4.08163265306122,-56.7536795272209,-63.5471158723851,13.4098678422386,11.1033052977998
5.10204081632653,-57.0165634211335,-59.7682098431885,15.7362150414418,14.7974741403194
6.12244897959184,-53.4874596980875,-56.5164296023494,21.7360641403153,19.6068672506563
7.14285714285714,-52.7486867526326,-56.2641442598209,24.2039959986404,24.498455171834
8.16326530612245,-51.7081029088732,-54.3622696106213,26.4051899101626,27.9882077815561
9.18367346938776,-48.7255943728533,-53.1029993041408,28.0578098991331,29.0975754445181
10.2040816326531,-47.4271156985887,-50.531584251478,28.7322642715206,28.557928818413
11.2244897959184,-46.1836009484433,-47.7714787118084,30.0657536011873,28.4476810110625
12.2448979591837,-46.2837105920884,-48.208215534882,30.1209551248433,29.8270362294188
13.265306122449,-40.2518013685656,-46.1135147752094,30.2074540640893,29.8472287428231
14.2857142857143,-41.0854629613416,-42.2845254088894,31.7185954269591,31.8832719081359
15.3061224489796,-36.2300927019879,-41.766303630883,33.0161756055323,34.7294203895699
16.3265306122449,-34.4656596802879,-37.8437089907829,34.5384526125536,35.7891812092844
17.3469387755102,-33.4812611413546,-37.9853451906151,34.9406057322352,37.4976218474243
18.3673469387755,-30.1250761866756,-33.187501542407,36.3298050007563,38.0654402767056
19.3877551020408,-27.2566683421568,-31.9988451342037,37.1709877501007,38.7825485024478
20.4081632653061,-23.6387003303668,-29.1725248041967,38.1820432240628,39.7415790450727
21.4285714285714,-23.7658671066727,-26.270461468401,39.4157419948098,39.5243336537246
22.4489795918367,-20.70987683066,-21.8491134306012,39.3900175004513,39.5358700626095
23.469387755102,-15.9028921631494,-21.9030523161091,40.0824736321516,40.178442506659
24.4897959183673,-16.5473565480274,-15.6327506886685,40.2733723692589,38.9593103801324
25.5102040816327,-13.3961405887267,-13.5798066869847,39.0430951337115,39.5201117983915
26.530612244898,-9.01111926805036,-12.8441435750758,36.6100481211998,38.17528645126
27.5510204081633,-6.16615645376703,-6.96431738813728,34.7084230083427,36.2809905103061
28.5714285714286,-3.35504912599409,-4.67355577626172,30.9724206027009,34.4361267835182
29.5918367346939,1.80418235411885,-0.985694453058171,27.5503828846231,29.9811385836655
30.6122448979592,2.88352039853668,1.80746076136463,24.4265421038644,28.7436505318274
31.6326530612245,5.55011762484163,4.70451028339135,22.1304002492732,25.1638084089764
32.6530612244898,9.24531146657588,6.16692228975318,21.521638280052,21.5132786730281
33.6734693877551,14.3070599080595,9.03104083045953,19.8817788682944,21.7470868264417
34.6938775510204,14.8517639763138,9.93982074685232,17.5947892013144,19.1727697995914
35.7142857142857,20.1952046354943,17.9058359021285,16.9384237433736,16.3551892272883
36.734693877551,20.3320720669047,19.1127567643706,14.2751200306366,16.0846717099283
37.7551020408163,25.128136887113,22.7184480089073,12.0608369275737,13.916774096135
38.7755102040816,25.8512404547712,23.5845076094656,9.31595920525388,11.3856213472585
39.7959183673469,29.4698731252899,26.8336126001202,8.14299052451241,9.1599915329231
40.8163265306122,32.470264311902,29.9202300365261,6.26790695997381,5.90388108443993
41.8367346938776,32.0754152708713,34.0057860271393,3.79318571999764,5.09506806133451
42.8571428571429,37.4878244844707,34.6511332745255,2.96286220940272,2.43024714679585
43.8775510204082,39.1464077662259,37.6752829988345,1.55312089774584,2.17259587568469
44.8979591836735,37.7274288426866,40.787126889577,0.219196021778255,0.762313373883705
45.9183673469388,41.6813804820785,40.4781372601537,0.174530446979653,-0.182152422524038
46.9387755102041,41.3851619219144,40.2971847920763,0.337259455306887,0.383674260002024
47.9591836734694,41.8903052241891,42.1532868369382,-0.726992682056251,-0.409307257694941
48.9795918367347,43.8991935563008,43.4530326236514,-1.22840973854511,-1.95886099809839
50,44.4435648543534,44.8886373536948,-1.90985090795629,-3.04751107478187
51.0204081632653,47.1251793595328,45.5906593395886,-2.29047960442831,-3.87312096752322
52.0408163265306,46.9630502455215,44.3688416841018,-2.49140859748259,-2.99921649201224
53.0612244897959,46.041059425944,44.879695026693,-3.30156612275159,-3.65002417821969
54.0816326530612,44.8940843025619,45.901092229851,-3.75238716569123,-2.68398913045582
55.1020408163265,43.4555742655348,44.9859696426797,-2.74786112059209,-1.94847971004991
56.1224489795918,44.5430968962195,43.8380940164593,-2.97607333093572,-1.08868518239126
57.1428571428571,41.8776536569764,41.8375629303374,-1.46379090253396,-2.14636981341796
58.1632653061224,40.661413788724,40.8256804976618,-2.82097139842646,-1.5848044240187
59.1836734693878,36.9499230185331,38.4859638447188,-3.2775784928917,-1.13503613779459
60.2040816326531,36.0547133424825,36.3938174004836,-1.50827625252501,-1.63058152840329
61.2244897959184,35.6118828154217,35.4321961716402,-2.68613657043029,-1.62969136859827
62.2448979591837,31.0235518803868,34.8349205202195,-1.39414387623295,-1.40618971617793
63.265306122449,28.9665392084514,33.0405883798405,-2.18283407513435,-1.81906414000869
64.2857142857143,27.1836545540448,31.5236870516623,-2.16872164305977,-0.906080904563361
65.3061224489796,24.5369232217305,28.6486458020079,-2.2897940693242,-0.898945234608327
66.3265306122449,18.8152696913076,24.5485641887567,-1.06529056106217,-1.05028929915778
67.3469387755102,18.0480578985266,23.5322733046505,-1.80188543150441,-2.09915515960571
68.3673469387755,18.2205839924804,19.653939183358,-1.01619566235737,-1.90146095594113
69.3877551020408,13.7697715332297,15.8662095952393,-0.554228294782913,-2.2234037557629
70.4081632653061,11.7211556553507,14.3619395946848,-0.774497762658325,-0.920181932150621
71.4285714285714,6.52718280513922,10.1400751340981,-1.20427311461786,-1.28557776405353
72.4489795918367,4.18954284101902,7.05295039887328,-0.926069713134586,-1.21824255397965
73.469387755102,0.671787415142214,5.87179662067851,-0.7527089616382,-1.11860946613223
74.4897959183673,0.400573408780887,2.76878022163473,-0.645515450199308,-0.949204859021875
75.5102040816327,-4.71265794073243,-2.35622925538123,-0.536416997757908,-0.202873967610501
76.530612244898,-7.75128252516128,-5.12290720248672,-1.74487664886485,-0.635557795459772
77.5510204081633,-10.2497604402334,-6.63257921132517,-0.746186562781529,-1.22940372746413
78.5714285714286,-13.7529671073945,-8.6742962593081,-1.00499683540706,-0.29960633174631
79.5918367346939,-16.9662959053617,-12.6341390421895,-1.15078500667762,0.345095796289308
80.6122448979592,-18.9165580018637,-16.6568456593867,-0.0113472003230995,-0.794524134656682
81.6326530612245,-21.3061544352004,-20.0057215112031,0.503387047145525,-0.50913843324471
82.6530612244898,-25.1846928128929,-22.240474918104,-0.989693467528652,-0.131150157126503
83.6734693877551,-26.9777160190345,-27.6543075257426,0.103907810561474,-0.855369649796499
84.6938775510204,-29.2091345096876,-29.0771719511367,-0.324423979769258,-0.567936490544876
85.7142857142857,-31.1382310749017,-31.9538378541453,0.337969751819233,-0.935130989603751
86.734693877551,-36.8999637442741,-35.5128279489518,0.498760347478511,-0.43308630659853
87.7551020408163,-40.9261598942446,-37.0145494376997,0.676629131606978,0.147589513769061
88.7755102040816,-44.9543607219889,-40.9980691501613,0.333702909225136,0.896262049766734
89.7959183673469,-42.7128712333834,-44.5538911841953,1.4748658714691,1.12361994723619
90.8163265306122,-48.4554716809148,-47.4890237491881,2.04835814344533,1.32356784931099
91.8367346938776,-49.1303479243352,-50.2175045089192,1.58624122251751,1.19188883559011
92.8571428571429,-54.5873512685831,-53.5214970551763,1.65551992372682,2.40184658550891
93.8775510204082,-54.0873433700785,-55.8395973723671,2.055388056332,2.32346157522493
94.8979591836735,-56.6120206147197,-57.9127623877255,2.84503839338643,1.39434065755742
95.9183673469388,-57.4175136351773,-61.5674362839192,4.14496417455922,3.48300063336986
96.9387755102041,-61.5368912031438,-61.0146490950707,4.91089087294006,5.84124970903667
97.9591836734694,-60.3501882555071,-64.8002785900599,5.73805978487122,6.42405883647794
98.9795918367347,-60.8249907846756,-63.9696412164534,6.02043266790131,6.94486870366105
0,-69.4209336495198,-73.3173330002997,5.60951048830054,7.6373314822934
1.03092783505155,-69.093846537777,-70.1966469339844,7.04185624779463,8.0470525243274
2.06185567010309,-68.7325982855857,-71.7494439416534,6.07657091388213,9.07647977981751
3.09278350515464,-65.9860082670434,-69.4866091272253,8.32515951492145,9.86843383082822
4.12371134020619,-65.2668789592197,-69.1236997964244,12.1418891489637,14.0100779438625
5.15463917525773,-63.710393017285,-67.2266663273183,15.185585810695,18.2750794133984
6.18556701030928,-63.5464144398015,-65.8934157056832,20.5585020263512,23.6600047582377
7.21649484536082,-58.6915328985324,-62.810439383562,25.0948073331737,26.6514198562816
8.24742268041237,-56.9641332292846,-59.8929644316544,29.8666305062598,31.3618445467522
9.27835051546392,-55.2330961396208,-59.4328786069303,34.5688383792914,31.8967163002408
10.3092783505155,-52.9486602145597,-58.6630383762236,36.070834782418,31.9548165493246
11.340206185567,-53.2374909292348,-56.5759154084776,36.4003019640069,29.9353389252295
12.3711340206186,-50.1472312279132,-53.2442368601195,37.7066651694515,27.1215355136893
13.4020618556701,-47.173432289972,-51.9988910751242,38.7180485676034,27.1304691795112
14.4329896907216,-44.7445457625678,-48.9525908365585,39.3770012991413,28.0401546353827
15.4639175257732,-43.3112415267955,-49.368220477325,41.4378440656573,29.757272228134
16.4948453608247,-43.2422490884545,-48.0271982660716,43.7363718892738,32.5209539001787
17.5257731958763,-38.8111649670184,-42.2519207792224,44.651183492292,35.0731747788173
18.5567010309278,-38.0208736191887,-40.4641420745775,47.4226870380661,36.3970038548521
19.5876288659794,-35.0241579345499,-36.9825031909566,45.9665892123134,36.925332845953
20.6185567010309,-32.7549468232821,-35.9254371069931,47.3043602550195,36.5619994643643
21.6494845360825,-30.7682979982596,-35.2652594042082,46.0179244436117,37.8997318249159
22.680412371134,-28.1854531503034,-30.0028651424383,44.2644023298374,38.4522922009016
23.7113402061856,-24.485165325045,-26.741838864716,43.2779619090647,39.7050537826626
24.7422680412371,-22.2127166547074,-26.4759635192394,43.9764805613804,41.5289307468809
25.7731958762887,-21.2831559189117,-23.7470209499315,43.4005373403946,42.9115164626134
26.8041237113402,-17.4607876705738,-17.7529529126521,41.6571834717384,43.7790792118636
27.8350515463917,-12.6703668479435,-15.5985909412903,40.5514348368022,44.3735576464911
28.8659793814433,-10.6498155049766,-11.3407004673768,38.6336255874301,41.893908440064
29.8969072164948,-8.28194111783518,-7.74600548263536,37.4934071445865,39.6145652963209
30.9278350515464,-2.93089615571899,-4.97227637685713,34.6907413161007,36.1572411669676
31.9587628865979,-1.3103222883953,-1.17757502894779,32.5337350423915,33.4949645738784
32.9896907216495,-0.41959588804508,1.11001339437091,28.7700217622904,29.6338235448876
34.020618556701,3.26256106444291,5.11242138952744,28.0151607049044,26.8325091221602
35.0515463917526,7.45988826117858,8.46214560977969,25.9109912971386,23.3113752686316
36.0824742268041,13.4343111800282,11.6216677189223,24.201521856811,21.6379804007806
37.1134020618557,14.9382238483736,15.5034685395824,21.5996604527803,19.6881082068618
38.1443298969072,21.0971324579471,18.7442970859694,21.6193348659022,18.5876344364041
39.1752577319588,21.5564269175878,24.1025235398269,19.4255610753939,16.9689501950552
40.2061855670103,24.4839517307077,24.6001583962662,16.8489379709941,15.0130250873983
41.2371134020619,27.6833639920805,27.3872826743073,15.9436607439945,14.012684664559
42.2680412371134,30.5731368785096,30.1035892005432,13.4095578653834,11.6676799066021
43.2989690721649,34.4941436413748,31.3003010051415,10.73124559996,9.88466083922969
44.3298969072165,35.8201118942173,36.58430276432,6.66774680118211,8.82063828198757
45.360824742268,37.4861551415302,37.702155778094,5.33550698548035,5.9430882988234
46.3917525773196,39.1570338270031,40.1287459522237,1.00147867175213,3.82103438370235
47.4226804123711,38.7593115062664,43.8500508796197,-1.43324824344723,1.6518870519476
48.4536082474227,41.9390507355965,45.3973827578195,-5.05011365121086,0.0920632754480758
49.4845360824742,42.9484876796303,43.8618888557166,-4.11230267866307,-0.7941588435415
50.5154639175258,42.9160133817087,43.3160331286677,-4.90805158597694,-2.49005999495344
51.5463917525773,44.7514219549537,44.9100698995669,-4.60383652992751,-2.95134548774367
52.5773195876289,42.9639170767967,44.3738062852657,-3.15807609012408,-1.84163187024226
53.6082474226804,42.3081395174558,45.1351357856722,-1.28988616205692,-1.01939466703236
54.6391752577319,40.3840544858607,42.5485523336228,-3.86738681668949,-0.810542502802749
55.6701030927835,39.7387170181679,40.3753516325516,-2.48641390108918,0.0569827345396796
56.701030927835,40.5144593975967,39.9917145315245,-3.43374049076162,-1.21063638289005
57.7319587628866,37.3707286702044,40.2024762163005,-2.60535280678335,-1.68657601855358
58.7628865979381,34.6022829333873,36.7564065512184,-2.6356004649741,-1.54423579260558
59.7938144329897,32.9187084465783,34.5291576085586,-2.8518430382873,-1.20508513818222
60.8247422680412,31.0448136999715,34.4285517204406,-3.28632912366531,-1.83697880573685
61.8556701030928,28.6379241947641,30.9843864929008,-2.77191355727619,-1.25317932753953
62.8865979381443,25.8192114774016,27.7930942085775,-2.23282611617692,-1.11667888955434
63.9175257731959,23.2359308056599,26.8516491282383,-2.18946955220881,-1.2290852132052
64.9484536082474,20.3343776176967,24.158340776539,-1.74663220004135,-0.916659000165573
65.979381443299,20.3183166557478,20.4413834097426,-2.66701714007686,-1.74992262671569
67.0103092783505,16.7713077950974,21.4292071319119,-2.30521705259697,-1.67634714838715
68.041237113402,15.4144950806258,18.2284047495592,-2.28389152776572,-0.806220036895111
69.0721649484536,12.3590262176382,13.3044733757589,-2.16439017852111,-1.10885525459113
70.1030927835051,7.66257330435634,10.0505450835829,-1.25822555147818,-0.330385939823719
71.1340206185567,6.4370871401857,7.7391866147419,-1.95300797046919,-0.289965636272629
72.1649484536082,1.41550621054103,5.17640631299165,-2.44737467155018,-0.568356165351196
73.1958762886598,0.73814145163518,2.68853546301838,-1.44330087708182,-0.43452474627974
74.2268041237113,-2.2919072207146,-1.56707951707974,-2.16212292029281,0.723779849860875
75.2577319587629,-6.51982021272623,-3.63364992639982,-1.89685055309677,-0.0095826746632736
76.2886597938144,-10.3573830034851,-8.47180382288217,-2.55591620712704,-0.397088489528295
77.319587628866,-11.0106115777583,-10.6466961565059,-2.01742763828453,0.0297141718236501
78.3505154639175,-15.3459002724669,-11.8701070656794,-2.81384996575981,-1.12441992233069
79.3814432989691,-17.2199867877773,-15.4632109495061,-1.40902324997131,-0.105629241630767
80.4123711340206,-19.5019575077958,-19.0986982606746,-2.03446870754906,0.360528562660311
81.4432989690722,-20.8372657985772,-24.0436538237463,-2.04055616521523,-0.32791498571708
82.4742268041237,-27.3673003672838,-27.2986638259493,-1.41464092533861,-0.126816634161695
83.5051546391752,-29.460372164298,-30.2694090139628,-1.51818943146034,-0.666279391800035
84.5360824742268,-32.5927622584426,-32.9458718731681,-1.71646942354524,0.502931944093018
85.5670103092783,-37.3358240671707,-37.9888440196514,-1.08979963330024,0.947389689685696
86.5979381443299,-40.0605948678693,-42.3536821571063,-0.926831759956879,0.83361001135816
87.6288659793814,-43.9127641802443,-43.9306490496505,-0.76732450300806,1.59034211877297
88.659793814433,-46.8144975442652,-47.7094133762999,-0.819269978081355,1.75951039534344
89.6907216494845,-48.4812094429829,-51.1970071499078,0.944549902113569,1.71597662558969
90.7216494845361,-51.0337133419755,-54.1817423946956,0.160537272240802,2.0149228382379
91.7525773195876,-56.5366376423893,-57.090863770044,1.20420736094536,2.64818973535681
92.7835051546392,-57.5708836663593,-59.7610874041717,0.912580751107357,3.42316671841011
93.8144329896907,-59.3701528145834,-62.391041345537,0.503001609716442,3.59543470800453
94.8453608247423,-61.1933494609115,-63.2367578383763,1.90098214177224,3.38815558369009
95.8762886597938,-63.9320267498769,-66.5366574926278,3.3293941100592,4.32337738297256
96.9072164948454,-64.5972802727548,-69.4463466913249,3.06516612848867,6.30278595060468
97.9381443298969,-68.6178385623528,-73.0820862229716,6.09963697883543,8.58547692079804
98.9690721649484,-68.0879691156941,-72.6085746680832,6.18178157113083,8.40023787132759
0,-69.18226272331,-60.9127616791985,6.86964297062277,7.12979899464554
1,-69.5249397335133,-58.2661133414334,6.45298414351078,6.12676240650928
2,-66.424711195849,-59.5447410351703,6.87166280452146,5.68132389667849
3,-65.6145473369796,-59.5922592731372,6.51242198945573,6.46191760365644
4,-62.1358724416217,-56.8845595420841,7.25023623988756,9.76744810769237
5,-62.3789023521806,-56.2839876744222,11.808795083746,12.0739753085635
6,-59.4014556244576,-53.8177341879622,16.4750018419361,15.8933844116982
7,-57.0145343040503,-53.3449611059893,21.0026666738125,18.1688567461754
8,-57.5143126231108,-53.785195174017,19.4390906136116,19.5950348358818
9,-53.2714167414708,-50.5137408468969,19.9102665072648,21.0025230133512
10,-53.1233505035165,-47.9669076977202,19.3032116133103,22.6255518071877
11,-51.2452357398967,-48.0223469064115,21.4033168153495,23.3238871410241
12,-48.9383100173074,-45.3070380904691,22.1091238633281,25.1378732400073
13,-48.4820316130895,-44.447874301969,23.8528678760244,25.8692603964154
14,-47.7732508140262,-38.8808046453503,23.9307519076556,24.3606802725081
15,-43.6948976273546,-39.9915170272038,23.7620432679525,24.2107945293887
16,-41.1933355861926,-35.0191936113832,23.9476032946809,23.6234266539927
17,-38.6194266245952,-33.536723089768,25.9260324802478,22.5101976886907
18,-37.1633441533502,-33.4178607518822,27.2595045655568,22.2141724099809
19,-32.9828737867552,-30.8278632419527,31.9740587975254,24.6892851984262
20,-31.888900186738,-26.7988726171342,35.3558217400719,26.1291145063934
21,-29.8082709468381,-23.0448712574221,37.8568357856554,28.2585864416956
22,-26.6544996261456,-23.3114053566631,40.0638179147473,30.8364695338687
23,-23.9042181836149,-19.4323041391253,40.1788214520848,32.663616055071
24,-20.446398156856,-17.1151327630331,40.2132696225374,32.9715822992929
25,-19.5950244272149,-12.9727486082447,39.926884643052,34.4084441651554
26,-13.9929977051202,-10.4821318921456,40.7791501503806,34.3057393785582
27,-13.5714925549693,-6.24428087459024,40.5852489602521,34.3608346837176
28,-13.0959089175505,-2.8920049402852,40.5387760092135,35.0273452446482
29,-9.23594111036564,1.21090132283323,37.5145996862797,33.491009504263
30,-5.40575138543631,3.23984052020196,35.7012836597174,32.3415855460251
31,-0.0780731650904527,8.52729247915748,31.4671436538907,31.1830553603981
32,0.157893086059419,10.159878095461,27.7669047405984,27.3634206500341
33,4.26943950612645,12.1674718762442,24.3613229764776,24.3932670919475
34,5.86757053651933,15.3353316464242,21.8706080517792,23.4672188106
35,9.8743433272741,20.2389333391914,22.1736925218995,21.4912443098958
36,12.4103094723817,22.0987032999993,22.1633355941944,20.4898617038238
37,18.0406424577386,27.355495770107,22.3955760382595,17.8703955722228
38,20.7135150726991,26.9567401923945,20.544024711448,18.0884541841094
39,22.577665522836,32.2140273110736,18.0404288383762,17.4117039078213
40,27.0534324451414,34.7811503462023,15.2879846462216,16.9914146142814
41,27.0212564873351,36.5664829273293,13.9654198692129,14.1511283549168
42,33.2785712205256,43.0114356677748,11.7324663365209,11.7627633931285
43,34.7602147513492,43.342416447574,8.61241234493432,10.0221257265231
44,37.4526462190837,45.6286995516919,4.25690671844916,5.54033141460876
45,37.9262397000177,45.4411596102118,1.6108658233635,3.07450890196594
46,39.9415717033658,49.3532273622715,0.499130631505178,0.764683714641385
47,41.2473651343309,47.488939418947,-0.16307692729045,0.0184709332561477
48,41.8294532591572,50.6140051514112,-2.39784372287628,-0.632993586020737
49,44.3441340029986,51.2849837155288,-4.85855276025854,-3.09849803273528
50,43.898757031149,52.7198799551562,-2.58173136942985,-5.84055841868044
51,41.1572941422732,55.1187755437049,-2.63651340017502,-6.70308967579603
52,45.1752695031843,54.3997036270843,-3.61476532292647,-5.16735841032292
53,45.706131027502,54.0170649200943,-2.35898128010373,-4.00780085855158
54,44.5922316237319,52.388497539994,-2.89841917716819,-3.24145010721611
55,44.8602250748589,52.377134457981,-0.91094726146418,-3.99204509328438
56,43.3206245154206,54.022853468493,-2.00491811198308,-1.31151426777862
57,42.5396866183314,51.2630896733922,-1.96404514838134,-1.6788105887572
58,40.5388331720757,48.969273971959,-2.64497417255769,-1.34209493726872
59,39.3849685354695,47.9628632914916,-2.80369472060067,-2.73080099092261
60,38.1333013331174,44.3602794168848,-1.50209571361298,-4.25614844436971
61,35.7707770081453,44.1328535112007,-2.53712778987226,-3.01608315180032
62,32.5704379429323,42.723856687498,-2.0855935587924,-3.03997823534354
63,30.9852033779876,39.93989698076,-2.91418201330769,-2.51656845756766
64,29.2703749436679,35.90287786927,-2.10284655225454,-2.13171472828881
65,24.339640291984,35.5978084859567,-1.89591844639761,-1.84295893314801
66,23.1566873953736,32.8679450154545,-2.00183923499897,-1.09959102578705
67,21.8655609492411,27.4678434434548,-3.25862228957256,-2.84223869190798
68,17.6731340121535,25.5345907320902,-2.39485114915758,-2.53703524624981
69,17.3610001782319,22.9541519315493,-1.38297717963604,-1.94562638670098
70,11.9694219231293,21.2911283805982,-1.18614802787615,-2.72955717124129
71,10.8605272429998,16.4000526630129,-1.24714528233436,-1.60192450540958
72,8.3750119321193,14.9832775476607,-2.36655530009744,-0.702822952297027
73,4.79971857138406,12.2031727307204,-1.42231241652649,-1.74137244008194
74,1.41095920644953,8.07523183262805,-2.22472885045684,-1.20974292525357
75,-4.41634835098108,4.79164501287051,-1.56162236566709,-2.4142399796065
76,-7.36635426914544,1.72110226585324,-1.60806581103596,-0.881032342343889
77,-11.7066440248128,-3.44094931627667,-1.55244175236883,-1.97272555577909
78,-11.2221778313969,-7.12965730442053,-1.33231081958938,-0.693486873113671
79,-16.4587933860728,-8.31256899280979,-1.97565158027689,-1.074165195641
80,-20.5333403283232,-13.1159011924365,-0.690486156983413,-0.532359869312897
81,-24.8160727175139,-16.0379545703312,-1.17767031909396,-0.701603104527625
82,-26.7682253936113,-18.8544004258576,-0.773211335849567,-1.45422202207845
83,-29.3796616763883,-23.7272837606435,-0.426606461562919,-0.286840039277817
84,-31.1198780411063,-25.4145781151041,0.206770066114687,-0.138030323722117
85,-36.3565836218824,-30.5274295329067,-0.644689546481408,-0.0510136313534747
86,-37.4733665062436,-33.0565489316602,-0.713948595507139,0.250721434473252
87,-41.6699146773224,-37.0836852360863,0.585899605483325,0.418711846471994
88,-45.1193263765819,-40.3265987860703,1.47050812997731,0.912432573243238
89,-48.1967184465425,-42.1047723204671,0.91328819065837,0.014047139297813
90,-50.8647722841105,-46.6297240967837,2.60469343908062,1.43032395708127
91,-53.3020024557092,-48.3908298982598,1.54915370579015,1.8595536818906
92,-55.4824266655846,-50.8140532756069,2.98638255743769,2.17357054726151
93,-58.7329760360905,-53.0854544186869,2.69261603305461,1.98265412433919
94,-58.3476782737224,-54.328857997476,3.72465879376169,2.78376979672848
95,-62.5521439571405,-57.4808909747998,4.09945719872109,4.60842909837172
96,-63.1485621262621,-57.3150589973507,6.08260287971385,4.51029051786664
97,-66.5544915175404,-58.5203199771775,7.38500593631376,5.72549724196314
98,-61.8502164122699,-58.1155020985629,8.06845555137625,5.37403618308233
99,-65.3890616191711,-59.5756400339333,7.66524659931158,5.83190926094496
0,-66.2614084069914,-64.2136308456364,7.805694990608,6.05959580029976
1.01010101010101,-65.5215376570024,-62.8094830674697,8.14995662152143,4.59192441842529
2.02020202020202,-65.1541091010167,-63.5388800059796,7.10424339019935,4.0712286365364
3.03030303030303,-65.8253760247275,-62.7630760646916,5.35994119398344,4.30468412370869
4.04040404040404,-62.5936101178818,-59.3552007141744,7.17500860992918,5.62377618950227
5.05050505050505,-61.9581534715085,-61.39732121912,9.65679863081269,7.69745212890118
6.06060606060606,-59.3283399848644,-59.8371932484769,12.6437542716738,9.98622729584344
7.07070707070707,-60.3340551175187,-56.7240386032033,15.2106897076996,12.5904911133483
8.08080808080808,-58.2776549449875,-56.3460363058372,19.6515408583561,15.6735464617318
9.09090909090909,-55.6234173842522,-52.5348484352039,24.2678757586918,20.8751031711802
10.1010101010101,-53.0218000155597,-50.2097618126612,26.7786204045831,22.3805557595796
11.1111111111111,-52.9301393509062,-51.5276013659501,30.7198092178669,25.2285959662085
12.1212121212121,-50.9250598924835,-48.3924997234313,32.9953387733564,27.6190718900143
13.1313131313131,-49.7108639448042,-46.9516113597957,36.2443384119643,29.7037763844899
14.1414141414141,-46.2439759148618,-44.1862122384546,37.4965243881179,31.6171606221187
15.1515151515152,-42.9422993568734,-43.3515303578719,39.2211226122893,32.3432243774996
16.1616161616162,-43.1968036298934,-41.3244577249412,42.1577371762637,34.3753518050912
17.1717171717172,-38.5932353712405,-35.1309379031919,42.8320657925077,36.268180208337
18.1818181818182,-35.4041739705654,-35.0403642909497,45.5946089779246,39.079891890313
19.1919191919192,-32.543985312242,-34.7953273074528,47.4807743593799,40.8751204358373
20.2020202020202,-32.1301461688332,-31.8512861593277,47.1685747252208,40.6616220178162
21.2121212121212,-29.5109466554749,-28.7327302848471,47.9234014667773,42.3325654493836
22.2222222222222,-26.9292176596293,-26.9131429446951,48.3782272946553,42.1094168288748
23.2323232323232,-27.2745869130548,-24.1046460521013,48.0976300877134,41.4882181995467
24.2424242424242,-20.8090816763622,-19.906823578359,46.652853791604,41.8133858485962
25.2525252525253,-20.1477782228617,-19.4353550710039,46.2880080273728,41.9260165865349
26.2626262626263,-16.7154254463152,-15.5402623571986,44.3543465230295,41.5436633149894
27.2727272727273,-15.6105126849341,-11.5197753912015,44.5628127192711,40.973146811077
28.2828282828283,-11.8039982862531,-12.0444141394965,41.6809675819315,40.9049571332664
29.2929292929293,-10.2417787609214,-6.96147579214017,39.7062408913194,40.0667807320988
30.3030303030303,-8.15070917235361,-3.29223103875631,37.6525850794526,36.9455294493609
31.3131313131313,-4.15868266564041,-0.825031774585518,34.382817878805,35.3638638474204
32.3232323232323,-0.996995491124533,2.2319985563912,31.1390656863233,32.1930037745828
33.3333333333333,1.90890642456622,5.53112524140764,28.6946069742802,29.434765070222
34.3434343434343,6.30933861927485,9.7739762506536,25.4457342215912,25.3530303029751
35.3535353535354,8.68234594359746,12.5131700816425,23.0019692432785,22.3953789634843
36.3636363636364,9.28513795468578,16.7617905259248,19.421051678935,19.551481965658
37.3737373737374,13.0124002701848,20.2688928290007,17.3900301136239,17.8474580143124
38.3838383838384,15.3817523796711,22.0919464873533,14.657791614648,16.2204404228982
39.3939393939394,19.9376346090652,23.2424371062271,12.6197050150965,13.974616344002
40.4040404040404,23.3654466405608,27.9060673555147,10.6687190003429,11.0126280086512
41.4141414141414,24.8944541693713,29.0314725625516,7.12177431953183,9.67057914692567
42.4242424242424,27.8674239060665,36.0421298659779,5.38512656182326,7.36121840469074
43.4343434343434,30.0668561057992,34.5663005940073,4.15369002220539,4.30455242220807
44.4444444444444,32.5928292015559,36.4148840157943,3.54734183096197,2.42378936714389
45.4545454545455,33.7650790878,38.2335938553652,3.46476925532104,1.13964634662353
46.4646464646465,36.776418479106,40.388086653166,2.01424438508914,0.671214526155887
47.4747474747475,36.0426611983646,39.9155241750234,2.54835557475887,-0.435419474759625
48.4848484848485,38.6025860763533,43.5999162027155,1.53053302550733,0.168393798911595
49.4949494949495,38.2721280818606,44.7651255888759,1.65208782227357,-1.1072339555663
50.5050505050505,42.4081742486116,42.45128380502,-0.119588709915582,-1.43311186008955
51.5151515151515,43.1644027483269,45.6265929646637,-1.31085147778475,-2.0215672743335
52.5252525252525,46.4623263648983,46.4130599055336,-2.58061883575097,-3.26827221453769
53.5353535353535,46.0713453817792,44.7086635009912,-3.05465912112122,-3.28708016619874
54.5454545454545,42.160161271646,44.261475579242,-2.68127306901532,-2.42732249430629
55.5555555555556,42.8125220859028,46.3453947246608,-1.69514834918933,-3.30485920728988
56.5656565656566,40.5234995131087,44.7148366977759,-1.71571428153937,-2.39133385021855
57.5757575757576,41.4671454614155,42.6366588324938,-1.0484650670367,-1.75494352627395
58.5858585858586,38.122604701696,41.7795141541849,-1.4327300164254,-1.860297680754
59.5959595959596,37.2453645698587,37.5381273537836,-2.12188094528448,-1.87575885628317
60.6060606060606,35.6825916519966,34.6414667494894,-0.251703371632485,-1.71251125912389
61.6161616161616,33.425815222656,33.8372327230661,-1.34269974855155,-2.93239859966808
62.6262626262626,27.6716719658316,31.2089849762911,-0.360272365436574,-1.05761215066659
63.6363636363636,26.5300477476033,28.445749389971,-0.627622875031034,-1.5557302983565
64.6464646464647,25.0853627851972,26.8545035882449,-0.18620862661147,-2.77966787716054
65.6565656565657,19.1563057269335,26.5107457240388,0.173142122472928,-1.96672228297934
66.6666666666667,18.1700011433814,22.9397247621754,0.106853757785859,-2.10953550608165
67.6767676767677,16.2017724732325,19.3469385438983,0.828311745921543,-1.27048184817609
68.6868686868687,12.6311117465575,16.242142944177,-0.451358566764057,-1.45434197398285
69.6969696969697,9.71242320458244,13.7445103917732,0.0362422246738708,-1.23079103791375
70.7070707070707,7.15755649310062,11.148905916184,-0.484522409777702,-2.0669787177597
71.7171717171717,4.95618944381717,7.18634541005889,-0.358223925590411,-1.39261658432372
72.7272727272727,0.525913457926239,6.45391499960131,0.0272562487184771,-1.43380152908886
73.7373737373737,-2.01638908643308,3.4283416949338,-0.642561871398403,-1.02205319559143
74.7474747474748,-4.57665138404924,-2.39048392838531,0.551993362513673,-1.25226635692051
75.7575757575758,-8.19921807290312,-4.09015700905681,0.25254241481378,-1.25064323653362
76.7676767676768,-12.0531414623474,-7.42494442065436,0.453788095131659,-1.23294986449222
77.7777777777778,-13.7504399805756,-10.8713922867527,-1.14068833579322,-1.68209200304763
78.7878787878788,-18.5392245344371,-15.2348673772713,-0.0932011641223787,-0.500818366977157
79.7979797979798,-19.9093594913699,-20.401681264386,-0.588404037772408,-1.01317241979628
80.8080808080808,-21.0888464346785,-20.1466738710063,-0.0271039576678775,0.353382401025377
81.8181818181818,-28.4782368604302,-27.5878428045918,0.114542090084733,-0.120911032991781
82.8282828282828,-30.9129493455205,-29.6307674111082,0.643195037570137,-0.0989632024318244
83.8383838383838,-30.331534251011,-31.5597095234138,1.64021164721532,0.964034900202208
84.8484848484849,-37.5717656154794,-36.1422965193299,1.08133956565141,0.391391496354843
85.8585858585859,-39.789487350741,-37.3311061052972,1.46764659729704,2.27227737674413
86.8686868686869,-44.0620321928786,-41.3124875035992,2.77266546966649,1.3880864616494
87.8787878787879,-45.487689259805,-44.5125071450956,1.93411809384864,1.72219860371676
88.8888888888889,-48.3397901442763,-47.7429311490384,2.93685784654578,1.22552039768971
89.8989898989899,-49.9943688299123,-49.4281870296042,3.64918687373851,1.60994833020754
90.9090909090909,-55.9288056899787,-53.6917943728811,4.07921242616955,2.98007463269977
91.9191919191919,-54.900868302908,-53.3262840657983,4.38053334588093,3.39666959582665
92.9292929292929,-59.1486272998604,-56.638602633133,4.03179986622795,3.75471166490988
93.939393939394,-59.3306784933908,-57.5131873636105,5.83660217077449,3.15499384061495
94.949494949495,-64.1804447390436,-60.7067342333866,5.53226619973362,5.20089842098841
95.959595959596,-64.9744638260868,-62.7721735971245,6.43789559685783,5.02135419453304
96.969696969697,-66.4750082610853,-63.4153668098122,6.27328892348662,5.89191780650751
97.979797979798,-66.6269752417862,-62.8855759016367,7.2344036908257,6.68399556004851
98.989898989899,-65.3235410994538,-63.4280333397443,7.58723535248722,5.38070158253501
0,-69.4690404806294,-72.0696072399561,7.41152235000339,8.41704280721933
1.02040816326531,-69.3907321598713,-69.3227513307095,7.94002183328962,7.23694220502621
2.04081632653061,-68.4086255161059,-67.6621340459295,7.83777257493103,8.17298126315296
3.06122448979592,-66.2502646818045,-68.0151755476505,9.8039485903161,10.6613458748571
4.08163265306122,-66.1424530041352,-64.5730102721726,13.5121618256284,10.6463497078164
5.10204081632653,-65.8783549780031,-65.751921531117,17.050291650585,14.7917618573842
6.12244897959184,-61.7759505020104,-63.4194021754163,20.593640570194,19.2680275770921
7.14285714285714,-61.2751357522279,-64.5549276804521,24.8337772471204,21.8515611068001
8.16326530612245,-59.0876481120932,-61.2252368986629,26.885220239155,24.286813156044
9.18367346938776,-55.4879114492135,-61.868618033528,29.338418508659,27.0462347562469
10.2040816326531,-55.7729817762594,-57.7057539457203,31.8094016637607,31.1642543430012
11.2244897959184,-54.7618076400019,-57.2341061612884,33.7157107197231,31.7131808656273
12.2448979591837,-53.0079982045839,-55.6208191140157,34.5027630247433,32.2441255345682
13.265306122449,-51.0128477328177,-55.3072487940949,35.6754295839271,32.1094084072194
14.2857142857143,-48.9548447801404,-50.7515951378902,37.3226742518648,32.8290825939936
15.3061224489796,-46.0283325022185,-49.3074286442519,38.0773605261824,33.0499905897031
16.3265306122449,-44.3850492615979,-48.3754298872305,38.8748612863576,32.9883211768449
17.3469387755102,-41.2218160388142,-44.6436671259068,39.129584807205,35.133463655538
18.3673469387755,-40.8280621447166,-43.4538788197351,40.0636981953652,36.4464431088093
19.3877551020408,-37.1756113401027,-40.5114659727759,40.2658533339322,39.4701248775601
20.4081632653061,-34.6432806361961,-38.753001905647,41.5921668771999,40.2583161127631
21.4285714285714,-32.3504925259342,-35.9990694050354,40.0568244286301,40.5913659209007
22.4489795918367,-31.3404744828418,-33.2207882169748,41.4280840498421,40.3947630399842
23.469387755102,-27.4056573923138,-31.9148287029024,41.1840794326877,40.3391575790101
24.4897959183673,-26.2901427441317,-29.4635539906664,40.9884822703396,40.6260224684675
25.5102040816327,-23.6379892369815,-25.9303832050448,41.199837082252,39.130718607203
26.530612244898,-17.8272868770597,-24.5538180189572,39.1303666186633,39.0508096204626
27.5510204081633,-17.8141735839781,-20.4555775724858,39.9003657409852,37.8972704716382
28.5714285714286,-14.9472998832369,-15.2036843821743,38.3378377292042,37.2131861138831
29.5918367346939,-11.66487157621,-15.0984715546665,37.1847391781971,34.8569936411345
30.6122448979592,-9.96993357984549,-12.6308730932207,34.8209519982175,33.150692278898
31.6326530612245,-8.00902894696708,-9.66215691761614,32.5717099439007,29.8446055766073
32.6530612244898,-4.18068763084487,-5.48591740081552,29.5659473867969,28.0887447217959
33.6734693877551,-1.29670201885881,-4.14888030859312,27.5369750411612,24.9180596994049
34.6938775510204,0.677381385860852,-1.66103967362825,24.4854653549524,21.5709874675643
35.7142857142857,6.67401624226964,2.9883263956161,22.5250975152913,19.6443957297215
36.734693877551,5.82922649572494,5.70490792887285,20.7383575939406,18.8898490816962
37.7551020408163,12.8922293247558,10.0088814737194,18.5833875173654,16.4517890716636
38.7755102040816,15.6415379183878,12.9617881092559,16.5714758601549,14.7949090493372
39.7959183673469,16.0330835359317,13.6712504061853,13.4109674224984,12.9912938217849
40.8163265306122,19.0890525729386,17.4216445295973,11.1943427629944,11.7621160279641
41.8367346938776,22.6236734585695,21.1198073133821,8.67923473626043,10.735011229337
42.8571428571429,24.9365746354969,22.8446682597212,6.76251222840394,8.08006078748078
43.8775510204082,26.060716275075,24.4860111311908,4.2143700966475,6.41954740942996
44.8979591836735,32.3023879395668,31.0442943453266,3.01466156898529,4.69549659910927
45.9183673469388,31.7118536065644,28.5726190140181,2.74681942163228,2.70824191419104
46.9387755102041,32.1092843290953,32.2130992421267,1.4644507612346,0.473820165715556
47.9591836734694,35.1809440179785,32.1430201347516,0.432801365729946,0.520310475487976
48.9795918367347,33.5807299049987,35.996929461904,0.348128869957085,-0.15532594447157
50,38.4221458986893,36.8141859889111,-0.521197231452755,-0.936153841063004
51.0204081632653,37.4761936685696,38.2588360456479,-2.1673578842454,-1.85722373557728
52.0408163265306,38.7575439946455,40.6491741665106,-4.12665519838312,-3.37842772551914
53.0612244897959,41.2640484968269,43.1088125677744,-4.50118016768743,-2.43721562026376
54.0816326530612,40.0900657101049,41.6270365181058,-4.80750128074743,-2.9180315888189
55.1020408163265,40.8207814284028,38.8159323654666,-5.32332270607851,-3.52646547744004
56.1224489795918,38.5362231320913,40.1468763002789,-4.32232969092952,-1.47980891557913
57.1428571428571,38.6153111164608,37.4985252279931,-3.36368717124018,-1.11206803055126
58.1632653061224,35.9658743293209,37.1192473516577,-3.34266937650328,-1.42871239676855
59.1836734693878,33.6999332037015,34.7676854665662,-2.43430065864036,-0.859707682380752
60.2040816326531,30.8253591233884,31.593675426101,-2.33595080072947,-1.57150763422612
61.2244897959184,27.2436109490166,31.9341338512145,-2.16382670999469,-1.96551182926413
62.2448979591837,24.6743213096932,28.6729407996823,-2.12181549709079,-1.17655139623432
63.265306122449,23.268899560371,26.5299332425374,-1.4565105128115,-1.44780785530288
64.2857142857143,21.4461320625619,23.4298451537856,-1.68727575055658,-0.642576973712709
65.3061224489796,17.2340922209039,19.0390751804736,-1.35399731732863,-2.24450809193099
66.3265306122449,15.0422664865362,14.0713528945879,-1.0795984597322,-1.42503226288551
67.3469387755102,12.051982963887,11.1234556638423,-1.12091846710164,-1.37936614774037
68.3673469387755,9.43589604461916,8.80768623336345,-0.898460521803555,-1.74506798405818
69.3877551020408,6.67391740555356,5.00982336296115,-0.849796998856196,-0.587389278880705
70.4081632653061,2.06436866226877,3.45785416254644,-1.13312046001917,-0.886914894456111
71.4285714285714,-1.51185207322772,0.854725115611195,-1.52987792581545,-0.655066162085285
72.4489795918367,-3.72583015189943,-1.72658240722781,-0.937121005645044,0.637876218561054
73.469387755102,-4.35296318253229,-8.19652912496671,-0.591970614457534,-0.0205249637956781
74.4897959183673,-8.67780815896686,-9.20337248074066,-0.68524344088846,-0.451280232856592
75.5102040816327,-12.2006794166505,-10.6456066502371,-0.867512776252005,0.204698250460414
76.530612244898,-14.3601917302681,-14.6341642546315,1.01054941506385,-0.597224470374443
77.5510204081633,-15.7279544301824,-19.0820955198259,-0.919724206901888,-0.937537264668552
78.5714285714286,-19.8980440642848,-21.3255979281758,-1.41119382245333,-0.809812422500383
79.5918367346939,-24.2179848172403,-23.2021809525022,0.0199005245964193,-0.269093716022246
80.6122448979592,-28.2528879702108,-26.948140370896,0.330270536132419,-1.08067028338634
81.6326530612245,-30.7932202147453,-29.0594088274397,0.429209163209634,0.265116706096975
82.6530612244898,-33.2986332148339,-33.9171158995717,0.66108012126206,-0.469442764442899
83.6734693877551,-35.6575217721622,-36.6000629157078,-0.0980098632241025,-0.837142704643037
84.6938775510204,-39.5250724729845,-38.4909977553343,0.323341260691538,0.38588377912517
85.7142857142857,-42.6830621059978,-43.8745248390232,1.0231341513736,1.2456260920218
86.734693877551,-45.8740489330362,-45.124686295644,0.260545528502102,0.0764078049522325
87.7551020408163,-49.3493825248656,-48.0329486503331,0.365357293696564,1.3403756523668
88.7755102040816,-51.2972387722913,-51.7383147314874,1.66400302524338,1.4839591353866
89.7959183673469,-53.3290218092328,-56.9101676939728,2.34671846274289,1.17878016912865
90.8163265306122,-58.9133061329123,-58.819939209168,1.81534033203987,1.48338229938903
91.8367346938776,-60.0122697610253,-62.019441446185,2.9156327604787,3.09655122153806
92.8571428571429,-61.8894065306444,-63.9315769835213,3.21505750042845,3.15390871566807
93.8775510204082,-64.9810395307197,-65.6330539563813,3.83947014812549,3.7520718932187
94.8979591836735,-64.9672680045639,-66.8103855093696,5.5141596784341,4.31027128416557
95.9183673469388,-68.0188735032869,-68.6045279682801,4.28277776012771,4.86852854288617
96.9387755102041,-67.960112307068,-70.6666108498014,4.77319726139066,6.0503856752181
97.9591836734694,-69.7478133685008,-70.0315830277583,5.91394161235364,6.81897850936987
98.9795918367347,-69.0746387400848,-71.3508510855875,6.31939728768393,7.45971502928392
0,-71.5409644329456,-69.2476114727234,6.31075616295155,7.9785576570864
1.02040816326531,-70.096925219344,-70.798389367206,6.29229936434041,9.48172962787769
2.04081632653061,-70.4074269569846,-69.6508132962035,5.73214616330336,9.9906905784375
3.06122448979592,-70.5949171312002,-69.0097652868735,8.18772011998911,9.43989882155264
4.08163265306122,-69.1267943601475,-67.6067473599712,9.49269601510944,8.81124693244839
5.10204081632653,-69.1760194450858,-65.3639124284368,12.4340585371036,11.101632735752
6.12244897959184,-66.3455742789089,-62.0024814241299,14.1372731399556,15.0057903418553
7.14285714285714,-64.4139841419659,-60.4982589334407,20.9601615569698,18.7991477822324
8.16326530612245,-62.7553756572974,-61.2879562690356,23.5575744869488,22.3836277322781
9.18367346938776,-62.3657648943469,-59.3495841862529,26.5645129139983,25.2666192532918
10.2040816326531,-61.8355351030572,-57.3282433714812,28.9320755643379,26.5282587445599
11.2244897959184,-59.5395242114001,-58.2150169918541,31.0196940487258,26.9797629980115
12.2448979591837,-58.0046471879854,-54.9147992296771,30.92120517367,28.6161336245141
13.265306122449,-55.0159575298918,-50.7790583769017,33.0561167712276,29.1466841605334
14.2857142857143,-51.590591934418,-50.4598599907325,35.1714662672279,30.7946110814494
15.3061224489796,-52.5699871771242,-47.8412992737636,36.2997599402753,31.9545958272269
16.3265306122449,-48.4629712102749,-45.6876476969483,37.6636211444508,33.1215419430721
17.3469387755102,-50.1148809798513,-44.3275711049629,42.048709768359,36.0958113088005
18.3673469387755,-46.7821462141386,-41.4683459201081,44.438860068238,34.407736461763
19.3877551020408,-43.816635806387,-40.0051273214264,47.9416819989198,36.2023011459137
20.4081632653061,-40.9515515927287,-37.3508100065109,49.0947733999658,35.1555544587571
21.4285714285714,-39.6246632137285,-35.0088625991824,50.7492531977081,36.0666274776133
22.4489795918367,-34.0632202051712,-34.4128920917767,51.7237060991126,36.6616938884831
23.469387755102,-34.4271949837632,-28.8558666328934,51.8642691985024,36.9434826055963
24.4897959183673,-30.7663408008384,-29.0951876509298,53.5783179939133,37.786108511516
25.5102040816327,-29.5138890813656,-22.631393888856,54.2162002104672,37.3475759568763
26.530612244898,-24.1724596718249,-19.9630235001368,56.166291463127,37.3711600546844
27.5510204081633,-23.7397287631389,-18.8918814247159,55.4306743704841,36.0613551576803
28.5714285714286,-19.4661784547078,-15.5949811158849,56.6339122555287,35.2342008009271
29.5918367346939,-17.3089735420501,-13.655895946531,56.2677554315301,34.4642152674594
30.6122448979592,-13.3459442423208,-10.0146924067174,55.6189443671492,32.4144817022178
31.6326530612245,-11.1548462362982,-7.10012217054333,52.9315463674287,30.1400915486578
32.6530612244898,-7.80926422068893,-3.64959112362161,51.4677136817262,28.4387257307415
33.6734693877551,-3.1005484376518,-1.07785543798379,46.4163507241657,25.1589293132412
34.6938775510204,1.74779582728709,1.07900996722944,43.4667328322603,24.2085354390008
35.7142857142857,3.53731066416916,3.78433870332518,37.8871280725706,21.1403256317598
36.734693877551,6.38066316556641,7.9852198031515,33.2783077592064,19.3705749239369
37.7551020408163,11.0725497660091,10.7590555681208,27.9297415096145,17.7940169007526
38.7755102040816,12.8727050103336,12.27544489417,23.9844002533699,14.5002339874996
39.7959183673469,17.0460397045758,16.6914139111264,21.1522666412445,13.0754384589731
40.8163265306122,20.3121743372861,20.1909800377289,17.6394637521516,11.4134715717693
41.8367346938776,22.2810484126516,21.6333039736563,15.3496862036314,8.30683142424986
42.8571428571429,25.7476692011696,26.4831862214964,12.6458693220556,6.92558964025428
43.8775510204082,24.6018814265363,27.6044898210962,7.893281886955,5.39832846065824
44.8979591836735,29.2930620832687,28.4378602179071,4.919539470034,2.38722595769179
45.9183673469388,32.0802229988455,32.8602093262829,3.12750181766195,2.12256629891346
46.9387755102041,31.14729366766,34.0915474979723,2.01375496144244,0.769353580842425
47.9591836734694,33.8933426387898,36.7264306226468,-0.164301352632099,0.023985261210511
48.9795918367347,37.3710326021564,39.8003097067023,-0.903625290190639,-0.740892417293833
50,38.2686666622524,39.1483645954377,-1.55233541048142,-1.76252174835549
51.0204081632653,39.4254692161162,39.1032799379544,-1.35786165140281,-1.45883668599804
52.0408163265306,37.9293384304833,43.6714511943924,-1.09270022689996,-2.86157225935923
53.0612244897959,41.6218555022358,44.1103953740446,-1.11581009881349,-1.0744295061699
54.0816326530612,38.7320806357803,42.593857939094,-0.564036267125168,-2.02144232188583
55.1020408163265,37.9540703410916,42.5536476187002,-1.1097596308667,-1.78668023491896
56.1224489795918,37.5809212410397,38.6371672531033,-2.09457571590345,-0.708392094848681
57.1428571428571,32.952468581079,37.4202303165781,-1.60463910619109,-0.959381320382742
58.1632653061224,31.6785454570089,34.7160506638747,-2.14745652457782,-1.01608683440421
59.1836734693878,29.8060279965167,34.3264618112588,-1.42389783288615,-1.37816330060659
60.2040816326531,27.7315784400113,34.0033501900604,-2.97330822989463,-1.15878164645462
61.2244897959184,26.4341165637984,31.7014437539961,-1.928151552379,-0.579285225854052
62.2448979591837,23.747438990378,28.8833470597592,-1.72218405584129,-1.69850439927775
63.265306122449,22.6779885843636,26.1946427006693,-3.11764213456745,-1.37962486551274
64.2857142857143,21.1788645096349,24.8676193749064,-2.27531830973624,-0.779474387173963
65.3061224489796,18.4348493576891,20.5178963383387,-2.58697726479631,-1.40110022690451
66.3265306122449,14.3087704135507,20.3188522832051,-1.91605187671242,-1.43668559623451
67.3469387755102,13.9892667069971,16.0877118151918,-2.00185253228081,-2.08033919731837
68.3673469387755,9.84624858968303,12.5260306142409,-2.8074736978475,-2.21255516759533
69.3877551020408,6.88801568423517,11.3704895991069,-1.88825532468603,-2.22098375021552
70.4081632653061,6.27580150179044,8.29602056673781,-1.80980473530432,-1.97268022232005
71.4285714285714,2.97596566906064,6.23083543947901,-1.87574424190692,-1.16177259488682
72.4489795918367,-2.20909072857483,2.1447200716329,-1.87857309836123,-1.15772950322667
73.469387755102,-8.60138491642127,-0.833037600032494,-1.70405649582155,-1.65191034481738
74.4897959183673,-8.54602577602734,-5.27013043751893,-1.0555550888132,-1.38227076709426
75.5102040816327,-11.1926744476091,-6.59793688658233,-0.973416914896021,-0.427014291922221
76.530612244898,-13.2482730969188,-9.39431658640249,-1.32393811700533,-0.9748635324924
77.5510204081633,-16.3855555005498,-14.3336442252627,-0.874311877168057,-0.897404736392099
78.5714285714286,-19.1105935529993,-16.8611762300541,-1.15787335221112,-0.648410428562143
79.5918367346939,-24.2408502158222,-21.2788906342064,-1.00421647814434,0.155440329995048
80.6122448979592,-25.3130343419289,-23.0048974907276,-1.64794700940254,-1.15884548013462
81.6326530612245,-30.9150716873742,-27.8913555268413,-1.45076709816032,-0.552990600740691
82.6530612244898,-32.9573791125485,-28.9476486875801,-0.915813856860971,-0.484380258029643
83.6734693877551,-36.9009466710248,-34.2038594048298,-0.680918738988317,-0.546238271240225
84.6938775510204,-38.7601853130237,-36.3953558782524,-0.353680177767253,0.279913761178532
85.7142857142857,-41.5419096204125,-37.2210487023307,-0.0374020455236858,-0.222470637201283
86.734693877551,-46.9909620364262,-43.1036252778513,0.602731805114746,1.20385235508907
87.7551020408163,-45.6660263564574,-46.2311973938108,0.327970911055247,1.77259414936034
88.7755102040816,-50.8273966793149,-50.0640222008439,1.8220492851862,1.43952885135574
89.7959183673469,-57.2496409837668,-53.0642326594256,1.89854618721657,2.04413377029604
90.8163265306122,-57.6780066302585,-57.6232882657054,2.38656932898743,2.12452949442835
91.8367346938776,-61.0875488207371,-58.4682653773903,2.47399561536007,3.75163607508238
92.8571428571429,-64.447881680878,-60.0268602166832,3.14021248254476,4.68641058913093
93.8775510204082,-64.7859863498578,-63.4309581158527,4.16127582910109,5.20917112237077
94.8979591836735,-66.5157954839968,-63.3868216235575,5.41657567523456,4.40660014212614
95.9183673469388,-70.4578552964516,-68.1870578959827,5.2571537639548,5.98882810738458
96.9387755102041,-70.9133299045451,-67.5072368325394,5.92961127680713,5.9907613937987
97.9591836734694,-72.5399767027808,-69.4004415705791,6.26424880040892,6.77335364037334
98.9795918367347,-73.2841650226946,-67.1131994703168,6.65758049551017,7.0406940348131
0,-65.967631515661,-71.5217503327605,5.00899861439178,6.74309572394735
1.01010101010101,-66.5700212991389,-70.5834815744695,6.28146180275908,7.12409844723331
2.02020202020202,-66.6335502513772,-68.5922026916196,6.55585515987954,7.37298413293853
3.03030303030303,-63.6132832286175,-68.9818674776345,7.08647219130746,7.9606607572801
4.04040404040404,-65.4350978012698,-67.6837435369345,9.49232131070045,10.374304750087
5.05050505050505,-59.7348321187951,-66.4676769278142,12.9029187403191,14.9107126610041
6.06060606060606,-60.9813906395513,-64.2370676404892,17.0149017328378,17.797598586371
7.07070707070707,-60.6367386519677,-61.7563888128264,21.9566762759666,20.9921834256829
8.08080808080808,-58.278480899766,-60.1456632772857,25.7126826331653,25.0465335413552
9.09090909090909,-55.9883211071972,-59.0312068038643,30.7135154336958,28.2123600259379
10.1010101010101,-55.1218584546745,-57.3902282097924,31.3316185258397,30.6646094884906
11.1111111111111,-51.2745646283895,-55.3340232797194,34.4756221818085,31.5036997481854
12.1212121212121,-50.6454603929448,-52.2501536756365,36.2362065813241,32.0914732824927
13.1313131313131,-47.5895913099628,-50.560969333138,36.2575378964503,32.4206722138515
14.1414141414141,-44.6434480381738,-46.5309307205508,37.6856427923032,30.7983642906811
15.1515151515152,-44.8984923252797,-45.6014812259508,39.6662001927931,31.2367249862894
16.1616161616162,-39.8806047329195,-43.9009940044704,41.5008560543194,30.9358408485609
17.1717171717172,-38.2984933244035,-41.6435439685658,43.924121532336,32.2571032908691
18.1818181818182,-35.2660397137332,-40.1344677042424,45.4232164840505,33.7086838483229
19.1919191919192,-32.3110453522702,-36.9289075912714,44.9033966629113,34.213263460622
20.2020202020202,-30.122454059895,-36.4113144799496,44.3517475805509,34.4125700735347
21.2121212121212,-29.4106287504186,-33.2683957036609,43.103365400173,34.6884215892439
22.2222222222222,-27.2155921124222,-29.3784693415816,42.3592549330148,36.3507855853526
23.2323232323232,-24.1992796443234,-27.5849234246232,40.5054595194342,37.0832536563576
24.2424242424242,-21.3545026457776,-23.4250337969834,40.168743531005,37.9518611843576
25.2525252525253,-18.6199436290072,-23.5566896706957,39.7865716324609,36.6115170189266
26.2626262626263,-16.0372217416775,-19.8746857302508,39.2514405541219,37.6272715663613
27.2727272727273,-12.9252393843154,-16.8557112313097,39.6629559081686,37.9027267647643
28.2828282828283,-9.88042661428328,-14.6407460415307,37.3594521199398,35.9263511393277
29.2929292929293,-7.85909685254491,-11.0686553054333,34.4583875612087,35.1456260386876
30.3030303030303,-3.51072724092,-7.04438475071116,31.6075566280081,32.5485846393495
31.3131313131313,0.676190922254226,-4.86148170692334,30.1688446121354,29.4759572969575
32.3232323232323,-1.36013961880556,-2.9054520305575,28.5145244406904,26.5606864863414
33.3333333333333,4.06354353362601,3.62549921914212,27.8248669696994,25.1087794533917
34.3434343434343,7.62665350921014,4.90093963810438,25.7857736372184,23.2379009945396
35.3535353535354,12.9828309773902,8.86682157918653,23.4285385673306,22.2555116754722
36.3636363636364,14.6126619472259,13.1527259790179,21.804610742669,21.2992737312088
37.3737373737374,19.620127581517,14.5172586715848,19.439230121753,18.7033968049918
38.3838383838384,20.2843867176496,17.816716539271,17.0059805659469,15.6146102806256
39.3939393939394,26.7050002758196,20.9214179147266,13.1754192985933,13.7288650131142
40.4040404040404,29.3999319323951,25.1963630405409,12.0985241224635,12.6095532161524
41.4141414141414,30.2185717926632,28.9739102547959,10.1495717103578,12.0798494471856
42.4242424242424,31.1342899626155,29.0976298394629,7.69919551086582,9.66191254128124
43.4343434343434,32.6727388106746,33.3123802678055,3.30022657537857,6.36247878149599
44.4444444444444,35.8771301557328,34.1619166060425,3.95168457562674,4.70872875036353
45.4545454545455,35.4607751080094,36.83395167423,-0.0818273141834857,3.63631360872292
46.4646464646465,38.4987909430597,38.940982027682,-1.1920877956606,-0.203607361249463
47.4747474747475,37.6230011426806,39.1636760967608,-2.39518928956422,-0.571027216573678
48.4848484848485,39.3732366191987,39.6924147631554,-2.81856519680198,-2.57815284366814
49.4949494949495,40.3942543349333,40.3205666757647,-3.16102591271222,-2.63320393344699
50.5050505050505,40.0163050067407,41.2417014173496,-2.67917261489569,-2.40936186678269
51.5151515151515,40.2402985732939,41.5574100327714,-3.03199782970992,-2.02626103061145
52.5252525252525,38.775709701945,40.343643864594,-3.07987491257914,-1.34582457686556
53.5353535353535,39.322407565445,40.4964027042702,-2.6703276508827,-1.14920126744455
54.5454545454545,38.0158291020169,40.9877376549274,-2.58712127080575,-0.658626975727437
55.5555555555556,36.7218999385525,36.4729883845369,-2.2457738968282,-0.380548640737504
56.5656565656566,34.8009670691877,37.6691383790277,-2.48122730399061,-2.26377326605581
57.5757575757576,32.9182889386605,36.917552654033,-2.42817101698559,-1.23633092093819
58.5858585858586,31.2442160772625,33.0902039577623,-3.36835797314625,-1.4562625889782
59.5959595959596,28.7949630137482,32.1490591020815,-3.53805863457535,-0.789473596483218
60.6060606060606,27.1078023169369,29.7246383664853,-3.11600052690974,-0.120692563027483
61.6161616161616,24.1810187370093,27.105075729416,-2.82414059601095,-0.776052614159052
62.6262626262626,22.0215409118719,24.8361755770197,-1.90961699486844,-0.662210866645644
63.6363636363636,19.72378319959,23.9082921420282,-2.15892592583524,-1.25404245795999
64.6464646464647,16.4408214069589,22.6423632321696,-1.26598792711105,-2.58143475965674
65.6565656565657,14.5422436664425,21.4400882213052,-2.32381165997344,-1.41026677017435
66.6666666666667,12.3600416628525,16.8151533488625,-1.02007275249321,-0.964968312852639
67.6767676767677,8.35395707245385,15.4705325365629,-1.70083576537391,-0.585628137621462
68.6868686868687,5.59624095766367,11.1800117306789,-0.663896391771084,0.0372083794489286
69.6969696969697,3.70259349746668,7.09435251219975,-1.62011617146799,-0.540187570133188
70.7070707070707,-0.0491900357850039,2.43486494345641,-1.37663723059946,-0.245804174306557
71.7171717171717,-2.40419178396556,1.02527781461485,-2.25111619128886,-1.13012283897886
72.7272727272727,-4.8831671406123,-1.33412075217591,-2.57625762517693,-0.527912981056342
73.7373737373737,-5.83999317988686,-3.18629396720442,-2.05865426663552,0.554487686508987
74.7474747474748,-7.68220842455767,-6.8176553139917,-2.12764788794461,1.39663929346856
75.7575757575758,-10.3486152321517,-10.0197557043676,-1.12875219155133,1.71732829161595
76.7676767676768,-15.9897500899809,-12.2114685833398,-2.16853902972719,-0.546561215112217
77.7777777777778,-16.8246525359001,-15.2771064801497,-2.38178447070714,-0.443108280934609
78.7878787878788,-18.6609183966577,-16.0281067134722,-1.81839777023685,0.560287366614424
79.7979797979798,-22.3981460803482,-19.4271493113859,-2.05618463075107,0.244698391932811
80.8080808080808,-26.42892386601,-25.2653441034861,-1.37426143174104,0.0522662577079479
81.8181818181818,-27.6007472023388,-26.0553848926565,-1.87009751393355,0.195314052347464
82.8282828282828,-31.507428128615,-28.0376335771464,-1.96849797270004,0.278451235194679
83.8383838383838,-35.2701536247316,-34.9258693859007,-2.38434387856972,-0.441386234659917
84.8484848484849,-36.5008720262996,-37.1291644461605,-1.33050469443522,0.886608452927368
85.8585858585859,-40.7455480354499,-40.7079926350813,-2.19889015799699,0.127831837085041
86.8686868686869,-43.7380425185534,-43.5333858125415,-1.09839956745801,1.3543237211961
87.8787878787879,-46.4900837278214,-46.3747286512205,0.0167736642168615,1.31847009617503
88.8888888888889,-51.4078315620373,-48.9881532187088,0.0253311617817409,2.29750468030734
89.8989898989899,-50.357019564759,-51.572605989749,0.107660409542732,2.31880813872083
90.9090909090909,-55.3364569268953,-57.7318016480797,1.20750171404086,2.1659675350509
91.9191919191919,-55.9210346753184,-60.4912350770796,2.07513193210773,2.85214620871378
92.9292929292929,-59.960602071165,-61.9881024131799,1.38112723360528,3.73320340291397
93.939393939394,-62.5232250215455,-63.1861789419053,1.24031254600946,3.56343279311597
94.949494949495,-61.126451858586,-64.8443283407243,2.97392111966359,4.05398724606342
95.959595959596,-63.6300142951172,-66.7055803194995,2.57457275019899,4.61761842370016
96.969696969697,-66.1705768107061,-69.5758725429193,4.14262232383502,5.37829774362018
97.979797979798,-68.621288779551,-70.6669759491872,4.5460524721856,7.92919857296879
98.989898989899,-65.8952653098012,-71.3969716983156,5.24373641455349,8.76664571332414
0,-64.7745189441262,-66.4766185467702,7.48583899039992,6.06499022764324
1,-63.8270586021239,-65.334707603206,9.29846414275149,5.3355780328414
2,-62.2423551582087,-65.2823970965199,10.007508149008,6.39997793846576
3,-63.0012224665796,-64.283972577623,10.4662634461803,7.4137386278044
4,-60.9974453098902,-61.3514080219395,12.197209448869,8.90258063955279
5,-59.9335499879151,-60.3674686435333,14.4345919573642,10.7450823200868
6,-57.2938053690503,-59.0068659473703,18.8567746564531,14.5470453897034
7,-57.3691731989299,-55.7595079994956,24.9101890478798,19.7611762527852
8,-54.6769835865474,-54.219753675333,29.0674862023732,22.4238731835925
9,-51.5765423292209,-52.5839607926049,32.3092442797591,25.0155174431663
10,-49.8587649167469,-52.4131944511724,35.5456809347491,28.2555374765838
11,-50.2888236144732,-49.9423515754733,36.1001024212943,29.9456906326717
12,-46.5506000414983,-46.5211210803966,37.3885026054822,31.7036879191197
13,-44.6515295425,-46.3935293078496,38.8713525906222,33.1353983998724
14,-45.6153024714164,-46.2799419606662,39.1657543215257,34.2215516326479
15,-39.2340822344586,-41.4719621601711,39.8934424559971,35.4102941352839
16,-37.1066836021518,-40.9942661155604,43.0025799631241,37.2591745065609
17,-36.0471529881023,-38.1676011082593,44.2706428982006,39.0147855338439
18,-33.9522869100586,-33.4246367486884,46.9545954290761,41.6062000010566
19,-30.3085581146808,-33.5252230828558,48.6958969613797,44.7071901159017
20,-29.3517258337076,-32.0117786701855,50.4443882267936,45.6035707305191
21,-27.3086389114394,-27.7931656292245,50.8101532223579,46.4712044588206
22,-22.8268299952891,-23.9887499389974,50.5993411415797,46.771081877712
23,-20.9909566766304,-22.4285598588497,49.7260152328353,47.0019825261144
24,-19.5492536685678,-17.7135517233817,50.361800342491,46.731264834692
25,-16.2324751870441,-15.3592185427354,49.6067361942621,48.5123399670225
26,-15.3350356897552,-12.0404530155302,48.4057681760723,48.8203599618126
27,-9.36702613209285,-8.24815773624293,48.9456911126616,50.1514847706613
28,-6.57785512452526,-6.58462447782079,47.6445867723583,50.8539078505218
29,-5.27107306489605,-1.37398016182043,47.0811540081633,51.6458798165343
30,-1.94505096514403,0.645561682282833,44.1056850795599,51.4376702175446
31,0.228545343376792,4.03400500880363,42.7035606961062,47.1606489664302
32,2.77570132574777,7.59269892139341,38.525249788204,44.1375381022078
33,5.82950386789109,11.1001859751204,34.5985938404878,40.0249121170798
34,9.27851917568158,11.7258228729374,31.7114429406126,34.4049176096962
35,12.1025114037396,15.2184439270567,28.0555689943862,29.8946364629508
36,16.7369677435595,19.4902569578099,25.2436413127682,24.3043966023372
37,19.0861613713535,22.0305246235899,19.8309546078539,20.4157673972203
38,19.6299116328345,26.377859136719,16.620161329369,17.0140639062961
39,24.1449198270522,28.7975513283328,14.2746614519293,14.403286236622
40,26.5658442379446,29.1110267147001,11.4865588692759,12.877758413735
41,29.4497273285902,31.9927239101877,9.05756037604762,9.96794579967871
42,32.7577948803682,35.944159656956,6.14909137667052,5.65966396648887
43,34.1392751848862,37.479867017727,3.15234627423797,2.04306858157647
44,34.9783097463204,39.170958799888,2.10115713113862,1.25810037668726
45,36.0243114115257,39.7797529789128,-1.46101284333448,0.566597249546922
46,38.2313441989602,39.9713866136377,-2.83728029581315,-2.85596805764839
47,39.7669868658049,40.7290617575478,-3.92044091063207,-2.79391645545237
48,40.0525564406184,39.9674899854639,-1.90298750485727,-3.4858317961117
49,36.7959700436645,39.2914182098685,-2.58591673350337,-1.02869454671014
50,37.242491232159,41.5225697255712,-2.52561168209598,-1.34188891431977
51,39.6586691095344,41.0824947074733,-1.30019083720468,-0.717976131538345
52,37.8871065537881,42.0693286182953,-1.39243786960698,-0.698479726190918
53,38.69185551141,40.7529477355806,-0.833761111496452,-0.398347745265524
54,35.9981564478062,37.9651803527164,-0.975781893438393,-1.10416371520348
55,34.472248751953,37.466638661797,-0.834605345640623,-1.14310262996311
56,33.7585466444249,38.6791277249743,-0.360010266694253,-0.328381337342496
57,30.6334904829472,37.5643200113679,-1.64582261886537,-0.793122485911044
58,29.7707343138604,36.3424864540249,-2.25671430847564,-1.78662205357273
59,27.4833131081896,35.4120503627006,-1.41716378402098,-3.48584601639556
60,25.5831430259765,27.9671886310672,-0.833030220572402,-3.01179720540602
61,22.9485443089359,27.6940450019411,-1.37968945582147,-2.43443695633158
62,19.4956917661814,22.7000056747244,-0.326861091825661,-2.07982252600926
63,18.5449632305081,21.2140211186999,-0.261385990071625,-1.46894951765789
64,18.5729484033594,19.407669252542,-0.119080977944134,-0.871213709009501
65,14.2962059909468,14.9513443308398,-1.19402391369631,-0.630985242959111
66,9.84541255546524,11.0852493520536,-0.731755060168287,-0.626577342194814
67,7.9299324430019,6.48681541126325,-0.412288952300361,-0.577026941466936
68,6.61930162458581,3.95461303470442,-0.491872874405881,-1.1360808367857
69,4.75395316903654,0.147497776180958,-0.378331168008554,0.363288472188117
70,0.0544712336947291,0.077704202731379,-0.213325502863112,-0.127336086907026
71,-2.85427077816,-3.48885057344877,0.954134276379657,0.586231154598253
72,-3.49530595513369,-5.81507962606694,-0.941743463496923,0.50275395514867
73,-6.35242959166196,-8.77628532884783,0.360117463353457,0.428568867420646
74,-6.38589052460844,-9.96695100057286,0.105048876190261,1.19762907225548
75,-11.0110797180615,-15.7096312227876,0.669836622563286,-0.19285288257257
76,-14.1698152219467,-18.0497018299042,0.209497212171929,0.955540942244438
77,-17.2787395177653,-20.5116148503864,0.393475055184642,0.239848468458792
78,-18.7778030568037,-24.5469688265974,0.757029980344934,0.651416450453549
79,-22.7935438885545,-26.6468899299445,0.776120431233661,1.95404562002676
80,-23.5262465331592,-28.7881200728841,0.293908207040641,0.305884527998817
81,-27.4671790485392,-30.0091099495265,1.70136626841107,0.845484744774566
82,-30.6985032153295,-34.2562108437618,1.14556211944037,0.974013353539452
83,-31.5845142347301,-37.2054222730382,0.686780709527147,0.481951890041348
84,-34.1422470517412,-38.2224397834531,0.983941961906541,0.560822591883775
85,-37.2614724119476,-42.2274660073685,1.21596561389477,0.165587234294018
86,-41.1152239703919,-45.3088455877489,2.20869509096933,0.220840492045894
87,-41.892090180607,-46.8639221996023,1.2956065925818,0.105663013098037
88,-46.442387652329,-48.1598760055311,1.67374556452215,1.47990778354048
89,-47.5630994094387,-51.1371307489642,2.10582447513344,1.76081186442596
90,-51.4747235389204,-52.8000239596313,1.69673870531665,3.36147337780129
91,-52.2254888659505,-55.153798933198,4.10899249689864,3.32351048358605
92,-56.3589110064959,-57.7700931715507,3.35825808603121,3.84773168094519
93,-59.6867024257844,-60.7466478729382,3.78785613051982,4.30976932389924
94,-61.2029181305439,-60.4632797626795,3.46249321185041,3.50190892983886
95,-61.8138454544231,-62.8216018958118,4.35684605775966,3.82644798508882
96,-63.2401717335832,-64.3992393934319,5.76566856712801,3.83963221456958
97,-61.887063772198,-66.319118840932,6.86674098639205,3.84591128069038
98,-63.3589142935262,-67.6491925702475,6.76446185460177,5.47755163189575
99,-63.4930800755107,-66.3290166826979,7.38201188773584,6.31541500049988
0,-64.827683223261,-65.2078018932062,6.38783994039602,7.29666140975102
1.02040816326531,-65.7481056503394,-64.1819172634469,5.50742241128316,5.40684998424832
2.04081632653061,-65.2803421352489,-64.3174135736491,6.57020833310816,6.45841267110341
3.06122448979592,-63.0407999812547,-62.5251354052046,7.92766362498391,8.2629626562506
4.08163265306122,-61.0907825041813,-62.3288433358769,11.4653723478905,11.4919896379327
5.10204081632653,-59.9761029114067,-59.8545765741486,13.5436931103462,14.9454282983963
6.12244897959184,-59.8906629033402,-59.0121332924612,17.654026070177,16.080662483427
7.14285714285714,-56.0289060817107,-56.8524761971611,19.2741016458922,20.0647248091261
8.16326530612245,-54.2102154477003,-54.823335607035,21.1976571333479,22.7246456974355
9.18367346938776,-54.7042615089025,-55.0157784762791,22.5112058248208,24.3391670366656
10.2040816326531,-50.1206993269542,-52.876956562248,24.9829097830145,26.806466470384
11.2244897959184,-48.2657572406079,-47.9749705062954,26.469323070735,27.5455535054533
12.2448979591837,-48.0730819227867,-45.6476749571891,26.7076814420371,28.5285147081508
13.265306122449,-44.3963928985744,-45.1833368915853,27.8458529889863,30.1480736111431
14.2857142857143,-43.8018143555662,-44.5144948264857,29.5396750988843,31.1405763156845
15.3061224489796,-42.9497110834426,-40.701667234439,30.3137531040387,31.0878055469803
16.3265306122449,-39.1458904454459,-36.6684503516929,31.4227967473661,32.9244041544368
17.3469387755102,-38.0805895580352,-36.4149222897554,32.7378776268363,33.3099311348084
18.3673469387755,-35.427330124229,-34.8735110588036,33.2001104866705,34.4525076583914
19.3877551020408,-33.8916546616438,-29.513443705584,34.0263027516831,36.4411754314163
20.4081632653061,-30.0906083360328,-27.9664919751438,35.4580954745631,36.35763934
21.4285714285714,-27.7694198467862,-26.8699809120456,35.0787213698521,35.2507805327721
22.4489795918367,-25.2120805364156,-23.8215274370149,35.9176390344741,36.3147402828477
23.469387755102,-23.7978499732325,-20.2230294708689,35.0701877293289,35.4096606377987
24.4897959183673,-19.3454180778846,-16.6905637844942,36.2734654048272,35.374316789898
25.5102040816327,-17.2346236058152,-17.1777819059439,36.3194294576823,34.4623015070964
26.530612244898,-14.4821095995659,-11.3081028084781,35.8851560854469,34.2702575319723
27.5510204081633,-10.8951325760211,-9.99912127914085,35.0435604783627,33.2975983230943
28.5714285714286,-9.2265277797089,-7.76251419020908,35.3169938842011,32.066853698888
29.5918367346939,-5.13576239331509,-6.4035520549937,33.5690751309198,31.4979105660189
30.6122448979592,-2.93284284876871,-0.764565891922699,32.1120764535431,31.4156901852564
31.6326530612245,-1.24212496245619,1.92262368317561,30.2320688241444,31.0503184998354
32.6530612244898,3.58880142509591,5.73458089031369,26.8422303876862,30.2979638818447
33.6734693877551,6.88385384306815,7.27186635398321,24.3799942983297,29.2652724720677
34.6938775510204,8.1208331559984,11.0554569483658,21.6159833702402,27.9642047743033
35.7142857142857,11.163914508837,15.4120066140481,19.2366485517624,24.7045901769987
36.734693877551,16.4708999256009,18.5987819069912,16.5008362076965,21.6746155746254
37.7551020408163,20.654463151017,19.8433317543967,15.4085413159532,17.4293525860688
38.7755102040816,21.8961205380898,25.0581766149811,15.1891872279189,16.1185676387986
39.7959183673469,26.1113929624563,28.5156805665407,13.8091631110272,13.9326712664122
40.8163265306122,28.4571666444287,30.3108452093827,11.4993797740348,10.7826884805109
41.8367346938776,30.6907428794907,34.1519435284022,10.2399230463037,9.68302997902841
42.8571428571429,33.7493326925079,33.1959580712205,8.40385443523284,6.380987320949
43.8775510204082,35.0381570501481,37.2031318713127,6.13747984033711,4.37061665053679
44.8979591836735,37.9656355474019,38.1162153866186,3.37761825546074,1.99352749063727
45.9183673469388,37.6304591146231,40.6328394157485,1.69508671727371,1.95438119019337
46.9387755102041,38.8027638376405,40.3643293919088,1.06854469990537,0.261829615977445
47.9591836734694,42.6547014797482,44.2858186413151,0.657724148872697,0.338002672733071
48.9795918367347,42.2894929452199,45.652352480716,0.109357618421157,-0.437798307131799
50,43.2378344678238,44.1394362282266,0.423443739654363,-1.82611342983139
51.0204081632653,48.2127617916154,44.8142538532728,-1.59249554730857,-3.01182344829738
52.0408163265306,45.9980987460378,47.665812220129,-1.92814008508426,-2.26399867308611
53.0612244897959,47.9300246209445,46.2035089334537,-3.78149753117684,-2.41223650747499
54.0816326530612,46.2924738623286,46.4552977354837,-3.24128533433232,-0.801233617352242
55.1020408163265,46.7837686815828,43.9490532616414,-3.27679058860517,-1.30967915274483
56.1224489795918,46.1531956178702,47.1549303715311,-2.29924558271149,-1.57443288176454
57.1428571428571,44.8001766355401,44.6424153154687,-1.81594492104766,-1.21627637909926
58.1632653061224,44.245705457831,43.9560069828985,-1.43320692085148,-1.45658626848251
59.1836734693878,41.463049377513,43.9099803521123,-2.30478871289479,-1.65487160585578
60.2040816326531,39.8538743341044,43.5184199802933,-3.17891109803705,-1.64547759634501
61.2244897959184,39.2214204195179,42.2282056063737,-2.90968333598142,-1.10433524227234
62.2448979591837,35.3570847168292,36.8686800673223,-2.83475564012983,-0.793234024725422
63.265306122449,32.4207190414553,37.4757065879249,-2.00030661317301,-1.19118232593358
64.2857142857143,30.9108324219445,32.7283922641555,-2.05143419193755,-0.668371225890645
65.3061224489796,27.4966124940556,32.7222470867962,-1.58488048059036,-1.9636804928315
66.3265306122449,24.2705026436372,26.888115433956,-0.134648050155145,-2.03579560672627
67.3469387755102,22.9491889926858,26.831584105276,-1.76887011617453,-0.880408855902226
68.3673469387755,19.3225971870675,23.7485392194439,-2.0080840066453,-1.69897535398625
69.3877551020408,15.0906114863114,19.6021327827519,-2.54224519552808,-1.75744303849436
70.4081632653061,15.7144743867948,17.1053076117142,-2.40433697094385,-0.75868106129541
71.4285714285714,10.6025449085949,12.8479083561111,-2.11495012680537,-1.31974378242443
72.4489795918367,8.12513625067196,9.81924386124216,-1.63400139649349,-0.751518522988922
73.469387755102,5.95058665610372,6.3525496311929,-1.52306771041002,-1.06217254518
74.4897959183673,3.04074480760602,4.81236607640026,-2.16468669221055,-1.00178030749191
75.5102040816327,0.161662199682311,-0.320152066767584,-2.31763630907641,-0.854666299696482
76.530612244898,-1.8261299668463,-3.75267876785552,-2.05745005292455,0.184341122552354
77.5510204081633,-6.20270300030919,-6.46095447068743,-2.33671499195505,-0.246233802632934
78.5714285714286,-10.081866241155,-11.8594570671919,-1.8916909810951,-0.568837994055749
79.5918367346939,-12.0682162691612,-13.1306605566836,-1.42829925010871,-1.05616323141195
80.6122448979592,-13.8621474076005,-14.5145660522929,-1.50831462413956,-1.03763043376026
81.6326530612245,-19.515183349527,-19.8216861466603,-0.328637361636808,-0.330218969527767
82.6530612244898,-23.4293923990855,-21.7959945925959,-0.998505683463906,-0.113281295991065
83.6734693877551,-25.6574806330443,-25.2097863637013,-0.885377807771149,-0.689728263794596
84.6938775510204,-28.7902835963112,-28.0606426272568,-1.0238408097184,-0.325882435858726
85.7142857142857,-32.5161486261964,-31.5032101962868,-0.992378368317431,-0.148615606812733
86.734693877551,-35.5832308950597,-37.956542257825,-0.689521076340356,0.772344177468899
87.7551020408163,-39.8395255040917,-40.0965488599673,-0.964130357669926,0.837409342355177
88.7755102040816,-42.0715674337843,-43.2376869368918,-0.648225858821658,1.27022324052945
89.7959183673469,-47.0950673023992,-46.2996091151738,0.548131378010288,1.58805281002992
90.8163265306122,-48.0658437116515,-48.3165332431469,1.99670523068225,1.66309491419089
91.8367346938776,-52.4541497393386,-51.7406017459392,1.74565166843437,2.90050363213464
92.8571428571429,-54.9814940536369,-57.2254444278318,3.07518114150373,2.92537689192009
93.8775510204082,-58.4841932607844,-57.3031700571831,1.30572259030917,3.79164760833235
94.8979591836735,-56.1237673961096,-59.0342787983474,3.7792360892121,4.75416034342829
95.9183673469388,-59.4956720060747,-62.7541649960357,3.94623855515248,7.28749155621012
96.9387755102041,-61.596529609091,-60.3942477912879,5.69832369254749,8.15734350163779
97.9591836734694,-64.3215224752124,-62.1758321663677,5.09053904800784,8.32442378528021
98.9795918367347,-63.4381859679306,-64.4296686735925,7.37420223872509,7.96194165073536
