"Normalised.Time","Stroke_GateAngle_1_sim_elite_15","Bow_GateAngle_1_sim_elite_15","Stroke_GateForceX_1_sim_elite_15","Bow_GateForceX_1_sim_elite_15"
0,-69.6516876071202,-72.1167814886087,6.61325375488506,7.4375872445871
1,-72.6705649888325,-71.3539201393205,5.93543597271583,8.56278419222638
2,-70.3406529146174,-71.093171088869,6.05223349816611,7.99871553121629
3,-70.7718174020163,-67.846623596994,5.53378272203588,9.05310743031547
4,-66.6034629247245,-68.6387944301919,8.85080140578523,9.47670659844929
5,-65.3079287766237,-67.8742409639352,11.6574127188283,11.9351359030847
6,-65.1311043689604,-65.2893397504708,15.230778334059,15.4756336687825
7,-63.8612588542609,-62.8896427266299,17.9098885644264,19.5470797411006
8,-62.1100449147213,-62.8034016824623,21.848186735034,21.8452361526386
9,-60.2191817787346,-62.2144938801821,23.8765897155829,24.7517151489765
10,-61.61740261744,-59.3145238213519,24.9563558192821,26.4742646569793
11,-58.472073423042,-58.8363754166572,25.7793284608953,27.4130958524593
12,-55.7427064275879,-56.4679147392446,26.7000188238511,28.0114197238139
13,-54.3542404789945,-56.402969552778,28.5795785517061,28.5779551875067
14,-54.0583733139702,-53.0569614147419,29.2548625962328,29.8587465428793
15,-50.7882918394645,-48.9010390854539,31.2875347697172,30.607750118589
16,-48.4932181475614,-49.5320819295427,33.2073080626918,31.4447813427511
17,-48.0327830457238,-44.6063572540601,36.254173732406,32.8657185018849
18,-44.2108340391306,-42.7202043369262,39.0607170615505,33.8651205867059
19,-44.2001894284324,-41.7584932559362,41.4735033722564,36.0391396156705
20,-42.5932379324051,-39.2326244722169,42.0257533124453,36.6926902525404
21,-38.1416118279361,-37.6289259064682,42.23432997327,37.07873625069
22,-36.8123640915452,-35.1007846778563,43.4798913884995,39.040850701801
23,-33.6893884921562,-33.6314534036739,44.1063495664181,38.3683113597211
24,-30.4164175479691,-31.3940078266157,46.145534926213,38.1213699095721
25,-30.3165943246328,-25.9098535194216,46.5497590918825,36.5055985455359
26,-28.2245794928232,-25.7481112543414,48.2495075302424,37.4661376949824
27,-23.8950307145602,-22.71961743161,48.4355655882755,37.304711392967
28,-21.7980114625873,-20.6608451078527,49.6500090427345,36.0775755193166
29,-19.9569532409261,-15.4807313492675,47.0731521193803,35.0145702824144
30,-15.8137017108237,-13.0855675347813,46.1999188715154,33.2028549214536
31,-14.0247183584961,-12.8805843097512,44.1851053332889,30.9453474542245
32,-10.5911962610882,-5.82950322016067,42.9579683520376,29.6182248299162
33,-8.14398645496079,-3.89179141103337,39.6562704444483,26.5877941818584
34,-3.55991680603766,-2.0054361118558,36.2097862036637,23.7482786853833
35,-1.51306271972587,2.56853008803017,33.428037269028,22.5539401767065
36,1.37601258653256,2.85891120748427,29.5148511650775,20.1080307565366
37,5.07143143526059,6.59881467637544,26.0913168992033,17.4254644372256
38,7.80407706171372,10.3335550971795,22.4728159077145,16.5087636964094
39,9.5600434741944,14.5477614197092,19.399429667275,14.4267828352073
40,12.7719964390362,15.6234243095181,15.388160654159,11.9085951641712
41,16.6203526606478,17.7241771500585,13.2362263905796,9.77385857835913
42,19.9748158080108,19.3822809979155,11.1277366741371,6.70883586723877
43,20.9113691878578,22.8686986511397,7.5473669093865,5.5180360389386
44,23.4746099252599,23.9201323483869,4.09998445653173,3.77562308282667
45,26.578718918028,26.0732879260903,2.51615649396977,2.96550436172846
46,27.9200333729223,29.7481685086428,0.890269414932499,2.29910954661945
47,26.5605728630311,32.1598093325047,-0.797238459777682,0.483251852376607
48,30.2755702206907,35.742057963647,0.791304246599426,0.928976208267039
49,32.1178638792333,35.5975052703751,-0.791325183087828,0.0486146649459064
50,33.0573933543527,37.0814421346425,-1.02669863003974,-2.12970497673868
51,34.7554139576138,39.5447362399712,-2.14815594186983,-1.14876731047267
52,33.4548490951217,35.9170642816007,-1.78315970198608,-1.33591625590275
53,34.7718704440716,37.0605389522055,-1.99422788748665,-1.13517631028987
54,34.8042002635157,38.8754111183732,-2.18368925369607,-0.805054469582099
55,34.4943594980319,36.7291597493558,-2.56677928116773,-1.54772274475074
56,34.783608181758,37.6934126853989,-2.14382985911356,-0.748892174724643
57,31.6013446314788,34.7024170644779,-1.78181951876884,-1.13346025160411
58,29.3219037881538,31.8776803986043,-1.53213960655926,-0.800888434213243
59,25.8745161270619,30.7437304979891,-2.1107727652736,-1.2271171391733
60,22.0065211940043,30.2612567047014,-2.37588354841533,-2.46508507425467
61,21.3952972261215,29.8418704460268,-1.86209838989837,-1.94071441557294
62,20.3638267081229,26.6221306710692,-2.86855195729993,-0.692048133661039
63,17.4648462941886,25.126242485879,-2.4427461821726,-1.55267200660371
64,17.7275310247387,22.6787279857004,-3.27381598233128,-1.15591605577427
65,16.5642437691696,16.4975046232512,-2.83409491834685,-1.77472981168796
66,15.8085133439544,17.9984595742456,-2.595340532749,-2.1384157570822
67,12.6143756256206,14.3235312412333,-2.26425391297142,-2.2599959502351
68,8.91447782196242,12.9783537843653,-2.1122025057275,-2.36588840212677
69,6.12561846297024,10.3515090429705,-2.09846143309981,-2.27014143799577
70,2.75854759473124,7.26889390727574,-1.3763487969203,-2.26390700000772
71,-1.8964294203537,4.42512258987131,-1.69370560036767,-1.56765883943086
72,-2.3681290482901,1.21778144084303,-2.69713930685308,-1.12570058777237
73,-6.36933159113874,-2.67153566314058,-2.81474184527427,-2.00086996093902
74,-9.61473628363166,-3.3326880985087,-1.93014254751707,-1.45493957574845
75,-12.1853258572175,-7.13736381235149,-2.59530150702749,-1.65583916125691
76,-14.2824717810984,-9.3364066720777,-2.04335208109571,-1.28681013852682
77,-18.5052632430094,-11.6239141195409,-1.94708820002334,-0.912616348109812
78,-20.0207994930486,-17.5338817698581,-0.430241339845211,-0.643711062338956
79,-23.9179775264641,-20.8641827995889,-1.45244961273728,0.298335600975554
80,-27.5787146523627,-23.9849161615081,-1.03513454341717,-0.567877844832145
81,-30.3567055530512,-27.5877660547431,0.106075648420057,-0.868964886798542
82,-31.5979315362572,-30.9966346851829,-1.09930062310104,-0.210661620780373
83,-33.3639893313927,-33.6417046168261,-0.118810797983427,-0.36400870645838
84,-38.4647194422874,-34.7498081348663,-1.63099143374314,0.251371407996385
85,-41.2618446232193,-37.4208115226616,0.0737639190310022,0.482908970107756
86,-44.2305620848301,-41.2956931236235,-0.123528091566186,0.675813360159132
87,-46.915965592734,-45.7664485525783,-0.169802138753319,1.00370904073462
88,-50.4950663997847,-49.6380597247327,-0.315788165684351,1.05118592672123
89,-51.8407292424203,-50.0564198752673,0.892675348086569,1.06701861379409
90,-58.0019598568238,-54.7431135971115,1.50371707821251,1.48711415619921
91,-54.9334683824861,-57.2272613279234,2.30811300515843,2.10203069395258
92,-59.4696188689618,-57.6753231748527,2.19012534334886,3.68124101033027
93,-63.6146952126862,-62.6417999543779,3.03842177232075,4.37522602335098
94,-67.585695814428,-64.0863073047286,3.97255509890991,4.37506483930917
95,-67.6257472526024,-65.9771864695156,4.17850686374504,4.07444750286273
96,-68.400326083974,-67.8684009351449,4.68938545846968,4.57237496538413
97,-71.3274383841497,-70.6275520587755,5.03754937258321,5.3786959544802
98,-70.5777898473011,-70.1617686122364,6.57202515879586,5.31141226231817
99,-71.3590142373956,-71.3674357432344,5.68771468500858,6.14544119134703
0,-65.2754933084023,-66.4597974369827,7.2557146336126,6.39506128719073
1.01010101010101,-63.3815936771626,-68.3091442395382,8.2635414169607,5.66180677086922
2.02020202020202,-66.6807739038119,-66.3107600788402,8.11044152948389,6.59615662719589
3.03030303030303,-63.3591582182987,-64.2644341088562,9.58885618151405,7.01342814978751
4.04040404040404,-61.46774454826,-63.3168733450947,11.7462890274941,9.77055110152199
5.05050505050505,-60.7493502854066,-61.3084850601905,14.1566658841436,13.1531851201049
6.06060606060606,-57.8555481890908,-57.6805149068316,19.7762477068735,16.9758515810718
7.07070707070707,-54.4891649411225,-59.1384063398646,24.0339579622277,22.414827962019
8.08080808080808,-55.937970449376,-57.4362114961994,28.0974111853343,24.9433281928613
9.09090909090909,-51.723287887471,-55.0880533778967,32.7560978738467,27.0257966401863
10.1010101010101,-51.0633913032092,-53.3975778921516,35.1049467128592,30.7646151803598
11.1111111111111,-47.5191014155405,-51.1930245848547,36.3634536970445,31.5867165323801
12.1212121212121,-46.4920982187726,-49.5658448203634,37.7435202463595,33.2682352662267
13.1313131313131,-43.99372964565,-47.83596501556,39.8539906235286,34.5629931623452
14.1414141414141,-42.1325721005276,-46.2254719383083,41.3414448079572,34.9861834112183
15.1515151515152,-42.4358952601476,-41.757978616983,45.1180549155347,36.4963792092905
16.1616161616162,-36.9282750295821,-41.6746163023826,46.6202449286211,40.1181801848628
17.1717171717172,-39.0415704344213,-39.18882739494,48.9510703162811,39.6493829597005
18.1818181818182,-35.845688873384,-37.1776077625564,48.8821391387253,42.5126929785916
19.1919191919192,-32.6344122108932,-32.8615807138846,51.1406733596638,44.2376786918338
20.2020202020202,-28.8420086785573,-34.1144782336432,52.1699213311086,44.9621858251685
21.2121212121212,-29.0166506570887,-30.4371315651375,50.9521261808211,46.2203450714713
22.2222222222222,-24.1665228970545,-27.6861799393623,50.2734873738942,46.8071343011802
23.2323232323232,-22.5652991352574,-24.6685471949298,50.3180559761075,46.4723095557458
24.2424242424242,-17.4934209331111,-23.4419406760278,50.6731005520469,44.9476006999886
25.2525252525253,-17.4376119416731,-19.6398763283298,50.2225072564943,46.3870747522609
26.2626262626263,-14.3477390573001,-15.8880703663438,49.0858915265661,46.598974053682
27.2727272727273,-11.4420537477163,-15.1190214111945,49.206874522628,45.4895563289537
28.2828282828283,-8.45798594124749,-10.0588443401806,47.8992170756486,46.9517475243323
29.2929292929293,-5.79979769117907,-5.82877368224297,45.5401777288848,46.3925517734873
30.3030303030303,-3.57601210843591,-3.4733367483065,44.2900086756603,44.5305071521677
31.3131313131313,-0.0947025109474194,0.109218270520017,39.2220535477288,41.9764811337134
32.3232323232323,2.30061093709796,2.61135440925202,35.6817705806129,39.2011160690915
33.3333333333333,4.95894074596068,8.06639366337706,31.7035603826467,33.7171784834002
34.3434343434343,6.2729122038224,8.72687717400704,28.2405661868224,29.5787320689395
35.3535353535354,11.7117122932675,9.77118063168248,25.0019960003874,23.9784910935102
36.3636363636364,13.5115488513383,13.9307790330958,21.3885320946981,19.6597333354655
37.3737373737374,17.5910104861889,16.8621009174985,17.572306631219,15.976383848081
38.3838383838384,19.5429612631073,20.7328718209006,15.0772304018032,13.4670356383588
39.3939393939394,22.6813209379233,23.4373401320359,11.8491034350438,11.0512419018577
40.4040404040404,24.6352272851792,24.2326171939375,9.31133017327827,9.39203341560025
41.4141414141414,28.13175976003,25.5902733822688,7.12676394967548,6.54390342248149
42.4242424242424,28.1410896046685,27.8722728562172,3.49564188613028,4.34096853441473
43.4343434343434,31.4828800787922,31.6066014188844,2.04390511842282,1.33489893763184
44.4444444444444,31.3033633510092,30.9381697283237,-1.59566123794225,-0.149545464024804
45.4545454545455,31.2351430286506,33.1336208102915,-2.95319699642241,-0.415503009007075
46.4646464646465,33.4338822640021,34.7037614290324,-5.68091765545413,-2.33757477988658
47.4747474747475,34.1279388914672,34.4929773900311,-4.40379054607513,-4.84962156433964
48.4848484848485,34.001394155095,37.1264602023728,-4.81304731218817,-2.53978512586561
49.4949494949495,35.9963921364995,37.7178915038703,-3.11709373146185,-1.51635754573036
50.5050505050505,35.7868097601008,37.7823680900419,-2.69030280076349,-1.21360622966149
51.5151515151515,33.6104911707999,38.0258427517564,-2.54445160956758,-0.434354987214998
52.5252525252525,33.2249367981899,37.5507501106051,-2.21012902258634,-1.22838566300833
53.5353535353535,32.1488411134124,36.9850816565464,-1.89335373193549,-1.4674510045631
54.5454545454545,31.9819450748561,35.5854434399171,-2.77788088245651,-0.611345988546656
55.5555555555556,28.6755917947242,36.8649458985048,-2.30658351634625,-1.61318219727766
56.5656565656566,29.9922170796046,35.2818042475353,-1.1859650777274,-1.02127667057804
57.5757575757576,28.3497048346037,32.7377861080313,-2.91209415620549,-1.95432302840012
58.5858585858586,24.7601520416642,27.9123249772416,-2.40521133592351,-1.86870477650245
59.5959595959596,23.3559225695376,25.7037012541317,-1.39392887831653,-2.86920434413831
60.6060606060606,22.7622074830079,23.7642536491513,-1.11562285815916,-2.40076377902634
61.6161616161616,20.1302921808795,21.9774009901664,-1.69213103675096,-2.06933661295522
62.6262626262626,17.8451779124621,19.6455267147737,-0.958795228489276,-1.99669974616697
63.6363636363636,13.3420944833759,16.5229613217021,-1.17604722335128,-2.43540731115799
64.6464646464647,11.8741614998578,13.5335681690928,-1.23886870435485,-1.85487595862412
65.6565656565657,11.9590635225689,10.4409271813179,-1.43073453608213,-2.33771143433856
66.6666666666667,6.63600120510666,6.90099655926244,-1.09917609720903,-2.4376860465412
67.6767676767677,5.85205573641059,2.7939048734919,-1.64256171237118,-1.86048708895768
68.6868686868687,2.06447838463256,-0.525343394410825,-1.56479265920343,-1.85814150278902
69.6969696969697,0.942365845427997,-2.7641610581078,-0.0962547960565459,-0.250263524734044
70.7070707070707,-0.869157078659193,-4.62429466611971,-0.275972525932323,0.35360191709979
71.7171717171717,-5.92349100498058,-8.23660343633366,0.591668933381799,0.724205451433405
72.7272727272727,-6.94712457261797,-10.8520781066402,-0.0726019388040524,0.529940700356102
73.7373737373737,-11.3919206102104,-14.2516872692344,-0.467236130235045,-0.125302982354675
74.7474747474748,-13.3138402374284,-15.7156790762649,-0.215827077535572,0.309023352624686
75.7575757575758,-14.208100645187,-20.5531364103814,-0.551703599993533,1.56269265514933
76.7676767676768,-16.6339667995522,-21.7905818315098,-0.384553863604219,-0.0512017680760792
77.7777777777778,-19.3443977295544,-25.9847080128321,0.732211292820339,0.248901935035502
78.7878787878788,-25.1814058077855,-27.4446890051078,-0.744315755452109,0.204160719219894
79.7979797979798,-25.3537804267771,-32.5581696177047,2.18148467918782,-0.0389639954366642
80.8080808080808,-27.2320714889045,-34.0098287018047,-0.13551466395045,0.531726701423047
81.8181818181818,-29.2412796366126,-38.4468932282151,0.843352763426189,0.139065258864994
82.8282828282828,-32.9518028262265,-38.1890877221687,1.49257877174613,1.21857069850105
83.8383838383838,-35.9458879599916,-42.0560193271442,1.16147346676844,0.17801876232077
84.8484848484849,-38.0176931686085,-45.0673258644139,0.427619258612482,0.120974781967079
85.8585858585859,-39.8405304464392,-44.0180801953648,0.881624918527453,-0.446898148214582
86.8686868686869,-44.3205709768095,-47.2109509977695,1.50609353318153,0.10870154233323
87.8787878787879,-46.1079155348816,-47.6588526959287,0.884216021303041,0.0382628086903708
88.8888888888889,-50.2490791147214,-53.5755936974444,0.167369095906178,0.732699195795975
89.8989898989899,-50.7901607651433,-55.9904974690709,1.36902416559611,2.2420194962765
90.9090909090909,-55.027879637579,-55.2023740910657,3.20314716560196,2.11796101509334
91.9191919191919,-56.9205815071781,-60.5145554585267,2.06147544573254,2.76485145695671
92.9292929292929,-60.0869678449262,-60.8847809390978,3.6527931472534,3.03925891323683
93.939393939394,-61.1248849185718,-65.4155214079838,2.94138779319556,2.14378413342595
94.949494949495,-62.2399980369228,-65.4533573959151,3.59778936833531,3.53656480270685
95.959595959596,-63.3155562216776,-67.6109117526094,5.14619920342312,3.85498075314963
96.969696969697,-62.950493326791,-66.8570795860502,4.1684427232839,5.55253429018754
97.979797979798,-63.2238716763336,-67.0487908192357,5.28686533860888,5.78243554499439
98.989898989899,-67.101465607584,-68.5222792695823,6.43601262727344,5.68159726332644
0,-68.2698966415232,-72.8201843572503,8.5218662651026,7.07967716580163
1,-70.5303537138929,-72.1224964736338,9.38883694001975,8.80709189321342
2,-68.3632704402507,-71.6438412548578,11.9077052671066,10.5947318170189
3,-67.7115621580126,-68.5630262686422,13.5931371936904,10.6112387947511
4,-66.1584088715496,-68.4467530720433,18.4090575245149,13.1942825234387
5,-67.6655326849025,-65.9312573123131,22.2836531792533,15.0855078774219
6,-63.521790367794,-65.653950372188,24.9077948724212,19.1632260164284
7,-63.738096260341,-64.2474117192696,25.8340238522471,21.9775181400521
8,-60.0120138280862,-60.3973393004408,29.4354051650992,24.5394210234482
9,-58.642392994574,-62.1268392257017,30.2238390613396,26.6054472726492
10,-56.0931202346772,-60.8286774696177,30.7574621270431,27.2547710726463
11,-53.4990219295871,-57.2738865615076,31.5093192748108,28.2256045334816
12,-52.8969679057709,-52.419203512774,33.1690069135045,30.3140146599065
13,-52.3244563056566,-52.0671399501463,34.2806109830445,31.2535532338922
14,-51.047123094707,-51.5369671918142,36.5230726960473,34.0313265480428
15,-50.7015426035053,-50.1533385767155,37.9728035656915,34.7992529098607
16,-46.2976381755868,-46.2142631952024,39.7038269293444,37.6390954504395
17,-43.9162134602451,-45.3447790801568,41.7637605801152,38.9542693140314
18,-40.2401293892093,-44.1134999111698,42.3699534315842,39.3083954197543
19,-40.9356615376849,-43.3347844262844,43.7330799352394,40.6750404543337
20,-37.4390453111632,-37.5556968121235,43.8934162738987,42.9085926807812
21,-35.2984850923489,-36.5165233988004,43.6737838757296,43.3558483392436
22,-34.22768571116,-33.0486507055854,45.4042567664585,43.6281472281723
23,-33.27262388304,-30.5305637816706,43.7397713055612,42.8841718879419
24,-27.2603492146304,-29.3122124513563,43.7236394009405,41.8459615034635
25,-24.8199212792574,-24.4991151651309,42.7806132812509,41.4904219468975
26,-24.5145033423818,-22.7825185194457,41.5664137852161,39.7921783494681
27,-21.1765536268788,-19.2241790154907,39.4271428044229,40.019607466626
28,-19.0969646845288,-19.1130101057194,37.2790746151453,37.4758028983621
29,-15.173304476809,-14.7829590692143,36.5844649947479,35.7316854859338
30,-13.1863036272078,-11.8811651130662,34.5663512469684,32.9292636961816
31,-12.1952113213065,-8.96685981595879,30.6336799964439,30.8901826280408
32,-8.09255063127618,-6.67170112837793,26.9080563866248,27.1006782937607
33,-5.9139601507329,-2.39061096174115,24.3821865862762,24.8271063827716
34,-0.26347295708681,1.10501057238372,20.8206640051003,22.5548516535429
35,0.416219961870243,1.89173394479604,18.5447197317524,19.8054726685618
36,3.10236679979753,5.94262138679654,15.9243375841131,17.217904191508
37,5.92579556373099,10.7361696344058,15.5406369516413,16.6040355664122
38,10.3308229869068,14.5524709832879,14.3993472306174,14.6421189229276
39,12.4082387985923,16.8934196708592,13.7314248873609,12.7561108365698
40,15.5628728900628,20.2859542265415,12.5511079267791,11.6502973208769
41,18.8534797544578,21.4498722892893,12.2196285694847,10.830493302699
42,22.0272846234448,23.6002847596254,11.2416870368382,8.23785184976751
43,21.231655329573,25.768532345542,8.31543803149005,6.05996956471603
44,25.2429906181698,30.1480022972954,7.05417089971864,4.58328382409848
45,28.2954492885944,29.5439014220955,4.5414918237097,2.39793210389729
46,28.3486800955954,32.834838546578,1.85584492568514,0.503030310641599
47,31.0437234063807,35.1990313308917,0.901059856823107,-0.109437411948031
48,30.1866006692508,32.2987602765788,-0.486344348218073,-1.50700568554527
49,34.9317372722109,35.6616159035057,-1.74696409687811,-3.3032842876115
50,35.0377243572609,37.14571446434,-1.27791860363472,-4.23900965751702
51,33.8403512481323,39.6584386388772,-3.05250411753866,-3.51849302033636
52,35.3713582330388,39.1371110392168,-4.09534227777634,-3.63719793286281
53,37.3269931857555,39.1339729031165,-2.69495477985422,-2.46171992249477
54,34.6498426459494,39.711854666468,-3.3058902064861,-1.50778306616588
55,33.4430993205976,38.6691427697344,-2.8039507468966,-1.83945779151058
56,31.5042947662073,38.1062871310652,-2.9943050596762,-2.45685052064154
57,31.0566536726373,36.7402842966418,-2.90028622348114,-3.9501598464489
58,30.820094734703,36.7586526278881,-2.46157298808356,-2.69288680761855
59,31.1259334380426,34.8423286309457,-2.91341493689524,-2.32913209039209
60,27.3525224512313,33.0577809735188,-3.10265385070949,-2.20038560927026
61,26.4400573384076,30.5903534738918,-3.36988291532589,-2.43102634906048
62,24.3551281938487,27.5049656783428,-1.35210127961595,-1.8545253407256
63,21.5775213652397,25.6513866674781,-2.04512453490168,-2.8788133888974
64,20.6616409385282,24.251877971562,-3.04767268144497,-2.43020028672349
65,18.7084855946007,23.5402648703497,-2.05425991960206,-2.67178272095535
66,16.5562488424378,17.4392807749105,-2.6513336866906,-2.07389271286071
67,13.6300411501977,15.5552630749806,-2.17484281197964,-2.38879470501988
68,7.57709885975727,14.3162081589399,-1.72396668783776,-2.31917044032348
69,9.0536367249458,11.6096275796511,-2.23362266213369,-1.9862241140607
70,4.13146382913729,7.55494648392802,-2.04396776864246,-1.71785939468842
71,2.99698195597327,5.64013354290703,-1.27381683298096,-2.05690435563674
72,-0.424361961589691,1.86032376036877,-2.0308820523793,-1.07532935905295
73,-3.86669630328824,-4.77841801283197,-1.38574763165846,-1.61173785535465
74,-7.41848142516477,-3.72156643877644,-0.928453051464836,0.128618865521279
75,-9.34970503106953,-9.03275417243843,-0.842635482587632,-1.62972170248951
76,-12.7368280203793,-11.3933778538786,-0.524744238209963,-0.809842102782569
77,-16.6789587089411,-16.2944526568371,0.0692704765361047,-0.586943267432135
78,-19.9050233922757,-21.8940599703421,-0.823791561588151,-0.363413675925626
79,-23.4601224760066,-22.1697046313998,-1.22873668793567,-0.19525258098335
80,-23.836517501387,-26.1977184489713,-0.120349886643301,-0.309820250650879
81,-28.2560164835962,-28.1726020226252,-0.440366850089573,-0.110949213348533
82,-30.2750602970216,-31.969109520062,0.481388145139037,-0.564502978194035
83,-34.8351336873856,-35.4000429647634,0.0532575447693404,-0.632951206828806
84,-36.9409002593461,-36.1098333163037,1.17156805217547,-0.96230210220556
85,-40.5207174539694,-40.726997509851,-0.58813491213294,1.06690901997214
86,-43.53483766221,-44.1507606918729,-0.215869333684774,0.146772996889705
87,-44.6254247487847,-46.8095403272892,0.362498920495691,0.797211085998222
88,-47.1430026010988,-49.5967686380683,0.157751306733682,1.44115468879667
89,-48.7840275393834,-52.1007468330167,0.790038577935963,1.63468256576194
90,-53.1748961843646,-57.0380120409329,0.81181623755294,1.67967170214718
91,-56.1970704551369,-56.5727632118113,1.98652837286749,2.86876343458992
92,-59.6978668623122,-60.7629600259184,2.56599782065529,2.44569698126046
93,-62.1921003439862,-62.942129862424,3.17770025267415,3.14780845091797
94,-63.7740858133953,-64.1602145464613,3.9275310394096,3.05767691822825
95,-66.6354721413873,-66.0274792502413,4.36815969715256,4.35084893923553
96,-67.876725300287,-67.8247908939076,5.12738027443471,3.71729294886399
97,-68.6888351334002,-67.7371570362097,5.90303038786687,6.40973631493671
98,-67.4660600441805,-70.3396507005539,6.94346295327871,5.88389042266161
99,-69.9813023451898,-71.6132446400754,7.36266819648408,7.54366518480965
0,-70.6697822562722,-70.9045595561155,5.94664034368294,7.56527850983503
1,-70.6199969489499,-69.2810446258378,5.54440464916359,7.91322104105144
2,-68.4187471837216,-70.4851806973982,5.02126136650415,8.52239160648401
3,-71.0955283383943,-69.3200652613425,6.2159315610606,8.81646248125922
4,-68.7857017857214,-70.7845756007154,8.30075650800268,9.75894735320524
5,-66.7435386198484,-66.5165909663833,11.2345733174624,11.7708200922458
6,-65.042309174187,-65.9959638157315,15.3404585257909,14.792728391958
7,-62.2027847898954,-65.2196612698725,19.0027802282367,19.1802500551683
8,-61.8660928157864,-61.7784494852145,22.414919230239,22.6190969498585
9,-60.484633647429,-62.2388789318826,24.2985526436067,23.8708306866394
10,-57.7988843425324,-59.5187389332411,25.0871534763156,26.9325186616448
11,-58.5558923513752,-57.1738857117041,25.6294785582737,26.946920187479
12,-56.2640906652682,-56.531425632772,26.5354260539174,28.7959662760521
13,-54.5526248751722,-54.4926726076053,27.9084296615361,28.3386472550205
14,-50.8856575244541,-53.6903962919837,29.2180025293894,29.0679418069873
15,-52.1628076728147,-50.5769435926405,30.9855186527436,30.8055350521212
16,-49.2995229470447,-46.7966874323644,33.0068541204285,32.5514558913507
17,-46.9745537980226,-45.3985611741944,36.1179512283249,33.333063795804
18,-44.0864308455237,-45.2240960734338,39.4658043381099,35.4773264064846
19,-43.7039395969255,-41.0520647089819,41.054622880774,35.9999309553539
20,-40.3211199282806,-42.2220371749551,41.8955360482322,37.4116483494667
21,-37.8096415030852,-39.1511098834624,43.8690910380739,38.0602663726784
22,-35.3872256235967,-35.3508509220231,43.1639677849173,37.8692209278635
23,-34.5861987243948,-31.7283904542969,45.0336308018192,37.9066728389883
24,-33.2560108256957,-30.0216171817715,45.2113571619984,37.3392128068523
25,-29.9842775469985,-25.3211915171063,46.8563918060873,37.2867688931353
26,-26.8572005096,-24.5499868726282,47.5305518910751,36.9535037943602
27,-23.5953453569292,-22.1874625647613,48.5237508619923,37.8792135518801
28,-22.4017446339726,-19.2426361156723,48.1821588069369,36.7865472844594
29,-18.2875918200698,-17.0161050442872,47.5396384281569,35.8780785224868
30,-15.6332363092496,-14.503369220162,45.8289677465171,33.6780163818909
31,-13.0932884328081,-11.7391534995128,44.9171652997697,30.9303295388292
32,-10.229797572245,-8.90074659612105,43.8015764685861,29.4651091155684
33,-7.73459619404236,-2.20072658263639,40.4639776172152,26.6583574641398
34,-5.5239186787394,-3.64248611834609,36.1960600364028,23.7015509985384
35,-2.29873757130832,2.34356382429248,34.3768566523537,21.2784095583183
36,-0.00960639396021845,4.50974930208898,29.6469119359534,20.0851273165812
37,4.58373297000787,4.57194117252454,25.5360083581506,18.2426627367496
38,7.00905520164268,9.04707465929429,22.116856948773,16.6342578273077
39,10.98351101587,12.2963655150806,19.0747708973415,14.1966114115107
40,13.9342371378534,15.6518664860753,16.0291382355239,11.0333919839839
41,16.5035599671602,17.8249342395984,13.1864870038897,9.58791625694263
42,20.0026846201539,19.6045334130621,10.8939933514202,7.26931846526691
43,21.768958738741,22.7089542160394,7.86118658074712,6.12676762272565
44,22.0919165879517,26.0573092130438,4.6553479192985,3.63135977604709
45,24.7882050353816,26.8676326908623,2.5213021473338,2.73436176886391
46,27.2657246626286,29.9539291755788,0.555713789908939,2.28762342683276
47,28.3229966257594,32.8027307967571,-0.581534018333419,0.756606939725293
48,30.3529863917131,35.0140857920471,0.366235766833688,0.957115300572309
49,30.9944093570146,37.7013837639838,-0.620001069285128,-0.162760746501009
50,34.3616053202583,38.3512076868822,-0.830553897969055,-1.3867788624818
51,35.4552355258153,37.5763053502027,-0.688555298505708,-0.57830336638173
52,35.6567794429296,39.0550186533687,-1.19598368037304,-0.754552114010208
53,33.6635888261914,37.8899625247422,-0.985899378008583,-0.745043502308703
54,36.8900965523229,38.1593023255459,-1.30920612880775,-1.61252127039189
55,34.2819066849644,40.3929994708061,-2.51894923817081,-1.21990871145998
56,35.1576754000303,37.6266040823431,-0.97548498698589,-1.04571429772122
57,31.30668273786,34.5665074911075,-2.20587370196979,-2.54118570983721
58,29.346897340279,33.8403254415129,-2.20068323300603,-2.10002975727967
59,26.9364408835625,31.2474488094428,-2.08995302231428,-1.45211327886186
60,22.6937467086589,30.3883554665719,-1.87391304251114,-0.963911076037348
61,20.4931187151401,28.4007654858507,-2.78060322430711,-1.40099033184968
62,19.6768663255893,25.9722696773043,-2.01361307479749,-2.57486228766209
63,18.976554421192,25.5977777175733,-2.55469443834864,-2.42581707111169
64,17.6830689630644,24.0422969881288,-2.38549961325219,-1.98430599074555
65,17.8746611004122,18.3489476819319,-3.77379391204893,-1.83735206561978
66,11.4149111432415,18.3169103389964,-3.23869709128888,-1.69831118051833
67,10.9413377423632,16.1727249068036,-1.9265679324519,-2.29756330567578
68,7.6647593513037,13.7122672776295,-2.95481048051565,-1.63505369600201
69,6.65395485412646,9.35871098621236,-3.44006425045033,-1.31832374116024
70,2.30023667604671,6.72578487737276,-2.23405263359451,-0.973543167154693
71,1.75107406394683,4.50194982141827,-1.93160489838175,-1.35129323654695
72,-3.75149153634398,2.41450374262649,-1.46222867948547,-1.57971872176216
73,-4.6406960960431,-3.15217635659881,-2.43329302791109,-2.19273404060521
74,-10.1886469317812,-3.69044469607532,-2.79825833980774,-1.61174091718275
75,-10.1185706225776,-8.88980440725467,-1.94401203021598,-0.96109728368944
76,-14.7683616766808,-10.8443438132316,-1.4857432748177,-1.96688126919616
77,-18.0858458769698,-13.2206316105173,-1.22694451846738,-1.15845683116047
78,-21.3555099363883,-18.262206189754,-1.01044026954947,-1.61230643319445
79,-22.5317135783924,-17.7442035525693,-2.69449588389922,0.0385988767768921
80,-26.452174578444,-22.6845978856481,-1.28181008612317,-0.530158653107199
81,-30.1325419360269,-26.4642079254426,-0.37187503803771,-0.568081605281256
82,-30.9570554371207,-30.1826511189155,-2.39481206723098,-0.0476716035510656
83,-37.1039640663325,-30.9303164651328,-1.40240236605182,0.655100421295231
84,-39.81604769761,-36.6612368218503,-1.02471198251595,-0.194280323492698
85,-41.6223119317611,-40.2023173643999,-1.18774667077174,0.0711708425021868
86,-45.8893135070979,-42.1485343198413,-0.846380746945362,0.334691314971066
87,-46.2559078988907,-44.274067692416,0.725098909792279,1.10049877814016
88,-49.0249413100723,-47.1711483658316,0.491874114359147,1.21350540039876
89,-50.3152401770866,-49.6076276293074,0.992712209318309,0.908195598040158
90,-54.8690832193254,-52.7405853585337,1.80643735407235,1.48404398792149
91,-56.657053684856,-58.5247763424615,2.34917227826806,1.83731443725099
92,-60.7184873255328,-59.7853485546992,2.24963057389398,1.99259544976726
93,-63.9665987451508,-62.8590267737595,2.98600702947385,4.68926598871642
94,-63.8359196827147,-65.0167293971014,3.03386326824096,4.70929012637975
95,-71.3224348777664,-65.4641384533022,4.36040649224407,5.14671912883844
96,-69.4618569532421,-68.4259602545462,3.29924060548702,4.55338938136096
97,-70.1052849084173,-68.5301599801699,5.35709471459137,4.93618707783919
98,-69.2070896904676,-70.2403533562121,6.11386408615022,5.53112509165478
99,-70.5663909920644,-72.3755198020789,6.63171102668561,6.39014129638517
0,-66.9994064080653,-61.513462880902,6.86899537510982,4.32417012363905
1,-66.534589688415,-59.6600894581528,6.90391222048896,4.43669897748877
2,-69.4243179356214,-59.598708064055,7.22444554227068,4.98025544552876
3,-65.4413268513266,-58.6289847641761,6.20038864281112,3.0061187249769
4,-64.3518033961821,-57.687262596982,9.2554284830346,4.66573248739089
5,-61.7417893475026,-56.953247188108,14.1086446670529,5.08528828025047
6,-61.0733642541816,-56.0793914514598,18.071683978841,7.55213765532734
7,-59.6798285905037,-53.4207040086247,22.0293151266068,7.53452605065948
8,-57.1163677642904,-51.5916479932309,21.5058714504942,9.66325645930347
9,-55.0107289668818,-49.5468921590342,23.0688456689307,10.9940267145126
10,-55.1191605857838,-47.0635094426728,24.1667748303987,12.703772109878
11,-51.4247561115232,-46.9149270973438,24.6754705104531,15.3939070326013
12,-50.9564540704309,-44.9889550205869,25.7187261501116,15.4791232570059
13,-48.239956647533,-43.9397945715203,25.1377458723663,15.8446687731975
14,-46.1080478141046,-41.1383751375839,26.325164164296,16.6913789350326
15,-44.3233861714372,-40.3883635601086,26.5744000987783,19.2453175796991
16,-41.2238193001843,-38.3177615297905,26.6559721583976,19.703422912668
17,-42.2990778303936,-35.0943659042461,27.6758792963383,20.5843264428298
18,-37.2739585749346,-33.6269056270089,30.118953814072,22.0761244432875
19,-37.8339441862595,-31.3411675733209,34.2913303464795,23.9218231557189
20,-35.4431589476167,-29.9856286782987,36.8723541568619,27.1207917496706
21,-32.0587174485993,-24.8165750681766,38.8478233696018,28.1003655243593
22,-27.1744529966892,-23.5200882795782,40.5271208907027,29.5346245304393
23,-24.5266649215524,-21.20284145484,40.6058819647476,33.4844605583751
24,-22.7453254525857,-16.0620318823426,39.8205066891258,33.2826527009307
25,-22.1610571648405,-14.4071050340542,41.1327164183949,34.4110054881845
26,-16.4821840754485,-11.7774609826821,40.0674870516186,35.8817672873834
27,-18.0465492859056,-6.1657186331471,38.7705336190499,33.9384362515597
28,-13.610558719929,-6.3477465093522,38.0359842416678,33.9404721904114
29,-12.9510038939838,-0.321436556809224,35.1971158105521,32.9654211530107
30,-5.60758429950491,-0.963949982190195,32.2307456181154,31.7678969320393
31,-6.01062889466897,4.85269788189299,28.6998708538481,30.119368241647
32,-2.68841552259761,4.99995663905982,24.3325222154065,28.780000836131
33,1.88147618753365,10.1542090107193,22.8663431806644,26.7439812002178
34,3.84239382367397,15.0134694958599,20.4193574635532,23.6921972324975
35,7.53313644881525,16.5899551088676,20.6573377434675,21.4101204898837
36,10.7423972110377,18.2180709755239,18.469701724723,20.295734993026
37,14.0560456140708,23.6781874315888,19.5389436341854,18.3901256457945
38,17.1351806498453,26.4997165549719,18.2377081388167,17.4824525714839
39,20.0635341801982,29.1893563352626,16.2042170301269,16.4190904032065
40,23.2230020708477,29.5183871374315,14.5385729490567,16.0427838554887
41,24.8209549827501,33.0467548304463,12.1718233155699,13.4038727457906
42,27.3265649177669,38.063525233819,9.88582468473768,11.1589460925364
43,30.1446602144215,38.9758564847858,7.45689575022754,7.10120171043351
44,32.5554567964789,42.2501354413974,2.7114153502586,4.38523218767693
45,35.3712448472824,44.0189068921294,1.13395467459322,1.43155324018295
46,33.2194366188945,44.8690240250032,-0.292162300321798,-0.101838457112817
47,36.5491405293761,43.3907755274709,-2.68821876786592,-0.450923890820444
48,37.458524695218,45.7132105726158,-2.1259618060673,-2.19542249126359
49,41.1993536948275,47.8789179532882,-1.70452063046358,-2.97436832430232
50,40.0611515702791,48.1698810258086,-2.96043532593103,-4.85926538919756
51,39.4641310277432,48.4906128833858,-2.7163123152574,-5.1999843978309
52,38.6290592597289,49.6934692597675,-2.88068526101526,-4.77314942356276
53,38.5672820439101,49.5845631835252,-2.99646105620539,-4.16726452310026
54,37.9933206666078,50.1115362323078,-2.64666178045216,-2.55817179401817
55,40.5972608001882,48.402289783034,-2.19324720068643,-2.26635551065591
56,36.726405517388,45.6066058639299,-3.19344600721519,-2.38351205965991
57,35.7961030164256,45.820582257849,-1.94578135432791,-1.48962620781923
58,32.739161977229,41.7952209910128,-2.71370012373079,-2.5950762644095
59,33.4551797381792,42.4429388835989,-3.6578016652494,-3.20194052722971
60,30.499036842439,38.2840600559702,-1.47259349168885,-2.62045195173599
61,27.9758509247674,35.1098535831166,-1.96801481228421,-2.78456877630577
62,26.6436927672966,34.3866515602706,-1.93688508766033,-3.11136750358024
63,21.8443933711662,31.7846198068854,-1.88988817017378,-4.11528048618431
64,19.2553744642458,28.1400317985178,-2.71970196511617,-2.53785301269978
65,19.4316269655477,26.8256044114029,-1.78341243858536,-3.12223946303243
66,16.2536639874409,22.0406005014981,-2.8412314894274,-1.70688045701882
67,13.2547161856297,15.7099370632131,-2.48591494195723,-2.23437394442686
68,9.72002389332261,18.4599492694687,-2.19090863207724,-1.96068498152707
69,6.35448073689356,14.278753796231,-0.916698963171473,-2.60423867695368
70,3.54646446772895,11.393949566216,-2.35096321097865,-2.24648916228529
71,-0.154447921105612,8.68954921319275,-1.15397869570094,-1.78714581339437
72,-3.4467536836447,8.38005044283856,-1.95944134225688,-1.85671820655458
73,-4.7355230101448,5.01955631499386,-0.109615659454998,-1.79025216098344
74,-9.18973562030431,-0.885721833879183,-1.35261699162354,-1.85291680407699
75,-12.9866117087739,-5.07436720592646,-1.34303915840978,-1.90303786653698
76,-13.8843141306549,-6.80969979361164,-1.31891852372448,-2.38546121258836
77,-15.770462761386,-7.70879503482272,-1.34884542626687,-1.40602568362163
78,-22.5019676051374,-14.4595171313073,-0.709226661104877,-0.456976270741778
79,-23.0372451362802,-18.6087063891615,0.539575608615646,-0.288657129763041
80,-28.4074983953927,-19.8369574542702,-1.48158045329701,-1.43508139307521
81,-27.1429176268355,-23.4380879979444,-0.502592458956659,-0.370304472767319
82,-30.8614879862446,-26.1072576784285,-0.713374847437575,-0.607602403747282
83,-34.8823863804977,-29.4357600223015,-1.44042715681021,0.413045583193488
84,-35.649472245229,-32.2664294064394,-0.650057925203385,-0.641386608969185
85,-40.6254435942395,-36.9394598291394,0.353277958913345,-0.0657734276124031
86,-44.5966242873078,-38.0607434081985,0.21786297480813,-0.824369672501347
87,-47.6264866770483,-42.4208020852376,1.67198393336699,-0.62657544011379
88,-50.8305373702592,-43.2075233147271,0.534952977440919,1.04428761198487
89,-53.1853582162047,-47.1126357431302,2.19320212986456,0.410548044554614
90,-53.3364819819482,-51.9761720070184,1.00906668344363,1.22011161975189
91,-57.8496018223131,-51.2657961552101,0.540728130335747,1.6662649405227
92,-59.3289173194324,-53.8208444603269,2.36257335027416,1.04333810441098
93,-61.3641526898825,-53.5782571795598,2.1285994225739,3.15626633284145
94,-63.031545171686,-57.947473837051,2.31538952330541,2.17944404590063
95,-66.9294114596255,-56.5491614588982,3.28627975760502,2.82062053026802
96,-67.5196579570222,-61.1893451017958,4.19742445598265,3.20559640405892
97,-67.9319024930658,-58.5444250681894,5.3129473745301,2.72897118314802
98,-68.5189965456768,-60.7011250294058,5.58506038739303,3.9757575982045
99,-70.5254191045517,-63.4006017929035,7.20371820816943,4.76498381751019
0,-67.7106303771738,-66.0593067851431,7.66421435425602,7.4198539083418
0.980392156862745,-68.815326959533,-65.324829656124,7.18807847667789,6.28376105721102
1.96078431372549,-69.1429431105544,-63.3294690666004,7.58102245320239,6.49190673917129
2.94117647058824,-67.0247757991981,-65.4115339052498,10.169442840918,6.8649498387252
3.92156862745098,-64.4514123368341,-62.1028326398541,12.3161517739964,9.36151742883474
4.90196078431372,-63.0074951021841,-61.9545289395806,16.0475231014984,12.2883912238032
5.88235294117647,-60.2121307376709,-60.0454466968172,19.8505969668368,15.7585096572333
6.86274509803922,-59.4103516563632,-57.8885837295222,25.3558751295968,19.9096770799271
7.84313725490196,-58.1852149355849,-56.8879634733181,29.5673691558047,21.5675399554221
8.8235294117647,-58.395937972918,-55.9274606975549,31.4503041453483,23.41174116697
9.80392156862745,-53.3625445575948,-53.6971922648418,32.8806848931464,24.1854037493481
10.7843137254902,-54.9716993675599,-52.2305707491553,33.4496143422378,24.748616368061
11.7647058823529,-49.5779577668435,-51.1305537794464,33.3696952877885,25.1297915355185
12.7450980392157,-51.4114242529511,-47.5604470703169,34.2948684628691,26.9840464062743
13.7254901960784,-48.1380482769533,-46.184712911411,34.4883089653893,26.9329572507606
14.7058823529412,-45.5761909596181,-45.118281836754,36.3130092945796,28.1888789242446
15.6862745098039,-44.9643070552627,-43.2436519737225,36.8059425264697,29.5448995995664
16.6666666666667,-41.5578433207297,-41.1852005092172,40.2836578591774,31.0469551427634
17.6470588235294,-40.2676865015058,-40.0848973107512,41.3567734943187,32.7351432194576
18.6274509803922,-38.824031707405,-38.3102646307895,43.3444508934255,34.2967696787675
19.6078431372549,-35.1769977926924,-35.2137987408093,45.0648648064195,36.3397975595957
20.5882352941176,-34.2340661631665,-34.3977529542017,45.4987288010968,37.6887019140738
21.5686274509804,-29.7546892297978,-31.0761293457711,45.7731501512008,39.1518943792665
22.5490196078431,-29.1257718154427,-27.1280781049237,45.4097695768238,38.4189233754985
23.5294117647059,-28.8502514743598,-24.1166885990636,45.0840737735058,38.8677797653521
24.5098039215686,-23.6917898693695,-23.517776548181,44.4219296290677,38.595884917609
25.4901960784314,-23.2638062178413,-21.3517484446323,43.3310730519208,38.6832784808877
26.4705882352941,-22.9619654067092,-16.7314275883401,43.9061506323975,38.7014088640774
27.4509803921569,-18.4130424932532,-14.7621389969077,42.087645161088,36.8693474566891
28.4313725490196,-15.3084287111794,-15.226925935539,40.5800834081803,36.058261916406
29.4117647058824,-9.36983604581041,-9.07668096300273,39.9034860135873,34.1847434419697
30.3921568627451,-10.0791872836763,-6.86531393840894,36.5853500694704,31.5862325710333
31.3725490196078,-6.46838952138278,-3.8248334565869,34.2052954184623,30.199113008919
32.3529411764706,-5.91681553913746,-1.82445541580781,31.9578299236209,27.0091880303648
33.3333333333333,-2.07869602572439,3.30222720233247,28.7670689686589,24.3856719440201
34.3137254901961,0.0656344964801532,4.79297522256996,25.5333519649017,23.254417188094
35.2941176470588,3.81407950716802,8.55763481977975,23.7848990430444,20.5200419317458
36.2745098039216,6.46676382040037,11.4315233030197,20.797930401467,18.0139935802838
37.2549019607843,11.058683818147,12.8036455467313,18.7208479881441,17.8114741102327
38.2352941176471,13.7560662233726,15.9555174716444,17.0988671565506,15.7353878008653
39.2156862745098,14.4579666151475,19.8353084687813,14.797352411635,12.4409207476277
40.1960784313725,16.6693551596787,21.7742969546553,14.5317172904591,11.5008965728879
41.1764705882353,18.4956818057109,23.2674520837198,11.2064739231898,9.24138419836232
42.156862745098,24.2089858521576,27.700679386895,9.38477013021459,5.98631981124899
43.1372549019608,23.8369187181619,28.6485821855453,5.81076970021784,3.30543134928292
44.1176470588235,27.7519356555506,30.9778941729569,3.69097436262894,2.86789341907504
45.0980392156863,29.851690896928,32.2381580606443,2.50573224895366,1.57645864374453
46.078431372549,31.2842302238319,35.0163161399282,1.51608483586837,0.57917398020703
47.0588235294118,33.8913941690784,35.2367456755678,-0.044526552792615,1.19576226702404
48.0392156862745,32.5621959848974,37.3938331327227,-0.511629414190076,-0.757361181243522
49.0196078431373,33.8263050843895,36.6189038198358,-1.61153489937989,-2.21366288782057
50,36.6527377394492,37.4269778251031,-4.64109747799002,-1.2560073046491
50.9803921568627,36.4058698437037,41.0019201665123,-5.27802999199183,-2.83635414360823
51.9607843137255,38.1405823267378,39.1117340126356,-5.61631807591147,-3.09410403493632
52.9411764705882,39.2022193396181,40.2559389597464,-5.24384239144489,-2.82980817255996
53.921568627451,38.6326170975471,40.6723468953898,-4.66570481472972,-1.95476511203467
54.9019607843137,36.6191172444185,39.0292690260774,-5.01836566785357,-2.56080770935346
55.8823529411765,35.0039172814885,38.8428909726749,-5.01538886630347,-1.30273929889156
56.8627450980392,33.6747157417669,37.258243045398,-3.56727157080195,-0.796256849666934
57.843137254902,33.9111705368468,37.2450293452755,-3.8710391014055,-0.703033818758508
58.8235294117647,32.1597314374017,32.8473371483819,-3.28203519903717,-1.53728012616287
59.8039215686275,29.2928880861198,31.9085496855631,-3.2649536619466,-1.14973072484196
60.7843137254902,27.9745781709222,30.911362709372,-2.93134501741773,-2.8405028086449
61.7647058823529,26.7111014043747,30.0341127832698,-3.69172259110083,-1.10245337533199
62.7450980392157,22.8730393550584,29.423250396029,-3.28478847791628,-1.89927614561592
63.7254901960784,21.8340659658314,23.9203076873879,-3.57250255896311,-1.15121108265079
64.7058823529412,18.7202220266387,21.2421830196235,-2.86757379628791,-1.58233537827227
65.6862745098039,18.4229346208336,19.3009906829813,-2.08148905125195,-1.95463279372428
66.6666666666667,11.5633526062267,17.9523127510142,-2.25992390600436,-1.98801158775422
67.6470588235294,9.13632183308982,14.8715269778195,-1.21169181448707,-0.917313438609643
68.6274509803922,3.64660626251686,12.0589702006859,-1.96417407575314,-1.63105215485575
69.6078431372549,4.997313386746,9.69779917641368,-1.52543816409671,-1.37898948447854
70.5882352941176,2.27798789401919,8.03345104609579,-0.788124503067922,-0.823185722719107
71.5686274509804,-1.43629088496826,3.37729902514654,-1.31613899317708,-0.961646707902876
72.5490196078431,-4.33104746013957,-1.55227972816263,-1.05653305296487,-0.95334647616605
73.5294117647059,-7.81397521464357,-2.4000480382405,-0.407314426139955,-0.364744442040308
74.5098039215686,-9.53917269316574,-3.92309302548079,-2.29297786358002,-1.19596931999407
75.4901960784314,-11.870208942567,-9.32457172309651,-1.62479455649955,-0.182019260884809
76.4705882352941,-15.5552851812756,-13.4551355914221,-1.05335443394582,0.829839597022137
77.4509803921569,-16.6860602237216,-13.8854823415021,-0.211072835573976,-0.0229342011904699
78.4313725490196,-21.8392232715564,-17.6749107246186,-1.70537603767848,0.722934842804737
79.4117647058823,-23.7116671754435,-19.5815219290754,-1.13302321016512,0.896590736813022
80.3921568627451,-25.9808616531399,-24.3452700157065,-0.17699918781905,-0.49512305178909
81.3725490196078,-28.3983414453266,-24.4086148158433,-0.301939578984523,0.268432505030295
82.3529411764706,-30.3540882839031,-27.7335294054024,-0.719539059768113,-0.120421464551651
83.3333333333333,-33.3754256984823,-34.0480928067412,-0.692490395050436,-0.055277505700941
84.3137254901961,-38.2638870328848,-32.9487629649097,0.0933720153646228,0.678594852861788
85.2941176470588,-38.107323244901,-35.4466856419791,-0.266043928864293,0.200866216560034
86.2745098039216,-40.7107235487216,-40.3376827517178,0.370031156634319,0.267998577097899
87.2549019607843,-42.588942416654,-40.1719678949562,-0.551505311807096,0.549557196736243
88.2352941176471,-46.5667780065941,-43.4307702160956,0.795440822133273,-0.324538234636141
89.2156862745098,-49.6179927406109,-48.7380697076017,0.970373899147789,0.768531392105792
90.1960784313725,-51.9821416264628,-51.0167712258028,1.5876620989434,1.55202694325211
91.1764705882353,-55.6709612602476,-52.4112523670886,1.65579558617158,1.61983340695412
92.156862745098,-56.8958327488556,-56.2238925192295,2.51596638642432,2.59772995976985
93.1372549019608,-60.6516740502998,-58.3123730661707,2.465301461943,2.62464351684139
94.1176470588235,-61.2295596515795,-58.6788147700003,3.47356112261356,2.52776755234281
95.0980392156863,-63.6798075021026,-60.3989625253368,5.56449490392709,3.73260478144387
96.078431372549,-65.9190090821994,-63.3699011225234,6.50537258423918,4.10517092438737
97.0588235294118,-66.1441195590368,-63.9769075983055,6.67914891671282,4.98149326810988
98.0392156862745,-68.1557671605184,-66.5105825724766,5.10237147864885,5.2482213287668
99.0196078431373,-71.0472542672467,-64.4222487855265,7.24785268529491,5.38509404036424
0,-69.5222337898183,-74.3820374795458,9.25261228224623,8.4893102496684
0.99009900990099,-70.7546210238306,-72.4956335014128,8.53906439249014,7.35810634776156
1.98019801980198,-69.2320193603827,-73.4658353266376,8.58786942810715,7.31602677591258
2.97029702970297,-67.2479687029618,-71.6887997351896,7.79869488750855,8.7405252048539
3.96039603960396,-66.6762130895017,-70.6610905253218,8.36660153441597,9.16747169116445
4.95049504950495,-65.6859790889026,-68.9399711775799,11.6040386540929,12.7410974222835
5.94059405940594,-64.1834698054355,-69.0994115395778,17.141928704336,15.6561852858378
6.93069306930693,-62.7143502826997,-64.8582921186508,21.7789327571007,19.0526955529348
7.92079207920792,-61.0170614003999,-64.4094722531113,26.7445264317038,23.0573088212658
8.91089108910891,-59.8880646655398,-63.3502291477352,31.1138695434549,26.0264465556506
9.9009900990099,-57.0356465794001,-64.0386102527727,34.1099246019774,29.3777071936261
10.8910891089109,-56.3642645947666,-59.8451951406089,37.1993124098124,32.4235045928475
11.8811881188119,-55.2148233789713,-57.3731297451689,37.5352417830543,32.7133496215536
12.8712871287129,-53.3520993929543,-59.2708563542638,38.7441114933359,33.4783793575049
13.8613861386139,-53.554898101278,-56.4637744394306,40.522749733527,33.8001621938784
14.8514851485149,-48.6965821822546,-53.4979567949265,42.3945603969958,34.4385254253828
15.8415841584158,-48.0030417629578,-51.0488732416991,43.2702834485067,35.4996846509329
16.8316831683168,-45.9625213601762,-52.6219477730754,45.2484414953595,37.598184483139
17.8217821782178,-41.3855174461794,-48.3762604840586,45.5171873386974,39.7303770226088
18.8118811881188,-40.2974381612097,-45.9604054733707,47.5986568812631,41.7427225153012
19.8019801980198,-40.0539030292322,-45.4299925812958,48.6748184262615,41.89289536443
20.7920792079208,-38.1065384162805,-44.0103141908643,47.1302223152661,42.7129083141878
21.7821782178218,-34.7395023675565,-41.7364375022333,46.8952639814691,42.3203444729449
22.7722772277228,-33.89223178968,-38.8813119169311,46.9901717732856,41.660242620624
23.7623762376238,-29.2923307861284,-37.0190381239189,45.6978455247389,40.5668770165333
24.7524752475248,-27.7094831110415,-34.2249552086332,44.9478002247069,39.0076233054507
25.7425742574257,-25.1076968416917,-32.364193409363,44.6186839041281,36.3045664596825
26.7326732673267,-21.2662312206218,-29.1477967795302,44.238812117723,35.1325640879321
27.7227722772277,-18.8023011675222,-26.4476005544502,42.9013362853631,33.3982612370091
28.7128712871287,-14.3021787510849,-22.157339903112,40.8745302974364,32.0186423605167
29.7029702970297,-12.396983964035,-21.7277565299573,39.2058570279678,30.0810369720511
30.6930693069307,-12.2687536202648,-19.9002884856234,37.4217685633773,28.7587853224814
31.6831683168317,-9.3188143180902,-17.1752040856652,34.0359280805176,25.8225190348948
32.6732673267327,-5.72449788357231,-16.5960217436327,32.070995369299,23.6953933092272
33.6633663366337,-2.75305396916581,-10.6184599649919,29.5919883683361,23.1786657988233
34.6534653465347,0.0661077749515038,-6.46261157403203,27.7858771444948,20.9665192602939
35.6435643564356,3.61892685148797,-4.74001609265799,25.2226191883196,19.1479977471361
36.6336633663366,6.63331307222223,-0.683011810316591,24.5706693721865,17.7979671701443
37.6237623762376,8.03776391484482,0.177421299601823,22.8744083665304,16.2176398658135
38.6138613861386,14.2884630029868,4.53326625269638,20.7187331037948,14.9229962775909
39.6039603960396,16.8765639996409,8.48192406095437,20.2368119947293,15.3167100029088
40.5940594059406,19.393745363567,11.1090182930797,19.0257425772459,13.1834178860419
41.5841584158416,21.5732751385656,16.5150627711556,17.8699654076023,12.6267348645058
42.5742574257426,24.1663301693888,16.2523257825058,14.4805824064294,9.97148879303789
43.5643564356436,27.2393828168449,21.6100312085243,13.1966213004298,8.80766039680452
44.5544554455446,29.1322945459879,24.9885802369213,11.9629735915379,6.29544354728728
45.5445544554455,30.3760346226545,25.4910771123118,8.46669651259325,4.32088397183048
46.5346534653465,29.6324528266697,29.0190694987239,4.13009644154894,3.28968297920603
47.5247524752475,32.3080934354907,29.4238155906689,1.8921087473464,0.137907979993319
48.5148514851485,36.398178996054,29.4195719114051,2.03281669624866,-0.454475441037072
49.5049504950495,37.8626095136625,32.6195040147035,0.0165986260611445,-1.60564177002849
50.4950495049505,38.3740396648253,33.2783139045634,-0.951401822016513,-2.8804052995172
51.4851485148515,42.2824067932633,34.6198471094027,-1.82434144569287,-2.85956934063201
52.4752475247525,39.7181020836775,36.3040332613717,-0.580021681387655,-3.08180606681281
53.4653465346535,39.2402501959498,37.376750273837,-0.908668423202689,-2.70923645210662
54.4554455445545,38.0032868728566,35.4378983807014,-0.54895262862072,-2.41674470902748
55.4455445544554,38.5133560143167,36.0174592614256,-1.33939717146748,-1.76003418235606
56.4356435643564,38.6168436034654,36.9471071307787,-1.54807256619272,-2.77901810596811
57.4257425742574,38.730883092565,37.0958688046463,-2.20859813500167,-2.30176050979579
58.4158415841584,37.297973782377,35.4649676509297,-1.27480485495913,-2.8635638983163
59.4059405940594,34.8229474591971,35.2191999857826,-1.65090130941773,-2.49411251003425
60.3960396039604,33.4415385320021,33.1915560737975,-0.894745007442107,-1.45886986434992
61.3861386138614,32.9047881525884,32.5339247709552,-1.79051855113461,-2.35660544966317
62.3762376237624,28.7672528412631,29.7193027632117,-2.03024940510006,-3.06573208940557
63.3663366336634,24.4432519763284,28.6916760720844,-2.39964500901442,-2.50456147412464
64.3564356435644,24.0823391680664,26.2095871622688,-1.16205079368833,-2.52323291229472
65.3465346534653,20.1693376133034,22.296645598287,-1.55786728390592,-2.93296205105748
66.3366336633663,16.9212632891638,19.3020516440135,-2.57479080052636,-2.78114190170665
67.3267326732673,13.4502752711593,18.5252405181434,-2.62747364548378,-2.45127749601809
68.3168316831683,8.56450693347997,15.9756725034897,-1.9860514798783,-2.12597958867743
69.3069306930693,6.75263634323824,9.88385374790798,-2.2812079799496,-2.6497473308511
70.2970297029703,5.41556965747024,7.12219987783676,-2.41518490139031,-1.79297768160814
71.2871287128713,-0.911106763267771,5.30520250480213,-1.86011353756352,-1.53388571188289
72.2772277227723,-2.6151052643178,2.56129105714394,-1.58811382042691,-1.73029844785342
73.2673267326733,-6.97823673899553,-1.03068240012751,-1.31557843751703,-1.18105736484793
74.2574257425743,-10.7906455794811,-3.68399856878282,-1.14261318936823,-0.935811452191463
75.2475247524752,-12.8355186099357,-7.12177999364914,-1.54110919741651,-1.4394748346954
76.2376237623762,-15.6003248297624,-12.2083188287094,-1.27078069776501,-1.04375432249014
77.2277227722772,-17.6459961519643,-13.8913461986531,-0.999279122794339,-1.39498177932066
78.2178217821782,-24.4919094060865,-19.0317682322684,-0.251128065713462,-0.794974312414648
79.2079207920792,-25.5382762595785,-20.4175982826902,-0.412633620970205,-0.288722107557809
80.1980198019802,-28.6402471037498,-26.6934636381129,-0.482177123732391,0.0746852148304705
81.1881188118812,-28.7068267935534,-26.9802058810277,-1.57094088361837,0.242083083081425
82.1782178217822,-31.330375064262,-32.0819830971991,0.0717052291889368,-0.0466179210535261
83.1683168316832,-36.0822573258363,-34.7580148350663,-1.04312449963806,-0.794733001514034
84.1584158415842,-38.8212727667114,-38.4215571711224,-0.799652375387617,-0.16568100651296
85.1485148514851,-39.5684823435554,-41.0869686359611,-0.759408714240219,-1.57174237524901
86.1386138613861,-43.5348250274616,-44.4756236365405,-0.170615863505168,-1.05759016673608
87.1287128712871,-48.4211723979169,-47.8812288514187,0.464544708923408,-0.975244902290028
88.1188118811881,-48.5808001676591,-48.4661091740493,0.819441861702686,0.976904834132698
89.1089108910891,-50.8895982584544,-54.1389587580167,0.01850436249906,0.113044077774949
90.0990099009901,-54.8186292886309,-55.616287933495,0.60980841626799,0.934176736133667
91.0891089108911,-57.1438621835074,-60.3967566331828,0.730439582128953,1.52264680296656
92.0792079207921,-60.1085113251025,-64.7225174183412,2.80298021077048,2.62208898832119
93.0693069306931,-62.9224401631502,-63.6302797528807,2.49302866366548,4.24933208655433
94.0594059405941,-64.5067272263324,-65.9765579285508,2.69700210099166,3.87594256621247
95.049504950495,-66.7730139544338,-66.4831567865822,2.79329580163353,4.53081300911635
96.039603960396,-64.9366747112751,-70.7824091091295,3.05142604433212,3.90488393754277
97.029702970297,-69.0212124404367,-71.2864753059677,6.3608860212041,6.09253853586638
98.019801980198,-69.8966769951824,-73.3069470773226,7.22487755221467,5.96030473783346
99.009900990099,-70.9600909510423,-73.6559483259368,7.64650834417277,7.41808054624916
0,-68.0103853661077,-62.818950385248,6.68282962582366,6.80252430842487
0.99009900990099,-68.5154729443757,-63.0921946787715,5.91044493602311,5.93066610562004
1.98019801980198,-66.3380459053593,-61.3804738700409,5.36948981199147,6.05354003448216
2.97029702970297,-67.8263085863274,-61.5990629994683,4.38619584567939,5.55965198113722
3.96039603960396,-65.4651084757879,-60.7714019334179,4.85393577911282,7.09175814797664
4.95049504950495,-64.9994919413422,-58.7445142217875,6.18472883501727,7.85852679475924
5.94059405940594,-61.1141694254823,-58.5269095296902,10.5732475536747,10.9819610214911
6.93069306930693,-59.5723948516398,-56.196891455441,15.1591317788714,12.3263547517105
7.92079207920792,-60.1231481729149,-54.1287689172035,20.6506679215937,13.4990442411507
8.91089108910891,-57.3700037900716,-53.626014325274,22.0337643262458,14.0456967678277
9.9009900990099,-53.2718013355434,-51.0199826094189,20.7315998867059,17.2579716890241
10.8910891089109,-55.290715540493,-49.1449880730953,20.7250575058944,20.6717355534699
11.8811881188119,-51.7750597334012,-49.2845778682775,20.366355965808,21.5854966640687
12.8712871287129,-52.2084415215557,-48.2059658966452,21.4800606006845,23.6001424759323
13.8613861386139,-47.6612797994028,-45.964664338095,21.2610213512446,23.4051551692307
14.8514851485149,-45.7193987538607,-42.280850963864,21.2757464985181,24.1018452175182
15.8415841584158,-44.0995586914959,-40.5777924490333,22.0545484780816,23.5568921967817
16.8316831683168,-44.8871812079166,-39.0661173331326,22.450753413515,22.9076884886099
17.8217821782178,-40.1052720712462,-39.2133528017637,24.3962182815376,24.5707961795651
18.8118811881188,-39.8610994670025,-34.4439564740968,26.6083811875135,24.6689100376221
19.8019801980198,-37.6652957401689,-32.459997446634,28.9904451548031,25.8602768891725
20.7920792079208,-32.880199989606,-30.0559477171034,33.3717963969959,27.306267887881
21.7821782178218,-32.8399486482186,-28.4153609726837,35.7780361612156,28.6895038558676
22.7722772277228,-31.1028875492536,-22.5870965200426,37.4628376604911,30.2077544650402
23.7623762376238,-26.2702367807917,-22.9736240912827,37.9349588321147,31.255860549645
24.7524752475248,-25.4837843056762,-20.18044981439,38.6951018966203,33.557269514451
25.7425742574257,-22.7760987851444,-16.8517137541779,39.1639748660393,33.5186240828823
26.7326732673267,-20.4831514390824,-14.2875233854008,40.0557366762108,33.2319261031994
27.7227722772277,-15.2187702329283,-10.3672435092347,41.483524950745,33.1999391285736
28.7128712871287,-14.7845965784324,-7.24670424001247,41.5542556803119,32.7213862170196
29.7029702970297,-11.685718831016,-7.73059845182138,40.8627774287424,34.1516794262495
30.6930693069307,-9.49801234759454,-2.01273252759762,37.3370073159177,33.9210303589219
31.6831683168317,-7.79314364730422,2.31073557549303,34.9591034088094,31.2345759917508
32.6732673267327,-3.50319971102713,2.9490141800528,29.5145557399914,28.7004959315131
33.6633663366337,-0.825781022850688,7.2527515298987,26.5645906953481,26.287489029763
34.6534653465347,1.30356220106598,9.53774079975896,23.2701701874581,25.290334864371
35.6435643564356,5.75476720257776,14.9424032689362,21.3387550697257,23.6224480051321
36.6336633663366,9.78758182927636,16.7114055566061,19.8217397983363,20.4138395829753
37.6237623762376,11.6651117675759,20.5418781293669,19.0737548096388,18.9464419018717
38.6138613861386,14.6072249625831,22.7360963286828,19.6063880316541,17.0207317899337
39.6039603960396,18.011403911931,25.2387502020577,17.1649903492857,16.5740350436409
40.5940594059406,21.4297357631129,28.4094154923864,16.0871558631885,15.9372862885263
41.5841584158416,22.4217010718427,30.1709396676994,14.6109695376053,16.1818344833797
42.5742574257426,24.38593996122,35.2171640554362,12.557874137116,13.7662946877273
43.5643564356436,29.8248351699198,35.0343822854655,8.6417568914007,9.75243291350865
44.5544554455446,30.6953526874824,37.6687691775976,5.62951023734069,7.12147672899811
45.5445544554455,32.699655922959,40.3017282924002,3.58267826091373,3.76016296000817
46.5346534653465,32.6103820643315,42.6446184142671,1.3302691612487,-0.566299184741466
47.5247524752475,34.6404613769565,44.110651760963,-0.2301707501927,0.00824978966161061
48.5148514851485,34.4041319044022,44.9886690251179,-0.450400625593277,-0.945366795707722
49.5049504950495,38.8817128327109,46.1890474354145,-2.22965544139054,-2.90462879089144
50.4950495049505,37.8055994135628,47.6618811755667,-1.62523596844923,-3.95716938793064
51.4851485148515,40.9162454624176,46.8913457218364,-3.60294028465159,-5.24858557584198
52.4752475247525,39.5855895479348,50.2671107246606,-3.8429034355492,-5.31178672286677
53.4653465346535,38.0514994225046,50.3763008251872,-2.92680762687283,-5.9424045417694
54.4554455445545,37.6213487386196,51.7845727117144,-2.4882629224058,-3.64376994846223
55.4455445544554,39.5271280463338,50.2018841326642,-2.64325876519024,-2.82793880929113
56.4356435643564,36.9465796307296,46.5132522998192,-2.4504287510383,-2.53255788202085
57.4257425742574,36.8624112016874,46.9666382149679,-3.0075946688294,-2.61803850321527
58.4158415841584,32.9236525308885,46.8244679903532,-2.80419265007336,-2.1596546072673
59.4059405940594,32.7363227922844,45.5441637016647,-2.63989129865384,-3.09988508891852
60.3960396039604,32.6181679645828,43.6871236116982,-2.31521887153335,-3.58451324192873
61.3861386138614,29.8119002509308,40.0679950880525,-2.01101025568847,-2.90518634846349
62.3762376237624,29.2289832907399,36.4524213059297,-2.48082084145876,-3.16223874985577
63.3663366336634,26.1015660597882,36.3518744074014,-2.93850911591969,-3.93992209038493
64.3564356435644,25.6497485558306,34.3470132626161,-2.88199271065614,-2.62429189591892
65.3465346534653,20.4582077487588,29.9784799584658,-2.22142182116674,-3.87809779835733
66.3366336633663,18.6280163718357,27.5641945237827,-2.44466943063436,-3.82685647948943
67.3267326732673,16.2507439164479,23.7990242225522,-2.54345425360933,-3.47077726958804
68.3168316831683,13.3194595753098,19.9400247706205,-2.24832080230996,-2.40583720260909
69.3069306930693,12.1752817182428,18.6102447006758,-2.75723774426787,-2.60410553753866
70.2970297029703,6.79436723573957,15.2031839938352,-1.97001027248738,-2.24267113677191
71.2871287128713,4.08515076692729,14.6151056287871,-1.52028945868036,-2.01543614877355
72.2772277227723,0.51220468739726,8.79233779859044,-1.28973746773981,-2.1878688685349
73.2673267326733,-0.314855081071801,8.98598359592383,-2.70755717481607,-2.34425424500741
74.2574257425743,-4.11342897825386,5.37063326991974,-0.965067234131822,-2.37880969086439
75.2475247524752,-8.17100804443982,0.0701597693900033,-1.53798529896312,-1.65670579801253
76.2376237623762,-10.6194930840243,-0.43160402127254,-1.1672408142358,-1.81122471813196
77.2277227722772,-14.1542542035153,-4.77564917026497,-1.94075009843982,-0.875636263941133
78.2178217821782,-16.3014278718802,-8.48528559732129,-2.23887106798465,-1.38220082705567
79.2079207920792,-20.0737146446065,-11.6177858096953,-1.36973898636135,-0.795521927332513
80.1980198019802,-21.9571347812744,-14.1784911174279,-0.85977153681609,-0.815425210757394
81.1881188118812,-23.7234921621523,-18.3767807822089,-0.0588762479440926,-0.557432570173153
82.1782178217822,-28.22496273775,-22.4325511268256,-0.910588772062949,-1.08689040167461
83.1683168316832,-30.2945001837624,-22.9541263412821,-1.51538653638745,0.557397768171659
84.1584158415842,-33.1021855089232,-27.5919287942595,-0.571549717136728,-0.35982757869052
85.1485148514851,-39.8449829901103,-27.397903006392,-0.569724849617316,-0.448293594184122
86.1386138613861,-41.4026836817944,-33.641334698283,-1.48227829749584,-0.449803589363982
87.1287128712871,-44.9143020316107,-36.2031447394839,-0.156164215379891,-0.30330918300228
88.1188118811881,-46.4352617520098,-39.7011355218864,0.355885682431961,0.663706960373822
89.1089108910891,-49.825771768594,-44.5121079740877,1.12969964502594,0.910454194157406
90.0990099009901,-52.9929915221935,-46.639095627668,1.05949541423306,0.801753840237811
91.0891089108911,-54.847114308008,-49.6236917358625,1.29537304573543,1.98016445345866
92.0792079207921,-57.9057006398059,-51.312786104325,2.67107346085163,1.9284382661294
93.0693069306931,-60.5443734901273,-51.928564496708,2.94894168470634,2.11709031783623
94.0594059405941,-62.3839394102792,-54.8494887480218,1.89644892640512,1.54085044786391
95.049504950495,-64.7664557560143,-57.2250657505534,3.31205676513134,2.32326866475773
96.039603960396,-65.5519727590321,-59.946428743768,3.72663772199348,3.22695599746727
97.029702970297,-66.0976862813905,-61.9059590337132,4.456371937386,3.56064394324238
98.019801980198,-67.6121870697168,-61.26980333058,5.315139520948,4.46236854661638
99.009900990099,-67.9438213519686,-60.1482134436916,6.49129989694148,3.78049099227334
0,-70.8784889022481,-68.8820615531288,5.84908269232097,8.50913765816822
0.99009900990099,-71.105486550079,-71.2660178181028,8.23147521898369,9.52673966712115
1.98019801980198,-69.4003912614307,-71.3769764011172,9.50759587449098,9.49313917976307
2.97029702970297,-67.7963152440534,-69.0364433386023,11.6039746988482,11.482971545527
3.96039603960396,-66.6089430228316,-68.4802645112938,15.2005459574972,12.4192584417611
4.95049504950495,-64.1559259299933,-68.8972751418171,19.7460879866055,15.7443298610412
5.94059405940594,-61.4720694612085,-65.3822803742775,24.6670449067624,18.7497424076851
6.93069306930693,-62.590007763869,-65.0333609527008,28.467957820021,19.1682513338949
7.92079207920792,-61.0451121898638,-62.4461423585929,31.288596909458,21.8430916366154
8.91089108910891,-60.248235584771,-60.7677680471007,32.7100364648118,22.0146205892282
9.9009900990099,-55.2647253661209,-60.7330842076968,33.7583135949432,22.9486038109158
10.8910891089109,-54.4111338979038,-57.6630956999734,35.2562781787783,23.8286217586051
11.8811881188119,-53.4463575523285,-54.961137186656,36.1275800406188,24.8311249430194
12.8712871287129,-52.9942138985625,-55.2042745241182,37.411552712276,27.3621410682623
13.8613861386139,-49.2698481412788,-51.9904659265965,39.3091689596825,28.6711795426718
14.8514851485149,-47.9392813087171,-51.8314706894233,41.5068212306439,30.1178001606103
15.8415841584158,-46.0409459382895,-50.2583542886395,43.5622493803022,31.0292028259247
16.8316831683168,-44.3840421430833,-47.416102270358,44.5889297141137,33.8243664211732
17.8217821782178,-40.3718530156831,-44.6575064734641,46.2035590712759,35.7293083997468
18.8118811881188,-38.4527703188045,-44.5811787649437,46.1427969270812,38.1450930904177
19.8019801980198,-35.5542093067581,-40.358332192635,47.4498222138159,38.2412049175693
20.7920792079208,-36.1333573779934,-39.1597208205024,47.9759773035934,38.0563843997108
21.7821782178218,-33.9199125630104,-37.1413484494899,48.0828995820753,38.1636714191625
22.7722772277228,-28.9231930690341,-32.8703987186965,47.9383021973812,38.9600081431532
23.7623762376238,-26.8320315178824,-32.0336396943978,46.8344656942763,38.4465318584854
24.7524752475248,-24.5851786013027,-28.9598597461335,46.6302603707891,39.3581970253284
25.7425742574257,-20.1592874796853,-25.5131389913393,45.6771675020053,37.870869022722
26.7326732673267,-19.9553402832265,-25.7260887004913,43.4690315631204,38.9565203613036
27.7227722772277,-15.4913096965651,-21.5583869885627,42.0532300822694,36.9251561032406
28.7128712871287,-11.2007831506222,-17.9415238497566,39.6497235547122,35.6619518366054
29.7029702970297,-12.1195429021626,-14.564336123113,37.226638040281,34.5285604551568
30.6930693069307,-7.04514344620937,-11.8064965595427,34.0877540071472,31.9281260915859
31.6831683168317,-6.24516470694535,-9.25591320782378,29.837855096946,28.6961132962579
32.6732673267327,-0.819957620286996,-5.26292439491456,26.260595279329,25.7705885337136
33.6633663366337,-0.465586958676245,-2.03906002664271,21.5484922275079,23.4199236279235
34.6534653465347,3.04081014661037,-1.14109070219101,20.2803595123277,21.3349990004878
35.6435643564356,5.71419129717086,1.80084603935339,16.3309696637535,20.0417870649801
36.6336633663366,8.56719224580589,5.40012023610612,13.8704985892593,17.6236126482779
37.6237623762376,12.4282634192213,8.83960487563764,13.8780013188717,17.0847669359997
38.6138613861386,14.6325329331797,12.755261666389,12.4358923588463,16.1011258336247
39.6039603960396,17.4378790306771,15.7093965728276,12.0374413475362,14.7943735117881
40.5940594059406,22.5183818191041,16.5539309719323,10.8387378591219,12.8169275839155
41.5841584158416,23.1010068219388,20.4482710711435,8.36457243540939,10.8601612963406
42.5742574257426,24.747797281843,23.1360832961867,7.55120089626979,9.58220087096714
43.5643564356436,26.6324255131919,23.5991753520025,4.53594071536277,7.5534751550705
44.5544554455446,32.2272646331621,25.840011933546,1.09366896559904,5.39453246644066
45.5445544554455,31.8806114120515,29.537731497587,-0.0425783485273916,3.37171744207799
46.5346534653465,32.7285425101486,29.7206813193214,-1.27698692428462,0.073777086748616
47.5247524752475,34.2337424003818,32.1903138577643,-1.56637602143562,0.14548761736202
48.5148514851485,34.8185995197353,36.9377721425929,-3.13907823322187,-0.877805993719754
49.5049504950495,37.3650147362938,36.8615668668488,-3.13654249336949,-1.76463564553259
50.4950495049505,36.2990257962363,36.427396885407,-2.82752073921152,-3.27379804878609
51.4851485148515,39.0732017615084,37.7507041557366,-2.34232862226041,-3.35546888056302
52.4752475247525,36.4539442416698,39.5737203371554,-3.57627615991303,-3.02036685805963
53.4653465346535,36.7490863494898,38.8427381517418,-3.58467370821274,-3.34198347208894
54.4554455445545,35.9022683725627,38.5389369801,-1.71435765320398,-2.03585094399098
55.4455445544554,33.3700973961474,38.8062669053439,-1.52931654553453,-1.65662523287056
56.4356435643564,33.7997001133569,36.831333812121,-1.65037907560841,-1.6061754763256
57.4257425742574,33.4530701015742,34.6451847576921,-3.66706796425078,-2.44660151865597
58.4158415841584,31.8363720135707,35.1093438885138,-2.51254717542048,-2.33414923127072
59.4059405940594,30.2090085066958,30.0039924885162,-3.47620508527245,-2.00009728959491
60.3960396039604,26.9234856397292,26.9576992666778,-2.80220790923001,-2.75139910980055
61.3861386138614,26.0246838718588,26.0945623672423,-2.62101678692581,-3.05136027944298
62.3762376237624,23.7093063355212,25.7978073197965,-2.55457364483928,-2.6766493717123
63.3663366336634,21.8993571927218,19.8488776174097,-3.51695029663472,-2.35409026559067
64.3564356435644,19.3984632248111,17.9673575183769,-2.4582373638477,-2.33402895897082
65.3465346534653,15.4987335780034,18.6197743302872,-3.16463033617774,-2.36245215806124
66.3366336633663,12.9654918961227,16.4887461243486,-1.53587705835883,-2.77021930728128
67.3267326732673,10.6303765602389,14.1451267510741,-1.6666808828805,-3.00147988732411
68.3168316831683,10.7565882974758,10.4911651711583,-2.09116346386809,-1.88211543439432
69.3069306930693,6.77650097980858,7.31847270861266,-1.45166236527688,-1.5765349134103
70.2970297029703,4.06573205704553,4.20313459959126,-0.706959934901034,-1.8382664187547
71.2871287128713,2.12778157829069,0.536978501101982,-1.38026750693221,-2.199151162207
72.2772277227723,0.151386511130929,-3.44636704406286,-1.59884477467797,-0.864163819226876
73.2673267326733,-5.34008232479106,-5.36578123018326,-1.04535270158329,-0.969873334725919
74.2574257425743,-8.32142731933688,-9.73703843387167,-0.765385095461228,-1.67303440644159
75.2475247524752,-8.90541416058139,-7.12805587443056,-0.742963535406383,-1.59008045992275
76.2376237623762,-13.2467208843691,-15.2170449960261,-0.591020484951744,-0.800042168655949
77.2277227722772,-16.8733732840977,-19.85231946429,-0.3278859727342,-1.53695333119724
78.2178217821782,-18.1301393494087,-19.2279509650739,-0.406430310886267,-1.32944850701319
79.2079207920792,-22.0001953632188,-24.4016073982689,-0.247067317610096,-1.0132626278891
80.1980198019802,-22.9159158458535,-26.6099214722691,-0.490314515986793,0.0497229526150292
81.1881188118812,-25.6670887319837,-29.9655444776785,-0.607013195162871,0.223171636905851
82.1782178217822,-28.9818754978654,-33.3265677470747,-0.104537237027519,-0.434496585600086
83.1683168316832,-33.4945275961778,-35.2780973153333,-0.884120942953114,-0.0934904293732317
84.1584158415842,-35.1898542132539,-37.8801187454288,-0.00743142279606983,-0.958766897824342
85.1485148514851,-37.0271932026865,-38.9003105206678,0.142064704346298,-0.0362907476886286
86.1386138613861,-42.3625758446809,-44.4185849362105,0.326026538671163,0.056813162854775
87.1287128712871,-46.4309473446176,-47.7654270370661,-0.535665703846257,-0.671263012363729
88.1188118811881,-45.9493926219372,-48.5878556106308,-0.344863482407484,0.577524297526196
89.1089108910891,-48.1156708120613,-51.1149470169858,-0.375450870013396,1.1065465359216
90.0990099009901,-53.1941222361562,-52.8415666408705,0.236531715857631,1.66032665008779
91.0891089108911,-53.8936143676127,-56.6190087439697,0.968569592384889,2.25658322021812
92.0792079207921,-56.1053850567351,-60.2010174843395,1.15717027622062,2.92479382153326
93.0693069306931,-62.8430552313467,-63.0033543440829,1.71102699751593,3.59687804646952
94.0594059405941,-65.6603692336773,-64.4617196080302,3.27405672925637,3.51175513688047
95.049504950495,-63.9623237622026,-66.9741618440609,3.75831486244043,4.45578425281236
96.039603960396,-66.1232347368209,-68.8422333225423,4.2297580363296,5.34141630637305
97.029702970297,-67.5281380066727,-70.8327328824929,6.61706394704114,5.81877577839165
98.019801980198,-69.3223856550367,-70.2645604621943,6.18612691335316,6.86378867403313
99.009900990099,-68.6923758009697,-69.1702145218758,6.76633925213836,6.34326051670703
0,-66.5098858984219,-72.3530681779218,3.32132726837078,4.29662508474216
1.01010101010101,-66.7810058873843,-69.0435224857396,3.96684628594405,3.35656821888179
2.02020202020202,-63.7715838779297,-70.4215233202103,4.03330356825994,2.64982514589937
3.03030303030303,-64.7714647547962,-71.079216436395,5.92820088485883,1.61769037568927
4.04040404040404,-59.6495544657348,-66.899875445556,7.58828616767236,4.11800149011717
5.05050505050505,-60.7026533817656,-67.3705495922561,9.11488095702092,5.368377032997
6.06060606060606,-59.8796414666429,-63.7260358174646,9.93519917718284,6.51309344384234
7.07070707070707,-56.1405220319255,-63.1563977294096,13.1807645305842,8.50741742611926
8.08080808080808,-52.3780095355678,-61.7783757113573,15.6878902708503,12.1566751889337
9.09090909090909,-54.1863056908635,-61.0144017441857,16.0529521999638,14.4566981307138
10.1010101010101,-50.3243904948782,-61.8262190166663,17.5320533103015,17.0485340407793
11.1111111111111,-49.0665557923215,-60.0816017948922,17.4806245193163,17.6927943009146
12.1212121212121,-48.571668692622,-55.5178039137826,20.2491407811726,20.4135789230319
13.1313131313131,-44.2414568270486,-54.0343149535712,22.3761730420056,22.2994376641797
14.1414141414141,-44.0114635407763,-52.9046561574688,24.1211535360538,24.531613870513
15.1515151515152,-40.7629946360629,-51.2153395470083,25.9191875065119,27.9005934563087
16.1616161616162,-39.281120778601,-50.7763701550628,28.5635662052757,30.8869878692121
17.1717171717172,-37.4819474640321,-46.1410018734944,31.7616570890128,32.4790573348445
18.1818181818182,-36.7347556683301,-45.2733751226417,34.0429176707934,37.545136378449
19.1919191919192,-33.7933354045862,-44.4560945961982,37.4079788397902,39.9233865083797
20.2020202020202,-31.4900970124511,-42.0567266461004,39.1594268242975,42.5870402743361
21.2121212121212,-29.9211304785515,-41.8193433494688,40.6762672232417,44.764059310364
22.2222222222222,-28.5811044289646,-37.240244047686,43.1675897211546,46.4432283258949
23.2323232323232,-26.5022748470852,-34.5086627680736,43.7678313248163,48.8988628516999
24.2424242424242,-25.4464151401921,-31.8122873084395,44.1127696967718,48.0088370800458
25.2525252525253,-21.6576116845588,-29.438417683998,43.9938641388862,48.4133822000373
26.2626262626263,-18.2098458108889,-28.6374191099338,44.299333278611,47.2734605934427
27.2727272727273,-15.6294256627018,-25.5790030599844,40.5862964491723,46.3087770361819
28.2828282828283,-15.4396234047718,-21.7162961304778,39.5414845283878,45.2376598031528
29.2929292929293,-7.7146970402307,-17.8206607280654,36.148694672331,41.4643358064472
30.3030303030303,-7.35148659255542,-17.0920906319332,33.9575788202952,39.1095077436625
31.3131313131313,-3.87309471967125,-12.7612365393839,32.302903442971,36.0994042197202
32.3232323232323,-1.36093304994511,-9.00061752903726,29.7615773333211,33.201124972647
33.3333333333333,-0.544851631256478,-6.18999501301007,27.1552299664359,30.3637300220625
34.3434343434343,2.68575939694446,-6.35772103372071,25.4245178020797,28.3463791795958
35.3535353535354,5.42418379458267,-2.26849954660233,23.8852955847789,26.2665876601303
36.3636363636364,8.37386953787925,0.382923236417066,21.0602649873857,23.8854955546001
37.3737373737374,13.5172853549056,1.665366194974,20.746867802575,22.2051308168293
38.3838383838384,15.5026141370603,6.61476207852687,19.3037312031654,20.2473301664395
39.3939393939394,18.1999289681407,10.3481248092395,16.4236249706798,17.0642371516247
40.4040404040404,21.0064029288652,14.2841444769825,14.253381781246,16.0109663717414
41.4141414141414,23.5882978116518,14.976736746957,10.85960347906,13.4557523293301
42.4242424242424,25.336611925516,19.4972493950682,8.98414603764714,11.7486414958465
43.4343434343434,28.0183507770725,20.7642355130525,7.1195299946201,9.39459886303907
44.4444444444444,28.7266574335925,21.080187705512,4.63276921519296,6.20297122777053
45.4545454545455,32.4821814961099,26.7749590208255,3.5634133915984,4.727845659186
46.4646464646465,31.4664817871146,27.7601160242481,0.395123829820547,2.19165064059979
47.4747474747475,34.838220068054,30.093035046143,-0.0145488833840227,0.925616044311501
48.4848484848485,37.2347075471052,31.1946134768038,-0.685828753063989,-0.620723327408084
49.4949494949495,36.3861428419336,33.3369715936251,-2.81837283872466,0.858753098771608
50.5050505050505,39.3626682461577,33.7602134268824,-2.79605669792068,-1.97395796886005
51.5151515151515,39.1162024323869,34.3591154557009,-3.36905609506879,-3.69862108358546
52.5252525252525,40.5309411088108,34.6850962221969,-3.89195171481202,-5.0067528112333
53.5353535353535,41.8088791615372,38.1632749594529,-4.22790112538039,-4.77779591777246
54.5454545454545,40.4911179463675,36.7993335313048,-5.19619983850621,-4.65714857667364
55.5555555555556,39.8019196508895,38.7343807294424,-4.85196784210047,-4.70638365275806
56.5656565656566,39.5985524363381,37.049491360984,-5.09279270059706,-4.77143672631578
57.5757575757576,39.2426191956272,36.6015583717776,-5.29275092357444,-4.69768906342636
58.5858585858586,35.8144465159489,35.3555677512337,-5.03651753889569,-4.48065944652474
59.5959595959596,35.0524528491998,36.0588632957768,-4.08647678174607,-3.98305675398232
60.6060606060606,33.6205983543103,33.7981679497573,-3.88533056044509,-4.48872608574152
61.6161616161616,32.3073403038245,31.5062649467868,-3.39230286174265,-3.66066140054672
62.6262626262626,29.7242103049458,29.2610782646103,-2.77869864437043,-4.13314960456585
63.6363636363636,27.0317322239221,27.2705734176056,-3.52405924996596,-3.72337685511587
64.6464646464647,24.016260418545,24.6397232251574,-3.23488289523813,-3.91335210995245
65.6565656565657,20.9943304654031,23.788609890905,-4.05412661283355,-3.30399007169865
66.6666666666667,20.1714959681297,20.4508622633795,-3.38522583820183,-3.86898040262478
67.6767676767677,16.7404558325413,19.9700644663731,-2.18679349652819,-4.37947877377326
68.6868686868687,14.3950008956365,14.852559739568,-4.09079684259785,-3.56441534814012
69.6969696969697,10.3548149470848,11.4323519276716,-2.53097287736183,-3.16053477089671
70.7070707070707,8.36120325532099,10.4924029243248,-3.43055826625314,-3.45697031359708
71.7171717171717,2.73389177727458,7.46222996047553,-2.5582089988422,-2.47354279428069
72.7272727272727,3.14815189194685,1.18968598284928,-1.80443109660864,-2.94863421288892
73.7373737373737,-0.460680965867478,-1.75541350265668,-3.35257989914753,-3.1473489563957
74.7474747474748,-3.47088138678666,-4.16992952599369,-2.36807787051802,-3.0211441892426
75.7575757575758,-5.62463099712331,-9.79056492649367,-2.18323591159867,-1.7874993906682
76.7676767676768,-8.01100945157525,-10.3962478239853,-2.33847675432106,-2.15677265137729
77.7777777777778,-12.8539011428316,-13.8727637569936,-2.60233352043887,-3.3112968206926
78.7878787878788,-15.6771935329546,-18.3547882903801,-3.04666619683793,-2.90418297390732
79.7979797979798,-18.752420729534,-21.3046896853519,-3.03062412108539,-1.74473611605403
80.8080808080808,-23.9599966802905,-23.744640077434,-1.76987648034312,-2.35773784587702
81.8181818181818,-26.4940792477312,-29.0068122688781,-2.48101781929918,-1.81915107738897
82.8282828282828,-29.1519829385139,-30.8929793821985,-2.11509736383225,-1.48797780059623
83.8383838383838,-33.3769754125941,-36.5117110917625,-1.98387130438574,-0.538091065368803
84.8484848484849,-36.2079739125238,-38.8374315634932,-1.08698960341326,-0.39409336968989
85.8585858585859,-40.8887057290292,-43.622901646146,-0.405726460513109,0.355601885623356
86.8686868686869,-40.5823809765406,-45.8714858789226,-0.0872959539655169,0.0125584392193226
87.8787878787879,-44.0526975528072,-50.7373003896624,0.221436255857549,0.583850910082509
88.8888888888889,-48.6102837231012,-51.4928776222151,0.976575227780483,2.16642194187469
89.8989898989899,-51.7890667754925,-55.7050801204907,1.46290899983653,1.32546563405846
90.9090909090909,-54.1936785729351,-62.2502152945168,1.46591974518345,1.7831345390945
91.9191919191919,-56.0064378314723,-60.5117895182289,1.81963539548247,2.8085072289205
92.9292929292929,-58.9396488605026,-63.6061266281363,2.42032411087001,2.81357321954922
93.939393939394,-61.7986181781086,-66.5246958327676,2.40331834773012,2.96294738612807
94.949494949495,-60.1021424942773,-65.393364474782,2.80921926808283,3.25315468753998
95.959595959596,-63.9913384034579,-69.4456432225605,2.92824965795602,3.79892372556703
96.969696969697,-64.0342590779788,-70.1629154205036,3.50489230234226,4.49454276320971
97.979797979798,-65.6122376186696,-69.6423025577921,5.45477882886838,4.47493552266696
98.989898989899,-65.9943507399313,-71.4763900458392,6.24376685578614,5.35970682241287
0,-69.1729117132911,-72.0283210291553,7.78691762975281,6.34508185682925
0.99009900990099,-70.5239884835044,-72.1896667398939,8.77766998660667,5.70162177585892
1.98019801980198,-70.2506838156626,-68.9396743327044,9.37862469343524,7.99189046059422
2.97029702970297,-70.0452910948929,-68.2291075645038,11.187758053289,11.4618211851322
3.96039603960396,-65.5286107879172,-70.4282627709014,13.9537309985865,13.4433010500551
4.95049504950495,-63.3517890652827,-67.6504751515408,18.6630929450224,15.535068031911
5.94059405940594,-65.2265121236449,-69.396743777547,22.3910711113613,18.7365840817767
6.93069306930693,-61.9548794301208,-65.5769548234979,26.2077755420644,20.6401789525013
7.92079207920792,-59.7011719308128,-62.2403176830392,29.0163466974604,22.5743681446221
8.91089108910891,-58.8432257079892,-61.9024817909334,29.1645484374528,23.8880035100121
9.9009900990099,-59.8813349607201,-59.6669805690358,31.2386091741424,25.0784392133117
10.8910891089109,-55.7585520189286,-58.0933564527415,32.4661222747416,26.5072118757316
11.8811881188119,-53.9326952291619,-58.5322916685177,34.4261109245667,28.1479157277343
12.8712871287129,-53.3071163848094,-54.0456274755742,36.0639756146088,29.1038679654362
13.8613861386139,-51.2529726537054,-54.0809072250557,38.0267453177279,31.4037688173926
14.8514851485149,-49.0329104124329,-51.0709149732068,40.2522890754239,31.972919499917
15.8415841584158,-47.5776611291458,-50.1669038810411,41.7826480501098,33.2502725849849
16.8316831683168,-44.8302959989033,-49.7913442421189,43.1643040376187,35.2150845073371
17.8217821782178,-42.2599398209291,-44.951001868102,44.4803030437121,35.9477221217148
18.8118811881188,-40.2895393976459,-44.8695852348497,47.0986173119574,37.2368829403081
19.8019801980198,-37.8571045278621,-41.1644127940784,45.9573101304235,39.5120777282672
20.7920792079208,-38.5925340397886,-39.4524355305001,46.5719512082896,39.5657077966365
21.7821782178218,-34.7044863027768,-37.1891935187708,47.2851587309839,38.8092129257508
22.7722772277228,-31.4879484350776,-32.6486183142555,46.4090450573257,39.2552633551694
23.7623762376238,-29.7813943556281,-30.912657154732,45.3335809843178,40.498900888558
24.7524752475248,-25.4456970099388,-29.4023575871655,44.9748637293591,40.8336478125125
25.7425742574257,-23.181791691444,-25.3621936511495,43.3719615512139,40.0633626368018
26.7326732673267,-20.7895489352572,-19.6447725685912,41.0817733259831,39.3011209833487
27.7227722772277,-20.6937277382158,-20.5985538426733,39.9916195038609,38.8159072326838
28.7128712871287,-17.2575547419066,-17.9657158243879,36.4511296825458,39.201899497699
29.7029702970297,-15.7900294347667,-14.5094108143656,34.0312094943387,36.5504098432919
30.6930693069307,-12.3536292986334,-11.8176192433112,30.7358031282579,34.9352531617639
31.6831683168317,-9.57366166630527,-8.41863782266298,28.093219612331,32.6027428034557
32.6732673267327,-7.57284523674101,-6.79768433294076,24.9515571212608,30.5653897336374
33.6633663366337,-1.43101762972331,-1.3457484790378,20.861946795942,27.9864135490823
34.6534653465347,0.624431126280002,-0.0149358015167834,18.1675162118233,24.2416945634717
35.6435643564356,2.23841476607909,5.68164928213266,15.766123930009,20.7994280134155
36.6336633663366,5.41084821074258,7.59867564873218,14.4385980860954,19.3309249835319
37.6237623762376,8.59667786822024,9.18743129265904,13.6154011759773,17.5462916321854
38.6138613861386,12.4824381654687,11.8521525219572,12.5952864040893,15.2569771319178
39.6039603960396,14.3524651174469,16.636786825162,12.6364557722807,14.465018129449
40.5940594059406,18.2443847997546,19.438495048241,11.7866100249662,13.0480422626503
41.5841584158416,19.8474973873233,22.4890786104532,10.6445514567776,10.5465510042628
42.5742574257426,23.1247018751613,24.3808397630311,9.35446775870403,7.96234800765664
43.5643564356436,24.1870530021252,26.3482190729112,8.29915049965472,6.82524747869565
44.5544554455446,25.7690811881739,29.7110106684821,5.15947755183874,4.50626127020624
45.5445544554455,30.9835244039779,31.6768035813409,2.99421812682041,2.04836920739277
46.5346534653465,30.2005283445129,32.1242847168951,1.48456530756889,1.27854391263095
47.5247524752475,32.984686696086,33.1890031737552,-0.77032849346722,-1.15097317838297
48.5148514851485,33.6238238359698,35.8144490042568,-1.04574407923608,-2.57289683908707
49.5049504950495,36.6417620612559,35.6682086049934,-2.10888904277158,-2.41194476128971
50.4950495049505,34.6884001094398,36.5307139145636,-3.20003161414629,-5.18912195225411
51.4851485148515,36.9695619827233,37.5240497460831,-3.95625241531443,-3.47792814718388
52.4752475247525,36.8328037368393,39.4719230626312,-3.86425634951127,-3.47620951853307
53.4653465346535,36.5347238214855,39.3908081880733,-3.46520640202157,-3.06402002372674
54.4554455445545,36.2951495447924,39.6322448091758,-2.43716498793906,-2.08899388650243
55.4455445544554,33.5742836763364,36.7689297032528,-1.36951393123973,-2.42643917648408
56.4356435643564,32.5959659247232,35.8734476364323,-2.414433328211,-2.58040739121667
57.4257425742574,31.0278415958948,35.2133219715117,-3.11894574505984,-1.44134757240552
58.4158415841584,29.3122806866351,36.3825833798781,-3.59101166296734,-2.75526102927266
59.4059405940594,31.6106944381004,34.2105093080577,-3.05112758510846,-2.28282847207633
60.3960396039604,26.9351139080485,32.2575658093652,-2.26743681273226,-3.031467117898
61.3861386138614,26.4920731558542,31.6361095795657,-3.31616435530091,-2.90199548792987
62.3762376237624,24.77301358767,27.1311551055922,-2.30089734000844,-2.56172222898965
63.3663366336634,20.7919311317121,25.119772052962,-2.62802142269678,-2.08008209381524
64.3564356435644,18.1110132175778,22.4406571433372,-2.48021291693196,-1.45072875961445
65.3465346534653,17.8090868800308,20.328772798509,-3.67296809445842,-3.09822393846069
66.3366336633663,13.4205240124204,18.7814926227861,-2.38620301163014,-1.55762226034524
67.3267326732673,10.5685239180373,14.5546395904357,-1.41910274781922,-2.35668121381878
68.3168316831683,9.27840622350086,12.6321012207157,-1.57280269237328,-2.4793346646052
69.3069306930693,5.08712875461614,8.95006582878906,-1.75412099050557,-1.92629013527086
70.2970297029703,4.31538509142971,5.58844493078836,-1.82695152784038,-1.91015326664489
71.2871287128713,-0.559852809769215,3.15774526173917,-0.905518226119804,-2.35584327468435
72.2772277227723,-1.80088045438297,0.565021970643895,-0.816556862376724,-1.28978921859102
73.2673267326733,-5.63950189165227,-4.49447721690712,-0.697290562907499,-1.52948650028779
74.2574257425743,-8.60521633587437,-9.20165731508422,-0.228415483701684,-0.652883805115208
75.2475247524752,-10.7235776841143,-11.9605710613231,-0.760268042043881,-0.708402863636796
76.2376237623762,-14.9770631779201,-12.6641533127412,-0.242378899846505,-1.64604625841371
77.2277227722772,-17.3647593732864,-19.0985912436273,-0.00779344106246871,-0.0593423064180988
78.2178217821782,-22.4277733312634,-20.3655251955965,0.762315059622941,-0.543961665756379
79.2079207920792,-23.5356221348943,-24.7105548463137,-0.241589280704781,-0.570493003553009
80.1980198019802,-25.6588091517669,-27.3267103160841,0.194825608582478,-0.138244005290477
81.1881188118812,-27.8227172995442,-29.1939513334811,0.211158651659722,-1.53265145876014
82.1782178217822,-32.1037262776088,-34.0354483108872,-0.687141344390232,-0.32953582188753
83.1683168316832,-34.5830405722762,-34.324854076907,-0.0538999594800453,-0.730668631813445
84.1584158415842,-38.7826901205978,-38.015990489904,-0.0663745383208303,0.0111394577106358
85.1485148514851,-41.7200401875568,-45.2690066909696,-0.473614837722023,0.28779019988253
86.1386138613861,-43.5256538561259,-44.0315600866684,-0.264601118482464,-0.213617624060155
87.1287128712871,-46.1115113026042,-48.7643822930612,0.428113561006224,0.748900508356484
88.1188118811881,-49.1169629744398,-49.3636371485198,0.486034561360634,0.309884746523957
89.1089108910891,-51.9278524489272,-52.2315998114414,1.60643470109,1.64814913103272
90.0990099009901,-54.9331272121918,-58.2025666143618,1.47909073652547,2.52222978527254
91.0891089108911,-58.5177457229372,-59.3042360204712,1.69326350329464,2.33097413718995
92.0792079207921,-60.4183216628843,-61.5690386833511,2.37281051998782,2.01497032033747
93.0693069306931,-63.2120913821987,-62.8207460821476,2.95940994686136,3.09565370077368
94.0594059405941,-67.205657954031,-65.8786450979375,2.84951149901443,4.59432407737718
95.049504950495,-66.4372663562895,-64.7408727413733,3.96750579081672,5.00113320852442
96.039603960396,-68.8848364581731,-67.5256471395221,5.08781095460524,5.53538159342314
97.029702970297,-68.8006582714865,-69.0281956039769,5.30034287750929,5.81764028030316
98.019801980198,-71.0579216646846,-68.8715840952977,5.96209691696772,5.75405412338804
99.009900990099,-70.8787073264758,-69.9083426044236,8.62011516378318,7.71690559119694
0,-70.5070881418279,-71.1425280042448,8.13505307991525,7.69267072561247
1.01010101010101,-69.2482165809771,-70.9897249416826,9.95870195595594,9.27419800540928
2.02020202020202,-69.9024692129486,-68.4916156356975,10.8550040176282,10.1402984992159
3.03030303030303,-67.1700016084743,-69.1946858927253,13.7660947945265,10.9348248904461
4.04040404040404,-65.2775600113871,-67.4878182881506,18.5902614786742,13.8310165015376
5.05050505050505,-63.7287381321645,-65.4784386937854,22.2223641232501,16.0722560792583
6.06060606060606,-64.2903775302674,-65.323613270683,25.4926737843293,19.2366524036385
7.07070707070707,-61.4021486161933,-62.1340670671364,26.6908765972676,22.6690751275357
8.08080808080808,-61.2984937471858,-59.9625177698585,28.8712551028204,25.6841061395013
9.09090909090909,-57.6208190502275,-59.3895668755578,30.0775876195937,27.3471983514633
10.1010101010101,-58.0315988210256,-60.0473914714505,31.469778014737,27.70235496444
11.1111111111111,-56.6625654656153,-57.2775097667217,31.985617041225,28.6920956365294
12.1212121212121,-52.6550645075423,-55.4191332315724,32.9341543664038,30.8746449465991
13.1313131313131,-51.2546484958579,-52.311734438202,34.6995765653673,31.8376427871428
14.1414141414141,-50.2963993181536,-52.5639850719348,37.2188472762809,34.4726404635668
15.1515151515152,-48.3952656792474,-48.0928008149679,38.0308987101256,35.9259536832517
16.1616161616162,-46.8141586963963,-46.2043498975273,39.951253003768,37.5631652809752
17.1717171717172,-43.5404166291445,-46.0836438123125,41.6370132708336,37.8063741063159
18.1818181818182,-41.0911008748948,-43.3780632811259,42.137143037967,39.8757430847804
19.1919191919192,-41.1888516170627,-41.0054672992897,43.6671658519079,40.9088894429994
20.2020202020202,-37.0856252376504,-37.610650786262,44.2071291763708,43.007235225144
21.2121212121212,-34.6880840116248,-37.1420250190943,44.1613594161991,42.9561807404993
22.2222222222222,-33.6954199668577,-32.7017935005558,44.1470077187219,44.081813611291
23.2323232323232,-30.7142781823908,-31.2185979044831,43.4281357917428,41.2652932310007
24.2424242424242,-29.161844692604,-27.3868029396243,43.0395321390911,42.4288431615763
25.2525252525253,-26.9928323211534,-27.0401146162385,42.2143824933809,41.5962917427905
26.2626262626263,-21.6243988584045,-21.9426984841077,41.3618731863071,39.6470007594568
27.2727272727273,-19.600760503062,-20.0019347965607,38.6000797504595,37.8404760147591
28.2828282828283,-16.1246285764406,-17.3633535940542,37.4601838862178,37.8033656920289
29.2929292929293,-15.5991543490862,-13.9253075084357,35.385515921047,35.1486722844423
30.3030303030303,-13.2021133271165,-10.3595467207738,33.4672527213737,33.3360562062483
31.3131313131313,-9.09676421509705,-9.01060169938292,30.2824216016121,30.2055196656475
32.3232323232323,-5.63886326158048,-5.60125472113121,26.030669332338,26.3780764622369
33.3333333333333,-5.42236355637154,-1.905513886419,22.6914758871156,23.3226938783897
34.3434343434343,-0.81503109332772,0.992967212560136,20.20094310199,20.6792227603057
35.3535353535354,3.35779502948026,5.22269714909831,17.7764660066355,18.6754606533561
36.3636363636364,6.89050696116269,6.35067668787981,15.193542215741,17.8371397979246
37.3737373737374,7.77378966786423,9.87065822713801,15.1297288350567,15.5325638994532
38.3838383838384,11.1360382484519,13.7279148101612,13.9989981667209,14.9097179934124
39.3939393939394,14.0559974196054,16.3303372003578,12.7096758350609,11.734223190764
40.4040404040404,15.6450620685325,20.9271351610772,12.1907006340509,11.5166186603578
41.4141414141414,19.1253798666732,22.345398472313,11.7199797470886,9.05085005372899
42.4242424242424,23.9384009770364,25.4701300592395,9.34747374674537,7.80278096563739
43.4343434343434,27.2266761119704,26.5200406953363,7.84240728216777,5.91517090536008
44.4444444444444,26.3173595294593,31.0984407200497,5.46791850100349,2.18658081261381
45.4545454545455,30.9793856516458,31.6341456839772,3.0894716625191,1.17300421028972
46.4646464646465,30.98964107696,31.6545301046078,0.553013612702409,-6.35885559905e-05
47.4747474747475,32.174278146316,34.6194706860011,0.616217276716231,-0.73846021864887
48.4848484848485,34.4349448381489,36.0886740516124,-1.52454767837149,-2.23686452490675
49.4949494949495,34.8347200842591,37.8584080178915,-2.3349729285897,-3.4397309063149
50.5050505050505,35.0905046097743,37.9753362273479,-2.85615505950489,-4.15345334010506
51.5151515151515,35.5252113843737,38.8714247144281,-2.67794677990083,-2.77515264848074
52.5252525252525,34.7934759299804,39.8360627991426,-4.23020947257583,-4.51843169683247
53.5353535353535,37.1362397455686,40.2218851343028,-3.17170287628225,-2.12055177028372
54.5454545454545,34.8222436472357,38.2328007054561,-2.89473718216225,-2.64012712130556
55.5555555555556,36.0021087798661,38.2955196781131,-1.60630927080213,-2.80175092175
56.5656565656566,31.8422425450472,38.2054787152208,-1.73678229691894,-3.20395487884045
57.5757575757576,32.360371068932,34.6419103335773,-3.84350927163015,-2.05195482943675
58.5858585858586,28.4738260159276,34.524139427698,-2.8275100722258,-2.51890922087424
59.5959595959596,29.0149782287386,33.491250078904,-3.66832755879573,-2.44298851029189
60.6060606060606,28.8668038183847,31.1846759087996,-3.63321305487021,-1.8635957984101
61.6161616161616,26.6353161983275,30.2151804600196,-2.37521632735168,-1.72270633204376
62.6262626262626,24.4652253654648,27.7992053604497,-3.49870590967282,-2.26562882855467
63.6363636363636,21.6038211147456,23.7755475183184,-2.92762048773332,-2.17299485087844
64.6464646464647,18.8650652491773,21.5671325540406,-3.60493498497219,-2.60453683939741
65.6565656565657,17.5078821101779,20.8799582180623,-3.42883242366677,-1.64614864382082
66.6666666666667,14.1788736666921,15.6569369277745,-2.9216898703065,-2.49730799859987
67.6767676767677,9.51074920740189,12.4094650823127,-2.59115826047567,-1.93728215036669
68.6868686868687,9.51258854636677,11.2088199187233,-2.37039608363884,-2.44415455742629
69.6969696969697,5.93804320869225,8.88457904631791,-0.878849891799898,-1.80298454354174
70.7070707070707,2.66124032279753,6.76495546702373,-0.946993738945566,-2.5358334552762
71.7171717171717,0.648319680087491,0.374322930282794,-1.16364158366045,-2.29560201695079
72.7272727272727,-2.65681771938209,-0.422284033213691,-1.26580177514445,-0.191747607745437
73.7373737373737,-4.34981393664117,-5.12289803077558,-1.60226172827246,-0.488809839280793
74.7474747474748,-10.2016792026658,-8.8922679037105,-1.18439820154967,-1.28574325778084
75.7575757575758,-12.5668643933074,-9.54223663884205,-0.502874749302595,-2.30926184674497
76.7676767676768,-15.7377612866431,-15.1482026758167,-0.9081869736486,-0.879742112165331
77.7777777777778,-18.0975102859938,-18.489113042176,-0.440614771652681,-0.875153956803022
78.7878787878788,-21.2034341782167,-20.7502864759773,0.0846807100044505,-1.27493519381793
79.7979797979798,-23.2984850225731,-22.6487341388999,-1.02276272491752,-0.875820381496174
80.8080808080808,-25.1486938253418,-27.7948451290295,-1.20246478511008,-1.81090582644575
81.8181818181818,-31.4650090349051,-30.5109707671015,-0.504614180690732,-0.747903197037283
82.8282828282828,-34.8552119313615,-33.5257169138913,-0.502274920535178,-0.720185482215457
83.8383838383838,-37.4134899793921,-37.3181712316287,0.0363886929131698,-0.264626316795015
84.8484848484849,-39.6715396993441,-39.8411407208716,0.458321720881417,0.559644574634435
85.8585858585859,-39.3060865239838,-43.6627305325795,0.537488318892077,-0.127827828944118
86.8686868686869,-44.4732807792522,-46.177835485929,1.11506706083462,0.829279076100287
87.8787878787879,-46.9220649059433,-45.5613067372482,-0.264067760096721,1.999984693588
88.8888888888889,-47.6757845387419,-50.5862892465831,0.795097179800886,2.18379692500725
89.8989898989899,-53.4330807183693,-54.980843896108,1.02811108213549,1.84355681413951
90.9090909090909,-55.7520846416335,-56.3628453060832,2.83802900754353,2.17081059594333
91.9191919191919,-60.0080380918002,-59.8753160550257,1.60637073914331,2.45690980114201
92.9292929292929,-60.3492477797373,-61.8615758019789,3.06996759271233,2.94743785428544
93.939393939394,-63.75630586255,-65.0621758781169,3.87153228467454,2.39910847761082
94.949494949495,-65.8681469852798,-65.7537312958439,4.87334221913095,3.95237816270683
95.959595959596,-65.1126349709544,-68.1605337517971,4.77753032133359,4.7441425101185
96.969696969697,-68.6279688084657,-69.5803507045012,6.7541981297878,6.3079512203085
97.979797979798,-70.3488438995233,-68.8885362847381,6.15503517227542,6.23315489840163
98.989898989899,-70.250592515155,-70.1730065505203,8.07753156882821,7.20390318037217
0,-70.4632651838332,-72.3733919836729,6.3618021085318,5.14987756077627
0.99009900990099,-72.2713986520792,-72.9838837910198,6.132256048601,5.90432269850329
1.98019801980198,-69.5905249387141,-71.3915120637778,6.11152694746182,5.50336815514398
2.97029702970297,-68.5410184964853,-71.7052991184771,6.35013309612195,6.31436163394022
3.96039603960396,-68.8259283681776,-69.8942046756711,7.63432589274572,5.69676454447211
4.95049504950495,-65.4436886017286,-69.6731946175092,9.78668983974125,8.39642217585501
5.94059405940594,-65.2125433935276,-67.0022707947191,13.1291504287934,12.6431217645882
6.93069306930693,-63.8872977639232,-66.3589840071206,16.5644547683277,14.7714267327704
7.92079207920792,-61.8510852008991,-64.7083524722368,17.4401051829494,18.6411538431583
8.91089108910891,-60.1227600716456,-63.3375023202544,19.9022828955151,23.0316367172015
9.9009900990099,-58.4456506808057,-62.7033805640932,23.5589247397735,27.9239268333679
10.8910891089109,-58.7482355883902,-59.9007251976106,27.5977805964356,30.33930345208
11.8811881188119,-54.8663459825689,-56.4131275540002,30.6927897898988,33.7338322491892
12.8712871287129,-53.2988693928173,-57.2209806814104,32.6932071254474,36.780431215206
13.8613861386139,-51.9970598679772,-54.099436801062,35.1206085028134,38.7469108989265
14.8514851485149,-49.7105829566007,-54.4045604042276,37.5987168954022,40.179848480584
15.8415841584158,-47.1428741367546,-49.9552223510556,38.6574774407608,41.6331879177493
16.8316831683168,-46.094897103608,-48.8656828601235,41.257557873284,44.6339677956323
17.8217821782178,-43.3909662476034,-46.5879618678922,42.9938570336508,46.3632609007243
18.8118811881188,-42.6001262392726,-45.7991112178199,45.7623945864987,47.8498395072879
19.8019801980198,-40.6928933674336,-44.6672734477027,46.5200785714642,49.8191063790096
20.7920792079208,-38.4991891133636,-40.5654834497371,46.4005318233776,49.647657681351
21.7821782178218,-36.8928447767631,-39.9837390717818,47.188269554483,50.0556563794167
22.7722772277228,-33.133779295688,-37.5856115419766,46.1898839216196,49.310153444656
23.7623762376238,-30.3384238260404,-33.9198513516965,46.2449153965781,47.2966028338997
24.7524752475248,-29.2916328187091,-31.5454826865259,44.258845307014,45.5714678011033
25.7425742574257,-26.1902345151229,-28.6046151319583,42.3506876458255,43.7682929052791
26.7326732673267,-24.4278129825367,-27.7054411008902,41.0988209184389,40.3632217433422
27.7227722772277,-19.4646151957146,-22.6175115967473,39.2202655503662,39.1194548608826
28.7128712871287,-17.7020174605328,-20.9448407956844,36.8208496605091,37.4843669736432
29.7029702970297,-17.3750008703615,-18.4726187421492,35.5642004321175,36.666411163066
30.6930693069307,-12.1221088569973,-14.0841661976951,31.5682400936368,35.4347868673775
31.6831683168317,-11.2423417443879,-10.2633735542782,29.5283044688997,32.8934963155862
32.6732673267327,-7.55217702870338,-10.1320828374004,27.2703837647046,30.8301854879778
33.6633663366337,-3.92657697159734,-7.25569485810884,24.5310945820058,29.0754969170395
34.6534653465347,-0.147323454277616,-2.9764162711443,21.6504694446618,25.3864449426382
35.6435643564356,1.5234620870059,-0.768191633379646,20.2482815258826,23.2521641225404
36.6336633663366,2.75204785124981,2.0854993237,18.9768433425944,21.8604160103042
37.6237623762376,5.99918549966754,5.37135913042742,17.1019027405167,20.1311835146779
38.6138613861386,11.8455825074022,9.91500888931251,16.3844885876912,19.057776010299
39.6039603960396,14.5052638843144,12.4566198939025,14.934865340816,15.8722157297433
40.5940594059406,14.4175703891838,14.0755115877842,14.1780414564774,14.700802497201
41.5841584158416,19.7916616940321,17.3846552470898,12.7688215152932,12.9784187194979
42.5742574257426,23.832497354304,21.6469891201023,10.6295766778925,10.4746702883328
43.5643564356436,24.5016806340347,23.9581549207265,8.70209095046574,8.69168447864384
44.5544554455446,25.732216502006,26.898619473264,5.84353146172192,5.59285857283367
45.5445544554455,28.7651789181373,28.6506668100743,3.57872522510707,3.99233418282919
46.5346534653465,28.8277015780437,30.1728718549628,1.13459423159222,0.00718220530077329
47.5247524752475,29.8036444223226,29.9789665264667,0.446949679364647,-1.19249209016477
48.5148514851485,28.9592567153824,33.5300754759353,-3.02396187525792,-0.936298406324339
49.5049504950495,29.5274278295343,35.7969929283407,-2.95455914015982,-1.78762175707054
50.4950495049505,32.3865132249124,34.1802381190646,-3.2169232486763,-2.32167952316903
51.4851485148515,35.1842489967762,35.859131094227,-3.19977968858097,-1.43644985391163
52.4752475247525,33.2661124818695,36.039662410856,-3.96640525901968,-1.6237624414063
53.4653465346535,34.5707486847451,36.8081377161841,-3.8701789844391,-2.54647337657695
54.4554455445545,37.1355174848507,38.2581640633327,-3.6428255296404,-3.13846729579576
55.4455445544554,33.0282013602221,37.9804207102351,-3.96867534477284,-2.81768269917252
56.4356435643564,35.4300045237451,37.7172454873112,-3.23117855581647,-2.70298094701393
57.4257425742574,33.2754230777184,34.1222923658476,-3.77792347141035,-1.3764229776403
58.4158415841584,34.522773240355,35.4894192020157,-3.19138973063998,-2.50496374688183
59.4059405940594,34.0668729433813,33.8668171409701,-2.64449067710438,-2.43581442869732
60.3960396039604,33.4129447126635,34.7417332836473,-3.00989705875164,-2.72222563121248
61.3861386138614,29.8309472952064,31.6281671104287,-2.77664779587166,-2.765619023794
62.3762376237624,26.2752918484211,30.8363834246726,-4.0930304210349,-2.57970824583781
63.3663366336634,27.4322267889483,25.676889111695,-2.97947026826165,-2.9994592974452
64.3564356435644,25.0233900984816,25.5867186675582,-3.2909912101092,-2.67198215077662
65.3465346534653,20.2063080131988,23.0467596062897,-2.38983962342074,-1.67056578312411
66.3366336633663,20.3929502757187,22.8714688311344,-3.06302413181572,-2.59866429021271
67.3267326732673,17.8990165679899,16.7309298941076,-2.76109320530156,-3.41109537744073
68.3168316831683,16.7556046525258,16.6884982985961,-3.52565534223947,-3.35628707185691
69.3069306930693,15.4901258766814,12.579296226079,-2.24917540321839,-2.79700857106146
70.2970297029703,10.1080944976768,10.6580775120003,-2.34058743569533,-2.96822430278473
71.2871287128713,8.88728869406961,7.29354058797023,-2.54974900518082,-3.14829138784354
72.2772277227723,2.03502471355529,0.561414133374609,-1.47627807627973,-3.1896876147336
73.2673267326733,1.23765141319485,2.13419611050276,-2.4174521837414,-1.34100253256528
74.2574257425743,-2.95634029430883,-2.01116980141634,-2.12523936670946,-2.21250949735257
75.2475247524752,-5.90440340802632,-5.49678229030921,-1.82798335613272,-1.39383827034332
76.2376237623762,-7.7951507392847,-9.57641454115205,-1.82554380617521,-2.31043577039985
77.2277227722772,-10.9576020620991,-13.1409883027564,-1.49658640777107,-1.11016237906117
78.2178217821782,-13.6085516750832,-17.6207963120791,-1.61959606805977,-0.928305710288818
79.2079207920792,-16.9164965858084,-20.2874792385903,-1.45006216042398,-1.06668363300633
80.1980198019802,-22.5338072203133,-24.4159404819304,0.129808163989053,-0.26137258314446
81.1881188118812,-26.2765600176793,-27.8352752011849,-0.925648741880415,-1.2024917908644
82.1782178217822,-29.419579476632,-31.5114905530088,0.188168365923159,0.33861948032178
83.1683168316832,-29.6103460688475,-35.0006993370575,-0.252844869428702,-0.413707843422526
84.1584158415842,-36.6643444981306,-37.7052212352713,-0.0591778399032923,-0.489075338605988
85.1485148514851,-39.3242704843565,-41.8027538610912,-0.45294936278121,1.70691815592123
86.1386138613861,-42.4192211124347,-44.0382243116637,-0.0228609491135756,-0.0637888601329168
87.1287128712871,-44.7769325493031,-48.3675897040955,1.1521121271295,-0.116924130548649
88.1188118811881,-51.9830828316762,-50.136347059756,1.84514081835716,0.912675022202054
89.1089108910891,-50.9530104522272,-53.1765644380039,1.55149124719977,0.788723368062591
90.0990099009901,-54.4244388091151,-56.5421908834256,1.07759572431616,1.22270398520537
91.0891089108911,-58.7038743168593,-60.7602709907199,0.982346510611857,2.40198992979345
92.0792079207921,-60.9275251276885,-62.0708012211646,2.48908898162779,2.61758708952127
93.0693069306931,-62.383110510795,-64.6461254470835,2.20447559960737,2.97314806819015
94.0594059405941,-65.7026395952066,-66.9081108136525,3.09228535606117,3.17607767809223
95.049504950495,-66.1494518952529,-68.9135116733525,4.25420496652027,4.01481960465972
96.039603960396,-66.9479937493985,-69.8280914536273,4.04234951628875,3.33004147263897
97.029702970297,-69.9866120684411,-71.8210731037688,5.73897175472091,5.51877084426225
98.019801980198,-69.4814117369106,-71.9577050316929,6.30355043007918,6.47650104841849
99.009900990099,-71.9080078387316,-70.908180077198,5.47606886079114,4.85337494221243
0,-69.4510125975469,-71.756388872678,6.08272477481317,6.5870165263735
0.99009900990099,-72.5333256116013,-71.8310627051972,7.23206419965573,6.41584934393914
1.98019801980198,-67.5063060539914,-71.5541623721615,7.70727430206019,6.4289254440306
2.97029702970297,-66.3012040672054,-66.941049616384,8.90827332248999,8.26438225743188
3.96039603960396,-65.1736040912679,-67.8109933105898,12.2587388300821,11.47842668118
4.95049504950495,-64.0726238542603,-67.8015745938192,15.6386467057487,14.8437756091411
5.94059405940594,-63.3036928430898,-65.0165049951896,19.7000680158434,18.2722495582793
6.93069306930693,-60.8914648145907,-65.8734974107373,22.1867602848255,20.538292069085
7.92079207920792,-58.3271165761868,-61.9297245643576,26.1438289122839,22.5781970284588
8.91089108910891,-59.6080658150266,-59.5949798232713,29.0548325464728,24.2023538385913
9.9009900990099,-58.2815273545492,-58.9064561789883,31.0362699498501,26.6937353221875
10.8910891089109,-57.8884379621721,-57.8792091206851,33.4009471567599,28.1668330708483
11.8811881188119,-52.9573447527847,-56.6191220382337,33.4130237170339,30.079374356887
12.8712871287129,-51.9982027690643,-54.9270538850497,34.4553227750904,29.8354791115634
13.8613861386139,-50.0754363038008,-52.8030893841645,34.5921542546956,29.3253669613245
14.8514851485149,-48.9591770903469,-50.2907468763445,35.7596266469355,30.883987936804
15.8415841584158,-45.5425406502145,-50.073780998552,36.4771298618792,31.4859419327187
16.8316831683168,-45.1810269743806,-49.5949895672548,36.8410326663682,32.7557717397991
17.8217821782178,-44.5861708719272,-46.5789187719354,37.2632329933303,33.2515513391591
18.8118811881188,-40.0397016238487,-43.9070183198178,37.4095146523241,33.9058127518277
19.8019801980198,-38.7780903246056,-41.8337717369149,38.12284750519,33.9329566743742
20.7920792079208,-35.3085685969186,-39.9580854855964,38.323835438115,34.229977895261
21.7821782178218,-32.1829756623518,-36.7198348579647,39.6696914832111,36.2569808293842
22.7722772277228,-31.6018260348613,-35.1796887789497,39.0916508699414,37.5905115216971
23.7623762376238,-27.9746265913473,-32.8277513592132,39.9626131910532,36.4064343255311
24.7524752475248,-23.5527316828924,-29.2100465167748,39.6755609793971,36.59101339131
25.7425742574257,-24.8735228077358,-29.412904416522,39.0611926709743,35.6417274641906
26.7326732673267,-21.6584212079474,-25.0465605923915,38.0093622289874,35.6014175261432
27.7227722772277,-19.0017914841887,-22.0622879516563,37.1479267119634,33.845431500639
28.7128712871287,-16.5126568977843,-20.6463733219724,35.388987452999,31.713596649053
29.7029702970297,-12.3521115610021,-14.5955314927968,33.4752284762687,29.5107356366614
30.6930693069307,-10.2292030817754,-13.0954207721529,31.9274756661286,28.7520342571756
31.6831683168317,-6.76328938085034,-10.7127259150315,29.8231473790945,27.2603586569286
32.6732673267327,-6.75251854834069,-8.4548159396102,26.9535520865702,24.3683733581344
33.6633663366337,-3.64088029227059,-4.24561815628208,24.3364152740234,21.533918496809
34.6534653465347,1.99663003653806,-0.146551696785247,22.8169430910655,20.0797230942448
35.6435643564356,2.75671986002631,1.41409450164653,20.1808395668468,18.2407252486309
36.6336633663366,6.58479513575706,2.69095586337145,18.7002735212919,16.3628648522809
37.6237623762376,8.63228975193138,7.37264457169879,17.4265384944015,15.0617543820796
38.6138613861386,13.579513687362,11.5069061381991,14.1644571934848,13.1343230346876
39.6039603960396,11.9807012168797,13.2261704281643,11.9003235772584,11.3923266749308
40.5940594059406,16.2279160925897,16.2907857986162,10.6763042199161,10.3283718409936
41.5841584158416,20.0403712375735,17.6911832919221,8.13463690279171,10.5324084420159
42.5742574257426,23.4509321993064,19.4474924688579,7.1668362474832,9.94228552753745
43.5643564356436,24.9866102051951,23.6349975516768,5.88215504724505,8.49070907508578
44.5544554455446,27.3797697807801,24.9100423986104,4.69202602539602,6.73142844347637
45.5445544554455,25.3343673632849,28.6254079178102,2.72481949369866,4.52438044869286
46.5346534653465,29.6734364080587,29.1686600658336,2.05477750825,2.75839372305459
47.5247524752475,30.6131528952339,31.0873717517767,1.16631501921365,0.562614795558005
48.5148514851485,32.9524462474795,30.1447633993813,-0.490052927158914,0.789423122498345
49.5049504950495,36.0108004005573,34.3266945213965,-1.22897179258785,-0.843886176098695
50.4950495049505,36.3988332664505,32.6169672865333,-2.69853138458319,-0.961697044574026
51.4851485148515,37.4462915161554,34.7500793889845,-4.54073764119971,-3.36126493102591
52.4752475247525,40.8570336634869,34.2576293941246,-4.23288056901711,-1.99381863845652
53.4653465346535,39.401065066325,36.9792509915772,-5.12406279757782,-1.99146259820685
54.4554455445545,35.4833878911584,36.5228012588466,-4.82514510846582,-2.27664653068117
55.4455445544554,37.0462904199729,37.3988667878745,-3.91196793955707,-1.77799195422944
56.4356435643564,36.6997503317065,34.6329204100105,-4.09446107243844,-1.77835277288955
57.4257425742574,34.5136444153163,34.7799995003356,-2.66733795606314,-0.977733816879794
58.4158415841584,32.0511033832665,30.4069005308715,-3.27062568460459,-2.10754146619114
59.4059405940594,29.4724717372864,30.6071383937811,-2.55240943419344,-0.960210810624302
60.3960396039604,25.6087174571887,30.9080396911369,-1.71953625730978,-1.37330295619359
61.3861386138614,26.8203030557455,27.9704106781688,-2.65258197606488,-2.18900477849768
62.3762376237624,21.8468080033911,25.087207823992,-2.52786235202449,-1.01547389466841
63.3663366336634,19.1832501763209,20.0423829206902,-1.4729498600958,-1.24972205823165
64.3564356435644,15.5797358492672,19.6451448968324,-1.58865352455985,-2.10602931320265
65.3465346534653,14.5921980065172,18.4715943376367,-1.68231428294398,-1.69936347511186
66.3366336633663,12.0636190026547,14.7797666797453,-1.7539317787116,-1.55600013942695
67.3267326732673,9.2630320152844,11.6189486207191,-1.6422220493933,-1.03825423408165
68.3168316831683,5.19655101747595,8.19585859881195,-1.73976948003169,-1.71786868236947
69.3069306930693,2.91542129563985,2.61295465682815,-1.57617580164696,-1.89672399247722
70.2970297029703,0.812745591953856,1.92646384435575,-1.90264581868363,-1.25511157874616
71.2871287128713,-2.68786481469743,-2.74157397088642,-0.85201193765084,-1.05468835360878
72.2772277227723,-4.41093346706099,-4.9067886736572,-0.771278067945982,-0.360096314883669
73.2673267326733,-8.58709618586279,-5.77771713552943,-0.713029894915149,0.217310816033273
74.2574257425743,-9.04275538126439,-7.72346786712624,-0.942314430765382,-1.07234541643067
75.2475247524752,-10.358283848834,-13.0225860980981,-0.814016613122187,0.0153947863795646
76.2376237623762,-15.5441667681086,-14.0604152765208,-0.530553993696683,-0.539305664269952
77.2277227722772,-19.064382561515,-18.2385771376609,-0.44601759545139,-0.759447735279153
78.2178217821782,-21.9162919440809,-21.3055179306811,-1.0309519620409,-0.904434132389929
79.2079207920792,-24.5005532965039,-22.6179233759034,-0.524922727900319,0.329746058099119
80.1980198019802,-26.0052568860282,-27.5485538759978,-0.777964312185708,0.115368274145052
81.1881188118812,-32.3806921091425,-29.8599033959908,-0.599688593405854,-0.396359431050145
82.1782178217822,-34.4146178816937,-32.8416052086082,0.72668141391653,-0.663809810568682
83.1683168316832,-34.7765100718573,-36.7388393125172,-0.0203899843442699,-1.40563737808911
84.1584158415842,-37.0139476351318,-40.0520414113942,0.871584974230886,0.00021031320954662
85.1485148514851,-43.1557822578787,-42.056900438385,-0.652582637612991,0.183106080813488
86.1386138613861,-43.6279480122678,-44.9234219565302,-0.0961528819723836,-0.195793571076455
87.1287128712871,-46.180718118091,-46.3026893529699,0.226623833040625,-0.196599851983492
88.1188118811881,-47.4174461010348,-49.0276631864011,1.43677059199026,0.381080053422317
89.1089108910891,-53.2583119445802,-50.7998457140318,1.42010224691889,2.17052662803778
90.0990099009901,-54.4194969752436,-55.3701090797905,2.01964708300888,2.54399006620031
91.0891089108911,-58.5238983580391,-57.8654384378626,1.8462448627985,1.19980836843556
92.0792079207921,-60.9561210224545,-60.2012367574661,2.74609621291985,1.46204660304753
93.0693069306931,-62.180061410942,-64.310787890526,2.80067207580236,1.95223933221486
94.0594059405941,-65.0842284213702,-65.5010615285788,3.41801668981186,2.84667669804734
95.049504950495,-64.9413813764878,-66.0337923620174,4.39695833646056,3.3537456059552
96.039603960396,-66.6298455038139,-68.8055858356315,3.89497543655903,3.53166615833391
97.029702970297,-66.8147513609674,-68.2508173235485,4.62340961639539,5.64363381056002
98.019801980198,-69.025123642655,-69.7699587245082,4.35874724838971,6.8381025081252
99.009900990099,-70.3212684723006,-71.4233050003494,4.64159125991743,5.03194155345279
0,-64.640581251324,-65.9725969290806,4.34937489289943,5.93479046319677
1,-63.9345954837923,-65.0536965164644,4.71418710120893,4.4999955501676
2,-63.3745294462657,-65.1632044730811,5.53008491757088,6.66717935309194
3,-60.9777863406952,-62.2980257012032,6.78547828460614,8.18626170135456
4,-60.0621397009124,-61.653874809659,9.83554339448701,11.3090517579495
5,-59.4100011133552,-59.8072557723881,11.7629924597732,13.8540561979205
6,-55.9499448824137,-57.6582359926311,12.5511659742672,16.2780534201326
7,-55.6006754659328,-55.8050188334859,16.3097746241692,19.1167165657885
8,-53.7722884516777,-56.2117515300395,17.8150483186347,20.0631026572825
9,-52.5086520167743,-53.7076744863777,18.9865237355991,22.3380860626005
10,-51.3773419363577,-52.0982149661319,20.6457323218326,24.6636179249796
11,-48.8708618412904,-48.5805499210569,21.5448005221126,24.0323512214959
12,-49.968292026129,-47.2310040529739,23.3557259604872,26.4827719387572
13,-44.8947268838729,-45.985045181116,24.1356737603907,27.8511017479749
14,-45.1031252295157,-44.5542942201053,24.9858981463908,28.58268794803
15,-41.4404138630268,-42.9704356229947,26.4808063913384,29.2087278096021
16,-39.0371776457845,-39.8538550513215,28.7088480029619,30.4030357121021
17,-37.0697414151283,-37.8472973509932,28.8905925008181,30.3744655030793
18,-33.9138096797558,-34.1548199913239,29.3641877862172,31.6200580504566
19,-33.9715888498855,-32.1059569402142,30.5125767784169,31.7077691367472
20,-32.2153074797203,-29.8752618793785,29.7058269332092,32.9904921890724
21,-29.0316722282354,-28.5741503318379,30.9298564409925,33.0767293227228
22,-26.0871594977582,-26.1104637865984,31.6513361118549,33.6054435414889
23,-23.6530408189399,-24.6623010942884,31.1100969188545,32.8556637090242
24,-20.1616655299519,-20.2792939922234,31.5849477087474,31.8547946792222
25,-19.2345271705438,-16.9156805025114,31.8642869314556,31.8968784765796
26,-16.2952295846591,-16.7681084064548,31.5113422197417,31.1041980097186
27,-13.3286025253152,-12.2297852182959,30.5353194124659,31.2511610236749
28,-8.68446875304777,-11.9109068113985,30.9073451412245,30.3090180735453
29,-8.82727025613185,-5.94166569351166,30.9755509494516,29.8785014872234
30,-6.40509462066638,-2.70390956999679,28.9103062945103,29.3200058467324
31,-3.87502679370574,-1.61450392252957,26.8140221554825,29.2977717700883
32,1.54073966687423,0.70683199795077,25.7320539413436,28.3653654627918
33,0.716179249201397,4.87175906865272,22.0161874361062,26.3163929107644
34,4.77660737873178,8.2060153377458,18.7871517578022,23.6543657568998
35,8.1620694286287,8.97815137917298,16.9111651472627,21.7590127962504
36,10.5299130316957,12.9131717485723,15.8197203917537,20.1766046763015
37,13.5893582662757,14.7339279573743,13.0007069343646,16.7146912794321
38,16.6336097649709,20.5942772311574,13.3619407447031,14.022840724013
39,18.4469941895153,22.820492967619,11.459502092469,13.3341790101683
40,22.6205747049228,23.6197669362994,9.33628185961723,10.9098681819292
41,25.4686853817726,27.3495771065357,9.71454011212941,9.11984396540565
42,26.3125363150126,28.4918254225118,7.29014589088161,7.46796043212757
43,29.8385411410874,30.5875480718261,5.96098226185579,6.00960390811852
44,33.1893876133527,34.6782281036169,4.73855180944349,2.62694558805744
45,34.8823137757901,34.3739356071312,3.04690856889464,1.42107303397465
46,36.2476983693282,37.1043740916062,1.85495980572269,0.680326547707689
47,35.6610894931954,38.7807689935963,0.140845045577436,0.801046702933887
48,38.6856114731931,38.4100593793348,0.257232048454772,0.906006293566789
49,37.9501910984506,40.6453246592034,-0.339595888042876,-1.90849000443448
50,40.3218597354447,41.4120922275049,0.0305561517429629,-2.82941792033163
51,40.9435270949058,39.0814026384145,-2.69663537256172,-2.13716076321915
52,43.4601097869001,43.5617221445309,-4.10997520191022,-2.75539345854806
53,41.867535294927,44.1300479938462,-2.96926254031682,-1.75643321839251
54,40.8679043022992,42.2553685306557,-3.14863688975441,-2.78616807926217
55,41.6233312657159,41.9115548810507,-4.61159401614086,-1.34369747321062
56,40.3221021676688,43.4155476565446,-2.67038114540704,-1.26271971723858
57,39.2684512054913,38.0833091288173,-1.73270517905911,-1.29257028170353
58,37.2190081422313,38.6781088518425,-2.46715624732939,-1.42259963934725
59,36.5787144842498,38.7730884253057,-2.78973315114743,-2.04409267452272
60,35.2464338529083,37.5673937561497,-2.21535069290845,-1.42329951659844
61,32.9833089281331,34.2423379071415,-2.48964916263718,-2.5168555283255
62,34.1026775464045,32.6073678559541,-2.59732315955966,-2.08698776353434
63,31.0590193805379,32.8588762123692,-2.00929513938264,-1.60648483739925
64,27.578635643074,28.3200237592043,-1.87672142066762,-2.27238481986097
65,24.8855383173559,25.5946238364324,-1.88881618649498,-1.95197866753627
66,20.9597852122829,25.336161496849,-0.792173128577564,-1.15648416694154
67,19.9348411479923,22.2293435901508,-1.52503296871871,-1.80183724166195
68,17.0634326318279,18.5433060330441,-1.84415207523819,-1.78613335494615
69,15.4001866835447,14.1725248980055,-2.68007162288532,-1.17193469097484
70,12.3514021560868,12.8249027690733,-1.61687192742199,-0.443095055779452
71,7.45033160611099,6.5647297996958,-2.29182233213001,-1.47268086492729
72,7.38107733303529,7.85219910725807,-2.16657447491498,-0.99794235072854
73,2.25156164938431,5.42757050918143,-2.65367654170875,-2.07946460534816
74,0.843203518659051,2.22343120731118,-1.58092879182636,-1.60911085736203
75,-1.54741981775408,-0.972510075973945,-2.50342880316886,0.15113916279534
76,-6.18760371961448,-3.74182981997496,-0.645514164296576,-1.70578417622343
77,-7.59533428403298,-7.88485905488901,-2.17651580761658,-0.2835260779662
78,-10.2971450235575,-10.7568120418444,-2.25925331046451,-0.314794147847392
79,-12.863755292599,-12.0746304043123,-2.26609543677796,-1.01561997207015
80,-18.0336990562621,-14.7897145779729,-1.40815468750626,-0.994439472213839
81,-19.9709698319397,-20.2611881676941,-1.40027897899211,-0.312869524301414
82,-21.1162948206223,-23.3521796243736,-0.723715255495446,-0.577707891262772
83,-24.78597243442,-26.1021352925495,-1.52769760137753,-1.1474904383362
84,-29.2200676247733,-29.3425134123563,-1.05589466200247,-1.14863304714396
85,-30.9476610372489,-32.9569351933643,-1.36975416502741,0.052174151142346
86,-37.0109992183663,-36.0758923962671,-0.919652208645444,-1.23508004432007
87,-38.6126850563879,-37.8335863071832,-0.377951576162528,-0.41007256201131
88,-42.1750596873792,-43.1056344149353,0.127182808834962,0.742114388657462
89,-44.1775374475234,-45.9362478318804,0.602825585507134,1.8797440334954
90,-46.5834362582443,-46.8465170705095,0.961467433968441,2.32870212583683
91,-51.1006051564431,-51.5119116701578,1.94265696767188,1.4494305071671
92,-51.9551160002975,-54.7411282151172,2.24140839143273,2.68766887203578
93,-53.9466097251895,-56.983552288328,2.58021459978483,2.40010619509305
94,-56.4231670755668,-59.9738999387298,2.10955360618992,3.23310833741009
95,-60.6194778357075,-60.3160665647474,2.72299044308625,4.67227560442528
96,-59.1928380088069,-62.0827719140587,3.79304308663903,5.66291353913526
97,-62.0594956856126,-61.8834683630933,3.68014196932895,5.82220301704475
98,-65.2878443077243,-63.9394388130855,4.38508961028077,6.94274225662672
99,-64.726498227212,-63.9952754336243,6.95079902475575,8.15638559759123
0,-72.6578589717769,-72.3416348927926,8.68768071023174,6.84327118675747
1,-72.4993469316978,-70.6397261511856,11.3317544352859,8.70803095837126
2,-70.2598622930861,-69.912767846368,11.5433312035218,10.4480478450697
3,-68.3495958574547,-68.2764604661849,14.0562463199903,13.4904264500492
4,-66.055361366319,-67.3071916397053,17.968064809078,15.2216781692121
5,-64.1314068438644,-64.923233784273,22.1659124193497,17.5763783294841
6,-64.2425366503923,-62.3111452992299,25.645104341696,20.6466789434395
7,-62.7312646582065,-63.5098927401785,29.3910167081069,23.20382903895
8,-60.5352482129267,-62.6813210948369,31.4889328988565,24.2368171676975
9,-61.3240443889398,-59.3579869032189,32.7280765075736,25.0643385438661
10,-56.1086554425611,-56.711034331175,33.8411093190808,26.9602743752081
11,-56.3026081143039,-55.2368661427004,34.4655285919506,27.0299296410042
12,-52.4500318411069,-54.6993182378956,36.1241247009533,29.1751716409218
13,-53.2815530366832,-54.6776664909358,37.6374787952715,31.3012286357505
14,-49.4101948543987,-49.4213093499068,40.305793517511,32.3009291456226
15,-47.6801418722115,-47.9126799151282,41.4934760601252,33.2798544965718
16,-45.922626391989,-46.9640906492686,41.9443192775514,35.74756069776
17,-43.3999432386592,-46.6341497330677,44.1439046899113,38.3745179981379
18,-41.7348280999328,-41.8367520514604,44.6898716802071,39.825977453991
19,-38.8984196740687,-39.8098652363041,46.38140374149,39.8520559941188
20,-37.7183042186761,-40.1812424036812,46.848554041909,40.8699941475821
21,-35.2983474501338,-36.1370869009375,47.8135745701387,42.2131144212487
22,-32.87286910208,-34.6612906243457,47.4648352161542,41.6081177212166
23,-31.6853568199052,-30.3029225704079,46.5905103891914,42.5989249867401
24,-28.3182655886698,-27.067029066818,46.2662310649395,41.6191008323646
25,-25.5091834339037,-25.9848231139043,43.9227023683086,42.212609611066
26,-20.3567853520609,-21.8616086872835,43.2467235512734,40.7813715617378
27,-20.9198062930294,-19.1787904038976,40.8811715547514,40.9997690378885
28,-18.8814518813487,-16.9217259227415,40.0782217671882,39.0702151381662
29,-15.3846847029355,-15.8813898916575,35.0340942118333,36.8566912425002
30,-12.9527165187496,-11.4206159822556,31.9732004453762,34.4591899940701
31,-11.999525641801,-8.48491068081364,29.8820697528777,31.0510182997791
32,-8.21459330976625,-5.13658711345955,25.4399433743283,28.0972771059865
33,-4.72213794459268,-3.92427410097727,22.6292560379439,25.071095578389
34,-2.271372140328,0.527698704237748,19.4899606045163,22.4526765259097
35,3.58646335004387,4.12166180444303,17.3203111014224,20.3813311838909
36,5.5527926275861,6.34690743875525,14.7832064934401,18.5054528664555
37,7.20677372476814,8.6663035176853,15.7194550033078,17.0544400939445
38,9.85586811949819,13.9479778295978,14.3330840489967,15.5225330473622
39,14.4084684904455,15.7652869901476,12.7361027663019,14.1424738720993
40,15.1612873662462,17.4381056651519,11.9865754632695,12.5435726677465
41,19.3429679652377,23.6441861048985,11.3056332259339,11.2993513556409
42,19.9822679287376,24.4636325371846,9.40403108939284,8.55667632816817
43,23.791235115685,25.3316914446042,7.86318932475931,6.03844052787209
44,24.3473090725051,27.9167539368269,7.12218219855266,3.64636911743235
45,27.5991859141787,30.7690591335649,3.46585061744821,2.35593034419366
46,28.1513741050292,31.9697912879844,1.49212127224461,0.752649548716103
47,29.9620078465229,32.4721547053812,0.0476556865107484,-0.444246916264169
48,31.0409578814487,32.8910049893748,-1.15032231996925,-1.70020749958124
49,33.0962725731691,35.6087551193113,-2.565864130601,-3.76467809691644
50,34.6988454022209,37.498947524038,-3.22712251628047,-4.09142237088999
51,36.1390823645483,38.577234229761,-2.88602325478163,-4.05299879696557
52,38.0404430260095,39.1275173414851,-2.39201095559604,-3.23426612417718
53,35.4745905894347,37.7949563955156,-3.6307529470488,-3.39062621343019
54,34.331460473398,37.3033392135929,-2.05295861880745,-2.89814117981309
55,35.0039237128356,35.2127107862934,-2.46631700488098,-2.05740848481281
56,33.3283900270278,37.0606730284867,-2.54814367512145,-3.3767213230769
57,31.6791113515975,36.1857084775159,-3.17880559878348,-1.34707024243999
58,30.0211285993035,35.3566051102729,-3.16053628078378,-2.70030748424521
59,30.3289588848111,32.8244738881022,-3.07538960141165,-3.29022362633758
60,27.5308945146242,31.8825367203276,-1.95142691487512,-2.21386012982914
61,27.2136169338325,28.2056156850292,-2.67882795871313,-2.30664629847004
62,22.4625922807512,26.0216885775865,-3.8376357330433,-2.25063329687671
63,20.1312145005333,21.8122826274417,-2.95319651210176,-1.78474079497041
64,18.9740978676956,20.599043400324,-3.19588669406693,-2.10818574725181
65,17.5354494413712,16.376300653343,-2.38404402843217,-3.70408963429932
66,13.5861985918372,17.8905053187353,-1.92390958499003,-3.06290653906073
67,10.0154108646415,15.1865747476352,-2.83927117760811,-2.13561596901229
68,7.67229727556697,11.3678244201298,-2.47287384134867,-1.74720159048472
69,6.52194796681664,6.51486049538189,-1.29651527831089,-2.3774830465144
70,2.99193409333599,4.19853992286677,-2.13244467515798,-1.63583343655842
71,-0.62720850325447,1.30662437687017,-1.28583682078383,-2.77100943436046
72,-4.17567282936883,0.158407388673355,-1.86042199097341,-1.54848784859679
73,-7.21866320520345,-5.47326165963663,-1.20758049106102,-1.82197341403705
74,-8.44590944553985,-7.99889236588714,-0.464828952344177,-0.959550094920798
75,-12.2617013340315,-10.8067364938981,-0.43900153331473,-1.85104324970557
76,-15.8775120096153,-16.1750740753597,-0.93636116463027,-1.21202902905572
77,-17.3509214174836,-17.5432911764722,-1.00626827031692,-0.791382193883946
78,-20.1346423206138,-21.3280225796643,-0.72855359601898,-1.84725263106359
79,-22.9885270367747,-23.2910168889119,-0.483963286982201,-1.18327005357156
80,-26.8993355180916,-25.7511146035721,0.0973292701187992,-0.610988312370804
81,-32.6141308414264,-30.2905451803931,-0.348153526478702,-0.775949185503782
82,-34.1879734448719,-33.1973738320665,-0.0617139023096952,0.189512618673813
83,-34.3269976682828,-35.1144963501288,0.050816578561712,-0.0644578766138898
84,-38.6922818045681,-38.6847975914343,0.830422622087352,-0.42256662876492
85,-40.9058398074845,-42.3408399989967,0.168615545701559,0.0685933470913785
86,-43.391630239255,-46.7005113406146,-0.266400951191428,0.812408344115882
87,-46.7359341241398,-48.7067713722699,-0.075716757662936,1.79760015647689
88,-49.0152976786236,-50.0855319914166,0.145091870522731,2.38134014774794
89,-51.544587622671,-56.657068808655,0.813803125715107,2.80827819192486
90,-55.8991032213077,-58.1376467393433,1.66076906268315,1.96725205208573
91,-58.1498743071865,-59.0341480097247,2.69427994178424,1.94209066005856
92,-61.1542751934573,-63.0744081956766,3.25989060469987,3.05031964551404
93,-62.6216217793661,-64.2960420505277,2.9172387601375,2.96234242336622
94,-66.2454330054096,-66.2566235129804,3.34623239716686,3.71531394600381
95,-68.4614858089973,-65.6615262407958,4.2373055929381,3.51735725976861
96,-66.9893651204385,-68.5523654203675,5.58811712221473,5.62514722913759
97,-67.886097996588,-68.934149934988,7.49152217849029,5.7613842254932
98,-71.5504121164858,-70.2840413599259,7.20416036776724,7.35977158901672
99,-71.2683551037005,-69.9256255815366,8.21312812378662,6.63680133022309
0,-69.0716994860573,-73.4515605257244,2.62556507926843,6.18412589282289
0.99009900990099,-70.7317388481836,-72.1841254037855,3.76641733220892,6.39418082822782
1.98019801980198,-68.5593284335021,-69.9406907275161,5.19216830737654,7.49754627080262
2.97029702970297,-68.2121016579077,-70.4372067699042,6.61560345680995,7.93853916830597
3.96039603960396,-65.4266500659205,-69.9503961851116,7.47629477575935,8.11281003066065
4.95049504950495,-64.9630853963762,-69.1832422674071,9.32223126902133,9.87813693511913
5.94059405940594,-62.4950291588367,-65.5753227710005,10.8248012612123,13.2565089831041
6.93069306930693,-60.5755269464848,-66.4079547945446,13.7603004936312,16.3320619311839
7.92079207920792,-61.004437221849,-64.2366405479648,16.6199869417995,18.3631491863743
8.91089108910891,-58.2155447397559,-60.9730173771734,18.4093661814228,20.2932790962851
9.9009900990099,-56.7062494107679,-60.2574796850988,22.7823565779732,22.9234562908925
10.8910891089109,-56.0106226146037,-59.3626002505246,26.5367132021932,26.7167823174736
11.8811881188119,-53.339638161205,-56.8227162693395,31.5733663775669,28.4856336162355
12.8712871287129,-51.0814590385197,-55.5496235463068,34.1943110013381,31.9801113702635
13.8613861386139,-48.4430976902573,-56.9940379697125,37.0046639672698,32.9814901169052
14.8514851485149,-49.6706454899994,-53.4992484674674,38.7031441934169,34.1942995300565
15.8415841584158,-44.688495700744,-51.5303445183107,40.6644953217573,34.6162031252128
16.8316831683168,-44.2719603995283,-51.7753438681817,42.1215979301378,36.346314742771
17.8217821782178,-41.1187605147594,-48.9046202118371,42.1207597011551,37.2029282754085
18.8118811881188,-38.1234111570747,-46.2902669315251,43.5291787886605,39.1048283409205
19.8019801980198,-37.6512568898028,-43.4916983180635,44.7544864853214,41.6238670428648
20.7920792079208,-35.6337886132571,-42.0270532514256,45.4474996686467,42.3378515672675
21.7821782178218,-32.1976608964614,-39.6739952215308,46.4952826688898,44.4354518884876
22.7722772277228,-30.1018585079391,-38.1760623128536,46.6986914973595,43.8686984085563
23.7623762376238,-28.9654251935464,-35.6128754500859,46.9921282131183,42.8158507771819
24.7524752475248,-23.7803048931275,-33.1372225911431,45.4652595778852,43.1729403460124
25.7425742574257,-24.8825064984809,-31.5936869464347,44.7805419938947,41.5178611520836
26.7326732673267,-20.3935872914407,-28.2076344378937,43.5001572173301,40.8298823148853
27.7227722772277,-17.3363993936885,-26.2503598140216,42.4209211470809,38.0939354294057
28.7128712871287,-13.4217893045536,-23.6142723787016,39.6605954421252,36.0760415768769
29.7029702970297,-12.662884254325,-20.5836788041918,37.5907704742768,36.1181037367544
30.6930693069307,-10.0877262329675,-18.1565810803073,35.9767332545047,33.9189627970853
31.6831683168317,-6.95570715586893,-14.9500431519362,32.1061285703802,33.1109567546747
32.6732673267327,-5.79129673837232,-12.2829732946166,29.6108366076244,31.0196968294336
33.6633663366337,-1.14481977187716,-10.6180048037965,26.8674947930725,29.4802988385323
34.6534653465347,1.32722865461462,-6.54724871624109,25.1306278312111,27.0674696944297
35.6435643564356,1.89588184572272,-1.63801292423081,22.4975560799739,26.5614895071641
36.6336633663366,7.44711268205613,0.969245672433844,20.5996112574802,24.9160204176994
37.6237623762376,10.1743131488973,3.30726226891682,18.8658288300711,23.5442400224077
38.6138613861386,13.8497806830823,5.20210988705464,17.0325013823399,21.2358953693739
39.6039603960396,16.6281053728893,6.36288084000624,15.8699722656979,19.5478503365232
40.5940594059406,17.0572092616091,12.7843130250705,13.3599627295084,17.7193688810558
41.5841584158416,21.4020801395536,14.2323266452227,11.7598553862643,16.0425039971781
42.5742574257426,22.7797266468239,16.1583539576092,9.87168182458849,14.5190926784651
43.5643564356436,27.2846266755236,19.9064099408533,8.52321882548729,12.5675438430961
44.5544554455446,29.623323016902,22.6704110031828,5.62894575201976,9.36476756978379
45.5445544554455,29.0701794290072,24.3240482464908,3.66757441959649,7.68221950949764
46.5346534653465,29.0341216051923,26.3267051714533,1.06123452374309,4.40441080666248
47.5247524752475,32.6249662386368,30.0328854348231,1.05080575048682,2.9559545118547
48.5148514851485,32.486398561518,28.7158780643248,-1.07036113343467,1.27594669005628
49.5049504950495,35.2487254044717,30.094787809994,-3.07857883516182,0.403891722741211
50.4950495049505,34.6179183475268,33.1959289925945,-3.64068073236947,-2.00685275696541
51.4851485148515,35.1222341446159,33.4500590455505,-3.16553029799077,-2.52706183078299
52.4752475247525,37.0736439622937,34.3797489184325,-3.22471516742124,-2.96953932639262
53.4653465346535,35.3414007259003,36.569872738451,-3.67759603465839,-3.93176826218928
54.4554455445545,37.0548824937866,34.2586069745622,-3.41191909411463,-2.53404750116122
55.4455445544554,35.4242935762116,38.1492002964373,-2.98132162262194,-2.79240874597905
56.4356435643564,36.1307610483472,36.4705226110403,-4.03774650238394,-2.13115406009596
57.4257425742574,35.4539950736683,35.3387883470701,-3.59901081609638,-3.71825466309271
58.4158415841584,36.7663151332347,35.3109485100124,-2.85788261734785,-2.75566934414383
59.4059405940594,32.4638743435358,31.6000754119308,-3.76734325325306,-2.15889124468782
60.3960396039604,32.4941196053784,33.2152046139404,-3.29727466113573,-2.73854641135189
61.3861386138614,29.4614196814072,32.3523438117965,-3.52521613398857,-3.25003508583399
62.3762376237624,28.2332958658883,29.3869070437473,-2.98868247102036,-3.64392075031267
63.3663366336634,27.0333494988126,29.0703616826137,-3.17816985648005,-1.80899482539601
64.3564356435644,25.3037135488134,25.3984941169577,-2.99078846821115,-2.15079227836462
65.3465346534653,21.2954345897689,22.5004632388521,-2.77637187682608,-2.75188010016631
66.3366336633663,20.4955325533272,20.2525756144297,-2.76771164455997,-2.49512436159249
67.3267326732673,16.2149569633917,16.6249798894387,-1.77470829329567,-1.64924020847478
68.3168316831683,15.4949922044382,15.4553784516427,-2.43382176631736,-2.79347786645757
69.3069306930693,12.2321184110159,12.3954428987353,-2.8248206403037,-2.94211004601951
70.2970297029703,10.6997025736149,8.94960369192412,-2.78812878255972,-3.15648947394947
71.2871287128713,5.56673641297919,7.7028915758202,-2.87440678858001,-1.46099544654395
72.2772277227723,2.89087631695584,2.30562474445466,-3.87223961130956,-2.86256451949662
73.2673267326733,0.345385076962861,-0.270333608844717,-2.97003988348022,-2.07471053205445
74.2574257425743,-2.30803750314384,-2.43812273983379,-3.11659267194991,-1.60352061160614
75.2475247524752,-6.02428733222182,-7.03345293042056,-2.66356172302355,-1.50916154267629
76.2376237623762,-8.22124591157743,-10.5186446707701,-1.64970839986479,-1.48814896328451
77.2277227722772,-10.8535204727066,-14.9725877721366,-1.86539435514377,-1.20678441106012
78.2178217821782,-16.799063640243,-17.8023545685913,-2.12949252141876,-0.996166166887489
79.2079207920792,-19.5869501277071,-21.9255897331129,-1.60006806314328,-1.23197840532618
80.1980198019802,-22.3839825305106,-24.1175420112333,-0.678865896639082,-0.53272061019397
81.1881188118812,-24.3349203633071,-29.3285477910139,-0.006609828103052,-0.289711214314483
82.1782178217822,-27.2092486988495,-32.976913336122,-0.195102267713066,0.0423227456624852
83.1683168316832,-34.420570809073,-34.5423974154665,-0.369023509546341,0.171706356121904
84.1584158415842,-36.762309790952,-39.1419451323185,0.339807752129731,-0.734469239468662
85.1485148514851,-40.3562544751354,-42.3469440251813,-0.552577888022708,-0.631657696698163
86.1386138613861,-44.0070335248512,-43.3588239673697,0.369715002379559,0.584868664753718
87.1287128712871,-47.8509848324681,-48.7314109540077,0.446775702339668,-0.249625650583658
88.1188118811881,-50.8422354135494,-50.1255728640904,1.70962467082525,-0.169853454758483
89.1089108910891,-54.0696265030895,-54.4593065717843,2.47389315427085,0.801588147748647
90.0990099009901,-57.2369931757506,-56.8013212733228,2.83650167233078,0.859852144213375
91.0891089108911,-60.2826138059134,-60.1591101158222,2.82309098186041,2.57441862346824
92.0792079207921,-62.9736805446409,-63.2991133478324,2.44186456820665,2.50760004790302
93.0693069306931,-63.9640955309697,-64.5009105900863,1.77652573693129,2.88651639880335
94.0594059405941,-66.7261257573569,-68.002455269348,2.98727900665405,2.68378578700154
95.049504950495,-66.185798017682,-66.3513783323223,3.71517702097419,3.52753279150415
96.039603960396,-68.5963879548566,-69.036100859636,5.0518029163241,3.9055660159082
97.029702970297,-67.5249715278692,-71.8217540389137,5.24442790767984,4.77041391083625
98.019801980198,-70.8319343617791,-71.879604631681,5.20712301679847,5.35034311565841
99.009900990099,-68.6502829363112,-71.3908002618716,4.94146399554022,6.9473080650755
0,-66.3212661209636,-65.0741673037433,5.72029168689049,5.83305103229158
0.99009900990099,-67.4378521661536,-65.5587941479513,5.1603439347526,4.95970160588775
1.98019801980198,-66.0775280989965,-65.1740414427328,4.59419214534833,4.57616126116828
2.97029702970297,-65.9570925670003,-64.4538089463339,4.93433947799509,3.76412092470331
3.96039603960396,-63.5306478514576,-62.7612946239548,5.64449871163391,3.77502382079627
4.95049504950495,-61.0052102839153,-60.9315123603403,7.52011954343314,7.57017648319045
5.94059405940594,-60.6131546256168,-60.5764017869183,10.0061738877506,9.35122675189478
6.93069306930693,-58.3560249689091,-58.5960138642406,11.3773089170839,12.244252745349
7.92079207920792,-57.6074612061703,-56.0112649573991,14.5064160461208,15.5109859149703
8.91089108910891,-55.9905323489116,-53.1173454475323,20.5436826092278,18.8708274069166
9.9009900990099,-53.8548531388315,-52.9956370793657,22.8197894886777,22.0714038449105
10.8910891089109,-53.487846906669,-52.0772253870382,25.301493307107,23.8657239338913
11.8811881188119,-52.1779279049793,-50.8461496610609,27.2754423492197,26.5738684112639
12.8712871287129,-49.570516514033,-50.9317218439941,29.6066555639249,27.9355229227128
13.8613861386139,-47.4071073135571,-45.017626708552,31.8928944139502,28.9797675189791
14.8514851485149,-46.4915733471615,-45.6271592950048,34.5126693543991,31.2332958250569
15.8415841584158,-43.5978966073059,-41.0230301719635,36.7378969641947,32.3927857096009
16.8316831683168,-42.2466738617838,-41.742551421665,37.9463600547482,34.1795048834423
17.8217821782178,-39.7792593450651,-37.3594690680775,39.5063091747016,35.4213479795695
18.8118811881188,-37.2620232597922,-38.2582387183635,40.7478233180651,36.7963384007033
19.8019801980198,-36.7819387063476,-32.706476933422,41.2220493325384,38.4421537441587
20.7920792079208,-32.4598273972139,-30.7750100538954,43.0554247098544,38.1394326288754
21.7821782178218,-31.3646186307385,-30.1522879366289,41.7620450444922,40.3303111888
22.7722772277228,-26.3192042508547,-26.3709540287245,42.7537339610612,41.1665973521191
23.7623762376238,-23.8172626666951,-25.5214955743712,41.7887830454016,40.0411544987742
24.7524752475248,-22.4031368397649,-21.8283403764264,41.356611692155,39.4568820034937
25.7425742574257,-21.347824454052,-20.646287709291,40.4435430471718,38.2397967682994
26.7326732673267,-16.7355031537325,-15.9438600281635,40.0514492278775,38.7691880457115
27.7227722772277,-14.5212790949977,-15.3814693774457,38.8081547496516,37.7091794897063
28.7128712871287,-11.0408393581294,-10.4064022216911,37.2204013360572,37.5120762795641
29.7029702970297,-10.219827422049,-8.24981735037288,35.8040964459202,37.3534850070085
30.6930693069307,-9.27176340716452,-5.26173869310096,33.417415830003,34.127481441895
31.6831683168317,-5.59210723982417,-1.03518492162942,31.4560527883607,32.0121883584646
32.6732673267327,-4.63584867176856,0.470692743514823,29.5943553995915,30.0865502525819
33.6633663366337,0.803380211392676,4.33757077430973,26.2250628818041,26.5240479588356
34.6534653465347,2.91276930002218,6.94380958486563,22.6792516925733,23.5587315660581
35.6435643564356,4.33580715605943,9.39575144274172,21.0881143134357,21.4015042985172
36.6336633663366,8.72743003495495,12.3155987731404,18.0009501879924,18.3256690528775
37.6237623762376,12.7373735538897,16.1790546863752,16.2413026362377,16.5652628851687
38.6138613861386,14.2071575662547,19.5471641080297,13.2987958465032,13.5945513558142
39.6039603960396,16.6387577643157,21.6250117127467,11.4527559457995,11.3950220862136
40.5940594059406,20.0841146754416,24.3812709883272,8.89748342863133,10.4598182427479
41.5841584158416,22.0207817406349,26.8522732969561,5.96238636078185,8.00038720442732
42.5742574257426,25.413696464139,27.8090336770656,5.36493519517568,6.88289616168798
43.5643564356436,25.8825993309016,29.8912443093373,3.96035779173148,4.87888421909857
44.5544554455446,27.8749809407678,33.3362260601049,2.3354700030596,2.82188560138847
45.5445544554455,31.0050598746467,34.7434416328522,2.03620597398497,1.0453967196403
46.5346534653465,32.4821039000599,37.2543939325956,1.96584874254278,0.157322778591268
47.5247524752475,32.0099241998346,38.4820155376665,1.08236223103205,-0.348180819035156
48.5148514851485,34.0914411395822,36.8924519528031,0.56245098216837,-1.10202850928164
49.5049504950495,35.9848545268847,38.5986435144932,0.487720407103951,-2.08332372282391
50.4950495049505,38.0434262010818,41.5481131920792,-0.909836685383209,-2.09100609622773
51.4851485148515,37.6651293562616,37.2231709206801,-2.35065672597468,-3.43250521910571
52.4752475247525,39.7424458989733,40.2122635505971,-3.62058399965149,-3.23494171363792
53.4653465346535,39.755781217499,40.7442819502792,-1.57943316253192,-2.44337418499892
54.4554455445545,38.9989196051517,40.6356290468672,-3.48393986342486,-2.32208591153435
55.4455445544554,38.9194426779352,41.3580613385654,-3.39720801567907,-3.01350912406918
56.4356435643564,35.9133389096974,40.7126450729236,-1.58060225781173,-2.11176607424896
57.4257425742574,34.5560394360614,38.3177468650014,-1.86004264138797,-3.03907977377698
58.4158415841584,34.3197276717245,36.5089992417186,-1.74928271667107,-2.88111001027734
59.4059405940594,31.1580221267173,33.3413196277604,-1.72656938867079,-1.50555069870794
60.3960396039604,29.4431393628168,32.6204433164053,-0.642653064341248,-1.46510328281633
61.3861386138614,25.6749018071222,31.8825022034191,-1.13583917227835,-1.51851932550322
62.3762376237624,24.9563744329343,29.0199323884293,-0.488667051271735,-1.37788900855211
63.3663366336634,23.4516533985398,24.9486721900621,-2.13771165037233,-0.797937369564446
64.3564356435644,20.1261997596258,23.2652067844135,-1.33474271214712,-2.72627517912552
65.3465346534653,16.9661600085816,22.2535139563927,-0.950360718381738,-1.26629239803165
66.3366336633663,16.187798493493,17.3833290449478,-0.376260186021432,-1.98030125001636
67.3267326732673,12.5779014308728,14.0120677529655,0.0433985764960738,-2.11604952902514
68.3168316831683,7.50299404716797,13.7337408098749,-1.07599678825938,-2.59626405068885
69.3069306930693,7.26195802675212,10.0790903350833,-0.577054925860385,-2.48794158582775
70.2970297029703,2.91625127556563,6.25462042834242,-0.2539898113254,-2.39726420564126
71.2871287128713,0.867568311658464,4.63266172938121,-0.110385221673434,-2.5885359771968
72.2772277227723,-1.26667036607345,1.62998690770524,0.0210949313333088,-1.70132058702247
73.2673267326733,-6.42081656790103,0.390936284698373,-0.718923758511738,-2.10320399396181
74.2574257425743,-7.32784251025779,-2.43289276421133,-0.861361962114387,-1.7970798274997
75.2475247524752,-11.9138264954827,-7.90513218325109,0.728817914235191,-1.86938334810051
76.2376237623762,-13.3851707098839,-10.4703535229453,-0.745538735093172,-0.906885512730486
77.2277227722772,-17.5461966019519,-12.5558148637668,-0.381575390748136,-1.39002162233641
78.2178217821782,-17.808265359354,-17.0470483339134,-1.11426764309274,-1.67804714353566
79.2079207920792,-24.4839505124804,-21.6513991732352,-0.367319328625012,-1.04961376119875
80.1980198019802,-24.1702040058762,-23.3389091756189,0.166762548537591,-1.04940420666552
81.1881188118812,-27.0992201802826,-27.2246695849808,0.271635286720962,-0.341986729162678
82.1782178217822,-29.8200016886088,-30.1926781981695,0.566501474423602,0.187393253607433
83.1683168316832,-35.1372336756994,-31.7548681087002,-0.189362735957183,0.529617501553948
84.1584158415842,-37.9641701716036,-35.9830428718248,0.852522464603795,0.946642279764237
85.1485148514851,-39.6451527485418,-38.630206116295,2.41394573752352,0.233477526492062
86.1386138613861,-40.422351699446,-42.2347576415576,1.47158232405888,0.637274931785083
87.1287128712871,-45.667082312542,-43.9783325208906,1.97711319811073,1.45504132769308
88.1188118811881,-48.3225920611412,-47.6933965375153,1.70454032081943,0.883957000392982
89.1089108910891,-52.1947632198181,-49.9333489301093,2.14583809448109,1.16531299416923
90.0990099009901,-53.7245205584072,-53.9834882235266,1.92187104065748,1.9585296782776
91.0891089108911,-54.5830795519989,-53.9266206692912,3.38015898082171,2.21367743225502
92.0792079207921,-57.4848726325479,-55.9606312718453,3.32821998473638,2.03687009482666
93.0693069306931,-59.5300487876913,-58.8428934252182,3.48726835169102,2.38584288694823
94.0594059405941,-61.7038200797501,-58.9630759284888,5.30505203420197,3.36948074211724
95.049504950495,-62.9218837789041,-63.8915204566724,4.55348736882138,4.04585593867806
96.039603960396,-63.8054671257931,-62.4928468476175,5.9485848843208,5.42650280307587
97.029702970297,-68.3190812881202,-64.3716931599724,6.94972361496922,5.41926643216755
98.019801980198,-67.1465881684668,-66.4148609105617,6.65794713371627,3.4884587056489
99.009900990099,-66.7677579492527,-65.1857441383649,6.76379218972076,4.75573887743637
0,-68.3563172487541,-73.8260512469628,8.19615211915595,5.78579929572693
0.980392156862745,-66.0289189047017,-74.2088100768631,7.4171720465191,5.73968832958192
1.96078431372549,-68.1993962760509,-73.7583025988634,8.45271542378077,6.25315781714463
2.94117647058824,-65.8846279795612,-71.4436458789213,5.98858436282461,8.04562416370572
3.92156862745098,-66.3270803780436,-72.1851748119742,8.319697039975,11.1654262636619
4.90196078431372,-64.3888066629403,-69.4162221913167,9.72962434373402,14.7023083269626
5.88235294117647,-62.4508264594143,-68.8290220029114,13.1045085219852,16.84393725368
6.86274509803922,-63.0593615658807,-66.3050085014744,17.6710649799817,20.1657620310009
7.84313725490196,-61.9145061237493,-64.0731342622707,21.7565405320731,24.5164204141121
8.8235294117647,-59.2933457957228,-63.4475399117627,25.5970438550644,29.1768890322755
9.80392156862745,-59.9134294074686,-61.8254170170394,27.8661270678427,32.923433491183
10.7843137254902,-58.5349055244711,-59.2218829970876,30.67479407698,35.0302852759195
11.7647058823529,-56.2213129861607,-58.0697590668173,34.6351559186809,35.6648099093225
12.7450980392157,-54.8556311665295,-57.8569455979355,36.149672287,36.3381434638074
13.7254901960784,-53.1261286460401,-54.4212745034641,39.7680713542034,36.6732398870517
14.7058823529412,-49.3748030603119,-54.8450010291419,42.3278042569602,35.4595971053769
15.6862745098039,-49.34690141544,-52.6171458917146,45.0900292658565,38.0876506609626
16.6666666666667,-48.3311074511244,-51.0813966627076,44.8187013975173,38.9432189568276
17.6470588235294,-44.8579840634337,-48.8672453814463,45.3572239927536,40.8727909441369
18.6274509803922,-44.0476985412446,-48.3080796323321,46.638432634853,42.7769831030849
19.6078431372549,-39.6054994497882,-45.0652304145768,45.4063173068899,42.8650040709382
20.5882352941176,-35.7756701434163,-41.7098719426818,48.0158305985181,43.4493536707545
21.5686274509804,-35.9494774165529,-40.3578756882207,47.4100332400488,41.5982907030754
22.5490196078431,-31.9793723836553,-36.8394890872915,48.0655276415092,40.1150778014474
23.5294117647059,-30.5477941765796,-36.1269916106864,49.2898759416777,39.1089534753789
24.5098039215686,-30.6787546053752,-35.4912322008654,49.0208061777144,36.1004049387368
25.4901960784314,-26.6752287061893,-32.7968030887703,46.2512782993875,34.9598019741083
26.4705882352941,-25.1144057285034,-30.1285485603945,45.9203353798207,32.0734418957065
27.4509803921569,-23.3412423240673,-27.5600010603468,45.0401364593778,28.8946892547614
28.4313725490196,-17.740554823918,-25.9256025118482,42.7347324402489,26.1440600307597
29.4117647058824,-16.2522918078686,-25.2359952841323,41.5763866859511,25.584167903078
30.3921568627451,-13.8705517834621,-21.3553929259632,40.5482920002527,24.5956929558764
31.3725490196078,-11.6944024911022,-19.1470051413509,37.8551879128893,23.1431085855431
32.3529411764706,-9.37507662739146,-15.5233741179137,36.267646007325,20.9515727088013
33.3333333333333,-7.8744251835713,-12.2320095395833,33.941248245527,19.7960601211406
34.3137254901961,-5.8884240534407,-12.6557237113915,31.9575224616801,18.9522696253617
35.2941176470588,1.00684558967089,-7.42449749598558,30.4123410359556,17.4917885454074
36.2745098039216,1.22786584782004,-3.24431550852958,28.7463449667038,15.6587905993192
37.2549019607843,4.41673245665335,-1.85678115932497,26.2487054128602,13.8647952124588
38.2352941176471,6.43435479648095,0.40171299601707,24.423248194771,13.4488230019099
39.2156862745098,12.6073784240334,3.82176275161942,24.0936850412337,11.8162066307179
40.1960784313725,14.6438837212217,7.68256183050667,21.4657904618196,11.2228342937708
41.1764705882353,15.3928178268558,12.3352735345014,20.3839198197771,11.5073827742678
42.156862745098,18.5750124336155,15.0203100831219,18.8746757959492,10.9349929420929
43.1372549019608,23.2344080350851,17.1539516650598,17.6839111069002,10.8690998337576
44.1176470588235,23.9993424059997,19.8257714191117,14.8393838555134,8.81148741289136
45.0980392156863,27.5741448557134,21.9648804363217,12.0117518315808,6.54894654861203
46.078431372549,29.2969039568222,24.9233581963038,7.78898207582828,5.32629697945981
47.0588235294118,31.7366963105456,25.435995934665,5.00600401659971,2.90270165169522
48.0392156862745,33.7959043580487,29.1125335771697,4.02887408377095,1.40558136372007
49.0196078431373,33.990838469679,29.8155700470817,2.1886590155869,0.010899020268906
50,38.6766767030656,31.4083440900319,2.46438144581329,1.00473990174422
50.9803921568627,39.781460206484,31.6844952793292,0.47660059579603,-2.69971003044197
51.9607843137255,39.0737042459633,31.6663372088194,-0.999385745347076,-1.6502686469399
52.9411764705882,39.9091070217484,34.4754289876234,-0.974374229509124,-3.66726502326088
53.921568627451,38.4355561106768,34.6026142512557,-0.41406732817278,-2.93055482016093
54.9019607843137,40.2607740138406,36.3410003110547,-0.206199790880897,-2.33327911416474
55.8823529411765,39.0982454842897,37.8145465816792,-1.18430302269698,-3.94700775708828
56.8627450980392,39.8920842686259,38.0101936406885,-1.55345143298516,-2.7645847549103
57.843137254902,37.9611998738459,37.9058440511809,-0.827245239972058,-2.74826087413112
58.8235294117647,35.5016570678791,36.6200952217668,-1.3187836373192,-2.52232619834644
59.8039215686275,36.1427985014244,34.9962371348463,-1.91320290342812,-1.55839766488243
60.7843137254902,32.6748545228384,33.3932353349185,-2.44076594664028,-1.346887500073
61.7647058823529,31.3732744278644,32.3934861893006,-1.62191470440306,-1.53830634029552
62.7450980392157,29.2784390720995,29.8749729030958,-2.38963508584849,-2.55588524063972
63.7254901960784,25.8160559454291,27.562201629482,-2.34136385222356,-1.92980031989814
64.7058823529412,23.8445574916487,25.0261731324594,-2.15558137068313,-1.35294747065223
65.6862745098039,22.3021985922169,22.795337990746,-1.8846511975762,-3.82905220294235
66.6666666666667,15.7654042624687,21.7381243342331,-1.56415647175107,-2.85377349741943
67.6470588235294,12.2099750897865,16.4850321804296,-1.71521386804695,-3.50538112835755
68.6274509803922,9.36815738728616,12.1832459040854,-1.39519582913471,-2.85602312579925
69.6078431372549,4.73784152200356,10.3217161083902,-1.71219877493259,-2.44275979947477
70.5882352941176,2.03621670903693,8.58365096622967,-3.76967712147711,-2.76538503747011
71.5686274509804,-2.64660037457852,2.1267864393093,-2.32147613048261,-2.46109564553552
72.5490196078431,-7.73851466308155,0.707035684769534,-2.33649799673186,-1.82536274401371
73.5294117647059,-8.83257119175939,-2.41608987057296,-1.29758728724378,-1.03412849871361
74.5098039215686,-13.13387086979,-7.8632656046257,-2.20510258239793,-1.04569455983049
75.4901960784314,-14.3885099186654,-8.89371709945781,-1.68915498590346,-1.2468073779696
76.4705882352941,-16.9664148046866,-14.0575925972953,-0.236363781603556,-1.31890932609436
77.4509803921569,-22.5113869361504,-15.5898302748859,-0.701333239749419,-0.580896825389166
78.4313725490196,-23.5811612124538,-19.6750725118556,-0.206320921819711,-0.321054580799658
79.4117647058823,-26.2351167454273,-24.4774017839252,-0.151099787617174,-0.785613653593024
80.3921568627451,-29.4963772588492,-27.1017583355986,-0.439481268694587,0.0930982475520955
81.3725490196078,-32.2764783858438,-31.2108488165931,-0.899389214507516,0.472858257723417
82.3529411764706,-35.1487355437477,-33.9436699477066,-0.628992831584894,-0.15530048546485
83.3333333333333,-38.1773128778403,-38.3353550723624,-1.26018316843702,0.774617560247887
84.3137254901961,-40.1240410581941,-40.3395230583267,-0.841476281763482,-0.408247521108732
85.2941176470588,-44.5225531972685,-43.9952593229016,-0.866881547642136,-0.507621200665631
86.2745098039216,-46.466428666913,-45.9913714705396,-0.870000318538619,-0.340785066095653
87.2549019607843,-47.3030065456934,-51.5273704967528,0.400372561483377,0.12287479667254
88.2352941176471,-51.30151193966,-55.8473532743362,0.0759633520064908,1.52271496598201
89.2156862745098,-54.6257371604968,-58.6698540485077,0.370036320714839,0.659065888033641
90.1960784313725,-55.6633650321364,-61.9454430652632,1.33266032451292,2.03290298214643
91.1764705882353,-61.6764187615944,-62.1446126582971,0.626557374269422,2.9659011534131
92.156862745098,-62.125988054317,-65.776118985397,2.19507409558662,2.73018443530865
93.1372549019608,-65.103982166129,-67.6613078371956,2.09317530203656,3.4885314249902
94.1176470588235,-65.6832120982821,-68.5134686213753,3.61512385486863,4.36681204812744
95.0980392156863,-66.8818562966275,-70.1278162998828,4.80985211344239,5.2241101657361
96.078431372549,-68.4091875448081,-69.8907245104905,4.92603972307458,4.38887501992541
97.0588235294118,-69.5141236033116,-71.2953898272424,6.71212479800639,4.90342486250757
98.0392156862745,-70.6088792829464,-73.8576767188213,7.39608242852679,6.96549521130663
99.0196078431373,-71.5915538206983,-74.6824099527301,7.19577182180494,6.91487254493761
0,-66.0380187170938,-69.8897418037674,6.64490095538089,6.62980100590654
0.980392156862745,-64.2425285759634,-67.5306987798229,8.99321555198062,7.17551414818824
1.96078431372549,-63.6258062160762,-67.0285144877599,7.65155902539161,6.70861957108302
2.94117647058824,-63.5323989188308,-64.8068361732414,8.40907434447624,7.40811642547406
3.92156862745098,-60.5184917971551,-64.2191978465299,12.0781699466226,8.77919595505902
4.90196078431372,-59.0652198484013,-61.0738303090768,15.1493257394913,11.7073608985728
5.88235294117647,-57.9395933396728,-59.9405258114498,18.7843527999752,14.970749971171
6.86274509803922,-57.2611665040239,-58.6502778593641,22.6580096295546,19.9205628763615
7.84313725490196,-55.1467047860309,-57.3568655095045,26.6148905805235,22.8715497348583
8.8235294117647,-53.6486368300832,-56.1966018746571,29.4038805025067,25.3048099334408
9.80392156862745,-52.3822504970649,-54.532317329488,30.9380482356021,27.9299410174053
10.7843137254902,-50.0309139843716,-51.5182717899036,33.1632596838551,29.6542485532652
11.7647058823529,-48.2651456760229,-52.355005296771,33.2251252048599,31.7694494597562
12.7450980392157,-45.4946495624207,-49.139926041781,35.5722756470133,31.813835083821
13.7254901960784,-44.4459224864775,-46.9160077159838,37.1173947203314,33.2138178875943
14.7058823529412,-40.1107308046238,-45.7540239654512,39.2016090595605,34.1027046413501
15.6862745098039,-40.075031724787,-42.5619540376046,40.1129276721856,35.3033630228292
16.6666666666667,-37.425858743185,-38.3760163578791,41.3404489961706,37.3558545765049
17.6470588235294,-35.4869724667457,-37.9974874319424,43.4754985943709,37.8838023393489
18.6274509803922,-34.1231535422787,-37.1895474286074,44.0616928217924,39.8126874403524
19.6078431372549,-32.763808534588,-33.6238056065774,44.4063002682623,40.7074828591795
20.5882352941176,-27.9485586350835,-31.9843810356754,46.2048069318267,42.369853978768
21.5686274509804,-27.060107741711,-30.6950822152353,44.854953052317,41.722299076075
22.5490196078431,-27.3678179970464,-27.759446481674,45.8798600577228,42.5410347052349
23.5294117647059,-21.7492030626676,-23.7334231961938,43.5361662688901,41.0454699174053
24.5098039215686,-20.9351133402527,-22.1448354892981,42.3760872597106,42.8783916470896
25.4901960784314,-19.621680927415,-18.4157633798172,41.7244908860445,41.9296005270858
26.4705882352941,-15.8736488850391,-15.4718663483665,41.1459451902028,42.6970660160791
27.4509803921569,-14.5460974340834,-14.3671050402387,41.2359614492051,43.9541107858602
28.4313725490196,-10.5305338570189,-8.96225559847947,40.8218142418849,44.5394248995155
29.4117647058824,-7.35384546382199,-7.13668402234367,40.5359915839082,44.6243561774842
30.3921568627451,-3.64632228914033,-4.14207150297709,40.5093447423646,43.9947844271802
31.3725490196078,-0.0640324731731378,-0.982668054222033,38.2772380935471,42.408336796133
32.3529411764706,-0.292950503779224,1.13872480502158,35.5278426854461,39.9254698378325
33.3333333333333,4.83132556735995,5.31347143579464,32.4633191165467,35.604996504064
34.3137254901961,7.62747921324742,8.70221339370175,28.8019545652237,31.1336550029627
35.2941176470588,10.1863132969837,11.2235443798689,25.1468539731685,25.7850284407658
36.2745098039216,12.1458783827299,12.4376534167389,21.8554471057698,20.7630070181429
37.2549019607843,18.7496038840673,16.8721295497564,19.1506698944918,17.3527629912292
38.2352941176471,19.2387623036477,18.2947534647957,16.1663759183997,15.3481692111621
39.2156862745098,22.7604425710781,20.6303674865501,13.7874066321741,12.9780550223801
40.1960784313725,25.0772051005478,25.7004761594538,10.5619079264284,10.9594696276985
41.1764705882353,24.2736803609803,27.7949841236168,8.7039749205802,8.93875757086992
42.156862745098,28.142641777857,29.0654631986059,5.72409535279608,6.9112457873579
43.1372549019608,29.2326282691634,29.796802568161,2.69259421027248,3.05861925015622
44.1176470588235,31.8224926322071,31.6604715512353,0.799589146921201,-0.273110263561191
45.0980392156863,33.7121865469747,33.5319989582651,-1.82052158200063,-0.41050678279017
46.078431372549,34.7175700978921,33.1310207381913,-2.93134621379817,-2.09959580644338
47.0588235294118,35.4017145793194,36.3150344194012,-3.43591548931153,-1.89614834452718
48.0392156862745,35.8065160873645,34.1084026580276,-2.78511049781287,-2.3358518018419
49.0196078431373,36.4705401598113,37.4971085254829,-0.753019306371306,-3.0282970675601
50,35.9196681878173,34.7449673031568,-2.76869680589388,-2.78646026319166
50.9803921568627,35.6131168389127,34.5102338727662,0.0201841543674064,-3.40157163201357
51.9607843137255,36.1895990980223,36.1002879692439,-1.52236348299276,-1.60032847764025
52.9411764705882,35.1839520168658,35.9807403511692,-1.6077636776129,-1.43005341879209
53.921568627451,35.2905691347562,37.4868219150452,-2.58755052089049,-1.45575182875364
54.9019607843137,35.1945015921017,36.3899432864443,-2.02690354400154,-0.569757855211397
55.8823529411765,33.0616221507514,35.3205636946435,-2.13136131278012,-0.763347093408527
56.8627450980392,30.3387765925177,33.6445355574781,-1.6498368683444,-1.5415951373791
57.843137254902,28.0366564706786,31.6410985082565,-1.516250272954,-0.848920919961185
58.8235294117647,26.1101773597313,31.1586007512353,-1.71440172040245,-1.14972279800871
59.8039215686275,25.4775123763673,28.9006908792381,-1.59849831468961,-0.501840027934316
60.7843137254902,22.9809832876461,26.8664993682858,-1.77661412182425,-2.90371866390657
61.7647058823529,22.2981451653271,21.2876235008983,-2.11178763855593,-1.88296569965634
62.7450980392157,20.85178805003,20.266303997545,-2.72788129110869,-2.50241078710241
63.7254901960784,17.823746136641,18.8168506926878,-0.924276956365942,-1.96643768304241
64.7058823529412,13.235089630269,16.4009050156546,-0.976932489891013,-2.39021778116533
65.6862745098039,12.101279203574,14.0623692672831,-1.58032345227209,-1.67108636501852
66.6666666666667,10.3183782607034,8.26561800590992,-0.966039480132597,-2.03086585006693
67.6470588235294,6.77625708294409,7.43284232633232,-0.806663653549869,-1.89179612254799
68.6274509803922,5.25598014260972,3.47469165485122,-0.695736983302655,-1.90671228462385
69.6078431372549,3.07245248425698,1.57499455080277,-0.193821894199752,-1.68913112167167
70.5882352941176,1.14504230709039,-3.01450635153192,-0.236648433103974,-1.35559081066849
71.5686274509804,0.501802942506184,-3.30689227096663,-0.661063153420133,-1.46453094820307
72.5490196078431,-5.30709404319687,-7.32799942415203,-0.97847231190702,-0.533073855233887
73.5294117647059,-8.47899408087699,-9.66339067385625,-0.758354174955799,0.345086368167655
74.5098039215686,-10.8221907912695,-11.6389178632772,-0.774245911593492,-0.116311233761987
75.4901960784314,-11.7199168906786,-15.4525316530221,-0.341359380512932,0.809902727507531
76.4705882352941,-14.1086207833974,-18.2238389079557,0.122382657716804,0.014370217042484
77.4509803921569,-17.6333820513457,-22.3195433150914,-0.658601441196632,0.228944356184881
78.4313725490196,-19.0368914094902,-26.0375465677257,-0.77187509607756,0.230937691972224
79.4117647058823,-22.7742510015776,-28.6223604181483,0.84968776610641,-0.442535887293985
80.3921568627451,-28.4498374442448,-32.4228351747805,1.37180181225121,-0.100437847226403
81.3725490196078,-26.0248512568453,-31.0212415366655,-0.109260725249963,-0.16633302530841
82.3529411764706,-30.4600116275464,-36.6262576987579,1.65301186810783,0.396104989569255
83.3333333333333,-33.4739525937956,-40.8111611713457,1.57702452490795,1.52169502369222
84.3137254901961,-36.3076178064168,-40.844917262219,1.08141306549238,1.18013443921469
85.2941176470588,-40.6882939367424,-42.9423932201668,1.23158948709326,0.358146875302812
86.2745098039216,-42.314828703224,-45.0948384864206,2.0520798211815,0.480480861150313
87.2549019607843,-42.4122378594961,-47.3184905981898,1.33272957180317,0.94225818095976
88.2352941176471,-45.3042971485608,-47.9772153235825,1.07655132603327,0.256045583689727
89.2156862745098,-48.9634941708602,-53.0986511386612,1.21489433664547,2.0192575271479
90.1960784313725,-49.7738903422157,-52.6505373083907,0.816349879285681,1.96350787812706
91.1764705882353,-53.2172579587947,-58.822171901029,1.25357059699687,1.69282628372969
92.156862745098,-54.8520346346691,-58.9965760620481,2.69715871646707,2.39083089476344
93.1372549019608,-59.0356003754066,-61.9718345773065,3.24368590532687,2.82082077605937
94.1176470588235,-60.7858722930597,-62.3703015880487,4.05975065191172,3.30392870905029
95.0980392156863,-61.0047599828413,-62.2149602556798,3.78525722236132,4.38778447880612
96.078431372549,-64.7793154062478,-66.0035986655363,5.07147100920534,4.030528427657
97.0588235294118,-65.421374819563,-67.3098515083697,6.79188157658558,4.83928448992259
98.0392156862745,-66.3017123629374,-67.5224776146208,6.42255193199627,4.98515410094147
99.0196078431373,-65.1824252277822,-66.8081473194777,6.05375039891117,5.09596050817583
0,-65.9437321002196,-72.3958316936358,5.42590884762316,4.65893626430554
0.99009900990099,-66.3547337089332,-71.665827140685,4.25178660894871,4.21946073782304
1.98019801980198,-65.0611099728293,-71.0185224517012,4.73516824211516,2.90437370857493
2.97029702970297,-64.8202310113465,-70.7844975063943,4.51898988992193,2.8107207423977
3.96039603960396,-64.0398151236792,-68.9111440070832,5.19611725024395,2.95786670004468
4.95049504950495,-62.1564156660152,-68.0787149838972,7.27972733348355,2.53323160402151
5.94059405940594,-60.7935430521026,-64.2414480296595,10.6853493847546,4.62882917775206
6.93069306930693,-59.3082760426619,-63.8319318404375,12.9716348474586,5.67567159287667
7.92079207920792,-56.7262483223426,-63.179583386513,15.4456391658244,7.7645016478933
8.91089108910891,-54.7013229792113,-61.6020282447542,14.9549338275368,11.0332771435553
9.9009900990099,-53.291242181347,-58.777555280576,16.8589831876388,12.6151420416115
10.8910891089109,-53.725044846285,-61.0311492423379,16.0067861553508,15.5914316861366
11.8811881188119,-52.2108809381308,-57.3127348437933,17.2869461342331,17.7747385519214
12.8712871287129,-48.6862666982225,-56.4436878302926,19.1753864970468,19.0285803522558
13.8613861386139,-46.3255612005401,-55.0261165914447,20.9549394595895,23.3799867779236
14.8514851485149,-44.8647774342688,-53.9351231390924,22.8176862276447,25.2594710448226
15.8415841584158,-40.9175317902492,-51.1936508138738,22.8140624716117,29.6874198637514
16.8316831683168,-38.3243878143552,-46.4859348962943,26.075756565447,31.5945419647348
17.8217821782178,-41.1721766833929,-46.5624097327822,28.1795219577182,34.7317749061921
18.8118811881188,-40.037948025295,-44.2736960606446,31.1814510646748,38.1808943961299
19.8019801980198,-36.0257965318807,-44.4890654399322,34.2813422750122,40.8855681406515
20.7920792079208,-31.4390496606872,-43.1248297132974,36.5635571364309,42.3692672118055
21.7821782178218,-32.6474998358312,-37.8757968492074,38.647631216184,43.9697097014135
22.7722772277228,-28.9783383064172,-36.5693898533493,39.6856849424979,45.9577838696157
23.7623762376238,-26.9201786437142,-34.0628857345198,41.6279808414298,48.0038013710882
24.7524752475248,-23.9161901297097,-32.4723799675099,42.0179595465009,48.2690715496973
25.7425742574257,-20.574273662775,-29.1636281963152,42.8048406631376,48.6419078530475
26.7326732673267,-21.5341177661541,-27.9792180860528,43.7183699095458,47.1657919700076
27.7227722772277,-16.3817172479226,-25.0970892714162,42.1216681043722,46.3110481024081
28.7128712871287,-13.5412500275608,-22.1243893610862,41.792391079337,45.8463025318498
29.7029702970297,-11.5939097997198,-18.2909963157988,40.451009215413,43.9004984168619
30.6930693069307,-9.91427621978306,-17.3576129951501,38.4553930801356,41.3932843682108
31.6831683168317,-7.94394201959585,-15.3124495527708,35.9057060483072,38.2098234677296
32.6732673267327,-3.99215390237996,-11.2463538096346,32.2425673281626,34.9421151615146
33.6633663366337,-0.694322386248614,-7.88850250500706,30.5054453792246,31.7324907972104
34.6534653465347,1.99913133272838,-3.37555458174185,28.9946681076014,29.0802405134459
35.6435643564356,4.92128840748419,-2.33069733227077,26.7631776814658,25.8639260028488
36.6336633663366,7.69694915547202,1.80342560852491,25.3315311126142,23.3528993332803
37.6237623762376,10.7789233000954,2.18796167050807,23.5587882166858,21.782102474123
38.6138613861386,10.6653191561099,7.23905221765884,21.4593958312104,19.9549470564886
39.6039603960396,15.4601874731492,10.5897145063457,19.2087983118121,17.8998121393292
40.5940594059406,17.6927277442279,12.020768928797,16.6106697132466,15.0513239020149
41.5841584158416,20.6855552290502,12.8611541552901,13.4782059788951,14.1032949046659
42.5742574257426,22.5551136357827,19.224389690702,12.4020205781072,11.3325300160699
43.5643564356436,27.6082294982804,21.1515328752565,10.1015029528102,9.14383851962833
44.5544554455446,26.5776370853121,23.1646613380869,6.77417666269666,5.76792467982271
45.5445544554455,32.0080064927174,28.0858212406733,4.95737538057237,3.05809381978603
46.5346534653465,30.863338499124,25.6897287747008,2.42375844955598,1.34670072808546
47.5247524752475,34.7852824117774,30.2760458234315,-0.441599721176959,0.469464425388013
48.5148514851485,35.2745697901152,30.1438443191087,-0.550442037743647,-0.156269322109468
49.5049504950495,35.1934761217298,33.7189468721757,-1.76158211740132,-0.0980880515975454
50.4950495049505,35.2659541677383,33.9649977336907,-3.01191700407494,-0.692810231192685
51.4851485148515,36.9873912504131,35.1398894786974,-3.28730198801787,-0.675088400830069
52.4752475247525,38.2043200875357,36.5088325664098,-4.8792765936682,-2.70335132450845
53.4653465346535,39.5654695540248,36.7606619647949,-4.14777776816372,-5.92400769162126
54.4554455445545,38.1373310259951,36.2136248932879,-4.47754586662326,-5.23480128410939
55.4455445544554,40.0972695921519,37.4546607635005,-4.49239752045868,-6.69094072398663
56.4356435643564,38.4562169869621,37.957902274983,-4.43030407668058,-5.70058826015759
57.4257425742574,38.0543918773763,37.5221310752225,-4.84742018769681,-3.63142182394442
58.4158415841584,37.2222651609128,37.2746511934271,-5.22142978112759,-3.49571342310225
59.4059405940594,36.6581570931824,36.0572968332025,-4.40612387795579,-3.09204223769605
60.3960396039604,35.6405092500025,33.703827545086,-3.2679854788771,-3.00769234612688
61.3861386138614,33.4542192022789,34.1175636169516,-3.87921222987326,-3.37275892697835
62.3762376237624,31.9352904871819,32.0973876256823,-3.12208211810673,-2.33387305534644
63.3663366336634,29.2474828439625,28.928057243857,-3.01261422965538,-4.38666715281071
64.3564356435644,27.7437345825803,29.1022980817255,-3.24877659412792,-3.18331957538286
65.3465346534653,24.8493573562927,25.7230427544593,-3.23054852501311,-3.4863392546318
66.3366336633663,21.6137824469136,23.6907367880745,-2.46129948135593,-3.36687078149066
67.3267326732673,20.883263731437,21.0225728218547,-4.58360956266768,-2.72061619425289
68.3168316831683,17.6410925165411,16.392963726134,-2.91141511598776,-2.73251867611143
69.3069306930693,15.1794025984741,16.107561765485,-2.47063203622385,-3.79038165465997
70.2970297029703,11.3279002639822,13.5397192679118,-1.5998211468684,-2.7809648560335
71.2871287128713,11.4834998999637,8.56552226888625,-2.3247155473143,-2.14357134552211
72.2772277227723,9.15201849281823,7.36457265282275,-2.63997378043754,-2.40242432063007
73.2673267326733,4.97267492035698,4.86149258163211,-3.43282411850921,-4.60548544519834
74.2574257425743,2.43325944977622,1.17411862237163,-3.0574959762081,-3.89299233481238
75.2475247524752,-1.96097689624271,0.76360873017916,-3.43028475909249,-2.95874804648079
76.2376237623762,-4.55504718153075,-5.94955545884484,-3.10145165546085,-3.40559962198048
77.2277227722772,-7.38022341857269,-6.70741998617242,-3.8897631113563,-2.34790751107294
78.2178217821782,-10.0954737914413,-10.2535596051081,-3.74494027099122,-3.7462310668255
79.2079207920792,-13.1107103786643,-14.9263890113141,-3.70408656531877,-3.24647411074125
80.1980198019802,-15.6218396491126,-18.3850890346615,-2.42230550168435,-3.3226005358549
81.1881188118812,-18.6880810316379,-21.9363609084348,-3.29420500005641,-3.10338537075614
82.1782178217822,-23.7267242952401,-25.4198203030836,-2.90426490220077,-1.80302368038973
83.1683168316832,-24.4016735745663,-28.4339171384167,-2.27834916779976,-2.78806037403292
84.1584158415842,-27.9212315155007,-31.4800325753729,-1.89363513010619,-2.0297203037858
85.1485148514851,-31.3219777764778,-34.321864409223,-2.2463763071184,-1.40044681781662
86.1386138613861,-35.688800743334,-37.72033491132,-1.35466428568145,-0.539607854502346
87.1287128712871,-38.9116682127864,-42.9192456528305,-0.965939078236276,0.613579575175971
88.1188118811881,-41.6787347885164,-45.7569324589095,-0.542524409295274,0.683168471812022
89.1089108910891,-45.6359149248232,-50.266140909344,-0.125388037998797,1.33366972882158
90.0990099009901,-49.1425864084596,-52.7888210877621,0.984166125055393,1.98657396141062
91.0891089108911,-50.8551481209612,-57.824258570297,0.886448379856711,3.20793016568655
92.0792079207921,-53.9470405511012,-59.3408837909341,0.726610383462822,1.64992404997915
93.0693069306931,-55.9097587688234,-61.7457576469057,0.941041588431715,2.1680100380787
94.0594059405941,-59.6318602861191,-65.4385463829245,0.994967901730467,3.88764918894814
95.049504950495,-60.0292474759953,-68.4247399246397,2.5905900854751,4.95638835736464
96.039603960396,-61.546560788226,-69.5622187835962,3.38358937920681,4.38745770662873
97.029702970297,-60.5035336007218,-71.0590403010295,3.94970272232274,4.93583014486416
98.019801980198,-64.5155475518394,-71.8019742113787,4.45505129352674,5.08492781221425
99.009900990099,-64.8121570895529,-72.0423541877634,5.46496397945859,4.84852282501209
0,-70.0260903965065,-69.8187402469042,8.4746759487045,6.67776784960947
0.99009900990099,-72.8326940484239,-70.3143847857503,7.65682015186264,8.51060834061426
1.98019801980198,-69.5242193660794,-70.9742945273941,8.61334339397421,10.2272191279688
2.97029702970297,-67.9743898572432,-70.0833377237367,10.4331102292924,11.8018002413923
3.96039603960396,-68.2355410824284,-68.11693219443,14.4563970530003,14.2729522347695
4.95049504950495,-65.4511035588568,-68.2888238205032,17.9914035156942,14.7996606924903
5.94059405940594,-64.0591050117692,-66.1783699952663,22.5654888064379,18.708915141988
6.93069306930693,-62.3967801434987,-66.1910466191658,25.7590063856321,21.3237529495336
7.92079207920792,-60.0629880238798,-62.8214205198406,27.4139056554785,24.5502111011744
8.91089108910891,-60.8231560508865,-60.4577528356366,28.3963234444236,26.3198608884644
9.9009900990099,-57.2696452319336,-60.537218938839,29.2795522757749,26.7901811149149
10.8910891089109,-57.6097928137941,-57.7474301717093,29.7541570636958,27.8688419176011
11.8811881188119,-53.0975968469473,-56.2867551653638,32.0774748081096,29.5302927375037
12.8712871287129,-55.2709420480458,-55.5623644722329,33.1728820754602,30.5310833274349
13.8613861386139,-52.2349950320209,-52.3754046808972,36.4002412283406,30.5979387120951
14.8514851485149,-48.1981402445223,-51.0724187778934,38.3447656903978,32.9917163445502
15.8415841584158,-48.4222601300297,-47.3046052982333,39.4477598834803,35.0391675780558
16.8316831683168,-43.9704962099464,-47.3714298695564,41.7626696944049,36.08148010419
17.8217821782178,-42.2653371389463,-44.2175807446017,42.7610169713102,36.5276566196234
18.8118811881188,-38.7289134033961,-44.1670684553192,43.2927330264714,37.9580225261595
19.8019801980198,-38.5583148883793,-41.508636668449,43.6368531028365,38.2204511994992
20.7920792079208,-35.2052499821323,-39.9650535163122,44.9343259593769,39.69000493943
21.7821782178218,-33.8199677751863,-37.8302669997317,44.7440086395081,40.8375755208696
22.7722772277228,-31.4420096142805,-33.0577642867935,45.1866845314746,40.8511274102523
23.7623762376238,-28.8198391171228,-30.5613797604983,43.8330370395518,40.4766468959161
24.7524752475248,-26.603135735303,-29.38492156107,42.248801046016,39.5298127883036
25.7425742574257,-24.4202337091449,-25.3789214340497,41.5216195995818,39.4129700671698
26.7326732673267,-23.282740750623,-23.7635411307625,39.2571956301636,38.1994881219458
27.7227722772277,-19.8259167999045,-20.8044007536897,37.1788614842838,37.1518647996425
28.7128712871287,-16.7370908138326,-18.9040825090748,36.7536686759704,36.242960037056
29.7029702970297,-13.4728143094305,-13.9199481053759,32.8615846341613,34.6141857621145
30.6930693069307,-13.7567013120013,-10.0618259626655,29.9902516252894,32.4106955220553
31.6831683168317,-10.5823299823882,-6.76539075388819,27.2614248763889,30.5640608231256
32.6732673267327,-5.96360961452866,-4.87319110224238,23.836572907996,26.8329290988596
33.6633663366337,-4.56589331346784,-2.34492548828152,19.5659685196108,24.4557322623141
34.6534653465347,-1.80798209706242,1.86542274300064,17.6244790589663,20.5204744015416
35.6435643564356,2.1241226181536,3.84875286757989,14.9894807445034,18.6368451680347
36.6336633663366,4.74867057946277,7.95839623628634,14.7889075483745,17.8948158681051
37.6237623762376,8.83255744532168,10.3063893638109,13.1368537513267,16.9436582870435
38.6138613861386,10.1250060621768,13.8978052634462,12.4871557597188,15.1158401863697
39.6039603960396,12.3440055472151,16.2283095061295,11.5618238626909,13.3243914047705
40.5940594059406,18.0999669859491,19.128931719999,10.4679996722924,13.3646889579768
41.5841584158416,20.8978069230868,21.2781789063133,10.0277733518385,11.3030275435813
42.5742574257426,22.3586936886888,23.3439857568782,9.02925964575202,9.45836231069596
43.5643564356436,25.2248800406384,26.5401389096054,7.2707118711366,6.76379516936598
44.5544554455446,26.3539604659265,27.9763797773415,5.1522173171449,4.12495370150454
45.5445544554455,29.5771885362181,30.4078706024213,2.69006526398134,1.33687854711918
46.5346534653465,31.1409806588724,31.1155181754553,0.774626257082462,-0.125693218559984
47.5247524752475,33.0502115516842,33.8031320355627,-1.11073156363745,-1.18656043610628
48.5148514851485,33.2665306333728,33.2293299999941,-2.55113922727001,-2.34436611345019
49.5049504950495,34.4214134405776,35.0929781528122,-3.37703464463292,-4.29052793080364
50.4950495049505,35.6036887355754,36.6812831737289,-4.23164751893589,-5.21164480807967
51.4851485148515,35.6833168600385,39.4202424243695,-3.46630438766158,-3.97479089752066
52.4752475247525,36.1858367935745,39.2229678978864,-4.26075345887111,-3.94001858362667
53.4653465346535,32.1110469795022,38.7916067987749,-2.84991800698136,-2.32282104732171
54.4554455445545,32.8870480690665,37.1094114667102,-2.72722337498864,-2.92879327315606
55.4455445544554,32.3240866358763,34.7429955671313,-1.91280183793302,-3.19883512507094
56.4356435643564,30.124517325322,33.3320075716375,-2.44927489537058,-2.42766365144814
57.4257425742574,28.9401615869186,33.492796480988,-3.53485679236579,-2.11999689822573
58.4158415841584,29.0282704579862,33.390486844811,-3.63085694301461,-2.47253214040352
59.4059405940594,27.5219493850089,29.5501605190046,-3.42852148382394,-2.5234971523496
60.3960396039604,25.6086088461144,27.3791571695975,-2.95268557125274,-1.66748439124357
61.3861386138614,23.7691298169206,26.7149898382844,-3.07481391531989,-2.42744565942673
62.3762376237624,22.5535964750177,24.7701211724569,-2.2903139324353,-3.33153435387612
63.3663366336634,20.3568673091595,23.7634624482547,-1.42049457652156,-2.89899889307451
64.3564356435644,16.0076568668318,19.0183004678068,-2.41046664921547,-2.34622186578132
65.3465346534653,14.8778455757778,18.8871293331116,-2.33745134827213,-1.93590229079305
66.3366336633663,15.3220284966871,14.037621675825,-3.07738111218776,-1.87960804131353
67.3267326732673,11.5379257264034,12.3017796986451,-1.79044706191813,-3.08189000043843
68.3168316831683,7.49540793903594,11.3439457871163,-2.10707925516837,-1.89422394131985
69.3069306930693,6.98289382189079,7.13751914183183,-1.94349180849901,-2.24862667928866
70.2970297029703,1.28386704509111,5.39657516707821,-0.800692382918742,-1.17340036111076
71.2871287128713,0.0388929507872839,0.164815568813791,-0.579690787910076,-1.41936901898054
72.2772277227723,-5.07881472887315,-2.90660818740023,-0.69005598298663,-1.50106896036835
73.2673267326733,-7.89591246190328,-4.74606145363504,-1.35705779447513,-0.81887726565381
74.2574257425743,-9.62466103282325,-8.8231155293868,-0.890190886924466,-0.0736149372687696
75.2475247524752,-13.5215366345741,-14.5232884316555,-0.883907657076708,-1.4141787968211
76.2376237623762,-16.0126229586504,-14.2692504844498,-0.839450471359697,-1.16799978110308
77.2277227722772,-17.7610017864674,-19.3091214808217,-0.495952384927988,-0.238590349124439
78.2178217821782,-21.1986257756663,-22.1272285872532,-1.29491860091325,-0.0871055409178795
79.2079207920792,-22.0765638725284,-25.6291587743357,-0.774766517683827,-1.48529165268542
80.1980198019802,-25.3892308794949,-26.6785772963972,0.186121913001081,-1.46820740249658
81.1881188118812,-30.1863420297696,-32.2169341392446,-0.217905460283075,-1.0368141638728
82.1782178217822,-29.7887366057939,-33.2040733288819,-0.151107460414516,-0.36442900575907
83.1683168316832,-33.918306563325,-36.9521176492026,0.268765423294804,0.877251106063608
84.1584158415842,-34.9979653989273,-40.1749850437616,0.989297841158851,-0.15923096714325
85.1485148514851,-39.2448120402863,-41.5593020136278,0.51053714169942,0.712728860217754
86.1386138613861,-42.3626167454789,-44.0932100211688,-0.513353970696162,0.694610071284091
87.1287128712871,-47.6085888582498,-49.7622179105222,-0.330112331278385,-0.304173897470371
88.1188118811881,-48.6272573728174,-52.729172876274,0.288814869929953,2.39147240268064
89.1089108910891,-49.7422684909878,-53.8643914049331,1.29103789610595,2.22662531600816
90.0990099009901,-55.7193649650219,-57.1064917159061,1.69036149459004,1.67990364088469
91.0891089108911,-57.4845342148938,-59.3144102218611,2.16216675372334,2.19290640528282
92.0792079207921,-58.8443594362588,-63.8724198914211,2.64079688145193,3.19272559658797
93.0693069306931,-61.8019911675322,-64.4159594614098,3.14622688728953,3.49017808358356
94.0594059405941,-64.0621226299441,-64.5800471932587,3.20847529391298,3.88972730590695
95.049504950495,-67.5913724097168,-68.2514402590038,4.56262454504088,3.87766910880216
96.039603960396,-66.7035174503785,-69.0415019552994,4.68392050468422,4.67378829391518
97.029702970297,-66.8119261188403,-69.2174979109464,4.72201028423675,5.77272805554923
98.019801980198,-70.3737309160286,-68.5841000130309,5.79977967615347,7.14585631420096
99.009900990099,-69.417565453996,-71.6128568608178,6.59382655654594,7.69968554216424
