"Normalised.Time","Stroke_GateAngle_1_sim_elite_06","Bow_GateAngle_1_sim_elite_06","Stroke_GateForceX_1_sim_elite_06","Bow_GateForceX_1_sim_elite_06"
0,-65.8766335271498,-70.149252014611,2.48683324828258,7.53964608427033
1,-62.4663744267114,-65.0027978195463,2.8035447044977,5.92297028178549
2,-63.7924527010363,-65.1792471881196,5.34468668631009,5.4703761872559
3,-61.3681193220709,-64.904119588871,4.25032731796646,6.93049688994588
4,-60.3918860043552,-63.4860576107009,6.50559721091299,7.50467075572784
5,-57.8347933928462,-62.9582575641236,8.69558275640967,10.0872469486291
6,-57.3197629643427,-62.4162043913665,11.7709245621757,13.2341636692982
7,-54.9872609903585,-56.3866911591093,13.8006428399743,16.9285727056733
8,-55.7624402335253,-57.3419303234804,16.1403625499869,19.9107867683942
9,-53.9111820900781,-56.4218215507305,17.3132003800861,23.5374793990196
10,-51.6248323925816,-54.7158500785089,20.262228090923,26.7220714103951
11,-50.9903029339985,-52.0815702606171,25.1201608687922,30.0391841821506
12,-49.0437323081951,-48.1346354417821,27.5773648724921,32.8581538555785
13,-48.387331372089,-50.3100035455264,31.7401247500156,36.4443464890328
14,-44.9526021721393,-47.4556327974484,35.6166228986214,37.5795275189085
15,-42.8959916949746,-46.588841970266,37.4082834373073,38.5036095818504
16,-40.5926325450772,-44.8204372634654,39.3673384321237,40.2969038076898
17,-39.1939838935136,-41.7383975420235,42.4036646882669,42.7447177128854
18,-34.3165038370704,-39.1944907589877,44.7104239424435,43.8154234118163
19,-32.4458791809863,-37.4365059934084,45.620406640638,45.2011672013227
20,-33.7259332894315,-34.0637170914015,47.0544971477652,46.1630361195248
21,-27.4335959892888,-32.7599433445412,48.6065946285666,46.9722403697909
22,-26.9948647733379,-31.9213711372078,48.5453412223565,45.9267294998839
23,-25.868527130842,-27.9357653672715,48.5259789346773,44.6110701979656
24,-23.3905593321013,-24.6373493585951,47.8226017864919,43.0132322984449
25,-19.5735172922124,-23.6797582360557,45.3547608749677,41.6186266967564
26,-17.6824682277257,-22.3720382534985,43.4954097424746,39.9513868152997
27,-14.0827304056541,-18.2791635475079,42.4407460447691,37.3455689397089
28,-13.2063964229965,-16.8348777717412,41.6017556498364,36.4382557941378
29,-11.0896340683912,-11.9592150443725,40.1461649429771,35.5693913438294
30,-7.92737949002519,-9.79196653011752,37.1302329096448,33.5273243339813
31,-4.47909710528197,-7.24053603846222,35.1582005422504,31.6788964651667
32,-1.6683809103704,-3.47119865095514,32.1470991373256,30.1230462189091
33,0.466054500706362,-0.828996252571491,28.9471812910561,28.7825067242056
34,5.06742902679729,1.18211334988591,27.8725517973953,26.7837964527305
35,8.0134996562166,2.99095110932766,25.793361656446,25.5172664475784
36,9.07862085973139,5.82039502703991,22.1038848347176,23.2775294319092
37,12.7435575474041,12.7020319361724,21.2017366896221,21.1600078497471
38,15.649277664241,13.561998027137,18.43043398954,21.1111249575958
39,17.5015502104288,15.4494824515592,16.0944082708167,18.1136864819828
40,21.8425644080032,18.2565999569358,14.4162848296939,16.9190888794396
41,26.0914438585679,21.0067895062333,13.9951806002229,15.9235346803762
42,27.2283136848259,24.9461425651616,11.8489760597724,13.51985641949
43,29.2227477589899,27.2270796194167,9.87068066661447,10.0185467067806
44,33.7654370091465,30.778090408993,7.40177152990493,6.78283670698996
45,34.059092685429,31.3570203326771,4.57371399271349,4.59536690823243
46,36.8451406459765,34.0558944734833,3.36274811879876,3.38750102469825
47,36.0221377053211,35.083622206802,0.375624737846099,0.121962130945954
48,38.5936780270066,37.0812424924515,0.404498400160503,-0.760740571307806
49,37.8166119867251,36.5131548515068,-2.13277732107547,-1.32834043380387
50,39.5365705736731,38.8560859226587,-2.04917354800404,-2.70936057469495
51,40.3476953069275,40.4202906063045,-3.64148618192521,-3.82985937041941
52,39.2698008386609,38.5226296048006,-4.42263928562954,-3.00813407138444
53,40.8530583493146,41.4889832402435,-4.51403813354037,-4.44626839902765
54,40.5982781314748,44.2836640188234,-4.86216633982271,-4.15259219686945
55,40.2240648741917,45.8615503833498,-4.78576992900345,-3.20069102463957
56,38.6777466069605,43.8950482626345,-4.57423137005586,-3.34202398542563
57,40.6237749743421,42.1624932502551,-4.72747867555615,-2.8462720409544
58,40.5154342092899,41.9673918126066,-4.20049902032687,-2.92060249738931
59,38.0472401455175,39.9001197351016,-3.95289774128946,-3.26145113826413
60,38.4867152763805,38.6491105240082,-4.17758919651437,-2.79679096969145
61,35.0677035505479,39.1382708733528,-4.06850258944097,-3.16367879382365
62,35.719478671128,35.7169284716697,-3.97834400662509,-2.73982387174156
63,33.3737220636702,34.5684152259042,-3.84653751535507,-3.27659299682566
64,31.7731220791438,30.9011280959329,-4.49186788143912,-3.04147028067913
65,31.2346524845022,28.7726598445081,-4.06354470797616,-2.62377222313815
66,27.8332877839247,26.7187153849862,-4.07216192619153,-2.4172956496678
67,24.7962050317639,23.9908046830537,-3.99628593997245,-3.14067776593783
68,23.4431275588304,23.1379418009828,-2.14845733119539,-2.22173557344592
69,22.0590943604511,19.115431304213,-3.87784731503881,-3.00289662703554
70,20.0221410716788,16.6207366474006,-3.25470015177207,-3.62833955528662
71,14.2945316537387,13.105912130521,-3.86324714831812,-1.75984630143513
72,12.4024707169353,8.47743991413342,-2.80259698682106,-1.72814669084727
73,5.57899434055972,5.04106248304959,-2.33950220869067,-1.78929127360298
74,6.28372723853996,3.80301322157676,-2.15468983272623,-1.93444157761551
75,1.96229259025192,-1.55123547701418,-2.75891053011246,-0.940421371221317
76,-1.75522469575889,-4.71297621004951,-1.99019077814647,-1.95397357916083
77,-4.53967627729029,-10.0498257564283,-2.40836694082493,-1.89413615025867
78,-9.02697203593933,-10.730484318057,-2.36120089183536,-1.64003545970703
79,-11.3795669325674,-14.1934595598033,-1.71457842205125,-0.978671582222359
80,-14.9879512727622,-19.0747707338491,-1.90776904152008,-2.76289333878205
81,-17.9962574212847,-18.6673952331649,-1.43683150225497,-1.3425519541622
82,-22.2306291093419,-22.9767619526495,-1.48297648670192,-0.894573234829151
83,-25.5671450941907,-26.7838151020615,-1.60190758870466,-1.20682231906124
84,-28.9561328002219,-30.0351746490965,-0.0190054714692669,-1.21446512606763
85,-30.1714613299425,-33.2844621323105,0.165834775907633,-0.617872490596852
86,-35.4607145400145,-38.046249428919,-0.363362360518164,-1.2676109891148
87,-39.1769886034526,-40.1379045968285,-0.383187128207245,0.613831717880999
88,-42.1089864360083,-45.0625251932521,0.513461095578928,0.553616368903596
89,-46.7654291011846,-45.6477055498524,0.594230033187164,1.65998013859941
90,-46.0301605603678,-47.005482743202,0.986191840274804,0.694540614275052
91,-50.0014886933481,-52.9587062645633,1.82310352619093,0.677885723625989
92,-53.5850259763191,-53.1312060599564,3.3505043870352,1.14917564255001
93,-58.5442361853531,-56.7789991935817,2.74526546518813,0.827506793653561
94,-59.4875001611168,-61.8274397207267,3.25990600459644,2.95024114157031
95,-61.7022682785684,-60.7039982316295,3.97145780795715,2.6841024686641
96,-62.6413134515459,-62.0590508727529,4.13440214161304,2.52707787947376
97,-62.5342501343171,-64.1701042709434,5.12964109496728,4.7904747738473
98,-65.8591756170264,-66.2201523163437,2.8007432288062,4.4116844727897
99,-64.8059157153588,-67.1931130303023,2.01994062445813,6.25969689387997
0,-63.8688632577625,-66.1996985644497,9.21908345046427,9.86648021607092
1,-66.5972224718333,-65.6135581034325,10.720383437889,10.7386524826035
2,-65.9558952400497,-64.680465743103,12.1574115239946,12.0323184396784
3,-62.0674575000405,-64.8812050963757,13.624778598808,13.5125809350554
4,-61.4980664011319,-61.4009420618133,18.4577016430687,15.9559399709334
5,-58.5054270265223,-60.4214683984501,24.1476499294378,19.4237167736731
6,-59.1830563397647,-61.0222048839401,28.603391562281,21.6126295801556
7,-57.2864185622599,-60.5431461926714,31.0850399296761,24.8515121762082
8,-54.673107679567,-56.949171684555,32.2708899319699,25.7196757160056
9,-53.0427429987737,-53.1343743645819,33.6638152908558,26.2414585687604
10,-49.4093397119641,-51.7418006741696,34.3924719168192,27.171901748436
11,-51.8499759549242,-51.3186555407403,35.7325356807506,26.2783839140233
12,-48.3970279776648,-49.8991582854468,38.3157546752809,29.4773861650539
13,-47.1738755929726,-48.7716097143706,39.9741090502011,30.7520969165795
14,-43.4986883499784,-46.2652342250891,41.2900859311791,31.3665020249279
15,-41.8749084554867,-44.5707496793907,41.3080566697626,32.8017682562971
16,-40.7563098702053,-41.6362376644244,43.5585195456427,35.9875576428427
17,-38.157729974806,-37.9276111310487,44.3587916782919,36.1509415211276
18,-37.3470466195838,-35.7906556018396,46.3696974191546,37.9781688606459
19,-33.58670136086,-35.8203067824055,45.8528036348636,39.5913959529541
20,-30.9745113165461,-32.3539342313417,46.6261338133837,40.807496814162
21,-29.9441327387102,-31.2189102514098,46.9689130624445,40.707544212324
22,-26.9236821760537,-27.3971986266628,46.9035934118107,41.4537848073833
23,-26.0129750167728,-25.4208094503111,47.0238402888078,41.7805686558447
24,-21.9659793184768,-22.7579065194247,45.1893970686532,42.7126291898908
25,-18.0791708937963,-20.1190872015558,45.2340358798374,42.8090002043021
26,-17.2678440077998,-17.1295242162549,41.7963238923867,41.1521075801121
27,-15.421122342179,-13.185453418995,40.9627784581711,40.9216006478144
28,-10.3205177505615,-9.8485145758081,39.2286151604167,40.3348956966364
29,-9.5714974131871,-7.75176708766464,35.3386519080675,38.2249570592786
30,-7.50462156532054,-4.044396551184,33.3340778232402,34.1629460083977
31,-3.80310343865795,-0.402485728526632,28.6815250160632,31.7654262258346
32,-0.0904018800675246,3.60564120918171,26.4809375187722,27.9456238444762
33,2.48080987099795,4.32469101764462,21.9778481699809,26.4573449784528
34,6.54062806776133,7.34483271498707,18.5405345693109,23.7595627606874
35,9.623181768485,12.4941789885922,17.4759922830272,20.0798832764985
36,11.4068348145756,13.7461451629072,16.2622482807036,18.2940639598673
37,14.5537221098977,17.761597401615,16.6806780322351,17.3632736147864
38,17.3911812761461,20.9341091207668,14.2640479504455,16.2685574951602
39,21.9654028501278,23.2482908878386,13.5988206643046,13.5191678783355
40,26.1426246811183,25.7136682267763,11.9845307477595,11.6872269612988
41,26.0050241879385,27.4343194258353,11.5352683461562,11.1287071031322
42,29.7238927986569,31.7983910021112,9.90287662482817,8.94392985995344
43,34.1201034401154,32.8867224334281,7.33874035383012,6.81715564382655
44,34.2021708909123,36.588840322308,5.95837051058949,3.28295984709041
45,34.7962855142013,39.1730425896452,2.49355929075438,1.09049734793998
46,39.0912595821737,39.7573675244074,0.585810135710528,-0.0654918581176903
47,39.7846837816904,41.206959878922,-0.645310758902943,-1.47738078458872
48,40.8671417540268,41.2964548466674,-2.41284298651407,-2.45389946422328
49,38.9367285772642,44.8190191510081,-3.31561924573987,-3.28124072835271
50,41.7669674286407,44.1500199438107,-3.79581367804078,-3.88879137318633
51,39.8707563414981,45.2314700503562,-4.59705472309649,-4.9660038411038
52,42.2112903744573,46.1950684893837,-4.55079450084968,-3.67223014240444
53,40.0516107991607,45.1772471009876,-3.36981309507448,-3.5487823310407
54,39.07262576669,46.0640811231917,-2.38808447807566,-3.4582296309667
55,39.8874995076672,44.5646319307695,-2.67742998176023,-3.64853948925977
56,39.5051417790398,43.8618351656654,-3.3670625421497,-2.11622425562627
57,38.2404538314363,39.5622101699083,-2.71929921985009,-2.80913565742716
58,35.8471277419754,42.158122409659,-3.82972824375999,-2.92286391789806
59,34.5122964136629,36.5715650555159,-3.57182747209465,-2.8656156241115
60,33.948157129367,34.2254893346625,-3.36251228608218,-2.10297239298814
61,30.1070242322918,31.7114170852399,-2.87392556080284,-3.04859956975195
62,29.2200614723489,30.4329132214898,-3.24644871517164,-2.83205289066708
63,25.6059982668518,29.5209999149742,-2.81212950611909,-2.91520570997661
64,25.4744911021235,24.9128560860425,-3.51797007594788,-2.74021998974617
65,22.4699734834971,25.1401254957411,-2.52921760702748,-2.97303939965273
66,22.1566314027873,20.4788651497761,-2.60611194906841,-3.36124339830936
67,16.6261391489166,18.4036388601969,-4.01642377084355,-2.28734085035529
68,15.7047390950192,15.4885730647767,-3.3416658946732,-2.61852278835587
69,9.90387339830622,13.1282783806287,-2.57791023880386,-3.2456941777531
70,6.86544281491306,11.628437676176,-2.23910851199042,-2.7450156490325
71,5.7335335683901,7.2887416633906,-2.07585051008283,-2.58255804693293
72,2.46989227708004,5.19611259751537,-1.73286347789442,-1.46899973365067
73,1.57014470840955,2.28084931800711,-1.84618867825594,-1.96933512705857
74,-4.18681004973687,0.0944374082749851,-1.07824721270194,-1.78773085089607
75,-5.9012421670598,-4.59729901575954,-1.88436788989838,-2.52020165444867
76,-9.54633352068587,-7.32836106691868,-0.274452479862293,-0.548893410476509
77,-13.5187502243202,-10.1259789492199,-0.225660391313966,-1.43650364434534
78,-14.1727845255024,-13.3822422420076,-0.266626221335102,-1.23218215209445
79,-18.0581378812136,-15.5432957395831,-1.05504719236023,-1.41240768303472
80,-20.7934763512182,-23.1628365281349,-0.402575786242096,-0.641572465687267
81,-21.495408329779,-24.4798905418163,-0.766253453722915,-1.2617297889017
82,-28.2273978439628,-28.7000201467123,-0.762701537255742,-1.21652876960629
83,-27.6531713436537,-30.8597138879996,0.0970276866474767,-0.473624420851711
84,-32.7995204044749,-33.2483092944806,-0.824185341617664,-0.189859969345354
85,-35.3469081969843,-35.691092954126,-0.182008554978598,-0.237003002299355
86,-37.5440098399058,-41.2123989762297,-0.948552997420327,-0.195691109741219
87,-40.398866505166,-42.8762818381229,0.141440151109193,0.982545558080706
88,-42.9219728093473,-44.2261978656696,-1.23724718386551,0.312612382831979
89,-45.6520598485455,-47.8236328647516,1.08318294474715,1.92142194549247
90,-48.9423629864796,-51.3225683226923,0.946686117008742,1.73337967190186
91,-53.0769512420731,-55.1223761518018,1.95830455335747,2.58949985871424
92,-54.989748357285,-56.7596388601989,2.95412037155603,3.60885687250019
93,-58.8887401410381,-59.2412954062223,2.68957390406508,3.86507488140186
94,-61.258985161451,-59.7778574674112,4.60151403566432,3.50780347693809
95,-63.3573496058798,-62.4343992001146,4.80847328361383,4.57693210154644
96,-64.7777201217882,-64.5799419859979,4.10164620540629,5.81707718491774
97,-65.1027258743268,-64.3134950471264,6.57979729179762,6.59164963107558
98,-65.1983784926194,-66.6382607632544,7.32848554306727,6.66430568646095
99,-65.7926020179012,-64.6317710952345,8.6807733617989,7.58358566011502
0,-65.0915589531139,-66.2147630579341,6.7168506603437,7.12865311095955
1,-66.2202391320246,-66.3429971250856,8.4526836162266,8.24786899986007
2,-64.6995729229463,-66.1456616414458,10.3608557291398,9.28422410013375
3,-63.2549450684876,-65.9464627243912,13.4555582980823,12.3728200641352
4,-61.3811668569027,-63.7835657146761,16.3894794911967,15.3126789293909
5,-57.0714607211039,-63.7465526694159,18.6060794998879,17.6494123419813
6,-56.7299781632624,-61.2377644534955,21.8372249905822,21.9396182990892
7,-57.8441819043126,-58.7486533494023,24.0575396281126,24.4606436148437
8,-56.0687646701196,-56.663718943032,24.8503801257379,26.2215441903486
9,-51.510695846278,-54.7889451543502,27.411404781585,28.5818739326723
10,-51.1140691180853,-54.7896162419368,31.7719432042777,30.7181181590108
11,-49.0542231552848,-52.1327001910922,33.020771968806,32.132561084925
12,-48.3937369946736,-50.2345198344888,32.996500591562,33.5331114930542
13,-48.6962775239273,-48.6169844924172,33.3782008352687,34.6538125242671
14,-44.586336107169,-47.6030265489266,35.0632194864316,37.1208748190029
15,-42.3027882007137,-44.6748894787169,34.9357966669949,39.2549266550576
16,-40.5522084747091,-42.8873818281183,37.1723266081049,39.7128203828254
17,-38.6740439704776,-40.5128489815627,39.8139292507548,41.1578137828594
18,-37.4871088356478,-37.1359373679948,41.1806302840878,42.8110536666429
19,-34.0126625967363,-36.3357564252704,42.4539956944718,43.7517925418419
20,-30.9806743113245,-34.4860658794814,44.588778626535,44.3625833116823
21,-31.481207868292,-32.9556263761309,45.0412811302343,46.0979986814264
22,-27.4311674628243,-28.5238313211125,44.8620709412805,45.8961798974713
23,-25.5049203932806,-26.4859559546518,45.8071304678954,45.7568505636427
24,-22.8577602621131,-23.7483233556472,43.9830878584114,45.2322019683706
25,-21.6303855270917,-19.9866579886018,44.2544488730766,44.35529032513
26,-16.7644379898877,-17.5169570407276,43.5779460943443,42.7858513219623
27,-16.4335825803784,-15.1949225707803,41.3435148516429,42.7953936005151
28,-13.5710970235117,-11.4721488256054,40.4185076343511,40.6356722724675
29,-11.160911720014,-7.39432236154439,38.2954711154371,38.9413844011952
30,-7.69406348172246,-6.84906068782526,34.785110093425,35.9140941970177
31,-5.78286011726004,0.768022868416511,33.1459970457989,33.2789236776023
32,-3.84460184100875,1.21763555164349,29.7452996909031,30.3839822815866
33,-2.62299631750947,5.09335688007227,27.0483258363909,26.7499463665315
34,3.12541634200621,6.05871781633582,22.5975182518825,24.4448978989038
35,5.40476463445747,9.88743812357728,20.9516026615902,21.3732222721842
36,9.48240044735403,11.3774306028479,18.5724024934045,18.4131176904007
37,11.041535367912,13.7838619320459,17.2266199775575,17.1367504895694
38,15.0860914732424,18.3230271036477,15.6204571820493,15.2883516878169
39,16.7886612507425,22.2324120409056,13.4364506899179,14.0527939369659
40,21.8300343482666,25.0035418605361,12.9781652894838,12.3357317429226
41,22.0429673245653,25.1033416608017,11.4193745860721,12.0586429625231
42,26.3230585922677,31.0940465831382,9.9469546406115,10.0288391623316
43,29.0451780270912,32.6650868521222,8.71009361133501,7.10679790973871
44,31.3942256843585,33.84275199506,5.43130017361033,3.50690045594417
45,34.8360509738965,37.9987603830098,3.56335501872375,1.833873349744
46,35.9620555903009,38.8149450069626,1.31244727562192,0.439838741296718
47,35.3584689845697,40.0820619490801,-0.482073407852929,-0.9355331895081
48,40.0653110861451,40.9210360036302,-2.1829931153181,-2.86455052473193
49,39.0394964835974,40.2630158569481,-1.83836273432691,-3.0859693191131
50,41.965169726147,45.4783361905658,-3.19346359966566,-5.65501169808657
51,43.7928236412462,47.3913788343796,-4.2720354705063,-4.83617348907726
52,42.053142207934,46.6279617038954,-4.61695006679285,-3.8461811460023
53,43.0846676393856,47.4148155396156,-3.19685962635029,-3.39873418365163
54,40.572734022114,44.8271264173162,-3.31789823204231,-3.44617328260868
55,39.7910261372813,44.8025156703308,-2.47587042014067,-2.91328198858222
56,41.1758539072016,42.6666819010323,-3.87980836073036,-2.54173647130642
57,39.5815300422125,42.7570912394598,-2.45621508831892,-1.76590199829696
58,39.0175001004806,40.1208250974413,-3.5475557556182,-2.7671272445528
59,36.9197615249047,38.8883715790394,-3.70378160817864,-3.07489549202708
60,34.4636650114597,38.4471539848768,-2.76609556095471,-2.27610106562666
61,32.100322521337,34.6073686198319,-2.81111852866446,-3.04536725308926
62,32.5273224238544,34.6942827263958,-3.2071709174367,-2.72367214211858
63,26.7942313563139,32.0645025225484,-3.25286015034743,-2.2672207009371
64,27.9080584579788,26.1663496980299,-4.20919230557439,-1.64678575344185
65,26.8122222853515,24.8331423696035,-2.55162149810635,-2.62393578197172
66,21.6461179722404,22.3714687150619,-3.35708988637147,-2.5747405713881
67,20.9382857337131,21.5180770001026,-3.31825164590625,-3.85387844591309
68,16.4537195023612,17.1435038791856,-2.59839070872448,-1.82071132884969
69,13.9829232616394,14.3174052992076,-2.57418437757607,-2.757263495417
70,11.2405294059396,11.0791135174742,-2.03966712769838,-1.39465906914545
71,9.60302228399388,10.1804514292842,-1.86468576056382,-2.10261596300594
72,3.59945253833183,7.146681308502,-2.16510812072691,-1.92905326501194
73,2.7033131985352,3.2167893829683,-1.68901487088368,-2.30192511417987
74,0.676118305393107,0.0856569805247451,-1.10707818731757,-2.10562530683521
75,-4.32039584940163,-3.46289170730811,-1.37934789212404,-1.84695512938106
76,-6.19684281123234,-4.17971634368914,-0.613191926506701,-2.20265595070337
77,-10.7861178946322,-8.33438718469383,-0.60141183080674,-0.801358992627505
78,-12.7527716834577,-13.459314544739,-0.908784403881104,-1.18570193719152
79,-14.7158893731482,-15.2263878029092,-0.927847799214161,-1.00886220839758
80,-17.0806742668224,-20.1288570716144,-1.42434282636599,-0.934525964405563
81,-20.7699649723091,-22.0490067081908,-0.869206216825181,-0.586288020253934
82,-22.1382228499051,-25.0249243584013,-0.620980755462755,-1.2396582621358
83,-26.7981993353226,-28.9571047466175,0.448158788027685,-0.837137792389897
84,-29.7842337077505,-31.872651523346,-1.17054589901371,-0.443857874815229
85,-30.8746554368605,-33.648004850429,-0.295392424154344,0.255914544017257
86,-35.9149590142279,-37.8939534646485,-1.97828197699176,-0.201753660308281
87,-39.0992149792096,-40.8612209710308,0.153243104920641,-0.122106842642307
88,-40.1348941248055,-45.1092594834102,-0.935277147498732,0.12096779072436
89,-44.5268777085315,-45.4009818577843,-0.254400869298163,1.0737227696437
90,-47.4454883702472,-49.8793261007736,0.609894879125149,1.8992904161557
91,-49.8443018667775,-50.2411034060753,2.00862905745706,1.32071108288287
92,-52.2001282474637,-58.6540708512397,1.46288029998534,3.68850480640576
93,-56.3089427313463,-56.8551784045453,0.904393800630991,3.02512334785426
94,-58.9494684489417,-59.0561075178889,3.03391149051589,3.64041668208318
95,-61.0700246935314,-62.5877703409386,3.70379726664841,4.06006532129398
96,-61.5296760172612,-65.40798234831,5.41547816013787,4.61184143329303
97,-63.0308454836621,-65.6753786943143,5.75451188342633,5.81551085755743
98,-62.8527915324741,-67.1451087001364,6.7162948492774,6.62297238243011
99,-64.3450291689249,-66.5037132761413,6.34635175286688,8.32021042092047
0,-61.5432269111675,-58.9040687006344,7.20462066418954,4.76166992575128
1,-59.8602146882673,-57.4833498945876,5.71344913375072,5.60202362030632
2,-59.2867842908828,-58.111863251137,5.48580277620553,5.59547201774
3,-58.8869825351528,-58.3782915862223,4.95986850030838,4.13542982829479
4,-57.2012789951973,-55.8553364965496,6.27944054999528,4.8042562780153
5,-54.007542897102,-55.2354415660166,9.28486278671349,8.44991594136269
6,-54.1640551836922,-51.7390472611015,11.7539639298082,10.7711230435528
7,-52.4103441901273,-49.534676909395,17.4111289194976,14.9805963915777
8,-50.151421259157,-47.4471787491559,20.5234975532707,19.1132271595568
9,-49.3087154068929,-50.5881731525774,23.7314722501541,22.4089949976841
10,-44.0372108308942,-47.3500196990438,25.7284650514335,26.0142575314905
11,-44.5512455249403,-43.6230327069032,28.9224366106617,28.8127895055954
12,-43.6717803709247,-42.7737325464293,30.5164365537217,29.9029568915556
13,-43.1927993825546,-41.5602525619006,33.3005554354043,31.4513865466389
14,-41.2332761059929,-38.7997969613985,34.9701616719633,32.7786174193901
15,-36.308995184994,-37.6210251771497,35.9345625306085,32.7826104053405
16,-35.2618525707379,-33.8526464747635,39.3118313085216,33.7705550755938
17,-34.6705689413651,-32.2816438854541,40.6469277321887,34.9343143703649
18,-31.667109791057,-30.1724706757171,42.1207463026181,37.5574160419308
19,-31.0826279418843,-27.6224045485785,42.903998153589,38.2819423510939
20,-28.7380965657642,-25.6396958132141,45.0328402469364,39.7506554050527
21,-23.3292762939055,-23.0971937287381,45.68934674744,38.7015146914054
22,-21.6716788072302,-20.1894397219065,45.2310002983148,38.3574108109403
23,-17.8119740549876,-16.7431681310694,45.1307368543905,38.4011502837669
24,-16.4801317407272,-17.188634416957,45.4260270033445,39.0406639938846
25,-16.3280016342084,-13.2120782897136,44.2946510921598,37.0258560557349
26,-11.3178573902365,-9.36596820621613,44.0772336300751,37.1631046252653
27,-10.8065259078371,-7.36281417471699,42.5866432727727,37.3643871564304
28,-8.49763925039441,-5.20100714920273,40.0779176083991,36.6415023993927
29,-5.92502430410196,-2.29973039002909,37.2788407788897,35.0101095181763
30,-0.191765386921905,0.523977377934223,35.9451836025637,33.3625369823282
31,-2.16266396625113,4.96795841233504,33.6799088206537,30.6556858260335
32,2.50533510863377,6.27394250147357,30.7510583498359,29.2823880144152
33,4.55353485170275,11.5313197828975,27.8244861828463,25.8855355757435
34,9.19875574964468,13.5949952735429,24.3542101032558,22.9905890074984
35,13.2440078883817,17.6317732925254,22.1138284752614,20.7728696063566
36,15.1215361666595,19.9728224654801,18.9072115158669,18.2680972487128
37,15.9016061030066,22.3873186316964,17.3388118845802,16.597850744822
38,21.9933473538796,25.7231831239495,14.3008403924856,14.8332333928845
39,22.2685872557098,28.3857277305434,11.9117416391621,12.7202469226563
40,26.2951539578666,29.4769252301503,8.55782915500345,11.0574968279195
41,28.7432520517024,31.381367902856,6.92875873279443,8.40728920509709
42,30.9581003672168,32.8203164752852,4.50482713158089,6.61319205963335
43,32.5103446352931,36.7032741281001,4.43976582074807,4.356737840686
44,35.5901590863948,38.9640506486531,2.41377280399753,2.00174465992284
45,39.016410039439,39.7722783078946,2.65712846032201,0.789917062000801
46,38.4618179641141,43.9260146683172,2.38256281257505,-0.223030051507269
47,40.5061460411173,43.3902313339916,1.88358425619022,-0.0984119666170945
48,41.2079286249926,46.8660972892738,1.40958944180576,-0.186593415065771
49,43.4571368444603,47.2857953853556,0.827593856609134,-2.22950343301741
50,42.202777544586,47.0543269522862,-0.264257302574811,-2.14397986386717
51,43.8636373776672,48.1809382447698,-2.11547748753315,-3.10200810264448
52,45.4244570603787,47.0672486094222,-3.13524490315336,-3.8017675028654
53,45.1032470531777,45.3032454950066,-4.0082306180681,-4.02327681819884
54,45.2376375872065,47.1915799220095,-2.60341237400739,-2.90222096733983
55,44.120101343972,45.2953138734015,-3.53011672684984,-3.41601340245306
56,43.1113905858771,45.984547156115,-2.01920762688989,-3.88521404826255
57,42.986686093655,45.3977476649571,-2.72330857905788,-2.82030670826998
58,40.8790167546052,43.2819255481859,-1.5346225962764,-3.33316750979062
59,38.6390299126956,40.8065826626985,-0.413320542413796,-2.43250604600512
60,36.1254334238541,40.0620137108606,-0.469178778264793,-2.80440625799264
61,33.7158551686708,39.274253541292,-1.48061139651887,-3.29194017404411
62,33.5097841366365,35.4058710157499,-1.80933043739137,-2.04866141634941
63,27.2950635178288,32.23444646039,-0.683613658401925,-1.83149310424059
64,25.5626929393126,28.2052997351377,-1.10496604663311,-1.44135379379239
65,22.3084895700017,27.6383690344232,-1.57818318785814,-1.69006618636675
66,20.6752459592685,25.3693209235973,-0.803699956637458,-3.57791045855215
67,19.5404755686094,21.9569689407331,-0.978893445779701,-2.49887399237539
68,18.2087368441485,18.767889183423,-0.930253110544846,-2.47458983706585
69,13.6297126293082,16.9744012752804,-0.866707177490228,-2.75093096781913
70,10.9287075797674,14.3022701120315,-1.17636228971837,-2.27623584263732
71,7.44436192599654,10.6370082612808,-1.22325974005423,-2.60092554351199
72,4.63587680284152,6.46156764935514,-0.182868030172287,-2.98901005119721
73,1.00677250580924,3.92466023362021,-0.713837537055576,-1.96899816199905
74,-3.01799629840711,2.88726917477508,-0.364183469848291,-1.36794602172442
75,-4.72902604237248,-1.17823324976092,-1.89877437144766,-1.44410243295923
76,-5.44380559513888,-5.08369411834408,-1.13447794608132,-0.824930063173246
77,-8.47358238842657,-8.37058238763678,-1.48965134344425,-1.78254129119466
78,-13.8497200474816,-10.4964443667989,-0.512464730549249,-1.15702407586974
79,-15.8342103263813,-11.8671202719859,-0.296084549283053,-0.659061670034354
80,-17.8884525913685,-17.5951848203944,-0.675762248453576,-0.49979245443618
81,-21.7071089230068,-19.0052085355327,-0.0118665506968448,-1.51150945430457
82,-26.5319438074958,-23.0646742812576,-0.534459018834787,-1.61891607216648
83,-28.367486058073,-27.1053920011462,0.060601781871219,-0.758006046167116
84,-30.5587151879496,-28.8591018982594,1.05807988934597,-0.413295255259135
85,-33.8611784896838,-34.1465999333227,0.920756191993082,1.30567828984943
86,-37.2937964556891,-37.1120386279808,1.09066734087973,0.965984514746685
87,-40.5215770471614,-41.1980952088864,1.44727341629478,0.46244265412619
88,-42.2934149416235,-42.1532510528766,2.55038304046279,1.17842770659159
89,-45.5781006929979,-45.2633440401903,2.71827897514306,2.37602414581332
90,-49.7552311257481,-47.6125058367536,2.68893361440931,2.08214598183141
91,-52.3652344442658,-49.229640651851,3.04217371013652,2.20402968073064
92,-52.6860256871206,-51.976422089902,3.67078001913167,2.42610528778559
93,-54.1731306736509,-52.394672374353,4.30302690088882,3.67473257866964
94,-54.9485994946088,-52.5822972771186,4.86134721105098,3.60212569846486
95,-56.3650097091674,-56.0688024365841,5.27654346474373,3.22476613704244
96,-60.2598037556551,-54.8828835299389,6.43905993308977,4.2624724080687
97,-61.2330014219495,-57.5908059529119,6.22657428513546,5.02908133294026
98,-60.7008125411715,-57.9713587912931,6.20309509678023,5.72509848285924
99,-60.971437053741,-57.9200867840415,7.65845490135804,5.00702853121613
0,-61.0665353632338,-59.7855349286105,2.70855842946256,6.95620976319382
0.980392156862745,-59.2136049099624,-59.9580533636862,4.90358096121171,6.40416409502397
1.96078431372549,-59.1386448697819,-59.2084245196653,6.99728125403548,8.11226138823617
2.94117647058824,-59.3407558937728,-58.6393670786223,9.43140027649686,10.0033253324168
3.92156862745098,-54.3177017342868,-56.5566590924996,9.7099046943432,12.3154612032709
4.90196078431372,-53.5505196900531,-53.8612484113449,10.1709290745992,15.4038931908562
5.88235294117647,-50.5665411958927,-52.2982585377075,10.2314617216476,18.1060013246002
6.86274509803922,-49.8748024462374,-49.9838872858223,14.8444178575047,19.4636090845769
7.84313725490196,-47.2196625658826,-50.2257922361269,17.3762129151644,21.4343636114208
8.8235294117647,-44.550010957678,-48.2845979981413,19.6302295276671,20.8371255266222
9.80392156862745,-43.0131391412825,-45.6314949634482,21.1198784672828,22.5929785889664
10.7843137254902,-42.6474424288505,-45.3200472944828,23.9704976181923,25.6509194121476
11.7647058823529,-40.4465811147684,-41.7251223340175,24.0312105548917,27.0738244328501
12.7450980392157,-39.3223021258893,-41.6831782414947,25.9716096747258,28.2418942844701
13.7254901960784,-38.9250299994311,-37.7314256597637,27.6893630389312,29.2311764550029
14.7058823529412,-34.3470973651335,-36.9130805088252,29.2048360715064,29.9503807594246
15.6862745098039,-32.1356651671867,-31.507571788167,30.0381388129661,29.149545048142
16.6666666666667,-32.1664613435518,-33.3924701730497,30.9475749637348,31.799916103207
17.6470588235294,-28.0260189500349,-31.5032765389791,31.8499770359934,31.7842558602905
18.6274509803922,-25.8196152007371,-29.7461851095307,33.1029187384915,34.8597515225278
19.6078431372549,-24.6018041053735,-26.0293048268899,33.5146370788086,35.4034650154999
20.5882352941176,-21.6616876001687,-23.1827180627775,34.4199987724192,36.0793819788535
21.5686274509804,-20.7131533537595,-19.192782453259,35.1674547058125,35.521105462199
22.5490196078431,-16.4251288090948,-16.7697089991708,36.4119490693776,36.7737518268603
23.5294117647059,-15.7234078710937,-15.5999429176587,35.724993717227,37.0256654161431
24.5098039215686,-14.9374300461829,-12.1160264935221,36.6773056915893,37.2054630010562
25.4901960784314,-11.399190770113,-9.99256574309705,36.5583524589951,36.6684927088132
26.4705882352941,-7.39103703638561,-7.66176048274153,35.5891120189006,36.6235645711635
27.4509803921569,-5.112051845604,-5.06535324777923,36.5934098495743,35.4264328932118
28.4313725490196,-3.55294098342889,-2.6255939061377,33.934770913322,35.1274720420468
29.4117647058824,1.35479778522444,0.912221985507608,33.253216691068,34.3934115588697
30.3921568627451,3.07419043534539,3.13481473783991,32.7871458584458,33.6167535803456
31.3725490196078,6.57301496987084,8.72899291328188,29.7428553515925,32.9343966223687
32.3529411764706,8.59160292722095,10.654744720798,26.0368610687537,30.327664285193
33.3333333333333,10.7704271975175,14.4190678824115,21.8894752648345,28.6523281448911
34.3137254901961,13.8552893468834,15.9568097763399,20.0285107903799,24.9048538324636
35.2941176470588,18.9349074332424,15.9737000650429,18.8622666515339,22.3513169573736
36.2745098039216,20.4580556294968,21.3607721111724,15.9723862168708,19.0158873758326
37.2549019607843,24.1019827920963,26.019227745003,14.6263173033379,17.0711433906392
38.2352941176471,27.8137565794921,25.5432685858884,13.9446914908917,15.5642275206125
39.2156862745098,27.5611510714849,32.0510488338346,12.1300094145358,13.6750272955109
40.1960784313725,31.8906775744922,32.1669901221958,10.7457467784731,10.5351908919718
41.1764705882353,32.6225371059343,34.8330886174635,9.02014567050797,7.89607128892361
42.156862745098,36.1989868064574,36.2115637780598,7.00120270437081,6.21231110993527
43.1372549019608,39.4447020289447,38.0687603717466,4.82787069486685,4.3150817567277
44.1176470588235,41.3423612214481,42.2821088677084,3.77144498970122,1.81968399059273
45.0980392156863,41.663889450128,41.8596256885937,1.65223597547293,0.263180066135748
46.078431372549,43.0091182706175,44.4399292976734,0.326462369402563,0.905888559339201
47.0588235294118,42.7539653991433,45.5039846292679,-0.26444686581611,-0.0623814360225477
48.0392156862745,47.0968963465914,46.0476959565578,-0.212465954163732,-0.680478865236485
49.0196078431373,48.2864293162491,47.0655194374224,-0.814456956050225,-1.98439349302653
50,46.008035754416,47.7225058650422,-2.14699307228126,-2.63097240701383
50.9803921568627,46.7944291358972,47.1789753201582,-2.28299179979411,-3.44111316390091
51.9607843137255,49.7794917656735,48.8096181092948,-4.02486497341419,-3.2643335804003
52.9411764705882,48.9398267439439,49.1448072722435,-4.51424276552993,-3.46757802793844
53.921568627451,48.4771296901123,48.4233865676742,-4.35125463342739,-3.71965875852886
54.9019607843137,48.7163856499642,52.272906071995,-4.0248064263119,-2.53186432878023
55.8823529411765,48.3792176117965,48.858106450128,-1.87764834226165,-0.856618418968308
56.8627450980392,47.5927486742733,49.5081949183375,-2.68270357538005,-1.50297061494522
57.843137254902,43.9015455971629,47.2003908973848,-2.84009493192441,-1.4278898512973
58.8235294117647,46.4614247056794,46.0113751206328,-2.93460094678439,-1.61441682538226
59.8039215686275,40.6482341982434,45.7741641831799,-3.17791540658208,-2.14244927480288
60.7843137254902,42.1429014293211,41.1144346643431,-3.17582764124834,-3.32487978271653
61.7647058823529,38.653760760819,43.0305585284765,-3.22520722080611,-2.28734419431786
62.7450980392157,35.2840560138795,39.5894729278857,-2.93373547344967,-2.17172496240792
63.7254901960784,34.4084873514414,37.2107068023104,-3.02581206901391,-2.2584325426038
64.7058823529412,31.3807565029262,34.1647691119353,-3.1169933413972,-1.94234547031065
65.6862745098039,30.9498069667421,32.2819273122735,-1.9063893644989,-1.80490326303987
66.6666666666667,27.719552433559,29.7005838794088,-2.30278129187077,-1.72684672998484
67.6470588235294,26.1969101124001,27.9353074699992,-2.49506033714058,-2.59190317099471
68.6274509803922,20.4136541537348,23.7983281457306,-2.95133162468105,-2.1375193238435
69.6078431372549,18.9596800149958,20.3107602020376,-2.4529695420691,-1.49238746881037
70.5882352941176,16.421835890633,18.2952210702521,-2.21387872491764,-2.62179136154762
71.5686274509804,13.3632090344442,15.2942698740981,-2.79771973331289,-1.81517456615883
72.5490196078431,11.5934595847279,13.4209122538433,-2.04010408421223,-1.80564013233534
73.5294117647059,7.00090912171231,8.14558771438232,-2.97918943728916,-2.12600795867301
74.5098039215686,4.77371015004314,6.11959302915504,-2.11604944615667,-1.71499261319142
75.4901960784314,1.81702460694905,5.62574179403924,-3.08298343659351,-1.61610387896988
76.4705882352941,0.273374073220197,0.368336537436635,-2.57013264320355,-1.14192768443627
77.4509803921569,-3.83292016574226,-3.52743976966254,-2.11235839326074,-1.29852555097514
78.4313725490196,-7.43130651343293,-6.65926882331979,-3.16411071535242,-1.11345151181308
79.4117647058823,-11.0278622872328,-6.27632594937729,-2.50193536472567,-0.994940981262122
80.3921568627451,-12.6468704636915,-12.3563547850548,-1.92377617503557,-0.629382937692332
81.3725490196078,-16.8474518966556,-15.5075018252113,-1.60064840276803,-0.943205761100219
82.3529411764706,-17.7409823021576,-19.4170054093282,-1.86001115306675,-0.965411409604765
83.3333333333333,-21.7662432474072,-23.1057868914822,-1.9774730849614,-1.97708316628211
84.3137254901961,-24.9178773878163,-22.612713663409,-1.50978613681352,-0.28788544264576
85.2941176470588,-28.1482670237695,-27.703714319676,-1.87878259964785,-0.330780132267317
86.2745098039216,-31.617443981269,-31.9267349648291,-1.45372324581559,-0.381987495294794
87.2549019607843,-34.5747918809204,-34.6530062196032,-0.658555953406061,0.183709961826515
88.2352941176471,-37.5711994544251,-36.8667270305835,0.16495698912976,0.437342407971748
89.2156862745098,-40.5380534807085,-39.7182248096215,0.0989190676989826,2.0079257707031
90.1960784313725,-44.8301307606016,-42.4687598808355,0.76394427565878,1.46066442859726
91.1764705882353,-45.8492800026495,-46.4159453915602,1.47373842743153,1.54655408334877
92.156862745098,-47.134236707638,-47.0013785786834,1.83300794925167,1.25847446229684
93.1372549019608,-51.5390999577512,-50.4200836230134,2.10423015285134,2.8236151544514
94.1176470588235,-50.9313393963465,-54.7067432382457,2.50382612696973,5.09951158786352
95.0980392156863,-54.3852355578271,-54.3165335643453,3.25961664830867,6.32647580560543
96.078431372549,-56.395152147476,-55.8445273605394,5.14650487681141,5.00516841333956
97.0588235294118,-56.5799487978182,-54.6467981065609,4.67028528378752,4.68316750892414
98.0392156862745,-57.0506474152658,-57.4072215781801,5.63550787807908,6.89152226441743
99.0196078431373,-58.7529037211852,-58.6844581506,5.5216930586932,6.25830882988215
0,-61.5586996007599,-54.9695751254022,7.51840013462877,6.22188436006151
1,-63.1384690339463,-59.1021080269754,6.52701511949014,5.84725318940162
2,-60.8145984600088,-57.0547234696356,6.08577566486203,6.08828180653088
3,-63.0789934826164,-54.0860621083026,7.84264978324766,6.39188313226447
4,-56.7474386035915,-51.9111155514326,10.9867710099302,7.37423352551022
5,-57.1137849318214,-51.9451999695171,15.4664918555756,11.4444661493566
6,-53.8294503453127,-48.9810905915792,21.3040052719067,14.6648086997522
7,-53.5835252360154,-49.5221438801377,22.2327813150359,16.3729106660588
8,-53.2671158967853,-49.2934024226022,22.3552363673565,16.3471948198454
9,-49.3317052983468,-46.4261439008089,22.2494801097816,18.9389496927377
10,-48.7464445353446,-43.4473583841913,22.6610262807913,23.2731956274273
11,-46.6393843080203,-39.9236333890836,23.4131918601578,23.0841162735831
12,-45.6285493543645,-40.5663454690993,24.2421132873484,22.7849940755116
13,-45.4757525169603,-38.3980455493174,25.083331503202,23.9126909319845
14,-41.8371429173167,-35.7339912076577,25.7262679292073,24.3870203005175
15,-39.6597474848089,-34.8448777022765,24.6030855747567,22.581945559656
16,-39.2910705092576,-34.3080788576691,24.9951867100167,22.8591781291262
17,-35.9525220394894,-30.7628884893051,25.6861790800771,22.5370436707785
18,-35.4665868486983,-28.1536089293378,28.4593516540098,23.3794677982826
19,-33.0512233565459,-25.8046802482209,33.1414294400732,24.0774932446807
20,-30.3378187027343,-24.1175051817265,36.770153364673,24.7231623699921
21,-28.8220079349851,-22.4905278568083,39.4788236580828,27.3689849026466
22,-25.0474233919137,-19.3013463093692,41.5670781590652,28.3079540584037
23,-20.8155406838723,-17.0862321178415,42.0140023514137,30.3068855807622
24,-20.9343625063847,-13.0620374544009,41.4822344652211,31.4629020242129
25,-17.3470706410761,-9.4673067777118,40.2873648597949,33.1314414221038
26,-16.4093963893278,-7.7723663773172,40.8592021028283,32.9639335697263
27,-11.5956454005509,-5.11977158190833,41.2724417980693,33.8072508550968
28,-8.95930602225748,-2.89619178028235,40.3321984287506,32.3014890822323
29,-6.49810185197324,0.531289313300405,39.4883487744821,33.1821239772992
30,-4.20695832596908,4.39230916749377,35.7975865917393,31.2049089531497
31,-2.31152144127541,8.35904637571381,32.8046786536601,29.6000404516605
32,2.25233515569855,11.920254027414,30.182446132625,28.4250558324518
33,4.49314260541253,15.1347090006231,25.5767023595346,25.3723783717655
34,8.39343984417082,17.2187728545329,22.7055364138487,23.4048249819743
35,10.4098776676196,20.0196810576865,21.049170105034,22.1494205274487
36,14.2740216379023,23.4355253409092,19.3225734605241,19.9946675699179
37,18.0546401785394,27.6704527711474,19.0611720600747,18.2924228570152
38,21.9742522653819,31.776679508648,18.7932619003452,18.0606570485802
39,23.1934520241607,35.2678365873147,17.4179240707226,16.5062180841087
40,28.8063117777122,34.7772814874731,15.1226973832338,16.2654858396169
41,30.1505981261825,37.9480561473383,13.9268208182864,14.7708475055122
42,30.3169970368673,41.3782872045855,12.944766820378,12.4139366794293
43,33.5970870845234,44.823758826367,9.10570985695917,9.83957280629451
44,36.7415805197356,44.44641663731,6.65420048374864,6.29637267270571
45,40.0147301511277,48.0656373101035,3.69445964430884,3.14705256494591
46,39.65112446863,49.3653566932287,0.892277539298976,0.173427666482829
47,39.8984378198499,52.9712067281398,0.233587403364127,-0.511172937717265
48,38.729458582148,51.2647743190717,-0.194202357728396,-2.31451898649567
49,42.3814118802935,54.4604976252194,-1.27530160725275,-3.01309700167696
50,42.9284338308733,53.8647295078259,-3.26090151051316,-5.20071329699759
51,44.7451878320671,54.467463410197,-4.68611771606854,-4.95067313319844
52,46.6536291878616,52.975486975382,-5.60298535914174,-5.85453716667088
53,48.6519716498341,55.72199254068,-4.78714838750816,-5.92736545448276
54,47.1397343276129,54.9679910530668,-3.64757177283675,-4.34785974632213
55,45.0080583883183,55.5818114646673,-4.2157966710427,-3.06071044385235
56,45.7538820523148,54.6634696352749,-2.67061010240819,-3.1920211086793
57,44.6939422538551,53.582360618677,-1.83979007446406,-3.16834499787657
58,42.558995490929,52.016275503386,-3.11895357630343,-3.1303021719604
59,40.6375208718827,50.9786137237436,-3.45036336323541,-2.91265780540037
60,40.1219494226945,48.8639922525101,-2.96081626013971,-3.41631059794673
61,36.5446742959238,45.505272713021,-3.76496185121227,-3.9545936041662
62,36.5776918012102,44.6139669161907,-4.44689282235295,-4.3242625572044
63,32.1945050298917,41.3406582996065,-3.63420491572252,-3.41875032641367
64,30.4051443608041,39.654858378987,-4.20697913779892,-2.74863592079822
65,29.6807219595042,37.1651016367558,-3.36660691752157,-3.17447120792803
66,24.2989331591751,34.3281461757269,-3.57928246487104,-3.20668193162618
67,21.9015835576772,29.936619751044,-2.34794544831386,-3.47238298463076
68,21.3798507234117,27.3135288127462,-2.81207647158409,-2.41180010096442
69,17.708864083292,25.587501649808,-2.07526533183904,-3.62422602228477
70,14.5993195781605,22.4968173862055,-3.03357646890184,-2.89863146802224
71,10.4107373630372,20.6419417563099,-1.98135323876283,-2.24948510792602
72,7.61447050523937,19.3646697648185,-2.75070721354749,-2.04092107018065
73,5.8864984793313,14.3676735469122,-2.48810346024419,-2.23687741863852
74,2.16645966589067,9.69553639928022,-3.27106786779809,-2.87595050684844
75,-1.05099045951921,7.04526649087692,-2.52829046129537,-2.59557939073038
76,-2.90281136012139,4.64682129110766,-1.75477952451706,-1.33826091280424
77,-8.42061133183908,3.65491418070414,-2.39022753391983,-2.14000136251389
78,-10.0056201849163,-2.60016801204641,-2.23708815805303,-2.41060642983245
79,-14.1472285706244,-6.73475153091,-1.09819710824568,-1.63045729099051
80,-16.5251140404728,-8.9181901545895,-1.19735381575095,-2.13831263276761
81,-20.6663119201656,-12.1255943687524,-2.29985919810776,-0.983147456449742
82,-22.5139691104999,-16.9206336897279,-1.58587078228799,-1.16925203614493
83,-28.2729524305921,-18.818434682503,-2.40373624257711,-0.801004549790822
84,-29.7684986774217,-21.771303491924,-0.9547823719703,-0.765781692900893
85,-31.2356220063425,-25.5758491296975,-1.26986560032481,-0.0681504676865918
86,-34.2559941326014,-30.7694320001715,-0.840685465649148,0.0803375414764964
87,-39.1786409262682,-32.8560120237446,-0.628675748395968,0.0821820117459322
88,-39.148868386774,-34.5888964725535,1.00556526038719,0.47627216016766
89,-45.7780512016061,-39.5247125754712,0.839300093217487,0.460804562000753
90,-44.2808550722819,-41.3581823877813,1.19139250136422,1.35327708902448
91,-48.6159837554752,-42.6079215584721,0.820952058032794,1.46451075956508
92,-51.2449994027229,-44.8203277006042,1.58391769024639,0.799517523226993
93,-52.4851056216725,-50.4131469894939,2.2753615664645,2.03066085993381
94,-55.1926924926186,-51.9387062273858,1.20332680290721,2.71391628064968
95,-57.5751952805555,-53.3038142349802,2.6844423696387,1.47973006588204
96,-59.1969665961373,-50.0896486038899,3.7154235885174,1.46889734120725
97,-60.7891851260618,-52.6780851845374,5.59627575981075,3.22592494786812
98,-61.8726217928159,-54.9353214697189,5.74136805726921,4.16233708885497
99,-61.5293781665783,-54.7860867622828,6.39303554146952,4.40952391866081
0,-66.1739293639232,-64.8692591415519,9.95405522777623,7.4323890743181
0.99009900990099,-65.0167273137794,-64.8213834955059,11.2706353269651,8.85896744211024
1.98019801980198,-64.2137809110115,-65.9924362926218,12.2293926120103,10.9523948191924
2.97029702970297,-64.0377213907149,-63.3795712208477,13.6512728807325,13.771000942817
3.96039603960396,-59.9804179683876,-64.2754270694284,18.548446590298,16.3559401980887
4.95049504950495,-60.7299641807031,-63.1952867028917,23.2062827183428,18.459015096421
5.94059405940594,-57.0096793917436,-58.5419121737407,27.0893028950439,21.1821083135856
6.93069306930693,-56.3107587007038,-57.9707777211636,30.0028218093514,23.7907798376279
7.92079207920792,-56.4161319795092,-56.4556692506887,31.9058296583719,24.5090317867688
8.91089108910891,-53.7479314679625,-55.010858943934,34.63200188722,26.5617546002163
9.9009900990099,-50.9965752476538,-54.0194586747945,34.9198191196188,27.382452652607
10.8910891089109,-50.4999440095488,-51.2108230304807,36.2841194615572,28.240422770089
11.8811881188119,-47.0436979960311,-48.8245613104068,37.9821312643214,29.7273798017674
12.8712871287129,-46.4284193603699,-50.0732201438705,39.3008363597196,32.3032846223593
13.8613861386139,-45.6406042275601,-45.3941247481354,40.5950157081992,34.1077761274976
14.8514851485149,-41.1533213672294,-43.751138093063,43.7568300454007,35.5003852370533
15.8415841584158,-40.4858383031545,-42.1466045193581,45.1228016700389,36.7517573283152
16.8316831683168,-40.4765796546996,-38.0801557312601,45.6840103780622,38.8549260119175
17.8217821782178,-36.7532070933348,-37.6125875935528,47.2652706086088,41.7622557414821
18.8118811881188,-33.6317144801967,-34.2192363654068,48.1562272830706,42.896054457225
19.8019801980198,-31.9146237462246,-33.4749704169973,49.0925399860908,43.9839510726885
20.7920792079208,-30.4755682695334,-28.9061792889893,50.2406203042331,44.7676337679718
21.7821782178218,-25.7941925005137,-28.0135634533162,49.3594388874936,44.2648929933841
22.7722772277228,-24.1633135441427,-27.0697318693589,49.5272765012128,44.5732327771881
23.7623762376238,-24.0096371353135,-25.1900710761338,49.0466231726381,43.4429604654679
24.7524752475248,-20.3875839821171,-21.1490966528119,46.9488348392948,43.7490615376126
25.7425742574257,-17.5627782495234,-19.5301084296409,44.8983813393954,43.6032278380513
26.7326732673267,-15.4998024028571,-16.4660553375617,42.9858196226604,42.8169876207175
27.7227722772277,-13.7339376917212,-11.6461797881785,41.5396615486423,40.2583505232852
28.7128712871287,-11.4882611584359,-8.32156134317028,37.7511724478478,38.9891297543188
29.7029702970297,-7.41942264403214,-6.60696732894764,35.9457440785006,37.3413776741368
30.6930693069307,-4.71354872140432,-3.40606201951716,32.4660331787655,34.1800033237209
31.6831683168317,-4.25540234521297,-1.1115148362518,28.1105993566131,30.7458450379443
32.6732673267327,0.661122611002141,2.37331993866634,24.4476525823542,27.6955824676656
33.6633663366337,3.11903655654792,5.87938108212316,21.3637823534757,24.3061898875711
34.6534653465347,6.54861989410445,7.99093347427862,19.303082786908,22.4565671002969
35.6435643564356,9.16730886830553,9.89440764329256,17.2609210004777,20.1262653904235
36.6336633663366,10.6177898096403,16.4902776734896,15.184475278025,18.730420999936
37.6237623762376,13.2259618595695,16.4243065489613,13.9838472792303,17.6365773878356
38.6138613861386,16.3089682364001,21.2933306808218,14.0623850785734,14.8549740422388
39.6039603960396,21.6826276787985,23.3474770714472,12.6368487804732,13.5240230540907
40.5940594059406,22.0137498032906,25.7371550893032,11.749224816597,11.6027028972144
41.5841584158416,27.4429183168494,30.4213917581919,10.064936327427,9.59351354809103
42.5742574257426,28.5144419870763,30.951584065663,8.76332117095881,7.71656561098736
43.5643564356436,31.8599250224937,32.3722417186263,6.96713898721644,5.48042869820874
44.5544554455446,34.9496824468515,34.584691763839,4.65050877853014,3.32267847209886
45.5445544554455,35.5304843741161,37.9120468251155,2.24124245757939,0.909326948634473
46.5346534653465,38.128010569765,36.5882240981533,0.0533604697950371,-0.016547766199265
47.5247524752475,37.5378745176256,39.4048247920965,-1.26770394986133,-2.12819837261758
48.5148514851485,39.5098221280883,38.9233340509277,-3.10986556019649,-3.31589396744576
49.5049504950495,42.1839421806708,42.275269883092,-3.11557093280903,-3.7355475050601
50.4950495049505,42.19594598779,46.224839583901,-4.65172303306654,-5.11850628424473
51.4851485148515,44.8454316159838,46.8590695715974,-3.62002096597377,-4.01331231759651
52.4752475247525,41.4179367846791,45.004216660785,-3.16569182840309,-5.25697682899507
53.4653465346535,41.9352497832119,44.624445162555,-3.60198226719768,-3.69675379985706
54.4554455445545,39.5388528293888,43.794994403046,-3.16990436051719,-2.57743881672772
55.4455445544554,41.5871471061307,43.3143699899827,-3.66984563185733,-3.83580823980651
56.4356435643564,38.7012269942863,41.1833554584598,-3.25828522298798,-3.31218836690551
57.4257425742574,38.4407475716692,40.8966944015316,-3.24098518618989,-3.18659181594889
58.4158415841584,36.5960702856162,39.7175318084833,-3.30063482040992,-2.81704547285138
59.4059405940594,36.1364814801367,38.8995979441133,-3.6035472793292,-2.85702546369347
60.3960396039604,34.7289518117409,36.2701051460301,-3.41543655965198,-2.5450081763045
61.3861386138614,34.3400657217359,33.6434814683807,-3.85660517022361,-2.55988265114509
62.3762376237624,28.2806269419918,31.2651763555272,-3.2934183797543,-3.15247419540552
63.3663366336634,26.3654371564006,29.8135616385211,-4.58283437229913,-2.15500757522911
64.3564356435644,25.5259580150191,26.969252089033,-3.52610366442436,-2.89833948263758
65.3465346534653,21.1167977414081,23.248233453751,-3.15322984312449,-2.42875052726812
66.3366336633663,20.4464093658615,22.0664036977931,-2.07030272005789,-2.33996404425645
67.3267326732673,15.5112533946951,20.0483409558411,-3.07881829502015,-2.60763289767448
68.3168316831683,14.5792509120554,16.1088709575932,-4.09763084646329,-2.095781103141
69.3069306930693,11.1616853427566,12.2466176579667,-1.82721278497431,-1.97144238670279
70.2970297029703,8.60861589303535,10.6863340140824,-2.17932585543032,-2.71776577394523
71.2871287128713,5.65728953551829,7.98366353313523,-1.313712878432,-1.63190726134824
72.2772277227723,2.61606643630465,4.90123816335723,-1.32606970841097,-2.38607024224559
73.2673267326733,-1.90021930888518,-0.0600354693073797,-1.28082623622592,-1.90952493112879
74.2574257425743,-1.64480809313464,-2.62875603652529,-0.569234885771348,-2.28109791235959
75.2475247524752,-7.01967078763173,-3.65251473773396,-0.725726615666022,-2.75380471325096
76.2376237623762,-10.5761455680484,-7.3938314550388,-1.48874144364669,-1.78318383915986
77.2277227722772,-12.265083407557,-12.4300747517114,0.0363159156679894,-1.55954917147886
78.2178217821782,-14.7884186451394,-14.418622105774,-0.631437949407327,-0.909195513552007
79.2079207920792,-18.8284265532694,-19.9986592485776,-0.437481432590036,-1.10461871712342
80.1980198019802,-20.2558421019066,-21.7033651463131,-0.899787633863101,-0.546343980747974
81.1881188118812,-25.422609210193,-26.4386776596593,-0.440724946408326,-1.60758110466587
82.1782178217822,-28.9851438919851,-28.4154703626518,-0.799315864235198,-0.353427415242735
83.1683168316832,-30.3439172724858,-31.3907686235827,0.364324394290233,0.00676899883576859
84.1584158415842,-33.3391672897162,-34.931123751517,-0.664488278423759,0.183434324683812
85.1485148514851,-35.250055007472,-38.8636098518987,-0.447605100230101,0.493136039789521
86.1386138613861,-38.819043980278,-42.6952105971049,-0.0764498277407415,1.19661165297062
87.1287128712871,-39.08783834577,-44.6221015123196,-0.0243710893862492,0.921860007134455
88.1188118811881,-45.7835730646296,-45.7344317249729,0.489240181179998,1.06960519622513
89.1089108910891,-47.1730157438923,-51.2401086854065,-0.0473970788605673,2.2142642174993
90.0990099009901,-49.1860668880936,-50.2043697729318,1.903462888267,2.88986735153037
91.0891089108911,-53.4239215937492,-55.6973295228425,1.9263227451939,1.59770261238808
92.0792079207921,-57.2193840057348,-54.613901969616,2.51276157023972,3.39037011370804
93.0693069306931,-59.0920792831678,-58.295948422801,3.16815959420695,2.70627252605846
94.0594059405941,-61.452109945742,-60.0066355125375,3.82893746181653,3.49473120577776
95.049504950495,-61.4346167243883,-59.6164508322575,4.81422186532069,4.73388135605816
96.039603960396,-63.0709172662924,-62.9801980954203,5.44969130949621,5.34211990889554
97.029702970297,-65.6639069680242,-61.9215832121098,7.37416010854869,5.37756671163667
98.019801980198,-66.2335132749112,-63.389317188618,6.7874103854542,8.13085816767658
99.009900990099,-65.3238494378429,-65.048677220075,8.68975062570489,7.63738332262305
0,-64.7476929272294,-67.3063681152552,5.49294230456421,7.40349846894536
1.01010101010101,-64.1435708317159,-67.1801674676341,6.28731309740394,7.05691830551067
2.02020202020202,-64.2112069968774,-65.6034822025752,6.71389715109963,8.79123972110315
3.03030303030303,-61.0001721704703,-63.4608209660552,8.94585177939608,10.3402386467833
4.04040404040404,-60.222672567304,-61.6015220142378,13.0372036067434,11.756196367973
5.05050505050505,-57.5999061510668,-59.8697745376981,16.0500945585348,15.6568888074082
6.06060606060606,-56.5297649033759,-59.7673161107668,19.3627561322937,20.0624330332929
7.07070707070707,-55.6670085992632,-59.6948205708786,22.7767376159909,22.1142392433993
8.08080808080808,-55.3539466052214,-56.1379511027536,25.378497702367,25.1956997248173
9.09090909090909,-50.7438660634267,-55.6837684793686,27.1321971952825,27.2502218789026
10.1010101010101,-51.9735061112308,-55.1378629289231,29.4689704367062,29.8084277352339
11.1111111111111,-48.4597283681042,-50.8698242592614,31.4960984417527,30.3380166075015
12.1212121212121,-47.7787247716245,-50.8886072076209,34.353735349488,30.068119187995
13.1313131313131,-46.8395059194015,-49.3202922233658,34.575295113207,30.1348260855764
14.1414141414141,-44.9125721654705,-46.6942814265665,35.007726134911,31.3405647843318
15.1515151515152,-42.6407785853783,-46.8766862580595,36.0392380813347,32.394038008297
16.1616161616162,-41.8944585730774,-43.5052383576895,37.8581134656746,32.3473647306095
17.1717171717172,-37.9455231071273,-40.6854208255797,38.3333417931819,33.9850441445343
18.1818181818182,-35.9256643227296,-38.3031655657042,38.8507370778101,36.7054674666575
19.1919191919192,-35.8623760894488,-37.9784951544031,40.6912320429118,38.3183717646971
20.2020202020202,-31.9616412897452,-34.6302105917871,40.873670628254,39.4273727560486
21.2121212121212,-30.6957206990143,-32.2394210997969,40.3371920875079,41.2775901680355
22.2222222222222,-29.2450010333627,-30.9248293197973,40.6106643633289,41.7084011415661
23.2323232323232,-25.2441190729007,-27.3025212003251,40.6440584243856,41.3415674226195
24.2424242424242,-23.0544994844872,-24.9464404147636,39.252629222732,40.7822531062419
25.2525252525253,-21.0799618749441,-23.0388856183793,39.5063797948522,40.3799001351034
26.2626262626263,-16.6907530148288,-20.3156933763463,38.9510484212312,38.4525062907273
27.2727272727273,-16.3547811973742,-17.5297664676031,37.2747926358745,37.9757237277383
28.2828282828283,-14.0653767908529,-15.7581104591274,37.8559038527763,37.4981135876564
29.2929292929293,-11.5198220546255,-11.527242552727,36.6022287949105,35.8310778332237
30.3030303030303,-8.63267715872915,-8.71585194030611,34.5009269929654,34.3630331689438
31.3131313131313,-6.0318150875667,-7.07447244039403,31.5088750778327,32.7799552026146
32.3232323232323,-3.92940341800488,-6.23850845365448,29.9410110760888,30.6600539195355
33.3333333333333,-1.64453541224915,0.592464668439741,26.0219188632206,28.7896229100093
34.3434343434343,0.272901137474379,3.41017316003061,25.0215489985878,26.1774767021857
35.3535353535354,5.26370298247808,5.99129457722647,21.4514611963281,24.499954104568
36.3636363636364,7.9252913710271,7.02435569863744,20.2690228328203,22.1350684493424
37.3737373737374,10.7407838251629,10.0672447543193,18.9737234455857,18.7338128037273
38.3838383838384,14.5372285922197,12.275148546102,17.7155360265156,15.953317648672
39.3939393939394,15.3403987999521,16.311113861198,15.8643026556352,14.6431278464596
40.4040404040404,20.7885373639749,17.19964802807,13.0284066284128,13.2521947229624
41.4141414141414,21.1660019602068,25.8399735644442,10.9058097129584,13.4504506893981
42.4242424242424,24.1154808290848,23.9761138085831,9.4262521504071,11.3157575709052
43.4343434343434,25.8284078002295,27.7400783543718,6.58283940904833,10.2430376326217
44.4444444444444,28.9476074016909,29.8625620330619,4.29430362000961,7.20563703571436
45.4545454545455,32.4894239297724,33.3125221496456,2.64969777165588,5.6470560431287
46.4646464646465,32.1812667844032,35.930252100024,1.57326859186384,2.57118046585345
47.4747474747475,37.454645683582,34.5083976511086,0.629397106121283,1.09631907267131
48.4848484848485,37.1779187838419,36.9020026231454,0.304707451531903,0.49825762599077
49.4949494949495,37.3403431217043,38.5018730789369,-0.182203866389924,0.281281555873063
50.5050505050505,39.159743452355,38.1713390765714,-1.52207563668969,-1.29078930765762
51.5151515151515,39.659044351657,40.9755902513237,-3.38840990008315,-2.70568928401891
52.5252525252525,41.4974724769481,41.3617511420411,-4.71906149727141,-3.51016108823239
53.5353535353535,43.2485377376526,43.4311763416424,-5.469427585012,-3.96197812871521
54.5454545454545,45.0468704827132,44.8576004578395,-5.9381201248711,-4.0314323958951
55.5555555555556,42.1405243596851,43.6997122937917,-6.25264408292028,-2.99047559948681
56.5656565656566,42.4505513008982,43.7065260490202,-6.5578458777648,-2.90168920448327
57.5757575757576,39.1134670058111,40.3920179772109,-4.37178158433806,-2.2219014525077
58.5858585858586,36.0638119956351,38.6066351066398,-4.11753213305405,-2.8111709298195
59.5959595959596,33.7060580317434,36.7731716910856,-2.17103628688751,-2.66247232060096
60.6060606060606,30.8520821649614,33.5347122114574,-3.52503045249534,-3.28679651818822
61.6161616161616,30.0610243419349,32.1743628936555,-2.58398067119716,-3.28848729080899
62.6262626262626,27.397171934318,31.0275803090718,-2.67830736007566,-3.21648650147119
63.6363636363636,23.7485147330392,29.6828691198804,-1.52155859143231,-3.2449919244746
64.6464646464647,20.64787749934,25.5986210764445,-2.95516750780339,-2.50860697475278
65.6565656565657,19.8048410608033,22.7136095298208,-2.21442470042665,-1.81514194335911
66.6666666666667,15.8932189439803,19.5998704473564,-2.430665240488,-2.95806975814808
67.6767676767677,12.8815827893249,14.6396785239884,-1.75731067331087,-2.78681554818111
68.6868686868687,10.0942336247445,11.1815002832916,-2.6576188362992,-1.80161509796561
69.6969696969697,5.01831848339894,8.01448896000959,-1.63292299141018,-2.53449169300275
70.7070707070707,3.55147778129828,5.70391864741064,-1.54688167358961,-2.15578466974989
71.7171717171717,0.881557706433939,4.35527926696816,-1.34671683917674,-0.259960307949696
72.7272727272727,-0.911782403419914,1.50763669141976,-1.01533155894863,-1.13937482992277
73.7373737373737,-3.06915743821666,-3.41359365925093,-2.40840373463013,-1.04754643880325
74.7474747474748,-6.76329336273961,-4.8938774820994,-1.99718909817681,-1.20528280420604
75.7575757575758,-11.0990404721486,-8.84910862325249,-0.983329301266367,-2.19980425700209
76.7676767676768,-14.2617330290961,-10.688754219129,-1.76241560148099,-1.77612226242051
77.7777777777778,-14.1826351829007,-13.852486455542,-0.854252888301115,-1.74895252730112
78.7878787878788,-19.8916733622675,-18.2678585247343,-0.482457418321934,-1.38986335271889
79.7979797979798,-22.0997558714631,-21.1616003813905,-0.634755265537579,-0.263220552295207
80.8080808080808,-26.8580392537953,-23.7565228958485,-0.65300890668933,-0.399001996519968
81.8181818181818,-26.8930688031247,-28.7305014858184,-0.0676946045254007,-1.13659320956033
82.8282828282828,-30.5567360103823,-29.6150010219976,-1.18047677933686,-0.702643718107461
83.8383838383838,-33.4671840686883,-31.3565669760936,0.0176222702437248,0.114763221339496
84.8484848484849,-35.8554100818594,-36.3606320717547,0.567509386263502,-0.415655681033297
85.8585858585859,-38.1006895079361,-38.2904569639436,-0.221177589383548,-1.33009595163875
86.8686868686869,-41.7005020511314,-44.764242858299,0.145458882224604,-0.218760959923766
87.8787878787879,-45.1442977299492,-43.7757346369594,0.327902748575118,0.295826117322615
88.8888888888889,-47.2985658557131,-49.7391296945961,1.19931930093542,1.12487664700797
89.8989898989899,-50.4584238713851,-51.3467762258503,1.07973883852329,0.843679074326034
90.9090909090909,-53.497537671044,-51.1341626664774,1.85101249707366,0.834162182129911
91.9191919191919,-55.5370447049935,-57.1648840302387,3.46189804830051,1.21110583834919
92.9292929292929,-58.4968021049513,-57.8295710963486,2.19396435613862,2.35505860571614
93.939393939394,-60.1305947519154,-58.2539695488128,2.79768286441638,3.74925125455413
94.949494949495,-60.9600248445079,-61.887784934102,3.01756958050671,4.01320683091387
95.959595959596,-60.7843027816126,-62.4453623475975,4.281986661667,3.33451868785879
96.969696969697,-62.3657185879982,-63.1559212934086,4.19329110705004,5.40807221411083
97.979797979798,-66.3778681445381,-63.5921402038533,4.73193935523613,5.48775944354815
98.989898989899,-63.4208762675084,-67.1266905384365,6.77252340710547,5.78119828945386
0,-60.7153316017499,-66.0267432945056,4.83689718029774,6.09523241974355
1.01010101010101,-60.8481461172056,-63.4817712923849,3.5169161303686,5.06685985427916
2.02020202020202,-61.865111184338,-65.1818505299734,3.27639869635296,3.43648999753254
3.03030303030303,-59.7359338479828,-66.0738277642099,4.56834972479861,1.54197699896603
4.04040404040404,-58.0463353063958,-63.0337244675781,7.46595271160569,3.60668962553217
5.05050505050505,-56.4920880008734,-64.4861665422437,10.4049369287902,4.19704356025468
6.06060606060606,-56.3153109482017,-62.043656987591,13.2283946092559,6.15352192731201
7.07070707070707,-51.9159083679962,-59.85825720008,15.848428529255,8.55570646636929
8.08080808080808,-51.4762981234626,-58.1222276819324,17.9019576322161,10.577142915581
9.09090909090909,-50.6255613407695,-58.7247189958663,17.1013797206652,13.8030071633947
10.1010101010101,-48.5767524259119,-55.1554971096446,18.8048794309694,16.246491695952
11.1111111111111,-45.2774760541877,-53.9586797825731,20.4061557526906,19.5891391736494
12.1212121212121,-45.2067462265321,-53.7973996250896,22.0390416890988,20.2916408718076
13.1313131313131,-42.02018230063,-50.8716602764048,23.8901063922023,23.9971450428381
14.1414141414141,-41.939739493393,-49.0172910390908,26.127877642904,27.147918377492
15.1515151515152,-39.5186360837682,-46.3553710611364,27.7579928806878,29.9564930759816
16.1616161616162,-37.7952540138908,-46.2217242452268,31.5060941282627,32.6387136075676
17.1717171717172,-35.8332988338911,-43.3690791985741,33.5355225110554,36.3587016661034
18.1818181818182,-33.3692829432638,-40.5234787452073,35.4080056218392,40.4801532277169
19.1919191919192,-31.7595248516578,-38.211125708579,39.3402253990325,44.3480159366402
20.2020202020202,-27.3557766608773,-38.141602050929,41.1478296948281,45.6762314975083
21.2121212121212,-26.9992284116925,-34.7382935047501,43.6672798272286,47.9318561024707
22.2222222222222,-24.7096492171067,-33.307151920857,45.0496139535661,50.8096327409769
23.2323232323232,-19.5761993161504,-29.2263118226724,47.2147532651222,51.5737302224995
24.2424242424242,-18.7685000487932,-27.6722687355705,48.4255517782219,52.0084028779227
25.2525252525253,-16.1888873081131,-25.8395733814685,47.4810852576228,51.8730353187531
26.2626262626263,-14.781326218727,-21.2296101748729,46.3547677815544,51.5704338804917
27.2727272727273,-11.3666824834498,-20.393341517422,46.0956197963011,49.1147696525937
28.2828282828283,-8.52869607097182,-15.9868598194307,43.3697013070418,47.747091863085
29.2929292929293,-5.8344048159939,-14.5287057386722,41.4041739729318,45.4895538096602
30.3030303030303,-2.34719596063363,-13.0779072178961,37.6014883753102,42.3506507144376
31.3131313131313,-0.970138307892834,-8.23962669090148,35.4834356718463,39.2908553365704
32.3232323232323,2.71790937215892,-7.28318183980601,32.8965442749776,36.6968642903234
33.3333333333333,3.56106497803156,-2.78925651528343,31.1279475544293,34.9401444845229
34.3434343434343,7.7556604217437,0.960985838966128,28.516240575807,30.7885874885654
35.3535353535354,9.75262658826439,3.46131646301157,26.4817781261796,29.3941054796676
36.3636363636364,13.7140624640507,3.45831366162304,24.0099079322472,26.4548226129177
37.3737373737374,15.4431317193884,8.39058770509047,21.6783088978049,23.9629797869771
38.3838383838384,18.0303935361716,9.85826233029764,19.7217053847481,22.7781956278064
39.3939393939394,21.3823652643743,17.0653063808264,16.0959964955013,19.867531463934
40.4040404040404,24.5791674860009,18.6001362855597,12.656620442807,17.4361193935004
41.4141414141414,29.0390752403618,23.3120635920308,11.8199779339345,15.4288588296416
42.4242424242424,30.2031027570672,23.272988103363,9.43832384607052,12.6632683391463
43.4343434343434,32.6218609156087,25.9702590973234,7.21832515482397,10.0316956188752
44.4444444444444,32.3828081099545,28.6694994000484,4.57043140357136,8.62434819282423
45.4545454545455,35.7334133783435,31.2959202084502,3.44065560978364,4.79740965971077
46.4646464646465,36.8994492906421,34.4890939059203,1.75414374725271,3.4327931069918
47.4747474747475,39.7935622185499,37.04822255663,-0.389711816538984,0.840521430664605
48.4848484848485,41.2433115799875,38.4064587119618,-0.663753705470341,-0.193410206856493
49.4949494949495,42.6425866718953,38.8230741417738,-2.5806193007692,-0.394222260353905
50.5050505050505,44.3599518222064,40.2451277812149,-3.13676430296586,-1.60323324185856
51.5151515151515,44.9132753205285,42.1474675628895,-3.46202268327015,-1.6095651348275
52.5252525252525,44.6035574557866,42.3824182975932,-5.29448703498765,-4.94378618266303
53.5353535353535,46.5668882477744,42.3608728454331,-6.00321041539547,-4.78709526092379
54.5454545454545,44.4634154193634,44.8806218490661,-6.53200477904825,-5.68307915856788
55.5555555555556,45.3463799323671,45.0112651952096,-5.0727696757759,-6.38940280828855
56.5656565656566,44.5145356534098,45.0453672718521,-5.26308188836591,-5.70075406459443
57.5757575757576,46.4879598284103,42.8639951705275,-4.47749218678991,-5.89950548828965
58.5858585858586,42.940788739445,44.2384774030947,-5.45614935206318,-5.97260659840004
59.5959595959596,41.8965219830786,43.4214314737872,-4.90388036935485,-3.80311709081149
60.6060606060606,41.2365622300623,39.3964226846098,-4.51020366940623,-3.75035493557167
61.6161616161616,39.3610449392486,39.4330759925191,-4.66912522641983,-4.1449158391192
62.6262626262626,36.2405762080449,36.2603408367558,-3.80281183782147,-4.68840050044476
63.6363636363636,35.3453891897502,35.1111482336756,-3.49573643223799,-3.0452930208765
64.6464646464647,32.4856680725043,32.0202187815359,-3.54606134491909,-4.30254527012635
65.6565656565657,30.1370545315569,30.8380939683804,-4.43165155694005,-3.94528343984255
66.6666666666667,27.5285502022397,28.011405495723,-4.05571920978361,-3.7230628866037
67.6767676767677,22.3035585624053,25.7073008856308,-3.56611575532051,-4.25637128509748
68.6868686868687,22.5694997312183,22.5905978931932,-3.33451449050559,-3.52234840817546
69.6969696969697,20.0108325064277,19.2141962746764,-2.64068450853254,-2.99067969791935
70.7070707070707,15.0788233478478,17.4785179727684,-2.6398167456253,-3.97743235403175
71.7171717171717,10.8372596932083,14.7169307869663,-2.3424169216341,-3.26371482888706
72.7272727272727,10.7200827064938,10.6651625882903,-3.38056275471967,-4.45017275356095
73.7373737373737,8.74100918252748,6.73153188612263,-2.95524584902327,-4.08005289632082
74.7474747474748,3.98619191041237,5.01479511030473,-3.64597070970891,-4.36389063274626
75.7575757575758,2.67655338770684,0.429053170386976,-3.12755447110023,-3.80035465709334
76.7676767676768,-0.264180772143055,-1.42908933641003,-4.12898369913749,-2.62821136665308
77.7777777777778,-5.30752962580002,-6.57459613521585,-4.48654894130161,-3.06761754292033
78.7878787878788,-7.04037931257288,-10.1013349902407,-3.59669433458499,-2.98329421409415
79.7979797979798,-11.8626173428547,-12.1348599072307,-4.85708727698554,-3.52833288742577
80.8080808080808,-16.1097884244178,-16.4485161539489,-3.02393160322813,-2.74210848054433
81.8181818181818,-17.0198307282794,-19.3605456613005,-3.59692044931374,-2.52585451377444
82.8282828282828,-21.3722691042902,-23.9825333068557,-2.36837451436931,-2.66409198551491
83.8383838383838,-24.8532597342354,-26.6579475343906,-3.32924921506376,-2.63822399824887
84.8484848484849,-26.529413185338,-32.2448678125299,-2.21987882905939,-1.43946445101029
85.8585858585859,-32.444774917968,-35.9082074198819,-1.56481577368826,-0.836260767685321
86.8686868686869,-35.0344439401422,-38.8701044217927,-1.56645028356379,0.373743688136615
87.8787878787879,-38.5241604563282,-42.9449201119154,-0.467458656563722,-0.0560644705069767
88.8888888888889,-41.5322796102757,-47.681266933524,0.173429043980482,1.83747234012849
89.8989898989899,-43.2806728859299,-49.6124548232808,1.00215236533136,2.16889433466425
90.9090909090909,-45.2336292681983,-51.3013470359787,1.33714175731843,2.41877383972364
91.9191919191919,-48.5244881804846,-54.217951887356,0.535649563264132,2.52348664368497
92.9292929292929,-51.3439161605998,-58.0645022826353,1.89347568521529,2.69688300854182
93.939393939394,-53.2616583850049,-57.6269295228057,2.18458336289154,4.01047924960265
94.949494949495,-55.0593005825291,-60.6617862978804,1.8062870927644,3.44964579379364
95.959595959596,-56.6085645385034,-60.2896043358154,3.57605952810522,4.17336027539835
96.969696969697,-58.5621613547987,-62.6519512197058,3.39258497163442,4.82568468926794
97.979797979798,-59.8063641766695,-67.3930715923818,4.84287343396417,5.47106062731359
98.989898989899,-59.1975355812654,-64.4225222791377,6.45710395481601,4.82484484950293
0,-64.8871410185176,-66.4557969505538,7.92752828032235,6.4476258896137
1,-60.9473623083744,-66.6580609753215,6.86681846369385,6.27137161997863
2,-63.1989192747886,-68.3385020490942,7.9771275146855,6.77895115506764
3,-61.1768772856241,-67.2323395040796,6.91405178855301,9.28132925578543
4,-60.8434181039548,-64.8520253043028,7.76604219847513,11.4740734670481
5,-61.2853714961132,-65.2586457322688,9.36191746612372,15.5345237774617
6,-57.69896486267,-61.7616553656058,13.4445477053597,18.5106533691515
7,-56.7542605080634,-62.5263442376824,18.4839725689695,21.878039966886
8,-54.9400484187566,-58.6547938448023,23.4977616392328,26.4382472291783
9,-53.3982940771798,-57.6678874068674,25.8111007929644,30.839495660641
10,-52.8859926321083,-55.8267579654385,29.8070368064297,34.1566009017189
11,-50.9064586983186,-54.2441969791596,32.495916198521,36.7122420601751
12,-51.7364365252323,-52.0240736045165,36.3604055138432,37.5828493368155
13,-47.382504401189,-49.0675520309012,39.0708792116751,37.7564798216154
14,-47.6224280254433,-49.7071059357025,42.757751836968,37.9491808370646
15,-45.0286735387336,-47.5861993747152,45.6229026982234,39.1505482516375
16,-41.6902122774759,-46.8620123105093,47.7787070583086,39.7757041035435
17,-40.1916889668231,-43.4154577773404,48.6547822694516,42.1263006340403
18,-37.995593980983,-40.9676240122648,47.7852625394092,43.2092246233433
19,-36.3041811553281,-39.9079859720023,48.6558917900162,45.1860966177318
20,-36.7542986486281,-38.1866321136679,49.2890586719874,45.4434087732388
21,-31.9681860296227,-36.5504215527683,50.244157234228,45.3188120217103
22,-28.4275399462836,-31.9696736591402,50.7974562043579,42.7409878421782
23,-28.2522358444979,-32.1439659681378,51.3320159548883,42.2760141605599
24,-25.0679311796614,-31.1312441443614,51.8190115840329,38.8439334162496
25,-23.6966045578748,-28.9432517092167,50.8231962760677,37.2951852151072
26,-20.7444393262002,-25.2378714814022,49.1594454021435,34.45009854829
27,-17.672842999959,-24.8211309956196,47.3272479364155,31.7303554424213
28,-15.7668515075004,-20.9476135033948,45.4266779586316,28.7683719914971
29,-13.3473324752348,-17.0227187128391,43.9070146684774,26.868137496686
30,-7.5723012804626,-16.6145888806376,41.460400853817,25.8218257889006
31,-6.72087430907404,-12.0005144914979,40.6415286306914,24.4599864647052
32,-4.54561002789595,-10.4892929403045,39.4700975313546,22.5932676703196
33,-1.46614607491949,-4.82099721143391,36.2466315432389,21.051110458022
34,1.92376622099913,-6.04385071878661,34.4980690931815,19.2947283654826
35,3.93176698784811,-1.67332419412755,32.0817800145846,18.0071533955838
36,7.16720663049858,-0.83661743310487,31.4297639539169,15.3073878696203
37,10.8779917207022,1.52618266381124,27.6342854987436,14.8484504755862
38,15.1720021619587,6.44995579322858,26.7769340590009,14.1921079563267
39,16.5298613898065,10.8369880259782,24.8296576051483,13.7258923939596
40,20.9107749083827,15.1649524407819,23.0163903917779,12.1579091974997
41,23.854472877868,16.774728860376,22.2692808083265,11.1676347990166
42,25.9325717535808,20.4380671060157,19.5048846977385,12.0938465817555
43,29.4736711241446,22.4316664426909,18.2632402903942,11.3129198399317
44,31.0472993643346,27.1817670119437,15.6134539829036,9.51428932925317
45,32.3535491216812,26.7293336349523,13.1439406324812,7.70976111174129
46,36.0167085871229,29.7107133081508,8.93372155853219,5.30401028250765
47,36.7913238130052,31.4228727635428,5.03385610135029,3.40309712866337
48,38.7302700861397,33.8949015962452,3.01611961589343,0.675356153490393
49,40.8943070332404,35.0361637641567,3.13073413798316,-0.827020158436985
50,44.3082163449666,37.4257341820805,2.37828084382706,0.318386843291263
51,45.8478211254176,38.0449811134563,0.593709222293297,-1.94352428589985
52,44.3122072696905,41.8384177053409,-2.26010275540942,-2.02564074409898
53,46.8563776874518,41.8075935073432,-1.03307168078113,-4.39731626401099
54,47.7067415822827,42.7748538714778,-1.48518224719782,-4.13313706702296
55,45.8164917578116,43.3324989199339,-0.711531631113724,-3.05009829747693
56,44.3311182898474,42.191831219874,-1.36985493481791,-3.72785729024192
57,44.0915288533378,42.7466901223324,-1.50118550821313,-2.51674608306187
58,44.8705187219397,44.7254326666919,-1.43071319304755,-4.92187243386495
59,42.4710037456923,43.8845289099657,-2.26628784855878,-2.14175498444064
60,43.8682922442454,42.8540822765157,-2.98183475843071,-2.6905084223821
61,37.5903044307967,40.7195926462944,-2.67192049786607,-2.70379708885892
62,36.937930411764,36.7058914452321,-2.51972321096744,-1.94171674977142
63,33.5081841046536,37.2562615078029,-2.1474543051229,-2.64919673453485
64,31.3420261376536,34.0491039110095,-2.70401013327759,-2.88435174327565
65,27.6439529890187,31.2553802648231,-2.61033709327387,-2.83448783346863
66,25.4162587169428,29.2138616124162,-2.28526471730079,-3.45313720379782
67,21.9225025604948,27.4890417345862,-2.42043609625248,-2.81163479779808
68,16.841164821401,22.3183360191248,-2.78625330564691,-4.35016025960533
69,14.2596287644698,17.7961971641133,-2.29867854997793,-3.0590877443081
70,10.6312907141755,16.7802669152824,-3.33147861319392,-3.70135888286788
71,5.21548221730449,11.8710091311884,-2.90496630181353,-2.8183948058314
72,4.49968285354382,7.79983821509034,-3.18603921516755,-1.68944012160933
73,-1.44499337639962,5.7342349271837,-2.95889056158601,-1.79229139736515
74,-3.42267626871659,1.45165819543901,-0.979143065792966,-2.03342703818368
75,-7.93059443150689,-2.32545412912866,-2.45464821057276,-1.7437750007697
76,-10.7783102776955,-5.92634174393905,-1.64437362212807,-1.57777426472473
77,-13.8644552261989,-10.2024907381516,-1.23450998404618,-1.03226898294668
78,-18.0729340041242,-10.9109959993803,-0.305114580672453,-1.92814152966947
79,-17.7322406672229,-15.8309198451964,-1.36602267839373,-0.478853666441678
80,-22.564330299578,-20.8859688606343,-0.762862925122564,-0.656421975929591
81,-24.2923409827272,-21.9707597438872,-1.64251749605532,0.113441238545852
82,-28.5881865154639,-27.2873730670682,-0.720511863816123,-0.921214128423586
83,-28.9111130639104,-31.319896868257,-1.02188587171435,-0.327172854829659
84,-35.9282673191367,-35.2584216330517,-1.27482065063221,-0.573001940686465
85,-36.8080587749062,-37.4259920706948,-1.64545700614613,-0.979456803415497
86,-38.2653531374333,-39.5561195241153,-1.01570923955365,-1.18254157660092
87,-42.8927700451964,-43.9960075274706,-0.425373080634955,0.0326327239644782
88,-46.5323682614258,-47.8972598550338,0.240306798188977,0.0863771011410775
89,-49.2712791032121,-49.9136669615561,-0.662856338987824,0.526251122046487
90,-50.9399699779945,-55.0686205972688,0.41565221004349,1.24040941935403
91,-52.8540131627471,-59.5043442553761,0.463563034442063,1.41339767622132
92,-56.2910862578947,-61.0518127654503,2.08598548330513,3.22491059022201
93,-58.4896380836248,-63.0562450425579,2.43313327604473,3.80941744276518
94,-61.4376975520332,-64.7298171916329,2.52281675391936,2.9175439536529
95,-61.5401333746052,-62.9840199268122,4.20575089031601,3.92810544628849
96,-62.3074838099037,-66.0940406368997,5.7043333680823,4.20865609808901
97,-64.4171469840721,-67.3944695392566,6.82920325304851,6.19672779824678
98,-66.836366959399,-69.5877172635509,6.7165309818208,6.15405336987185
99,-65.405179017906,-69.4559880800671,7.81276997587548,6.27246021647655
0,-63.8049050649186,-55.3685053383664,6.52025837708628,6.44558960829351
1.01010101010101,-60.7761615206999,-57.2114689472689,6.36117865350222,7.14651459287486
2.02020202020202,-60.6018229171096,-56.3554218373271,5.95577499393518,6.66711013102292
3.03030303030303,-60.0470334184604,-53.0943101461699,5.28661675448483,6.61650528901573
4.04040404040404,-60.1503395396693,-53.6251951957088,6.88781953105693,6.99913894851564
5.05050505050505,-57.0003410069429,-52.4583767332376,10.1895803476997,8.92666497040332
6.06060606060606,-53.1574936812185,-52.4693549773039,14.0982347792373,12.4049372168281
7.07070707070707,-54.0135537773612,-49.3299262306471,20.9196987322366,13.448762120823
8.08080808080808,-51.6161491785844,-48.1352121050765,23.3135486825329,15.078241490588
9.09090909090909,-50.3634901907106,-46.8872831136665,21.752604157373,17.5037426241091
10.1010101010101,-50.3846054493858,-46.1241598329952,20.9874825074207,18.8870519784958
11.1111111111111,-48.0663060823291,-42.8633277262608,21.3428259429412,22.5193364279794
12.1212121212121,-46.4634326922976,-41.628035321331,21.4637090767831,23.115162201024
13.1313131313131,-45.8867987730792,-39.4912562003184,22.3279821424824,23.7853219705872
14.1414141414141,-42.2151250696767,-37.5538229996909,23.5013337035065,23.6935940772953
15.1515151515152,-41.1405579751922,-34.6846882306052,23.7084488587768,23.8501161349029
16.1616161616162,-38.9774351848362,-33.2612162052112,23.4773782761232,23.4241309063216
17.1717171717172,-34.008164664783,-31.8773726972322,23.3374850958573,22.1943662341239
18.1818181818182,-34.8467544204654,-30.8523092010623,26.2623934883327,22.8127478293242
19.1919191919192,-32.4196296343685,-27.4630337341318,29.6271227339679,23.6516579859484
20.2020202020202,-27.8447906919457,-26.7324906630429,33.644440465986,25.5616589436928
21.2121212121212,-27.8296571838818,-23.1981204923982,37.0006339575875,27.998143867579
22.2222222222222,-25.6148015239919,-21.3427143394999,38.1250292696112,30.0969769435976
23.2323232323232,-21.7844749958646,-18.8552817802363,38.8512174496713,33.0163524016889
24.2424242424242,-21.5306946016738,-14.8736228343586,40.1587538383841,32.9761582436574
25.2525252525253,-18.0680835703952,-11.9415681350357,40.4482925205802,35.1329947951647
26.2626262626263,-14.002871555756,-9.04224405401146,40.7162744264112,34.5982862985058
27.2727272727273,-12.6787749011117,-4.4611498323648,38.7432663583551,35.4310772590636
28.2828282828283,-10.3932480003666,-1.23830085019565,39.7121667604904,36.1640059491376
29.2929292929293,-5.32025609665781,1.55790504479842,38.3310590077783,34.6076104291132
30.3030303030303,-4.84871653110977,3.69837165324658,35.711547714862,33.6221827017684
31.3131313131313,-0.229043150970858,7.14204053903917,33.1687572132164,31.2793488400365
32.3232323232323,0.411400299320074,10.7164403930368,29.2463501604335,29.7411406600029
33.3333333333333,7.14137086577729,11.2745333161167,26.3958428319689,27.0090284928513
34.3434343434343,7.28011070385409,17.3678379621155,23.1511277300901,23.8044774532828
35.3535353535354,9.69620350050965,20.4444320267331,20.1814163545963,22.7422180604822
36.3636363636364,15.2601195375036,22.6523306673175,19.4073556241849,19.8817487649634
37.3737373737374,17.3314717228432,27.655883320917,19.1839343752922,19.0408536398107
38.3838383838384,19.592030630052,27.9115857202273,19.2100738294851,18.0437667288806
39.3939393939394,24.3115031884052,32.4818526067974,17.2608542733643,17.6830888786518
40.4040404040404,27.2581946487822,34.5710519899247,15.4734249544049,16.8654789763951
41.4141414141414,29.3709422179244,36.6028471165952,13.1507501711075,15.4047105416413
42.4242424242424,29.9084652205472,39.6722684276253,11.6110120189574,13.2170224780802
43.4343434343434,34.1909790260953,43.6220141919056,9.32373612986794,11.2511906356991
44.4444444444444,35.3925886971851,42.684806968023,5.64763203507403,7.21873779608257
45.4545454545455,39.4614487369833,47.8024358297388,2.88104575439418,4.26984793314195
46.4646464646465,39.219311568454,48.0288555961397,1.70047526806663,1.32023573999417
47.4747474747475,39.9823724874041,48.4518670855297,-0.680183798865613,0.176711915399114
48.4848484848485,41.1094972219639,51.2305170428165,-0.620295538560518,-2.25859779524092
49.4949494949495,41.9656316153675,51.9747678821825,-1.77284206945326,-2.99557895070105
50.5050505050505,44.9522922264978,54.4749804993329,-2.60225902290399,-3.98321454001857
51.5151515151515,45.7376390179541,54.0243232761254,-4.38200054700524,-4.94045734449865
52.5252525252525,45.7956048851209,55.7676053721561,-4.62477520105712,-6.64538072532413
53.5353535353535,46.9921040458423,55.3789654045473,-5.11344010429529,-5.6217196725218
54.5454545454545,45.3148440871619,53.3754829317164,-4.09343559293554,-4.18246605783917
55.5555555555556,44.6345864536263,56.4525832048506,-4.2645093278217,-3.55386812150875
56.5656565656566,44.7356737627328,52.0868445774366,-3.28181471201155,-3.0796931551292
57.5757575757576,43.9681756693154,54.7947514689607,-3.34560425439473,-2.45557329127949
58.5858585858586,43.5989922070753,51.9308068677609,-4.04695378416908,-2.775774369598
59.5959595959596,40.351209095582,49.1528974111641,-3.77037572211184,-3.66145260905429
60.6060606060606,39.2542053073739,48.2866528635298,-3.86844022870376,-4.48170883307993
61.6161616161616,39.6671875952375,46.0197947689262,-3.20232723512558,-3.82491924403061
62.6262626262626,36.0053132908185,44.2592125407825,-3.90778587863822,-3.2060031042825
63.6363636363636,33.8127667090816,41.0758641079441,-3.69363382831138,-3.95622078822697
64.6464646464647,29.665797399711,38.62837177946,-2.59084494932802,-3.61852000482513
65.6565656565657,26.7044025570367,37.1473125443516,-3.69658057938156,-3.75242327310695
66.6666666666667,25.0686260116122,32.6196589152508,-2.25464974473327,-3.46676966565207
67.6767676767677,21.2884096163454,30.8487589325287,-1.25914967416526,-3.16815354647509
68.6868686868687,19.3020326484956,25.442201648191,-2.86549011537591,-3.04147676861648
69.6969696969697,16.6583000910279,26.7965952804088,-1.92791905686337,-3.21112568751366
70.7070707070707,12.8308441618729,21.0824454863812,-2.72346881456949,-3.01495557255213
71.7171717171717,9.53631960987776,18.6475994121905,-2.78772964019701,-2.02202194849166
72.7272727272727,7.3963517431164,15.3910814156482,-1.68662733788124,-2.13734435305841
73.7373737373737,4.13890761837594,11.732584253464,-2.15849866453417,-2.59104198189465
74.7474747474748,-1.9020490486243,8.4847013985789,-2.27571339650024,-2.68927344204689
75.7575757575758,-1.82628794338843,5.83892543774269,-2.04396158423053,-2.22093646475923
76.7676767676768,-7.00540718841657,0.625507079323487,-2.57176092891908,-1.98871060371433
77.7777777777778,-9.60118700885621,-2.23721858874585,-3.01537853677137,-1.97031654422155
78.7878787878788,-12.3798283370621,-3.91122505495804,-2.90509043272148,-1.51809300951953
79.7979797979798,-13.4620628332748,-8.00878849441423,-2.43656723400761,-0.651419593615782
80.8080808080808,-18.3282966980188,-12.9769912783618,-1.43261716416276,-1.2171822023828
81.8181818181818,-23.5095212043995,-14.8844553057684,-1.21691712877226,-0.421363361652098
82.8282828282828,-26.5685299230361,-17.4411812776341,-0.529952150105317,-0.115238039750159
83.8383838383838,-28.7817058258179,-20.867728723421,-0.611191534599429,-1.15233191922526
84.8484848484849,-32.2253998340181,-25.0110201408187,-0.883179479081523,-1.0580516364468
85.8585858585859,-34.727157926593,-27.8183989239313,-0.591638444431108,-0.330203963686069
86.8686868686869,-38.6163660852715,-31.4227137664791,0.566047383270148,0.279526246873707
87.8787878787879,-39.3056660443623,-33.2005000193694,0.11123608143805,0.421031961954329
88.8888888888889,-42.733146613517,-36.7660977538526,1.48236563808327,0.347021791385988
89.8989898989899,-46.1193422303189,-41.2714711993892,1.47694107023915,0.794842547765321
90.9090909090909,-50.5260735375956,-43.4942205129844,2.09838538520175,0.596908104643053
91.9191919191919,-52.8588407227567,-45.8993164689063,1.43169382677836,1.31319357332505
92.9292929292929,-54.2316080607058,-49.1832417069695,2.07907098886087,2.2981983256735
93.939393939394,-56.5759099240819,-50.0439776444539,2.84652892557149,1.83438322840605
94.949494949495,-58.5815172303777,-54.3400871760558,3.77123442514167,2.170894138984
95.959595959596,-57.6136623238854,-54.9167869235064,4.27733126904247,2.54800730845978
96.969696969697,-60.6854967387384,-55.6711391806128,5.2727053013284,2.43025013746103
97.979797979798,-62.5555253798192,-55.2251003128674,5.42848371560304,4.01111404591742
98.989898989899,-64.3362237664696,-55.0924243451894,7.5902531130458,5.18554260031241
0,-62.8147987570931,-69.3498890082306,6.43150755899614,8.69541390827652
1,-62.7570382013855,-66.2533970206451,7.86976714857057,8.97957392602041
2,-61.320260946672,-68.3359370965686,6.37385979484427,8.56066695095923
3,-60.7893381431193,-66.7528200976598,5.97160761167983,9.62982701112517
4,-58.1511231889074,-66.1478397616042,7.63178815296948,12.5969768713714
5,-56.2978451947292,-63.1207545520494,9.20269994662072,15.7602645475403
6,-54.5478012669152,-61.8277876327497,12.9645104278951,19.5800501805346
7,-53.6483079169948,-60.3359607431977,19.0026127652689,23.5811058948339
8,-53.4612255443597,-59.4142388709305,24.6939715311895,27.9383922090572
9,-52.8823156501549,-56.7301627318157,28.1251819277102,30.6285048035642
10,-51.3824448841794,-54.422494455447,30.755133562219,33.2682016926754
11,-49.3286594332079,-54.9642355830565,33.5243552337383,34.6653013635872
12,-45.9602048694715,-52.5511899415813,36.4250589075496,36.5687645861016
13,-46.1749576606417,-48.7195615710643,39.6748480649961,35.7379893644551
14,-42.5616921320541,-49.4609094218044,41.7627677102974,35.391418868981
15,-40.9140752825421,-46.5388235093076,44.6119462841426,36.9308242357612
16,-37.6786646114281,-44.5938567832369,45.3854277370877,38.2220231749978
17,-38.957093969391,-40.78545934699,45.9246898233958,39.4681563520585
18,-33.0299695724013,-41.1574881456481,48.2570140595988,41.8854198043674
19,-33.926332261748,-36.2535469167168,49.6336954547787,44.2077350531202
20,-31.1122285640248,-33.8550250022416,50.1651103775229,44.0809672429274
21,-28.4388939610086,-33.4103153271014,49.2160160948417,45.1787122113837
22,-26.1253588423386,-29.0530692968616,47.4049167031848,45.053735098263
23,-21.1557412661489,-28.8712541969422,46.4624488739067,43.8123064153213
24,-21.962513537334,-27.4942507364688,45.3955416302502,44.2252781019005
25,-17.9737513996289,-25.9061011818184,43.1738798162898,42.6825941889317
26,-14.7590517530965,-20.4099011915187,41.1735286465204,40.8409170250707
27,-11.4378026287468,-19.6379981875437,40.3317098682948,39.9427832446088
28,-7.32289437185049,-13.8124319955288,40.4846549048752,38.1553454716687
29,-7.02358534836006,-11.8404854310151,37.3804418362053,35.8428153455032
30,-3.33366619165492,-9.50740727868759,36.1564054823434,34.2886213500328
31,-0.93334285265793,-7.14351064529658,34.3081154825411,30.9446658498026
32,2.40988943855733,-3.27298697098488,31.7851725577095,28.4829999363504
33,5.97749287890532,0.699357004693789,30.5112212172992,25.6481724098028
34,9.24723824117652,3.04685319325835,29.0106129715601,22.9674440061568
35,12.8725252146954,6.02591221840526,27.0184040761935,20.6077570314382
36,16.2626070400584,8.86094835968207,25.414302864158,18.6662390777263
37,17.9227127696149,12.7008825947319,23.874472270181,18.2102136539415
38,21.6854436278028,17.8568619369652,22.089493792397,16.4330264719177
39,27.1867101028531,20.1797165602163,19.6097437175928,15.049707135373
40,27.8264328375411,22.2648804156348,17.6509902566679,13.4634267633005
41,30.8161436294889,25.2792346209351,16.6677513980118,11.7018001064338
42,31.7197181417567,27.38252923411,12.8574676317521,8.19248498050578
43,35.3785405036701,30.0624880271475,10.0836853893527,5.77887881942075
44,36.9959979291085,34.0516481914814,5.97047886248346,4.17747378118764
45,39.096797000492,36.6275297206477,2.87030502834356,1.68870239420535
46,40.5396043032674,38.8642548429705,1.51762976980541,0.680856390288651
47,44.746963950975,38.359875482949,0.139728219823551,-0.544474503380946
48,45.6678494890456,40.8322269088854,-2.05732229917913,-3.17481049471992
49,46.1055978330079,40.7812869966272,-3.16789380076442,-3.71615796657248
50,45.2114923728952,42.1995959769616,-3.78739328827016,-3.38013263797781
51,41.8886524180485,42.0988878392288,-2.86664017100357,-2.38298141390067
52,42.8734633105448,45.6404503513313,-2.68189674380349,-1.92461525054543
53,42.9305624003142,44.6254438666683,-1.19373723898043,-3.133226073933
54,44.1127809832981,42.9376012140389,0.247582230255887,-2.02845006620451
55,44.8894385492693,45.1987702707723,0.334812512330193,-1.48710008630556
56,41.5150346497835,45.3811594323572,-0.990035693228121,-2.98364889633378
57,43.8841625124885,44.052710220185,-0.899164668088589,-1.87537497039919
58,44.8529570453399,41.3178078466706,-0.858607823573373,-2.29960786121857
59,42.078506904773,43.2294494411027,-1.72614099554344,-2.23765166819747
60,41.4179234003845,40.8056834348518,-1.63925963877342,-3.22868167688692
61,40.5515860393333,37.1056632013787,-1.82881649395817,-2.19722010617529
62,37.3543812094293,36.6314719585631,-1.41830690734505,-3.26968149540001
63,33.8153409066819,34.3896676664784,-1.59236500357707,-2.26625963128198
64,31.1127514357382,32.8416830182882,-1.62676520510827,-2.93707319239879
65,29.7045447346998,28.5537881564162,-1.82388192160621,-3.22959711732387
66,24.3970452335297,28.0867561280557,-2.26623616206831,-2.50921580691876
67,20.1004197035214,24.861396406218,-3.48062153538349,-3.86776223151865
68,17.5923582700739,24.2962574371097,-3.47166586960798,-3.41138363850947
69,16.2579670681368,19.7399810299144,-2.94540351390275,-2.37442178819311
70,11.2460388038553,15.8728279054418,-3.23916558499528,-3.22349608299595
71,9.76106089922797,12.7586822306327,-2.78544302372179,-2.53604021418131
72,5.82724455498143,10.9071133312487,-3.38944608658059,-2.5796776542427
73,0.161379446947115,6.1401163043337,-2.37184792552854,-2.3424807231388
74,-0.437710795608246,2.96210453258554,-1.92465273014794,-3.73370276452404
75,-3.26998286617244,-1.6506316358798,-2.22663241975868,-1.91164258675257
76,-6.61395935490037,-3.48898936528037,-3.27588143920776,-2.40114576842105
77,-8.36263037819901,-8.00434445764327,-2.17106902356214,-1.40867104674915
78,-11.8653764863409,-10.3859702335128,-1.24894363671769,-1.35729299644628
79,-15.4472210523206,-14.632893935063,-2.00836380668076,-1.26812729332753
80,-16.6331054773741,-18.4476471430472,-1.50831074565616,-1.05990962871874
81,-19.9796184477772,-22.6132512345851,-1.44183463087312,-0.467102215249449
82,-23.7106986189047,-25.9767516103145,-1.37253702247403,-0.560654520634174
83,-29.1630098453777,-29.3616163227844,-0.679305896666823,-0.902722660132774
84,-29.9222486191824,-33.1419301254747,-1.25696482401828,-0.387195056251106
85,-33.34625841242,-34.0064532103017,-1.57155391951713,-0.490245638419025
86,-36.3351028234864,-38.3987873353858,-1.50701439640063,-1.70040104449205
87,-39.1704080668526,-42.5970704002372,-1.09493463159639,-0.63271423916708
88,-40.7625581483473,-44.2505508137628,-0.846483118271069,-0.349756421512243
89,-44.8933832917672,-45.846680391246,-0.602358788956371,-0.36299144718261
90,-49.1125668380624,-52.9162614498623,-0.0757439925665062,0.994017089040788
91,-51.3577507798832,-54.467120651168,0.905083915079804,0.869896115843409
92,-54.2225297953257,-59.631573166808,0.857986229351541,1.90579374449643
93,-57.6964782863674,-59.9910869304039,1.07618511350192,2.39850884045432
94,-59.4344814653346,-62.9881402919155,1.97247261956744,3.26862117697673
95,-61.7887405636009,-64.8588198060625,3.23071152750313,3.52629717016903
96,-61.5523807328354,-64.3816926283251,4.46612385352307,4.65526090066707
97,-61.5776236605339,-66.4022577243633,6.02712981717507,4.65533700799824
98,-63.731132270026,-67.2774710646078,8.88022536801179,7.88141428003477
99,-64.9510379601879,-69.410044754959,9.92384192391769,7.25388728796888
0,-63.1031203917929,-58.9742114167274,6.90992621531629,3.98922561579062
0.980392156862745,-60.1239719009053,-60.6840589376341,6.828510140849,3.18829623152128
1.96078431372549,-59.46412049346,-59.7811937341564,6.27666485734616,2.59549508884129
2.94117647058824,-61.8450993548594,-58.0458889428893,7.31498014296168,3.66646847517736
3.92156862745098,-58.0567184787394,-54.2118337410666,7.86313644586391,5.71180681452547
4.90196078431372,-57.854095277263,-55.0453118438775,9.03268368565379,6.43739528662807
5.88235294117647,-55.6524056712364,-54.1505051175185,10.9118507053736,7.88980068683352
6.86274509803922,-56.5259371045745,-53.0430979081631,15.6847876151034,10.138351357056
7.84313725490196,-55.9974801680615,-50.9078992899463,20.6567789514662,13.5128557230117
8.8235294117647,-51.5443060981166,-49.2406646419968,25.4181872364107,17.022537918659
9.80392156862745,-50.6777295260387,-45.5877769134069,28.9073108469478,20.0146926643081
10.7843137254902,-49.4823918774193,-44.9344127865349,33.8106796656398,22.3478050441022
11.7647058823529,-47.1176946635472,-43.2474969948292,35.9272668189035,23.2957144737817
12.7450980392157,-44.8514781206442,-42.2999646189743,39.4846502384611,27.1223566438272
13.7254901960784,-44.6372116540324,-41.4035101520529,41.4933469441025,28.3775537933243
14.7058823529412,-39.7789911021251,-39.3769093627414,43.4507932575852,30.2495091860396
15.6862745098039,-39.3742000115871,-36.0448675327044,44.3230301330583,31.9720208058136
16.6666666666667,-36.0225718005339,-36.1618952207763,45.635152392349,34.7422673522733
17.6470588235294,-35.3021231684945,-31.5048437320212,47.7460797262182,36.4738064955753
18.6274509803922,-31.6357367628141,-31.5265275863847,49.1286902286668,37.8842842764155
19.6078431372549,-31.0231171695911,-31.0145592635516,48.6229054069433,39.258027400279
20.5882352941176,-28.4904233980308,-26.8243302900211,48.6920122710127,41.143687152989
21.5686274509804,-25.4968433406908,-24.0311313487677,47.8955147704263,40.8681477241092
22.5490196078431,-22.864944731591,-25.9576242634152,46.6867682934348,40.7245675628393
23.5294117647059,-20.3967666390079,-21.3133615524172,45.8628236399987,41.7728615625611
24.5098039215686,-17.6815752564917,-14.9782300386826,45.2302894911968,41.5175655021805
25.4901960784314,-16.7340888686594,-14.9398786722515,42.4461382731551,41.9145859181677
26.4705882352941,-13.5811694338605,-11.4446136536755,41.4875104470441,41.7170225515942
27.4509803921569,-11.5434249690397,-10.0807941726067,39.9591381447189,42.0735396637374
28.4313725490196,-8.06819151609572,-5.30240981226138,38.2299649085755,41.5100532212023
29.4117647058824,-7.49089499449252,-3.10496119516291,36.4704464069417,40.5764093674446
30.3921568627451,-2.99848113922484,-0.47097707516452,34.3027758245419,38.6696224231434
31.3725490196078,0.873131819916518,2.42340981799521,31.7159987130706,36.5149730328152
32.3529411764706,3.65080740341114,4.29635386015162,28.7992688966262,33.9548375758984
33.3333333333333,5.15971531050008,10.0964287231055,25.3146537850457,30.0011405797292
34.3137254901961,8.76564192333955,13.748242502403,23.3607728256999,26.9761238113359
35.2941176470588,11.2823414343024,16.3065595167164,21.7323651643045,23.7735120330577
36.2745098039216,11.7183343498621,18.1009276595357,17.6671030775863,20.8146747055376
37.2549019607843,14.7623082875802,21.239928137566,16.8121327510982,18.4437907488179
38.2352941176471,19.5453552356865,22.7800501022683,14.2776682664096,15.7378880666932
39.2156862745098,22.1970405649925,26.4800438621541,10.9890524030974,13.2451171228237
40.1960784313725,23.3273291244697,28.2801530625173,8.50702482402083,12.5957238160402
41.1764705882353,27.6824577286969,33.362302245924,6.01805861905384,9.08653923750571
42.156862745098,30.1158070549827,34.0530170927276,5.31552355119536,6.271397242504
43.1372549019608,32.7132774644772,36.1037421243246,2.78356243373995,3.83035325357819
44.1176470588235,36.3366080546128,36.4702510123488,3.9724596506235,2.50674794129651
45.0980392156863,34.4039654567941,40.047395059432,3.36216692906856,0.6858817671012
46.078431372549,37.7897566706503,41.7565101239578,2.71367550374751,0.752404386788538
47.0588235294118,36.819288562249,44.7260423049741,1.70422704777181,-0.0728761125134758
48.0392156862745,37.6289298766747,44.9721538450275,0.939442042067449,0.013742601365108
49.0196078431373,40.8967278525733,46.3661084778091,0.32308107922662,-0.943278188185694
50,41.3563150743585,45.5001877967359,-1.26534821973313,-3.02587635687357
50.9803921568627,44.4988599628395,46.9990611935803,-2.95407976984501,-3.08240919331429
51.9607843137255,44.8272639770838,46.0525190128691,-3.18394246657298,-4.33698495035007
52.9411764705882,45.2658136539726,46.2182244995237,-3.71089519958186,-4.39708046408247
53.921568627451,46.4396874959885,47.3704291199183,-3.72578404927732,-4.60397491219984
54.9019607843137,43.6404007819169,48.0998288703593,-3.54622944700689,-4.34465724986799
55.8823529411765,41.2676979971681,44.4556958119777,-3.25559566418457,-3.02821816317473
56.8627450980392,40.7684881626378,44.8407961828544,-1.79786568229176,-4.15799680077544
57.843137254902,38.2932805049091,41.624646290252,-2.17428441649859,-3.0079901332168
58.8235294117647,36.7839366277098,42.5032518882253,-1.6905727032058,-1.73841053351883
59.8039215686275,32.0688029603712,37.6493098989582,-2.13842384699423,-1.78180256067151
60.7843137254902,32.9132984414202,34.7535031736767,-0.8107896428742,-2.05284701229594
61.7647058823529,30.5059762769381,33.3558811477391,-0.736516244309413,-2.42206075635286
62.7450980392157,25.6144485173144,29.6589376033593,-1.30396135287008,-1.81201618821815
63.7254901960784,24.7911317601987,27.851016597633,-0.0259850375170672,-2.03342260955802
64.7058823529412,22.6633957571614,24.5399664001579,0.144135703509729,-1.76276630255577
65.6862745098039,19.0884671409701,21.7936946135052,-0.35742902536768,-0.593765983774702
66.6666666666667,16.8160520517877,18.7695498179935,-0.134893131968865,-2.14847816516982
67.6470588235294,14.27221453615,16.1622467820864,0.381468390473184,-1.3612733739892
68.6274509803922,10.6163102163626,15.570211932312,-0.138952375395639,-1.48012873519967
69.6078431372549,8.8308245520422,10.5173264805556,-0.359088382823108,-1.67401593314978
70.5882352941176,6.26874600614173,9.90398425021475,-0.9288733984721,-2.60865045177748
71.5686274509804,2.57396672290099,6.42098118766133,0.81706892825515,-2.54489289858208
72.5490196078431,1.55951606194177,4.21181159228246,0.474646222208752,-2.59728798264142
73.5294117647059,-2.46314891962984,2.36711125531313,-0.2274916267771,-1.88642575070543
74.5098039215686,-3.30071283540746,-2.00952238093452,-0.872233722789931,-1.67438371576744
75.4901960784314,-7.96722383277503,-3.73303787515972,-1.38797294453965,-2.07022807526682
76.4705882352941,-9.0708297258045,-6.12394470541229,-1.82420543307447,-0.905115940511172
77.4509803921569,-10.0863486956573,-10.6752889244534,-1.72040692673861,-1.48823333025868
78.4313725490196,-12.831455004991,-13.0677919538403,-0.39766177781597,-1.97645674362986
79.4117647058823,-14.6794413516078,-13.4946618003142,-1.18200861188578,-2.28532842400913
80.3921568627451,-18.4855140871168,-17.3031912419241,-1.25083738440778,-2.46906329381184
81.3725490196078,-21.3553276724778,-20.57112791079,-1.49882387036914,-1.66352830100827
82.3529411764706,-23.8163006618434,-25.2656045204295,-0.818304584737407,-0.996739380206922
83.3333333333333,-28.1016317762417,-27.2228307286221,-0.0858559451296272,-1.21719566458222
84.3137254901961,-31.3632064145301,-29.7657175438739,0.897652137445312,-1.11740326899728
85.2941176470588,-33.8325857686011,-30.6683125294172,0.758075321264212,-0.578837937005707
86.2745098039216,-37.2265029680298,-35.1243594762186,0.898500814026956,0.171987651706914
87.2549019607843,-42.291518464968,-38.8825660519118,1.53013990343134,0.879984127543826
88.2352941176471,-40.5028388366153,-41.8900669425403,2.56064926110271,1.87600037487148
89.2156862745098,-46.8572788451203,-45.1933690349754,1.21068398235009,1.67001569697505
90.1960784313725,-48.6850998963092,-45.9579000416194,2.63209784346553,1.25608922410981
91.1764705882353,-53.2982523626325,-49.7148520547345,3.05532411691142,1.59066897358703
92.156862745098,-52.8930339204999,-51.0840936227932,3.09012959006004,2.48035741110934
93.1372549019608,-54.2619748369634,-52.2259133020816,3.71441793294634,2.59877462437441
94.1176470588235,-56.4886331333964,-56.5396393505381,4.25874007757089,2.66351280036922
95.0980392156863,-58.4860659355878,-56.189887163579,3.92318640474051,3.87577330685152
96.078431372549,-59.8989833962603,-58.2066355063498,4.67597297139967,4.84368513989823
97.0588235294118,-60.5143186863442,-57.9822945439302,5.55416812791797,5.17057997450095
98.0392156862745,-60.2706646858674,-56.9044770769215,6.22654014563562,4.83426738008006
99.0196078431373,-61.6797202798762,-61.4291301714087,6.67889263784607,5.57409359822696
0,-66.0812524581502,-66.6291788912593,5.1583625996606,6.16036694112923
0.99009900990099,-63.8040809540106,-66.3233947695841,5.84473288891709,6.93472788686287
1.98019801980198,-64.3307487243737,-65.895934806525,6.91737963566956,7.27720853726584
2.97029702970297,-61.9456269343529,-63.7510948563374,8.65065094655757,9.48921895001065
3.96039603960396,-61.9981118515118,-63.7446968724206,13.9983809165252,11.2978725854985
4.95049504950495,-58.5416803896113,-62.4432860270952,16.6493079786311,15.5985050441466
5.94059405940594,-58.3678675406319,-57.9056241985629,19.2912392123111,20.1676346117587
6.93069306930693,-58.9425691291561,-57.7707056743985,23.9353219352702,22.7587064249721
7.92079207920792,-54.9142998311453,-56.1411547732175,26.1791096499638,24.3940512482593
8.91089108910891,-53.0517093664642,-53.4476674118192,27.4224113605598,27.7135945593825
9.9009900990099,-51.8022474393835,-52.8815539802931,30.6162254070485,29.3652215391455
10.8910891089109,-48.9784635778642,-50.6292165215379,32.6488905466182,30.2710768932784
11.8811881188119,-47.9339716392233,-48.4777421729581,34.0935087750092,30.6694620957085
12.8712871287129,-46.36465712126,-47.9910424365816,34.8117630400058,29.9778932465963
13.8613861386139,-45.6974134922072,-49.287879741652,36.3612136802467,31.1487849240119
14.8514851485149,-41.4559783491765,-45.0967210246104,36.1751350636585,32.8662460813358
15.8415841584158,-40.4873968196714,-42.5394963338255,37.1738507359419,33.4118304424576
16.8316831683168,-37.6697732045284,-43.6445807982928,38.6850582101859,34.0910012403851
17.8217821782178,-36.8661444337622,-40.6443211292016,37.7609872494893,35.9632331335478
18.8118811881188,-36.5243441957647,-37.8240463812884,38.5232668274131,37.4125781350043
19.8019801980198,-35.3522950528496,-36.3028433513601,39.1431006119341,38.6947229719175
20.7920792079208,-31.1347321346702,-32.8203176795129,37.3675322747006,40.4999849439103
21.7821782178218,-30.0768835713659,-32.127904607405,38.0479388584851,41.5156404308822
22.7722772277228,-24.4065008611105,-28.3148276455599,37.2122160501102,42.0896791226143
23.7623762376238,-24.2157753008973,-26.7136048454898,37.5829172904278,42.8393903921346
24.7524752475248,-20.7152302090479,-23.9196792148559,36.7584291096829,41.7946941975641
25.7425742574257,-17.8266195486054,-20.7849719902037,36.9387211921185,41.020660520407
26.7326732673267,-16.0909318170497,-18.8343553464015,36.2320135208815,39.0898492855097
27.7227722772277,-16.3245220528897,-17.1281616701621,36.0478835241621,38.9555669479733
28.7128712871287,-13.1610265276536,-13.7461563413915,34.5626421996496,37.953814131049
29.7029702970297,-11.1491304569139,-10.5981564175217,33.645719594405,35.8558820361889
30.6930693069307,-6.39186962216583,-4.96230723511841,30.7099141681671,33.1667816377684
31.6831683168317,-5.7366904992469,-6.17739911272494,28.1888408214838,30.5973747874531
32.6732673267327,-4.55564184846994,-1.17463748555115,27.05871236704,28.1498414309694
33.6633663366337,1.00587068742706,1.01591298494909,25.2935866366957,26.5157021201881
34.6534653465347,1.02668834330522,4.51123280725834,23.0221640657194,23.4048737046936
35.6435643564356,6.1529973590421,8.87235635486892,21.0643511259294,21.1834363657977
36.6336633663366,9.2565274186244,9.98913837765592,19.504571365164,17.9624932151718
37.6237623762376,13.2027762970723,13.7666529938492,17.6858284406001,17.2656162594724
38.6138613861386,15.3482987314398,17.8072761544963,16.6349259957842,15.0920821302749
39.6039603960396,18.7754838174276,18.8804675144785,13.9277873687623,12.5363195245687
40.5940594059406,19.1962593761497,21.1962433624693,12.9159384842412,10.7053320279706
41.5841584158416,25.2734455151372,22.9888340242681,10.8873250059724,10.7130949298229
42.5742574257426,26.3364405859004,26.3241069029562,8.31877926970218,8.92127346106204
43.5643564356436,27.2106319598299,28.640137414437,6.42467338272152,7.14839887460092
44.5544554455446,32.6293705672456,32.4375244010346,4.91721397845552,5.92588111665496
45.5445544554455,29.8625709832953,33.8735768023247,2.82452672300775,3.61395890933732
46.5346534653465,34.1624629050226,33.335097987239,0.37233869963077,0.922212953292439
47.5247524752475,35.7183928114078,35.2757880900468,-0.292287725829015,-0.0502083114665475
48.5148514851485,36.3066933736337,35.3338019502969,1.16376185802934,0.118604350890092
49.5049504950495,38.3385710119791,37.6483725376934,-0.64392961657384,-1.84995057651375
50.4950495049505,38.9422997615786,38.8690034422422,-2.00708104375625,-1.56871473929864
51.4851485148515,39.6127039993489,42.5138465338868,-3.32348370359978,-2.5745954333683
52.4752475247525,43.0149473367901,42.9504679463391,-5.28663033386582,-3.30852243865785
53.4653465346535,45.8499422130958,42.5188688905522,-5.28544303478385,-2.74837296316971
54.4554455445545,43.7091407476765,45.5641363803898,-5.69221108326919,-3.4600904049662
55.4455445544554,43.8737490349535,46.8879355692264,-5.8692190102916,-3.2717865382662
56.4356435643564,41.5540368964683,42.4882387998267,-6.11084194043368,-2.8226624748949
57.4257425742574,40.6548034356569,42.2219574962045,-4.28182770471179,-1.94753356225571
58.4158415841584,39.656226484391,40.4446588409781,-4.03983225537828,-2.54187127893366
59.4059405940594,37.117047476975,35.3421327433908,-2.71646139138844,-1.56273299740438
60.3960396039604,32.1687492613931,35.5322987041884,-3.20718891700516,-1.98111456620269
61.3861386138614,31.3181210621704,33.7759370789269,-3.12088280672349,-2.19979593119744
62.3762376237624,27.6074258080241,31.382741441182,-3.7841244814116,-3.11404407299713
63.3663366336634,25.1212486265256,31.1527579007864,-2.95844361838351,-1.89668416460591
64.3564356435644,22.7954867804109,27.5171771733319,-2.42992087671653,-2.05757073408299
65.3465346534653,22.6957376973613,25.0440196917099,-2.46033603295919,-1.87844806803868
66.3366336633663,19.1927393152359,19.8862374709281,-2.79280446935833,-1.19391177533336
67.3267326732673,16.440484746995,19.2165533413751,-2.60002885670621,-2.24564349619166
68.3168316831683,11.7273162224547,14.7882415012223,-2.26179953962437,-2.82327593970186
69.3069306930693,10.8092149587589,11.1796042017889,-1.38575912167819,-1.89004282733971
70.2970297029703,7.40840877820044,7.79602481560399,-2.21917822150734,-2.56470092103434
71.2871287128713,5.36117670347021,3.24020664251944,-1.47642781237512,-1.75325258250269
72.2772277227723,-0.817574224471861,-0.183443355454554,-0.616558883507582,-1.17136371168353
73.2673267326733,-0.580912680745966,-1.11495475746049,-0.943577478454369,-1.20881762858073
74.2574257425743,-5.36506076337825,-3.99015081736472,-1.27591781852289,-1.41399672539581
75.2475247524752,-7.49030013458927,-5.07514500258471,-1.63081544641655,-0.488568862851984
76.2376237623762,-9.58821431786624,-10.4891972300552,-1.56958695203639,-0.590770605028253
77.2277227722772,-14.5682270338146,-10.4102105457355,-1.62808894568193,-0.758669341511417
78.2178217821782,-16.4467576616383,-14.8239402203147,-0.444837951148417,-1.33701862445842
79.2079207920792,-18.4181070161365,-18.2653623709139,-0.0440757102134874,-0.445281234519322
80.1980198019802,-21.7169470870231,-21.4065065958889,-1.10270949968761,-0.810079162420693
81.1881188118812,-24.1544484491211,-24.3847463509693,-0.497612373753094,-0.76054354547168
82.1782178217822,-28.505841669845,-27.0078065373071,-0.927580565228777,-0.490445395826986
83.1683168316832,-30.5306223353163,-29.2891126452687,-0.811640343451505,-0.492812413959566
84.1584158415842,-32.9207515784056,-35.0081260653846,0.159423586919212,-0.817944612053609
85.1485148514851,-35.4619689007178,-35.4551376463791,-0.66280661092815,-0.307529338459034
86.1386138613861,-38.0584431164143,-41.1766164083757,-0.138144719870172,-0.621657793792535
87.1287128712871,-39.6526643882011,-41.8923069485941,1.13850932136501,0.722220564837499
88.1188118811881,-44.2532561352081,-45.2360746055354,0.304357659854694,0.667108249597588
89.1089108910891,-48.1454812212021,-47.6137728151403,0.434941654659997,1.86234561387197
90.0990099009901,-50.9369219883271,-50.8173136644865,1.9815374915067,1.49053786607577
91.0891089108911,-54.2748600649637,-55.6477601813758,2.15736738168049,1.22381267533108
92.0792079207921,-55.785405136496,-56.801003701367,2.09346862477688,1.91541767010039
93.0693069306931,-58.14575529028,-58.9068260348969,2.0428650032673,2.10272054129252
94.0594059405941,-59.9132615215669,-60.7979684053114,3.53543552182483,3.38283440903053
95.049504950495,-59.9700141534292,-62.7532710795399,3.90980169923564,1.60392488046517
96.039603960396,-61.9091762834437,-63.8978991629009,4.04445104201374,3.93190264941562
97.029702970297,-61.9588471364488,-63.4405460780936,5.13634381011956,6.05927123742273
98.019801980198,-63.6466632869125,-66.0069956356198,5.78620731529585,6.94443571865781
99.009900990099,-66.4817902909189,-67.8444482639363,5.99532842249955,5.61170285856059
0,-60.7290555266649,-60.5305752852285,7.12696172477922,5.26881763895609
0.99009900990099,-60.7788897768958,-61.803192767333,8.03996073727308,4.91225423859287
1.98019801980198,-58.1860009908084,-60.2165827633408,9.00076229985424,4.63346191467508
2.97029702970297,-58.0514462302623,-59.0362190375546,9.41721392562443,6.19978364163676
3.96039603960396,-56.2633978988751,-58.3222841441022,10.7881803515188,6.68077351852571
4.95049504950495,-54.7652662826722,-55.5860821796441,13.513097144664,10.1239329656643
5.94059405940594,-52.2302746488399,-53.3565301558158,16.8873554481165,13.3178946187144
6.93069306930693,-50.4214755460289,-54.1387479821718,22.7248872290426,17.6489348657453
7.92079207920792,-49.9815312940544,-50.9040144812346,26.8556467794304,21.2051617273483
8.91089108910891,-47.9252566515191,-49.1936567332237,30.6856985306998,23.3937967902731
9.9009900990099,-46.441020079482,-47.1954172573732,32.5732075777178,25.8660298009081
10.8910891089109,-45.2690459585153,-43.9457048039099,35.5439499892089,27.5631644261191
11.8811881188119,-43.3842180333164,-44.2443733381081,35.8012659822383,30.517878166417
12.8712871287129,-41.0484709689029,-40.419497466053,36.6235534993213,31.2545085296389
13.8613861386139,-39.150721863615,-42.3408518021279,37.9534578432759,33.2761098771519
14.8514851485149,-35.043860140049,-38.2498477811208,39.255413027672,34.8607760027089
15.8415841584158,-34.4552489291377,-36.4792464550021,40.1539066236694,35.2398984436929
16.8316831683168,-31.5846081919331,-34.9876285643047,42.9130266327613,37.2784239368189
17.8217821782178,-31.2577603152754,-30.5903445820068,44.7811090896171,39.5212664872076
18.8118811881188,-27.0114789844544,-27.8213614056116,46.232179839219,42.9156598164856
19.8019801980198,-25.9379252211337,-26.8747880278318,47.8495045918187,43.6588779334588
20.7920792079208,-23.2698104723247,-22.6240243885327,48.3643307713364,44.3927984299854
21.7821782178218,-20.0701701094324,-21.6605473480286,49.1347786292477,45.1807546672291
22.7722772277228,-19.4434080631771,-17.5660809590579,47.0401053652962,45.5012416228432
23.7623762376238,-17.1668581283455,-16.1885348961029,46.8426306779248,46.4759455603211
24.7524752475248,-15.9206228484735,-11.9430193584978,47.9943406646014,46.7247907867173
25.7425742574257,-11.4205335402213,-10.3807325453874,47.5674667134253,46.7082067120611
26.7326732673267,-7.38910262637479,-7.04720058472081,47.4329328114575,47.8878344776647
27.7227722772277,-4.26331870565102,-2.3901714868041,46.1960281712983,49.0277024092425
28.7128712871287,-3.03909246574644,-2.09310389255413,46.8059290284897,48.8875459572472
29.7029702970297,-0.82117158961668,2.85071272466891,43.643979917823,49.5767624892008
30.6930693069307,6.26411808688661,7.04296693987813,41.5738662583893,47.7042156790095
31.6831683168317,5.82311308166194,8.83375777307118,37.2371830392113,43.8863643177229
32.6732673267327,7.06678688868459,10.9150732788775,35.4783220482956,39.9469330139118
33.6633663366337,13.4770454976502,17.3576166754131,30.3844357725318,35.3909379707431
34.6534653465347,14.5759574966477,18.8372293936804,27.4130043137507,29.6234993375345
35.6435643564356,18.5704568496577,21.2652121211964,23.6483045083081,24.7791394563889
36.6336633663366,21.2562537934595,23.0516497311126,20.8264373710777,19.2974432012191
37.6237623762376,22.9184931763784,26.4118614884464,16.9538051780908,16.5058827435335
38.6138613861386,25.9752335544887,29.4151688060979,13.8517840290905,14.054370738264
39.6039603960396,28.3862400175273,31.0619815088221,11.7846221001512,11.2394060037324
40.5940594059406,31.4643879948434,34.6346766439688,9.90893837183838,9.0308811709907
41.5841584158416,33.1964235756751,35.1846972612713,6.16472195491051,5.72588356124397
42.5742574257426,34.9222916614788,36.3084190551739,4.04199294721641,2.62465840518932
43.5643564356436,35.6240528396604,41.0339821671729,1.27952032072428,0.328345652617914
44.5544554455446,39.6778010005809,41.1749548879316,-0.00894120234679875,-0.0460396957392489
45.5445544554455,41.0429266945462,42.7861413539878,-3.28131597329687,-2.47591859912471
46.5346534653465,41.6623062572521,41.1338674346087,-3.51263814663337,-4.35657123634761
47.5247524752475,42.8887843615636,44.8525953699565,-4.02399867967456,-3.24026226841274
48.5148514851485,40.9678707877419,41.6904841457762,-3.29126307924989,-2.76847546368643
49.5049504950495,39.9457902019017,42.6307422869115,-4.01090668473093,-2.60641922387778
50.4950495049505,42.2402106932195,42.4524537141044,-2.64568911258987,-2.04510190894327
51.4851485148515,38.4037922899923,44.6158857792501,-1.92139702805887,-2.0072178669957
52.4752475247525,38.2130013626787,41.8066921221238,-1.96784149952004,-0.645211911936246
53.4653465346535,40.202554870337,40.1828617382722,-2.03758679645933,-1.81274625959216
54.4554455445545,37.3680686340266,42.1727497949471,-1.2221279837792,-1.94369113118099
55.4455445544554,38.0836334816564,42.5179089414755,-1.65905644501322,-1.30696491309903
56.4356435643564,35.426170380683,39.8522180031302,-1.84141848851033,-1.10987492427972
57.4257425742574,32.1802684034227,39.0704096508959,-2.38580331794742,-1.56799385749545
58.4158415841584,32.752986331913,35.700249268232,-2.05235866958086,-3.65477217671489
59.4059405940594,29.600170884671,33.8188383552446,-2.14885564253922,-2.02706402070466
60.3960396039604,26.5997483534232,31.9619549547373,-1.22269302132441,-3.21887135673033
61.3861386138614,25.4609478111339,30.0541726629766,-1.31615672193997,-2.84218867949283
62.3762376237624,23.4936014705464,25.3193288398231,-1.53043103090624,-1.8545176423566
63.3663366336634,19.647111655221,23.4284928752546,-0.261456125421724,-2.08743967502918
64.3564356435644,17.412328708604,21.5410261366766,-0.689374207795229,-2.23218139676517
65.3465346534653,14.8812810567105,17.1308472653772,-0.61545923240961,-2.78953561935227
66.3366336633663,14.1380777958921,15.6106377848539,-1.53699980198386,-2.68642716990354
67.3267326732673,11.3681716864504,10.5549364714788,-0.980023454634373,-2.37323296497602
68.3168316831683,8.27949181187435,7.24695556605501,-1.700413868135,-0.324450737150708
69.3069306930693,7.60809856706328,5.36325573484895,-0.333075629151661,-0.497555685020514
70.2970297029703,3.35334717863988,1.57543688546734,-0.0113748879598946,-0.997148016594918
71.2871287128713,2.62312356596082,-1.29914198451077,-0.942980671817639,-0.735991158385386
72.2772277227723,-1.47681119265044,-2.53009782318654,-1.57459338028837,0.255990393805667
73.2673267326733,-2.88805113585328,-3.5074224928164,-1.20990275671884,0.917572338073539
74.2574257425743,-5.64449169193963,-8.81520172846371,-0.265555886255964,-0.741944481833226
75.2475247524752,-9.86354092913185,-12.029653105472,-0.24411550775264,-0.236608234023214
76.2376237623762,-9.15498776522704,-14.9917991128777,0.107918944727786,-0.687919004886688
77.2277227722772,-12.4686543281604,-18.5359908691829,-0.752162719810627,-0.965827455019525
78.2178217821782,-16.8186894495786,-21.2162168497653,-0.10900424053597,-0.188162978175938
79.2079207920792,-19.2424228018244,-23.5964518710011,0.336743260299637,0.334868839630343
80.1980198019802,-21.333792504653,-25.8561429852817,-0.455396728670332,0.493966198002949
81.1881188118812,-25.79362342267,-29.1641333392247,0.153118799053169,-0.094823339891477
82.1782178217822,-27.6529439266414,-32.7681464575348,0.243666560104749,-0.283092652230048
83.1683168316832,-29.0179938463348,-33.3067564239153,1.0849561224453,0.120005869026139
84.1584158415842,-31.193547490876,-36.65216149627,0.836397181236234,0.452599555885906
85.1485148514851,-32.5021528822396,-37.9016062093377,1.01408757193853,-0.837318058937621
86.1386138613861,-35.6048939498016,-41.0575352045659,1.20832986065674,-0.72625706089625
87.1287128712871,-36.1213192096289,-40.235158456362,0.819286902524871,0.849178348902235
88.1188118811881,-39.8874563325584,-45.8078500419536,0.390210140891989,0.186240347809442
89.1089108910891,-42.8505697166436,-45.6494711501819,1.20180090737085,0.665583590509964
90.0990099009901,-46.2728653142306,-49.4212098144089,1.33764103170324,2.19263649176271
91.0891089108911,-47.8121653735385,-52.0615173626903,3.93057610712065,2.51395199679622
92.0792079207921,-52.8434373222405,-54.139357429126,2.30873664958892,3.13718737611612
93.0693069306931,-54.7376378047382,-55.9899761796645,2.69892937343489,4.02177990686346
94.0594059405941,-54.7177918632666,-55.1832714810398,2.98541471969013,3.76770129599011
95.049504950495,-57.8906883785321,-59.1239807507341,3.7828497575696,3.35134548770844
96.039603960396,-58.4863929436254,-60.0761809159622,3.82336694602118,2.20921754263578
97.029702970297,-57.6575299158413,-60.4137532267855,6.06211407473059,4.0462186283819
98.019801980198,-58.48462629865,-60.5914453138088,5.40415721708795,3.52719982762346
99.009900990099,-58.6470331728574,-58.6916687760829,5.45655329261189,5.60295583418106
0,-62.5837778134831,-56.7467433712132,5.48534548910794,6.22006668150792
1,-62.4397923226627,-54.8026912623317,5.853692579638,5.23388256757837
2,-61.2290168485947,-56.0555595848882,6.37857384997275,5.47824096939092
3,-60.9437806166404,-56.0306417734838,6.33695968980536,5.05886734690727
4,-60.0630028708807,-51.9169999138386,7.56813896810219,7.39585201565357
5,-55.8059165196132,-52.0377384801818,10.2836597555694,11.0595298212274
6,-52.4242581829794,-48.8936443321954,15.4899283372991,14.510855489827
7,-53.3726790954942,-47.7644397265874,18.7161406443171,17.0426042781033
8,-52.6914756025667,-46.9935888139803,18.9334014817782,17.5053786429402
9,-50.0814154277951,-47.9752151878412,18.4189977530699,20.04453868446
10,-46.7102848766695,-42.9786106648283,19.080101147173,20.7543809247911
11,-45.6042191058386,-41.8959772912931,20.3177207172952,22.0073941208392
12,-44.9289455520575,-41.6674796992253,22.0592250478825,24.8766683258977
13,-42.3626144496003,-39.0941152469688,22.5927231462835,23.095722548085
14,-42.3129867202232,-36.3446866284313,22.2818300128267,23.637195930617
15,-38.6198883531802,-33.5018187840958,22.4440837054082,23.6527884259375
16,-35.1090828145224,-33.6413999313671,22.1022640019171,22.8969381808917
17,-33.5711177208943,-30.3064596172527,25.5650124378424,21.527912008685
18,-32.4260028413545,-27.4766926089016,26.5801159881649,22.6508430210151
19,-29.9796958952828,-24.00655707623,30.3839101306394,22.0805053859515
20,-28.7333723084322,-22.9193863065627,34.7458044924519,24.1011837572501
21,-24.9210608277229,-22.0099308512407,36.6926522238098,26.92816243862
22,-22.0304982201029,-18.5961361889682,38.6947199075273,29.087833826103
23,-22.7789467601714,-15.3349024106359,39.1319636200977,30.4503486069301
24,-16.9363049444642,-11.1738821548409,38.7087681586651,31.3399788520063
25,-14.3244823231077,-8.29612656596295,39.3131341490968,32.7699893366049
26,-11.565180258468,-4.43497911432878,38.8931069968965,32.5035088450616
27,-9.52454955495022,-3.28107527956858,38.9780709635706,33.958865153961
28,-4.7157965195198,-0.90179442678291,38.6726812508794,33.187864487126
29,-3.39900196159778,3.4126916992422,36.9753570542005,31.3251665528438
30,-1.12386001639485,6.60050394675616,33.8994971559403,30.0375101026527
31,2.42984682725848,8.64524125922051,29.7673202524113,28.9828424239117
32,2.10317629384718,11.2159817328457,26.257673172035,26.1445351957957
33,8.79708070795527,16.9707303849869,23.4344024034427,23.4214200237616
34,10.6110396307875,16.5412373046357,21.984700752277,20.8951534751237
35,14.7811092639893,24.592791726876,20.8072208657546,20.7721181969819
36,15.9698684060506,26.1819438157047,21.1911267368021,18.4129828380789
37,19.0396022437704,27.377100274096,21.0326483740319,17.6769204754279
38,23.4509557803899,33.4157337786923,18.8998175235402,16.0857851897895
39,27.062414661849,33.3435665586202,17.1139752044737,16.7289531875483
40,30.6209172804496,38.7448207523784,14.0793958163071,16.3998744940013
41,30.6728762077933,41.9187830848382,13.6122427215386,13.7895274526392
42,33.1407362323148,45.0938239330468,9.82446555557297,10.9261814099764
43,35.5828105501415,47.6022551068814,6.78171854797446,8.5112733290246
44,39.8698846153687,46.9792279940661,4.21004551249001,4.96648728167497
45,40.6068180461642,48.0109400071127,1.98980638396052,2.01011985144333
46,40.2725668986126,48.9611054331291,0.95700746743805,0.123737786391366
47,42.7635467915655,51.3714746338181,-0.529409571773275,-0.541719271758762
48,42.5185720646548,53.1545450461348,-3.64571619023205,-1.13863650921327
49,44.1655425171362,54.4137054526524,-3.86949869390169,-4.12825024060273
50,47.1110270528038,54.5431467525836,-2.74514883991542,-4.74825573600445
51,46.9682522580538,55.4584979563709,-2.71667237288939,-6.71131436581632
52,45.9258013496342,55.9256648331366,-3.49277652199208,-5.34008656596717
53,45.6318037431293,54.6303180709786,-3.95501438238597,-4.50253928045839
54,47.8184878278438,51.9767216371348,-3.29150690866061,-4.66837571028885
55,46.113247115347,56.3308341479177,-2.803781020029,-2.77252907194368
56,43.0408028065485,56.9581018527319,-2.27597230700819,-1.97400110330652
57,45.4507780613095,53.6605022753758,-2.14278380014765,-2.97924665531223
58,44.244227986394,49.807618039001,-2.58226919564826,-4.10531776840927
59,43.4449047690453,48.7858055494508,-2.96290003884993,-3.45991892889091
60,39.227990095287,47.2631560445312,-2.6932638154422,-5.14453419797513
61,37.8333338071787,43.2964839530487,-2.48837025582165,-3.65165285534517
62,35.0293834764107,44.6876902456904,-2.7571676484637,-3.16170830527771
63,35.1694585247077,41.8981409170435,-2.39471480207618,-4.30913531795313
64,32.3661382416118,41.2609025281964,-2.67633817526806,-2.681840440182
65,30.4482832908027,37.7907046041,-2.25793402383611,-3.21231436111159
66,27.0449173929272,34.7044043743779,-2.91935918201877,-3.12674536512208
67,25.3472749391506,31.8441478474351,-2.04457102784706,-2.94693346600401
68,20.4600217104366,30.5528431793173,-3.22448469415376,-3.4327339184404
69,18.112445864573,27.095318859907,-2.48750349080135,-3.29439491458521
70,14.7432049626408,22.1183956177944,-2.48410265371777,-3.21167649117578
71,12.8235545312607,20.0627647187042,-2.75271570030385,-3.27771831949801
72,9.72377533667277,17.5931130720411,-2.49899290609983,-1.7489913272415
73,7.38297826258231,14.5632994269857,-2.69976620298839,-1.97786280363595
74,2.40443155940212,12.0136344378472,-1.48415468626883,-2.14694466905278
75,-1.76437701458993,7.74692315827573,-1.86530018082698,-2.33641853633039
76,-3.21470058942886,2.83913577900567,-2.5538971133909,-2.58863139830154
77,-4.62709675425594,-0.525053746822216,-2.49330836262242,-2.52836431060971
78,-9.12927384280031,-1.71685289879214,-2.76410718570362,-0.577927726731565
79,-12.4418166351079,-7.99486617349272,-2.04106054772699,-1.42039995187446
80,-14.6497091466295,-7.76018379647696,-1.61463275094517,-0.909969145118556
81,-20.3202533167191,-12.1347048697592,-2.27131831242349,-1.00316123644031
82,-22.3015472234317,-16.7978523017731,-1.70227945223137,-1.7725175701781
83,-27.6621098489236,-16.9444854042168,-1.26325619547223,-0.0371226839453829
84,-28.0900915566703,-22.4969404604096,-0.944578318976977,-0.994568295661352
85,-32.1911605520248,-22.4101789647409,-0.515322396516636,-1.2615023623242
86,-34.4130285836957,-30.9568224402768,-0.855006657813058,0.176796711120008
87,-37.1948240183744,-31.1132603346534,-0.284941508929486,-0.0037335507391707
88,-41.451457911108,-32.5991022710981,0.202572573074319,0.443696150519025
89,-43.9350002732263,-38.6970184943014,1.18648554582883,-0.159361442182497
90,-47.4633339935486,-43.9277527159923,1.01107886843281,1.77639953815279
91,-50.4441872554884,-46.4791368359086,1.00133549572236,1.71072014585019
92,-51.5672442665542,-46.3173861933349,2.95734387195043,0.975961786118976
93,-53.562752761451,-47.1040917255068,1.85189088840861,3.21124954109765
94,-56.7908030328843,-50.8094369081889,1.89968005756375,2.42554630812813
95,-56.9134080377236,-50.0204736296863,2.93028377529575,2.63588345775192
96,-59.9158619528163,-50.9138158956367,4.36761760961819,4.54838651423147
97,-57.7130514711311,-54.081251592503,6.0513038770843,4.51439122616897
98,-61.2210291544033,-54.8908198251631,6.20868896481226,4.87500674755574
99,-59.987776142856,-54.7048532611836,7.65847534247924,5.2655685791512
0,-65.1023886672904,-67.5059595899615,3.36476096011035,5.72894861628609
1,-67.3311001907042,-66.8033190061166,4.95579372559662,6.34243876722423
2,-64.5426787177493,-68.6164822439973,5.12816202122408,5.63464037826297
3,-63.4608002819152,-66.9014874337479,5.66042578765993,6.82465109190601
4,-62.1717863356213,-64.4966338478335,7.68809609621764,7.68958562130603
5,-61.0907921270479,-65.1245433493852,10.9427562533449,9.50698908208646
6,-58.5318418179384,-61.3362503890859,13.4524748956483,12.5861569801185
7,-57.2643148483338,-60.1799590168814,16.5668005673192,16.0300477622118
8,-56.2197523017284,-59.0373101085601,17.8421627758063,18.9144197687497
9,-54.3982361698912,-57.9290303716013,20.6333710251497,23.0897231911675
10,-53.3955033174198,-55.2130039495794,23.9650454475923,25.87935098047
11,-51.6143836359424,-55.1106386499952,28.6960952757949,30.037710323892
12,-50.7247072218897,-52.4966016298075,32.4538401817979,31.8681712929267
13,-45.994051427728,-51.6718997667026,34.4311668988583,33.7948824437059
14,-45.8549023217515,-50.0316729817749,36.1923145534176,35.5538042859096
15,-43.3162270342767,-47.8205101103304,37.6274569760399,37.6441938689965
16,-42.3889723892037,-47.6002376106985,39.2391938660622,39.8249312347377
17,-39.7421508736014,-43.5298134204115,40.3889928493009,42.9382814364562
18,-38.3758558004897,-40.8684669604086,43.4935818316803,44.7556323426147
19,-36.6006795107496,-40.9895189269849,45.0262695658862,48.3332647317389
20,-33.5689517355833,-38.1043863842843,45.5346446327513,48.6570205246623
21,-32.3755278043451,-35.7402810185945,47.4652158590335,50.1919440289239
22,-26.8610573196871,-34.3069926434082,48.2525447613683,49.1939930472581
23,-26.3298613591419,-32.0419112012416,47.2930146653366,48.3436813433397
24,-24.2199273839033,-29.168228528693,46.7282417511111,46.8851720220389
25,-23.4999787377934,-25.6951280224711,47.1951955192537,44.3161074877557
26,-19.9832144461314,-23.3832631276188,45.0792203516993,42.6729221855223
27,-17.2749644775404,-18.6903012608559,43.9074341894537,41.593759867973
28,-14.9217670186073,-18.318419902989,41.3196229750076,40.196975663553
29,-10.6774549325997,-14.4144173099032,39.1286738222637,38.9837089355666
30,-8.18767066922035,-10.9755665941988,37.285633762894,38.7225889504446
31,-6.10058554917311,-9.96462629375342,33.8312315583768,36.5248198059924
32,-4.11463912187838,-7.87876396345385,30.4970594165904,34.2171321310118
33,-2.06502198991439,-2.54884658412825,28.1293920603362,31.2746651008903
34,2.19167198922566,-0.7388378731547,26.1630247253824,29.0894650370265
35,6.56588668747543,3.02622860852604,22.9040731581383,26.8906651324718
36,9.78720513361426,4.19462653452899,21.2233447232161,24.7906477450638
37,9.54714073960937,8.2223198763094,20.5372420647322,22.5480985624712
38,15.3836560801317,10.8591350309291,19.0149282479737,20.9259884770314
39,18.5949873235013,16.2500697639891,16.5639993883362,18.4575212416786
40,20.530171865264,18.2136303641884,15.9477383194564,17.0778618881692
41,23.5532748121143,20.7211991741445,13.1298864461983,14.2398397738195
42,26.903430514755,25.713581414954,11.8317700660293,13.4195002836263
43,31.471772051678,28.5087097418838,9.32901795722892,13.096892471315
44,34.264514832236,28.0555970549789,6.62531039982361,9.70790270952655
45,35.5278624902438,32.224115279919,3.77178063623494,6.35322028264312
46,35.7235880203238,33.663858847464,1.71437156039956,4.10879653501771
47,36.9969378660718,37.0008254157366,-0.149110075872528,2.76762098023535
48,37.9588770464058,36.521356052757,-1.04067437277268,0.554468388742665
49,39.941253473924,36.0640858206904,-2.67311271026957,-0.095288981123774
50,42.7071229617639,40.1592826064025,-3.45093883325459,-1.93704204586774
51,40.8782836666746,41.0210796503037,-3.64166741724519,-3.71282198252838
52,41.1301675249935,41.3866428420023,-3.35130357720059,-3.86877353938845
53,40.876972986297,42.2742881034788,-3.76006536505256,-4.06637756990846
54,41.6742481271993,42.7558091331862,-3.77954691975127,-5.01137538506277
55,42.6662079159907,42.9609309714675,-3.9730859316272,-2.45895866532306
56,42.8039524704934,42.5602485977158,-4.59738892958442,-3.44036201649266
57,41.1382454531816,40.0410157270061,-3.98989030900723,-2.0994100851602
58,41.3723042690929,40.5963121497247,-4.26521664711022,-2.6313832927758
59,36.6134914752186,37.9340018346088,-4.01155796976118,-2.87053239704286
60,37.6236992038882,40.138503749082,-4.00592737646732,-3.51539809084934
61,36.8479078955054,38.2675182587604,-3.95109949515921,-3.12822253935858
62,33.7092375047569,35.6659879088263,-3.33450186037185,-2.60520797069848
63,30.0859762310905,33.3667119268751,-3.2295417089426,-3.92593344961417
64,31.0419100200761,31.2917757363034,-3.00328154782439,-2.15394288756765
65,27.9338189461444,27.4831017620332,-3.10607979249397,-3.41389524607214
66,25.4897258978,26.5178845207259,-2.99748075750733,-2.63052821480764
67,24.1534924854475,24.6386311938124,-3.0414110509529,-2.26486387580153
68,21.0946385949886,21.836138050779,-3.25787928401297,-2.71763176640113
69,17.7690032989148,18.0146631994319,-2.66502105332771,-2.8120334761224
70,15.5535670855509,17.3116263624543,-3.09440511461978,-2.59330394747519
71,13.2206594020296,12.1739118296216,-3.50318828297192,-2.8447775759144
72,9.47891472993001,10.2504683661983,-2.23950148545091,-2.70872284261829
73,7.07063662494499,7.13019113055437,-2.86495164210477,-2.14613497301355
74,1.8182757083131,4.31896302835733,-2.39710782530278,-2.30621663583427
75,-0.98782317821282,-0.417189206682225,-2.72723352980747,-2.44979461782337
76,-1.99727850018506,-4.49128045554673,-2.48249044257035,-2.15058402456834
77,-7.91260953137671,-5.54138420149873,-1.36403551289435,-1.29496614096121
78,-9.86971700928132,-11.1818863300391,-1.52526343966099,-2.30115942621258
79,-12.5289276954476,-13.671778271695,-1.33928451272227,-1.15847345667404
80,-16.5630833293569,-17.8544180383584,-1.23896825812165,-1.05524114168074
81,-19.5649103088943,-20.7327392231216,-0.469833117778497,-1.16104027825076
82,-22.6483856880508,-23.889574023972,-0.252210981994775,-0.327332661719613
83,-24.7869380676536,-27.3246294728869,-0.93041404118329,-0.754742083702799
84,-29.4845425384946,-29.97860061281,0.422091380784487,-1.24615320507427
85,-32.56237774852,-34.6467232990763,0.81549172125907,-0.40778708933403
86,-37.4317254857122,-38.4579847798635,0.236347834736037,0.118585790317811
87,-39.0141324492257,-39.0454906699904,0.00139159642090894,-0.41278027063908
88,-43.2085005995416,-44.6735275085937,0.807644599446717,0.111892605144283
89,-45.9211735516756,-47.5608684004754,1.09512612232412,0.135082885933375
90,-49.5017842593533,-49.5830744756338,2.36838403044779,1.86122572213623
91,-53.5402948040415,-52.4582447309964,2.95752132622686,0.678459390640857
92,-57.0614184371537,-54.9333187082289,2.31577395415239,1.58787279231516
93,-58.7438498647512,-57.1451148012387,2.44884735303842,2.50523153135554
94,-60.2704264923626,-59.11699754809,3.06184688299239,2.49980871336971
95,-60.8726377479785,-61.8803070761782,2.73881578914832,2.88153776796497
96,-63.9379733490681,-63.4724923467555,4.06309684348883,3.41664988357828
97,-63.3484129452629,-65.8845296629065,3.72270412035515,4.83710239400058
98,-64.3533504347093,-65.5217698161795,4.68799196155805,4.68246543885226
99,-67.0350459885212,-66.873876791166,3.2448618694111,5.43123447420633
0,-65.051195016348,-66.0481214166559,7.48127183666313,4.69724082599107
0.99009900990099,-64.7254408596324,-65.3520507904124,6.4700004276878,6.12865645234582
1.98019801980198,-62.8552196103774,-65.8296900315709,6.28713568449088,7.23212393395717
2.97029702970297,-62.5735907444083,-63.8185165222814,9.67028373601506,9.44623750408019
3.96039603960396,-58.9706094576359,-64.1768481292226,13.334044528084,13.0292184725202
4.95049504950495,-60.7602961052306,-61.4737041539124,17.9690853801331,15.4241757954782
5.94059405940594,-59.4257228205459,-58.7848064128761,20.4260304822341,18.8464683421732
6.93069306930693,-54.0135912065165,-59.8823006026876,24.5371980543511,21.9742732587413
7.92079207920792,-54.0202362686416,-58.5898172542127,26.7034141035034,25.0895486875895
8.91089108910891,-53.4509506849959,-57.3038670341032,28.6935747352579,26.9010382634721
9.9009900990099,-52.0338368579788,-54.4190620917076,31.6265836622328,28.840814647839
10.8910891089109,-48.6834939222378,-52.5129823360989,33.2404749930607,29.5120756591721
11.8811881188119,-46.5747941184702,-52.0460588012766,35.1997128305337,30.9231766356402
12.8712871287129,-46.3347074291733,-48.9062940486702,37.0071761257414,30.9406066759959
13.8613861386139,-43.3923994905492,-47.5521357620341,36.5384519491169,31.7848941449021
14.8514851485149,-43.8142322578619,-46.7648584322551,37.9006802679602,32.8266429478287
15.8415841584158,-41.5111073957103,-45.9767000410374,38.5066847162588,34.6656266913978
16.8316831683168,-38.9845377065204,-42.5372704018709,39.7590128967819,36.7628007298672
17.8217821782178,-36.5798746303157,-40.1540508721791,41.1058215184258,36.7382749399575
18.8118811881188,-36.5372081902594,-38.6412107421751,40.190866914654,38.7915261694749
19.8019801980198,-31.1069933987004,-35.3782735915043,40.5968379077238,38.3311164484178
20.7920792079208,-29.1478575780367,-35.5961013198605,41.6644419208323,40.5247114431494
21.7821782178218,-27.9270426146386,-31.6910269580539,40.2251384962498,40.3444765758894
22.7722772277228,-26.3511778595842,-30.8495435334028,39.5531396221722,40.3505424016667
23.7623762376238,-23.9397046012525,-27.9606051083594,39.4066300097725,39.5525268357092
24.7524752475248,-19.8830406318752,-24.02755112429,39.6376691233322,38.5813141556703
25.7425742574257,-18.0181255129705,-21.4885056283324,39.7233139037257,39.5622420247439
26.7326732673267,-14.3195377365933,-20.3642040816356,38.4052028208529,37.2897695283761
27.7227722772277,-11.7488297239406,-16.6067880020018,38.0549055154381,37.3849648681942
28.7128712871287,-9.73480330697351,-13.3332368725421,36.2552197311333,37.1205566643476
29.7029702970297,-8.19960879660655,-13.4766268493922,35.6802636551617,36.4292289550681
30.6930693069307,-6.36864428141826,-8.68635300164861,32.5167087276693,33.608376446448
31.6831683168317,-2.50657497449507,-6.69699459081505,31.7222218445511,30.6984134878173
32.6732673267327,0.475482277871372,-2.99226620825545,27.9242211587181,28.7441369712715
33.6633663366337,3.02030925412018,2.03756218702689,25.4524018422609,24.6639060179565
34.6534653465347,4.84874789387618,3.38620584893085,23.4369648657744,23.5664990940017
35.6435643564356,9.04060597847092,4.57816550210016,22.1892293148165,20.3403580088336
36.6336633663366,13.2182496687161,6.61246196456949,19.0365237059086,18.9079130507861
37.6237623762376,12.2572184825905,13.7135925406282,18.4658607436125,17.2736031976383
38.6138613861386,17.7207846886105,15.0331325118943,15.9784674701599,15.4553280663565
39.6039603960396,17.313608594036,17.5099769625989,13.8423103700521,12.4642984905988
40.5940594059406,21.6086152909553,21.700759189351,12.616310782477,12.7144697504262
41.5841584158416,24.4733938674506,22.9725897420547,9.31341971261177,11.9831324243586
42.5742574257426,28.143482172744,27.6293973043137,7.23451055161568,10.6603860872252
43.5643564356436,30.9755074191033,30.3398526847559,6.58039539670073,7.94083153155616
44.5544554455446,32.5479647564595,30.2545646790369,3.3359290102694,6.27610877699258
45.5445544554455,35.6044871484273,33.1770964263084,2.95131930924796,4.75879308287665
46.5346534653465,36.5880304825882,33.1517360277263,0.67664756674221,2.40765153365364
47.5247524752475,38.8244966077213,36.0422365229626,0.221761197063926,1.13849145218963
48.5148514851485,38.8485466631116,38.3604966649679,-0.143885877169367,0.0287542542991165
49.5049504950495,39.7920472528038,40.6090619799858,0.144394977001407,-2.83774277253556
50.4950495049505,41.5944481579236,40.0407488735052,-1.26157229096542,-3.34794851095036
51.4851485148515,45.3669048263866,41.262051633578,-4.28311521908297,-3.55215326413996
52.4752475247525,45.4734193894571,42.2873985533384,-5.09325859159139,-2.91957856014952
53.4653465346535,44.686729993293,42.852980280066,-5.88482723667878,-2.85253282376504
54.4554455445545,46.0343736524928,44.0869113627673,-6.33172951241268,-2.58520969612675
55.4455445544554,44.1372753374285,43.8797712804841,-5.73606474499474,-3.46146865988143
56.4356435643564,41.7927577278591,40.5525471209794,-3.96982174314344,-2.60475271814588
57.4257425742574,41.4466888413402,43.0217566824095,-3.90530921890369,-1.89702600548597
58.4158415841584,40.0566337858466,40.592785259855,-3.83889094249293,-2.35900620918292
59.4059405940594,39.5034113961728,38.1474993216814,-3.63218910656557,-2.16603304259799
60.3960396039604,33.7124751866924,35.6975515755444,-4.30982978957521,-2.5339213177438
61.3861386138614,33.9910941899355,33.7840311599489,-3.30998036545786,-2.74709749416852
62.3762376237624,30.3538317498262,31.8458423522112,-2.5939943606251,-1.58417061141457
63.3663366336634,26.0093031438874,28.4982709225102,-2.70661034301817,-2.51946468842165
64.3564356435644,23.8200619651292,26.3053863507332,-2.70515765538836,-2.57842390804793
65.3465346534653,21.1792467378067,23.7109431941569,-1.68149111304105,-1.55833618809859
66.3366336633663,19.5427346186296,19.9273807543752,-1.52320513044547,-1.89547776752811
67.3267326732673,16.5264865975005,16.2029149330772,-1.05884323343074,-2.30015048456567
68.3168316831683,15.9982639075469,12.8825788793327,-1.86052789389614,-2.15609774061602
69.3069306930693,10.8143180828242,11.6646531190281,-1.41425476926535,-2.40430675060163
70.2970297029703,7.87457131009274,7.68069880160116,-1.88570362097619,-1.59741668979183
71.2871287128713,2.8406356240262,4.77184737563998,-2.05536436015823,-1.51045556709061
72.2772277227723,-0.330705797713127,1.53626862459703,-1.65456056786094,-2.07416678469898
73.2673267326733,-1.55250628281928,-2.24773023046565,-0.945375927993934,-1.35574459719869
74.2574257425743,-5.67681554180926,-5.1880574296759,-0.675748192527529,-1.96629757649245
75.2475247524752,-7.18127870185098,-6.55743307973868,-1.42172086859661,-0.901501496445916
76.2376237623762,-8.40227577733207,-7.78701682362297,0.577249937502793,-1.15423838448443
77.2277227722772,-11.547852728306,-11.2501872596534,-0.657512533886212,-1.10795783212629
78.2178217821782,-14.7696396515394,-16.7559470403046,-0.667914303665092,-0.699632973177661
79.2079207920792,-16.8533203487879,-17.7315231256376,-1.58252319847577,-0.397541476982685
80.1980198019802,-20.3958485048672,-23.7880341515601,-0.524127141387409,-0.789048602101922
81.1881188118812,-23.2777241802575,-23.8951119310291,-0.3868381952453,-0.495494644716527
82.1782178217822,-25.6429411551207,-27.7167722498572,-1.05490237629053,0.232289247247862
83.1683168316832,-31.1890948954649,-30.8341940170476,0.184734299169459,-1.38733751827151
84.1584158415842,-34.3586979357825,-33.4877249530431,-0.773425261733401,-1.08463454084639
85.1485148514851,-35.9285382471335,-37.0809738294821,-1.62974071616157,-0.288412676190818
86.1386138613861,-37.566644349601,-39.7293324205433,-1.34601210803777,0.185217274545137
87.1287128712871,-37.2124819803191,-42.5676832921381,0.359712065881075,-0.0381087078665585
88.1188118811881,-44.5540514036433,-46.6638658239462,1.03379279741289,0.965052586308067
89.1089108910891,-47.6330044086026,-48.6619081177269,0.478349784965395,0.439005050245554
90.0990099009901,-51.5073169766226,-51.1415348007585,1.57921666844647,1.92320429297433
91.0891089108911,-53.5423615905722,-49.9059983455189,1.31165655839857,1.94763730797324
92.0792079207921,-55.9430778699304,-57.1062266018602,2.15086014011273,1.79050587324934
93.0693069306931,-57.2573742783246,-56.8142806585539,1.79627149211695,1.5832582264498
94.0594059405941,-58.7565332207472,-57.4542491862173,2.6880766069515,2.92981127362443
95.049504950495,-59.5530386047857,-62.4434683725642,4.67833062739724,2.61942818072688
96.039603960396,-63.9757001924086,-64.2679811011527,4.66217235561355,5.38374618545984
97.029702970297,-64.0810687852181,-63.6166809259741,4.42693617970175,5.79318379539613
98.019801980198,-62.9491947830421,-65.2615401205265,5.15090704178963,4.56740943981128
99.009900990099,-63.1488936837113,-67.8169970036121,6.32483148731783,6.32261320362341
0,-65.0483679489551,-63.0784314183797,10.1232137177855,6.82116107584193
0.99009900990099,-64.2533699764218,-65.6915942159737,10.988797980369,6.63986062542928
1.98019801980198,-62.537853150876,-66.5888779591202,11.4517281059918,9.03238984723913
2.97029702970297,-63.2830484126908,-64.0164532933879,13.5893536636988,12.1815901142298
3.96039603960396,-58.8689602657097,-63.3209322872264,15.5132528581386,14.8581474181849
4.95049504950495,-59.5783592792118,-63.4503714151517,20.4394923308091,18.1376944689748
5.94059405940594,-58.3825064593503,-61.3791265058528,25.2775340555407,21.3209307149762
6.93069306930693,-54.6951790265176,-57.7030479530591,27.6007065916866,22.9332713715923
7.92079207920792,-55.6233740278882,-57.1729332906478,30.5590493536152,23.7015436887927
8.91089108910891,-54.3873054196151,-54.4818226514356,32.1557580721025,24.720695512244
9.9009900990099,-53.5043312707694,-54.9673525857147,34.2927588086361,25.5864835257452
10.8910891089109,-50.1792742311122,-53.6909441349379,35.617157739786,26.6617059254627
11.8811881188119,-48.4282178260644,-48.901577092798,37.122694237904,27.8638228616533
12.8712871287129,-44.5553871224908,-50.8276356232246,39.466929507155,28.0960964466362
13.8613861386139,-43.8998928099148,-45.6083816106494,40.5935386124891,31.648011503734
14.8514851485149,-41.9313788873697,-45.521128160311,42.5604150519921,33.1588027721431
15.8415841584158,-38.6143678100807,-43.1902005686202,43.4560871848121,33.2657379765386
16.8316831683168,-36.2201653198934,-41.5139517516097,44.7120255745014,35.4614224372296
17.8217821782178,-34.7086830359787,-39.0012010021173,44.6574889818989,37.0849463946741
18.8118811881188,-34.5144401573048,-37.3579805052415,45.6901014406275,37.9515495792985
19.8019801980198,-29.2744687345198,-34.5491919244316,46.5917101359335,38.0103700350859
20.7920792079208,-26.8184525325594,-34.987361632191,47.2538183384236,39.0954436583948
21.7821782178218,-24.946557049273,-28.487910404502,47.8321632327238,40.2086521818677
22.7722772277228,-24.5687870177501,-27.8853056510436,47.2987379056593,39.8158545924531
23.7623762376238,-20.7121889752797,-28.8410058762626,47.3293580262482,41.8290329375737
24.7524752475248,-16.7824691484776,-21.6225844617527,46.82912000947,40.8746952091679
25.7425742574257,-14.9935310219547,-20.5702973511161,44.4438692357109,40.5216906919339
26.7326732673267,-11.2443850169012,-19.2658946909381,42.5503403950528,39.128664109361
27.7227722772277,-8.99397062894909,-14.1950409956796,40.0077335440404,38.3076410111807
28.7128712871287,-7.10961785549156,-10.4691025713523,37.9303216913264,36.3289449184878
29.7029702970297,-5.92663710617741,-8.97772446377852,34.8233158420405,34.031344688584
30.6930693069307,-2.61165923644047,-8.18524581953611,31.6806139304708,31.8890994068325
31.6831683168317,0.547221418516395,-2.98701595234772,26.8720927777807,29.8247261753166
32.6732673267327,5.81084118686185,-1.16467127873404,23.9080867948882,26.2643533307728
33.6633663366337,6.08779676712605,3.48625371589038,19.3270228382171,23.8502838008496
34.6534653465347,9.89291594994112,4.03160651182978,18.3400773289699,21.4251790555063
35.6435643564356,11.7163356685858,8.97869270035117,15.33097916142,19.1268772611525
36.6336633663366,15.5511866091701,10.5402381892922,14.378631854428,17.69086637884
37.6237623762376,18.7904127023619,13.9524187744475,14.3252598934522,17.0944960736042
38.6138613861386,21.7101626824613,17.2161758816234,13.9181313637989,14.6767204895471
39.6039603960396,24.4546347870781,20.6619360041041,12.3481012215015,13.9763833359301
40.5940594059406,27.2014342830367,24.4323609991608,11.6630003915105,12.7954767342491
41.5841584158416,28.5760519556128,28.108688038125,10.2841880281997,9.70529763314059
42.5742574257426,32.7886486961839,28.2830729949512,8.20272314100926,9.22265161086874
43.5643564356436,32.4303406018907,32.7285912722169,5.80940289042872,6.54899391867899
44.5544554455446,35.8254686039071,33.5249769243379,2.91218579624835,4.59897528643425
45.5445544554455,36.6892623765352,34.5227181109521,1.17699379389189,2.21377923780082
46.5346534653465,39.0278946532429,40.0313413053359,-0.249247737707408,1.18555544290141
47.5247524752475,39.0401065288139,40.4660797659092,-4.62325417055224,-0.362604866801512
48.5148514851485,39.3049385650113,41.3337208884221,-2.8401903141798,-1.57431827587247
49.5049504950495,42.5000153103837,41.7278307619224,-3.85561005823773,-2.69252702161754
50.4950495049505,42.1066616716252,41.4425154204801,-4.14832611501673,-3.31544465429016
51.4851485148515,44.4985580671045,46.4745577622864,-3.57956800890049,-5.1243449006484
52.4752475247525,43.7513725473208,45.1696042327768,-4.69105028739264,-5.38927502323243
53.4653465346535,41.4502962248971,47.8953691460409,-3.40732807189918,-4.44814208162289
54.4554455445545,41.3556036210491,45.4003252449025,-3.06932766974717,-3.13165159693057
55.4455445544554,42.6860713838914,43.168777806748,-2.70375467012574,-2.98884421834551
56.4356435643564,39.023526049125,45.5614205304096,-3.95566063781817,-3.59991465906859
57.4257425742574,38.8688698654958,41.6284539447679,-3.0671767221093,-2.99083656082366
58.4158415841584,37.6591464153164,40.7513843024984,-3.90205763647604,-2.35180096185072
59.4059405940594,35.6917505574579,39.3443452849807,-2.62828745207164,-3.10639611420855
60.3960396039604,33.6235186873253,37.5293165807193,-2.84434257009013,-3.24232376166719
61.3861386138614,31.7033080284587,33.2861637138159,-3.36990114718796,-2.7313151476751
62.3762376237624,29.9422120211257,30.724555549907,-3.18296111564961,-2.55675250734187
63.3663366336634,26.5373968503914,30.8740060371455,-2.55182807156638,-2.53929181766146
64.3564356435644,25.1041038967341,26.5121475186781,-3.15775924823557,-2.60485549927145
65.3465346534653,21.9787623288899,23.6034507542052,-3.18039755482367,-2.65693542827168
66.3366336633663,17.8410169174849,22.9210821913324,-3.31810915461135,-2.48904688339684
67.3267326732673,17.4967980970505,18.8712067676579,-3.77527359328288,-3.72210826941305
68.3168316831683,16.740792550098,15.9304311783147,-2.14692093079005,-2.31739111542508
69.3069306930693,12.5694104301843,13.6542392745922,-2.13630038617978,-2.00261009058069
70.2970297029703,11.4752514889105,8.44569435079558,-2.43171610257893,-2.81873611545245
71.2871287128713,7.53039953761343,5.66538304788422,-1.03265701348662,-2.79300094246241
72.2772277227723,4.00474820514319,3.37493402235254,-1.5731789348782,-1.78043841208498
73.2673267326733,-0.782723770662801,0.372335515989105,-1.12633355271738,-1.34943500395505
74.2574257425743,-2.6022729482198,-4.27359425794156,-1.48059381059471,-0.764379913355465
75.2475247524752,-7.42909341464639,-6.35335216622848,-1.10097609417288,-1.38386090194644
76.2376237623762,-8.00862295177175,-8.310988974507,-0.832184827131646,-1.84345878996826
77.2277227722772,-12.650751507463,-11.8400391737267,-0.395919479947851,-1.0442094633525
78.2178217821782,-15.9365488770466,-16.5711105757902,-1.31230120339907,-0.914250002736217
79.2079207920792,-17.6551296374073,-20.1909771315475,-1.37289138057404,-1.06074405141572
80.1980198019802,-20.0758319896922,-22.9294285446615,0.0250965452616773,-0.548900610850919
81.1881188118812,-24.2372221553272,-22.3235701076765,0.150917270631625,-1.12027886801625
82.1782178217822,-22.9434110809138,-25.606576459656,-0.238026881242149,-1.74011476881134
83.1683168316832,-29.5035269225249,-28.1378395404413,-0.28570109365246,-1.56115173989911
84.1584158415842,-32.6471815009651,-34.6684350264837,-0.647783868615455,0.0012478071802543
85.1485148514851,-34.8463897878374,-35.9691764379416,-0.833549030359433,0.796000115049642
86.1386138613861,-37.7605693626107,-39.6185247948733,-0.22090072828558,-0.120043943814268
87.1287128712871,-40.6637777323188,-42.6278158482918,-0.871067562570623,1.61101452649567
88.1188118811881,-41.8506860414265,-43.0566794360965,0.578695695069155,1.87751822130417
89.1089108910891,-44.5563844770841,-47.0134266732025,0.718893716427445,1.18399765865567
90.0990099009901,-47.6054451422842,-51.7789770240572,1.32009822913283,2.44977470441148
91.0891089108911,-51.0989117595954,-51.7147782828688,2.27121375951078,3.08819363145422
92.0792079207921,-54.3367670697134,-56.5551182359373,3.39067579892372,3.55671941329679
93.0693069306931,-57.605289543379,-57.3916840577499,3.32115407746882,2.61373113877038
94.0594059405941,-60.4728782990563,-59.3898416114741,4.20282949908769,2.93270590284251
95.049504950495,-62.5880906686112,-61.4337405149175,4.98064858380492,4.51564703182764
96.039603960396,-63.2711175525443,-61.6687444708142,4.97558646084812,4.26181339331949
97.029702970297,-64.7054518352421,-63.8040989946905,5.63952294740532,5.62891584737252
98.019801980198,-64.1887415332817,-64.4125673084901,6.24859347650064,4.047674378402
99.009900990099,-64.6120471672108,-65.8679611865871,10.2140579755777,5.70636029291525
0,-62.1444404955272,-67.2620739464434,4.60908367763618,7.10212079143826
0.99009900990099,-64.2167557506568,-64.2511123239871,5.67144796131968,8.17258801119195
1.98019801980198,-63.3517315846949,-66.6527669438864,5.99537186673051,7.9987007503418
2.97029702970297,-59.6489746131275,-63.906998449672,7.02327864759437,10.48245523501
3.96039603960396,-58.2712541241743,-61.5782842812734,9.93335100451928,12.1211806528481
4.95049504950495,-54.618965142798,-60.6884109000541,12.7051988403513,16.4950096839406
5.94059405940594,-55.2723030105281,-61.2432555451616,17.410250230302,20.1250425953653
6.93069306930693,-52.310510937912,-57.342799414443,20.8094353286665,23.7056291474599
7.92079207920792,-52.7506957494278,-55.3992282181224,25.1746701573351,26.9633148077886
8.91089108910891,-50.4924630407607,-53.665281481345,28.7924023911089,28.2974151114168
9.9009900990099,-49.7697006443358,-52.010820822444,32.1031624252575,29.8752113650207
10.8910891089109,-46.7992445367679,-50.3127191979225,32.428269817615,30.6348376543434
11.8811881188119,-46.4900896238794,-47.3041375941356,34.2996071340986,29.14796347662
12.8712871287129,-44.3899422032208,-49.767760571829,34.8437564706863,28.3739337620616
13.8613861386139,-40.6762498894276,-45.9475882214859,35.8124600227554,28.2130662749623
14.8514851485149,-39.595895477225,-44.1048794281078,38.3825270226205,27.2587462070023
15.8415841584158,-36.3258033310111,-42.26554381378,40.0374372341837,28.3412309730754
16.8316831683168,-34.7395545954449,-39.8016440033648,41.8222101269178,29.6896580312621
17.8217821782178,-33.3131848574825,-36.8011197302921,44.3004307506887,31.2080164079345
18.8118811881188,-30.2995808250982,-35.6562055109888,43.157344737232,30.3886007822511
19.8019801980198,-27.4036871971388,-34.3511491990458,43.9168757664036,30.4852360647024
20.7920792079208,-26.5193351254853,-30.2872896915887,43.7899915152326,31.0744925711333
21.7821782178218,-21.3351174863126,-28.163286441158,42.6405130386771,32.3007574205461
22.7722772277228,-19.9179713029674,-25.8909247431535,42.4061553519687,34.1521827344128
23.7623762376238,-18.8726819451126,-23.8410709590114,42.0043666059647,34.5557063294903
24.7524752475248,-18.7978634623535,-21.2825817180873,41.8433957793933,37.3677855253382
25.7425742574257,-14.7775323654791,-19.7715795431629,40.8881300370417,37.4842226275593
26.7326732673267,-11.1434324265716,-16.4437903881121,41.2579609781683,37.0907645251905
27.7227722772277,-10.509218487697,-14.5433195661677,39.1658786555715,36.914875181838
28.7128712871287,-7.11954169459334,-10.9946227271591,37.9337903263076,36.2587681523607
29.7029702970297,-2.32782020113907,-7.91607103378491,36.0673378044415,34.7720167098733
30.6930693069307,-1.92540154952263,-6.52889246038505,33.5903580904592,32.9778292321435
31.6831683168317,1.9428115219039,-2.01047901355283,31.5798872264239,30.9334591646015
32.6732673267327,4.13215873768329,0.831705920793059,29.1160083022515,28.7404455273497
33.6633663366337,9.40749434949912,5.32019667274892,27.9598916601895,25.4198902953401
34.6534653465347,11.2263649441933,7.78712319386424,25.6202574071854,23.9947537201394
35.6435643564356,14.4903258436916,12.3908699338302,24.6284145914358,22.0833379158296
36.6336633663366,18.5025626658594,14.474051213763,22.9655568951011,20.9187771721451
37.6237623762376,19.073883962436,15.2677807821736,21.2843601536807,17.8013333922247
38.6138613861386,22.744013196563,19.7420962434291,19.9330686123581,17.3858917212352
39.6039603960396,27.3085528891424,20.9360732278532,16.7698588751164,15.9402902430297
40.5940594059406,29.9481877932976,28.8226427295824,14.9494031573908,14.2094876248171
41.5841584158416,32.3238304321281,31.3028299972795,12.935870534353,12.6534496801273
42.5742574257426,35.2777213882244,31.82270166372,11.5618277511916,10.6827815615136
43.5643564356436,38.471179526653,35.2513129571227,8.43180018626487,8.99018123398627
44.5544554455446,39.1753547124917,36.9528517998507,4.29923149962949,6.69991411253169
45.5445544554455,39.5639585681162,37.202541340154,2.84908029000515,6.65216190862828
46.5346534653465,42.2535951200208,40.8995099853962,-0.32161583485566,4.35014912105593
47.5247524752475,42.3912878958714,42.6123065075218,-1.76832580365147,2.55295028551663
48.5148514851485,42.6901394173654,44.8149674052134,-2.03363430106189,0.5648470975841
49.5049504950495,43.5074329243529,45.3802269303937,-2.40136263895956,-0.0425573804341948
50.4950495049505,43.7448393821268,45.5095641074212,-3.43629175243303,-2.36493604695672
51.4851485148515,46.0572235331853,46.6444525756387,-4.70813650592582,-3.06052724337849
52.4752475247525,44.9444941073822,46.9022625100975,-4.27043573476699,-3.83703037038213
53.4653465346535,48.1802691777537,44.7751022905225,-4.60500397088719,-2.2810750491136
54.4554455445545,46.3010537750844,44.0718172592722,-3.95742981359855,-0.697681606008295
55.4455445544554,44.2600828855503,42.904264336617,-2.9665034299267,-0.501788395959093
56.4356435643564,42.7253484686042,42.4149125939634,-2.36119779511197,-0.40925402395353
57.4257425742574,38.732200392674,41.3005796326632,-3.03579494446267,-1.23313103216467
58.4158415841584,37.3974750470618,37.8880741561318,-3.15264375338195,-1.63833124391388
59.4059405940594,39.4431280617984,40.2060322842963,-3.36556521740405,-1.86319049251219
60.3960396039604,38.0048849099219,38.2913661623215,-3.30658439875453,-2.26090535733143
61.3861386138614,35.7397094152027,37.5759507870728,-3.49080615982684,-1.89952257143798
62.3762376237624,33.3258653885896,36.7078700497835,-3.46558131346371,-1.65265431053848
63.3663366336634,29.5710679032108,34.1427844261631,-3.56616695005978,-1.39771656431474
64.3564356435644,26.8681299641115,28.5481795399518,-4.31713696534439,-1.51232966594325
65.3465346534653,25.1675412346313,26.8412673056271,-3.4340667682321,-3.10830599420373
66.3366336633663,21.3797070050373,23.9817341776113,-3.20907081841663,-2.25669716801658
67.3267326732673,20.6436102481113,24.1367322454868,-2.67656575595602,-2.56843822353601
68.3168316831683,14.3594006911026,19.7009939190657,-2.99903279695271,-2.39277003974802
69.3069306930693,14.1492220976095,17.8175662936551,-3.522744044545,-1.94603076589337
70.2970297029703,15.2255961309618,14.5498758894408,-2.42717275614208,-1.87077108087618
71.2871287128713,8.57512575274235,12.0934121306658,-2.53435721254912,-2.69195400327359
72.2772277227723,7.20382961132033,10.984296431217,-2.87963427767068,-2.62107879511987
73.2673267326733,4.86231736247759,7.29522354370874,-2.88287383935526,-0.416642058846477
74.2574257425743,0.0756929416202961,1.68478914386192,-2.2670689261108,-0.843399384522004
75.2475247524752,-2.22008450094225,1.36249418641316,-2.5364957936444,-0.279998842270357
76.2376237623762,-3.46532184707646,-2.98700140460068,-2.30490521965129,-0.893407660764288
77.2277227722772,-7.17208771550676,-7.28265744598712,-2.23862625716861,-0.211835168124158
78.2178217821782,-10.2409879489963,-7.90308849721234,-2.81490703707605,-0.224381037247492
79.2079207920792,-13.0975121936461,-14.5676259397457,-2.87782008203063,-1.09192560819884
80.1980198019802,-16.3309390567957,-17.1980337589127,-2.48502937137487,-0.362812488342023
81.1881188118812,-19.1456939628794,-18.0244784940457,-2.88979827636131,-0.391795156186381
82.1782178217822,-21.3737487856342,-19.5478734279722,-1.90871507637357,-0.548030228160678
83.1683168316832,-25.0108985728131,-24.6364625551039,-2.4830699013281,-0.233995287722657
84.1584158415842,-27.2142588289628,-28.7563672659297,-2.0980778454773,-0.604796491934438
85.1485148514851,-31.2034419926157,-32.1928191124681,-1.69479394093001,-0.223520884818649
86.1386138613861,-35.4639044014594,-34.9188345206553,-1.51104379934716,0.340228042569839
87.1287128712871,-36.3081670321791,-37.8572857777307,-1.39725966576491,-0.348673893665201
88.1188118811881,-40.9913275600251,-43.5476441583485,-1.08871264850453,1.17255995815479
89.1089108910891,-45.090228608915,-45.8313457041133,-0.476873844009861,1.11763720671928
90.0990099009901,-47.6756870860616,-50.0820508249031,0.0716744354440044,2.21783587160545
91.0891089108911,-51.0738813615792,-52.5890068582759,-0.207319956549733,1.60878954645358
92.0792079207921,-54.5177289893015,-55.4444096108992,0.353383601163125,2.00711790570623
93.0693069306931,-56.1803456462504,-56.0543593478914,0.156129166993571,2.2117380880425
94.0594059405941,-55.7761005248795,-59.3270579440771,1.5924226787645,4.09027545223007
95.049504950495,-58.6737437677294,-60.0985034057343,1.2085547529495,4.1749060850564
96.039603960396,-60.052895356882,-61.1444367347443,3.27286155280895,4.64947782555309
97.029702970297,-60.8421978731973,-63.1219080686474,3.01844766595718,5.56150705562685
98.019801980198,-63.3444587715784,-65.1220546985332,4.25482588795189,6.26303782685238
99.009900990099,-64.7463482534416,-67.0852290159674,4.59006380155093,6.60085940838196
0,-60.8624097306788,-67.7580840573147,5.06144206828225,5.49393435396347
1.02040816326531,-63.2109782054517,-66.8858052796397,2.97585207747656,3.98814020892686
2.04081632653061,-62.6229401043263,-68.0370189933102,3.34968344543639,2.49566005719133
3.06122448979592,-59.3599462504972,-63.9938191283448,4.08512646284913,2.1913323440872
4.08163265306122,-58.5130550353524,-65.336491087887,5.75839776293482,2.0328382518016
5.10204081632653,-59.7066476576836,-62.419976293318,8.67993634611638,4.00327195400448
6.12244897959184,-52.9942334387625,-61.3538954493389,10.174078274506,5.28001620290681
7.14285714285714,-51.3816157019037,-61.3261462562009,13.319445257795,7.70953188436654
8.16326530612245,-50.6602672410919,-57.1041059790746,14.4727243723237,12.4005802444797
9.18367346938776,-49.7805266470756,-57.1752376789811,14.7275767974655,15.1507464071507
10.2040816326531,-48.6337411093592,-55.323969447107,16.2445838084047,18.305503419966
11.2244897959184,-43.7081511265711,-52.9672686461793,18.9579383357942,19.193696103902
12.2448979591837,-43.0357980722248,-51.2856556512212,18.590195035282,21.3385981666387
13.265306122449,-41.4905586318786,-51.854164226034,21.3593635595045,23.9163189530757
14.2857142857143,-38.8670448031644,-48.5606059725364,22.2166261551961,26.0208539480633
15.3061224489796,-36.8264131349741,-47.1262907168677,24.5999689457174,28.8792714086163
16.3265306122449,-36.0309885374778,-45.7498000004499,26.7015137543157,31.7186905184762
17.3469387755102,-32.396889991684,-45.2317818432738,28.4923347097498,34.4221829573576
18.3673469387755,-30.3528132927123,-42.6619758837928,30.9651094669677,38.1945824142282
19.3877551020408,-29.6307284226544,-39.5252586240858,33.0690136963401,39.6815830645201
20.4081632653061,-27.6201668326891,-36.8009097174986,37.0673692970933,43.4518869975962
21.4285714285714,-26.1879526869608,-35.7438363687396,39.2167407566989,45.9745666175741
22.4489795918367,-21.353998938452,-34.4916333110267,40.0268461628013,47.7405078190901
23.469387755102,-20.9308492604258,-32.0594097735298,41.3738017366433,49.1318139574845
24.4897959183673,-19.7638799882931,-27.579415457735,41.4731253104114,50.6228517160223
25.5102040816327,-18.2172883554436,-26.0785935187037,42.2909626312427,49.8564248053486
26.530612244898,-13.1861346451822,-23.2414836365736,41.0941584247428,49.0965376957741
27.5510204081633,-9.61453690965622,-19.2596637418852,41.7479387066669,49.1958459666082
28.5714285714286,-7.47447216966332,-17.0585736040634,41.0440580154224,46.9851783760354
29.5918367346939,-5.82370311767227,-15.6309017971539,39.6810861639322,45.0248803067579
30.6122448979592,-4.65033701223666,-12.8616541124754,38.5658528625664,41.8996832323771
31.6326530612245,-1.20277021714059,-9.14881580789337,35.461495724694,41.034044363074
32.6530612244898,3.04567720436297,-5.15808814588292,33.7026741501942,38.4119958646257
33.6734693877551,4.28635252448771,-5.25737788612489,32.1155847827593,34.5215165575875
34.6938775510204,9.59324328802834,-1.16349004290383,29.9431966495069,32.9792322843135
35.7142857142857,9.10710740085546,1.71150227358121,27.1444354005392,31.195428648631
36.734693877551,15.1934408515681,5.88818424760283,24.5535013845381,28.5268882139127
37.7551020408163,18.5799900023901,10.0820935211441,23.080361155344,25.8182347179286
38.7755102040816,20.1193954310323,11.9758918431431,19.8049674378648,21.7544907644601
39.7959183673469,21.6229142240913,14.2385723392461,18.4920123568184,20.5238690869468
40.8163265306122,26.3820455449763,18.0794693357228,15.9576595430856,17.4761134050899
41.8367346938776,28.8095868979862,20.2241631635112,13.5386548618552,14.282045695521
42.8571428571429,31.2042836110486,23.7519143735179,10.6367995426649,12.6221675797879
43.8775510204082,33.6116931587678,27.7611854168435,7.70467614548722,10.2007188457543
44.8979591836735,35.4099888707212,28.024031402399,5.67977083701452,6.99901245917181
45.9183673469388,37.319009125119,30.594646587383,2.77457604230032,5.20140649144766
46.9387755102041,39.1985103622841,32.5653843409017,0.362271413314754,2.8849423777223
47.9591836734694,38.7075951202495,35.4074159839386,-1.00348411102039,0.875792368444199
48.9795918367347,41.5300632750902,37.561078615027,-1.29924947039086,0.52185463917332
50,44.0862976181111,39.652573016027,-2.57936176619707,-0.835270783881679
51.0204081632653,44.6626243801154,41.3633188917047,-4.30791133635361,-1.80550130080585
52.0408163265306,45.4977775244738,42.0781752959304,-3.72756928010783,-2.40714020158564
53.0612244897959,45.7939289252013,41.1806504471505,-4.80238883841343,-3.51443959095756
54.0816326530612,46.000163012341,42.0649695539341,-4.75841277655408,-6.47523873239321
55.1020408163265,46.482323901198,43.2248998877883,-6.34303275745697,-7.36093057248357
56.1224489795918,46.0610028645965,41.0562429945769,-5.66844553438598,-7.37457578311697
57.1428571428571,46.0642416232426,41.8671343280688,-5.20936461706611,-6.204616185177
58.1632653061224,45.5215812079237,43.5620254889933,-5.82834257263032,-5.0785676038743
59.1836734693878,43.7820990096884,42.6840778096991,-5.16102351835293,-4.29836247966522
60.2040816326531,42.4714714653434,40.9522094731124,-5.3216354614105,-3.66134569425966
61.2244897959184,40.6183786602402,39.8950160428701,-4.56585343533311,-4.9267751922349
62.2448979591837,37.4294943582715,38.7183955384508,-4.0683766552983,-4.12851923266706
63.265306122449,36.0256560496754,37.6220222332296,-3.14522836077371,-3.32159371750907
64.2857142857143,35.5591103526379,35.2812168626137,-4.35554593400862,-4.7197410008639
65.3061224489796,31.9282401994448,33.1250451570272,-4.19978528892072,-4.55972268162641
66.3265306122449,27.8983119244673,29.4766780417364,-3.77841346048348,-3.66216536783946
67.3469387755102,26.9267396539092,28.3526978023365,-3.87383967257867,-3.78173128238485
68.3673469387755,23.2225255275615,25.7279441785185,-3.67578326571946,-3.44059687151462
69.3877551020408,22.0014971051529,22.1422994051404,-4.25023617129226,-4.17057076308716
70.4081632653061,17.3589257351655,19.1935355036802,-3.34972141221861,-3.27219213995049
71.4285714285714,14.5680819591811,15.459861048955,-3.19851525371648,-5.2304571435105
72.4489795918367,11.1081687693425,12.5738057041568,-4.13714722550304,-4.17971263459044
73.469387755102,7.93125875542044,10.214943132959,-4.3527934665223,-3.38668559291857
74.4897959183673,6.26797162147237,6.02760711819858,-2.95985397126027,-3.85331853536641
75.5102040816327,4.54307390836726,2.09470968704392,-3.80721514705616,-3.59401220849483
76.530612244898,-0.659206700051108,-0.82639807448075,-4.0571930457328,-3.03199943627284
77.5510204081633,-3.30480715297268,-3.28680675750546,-3.28384843358774,-3.92305794677315
78.5714285714286,-5.76346613817368,-7.14872537513731,-3.27311958282461,-3.58230236885575
79.5918367346939,-8.60853370781529,-9.74916396114432,-2.85734878485848,-2.56735900024225
80.6122448979592,-11.7821517714513,-13.0754214116428,-3.10582390443081,-3.28912197801428
81.6326530612245,-16.4606159243671,-17.5820906777904,-3.90909167214096,-2.79969549369518
82.6530612244898,-20.6669381220215,-22.2775330088261,-3.06814697284043,-2.61856198198986
83.6734693877551,-22.6668073075624,-24.2215355188148,-2.53723025906873,-1.4298639102066
84.6938775510204,-27.034566891255,-29.2347177695629,-2.59522204926945,-1.15630745975918
85.7142857142857,-30.4221573454951,-32.4927215307758,-1.26230216064254,-1.63478770787635
86.734693877551,-32.9508110930543,-38.2325270316409,-2.11266657578859,0.836637243568272
87.7551020408163,-37.2886923889807,-41.034333176479,-0.0894641679172532,1.66867543599579
88.7755102040816,-39.4798610702959,-43.083582261196,-0.297795874739113,0.285580701724335
89.7959183673469,-44.2334279879116,-49.2340863303071,0.20840769644545,0.608388176060497
90.8163265306122,-46.6463957713498,-51.7369881269434,0.890143278718365,1.73324527700805
91.8367346938776,-49.6406896478663,-53.9511379563904,0.812875768684699,2.12057547049166
92.8571428571429,-52.5902446093507,-56.3613275277267,0.659122143585654,2.03197609510224
93.8775510204082,-53.8243757336269,-57.1060071770819,1.30178623583577,3.45156531480992
94.8979591836735,-55.9286540456315,-60.5213911330585,0.919738828132203,5.4352197603271
95.9183673469388,-58.8053343494026,-63.0937770020599,3.39164253677713,4.30999244127453
96.9387755102041,-60.4869475945781,-64.9287229860545,3.79364033699839,5.7525331234081
97.9591836734694,-61.2254448639435,-66.9509975684333,4.86450522772534,4.8567978430575
98.9795918367347,-60.7939070385787,-63.5413699463663,5.49655327177085,4.80104448379312
0,-67.3149725646258,-63.7010794022576,5.07372779883867,6.94036696215407
0.99009900990099,-67.226530245185,-67.6054687670098,5.64589136691159,8.34980278091527
1.98019801980198,-63.7972986409182,-66.8620194035478,6.92474023030681,8.89026488620777
2.97029702970297,-64.308343253584,-63.0576393912165,7.78544349051468,7.89211312204118
3.96039603960396,-62.4999761228363,-66.0779027409523,10.8524785971399,8.84101450381243
4.95049504950495,-61.2420732429372,-61.5758332871812,12.5298048271467,11.7823420010107
5.94059405940594,-61.7550949478106,-60.6899568366099,16.7553695215366,15.4097326223398
6.93069306930693,-58.5554928503685,-58.5598306106181,20.1885701137461,18.5629783233705
7.92079207920792,-55.9849008178277,-58.2617487571345,23.0623922282715,22.9220001512467
8.91089108910891,-56.4163038321215,-56.1224493839484,24.4838433666204,26.3345620111516
9.9009900990099,-54.6934564391733,-54.877450858925,27.4574841519804,27.1134956388365
10.8910891089109,-52.9224576070112,-53.1950088241691,29.5597156843035,27.2193807522351
11.8811881188119,-51.0534700613521,-50.0931884172443,30.9244774929982,28.8815408899781
12.8712871287129,-50.3743800835049,-50.068180598925,31.9294449717887,30.9958424280291
13.8613861386139,-46.1127443159616,-47.2455614997464,33.9147069641105,31.9627209495713
14.8514851485149,-48.3239201523638,-46.3793783079232,34.3080912555211,32.3901731075403
15.8415841584158,-43.6998034214093,-43.3301104360174,35.1422443547592,33.4396958274389
16.8316831683168,-41.8859401999727,-41.6061032842305,37.6595758472229,33.2897753167647
17.8217821782178,-39.9969196813474,-38.4512499476577,39.6147833312956,33.1703774130315
18.8118811881188,-37.8498631443866,-37.4684900802701,40.9837539397893,34.5814693230859
19.8019801980198,-35.558542281792,-32.9344248847616,42.8248749461255,36.5785824349776
20.7920792079208,-33.3247590253184,-33.1309670904582,44.1428280642089,36.6421653809107
21.7821782178218,-32.2324001862814,-29.9308648457617,45.3467299868215,37.8003089280587
22.7722772277228,-30.134515637145,-29.1700715154884,45.6448635063844,39.8778408798033
23.7623762376238,-25.439217140555,-23.5229577195874,47.4992260657687,40.0127398720887
24.7524752475248,-22.140212493292,-21.9028825110041,48.271735927798,41.2986483839465
25.7425742574257,-18.8419540024608,-18.5353872340094,49.4457731119862,40.6764912943721
26.7326732673267,-19.0477541930252,-15.6868250898024,50.0368077680288,41.0137923385219
27.7227722772277,-15.7960133752835,-11.9876181886973,50.5721804161028,39.2922635833577
28.7128712871287,-14.5927993201559,-11.7775939042212,50.1273155680973,38.9338965985907
29.7029702970297,-10.8072327616083,-7.56925438752881,49.5672050640967,36.9444406953721
30.6930693069307,-5.63806919270258,-5.53121298297888,47.7484387339805,35.4044691241347
31.6831683168317,-5.7858978857709,-2.26806244142213,46.2561173287397,32.7747799340325
32.6732673267327,-1.51404392986866,2.06019023855791,43.9384512483966,30.3931286453407
33.6633663366337,3.49214259495144,3.96290917571427,40.8782151396261,28.1294351087681
34.6534653465347,5.66555777969361,7.66383456599875,36.2932757154959,26.7004131089772
35.6435643564356,10.5381847795952,10.60408681174,32.2051683670243,23.6186923145227
36.6336633663366,12.1378897376768,13.5030001041667,27.0125109275341,20.8404488908692
37.6237623762376,14.1868611345605,16.3438086384934,23.6661956317768,17.1208894073544
38.6138613861386,18.7659886371856,19.8434899973953,19.4232511350859,14.9751322194707
39.6039603960396,21.0329026593574,19.5013586483387,17.0218398911813,12.398605503955
40.5940594059406,23.9573069377497,23.7580464908174,12.7472035615756,9.91020124059931
41.5841584158416,26.0444512474591,26.6793488892829,10.2516611336778,7.01246317145301
42.5742574257426,27.268750795336,29.9437252534556,7.55863853996157,5.16718538536427
43.5643564356436,31.052262315903,32.1295705170424,5.14132822530302,4.39846992607596
44.5544554455446,32.4716034038394,33.8061257394727,1.89769628877143,2.73799923570387
45.5445544554455,33.6831790196676,35.4369927714701,-0.660414949996807,1.66322118383844
46.5346534653465,34.8518585106643,40.1648385902718,-0.946682328069881,0.019754638322079
47.5247524752475,35.4244592243332,42.2136278405859,-0.651626682508736,-1.62757614614802
48.5148514851485,41.0533716771562,40.6381629712532,-1.24580349004413,-1.95671145481755
49.5049504950495,38.6584594662732,42.7660767392195,-1.50449486362352,-1.97774778359664
50.4950495049505,41.9292822670964,40.954372953132,-1.58479365858714,-2.48193134428244
51.4851485148515,43.2384573934944,44.43989148511,-0.59261163126886,-1.69811807379552
52.4752475247525,41.3014727656539,45.0210362043789,-1.86959163114884,-2.24794921202689
53.4653465346535,39.5840903815976,44.4755967251092,-1.52585541029069,-1.77972676178826
54.4554455445545,40.7400812080942,42.1157099008424,-1.76644086790938,-0.884622772297446
55.4455445544554,41.5936861683822,39.9679775070586,-1.46010775231108,-1.8806908801451
56.4356435643564,35.8036283301291,40.052053061572,-2.85302111067851,-1.62086019985776
57.4257425742574,35.1741037413778,37.9795982400913,-1.84770468421591,-0.286532084777144
58.4158415841584,33.2182292705963,36.0127028242912,-2.57774945981071,-0.938345172754389
59.4059405940594,28.8168736344691,34.3342635776829,-3.0331184283429,-1.28686910206335
60.3960396039604,28.999744891249,33.3744221745796,-2.70815146156864,-1.16225472065477
61.3861386138614,27.7142680950452,29.7638424858676,-2.9358769750413,-1.97416143486939
62.3762376237624,25.5291846240415,29.0735256897623,-2.65266107584119,-1.74150093484537
63.3663366336634,23.9592115361899,27.8490911396819,-2.98068167834143,-2.84366206652642
64.3564356435644,19.801830225242,24.0031016707667,-3.38531133646634,-1.70355816052347
65.3465346534653,17.3610558029295,20.4384450664431,-3.84122425800413,-2.17806613119136
66.3366336633663,17.3179745033023,20.6820240365368,-3.25085074524457,-1.14098482454108
67.3267326732673,14.9247527272252,17.4763311842756,-4.21240891409242,-1.40887642442611
68.3168316831683,11.6066861317256,15.7551243359494,-3.7459912265982,-2.03075167929924
69.3069306930693,9.16452168955233,12.2551996344641,-3.20035193154711,-2.32284290701516
70.2970297029703,7.30170197653625,9.4144930049925,-2.76866280550044,-2.78057966764868
71.2871287128713,6.23673927984215,6.79769536675356,-3.1527849915124,-1.68508643168381
72.2772277227723,0.916678239634681,3.67048127949075,-2.83528530259493,-1.80352018724613
73.2673267326733,-2.15896012667634,1.91732438590298,-2.77496408562977,-1.06915852587787
74.2574257425743,-3.14928099790054,-2.31635161807568,-3.15394499802333,-1.97671419666942
75.2475247524752,-9.71798005302096,-5.53523843206755,-2.66965432749945,-0.834696777350452
76.2376237623762,-10.9620978297157,-5.98630715010875,-2.4936652064954,-0.172220027755279
77.2277227722772,-14.1435217998662,-9.93505832111677,-1.66570889150124,-0.715243798658366
78.2178217821782,-15.4873964779728,-12.7986508286023,-2.57457015263071,-1.67189574459407
79.2079207920792,-18.6821488264635,-16.973895996031,-2.18379228722895,-1.18897589143408
80.1980198019802,-22.053525345108,-17.7546883658946,-0.937278304883625,-0.418235141053669
81.1881188118812,-25.900745070103,-22.0130183643047,-1.15135495158424,-1.0874586238055
82.1782178217822,-27.1085993109487,-23.8251474651739,-1.15416755411239,-1.59598283063679
83.1683168316832,-29.77265946388,-28.6425228666535,-1.2991691212918,-0.405244065024997
84.1584158415842,-34.6993288184632,-30.1808971197254,-1.81954849698697,-0.410328232514511
85.1485148514851,-38.1927829443296,-32.9560579381024,-0.278693176134427,-0.985156504069475
86.1386138613861,-37.9243518331459,-36.9557170403528,-0.543634290575562,0.354457513443375
87.1287128712871,-44.8525379670719,-40.3214849867269,-0.591992964488154,0.592285269016662
88.1188118811881,-46.0452886237578,-43.8459412288696,0.923070747687289,0.30027895130839
89.1089108910891,-48.2632859436409,-46.261066908617,0.79291779174673,0.625560223051702
90.0990099009901,-50.8071566809365,-51.6192428003924,2.24053806142821,0.60561911347217
91.0891089108911,-54.868694071331,-52.356708247599,2.45089631944534,1.62279735958095
92.0792079207921,-55.5768006760332,-55.7076009924908,2.66438746085933,3.13231584865374
93.0693069306931,-58.5466461326792,-59.5116669680945,3.27250382600149,4.33374469623024
94.0594059405941,-60.0883185156602,-62.2904194796874,4.4378350914305,4.76294603511015
95.049504950495,-62.849794936042,-61.5397273992654,4.897274691685,4.39773242705341
96.039603960396,-64.5567219102138,-64.0261584897062,5.11881435862473,6.31633833357154
97.029702970297,-66.2923962249474,-63.7637974265055,6.11936046099225,6.79535885851288
98.019801980198,-65.0425692523196,-65.5191611161995,6.48515384524698,5.885165675338
99.009900990099,-66.1661995142895,-63.3270619318891,5.43488495518048,7.87418229370811
