"Normalised.Time","Stroke_GateAngle_1_sim_elite_04","Bow_GateAngle_1_sim_elite_04","Stroke_GateForceX_1_sim_elite_04","Bow_GateForceX_1_sim_elite_04"
0,-60.2266785869226,-58.2703990984397,8.40955669913648,5.81725266815759
1,-60.1675486523317,-57.494322662621,6.53494497223821,4.90516164490911
2,-58.7031930764478,-57.9479741684933,5.82599407872246,4.96045553308401
3,-57.46180093031,-57.013100193905,6.58812147322407,5.05300002876883
4,-55.1808090438575,-55.7102469940702,8.24598872082548,6.85375931792568
5,-57.4821985167763,-54.9867924819142,10.9873915892118,9.41509450608148
6,-54.4940350963051,-53.6615817905006,13.3796397062288,12.2125676102797
7,-52.972983154217,-51.282459230078,17.9815514714363,16.426526345965
8,-49.0539247701332,-49.7498003629692,22.8259207189689,20.2570161001616
9,-49.2847221919439,-47.7855131840286,25.4913538692972,24.6330214473343
10,-47.029625575567,-46.8509079690028,26.2436319584855,27.0095329020041
11,-47.8355584283467,-45.2090725342564,30.1846276710446,29.9173039998379
12,-45.6651780737308,-45.4727192847,31.969073272069,30.9503311353826
13,-42.0456770337645,-41.7159580972703,34.6663697748296,32.4465388300525
14,-39.6443757939894,-38.6724495406203,36.3550159409533,33.6066335735503
15,-40.7934218550559,-36.5303927390841,39.191036200236,34.6856502657251
16,-39.0382151831067,-36.0691723924543,40.4984710279885,35.5828479454422
17,-36.9410549568281,-34.0598510590302,42.8309081120347,36.4849522028741
18,-35.5486906704097,-31.6757889920664,44.7635681925377,39.2617663045028
19,-31.7958897633567,-31.6165226068016,45.5340639664426,40.3962670171478
20,-27.5992504894009,-25.5178775902391,46.7702504415876,40.3556109440861
21,-25.1336740198825,-24.4404502893383,47.7407278737427,40.5379288666869
22,-23.7342613120698,-22.1107500852103,46.6538055992173,41.035677645189
23,-22.9276612695014,-20.8185490232446,46.9060839362541,39.4281283343558
24,-21.7039421046025,-17.2391630936711,47.0149061084228,39.3880286070663
25,-18.0135453305758,-15.7370798194348,46.0758474335731,38.8448216946013
26,-13.9555274162056,-12.3488209710432,45.0108680072785,38.8224602230983
27,-12.7203518058846,-9.36246917136391,42.9879805033887,37.958668869207
28,-10.5259108404327,-8.45720898106994,40.1158942510421,38.1208235486874
29,-6.63389059361628,-5.89789506845019,39.1302997021918,37.013850966169
30,-5.24267653755793,-3.59282461433244,37.4804130452588,34.9569341191564
31,-3.52399610731446,1.6026186840023,34.3115823287924,32.9080558472148
32,0.0107204772033495,3.76135341960588,32.0625181382864,29.3897387724795
33,2.92334582273181,7.21877193720195,27.6623124267746,26.9611128409448
34,3.56834432985552,9.92785439348917,26.1667069739782,24.4953224084365
35,8.89029899000268,12.0855391739862,23.1790080288497,21.7539617620932
36,9.87633448368847,17.9104046675691,20.0661351506359,19.6014477202959
37,11.0313309758606,18.0264821989647,17.9287461730469,18.0905358670171
38,14.5428500342,19.6120248623979,14.8159496050381,15.472987117943
39,21.0044600062168,23.6750260228148,13.2859110166809,13.8417524795383
40,20.001571734071,24.3080723434689,10.5329138548968,11.056146191437
41,23.6786547199057,26.7778496393866,8.11954336557498,9.67532322271831
42,27.3204062574344,29.4613782812757,5.91024580478417,6.81882625008141
43,27.0684761035089,31.9387699053268,5.82288007474941,4.68742651847372
44,29.920276889287,33.8547930127869,5.0563735858315,2.20235744950948
45,30.2666314080631,32.6750198860992,3.97080037395891,1.60092649910203
46,34.1298169347433,36.3440228359684,2.15174285477018,0.803797529246341
47,33.8855521890801,37.6441448202698,2.1840561396375,-0.406767761359729
48,34.4348488180441,37.913047660342,1.59330166325668,0.313968466590611
49,36.8182709424351,41.579432662126,0.142403398426109,-0.984918957795773
50,36.1760470181664,42.2801557963025,-0.291168540375314,-1.40251843177758
51,37.9193690649607,39.2969641379502,-1.51373699121272,-2.28928654037402
52,39.3911060794607,43.6917002173391,-1.92978422922017,-2.75122252935795
53,40.675821634991,41.824812160869,-2.23252035231766,-4.22190995917927
54,40.0278598612572,40.205994331632,-3.3315563345815,-2.57266087714054
55,40.2750507845563,43.3591067841897,-3.32845814312276,-1.89010563542028
56,38.7059019239979,39.7423452082837,-2.276751223543,-1.59696039112043
57,34.4691381010063,39.8162031482499,-0.696905490072145,-2.38540843260185
58,35.2388105920149,36.0205242985011,-1.73550392046743,-2.07144972134501
59,31.9772775436578,35.4245619585357,-0.532910061785193,-1.66588259317162
60,29.9844810131272,33.2240986144474,-0.875523375580035,-2.27441456774759
61,29.4973270657283,31.3241226981116,-0.492978657520644,-1.72727461555658
62,26.098222797888,30.1557870839422,-1.36022978125003,-0.551106017074267
63,24.9562414136465,26.931395908369,0.51599760142728,-1.08313863847705
64,23.6681168885678,25.543736248447,-0.00397814706737659,-1.31168181080172
65,22.1268540105393,20.6315459158201,0.511476928490552,-1.6644738894437
66,17.9857259533936,19.3381277542603,0.484302719870716,-1.80405369307416
67,14.2306924580527,19.0670082509306,-0.705607776206878,-1.9074675969503
68,10.822382458545,15.3407194915109,0.139506602835622,-2.3599217254888
69,8.16555895213155,11.9093172503361,0.303491624193025,-1.96663301092117
70,5.81990725755555,10.6218758607496,0.42399139237718,-1.47612253512833
71,1.48533717975528,5.70226979685933,-0.780731281459784,-1.43973187557544
72,1.80753974218885,4.4638262432455,-0.234766356467823,-2.34632937316502
73,-1.79647381990668,2.79602307420223,-0.356911559582883,-1.01386710780004
74,-3.4972267668021,-1.8880272020174,-0.178595963604887,-0.298478447890692
75,-6.70791773208234,-4.81958382742629,-0.084536190707883,-1.25930651482956
76,-10.5747996614636,-8.15724560387317,-0.256119812079417,-0.218313266953073
77,-14.1462829916981,-11.5211205540898,-0.150890312377594,0.308340278313173
78,-16.5042912030347,-14.3200718264409,-0.574507229910736,-0.407774718518247
79,-19.2555650617218,-17.6694524120072,0.988227587356271,-0.661670492603861
80,-20.8635960609859,-19.4835556220496,0.155093520953968,-0.37304825630504
81,-24.5059852137456,-23.7433516998298,0.389305396555803,0.228406125466938
82,-27.6123218515657,-25.141285129263,0.495833325531747,0.150220950577609
83,-30.0722151792234,-29.3911643389526,1.38861462205327,-0.101847968560249
84,-34.2000242242798,-30.1572926269226,1.65362976570486,0.632721978012794
85,-33.0492268242296,-33.3058221157855,1.78379337191014,1.19163146273113
86,-36.7148535553539,-37.5846092571569,2.42712847172924,2.1046683484717
87,-41.2321154024962,-41.7906606468338,3.38856241963484,1.27171744180651
88,-43.9768985626164,-45.5698400279289,3.2390973229901,1.76244381841241
89,-44.4566282356624,-45.3666407079207,3.1708348518415,2.16225410967544
90,-50.3470397163203,-49.0412320222393,3.79729236936799,3.52737910097696
91,-50.0452069290392,-49.8139555563975,2.78957109706237,2.76409059019813
92,-52.5727705407828,-50.0835275094867,3.6381196334209,3.36559744694538
93,-53.8285067432451,-51.8203312083376,3.92680170624897,3.33796582082569
94,-57.3632269971047,-55.382907395217,5.22270719961031,4.42749373714678
95,-56.752705471994,-56.2609143871469,6.26556895868999,4.91032510079782
96,-59.3083819398108,-55.7968679714243,7.02636398147308,5.25329040595289
97,-58.7610424089298,-56.0217731678311,7.38018881256279,5.01610925073586
98,-59.4969408815792,-56.3919264340272,7.11586241066361,6.62659657759799
99,-60.3555369242516,-58.059443532634,8.02137205514774,6.12835615379465
0,-59.7973822241883,-57.4146205251661,8.31777480479749,6.25079867333922
1.01010101010101,-59.7085450822532,-57.5783314991044,6.22238522458747,5.36807465176494
2.02020202020202,-57.2024468729341,-56.7532461617812,7.12006484100056,7.26893800558731
3.03030303030303,-56.2989912419147,-55.102832322937,8.52147573400798,9.74889200440582
4.04040404040404,-56.3981097913742,-54.8152819364794,12.5825876714826,13.149565274351
5.05050505050505,-54.4625119660079,-51.8359932398603,14.7068039123816,14.86146329797
6.06060606060606,-52.113416923144,-50.9270574861072,18.4165098539379,17.2961539874637
7.07070707070707,-50.4063695219555,-48.7485411321082,21.3733120579426,19.5721299948017
8.08080808080808,-48.3382789771108,-48.6006988359234,22.1938404658837,22.585554309743
9.09090909090909,-49.227668604183,-46.8546297854335,25.3700915866965,24.3365988917276
10.1010101010101,-47.294710168043,-45.8337553692443,25.8821455722375,25.4765134391703
11.1111111111111,-45.1552223560654,-44.070507734105,27.3920301083041,27.5038154043461
12.1212121212121,-43.660572620044,-42.8415455090943,28.7870379004411,28.0040826077815
13.1313131313131,-42.027204996787,-40.4751517501407,28.4867551408551,28.9143150561811
14.1414141414141,-37.5990014491998,-36.6209645002704,29.2454190064326,30.567355293725
15.1515151515152,-37.2790435375439,-35.9549838426386,31.6822533497824,31.1645145227333
16.1616161616162,-34.8155763630134,-32.1624801032215,32.246191706609,33.0993623697156
17.1717171717172,-34.595176904758,-30.4016772915242,33.106741326068,34.2414817062048
18.1818181818182,-31.0761065759367,-31.2295480562376,33.4816563162944,34.6683586870293
19.1919191919192,-29.9257815814857,-26.3982780314473,34.3307473540312,35.4498389608112
20.2020202020202,-28.1231822171012,-25.1120012097073,34.5329979740475,37.2258269117714
21.2121212121212,-24.9889931719192,-23.5360562871501,35.2142206006815,35.7455260520984
22.2222222222222,-20.4601667994816,-21.0563753982701,34.7105300977662,36.4868589382312
23.2323232323232,-18.97309593605,-17.8857434653532,35.7913387248887,34.5422399226453
24.2424242424242,-15.0212072225319,-15.1505500885811,36.1074950970245,35.3705035823269
25.2525252525253,-13.8467665678688,-12.6372585353234,36.9521686053814,33.7241826803431
26.2626262626263,-12.5627505267857,-11.9601678749443,36.3794486489634,33.9267266593461
27.2727272727273,-9.09092111422206,-8.21782485049451,36.4308682524842,33.0087978693068
28.2828282828283,-8.87074175868385,-7.47315715615896,35.5671782165648,31.3427061347544
29.2929292929293,-4.69881206826925,-0.626615216968354,34.7096301962478,30.4233359702494
30.3030303030303,-2.23698749188541,0.56792137535585,33.8521129452841,29.7524501182914
31.3131313131313,1.20891300686738,4.25559364696982,31.3426401539464,29.7236685453824
32.3232323232323,1.7232143914395,7.60548272788366,28.5405792053999,29.101526285639
33.3333333333333,6.71890242028203,8.61227583251572,25.3957979479172,26.3807884002638
34.3434343434343,7.45054840120256,11.3122970837266,22.6898668541829,26.1504563492825
35.3535353535354,10.5575545537567,14.6579695135323,19.9112911690551,21.8032080095772
36.3636363636364,12.5786598809575,19.5635245667613,18.2419025629273,19.9250781433311
37.3737373737374,18.351459855423,20.6954633146927,15.8988983535363,18.9676634152308
38.3838383838384,20.0584453682348,23.2267659902,15.8686610134474,16.1252815724147
39.3939393939394,21.4046771955885,24.9794393072622,13.7763241268161,13.7810180393854
40.4040404040404,25.8644864826802,27.0593771313252,12.1831011989901,11.2043321305253
41.4141414141414,29.7488783711244,30.0759701556703,10.4846552826077,8.8242791795903
42.4242424242424,29.7026433843189,31.1200053827269,9.50835754457773,5.21235025062088
43.4343434343434,31.5209568692468,33.1803931001395,5.61740343206992,3.23594262213068
44.4444444444444,34.5302501286602,33.3163142577054,4.76374802519885,2.13955452888022
45.4545454545455,36.0959064969091,34.6693144911605,1.79468059263787,0.812758657921418
46.4646464646465,37.7783515994426,38.3474712935484,0.849250054765739,1.24985226376229
47.4747474747475,39.1125321034248,40.5913888121396,0.814473581108922,0.753733025339819
48.4848484848485,41.0156278613833,41.4780049724885,-0.230574016074944,-1.06172818705749
49.4949494949495,41.539277975313,42.434811181619,-0.0699674520636769,-0.594805595354483
50.5050505050505,42.6846967399593,41.2856162409096,-1.03305116837371,-2.03880884354123
51.5151515151515,41.4425932821802,41.5458950087289,-1.567532571692,-2.20382680251997
52.5252525252525,44.7612551086006,41.4889383882497,-3.84363707045598,-2.64479431288985
53.5353535353535,42.003896188246,40.7166691120405,-3.571204271114,-2.01087800693624
54.5454545454545,38.5190445849255,41.2114433096169,-2.91397028843844,-0.902897732189779
55.5555555555556,41.5760561134237,43.3992438990236,-2.46175253948768,-0.463010296063236
56.5656565656566,39.8248364152764,43.7193149613111,-1.43016588360814,-0.796775328510394
57.5757575757576,38.8859211781966,39.8511957917225,-2.16816947250834,-0.485703016879127
58.5858585858586,39.571488453907,42.2114897916122,-2.85203819077549,-1.66606544565028
59.5959595959596,36.5661188907741,39.700918286238,-2.36510196965487,-1.44611791595156
60.6060606060606,37.1089652661388,37.6983542192194,-2.22955276257048,-1.65549106621664
61.6161616161616,33.1895938519384,34.4379045684379,-4.21077812767092,-0.489094375826482
62.6262626262626,32.0277153893884,32.8638228011054,-2.83517707631776,-1.6807734654627
63.6363636363636,30.1207876459912,32.4345143651471,-2.32982497531954,-1.03128554984327
64.6464646464647,27.0784722556965,29.657681736853,-1.82628715893925,-1.11607586085432
65.6565656565657,24.1929656607218,27.9359619643935,-1.54823754294433,-1.58328893809353
66.6666666666667,22.2565411205571,26.05185685692,-1.56313489451321,-1.83557792975167
67.6767676767677,20.4368712478223,22.1695435262252,-2.4871544595386,-1.05744467891027
68.6868686868687,18.011419653016,21.8086251743882,-1.53925103997421,-2.1905993139266
69.6969696969697,15.8857582673768,17.8267797266981,-2.24124619676806,-2.13693804179563
70.7070707070707,12.1756792556171,15.3176558865936,-1.75996729659664,-1.35763948400906
71.7171717171717,11.488551729977,11.9062098478784,-2.14618545531354,-1.27329007382779
72.7272727272727,6.73110052798688,7.89593160267613,-1.34111580214453,-0.989583639403141
73.7373737373737,5.64751348633558,6.62439619321001,-2.73888167279858,-1.01039056412236
74.7474747474748,1.89808565370797,3.46138822177881,-1.39534620859554,-1.3758295155512
75.7575757575758,-3.14183514551848,0.866801518628226,-2.12387005300723,-1.17315662686764
76.7676767676768,-5.64561149151132,-3.62754805412428,-1.46617380941971,-1.13087747278535
77.7777777777778,-6.69814504092982,-5.3993472786311,-1.82625049404626,-1.18314715921926
78.7878787878788,-9.08529898217956,-8.4155680417186,-1.32903316627209,0.0871359668239488
79.7979797979798,-11.5400764981854,-10.2875020281544,-1.37266405839795,-0.594836827474542
80.8080808080808,-16.4063020093165,-14.870873637524,-2.42928659627785,-0.663427511425079
81.8181818181818,-19.9288962483019,-16.5402412314734,-2.38662942138389,-0.657837542957234
82.8282828282828,-21.0403128725781,-19.1455388668877,-1.29975080200455,0.00730077418071812
83.8383838383838,-24.2372725918339,-21.8074711090149,-1.0642104852335,-0.658794057743691
84.8484848484849,-29.6509018237409,-25.6919542167722,-0.335107349244644,-0.521236984024474
85.8585858585859,-31.3386659150762,-29.0149644578649,0.120693218138231,-0.117510969330073
86.8686868686869,-33.6673415294355,-33.5227476938637,0.09171043763347,0.501876824632069
87.8787878787879,-37.0905910884849,-38.0648510965941,0.158338241122038,0.564112688528157
88.8888888888889,-40.4897004965655,-38.9590625095406,-0.140434175136065,0.0948384803893798
89.8989898989899,-43.5744477696636,-42.4753908235616,1.34545529655883,2.58704788845841
90.9090909090909,-46.314610020342,-46.7613926364503,0.725626281632648,2.88044158708549
91.9191919191919,-47.3970142745847,-47.2572500888834,2.5950780908177,3.32444638160697
92.9292929292929,-49.9611854046572,-50.4713803911683,2.54490760402218,3.98416056112876
93.939393939394,-50.302954587262,-51.3379708828912,3.25462435499119,4.29349593362045
94.949494949495,-51.7520190421409,-54.8290547459226,4.04357907978291,5.27201917623119
95.959595959596,-54.7837657672849,-55.9536031608658,4.26858961629878,6.8734976443117
96.969696969697,-55.0589044620654,-56.5079905735973,5.46333471975586,7.26607019798782
97.979797979798,-61.1070280778329,-58.9356542368521,7.80664962280777,8.44821676600719
98.989898989899,-59.1754304917759,-60.7145732253355,6.71543843175754,7.61092089716071
0,-65.5350587219568,-65.2374679346856,10.7858935382373,8.44946102218912
1.01010101010101,-62.8771085327248,-66.1959575538151,9.56980697823329,10.2613131312797
2.02020202020202,-63.0974255842845,-64.180157674659,10.6278765272871,11.0228722421646
3.03030303030303,-61.3347591164398,-60.9894148900114,14.8915861117876,11.7176207078917
4.04040404040404,-61.8045957573545,-63.2705330581053,18.7255320404907,14.5023036586615
5.05050505050505,-57.8446631203123,-61.0686797291595,22.4076209604019,18.1560880194889
6.06060606060606,-58.91031262223,-60.9228454251325,26.0892171584148,22.3320083301579
7.07070707070707,-54.395210244828,-56.4649932846593,28.8303954762217,25.07708290136
8.08080808080808,-56.0847926965041,-57.3979186700818,31.6672364792359,27.3105036839129
9.09090909090909,-53.7868079112961,-53.4859761926775,32.1485428753606,29.3010345621849
10.1010101010101,-52.1212969618637,-52.8490092665741,32.2566483717831,30.1705048660459
11.1111111111111,-51.2510394847113,-51.6285689173727,34.2383084262341,30.9241179318263
12.1212121212121,-49.8675305899153,-49.0970483576432,35.4987875958435,33.3780697337465
13.1313131313131,-46.6787430017865,-49.171470588442,37.8017217667915,35.0197130210476
14.1414141414141,-44.8950617270782,-46.4606717989811,37.7755252535175,37.350820634895
15.1515151515152,-46.3864773425026,-43.7402506878529,40.0654792275701,38.3066077921405
16.1616161616162,-41.192332435871,-42.0347135803963,42.7379709453223,39.8863533808001
17.1717171717172,-40.6539987797419,-39.561826299618,42.418423787516,41.2958809562026
18.1818181818182,-37.5469767365988,-37.8799500195021,45.503985313596,42.4210424906266
19.1919191919192,-34.3087840756176,-34.7159937317736,46.3241400672566,43.9551733771071
20.2020202020202,-32.743055698435,-33.8746014272926,48.0633839823062,45.7291305232805
21.2121212121212,-31.6533373959472,-28.8375682388614,47.31987923328,45.1077097869845
22.2222222222222,-27.4905429286078,-28.0213165560472,48.0934170381063,44.7064735828196
23.2323232323232,-26.3063145713901,-25.2527506070125,48.2729628908404,44.6521015413384
24.2424242424242,-24.0658134140854,-24.1891221726759,46.5149684162396,43.9562421491431
25.2525252525253,-19.5614036443948,-21.6955831719719,45.9524162143006,43.3186936341836
26.2626262626263,-19.0579733618087,-16.9932482153895,44.3515915033992,43.1925047029024
27.2727272727273,-17.9389030511932,-15.8892348128549,41.944860877858,41.6194518053353
28.2828282828283,-14.4021563039108,-11.9753180236422,40.6227345712195,39.9652191207741
29.2929292929293,-11.7303610243023,-8.8923139734204,37.1111634039786,37.084443963282
30.3030303030303,-9.32320286120959,-6.21773497765786,34.1834179536534,34.3874080762931
31.3131313131313,-6.77789062996756,-3.12811702176538,29.8488161632499,30.4114982944639
32.3232323232323,-5.46801668922838,-0.490208973529649,27.2901064546022,27.3068528248774
33.3333333333333,-1.23654444347613,1.00931265701385,22.6765001015806,24.1215489141246
34.3434343434343,0.935009718791347,4.90481150071107,20.3759187672376,22.5889716439622
35.3535353535354,3.50077839156067,9.45840026452081,18.6395269983195,19.8103632347459
36.3636363636364,5.74979753534487,10.6279034210571,17.3619033480904,18.9210487975594
37.3737373737374,9.50589028021844,17.25592217863,16.2778549377758,18.9387698485488
38.3838383838384,11.2239423720477,16.6168282485507,14.2805417651082,16.8559493920279
39.3939393939394,15.3256166389119,20.4408853690347,14.0238606048347,14.5315249627351
40.4040404040404,17.4008929509512,23.9693059322821,11.670144494726,12.6824764935129
41.4141414141414,19.667552543243,24.5246675092901,11.0391565980255,9.98368958609922
42.4242424242424,23.9205763219379,25.743138850377,9.18934047211123,7.0631891375185
43.4343434343434,25.6340870965822,29.6821048491358,7.54348471982452,5.44926489802168
44.4444444444444,27.7140713191125,30.748884700769,5.25257885238537,1.95656409247452
45.4545454545455,28.5998538402192,32.7167650888989,3.2140300549989,0.862668157204011
46.4646464646465,31.2464069198362,34.2395040904689,-0.66748554809139,-1.28939673619521
47.4747474747475,31.8941903694842,34.6157335117489,-0.435830499206692,-2.45390767662882
48.4848484848485,33.3278788672138,34.7393195589186,-1.98456366585514,-2.52963833729589
49.4949494949495,35.6492199374609,38.2339939515405,-2.93869950819753,-3.02248202212626
50.5050505050505,35.5213645485892,38.6079873147701,-3.8658862035092,-3.83595117366224
51.5151515151515,36.0544050015703,41.2148620055571,-3.57257720333643,-2.28455251952633
52.5252525252525,35.5294257644833,40.4019010986971,-3.54280585477445,-2.06506220082986
53.5353535353535,34.6251326370036,37.2732321110685,-2.43111195483925,-0.821213949195299
54.5454545454545,36.4172746359396,39.7271790950788,-2.72114742033031,-0.774484905305344
55.5555555555556,32.3377416638961,35.2012979651455,-2.3127447911451,-1.43394826913288
56.5656565656566,32.6225880780613,37.3274793806766,-2.74590481611045,-2.01820890966797
57.5757575757576,32.5240973234613,33.3254531720983,-2.32202723865116,-2.94715523496394
58.5858585858586,31.8631599689792,32.5726369953884,-3.76049937763875,-3.37646556854436
59.5959595959596,30.9610122477487,30.4839903797199,-2.22690271881075,-2.80275134255359
60.6060606060606,28.025347129216,30.4850907930823,-2.18602591615399,-1.56190529834327
61.6161616161616,24.4233495449451,28.051158104825,-3.49309486127993,-1.73842526344084
62.6262626262626,24.4274976790427,24.8103251337314,-2.50668544690601,-1.06765934236777
63.6363636363636,21.1016558725562,22.3567981334566,-3.69442626685971,-1.7031117378332
64.6464646464647,18.7628992451336,21.1060335453858,-3.01270597424725,-2.259036333575
65.6565656565657,15.3269917938489,17.7011040858552,-1.60692197121843,-1.50377130583797
66.6666666666667,14.7815526655978,16.104573688481,-2.57577379201786,-2.31123193276056
67.6767676767677,13.9569203205101,13.6031252869509,-2.47585404383796,-2.28435759322274
68.6868686868687,12.5061334594981,9.76631272572793,-0.815559840277393,-1.79137199494261
69.6969696969697,5.66435415053868,8.43617855587521,-1.66008409664504,-1.57940227417191
70.7070707070707,3.20857116256779,6.50754707263587,-1.52083592924013,-1.44898417882222
71.7171717171717,2.73275002059892,1.23900956176037,-1.42879535270368,-0.499627508126868
72.7272727272727,-1.28660387417621,-0.225971870279885,-0.494177950054023,-1.05485583833209
73.7373737373737,-2.6584518226049,-2.9625802579606,-0.899222732769309,-1.59104047970741
74.7474747474748,-4.77961182103557,-6.92811489332809,-0.37674988071408,-1.3273274423151
75.7575757575758,-8.32460477511331,-7.8204336642435,0.321252400833674,-1.07821033691369
76.7676767676768,-12.9671625201141,-11.7588927999614,-0.81539851046308,-0.0411328327372359
77.7777777777778,-13.3311300765265,-15.3791687071254,0.747445489922632,-0.971969536196662
78.7878787878788,-16.5660476485012,-18.7460935517973,0.614681957822596,-0.215659576102334
79.7979797979798,-19.7391815706789,-19.4820187936852,0.318455609039296,-1.10800205086508
80.8080808080808,-22.6031191730137,-25.4123681264528,-0.325910966417649,-0.533537076093805
81.8181818181818,-24.9979032678621,-27.4827488555364,0.387561272161156,-0.563472746592081
82.8282828282828,-29.3355164901427,-29.9623021011233,-0.421873552557548,-0.18003001851628
83.8383838383838,-31.2958569174453,-33.4174225254987,-0.531670934465298,0.202736101142196
84.8484848484849,-33.1293720795292,-34.8781791073992,0.152496411010997,-0.219680490239405
85.8585858585859,-35.2163823893664,-37.3788718499023,0.412613690028777,0.0135762411249195
86.8686868686869,-38.2686130820587,-41.2275511786242,0.53658541630408,0.0540915953770021
87.8787878787879,-40.8899875984918,-43.4688580102513,0.0679057079279221,1.37801559524947
88.8888888888889,-46.4092602776297,-47.4384755894883,0.217418823839394,1.28222173117708
89.8989898989899,-48.0477088577186,-49.5700376314987,1.06021390877293,3.13544067701953
90.9090909090909,-51.3366272221956,-51.7214059410077,1.79702325535572,2.68726108320789
91.9191919191919,-51.4047364145795,-56.1673805905947,2.36065806588137,2.98073078037508
92.9292929292929,-56.7674077468742,-58.0347203948466,2.1811067249364,3.86796646516504
93.939393939394,-57.875251356994,-62.4317080521567,3.63373728667158,4.42910176438678
94.949494949495,-60.6615212192008,-61.0301616382558,4.74305384591583,4.4988038597568
95.959595959596,-59.8279834756926,-62.322007143751,4.96178713057563,5.71035777032259
96.969696969697,-62.8935040424786,-61.445800493699,6.56038666855966,6.7249215727076
97.979797979798,-62.2592521085826,-63.6717739149429,7.40587832393934,5.91214090584499
98.989898989899,-63.9734238446131,-65.4779794783919,8.1814184705897,7.08616690358087
0,-63.8778031457542,-67.7037440620815,9.9875853728061,9.5524853704175
1.03092783505155,-64.6523570567621,-67.8264995119475,8.65136166746668,8.29209421331803
2.06185567010309,-61.5828251185677,-66.4876425048218,7.63376518814489,8.93863126479367
3.09278350515464,-61.4246902762413,-66.0837158845032,7.39935430283975,10.4752005113581
4.12371134020619,-59.6874973355453,-61.6768327296396,11.6287884672949,13.4333716536055
5.15463917525773,-57.5647751604256,-63.2642372576229,17.0717423353496,18.6585642639706
6.18556701030928,-57.10693951057,-60.6241719919242,22.8532794291612,24.7205656484747
7.21649484536082,-55.778662580961,-61.5672255163876,26.8962101384684,29.7822644319392
8.24742268041237,-55.893088797992,-59.3082375760614,30.4767662868991,35.0705991241158
9.27835051546392,-53.2861237877202,-57.0322040473694,33.6434370381922,36.9280089372024
10.3092783505155,-51.4849880734905,-53.8443670863491,35.8524447291579,38.8658862316373
11.340206185567,-49.252065550373,-52.9293791029352,39.485059069448,41.0676578175008
12.3711340206186,-46.9940478392757,-53.8375414376438,41.675006778059,40.2296351026999
13.4020618556701,-48.1789746904484,-51.3680820833897,44.2898542231555,40.3561518065994
14.4329896907216,-45.4384659160566,-48.6136427353954,45.8064532877964,40.6635166157591
15.4639175257732,-42.7312957602349,-45.2951198650614,48.5468261819922,43.1240220117522
16.4948453608247,-41.140255891795,-45.5266507589641,49.8894145546158,45.0726092116227
17.5257731958763,-38.3619308755733,-43.0849076909334,50.9840142842443,46.4123066852278
18.5567010309278,-36.8114728787833,-39.822109015095,51.4287935207618,48.1153895690177
19.5876288659794,-33.7264011213387,-39.9851690778441,50.8823426121519,49.2771752504853
20.6185567010309,-31.9263550775314,-35.7759492185214,50.0140898180075,49.093387890529
21.6494845360825,-32.3324984150103,-34.6302863109658,49.6595813704813,47.7782951386671
22.680412371134,-27.8450541586867,-32.5340042869742,48.8052926534714,46.9524367683949
23.7113402061856,-25.2685949653928,-30.23651256473,48.711885809749,45.1426950627066
24.7422680412371,-22.9479819963603,-25.3419832285818,46.7758654880992,43.451699077024
25.7731958762887,-18.2717740508753,-25.3729175361661,46.7832132554669,42.8449049623215
26.8041237113402,-18.8921012363231,-24.6616144860948,47.3600976520225,40.682026028137
27.8350515463917,-16.637625416749,-21.4739883058807,44.6288407695149,38.2976991288957
28.8659793814433,-13.3122170916244,-18.2349998750474,43.3394676683517,36.6399605826256
29.8969072164948,-8.84020455215387,-17.8010675447127,40.2425896104557,34.5813880516313
30.9278350515464,-10.0116971506472,-12.9273325311268,37.8187230670927,32.5169256864973
31.9587628865979,-5.93041107124235,-11.8557032546424,37.7541856739615,29.9417458590685
32.9896907216495,-2.39627944107432,-7.33834901278726,35.1317124711036,27.3362158854394
34.020618556701,0.670471642563822,-3.928707607761,33.4120784950911,26.1578073228115
35.0515463917526,3.14921237485942,-1.30147248838589,30.6351349437886,23.3940979290879
36.0824742268041,6.10056862244723,0.648090952425569,28.366590495564,21.131748402026
37.1134020618557,9.31146123671315,5.28894145550994,27.1446248976064,19.5872285222317
38.1443298969072,13.2959835474958,6.67887626328108,25.5911569158287,17.808879360694
39.1752577319588,15.7447185543026,11.1230741763006,24.5090942468659,17.1157181677744
40.2061855670103,18.1849680312881,13.1384070623392,22.426732909501,14.9594027951255
41.2371134020619,20.5107243388527,17.5932022281282,20.9236870906375,14.8582811606529
42.2680412371134,24.8332260842973,19.5120871959716,20.3223785563661,12.5628583491568
43.2989690721649,26.5006763517854,22.6813458343704,17.0718845215911,9.82912709903584
44.3298969072165,29.476454160821,24.6179626087667,15.2121255662463,7.79872212817052
45.360824742268,30.6246408827756,27.0233079367996,10.8404276175375,4.94158994466888
46.3917525773196,31.8023659309866,29.71583088581,7.0458737851018,2.82354196005802
47.4226804123711,31.5771923956983,28.8463628403971,4.71867798400837,1.25162795700726
48.4536082474227,36.7294713084068,31.8307716303114,4.01251129202484,1.09454283067476
49.4845360824742,36.9773522747277,33.4476045909525,0.283064936067201,-0.0257912622674713
50.5154639175258,41.0637403007183,34.0450735308054,-1.72160991421725,-1.49941376737204
51.5463917525773,39.041025006862,36.4456390767,-2.10554144657342,-3.01375706686427
52.5773195876289,36.6519868184631,38.0890317236136,-1.34754508386953,-3.88115379668833
53.6082474226804,38.4764611906893,37.9610105930092,-0.79837967449,-1.761530763986
54.6391752577319,38.0800099691595,37.8019824253081,0.0171121533012049,-1.64952172730427
55.6701030927835,38.3563374410735,40.4972730237638,-0.0861203558368761,-1.88735060406926
56.701030927835,36.3862254787556,39.2974502012302,-1.30065247741178,-1.11355270380225
57.7319587628866,38.7871227093841,35.5829383475876,-1.07442849082532,-2.12736901435155
58.7628865979381,35.6882644600249,37.6472798068819,-1.26190880221589,-1.60196943117841
59.7938144329897,33.1532556856645,34.9452259303618,-1.29914873266964,-1.73455404894333
60.8247422680412,33.5494657858699,33.7555877233704,-2.01222921779866,-1.71869905096119
61.8556701030928,31.6262717251933,32.3058750137637,-2.04806163297238,-2.15606648878062
62.8865979381443,25.9965575263911,30.0926003360214,-1.3860227969309,-3.72785972505079
63.9175257731959,25.7374578475828,27.052241336388,-1.42359211673842,-2.17152045915484
64.9484536082474,23.1962383418358,26.100211249328,-1.50748470879633,-2.10996841406547
65.979381443299,20.1537541834336,24.5254904117826,-1.62230046852461,-2.18658474115667
67.0103092783505,16.829937763814,22.3211292115993,-2.13591512176226,-2.04670994308458
68.041237113402,12.1810846229733,15.1961603720962,-2.19099530602074,-2.95893010662309
69.0721649484536,9.68428649630112,14.227352076248,-1.68023790610306,-2.946508146295
70.1030927835051,4.66009523056829,12.3219576704342,-2.06627356610599,-2.24598394741737
71.1340206185567,0.322268407910556,8.53545193704782,-1.56397409263792,-2.32121489138118
72.1649484536082,-2.65706127233293,4.38698790270901,-2.10933162241067,-1.41643916456313
73.1958762886598,-5.71878413009629,1.27139468117307,-1.12294130213845,-0.721714654903053
74.2268041237113,-10.0585390659721,-0.0805066772467257,-1.13745715739665,-1.35736402318698
75.2577319587629,-11.0007355893403,-3.83713338638861,-1.23942063605885,-1.42503902790964
76.2886597938144,-12.0297113103135,-6.85892464849826,-0.523307164214081,-0.0678588998794818
77.319587628866,-17.1539975645862,-10.3963492255814,-0.304181843215521,-0.800559995010304
78.3505154639175,-18.9066184705395,-12.6482908316868,-1.08426496134704,-0.122934637303324
79.3814432989691,-21.8253115746409,-19.1158697421439,-0.679075812197316,-0.146216150905077
80.4123711340206,-23.9120960181066,-20.2484240483038,-0.0514631361890418,1.40782331583316
81.4432989690722,-25.4354064617907,-24.7493609191222,0.0616781669361177,0.422008081408507
82.4742268041237,-28.3085545888544,-27.3213883986605,0.656829879501318,-0.189696266055304
83.5051546391752,-34.1021267280411,-32.1665710649061,-0.798942166107311,0.422472301062897
84.5360824742268,-31.8181699346646,-33.1760936849638,-0.927936915334875,0.36172521169711
85.5670103092783,-37.8911685878208,-37.8930160307573,-0.185590885171963,-0.282777853317052
86.5979381443299,-39.2633795989954,-40.6570327651422,-0.329810801445481,-0.393969718629897
87.6288659793814,-44.4130638783018,-45.2442056097649,0.34634839444205,1.17691753266836
88.659793814433,-44.2142314280851,-48.708586551277,0.235276609511808,0.2837613071395
89.6907216494845,-48.148635322951,-51.3095314547858,0.571001898632742,2.32184530244168
90.7216494845361,-53.9391139110679,-54.4729865847891,1.64330606061932,2.85516068271073
91.7525773195876,-54.6509203750075,-57.9509846374471,1.47497981416912,3.2672768125207
92.7835051546392,-58.2723339684038,-59.9219725166857,3.78724361585345,3.27861093295312
93.8144329896907,-58.1253833840999,-62.2548945371159,3.01308588621165,5.60672787837105
94.8453608247423,-59.2536424950973,-63.5408313078689,5.02092855877632,5.16016086812972
95.8762886597938,-60.0746999187216,-64.9803444791151,6.76407519766335,5.09461024360021
96.9072164948454,-63.992273572338,-67.9874359136422,8.66060421871707,6.55199886025633
97.9381443298969,-63.2520039329364,-67.3840893158877,8.15380461590963,8.30406704219397
98.9690721649484,-65.4806951672451,-66.9809417671849,9.37567260677658,8.51125842483679
0,-63.3814408297584,-67.1774396683974,8.83894308105401,9.57563421054832
0.99009900990099,-61.428987802986,-65.4172744461216,8.81570861874242,7.22162050825828
1.98019801980198,-60.99113878796,-66.7985386021795,7.10741284398826,8.86748410605203
2.97029702970297,-62.7135539950863,-64.3297613048941,8.32234099080729,10.8371600274328
3.96039603960396,-60.429866171013,-62.5357149675373,9.67713309058283,13.1714324131637
4.95049504950495,-57.1003941312141,-61.0796669696642,12.5456046298488,17.0078769754782
5.94059405940594,-56.0621709614992,-61.6231769256906,19.0728660126496,22.3105028729701
6.93069306930693,-53.4135277213681,-61.2730042071693,23.4540662235608,25.7968451219434
7.92079207920792,-54.6287640565483,-59.1716086304422,28.9287918797703,31.0822521306701
8.91089108910891,-52.7602636089713,-59.1497074471058,30.6454293365864,35.4463246163026
9.9009900990099,-51.3167446797113,-55.4903306793427,34.5005885787713,37.1259699934267
10.8910891089109,-50.3947667439583,-54.2380499176729,37.0373806338458,38.6211612630134
11.8811881188119,-47.0075477790475,-52.3652233068053,38.137566562964,40.357556301434
12.8712871287129,-45.8626836918012,-51.6351206910895,40.3455420147813,39.71476652445
13.8613861386139,-44.6865007158583,-49.4610929686802,43.4900670164335,40.0634672801954
14.8514851485149,-43.5391878651982,-46.5480646695629,44.565730578355,40.5324562886657
15.8415841584158,-39.7385769322773,-47.0042261788144,48.2242715446764,42.743260753336
16.8316831683168,-38.510305689349,-42.9259394573207,49.8429318085794,43.9276290418541
17.8217821782178,-38.128982018259,-40.1492102214644,51.0134803487301,45.8150916664488
18.8118811881188,-34.7531729256304,-39.8703697335045,51.7511602181705,47.4661683441796
19.8019801980198,-33.7640491411212,-38.5180818914331,50.9264810350537,47.3390421975656
20.7920792079208,-31.014876720524,-36.5501796466799,51.8118587365873,46.31860556483
21.7821782178218,-28.0749756173759,-33.4258848753018,51.6410684086032,45.1045155288481
22.7722772277228,-26.3625398260037,-29.607631579003,52.1875290691387,44.732591788621
23.7623762376238,-25.0788764941462,-29.1543328586285,49.3547525100503,44.1505507622123
24.7524752475248,-22.5954545250669,-27.5793693942961,48.4364905114546,43.4756566192609
25.7425742574257,-18.8921240566886,-23.3434673853362,47.3611582244373,41.2563394101293
26.7326732673267,-16.4337935910707,-23.3758343300185,46.0175468300497,39.8609157993017
27.7227722772277,-13.6481392167817,-21.7181830453214,44.5161748209801,38.0032171992328
28.7128712871287,-10.7486558072137,-16.3306268194673,42.6013039534002,35.5561826317528
29.7029702970297,-7.99370041803307,-16.3348316784082,42.136229045309,33.7730006170747
30.6930693069307,-5.99378818797575,-12.9519756648255,39.5300215822451,32.4266567614716
31.6831683168317,-2.19662157152136,-9.10860395907221,36.5510188902856,30.6039578667831
32.6732673267327,-3.62626216976703,-6.09263088613787,35.1811601651633,28.4591794266988
33.6633663366337,2.15491203851072,-3.41382600328588,32.6214795929348,25.6003065600498
34.6534653465347,2.84021957209147,0.00181775528359174,29.8168133976961,24.3160004084815
35.6435643564356,6.87587383406405,1.19213962297889,27.401712360878,21.5850836563048
36.6336633663366,8.15430676844091,3.60181100988676,25.0656868233829,20.0033463245072
37.6237623762376,14.7737777825813,9.98904300924373,24.2657467730412,18.925344356468
38.6138613861386,16.5555287682261,10.5672327985186,22.3479740166295,18.2798508762069
39.6039603960396,18.8357614428491,15.5775164756623,21.4791709387646,17.0155219314461
40.5940594059406,20.0182310494555,17.7134553635063,19.4844476934363,15.7258935346208
41.5841584158416,23.3112913320012,20.303959900703,19.2766522677861,13.9280327570041
42.5742574257426,26.3824552325253,23.6289653895046,16.3176125935948,11.0184216320413
43.5643564356436,28.7823278882254,26.3514570017796,11.9221825286989,9.32316796047996
44.5544554455446,30.8727337054075,26.3216317737526,9.80031019083713,6.00539487416907
45.5445544554455,30.7916080133815,31.2482139312269,6.80425644893421,3.36107004857094
46.5346534653465,34.5351684502461,31.6315850730445,3.20965684590824,1.29219283326462
47.5247524752475,35.7529043271556,33.0941282973072,1.57400859206386,-0.226790604639201
48.5148514851485,38.8278380821994,33.8537880586551,-0.141493472373699,-1.45274551127034
49.5049504950495,38.7668125555612,35.874359117644,-1.13372700294773,-1.31781379667496
50.4950495049505,37.4782415341174,35.50865892915,-2.4958092052049,-3.05259131983315
51.4851485148515,38.0973734042602,36.7073375249206,-0.963028359274177,-2.86338776928134
52.4752475247525,38.1747784204044,39.0917387841631,-1.41638123633124,-1.83950279783935
53.4653465346535,38.0700660571016,39.7038846727481,-0.240394167150749,-1.70633666487609
54.4554455445545,35.5044276096386,39.3396660139015,-0.416781908803038,-1.98366316913424
55.4455445544554,39.0951183325925,38.1948047472285,-0.382472166660917,-2.19573353787157
56.4356435643564,39.3249892076238,38.6359741041394,0.440295465341686,-0.868239574336447
57.4257425742574,37.7474687321419,37.1103950620134,-0.254899577532392,-1.07822958990139
58.4158415841584,38.8172775695059,38.5230961286275,-0.519815552294562,-1.45711617178756
59.4059405940594,35.203702955407,37.8006475185669,-1.2172607124794,-0.403077151254095
60.3960396039604,35.3769195024956,35.606666815395,-1.74116371737308,-1.10974895729949
61.3861386138614,35.5227403596819,35.266321568585,-0.73587764890081,-1.41960766451686
62.3762376237624,30.8453678162254,29.7901876974192,-0.0811892189324688,-1.51580041684408
63.3663366336634,26.7390057372869,30.0488591148264,-0.43704837756625,-2.63698648218895
64.3564356435644,26.0058094954466,27.6477359038467,-1.02799283994188,-2.09791350485953
65.3465346534653,22.5677352415813,26.3049946770514,-0.728363321395808,-1.73043973392796
66.3366336633663,20.6894094402607,23.6735703499608,-1.20474177078256,-1.95139369531048
67.3267326732673,14.7331328294056,21.2545085840242,-2.38389102506037,-2.52025804771894
68.3168316831683,12.5780605101012,17.7421217430962,-1.92409918302696,-1.99446393532368
69.3069306930693,9.88191735446651,15.1375287602704,-2.09594642354656,-1.26677189443085
70.2970297029703,6.93638433629768,10.7615778862203,-3.08640889484329,-0.850501874412058
71.2871287128713,6.34825954302732,8.30682162291232,-2.06434461525728,-1.90342578323004
72.2772277227723,2.93613024256897,3.49482086031228,-1.93606091268011,-1.94863914635296
73.2673267326733,0.398968264430675,1.25328186214169,-2.14816157993084,-1.55456457260184
74.2574257425743,-2.9051470841532,-1.82263722817423,-2.22159335469985,-0.90364407525655
75.2475247524752,-8.26164181736334,-5.51162565626058,0.107493394853303,-1.15094422676847
76.2376237623762,-9.54348815952686,-7.30947119322072,-0.622410543987658,-0.522017453108262
77.2277227722772,-11.0474655996598,-12.3502714234197,0.239009198742718,-0.124275421269882
78.2178217821782,-14.6256341876891,-13.1760261821864,0.833130365506268,0.686904360400369
79.2079207920792,-17.4629444329666,-18.1160912633927,-0.393348406755252,0.295800231076319
80.1980198019802,-20.1466110065841,-21.1469554077305,-0.435120947680191,0.518240438679127
81.1881188118812,-23.2059006813639,-22.5661494387586,-0.49400010031342,1.24454010454702
82.1782178217822,-25.3479180015823,-25.7146473069426,-0.745423991616491,0.044118908704702
83.1683168316832,-31.2633189853166,-28.5080510149295,-1.18072230399101,0.777595117574526
84.1584158415842,-30.3299819664271,-33.1735033361989,-1.13757260667468,0.474601345995221
85.1485148514851,-33.6725952189465,-36.197380321638,0.205763107275576,0.261840065830322
86.1386138613861,-38.1551536210179,-38.2681744138269,-1.43588671522335,0.192351097476411
87.1287128712871,-39.9406181569656,-40.729108720143,-0.25018350342762,0.868262493036512
88.1188118811881,-43.6822380785797,-45.8318850606284,-0.0893018390184908,0.720412837550494
89.1089108910891,-44.2346890860494,-46.4144882637008,1.27763104688782,1.82554857973651
90.0990099009901,-49.7917705828216,-48.4179828104456,1.37074253519296,1.83348052881267
91.0891089108911,-50.6617037627037,-53.9293813007247,2.01745865884906,1.92520930348405
92.0792079207921,-52.1771173672754,-55.4504906893002,1.62113626945868,2.36551534427685
93.0693069306931,-55.9145990855786,-59.8440873298406,1.37905561627202,4.2083241390949
94.0594059405941,-60.2751159320135,-60.897313378768,3.20407915698828,6.10818382859867
95.049504950495,-58.8073772226967,-62.5466701269341,3.58442391512495,6.72466746205671
96.039603960396,-60.4216018197297,-62.5530401901406,3.83690970225641,5.78457761809571
97.029702970297,-62.5269446472316,-65.4336904083328,6.82225255391112,7.21122050779138
98.019801980198,-64.5616341637635,-66.7873575284714,8.15338438292693,7.19046834666753
99.009900990099,-61.9850723440093,-67.4890218002506,9.12318501810226,8.75601016801209
0,-59.4395526844679,-63.8592135792122,6.38739935866345,7.82561417757477
1,-60.4459345978705,-64.2599092313139,6.66158212703022,7.09901902654362
2,-59.28916957791,-61.4775404765625,6.71751533718648,8.20097251390744
3,-58.2397078277285,-61.1597189513163,6.51935633629189,8.62761400523037
4,-54.2606040141923,-58.5755231919831,9.43427113924863,8.93893140019495
5,-53.8893437858384,-54.9874628664377,14.2996929321852,11.3302163830417
6,-52.605368066058,-56.1812164024233,20.0992288597056,15.1068790640396
7,-50.9166453286554,-54.6539204303679,25.8517965619336,21.499489725328
8,-48.882474076082,-50.5729803170161,29.6450362145199,24.8055377531536
9,-48.4582582867274,-51.0385847173587,32.3664469492835,30.0585140886572
10,-48.2777012258929,-48.2352574072855,35.2610418316977,33.8271132480007
11,-44.5992982945656,-46.621085271208,37.4824356663653,36.5804236673486
12,-43.0724874468721,-44.5894521702773,38.9930520511352,38.3895239911746
13,-39.4902768285106,-44.8614576980431,40.907639962329,38.8767531942308
14,-38.6122266160742,-42.8787289637289,41.3328712347444,39.6361027583229
15,-38.055444143329,-40.046574357529,44.2216772209428,40.382214604586
16,-34.2151870184088,-39.7159047501463,47.4457519672126,42.4310926761576
17,-32.2795370847268,-37.3632274192452,48.6816964277851,45.3643701450179
18,-29.3205884382916,-34.5255339401498,51.5773431478447,47.4133799902984
19,-29.1576037056984,-30.5177800048034,51.3997095515022,49.3932819710557
20,-26.6646284150348,-30.527048981812,51.1228105699866,50.5677618065978
21,-24.8168071773784,-29.0553750514884,51.3826044231515,51.6552149454416
22,-20.1580851864994,-24.4711386471861,50.9434307605159,51.0156893576228
23,-20.1278114535337,-22.2923273822323,49.7498408574248,51.2602895132758
24,-17.8198489442744,-18.5019055854271,49.63248503414,50.3466104155402
25,-13.5476283910648,-18.3399382901546,50.1728554769528,51.5091290148499
26,-12.0319506976387,-13.4194532401432,50.5125371349487,51.3513891127038
27,-9.16029164428638,-8.78597703108379,50.6711798891934,51.9526535984731
28,-7.82858748418749,-8.5957832193906,49.9728494258716,52.6641817131364
29,-5.47477645552164,-4.82226072356132,48.8161119488237,50.6456615818984
30,0.372490283627811,-0.342424034202715,48.2849753466309,49.063765450173
31,4.25998608594116,3.59095235566137,44.3126092747776,46.8372863975843
32,5.14744301318206,5.00527125293661,41.1786281128051,42.867301485307
33,7.16270965551447,7.94907650436071,35.7309290970773,38.1227955368949
34,10.8896066260255,11.517094056078,32.0160571264419,31.7848357645057
35,14.9307053994253,15.3659546327875,27.3836970910375,27.089594939246
36,16.7406528499715,18.6396885799722,23.6860026712547,22.5134648197691
37,16.8239127357804,20.6177714576035,19.6634041751529,17.9558947925878
38,21.0892884833578,20.2748759567129,16.3409753235199,14.7374863630783
39,24.566138636351,23.8354697784965,13.3842273448544,12.0141032843854
40,24.6678734430028,27.3251060947229,9.34946763843821,10.3364373719179
41,30.1686311333422,28.3014996770893,7.03144613043597,7.89269862665585
42,30.4338355723012,28.6666060441418,3.08226179002695,3.82052936124965
43,31.9699096765421,32.3865527187944,1.76233821474261,2.30685970710764
44,30.3042758382041,32.6118482684848,-0.0966299623525381,0.937645134157175
45,34.6344133898847,33.885167809232,-1.43796288990737,-1.16496464568319
46,37.0044963724681,36.5867428344608,-3.34213352512025,-1.54099627850247
47,36.7297032092708,37.9314135143085,-1.96722003861522,-1.52102863467954
48,36.0226121023132,37.4851212589607,-3.53708498630731,-1.50266255210498
49,36.8843314977678,38.3741401192079,-2.09352661337532,-2.174130628528
50,36.8118735277348,38.4406893610455,-1.45920677580858,-1.56314035057058
51,37.2105803597278,37.6191121929456,-1.3094213326626,-1.15860014133771
52,34.4070538205434,37.1311935881168,-2.07158552848624,-0.557745000925809
53,37.1014385815881,37.8132075995897,-2.01067135477,-1.91842631370503
54,35.2601225364288,36.9546354599282,-0.840926931177886,-0.811723353358732
55,32.9005568194397,35.9092982392178,-0.763741394315935,-1.00376436842747
56,29.0993013629935,33.4806690025001,-1.56511495010383,-1.37994363150195
57,28.4525497815694,31.6990590109197,-1.28577820921631,-0.544915393241241
58,27.0056555898921,28.627194367877,-1.82434014382349,-1.55361162324879
59,24.5907489472195,28.327473136904,-0.258789097170563,-2.17069488612412
60,21.4107323484244,25.3722885023719,-0.867767626302245,-3.20832305738122
61,21.0354114268297,26.500347924967,-1.2041472089815,-1.75730380298143
62,17.8614564213688,21.2926913189649,0.121031933588736,-1.3024358851618
63,16.4831781701039,18.8501456253648,-0.542922388398533,-1.50779457026187
64,14.3252166599813,16.7699256667327,-1.02162114490413,-2.23909668884852
65,13.3435179785069,12.8128715378267,-0.829211761334231,-1.28831019281041
66,11.1454288725146,9.48012433563942,-0.937779896107997,-1.72342016773158
67,7.05871265653335,7.15280039679759,-0.0770752988078305,-1.81355166797415
68,6.38072595141502,4.03016731959236,-0.504619731192033,-1.06194079192174
69,2.17154336349971,0.532081033512697,-0.496133075949378,0.9891452411156
70,-0.895423936803933,-4.62463210103645,0.0784788016182953,-0.583964824105417
71,-2.49955291874636,-5.44243570167372,0.0681683492751194,0.0718040114527168
72,-6.23660477995262,-6.35801191503061,0.406351308502605,0.299630567304383
73,-7.56740042021405,-9.4307846447018,-0.147746939781637,1.27738187761821
74,-9.45798164139417,-14.6723326162494,0.817970649555789,1.425588572688
75,-12.0662044200946,-14.8104337040416,-0.122464470254886,-0.0379113417548436
76,-14.1410863646162,-18.9759965459326,0.584331883008413,0.563689335649654
77,-17.1195711423669,-21.1292405476102,0.684212576456902,0.794292529987388
78,-19.6696663759019,-25.2101248595169,0.168974228626808,0.845888874236338
79,-20.582526793692,-25.8507216586881,1.12533097017021,1.13592137446257
80,-24.4460686440375,-27.2901207566525,1.25910041608392,1.04143674336303
81,-26.1635741158125,-30.5954303334716,2.15226396693712,1.39055407945164
82,-28.1198204321292,-32.0541284605251,1.06400114694634,-0.093857825644041
83,-30.8080655841623,-35.5516566919386,2.3986347100186,1.00275697127294
84,-35.4711668037231,-38.7410390236883,1.98662768018736,0.476812831378522
85,-37.152319138393,-39.2668883129844,1.80346118382331,1.53146573572669
86,-36.6820734474252,-42.5172538448122,1.23204017198752,0.898260124164485
87,-41.0644460468948,-44.2182773838684,0.931545959374347,0.469493081525078
88,-42.6920946286235,-45.3883149453751,0.255445260600046,0.863766381986837
89,-44.2714714390094,-50.158249804437,2.63475979675407,2.13318601571937
90,-48.8998194830867,-48.9340286157867,2.7226688129703,1.76377340875596
91,-49.9232746186567,-53.4511656394592,4.00989211073047,2.84128213777922
92,-52.2885824838635,-53.5265601087198,3.4673456682411,3.51290429525781
93,-55.6695417473347,-55.8036900064204,2.62747466883734,2.49119684280166
94,-56.0903109236502,-58.9146122103231,4.19110525148101,3.89733290057344
95,-57.8192954684998,-57.2913410251199,4.63047338695227,4.69815076678975
96,-59.7676185531276,-61.4868793670129,5.53980275792831,3.57119396663952
97,-58.5137167499946,-60.1787894733657,4.9629265814568,4.09690876518754
98,-58.5231329793155,-62.2046265148508,5.82081998177759,4.61335649092625
99,-57.6299952098777,-59.9412915557845,6.38645644330985,6.89161573696334
0,-65.2500985850807,-60.7604499538548,8.9322485377592,7.59194672452925
1.02040816326531,-63.5785402763423,-60.7998062335343,9.40934646244992,8.46266722693924
2.04081632653061,-62.9663610410063,-60.3199832360463,8.20521897429678,9.19048065577778
3.06122448979592,-60.2357746104449,-57.8530267817813,11.2832737741451,11.21825208562
4.08163265306122,-58.7100060657837,-59.8596274521455,12.5711250308698,14.0821479047694
5.10204081632653,-59.6171635836126,-53.8461314751692,18.5271061088385,17.4690782913028
6.12244897959184,-55.9084726162034,-56.3755125732185,25.4198441947805,21.5627028231527
7.14285714285714,-54.6383785434989,-51.9438317382938,28.8876931799563,24.4150166894985
8.16326530612245,-55.2189279460408,-51.393633520015,33.93693173359,26.6575388216455
9.18367346938776,-51.2537795961191,-49.5217203545287,35.7472378275899,26.7109042332726
10.2040816326531,-50.6795668149835,-49.9069359032283,36.8475348800891,27.6938892684046
11.2244897959184,-46.6444642771151,-45.9276640514193,38.1568389283929,27.2896866945256
12.2448979591837,-46.6296148329403,-44.8600667619908,39.8119787018123,28.9502546118674
13.265306122449,-43.4353439863492,-42.8302404069442,40.5757713493265,28.7874405083276
14.2857142857143,-42.8429716982317,-42.44644021416,42.6811665412863,31.4682147402502
15.3061224489796,-39.9894210655438,-38.8233035932239,44.9266607607111,32.3212406726303
16.3265306122449,-37.9390994568298,-38.622086298203,45.0264720546131,34.0826642482066
17.3469387755102,-36.992105718202,-37.3118891288611,47.6495690720327,35.9537869238724
18.3673469387755,-34.75292315247,-32.8033887850057,47.9238336919715,38.708594852552
19.3877551020408,-31.7286917803853,-30.9035484700999,49.3550910941389,40.4610862037003
20.4081632653061,-29.561628661382,-30.3670156326901,49.8670131444262,41.5328305237701
21.4285714285714,-28.1555229829879,-24.5037152692807,49.6823717773969,41.7318154316304
22.4489795918367,-23.6379540624884,-25.4378462461493,49.8060869803493,42.8389134483118
23.469387755102,-22.5143405144135,-21.6621020201408,49.1758277528424,43.1376121436907
24.4897959183673,-20.3800618813454,-20.5188389610843,48.0584181497769,43.2288355238097
25.5102040816327,-18.0710642874197,-16.3538671135378,46.4043178940171,44.1742218108777
26.530612244898,-14.4658899007232,-12.7652589760379,46.8326536718583,43.8640803357242
27.5510204081633,-13.6309451623623,-11.0675936809927,45.3529405325508,42.5420547750031
28.5714285714286,-11.4184057886204,-8.25073949837425,42.9129706713545,39.9013820856832
29.5918367346939,-8.8741097665109,-6.19493418704086,40.6875432095834,38.8473469204927
30.6122448979592,-3.59267286230536,-2.99959982948481,37.7634418367227,36.2942616214149
31.6326530612245,-0.692791409722874,0.242353753012142,34.7637991180823,33.8369587963532
32.6530612244898,0.159950509084382,2.64857434947997,31.6033997809562,30.8674519340691
33.6734693877551,3.6439730456868,5.48270681304613,27.8705221181305,28.034161520618
34.6938775510204,7.56972704541021,9.38637294174806,24.5278671737646,26.7322271979068
35.7142857142857,10.1214250262202,11.7814048773038,21.9492655942821,24.311405900891
36.734693877551,12.8044198058546,15.9681310387757,21.2084547379216,20.3844612459621
37.7551020408163,15.8724022609036,17.8389843348227,19.0418485510765,17.5619029680115
38.7755102040816,18.9859342180609,21.255254020248,16.4481349914243,15.0570210819465
39.7959183673469,21.8570014556855,24.839508170598,13.7935420054384,11.3985383319279
40.8163265306122,24.0865378721448,27.3365089084781,11.6170848683221,8.96475168327911
41.8367346938776,27.9653297875095,26.5471617899396,8.29008571678801,5.50922141154868
42.8571428571429,26.6084958198106,30.7788093952861,5.66240449777419,4.69177634878923
43.8775510204082,29.817702473921,35.5144652208437,3.16639126234499,3.91192600388175
44.8979591836735,32.3291719762326,36.729812294954,2.73094689423693,2.57342041874728
45.9183673469388,34.1584721289793,37.4590588308838,1.02713745331678,1.47134597245316
46.9387755102041,36.2067392964294,37.6533306296133,0.843558948535542,-2.00271625460273
47.9591836734694,35.7036781705773,38.3387335834359,-0.906451888702277,-1.58941184522079
48.9795918367347,37.8047911220478,38.9676397977737,-2.15997250555756,-2.8406400770343
50,37.423982866311,39.9738242461762,-5.04940883439802,-2.39512742960171
51.0204081632653,39.681820848371,41.8478721443902,-5.12706761944489,-1.96380573610545
52.0408163265306,39.4284374604651,39.9544043888398,-5.36649457797123,-2.87267803664727
53.0612244897959,40.3837367035648,41.4994511888513,-4.85821882453943,-1.86589306193632
54.0816326530612,37.7109046328431,41.6403387812232,-4.91364892854115,-0.441183639665171
55.1020408163265,38.4697403101822,40.0538106973416,-2.68139782760356,-1.39809311177481
56.1224489795918,36.4280090234656,38.9731955182321,-3.1023570523097,-0.35852727252585
57.1428571428571,36.6009599211047,37.8788048697923,-2.39708921164014,-0.505109767851326
58.1632653061224,33.2542047504455,37.3006479840441,-2.26288198339319,-1.53007809058306
59.1836734693878,31.9433265633291,36.0217365809336,-4.18054695135372,-2.05379009151581
60.2040816326531,30.5262300516389,31.7220937440408,-4.64324741526975,-1.56530899340252
61.2244897959184,26.3925751868435,29.4974301873375,-3.96501161576235,-1.81694984605116
62.2448979591837,25.8623180178236,30.4567715304235,-4.06727256901131,-1.38714762772635
63.265306122449,24.2756966203013,27.4759634520529,-2.81485837763574,-0.530921795319033
64.2857142857143,19.5765940191802,24.2580631934543,-2.27895974690289,-1.33530807553463
65.3061224489796,18.2913098456195,21.4083416554698,-1.67040635060015,-0.903878680458182
66.3265306122449,15.6395044049041,19.3010000453886,-2.1293691247835,-1.42067167309451
67.3469387755102,12.2925718533873,16.5618342588705,-0.951400151694133,-0.839993783323068
68.3673469387755,10.3445942387303,11.5532544361673,-1.52900750045262,-0.959125734624096
69.3877551020408,6.9089103969713,11.1076776183052,-1.8274773094359,-0.536444228119804
70.4081632653061,4.43727235498637,9.1745509096255,-1.30360459119285,-0.262254181110403
71.4285714285714,0.948429924156973,5.12214764758622,-1.08812489774897,0.310692797347211
72.4489795918367,-0.939151088153693,2.55010516680009,-1.79882486870782,0.229090097888965
73.469387755102,-5.89483159650494,-2.52071971037464,-0.673698116729552,0.641007473608588
74.4897959183673,-8.52884067412299,-2.37519040860661,-0.404984660432986,1.68244140573609
75.5102040816327,-9.77031592804006,-5.76621430344938,-1.00876181160023,0.111217575195546
76.530612244898,-13.3027994974336,-10.6837849847234,-0.481201722022704,1.12001631493115
77.5510204081633,-13.7735344664328,-12.419702033521,0.462851740975284,0.107952258826208
78.5714285714286,-16.0875505344047,-13.4519333525692,0.348725116950352,1.11481987086346
79.5918367346939,-22.4750526676879,-17.9277931416145,-0.117945254944546,0.0403311258260713
80.6122448979592,-22.6117069485175,-20.5018126968924,0.0893383546223649,0.839484508020174
81.6326530612245,-27.4511423734364,-24.9442322074384,-0.016943430618714,0.466232170562164
82.6530612244898,-30.7980330792412,-25.9775953986099,-0.166607894579039,1.29657615042593
83.6734693877551,-32.1256199702191,-29.2934091228176,0.560563848688863,1.12496629518139
84.6938775510204,-35.4848698399973,-32.3064121467938,-0.0530238131172223,-0.131500464382553
85.7142857142857,-39.1416830229765,-33.3191775741281,0.45283697389168,0.0929822211275899
86.734693877551,-39.3136834551947,-37.2751315452452,1.0349092646757,-1.00394285806332
87.7551020408163,-43.2270769841504,-39.4152156167991,0.898741988999764,1.11750013675347
88.7755102040816,-46.6359819214716,-41.8030659915624,1.56460291836149,1.55112260909275
89.7959183673469,-48.1132849933341,-46.1158740807276,2.73362073561681,2.32632990765416
90.8163265306122,-51.8417315282757,-47.8165237267087,2.60887325168883,2.7372002365085
91.8367346938776,-53.4250488130554,-50.5517104585975,3.9524827301828,2.43691177950726
92.8571428571429,-55.3254212301636,-53.7731005892069,4.28654467721133,3.07698368688092
93.8775510204082,-58.827190927695,-53.1028718123515,4.24808945699777,4.10131224705824
94.8979591836735,-60.6997372292207,-57.0223410263413,5.56310906905189,5.00401259137125
95.9183673469388,-57.4174297162395,-56.8001173354223,6.54954022156258,5.74627181882203
96.9387755102041,-62.913092184748,-58.9067526911706,6.62397744063855,5.44392004654435
97.9591836734694,-64.3116167222193,-60.112571888953,6.67156416510704,5.89733339418651
98.9795918367347,-62.5888164712852,-60.5272631006959,10.2376198267212,7.57428527468504
0,-62.6370385890955,-55.820477291475,7.59095571804347,3.90162302661611
1.01010101010101,-63.7478526981248,-55.5059195801508,8.12618329585483,5.83117260238113
2.02020202020202,-62.7933204572448,-56.2816694244865,8.32427107078635,5.95844722319072
3.03030303030303,-60.5849569560583,-54.3985299292339,7.59599193503098,5.20765202593375
4.04040404040404,-60.1929126710956,-55.0227933434555,7.62102239793458,5.97612977569842
5.05050505050505,-60.4166720076876,-53.512127746514,11.501339232969,6.26818948496344
6.06060606060606,-55.5788105455826,-50.5722149631412,15.7235792968929,10.8487846619877
7.07070707070707,-55.1631483587968,-49.417675659765,21.4028449391487,16.1045757295192
8.08080808080808,-52.4050144967954,-47.4290778385912,23.8720205959387,17.2889860375303
9.09090909090909,-52.1744271331212,-45.2070553429026,23.3904026839964,18.908010292288
10.1010101010101,-50.5685977619686,-43.8986359863204,25.696195888392,20.3514597967746
11.1111111111111,-48.0329990058312,-45.2772170519087,24.5091622485541,23.4315802109144
12.1212121212121,-47.7703312586395,-42.5517741204342,25.834407909967,24.8136557060313
13.1313131313131,-44.1866637151136,-40.8784176880787,27.1237722898768,26.7486173808529
14.1414141414141,-45.2379133180227,-39.3201480357358,26.5101678630788,26.7894156230528
15.1515151515152,-43.99692478643,-35.0235789863181,24.3456977315011,26.6523772029921
16.1616161616162,-39.7804663786596,-34.1441704080705,24.715102999636,24.0092285867168
17.1717171717172,-37.2384854265029,-31.389817405168,26.5230199772745,23.4528909339571
18.1818181818182,-35.5329276798394,-30.8381527004003,28.7791461292331,22.0784159308422
19.1919191919192,-34.6280268497622,-30.5701041695548,33.2216035089517,21.9777434699096
20.2020202020202,-34.4281664340714,-26.583604565326,36.6791524142308,23.5561476766511
21.2121212121212,-27.3654113145432,-23.8857843766307,39.0721520375664,25.85466700742
22.2222222222222,-28.7279026584472,-22.3931034061491,41.0959067248406,27.4441261537576
23.2323232323232,-23.7794791035261,-19.4306132789023,41.8721251890273,28.6734275982059
24.2424242424242,-21.5983020781441,-15.2137304683177,42.127423491664,31.0300914660497
25.2525252525253,-19.8951705294591,-11.3840702113553,42.4793734228179,32.0024984825535
26.2626262626263,-15.1701947197252,-9.10412776737322,43.7416489152365,33.2512663063916
27.2727272727273,-15.1383366217115,-8.32906176064795,44.3063027627546,33.7807731850343
28.2828282828283,-11.9538852916537,-4.68161489204243,45.6985660968327,35.1973491988872
29.2929292929293,-9.66170805258549,-0.842469119451192,44.3012377947853,35.4177903786746
30.3030303030303,-7.1027481790149,-0.195770612176888,42.3164559421248,33.4567963338249
31.3131313131313,-3.43715572375501,4.21770352147006,38.2074043760851,32.1154523933383
32.3232323232323,-0.353918560994478,5.82335609423155,33.7926729666384,30.5841901641513
33.3333333333333,1.43628869375443,9.07269311012034,29.2776743988796,26.923978034515
34.3434343434343,4.23980713675708,14.4875383357807,25.2729277482819,25.2678212272105
35.3535353535354,8.92783836851049,16.1600582447863,22.2174039715089,24.2057029220287
36.3636363636364,11.3945199778707,20.7550353654651,20.7295456279958,21.5335831799375
37.3737373737374,12.959694033069,22.9277588738741,21.3269432218275,19.1537599408383
38.3838383838384,16.6043664552426,23.8283805222621,20.2363569843791,17.7479873084509
39.3939393939394,19.3374325971092,26.9900013615312,18.6624227391159,16.9287881652647
40.4040404040404,22.7972662977519,30.6009171748504,16.6869750509397,17.2400379079601
41.4141414141414,25.4137258246941,33.2708582318222,14.4475463027603,15.0443085215483
42.4242424242424,28.500032549534,34.9634379218173,11.1433318466406,12.3181891402993
43.4343434343434,29.2906828486195,38.9255586737595,8.5653026836295,9.29968877470178
44.4444444444444,31.9060241307513,41.962008622103,5.74317992594104,4.38143080989691
45.4545454545455,34.2160176264971,41.6113730355973,2.65535919617703,1.64451121766969
46.4646464646465,35.9198191282856,43.2515926141851,0.810469910068542,0.412920303304624
47.4747474747475,36.5124508583977,47.2091406116679,0.430179367595188,-0.718387277918314
48.4848484848485,36.3429568933397,47.8959976840122,1.34681904040533,-1.91986941076367
49.4949494949495,38.8150082193186,48.7183534714548,-0.510935364199894,-4.17637372929545
50.5050505050505,39.7251607473624,48.0167321111394,-2.25198537511811,-4.20051713839127
51.5151515151515,41.3957764779902,48.4642359592414,-3.3674926928703,-4.4357867030568
52.5252525252525,40.2014477185018,51.3349073329914,-3.32626556857796,-4.00867784160699
53.5353535353535,39.7172049241668,49.9451137626191,-3.13990464812835,-3.30251981026082
54.5454545454545,40.8906268922172,52.0097157514662,-3.03998101068534,-3.01747700958675
55.5555555555556,40.0680000543706,49.0254286984598,-2.36655321964901,-2.70038117632411
56.5656565656566,39.764710618287,47.8785718641597,-2.35130753683937,-2.15613589317483
57.5757575757576,37.4668197596712,46.7115191929939,-1.89862664495996,-2.06635318793729
58.5858585858586,35.9140625689028,43.6835084430438,-2.1714040389402,-2.59543289671843
59.5959595959596,32.9358976618215,41.37994855057,-1.96141553190289,-4.0641328614594
60.6060606060606,33.4585976381126,39.0115701768638,-2.93499132551297,-3.06176218803657
61.6161616161616,31.9518963057963,39.306433216363,-3.30847741160967,-2.75023884603804
62.6262626262626,27.3526174450377,35.5126543525821,-2.30046404348842,-1.87180509331258
63.6363636363636,26.280273797361,35.0723088255729,-2.60429447575703,-2.89622706912319
64.6464646464647,23.86369793547,29.9992861072077,-2.3570089540714,-2.86650412767003
65.6565656565657,20.8919182970785,27.5039081113495,-2.01415245250888,-1.99916895172143
66.6666666666667,18.8010666905966,23.4415596935141,-1.91186309903599,-2.70152986261529
67.6767676767677,15.0312816847846,21.6376331429711,-1.19498076160856,-2.28745036574872
68.6868686868687,12.4958932784728,20.7305104081468,-2.31848240144325,-2.13913236819853
69.6969696969697,10.5928772319676,16.5567515924063,-1.14377883928471,-2.11479949088496
70.7070707070707,7.32760259554891,14.3150487886694,-1.35929138602786,-1.01113944912944
71.7171717171717,3.21210667895309,12.7134443223753,-2.20059709827628,-1.83375392949922
72.7272727272727,-1.0409126638428,10.3587487513298,-0.0612725059596801,-2.16010496804982
73.7373737373737,-1.0657846366986,5.68467186170747,-1.53240325178738,-1.1422301170802
74.7474747474748,-6.65257887430998,2.45330053272987,-1.04173771987305,-1.25374537690257
75.7575757575758,-5.86723564185146,-1.75335076973005,-2.14061629761304,-0.88846641571401
76.7676767676768,-14.3587380294446,-4.95459220843122,-0.876947046086379,-0.470953083131558
77.7777777777778,-14.3431193364059,-7.60833978776269,-0.34555946664968,-0.348259639774246
78.7878787878788,-19.7659104016595,-9.75205636347868,-0.583849949347701,0.076535917855364
79.7979797979798,-18.6494244180577,-14.1803187702999,-0.0519723896578509,-1.01733987514153
80.8080808080808,-23.3431916101938,-17.4327576329185,-0.505815001295856,-0.00174456996687844
81.8181818181818,-25.909900651059,-20.9174522055702,-0.382558358103868,-0.246331106686179
82.8282828282828,-29.3644256171926,-22.9580796918652,-0.959861229283128,-0.91793672087691
83.8383838383838,-32.8915795453615,-23.7596191784247,0.0887108384061112,0.015242345810058
84.8484848484849,-35.3852806136806,-26.7974241729697,-0.141410583564582,-0.0758670002378097
85.8585858585859,-38.5867422232073,-30.5804749371242,0.586706834553147,0.0758226049029911
86.8686868686869,-39.3142985022633,-34.343082071499,0.802947883365466,0.842668002067254
87.8787878787879,-45.0019991101599,-37.0345091028823,1.35735763098525,1.64732721241821
88.8888888888889,-47.582574058096,-40.3718300696085,0.678961959251013,1.09408225447075
89.8989898989899,-49.6677701351077,-42.9849515099786,0.605811578481641,1.8530412571865
90.9090909090909,-51.7763933623168,-46.1381805057391,1.91976290600539,1.9811308010664
91.9191919191919,-53.9124485353557,-49.8073301690663,2.14628618637688,2.35802739938302
92.9292929292929,-55.2925824815886,-48.3324481782219,2.52846710475096,2.33867952060597
93.939393939394,-55.7158839656419,-50.8696926141711,4.24815477441762,2.15640550009092
94.949494949495,-58.5060732484145,-53.078663539653,4.32175632183496,4.02771685246328
95.959595959596,-60.0594974908445,-55.8103605815794,5.44910467596106,5.18093844200499
96.969696969697,-60.714803932298,-54.7198189415746,5.86921902222256,4.59678015470246
97.979797979798,-62.2938935613559,-56.317730603638,7.2486897718127,5.73600396742092
98.989898989899,-61.0551385495519,-54.3934213494167,7.27795570074331,6.66829781009758
0,-56.8585253498292,-56.3230090531544,6.93743255922381,6.28616643248173
1,-57.4634812709312,-57.7628750918287,6.2892092614158,7.11774796035891
2,-55.7297450103394,-56.7730840721764,7.28731257397242,8.76373280300821
3,-56.5103172483599,-57.1564909948237,9.31045176709353,11.7207682963111
4,-56.5208385216472,-53.3368366477592,12.6630955489339,13.8331870055458
5,-53.7979666580045,-52.9727146522625,14.6808801136585,14.5964946749277
6,-52.2083411595079,-50.2306891756956,18.2914620415673,17.3503404936665
7,-50.7665980305412,-48.7999026564253,21.008676006739,20.1925445630525
8,-48.6546384085478,-46.0477879619104,22.2780008544007,22.8028364684921
9,-47.2376954406669,-45.2937475349694,24.4739718457751,25.2922131195313
10,-45.0653099169518,-44.9032853814703,25.1878377865752,26.0388338338127
11,-42.0451025242849,-42.2551080400753,27.0723863613773,27.561213532391
12,-41.1600235733332,-40.5160944153781,28.8246664785233,27.8396470599296
13,-40.2079375910135,-38.3261115796115,29.9645633105077,29.5510172753441
14,-36.7224502105495,-38.0334328793653,29.8631043481225,29.9073374192507
15,-35.7578634385746,-32.9541464129671,31.3605625128309,30.7318584477119
16,-36.5417156932107,-31.131912925477,32.9921181722248,32.5944883844224
17,-31.2819338358559,-31.8425039369466,34.1329031560402,33.9572781898245
18,-29.7545171016621,-28.528907908287,34.5910483084054,34.279786311379
19,-28.8263008173429,-26.2127483156484,34.3089127563952,34.4458893744915
20,-27.0292566628562,-25.066369936893,36.2569951086403,35.1647643959513
21,-25.1018374565278,-20.7019681302533,35.7236305864648,34.8184886639917
22,-20.57464333818,-20.3606796368759,36.7956559987,34.1201148119608
23,-19.4657689310778,-15.5803910040063,36.1839791832227,33.6389415026843
24,-15.3551004486985,-14.631875862646,36.6128015096558,32.8794637942605
25,-14.6007812987008,-11.5847225562517,36.4998932482371,33.2733037263126
26,-13.782871042526,-7.9796655636864,35.9926205456512,33.4577736223447
27,-11.6393260224436,-7.90630808507585,36.7918187051261,33.1005007182543
28,-7.62591326998563,-5.65166376776908,35.7331073426883,32.5416996962732
29,-4.26929170483513,-0.0213980987754763,35.0664982115866,32.3146594628246
30,-4.80302162249806,1.57227800357043,33.8888170112657,32.0647697404771
31,-1.19864491549669,3.62638909840603,31.4920248097177,30.4973438488929
32,3.01324106820612,5.26902372785272,27.2145589647489,28.8526956085939
33,4.22167096246525,8.46475168385192,23.899718163082,27.3977742677805
34,7.46405162376648,11.83066396415,21.0137627805309,25.0927800613494
35,12.2263091830177,14.9827096147587,18.3448808700847,23.5791718215361
36,13.1986565716317,16.9890309126495,14.6399486726392,21.6714778569436
37,16.8535102093976,19.53933124779,14.988850200619,18.1867781303249
38,21.802028852803,22.1134948069567,13.6619732075723,17.2841559464411
39,24.4967393890978,25.2824880986492,11.2295029188987,14.7691759063265
40,22.498730436864,27.5318839401792,10.8512417383631,12.0899864917498
41,27.0253135340612,29.1442327298796,9.7180373861593,9.67372577270725
42,31.4303792043562,33.07569989313,7.62159678584635,6.99048676989495
43,30.8054121621122,34.8337074268428,6.16083520465687,4.60399138025412
44,34.1392818022641,36.1381129517771,5.43036047865181,2.77044751408209
45,35.3595225113245,36.4895800513979,3.0372849533666,1.15053142961621
46,35.9364259999876,37.4940176105924,1.42474684673467,0.2356273362123
47,38.9542663037258,38.0598410725596,1.47238234511579,0.0138527334683899
48,38.9268656473005,41.7894201583408,0.810982747659624,-0.933559710481204
49,39.4898335135259,40.9163327522282,-1.11094762423024,-1.79611770699198
50,40.9829639405467,42.9091778341362,-1.11506748602635,-2.15350203952328
51,43.4377561105163,43.580283392115,-2.12913216717851,-2.80195026079926
52,41.3708322266444,43.4749193096709,-4.07775416874188,-2.19748772279079
53,43.3494110566199,42.3903267601679,-3.28346123768538,-0.928141021973766
54,42.5476605350039,42.0492573111621,-4.16847761892716,-0.554152151983533
55,42.4608250494533,43.3913535787037,-4.13614244407385,-1.4408438920713
56,38.4033498061403,45.3049702115362,-2.14205608849566,-1.19512590546552
57,41.2941745256707,43.0460756517885,-1.63245467900102,-1.67081254720298
58,39.4019852149672,40.2107689873746,-2.337047458058,-0.334472056605598
59,37.9707236931878,40.1023108587869,-1.38802967101001,-1.7717780438997
60,34.7135819280529,36.7595973783973,-2.13643345514822,-1.41772298776513
61,34.9836732593439,37.4273903152219,-2.02379514567152,-1.83070844597399
62,31.7700771057412,35.0912917680428,-2.53843533386864,-1.49080301484775
63,29.3893793288631,34.7792566902374,-2.92222514675259,-0.860851102881975
64,28.1249065483798,31.9941756501801,-3.37336368804065,-1.53789138908269
65,27.4419310409511,27.5429099664908,-1.35664188430133,-1.75562245311499
66,28.3210960603784,27.5030973704239,-1.4044976570593,-1.36696961551783
67,21.19204540254,23.757022095452,-1.62175903783845,-1.62834160613757
68,18.4135299634774,21.9402344591052,-1.06657948217587,-2.15186008826084
69,17.9737309124536,18.2960420658251,-2.97151258482102,-2.00075624778365
70,13.5445087246696,18.9214855370961,-2.98610313614533,-0.312156454979434
71,13.025465917979,14.8062821161503,-2.46037086405506,-1.25332602062095
72,9.68834610060792,10.5581704421326,-0.768743969252359,-1.46437146751679
73,6.88051503002596,6.9370639170857,-1.945670875765,-0.435021617987718
74,6.0762829230914,7.88393227517345,-1.81836322287951,-1.12454908780037
75,0.726040284040143,3.39246404927215,-1.6231186720797,-0.858529984022317
76,-0.263627602823723,-1.01161351189895,-2.12069049688881,-0.61636626110068
77,-3.91618753140954,-3.83791114915255,-2.09374481104057,-1.02849360674459
78,-5.35555651312848,-6.65795210561513,-1.90253604315845,0.664279427411087
79,-9.88840094557558,-8.63071886591517,-1.40883497118401,-0.189995398452612
80,-11.2842379654587,-13.4415959133159,-1.08669033527669,-0.185571207011983
81,-17.3892266771391,-14.1812905842785,-1.20217035875146,0.796505448102248
82,-18.7318424730999,-16.979636939408,-1.53283698886385,0.450256004695872
83,-20.7953924165882,-19.7112341223455,-0.593271827937483,-1.02279886414946
84,-25.2562151538361,-23.0110010371444,-0.849929602856681,-0.45496999405005
85,-26.9273052508228,-27.222687990773,-0.372079197143277,-0.156897822001429
86,-29.0305709562915,-30.3440147420307,-0.640732163677655,-0.241009071902019
87,-34.0030481443064,-33.408402421886,-0.327216671706621,1.19299184628912
88,-38.9350528019919,-35.7927867755737,-0.406611735682136,0.808743363165669
89,-40.5900181836932,-40.4426839260362,0.187575866554525,2.09495445718315
90,-42.4191342580394,-43.201459920609,1.90411513151132,2.63925772317016
91,-47.8918118170861,-45.9185316616116,2.68749820560389,2.35284544195811
92,-49.013706585157,-46.4664153766945,3.11757776791101,2.15801544514768
93,-51.7713731750935,-52.0260757077072,2.89623942475804,3.37680921548736
94,-51.7961253437626,-52.5752876152157,3.59406773864368,5.66247191716556
95,-52.7048793783199,-53.354404609593,3.99330592524685,5.76395998599989
96,-56.3349776235924,-56.4957513176387,4.44891601637538,7.68169950908924
97,-56.4772839176138,-58.3673006251691,5.60746463866701,6.77877498823408
98,-58.6378510081978,-59.0133073274668,5.95474100928017,8.02024209168237
99,-60.445143868135,-59.1938074093284,6.94264722892392,7.68845073616553
0,-61.2920913558482,-66.6605208921479,5.79876426310481,8.2406760454364
1.01010101010101,-62.3348848184451,-65.2971661801941,6.15842485506139,7.97475516710015
2.02020202020202,-62.3891750141962,-65.9790531346062,5.35033539860745,8.47214192847621
3.03030303030303,-57.8157162598201,-66.0901893420649,7.8390437131824,11.2455746037631
4.04040404040404,-59.0429885256308,-62.8488827491387,10.2688332905518,14.0771393082376
5.05050505050505,-57.7579200175671,-60.7291384616015,12.8709903960842,20.1032670650498
6.06060606060606,-55.4194781290615,-58.984932679026,21.5787919495885,24.8568198716608
7.07070707070707,-52.720285976862,-57.8184111824889,25.7656681604297,29.2341504709478
8.08080808080808,-52.0731230976797,-55.8855594473204,30.5297521949434,33.4582767401349
9.09090909090909,-49.6521919684021,-54.5257132268705,35.4649190282876,36.2921110293916
10.1010101010101,-47.8434489952346,-50.8653450524563,38.0691688275768,36.9634461429861
11.1111111111111,-46.6556978510012,-50.3098514094888,38.3472505267764,35.4340954134196
12.1212121212121,-44.8686751184526,-50.2440779131975,39.2668073011092,33.9294499193459
13.1313131313131,-44.4942837141151,-48.0117384261743,40.0965965032083,33.5129968148037
14.1414141414141,-40.719138854902,-46.6559511079119,42.2237862736676,34.1389868969289
15.1515151515152,-40.6382687556623,-43.8589390979572,42.864542787951,36.3170022482632
16.1616161616162,-37.1360273128449,-43.4264576929896,43.8928990780956,38.1171459144714
17.1717171717172,-35.1063678523829,-38.3323459206479,48.6222001195879,40.3729727657439
18.1818181818182,-33.498528715473,-38.0266302171018,48.5856566291208,42.5236340169822
19.1919191919192,-27.4587971702091,-35.2697058097661,47.9714865907717,43.4600198702843
20.2020202020202,-27.9359407397639,-32.8406811182704,46.9442821023841,43.6100294053122
21.2121212121212,-26.1746911793952,-31.6753908502426,46.3884438528028,43.5223365867977
22.2222222222222,-22.6736411941924,-27.209475067949,44.3215020521225,44.798194150614
23.2323232323232,-22.2206074579632,-25.8811823287393,43.0273990497557,45.0357494176293
24.2424242424242,-19.1291275822903,-23.2173401961416,43.0034494835968,46.1227582966128
25.2525252525253,-15.1737338068529,-20.7480790272371,42.6906433648155,45.8669317850863
26.2626262626263,-13.2289308036728,-19.0067331624013,40.8831046249677,45.5494149024593
27.2727272727273,-12.5707486327622,-15.1075307572006,40.0064916642204,47.3213668098833
28.2828282828283,-9.65137929106534,-13.1649862908344,36.1148547747893,44.8177609749439
29.2929292929293,-3.35510407613589,-7.76493716523375,34.0496332016773,42.637812711481
30.3030303030303,-4.30472169998647,-3.97923771837884,30.5111394208818,40.1619118936801
31.3131313131313,-0.00524254168981136,-2.66883955371338,28.1998074181018,35.9378893203348
32.3232323232323,1.87546565687081,0.374222382485073,25.0834478915435,32.7522300600642
33.3333333333333,5.39906012507582,6.17224284378194,24.0173528274287,29.3946419193007
34.3434343434343,9.87056508517811,7.1610900945751,23.6081357955107,27.1821530014035
35.3535353535354,11.8602722550044,13.5078719864625,21.3426659549272,24.4736311577163
36.3636363636364,12.5998183852031,15.4438373924742,20.4183017210977,22.6392702863427
37.3737373737374,18.4768181307375,18.3689660937457,17.369846744473,20.227361542072
38.3838383838384,20.7581025336528,19.704396433366,17.8363148217388,16.9705574954455
39.3939393939394,21.1646700063354,19.7139435183204,14.0012789875996,15.1461486765936
40.4040404040404,24.293272139105,25.4998496508566,11.8389419687027,12.886717337612
41.4141414141414,31.0572046103966,28.592827820114,9.62962626899122,10.1924778130407
42.4242424242424,31.3664279027769,30.9769497644818,7.04848485265377,9.70243756363401
43.4343434343434,31.8609728551667,31.4712893321511,4.60652940523844,6.26807517273249
44.4444444444444,30.8532512451897,33.4807969564385,0.514856154336083,3.48578210285586
45.4545454545455,34.783747083498,38.8790966141108,-0.899089624526212,3.31985256987728
46.4646464646465,34.2869250717916,38.0967344185843,-2.79627138972489,0.936285769379771
47.4747474747475,35.8327928626428,38.8466096254557,-2.29755747449608,-0.687265493692019
48.4848484848485,36.7672649623887,38.3227083601578,-2.84120736112509,-1.23727928749973
49.4949494949495,40.0155544406358,36.9476848967098,-3.10641509111323,-1.20788246364599
50.5050505050505,39.1557022242958,38.8083090400539,-2.39054190722617,-1.08562272399542
51.5151515151515,37.6355248076318,40.1018245013937,-3.3067755160091,-0.583556756664328
52.5252525252525,36.5477160808236,36.7407483852687,-2.11037079551481,-0.297630132426291
53.5353535353535,38.6259384134112,36.5682621342975,-1.89850087740517,-0.252409240888497
54.5454545454545,38.2345842280061,37.185806134,-0.984569858457307,-0.671762357673395
55.5555555555556,36.2763101743559,37.5026351783083,-2.09980822478772,-1.23701139451207
56.5656565656566,35.4684450383493,36.7655996523041,-2.11394721850927,-0.190807439864001
57.5757575757576,33.571348621012,36.6577865424175,-2.28909788001214,0.149096784045248
58.5858585858586,33.4973222681885,33.0938905887573,-3.17957761230686,-1.52257971479204
59.5959595959596,29.9950531391439,33.527363363453,-2.55781859545777,-0.13035540137097
60.6060606060606,29.7462557225851,31.7075705542974,-2.51187192026388,-0.908421019121856
61.6161616161616,25.7840713411868,28.063765073626,-2.58455591280929,-0.345988397228054
62.6262626262626,25.5789743131695,28.9484763564261,-2.18952586807321,-0.658606363695909
63.6363636363636,22.469524126995,26.1925331294192,-2.3298721929137,-2.38688557159843
64.6464646464647,20.1399794083904,24.1655167068899,-1.79657305477317,-1.1964067937987
65.6565656565657,17.8746133938971,20.0632242910984,-2.11263633554292,-0.777469006255417
66.6666666666667,14.4033051599172,19.4179646959028,-3.10832811268175,-0.267449519854243
67.6767676767677,13.0214918356636,16.9676501287572,-2.31559768878507,-0.887980230357611
68.6868686868687,11.2446660307714,14.50708566133,-2.77397376532535,-1.70512980265142
69.6969696969697,7.94424410027738,11.4733477551771,-1.56517444223653,-0.92991502214844
70.7070707070707,5.31716500416202,9.29648084388669,-1.96830339967292,-0.779466644023681
71.7171717171717,4.59272520325595,7.52916726787172,-2.02100662280561,-0.368116566779765
72.7272727272727,0.626269825581816,1.43883379576106,-1.87392303089102,0.10430389567814
73.7373737373737,-2.62810743699974,-3.00779919939922,-2.30956821040792,0.433373077334293
74.7474747474748,-4.97854373892348,-3.17180215756051,-1.78421070557781,-0.0411851690807494
75.7575757575758,-6.24932819292732,-6.38493769044387,-2.44610359797456,-0.556550763085336
76.7676767676768,-10.1759045791897,-8.84942023839614,-1.88483670062951,-0.217968647439739
77.7777777777778,-14.9041413823751,-12.7759730826979,-2.06155069824454,0.611830282599976
78.7878787878788,-16.1604102906929,-15.0173139208162,-1.17212648893749,-0.164827080559155
79.7979797979798,-18.636719056918,-17.2033037012245,-1.08857516307077,0.435854527548604
80.8080808080808,-20.1685285178051,-20.0863579719608,-1.72768600643112,0.575413293937978
81.8181818181818,-23.8490484209559,-24.0355390531369,-1.53587185239994,0.0535423876090353
82.8282828282828,-24.831594669379,-28.195140978775,-1.2974003359934,0.460840802624468
83.8383838383838,-27.990374064151,-29.2447800166694,-1.04326132577094,0.478056428854889
84.8484848484849,-31.8869372611564,-32.4312807091418,-1.00225657407902,0.112273877494068
85.8585858585859,-36.3349542611266,-35.2403482977114,-0.618580538559631,1.32977855491248
86.8686868686869,-37.4491592390843,-39.785505107636,-0.0349229181319336,1.7714501286616
87.8787878787879,-40.7357069777442,-42.6521544701129,0.0234381476585654,1.0689172896708
88.8888888888889,-45.2627276132968,-46.0482079274223,0.405032224367407,1.88307141885698
89.8989898989899,-46.2029378444334,-49.5160212459475,0.524527182244819,2.09468589853941
90.9090909090909,-49.2041977040185,-52.3264604091089,0.577086116318662,3.01852890678457
91.9191919191919,-50.1789430840309,-56.5062775536966,0.323072009822289,3.371289625706
92.9292929292929,-55.6547266239209,-57.1753754871556,1.83257374139458,3.12343352011143
93.939393939394,-55.2761480992711,-57.7982667626627,1.55142612444988,3.44834297984846
94.949494949495,-56.9433662988146,-60.8796605034977,0.320781982541712,4.64225402556562
95.959595959596,-58.4116324266846,-62.2056008378888,2.64782595499488,6.23289849229448
96.969696969697,-59.3410507151674,-64.2486130785611,3.85308270906697,6.84872822759124
97.979797979798,-58.9411131739612,-64.1208062120689,4.44113311224849,6.60759125067693
98.989898989899,-61.1662800811393,-66.4916736986704,5.30494227435726,7.97919809891063
0,-59.9733034398291,-58.4697454917019,7.68734653144858,5.83512249119467
1,-58.3054991465525,-56.6861446916761,7.25806660262875,7.44854096993896
2,-59.002137166118,-57.6080621308857,8.20257218351316,7.458033885684
3,-55.7522519786145,-56.0608748233669,10.190194806857,9.64398272323306
4,-56.5711697107431,-53.7977140187977,12.5072816994586,13.2551279585111
5,-55.3374983820549,-55.0062163584572,14.9829150902086,15.8858705928147
6,-52.507221259641,-51.409581706006,17.7891631140395,17.1121695136279
7,-48.8604622584865,-50.4318456634406,18.7527330089235,20.0155159395082
8,-48.4811908030449,-47.6251586849992,21.8798220254079,22.0373291659185
9,-47.6773115007631,-47.5920837833448,23.2267134706369,24.9961895165119
10,-45.6413078487677,-46.9191604817723,24.9057908573236,26.1884024109522
11,-44.9096848226316,-42.3730725660344,26.5148066640118,27.9336759892783
12,-42.8821780246907,-41.2598665730228,27.5038414563452,29.0345237410451
13,-40.2795425055667,-39.7621695896389,28.5127740087973,30.3830527110009
14,-39.1027694572853,-37.9472537478415,28.3249557144667,30.948119390914
15,-39.1205495863322,-38.1941677709825,30.6478353451466,31.0205275014433
16,-34.6228795624315,-34.5625081554353,31.454555222304,32.9640103328179
17,-32.5253220182369,-33.1162713340801,32.7990975296921,33.3098825283347
18,-30.9141974395684,-28.5233001273079,33.4876410995889,33.7480827511612
19,-29.7125029820807,-28.9780017432848,34.3501092281423,34.4906864561036
20,-28.4351052909457,-25.6569142004382,34.6878905507026,34.9728779808496
21,-23.2272355264045,-23.0048763823347,35.7131375272434,35.7908153815221
22,-21.0963018474823,-19.6946371130309,35.7534382774617,36.1962235434334
23,-18.5452738082139,-20.4002248921702,35.3906907517214,34.3239581481746
24,-18.8692856993157,-16.7730082465437,35.4484345087343,33.8932603803156
25,-16.5323781343741,-15.5620182821469,35.4450258933709,34.4455749533738
26,-14.8026022290658,-8.82319294867548,35.6680063717916,33.1049677278179
27,-11.1957308198659,-5.82873301116078,36.5422739093297,33.4872845176278
28,-8.38316591853836,-7.75930685499484,35.9120703455146,31.4660062458591
29,-5.57221016491008,-4.54516351886037,35.3683674611474,32.2046289292963
30,-3.31026814293413,-1.83218130750274,33.9812235317022,31.2439072874142
31,-1.05572001663965,0.140709489346944,32.5371529268197,30.6236443289727
32,1.92646071228509,4.9396892841721,29.6185497666899,30.2343533942699
33,3.13299082470577,7.77174558204651,27.4262856940628,28.5278742997699
34,9.10277111520856,10.9165156646916,22.8922875804217,27.5074634932086
35,10.8463659570986,13.5165247018523,20.7456611809937,24.0744440201542
36,14.3604346238538,15.7218473358916,18.3840617402611,21.6151493263676
37,14.808001792465,19.2877202077529,17.7621023941793,19.710646067804
38,18.6154302002502,19.7526338831279,15.8622047048535,17.8123567669166
39,21.2214962183566,25.1495522729395,14.1235146499302,14.7276484374941
40,23.0916103729958,25.1202047688515,13.2024313777612,12.4200254285383
41,25.5662846905459,28.0698249632735,10.9260909323739,10.4666257611723
42,28.9011875732995,30.5798361505518,9.05570792146946,7.90353531313358
43,32.0934614659548,33.3824896097881,7.84906689364629,6.60235762377507
44,32.4505656305992,35.8472510559478,6.3394498967286,3.35164395402175
45,33.7926999565659,35.4035964651009,4.12492716435589,1.35586209300786
46,34.4910358377592,38.1857964637003,1.7208487203503,1.86508319438163
47,35.5724462536114,38.2275954207956,1.27954675511456,0.758797439894462
48,39.1619751688055,39.0861068104125,1.28206251487255,0.0550070298138371
49,39.5541147472871,40.4863548345555,1.1417116010322,-0.372033174467305
50,43.661207146604,42.7141911676992,-0.82804197394621,-1.3654951455868
51,41.2518749650368,42.0240883906675,-1.16417596643667,-2.946335284207
52,40.2458225888505,39.3907022672525,-2.40991352778343,-2.04100789666925
53,42.894838195602,42.9028828662803,-2.92265789781147,-1.22626437174937
54,42.0538456838633,41.4004364292388,-2.97229960756988,-1.47827193989732
55,41.6552989076646,44.035984977673,-2.9323098872445,-0.911703571147708
56,43.5083187426467,41.9781913218503,-3.051042079645,-0.548549396729052
57,41.9843625787515,41.9508580002861,-1.80340684894505,-0.40260996001083
58,37.7757932486461,38.9991098733771,-2.0075994108496,-1.20660736159264
59,40.7762638679384,40.047860654791,-2.19600676125581,-1.75423056976762
60,37.9500013566623,38.1184314809325,-2.06285980772326,-1.62384705879982
61,34.9670868002775,37.2605546097275,-3.54715198582116,-1.06048118856064
62,34.0989794825836,35.977043038464,-3.49236359918648,-1.88286860599531
63,32.5496841718409,35.0188560111023,-1.52279416149204,-2.36094767336386
64,28.6130766470734,30.6670269595713,-2.51234580526236,-1.69346194779617
65,26.8007161756931,28.3671659498183,-2.11991539744146,-1.97352846514635
66,26.7323223407153,25.1855078992932,-0.730890970155921,-1.72916883832887
67,21.6129512689086,25.2413181076189,-2.41299445750128,-0.777354460195977
68,18.5846134487929,21.1399565130857,-2.09726556981061,-1.85833542038708
69,15.4275298319567,19.2685189345938,-2.02349213517944,-1.53377098896327
70,14.8048078964268,14.2934781526858,-2.02872057975016,-1.06153154592376
71,11.3482441645616,14.9675934937862,-1.18510854765329,-1.02110478028846
72,7.31773563041744,11.0197737181204,-1.8852281924852,-1.6156619482128
73,6.60293158218286,9.57339814132809,-2.77869292182094,-0.649079162259397
74,3.67743091743022,5.80406403493994,-1.57356624506707,-1.1310056674828
75,1.03708499392149,2.8665146199403,-1.42227816860188,-1.1459937369414
76,-3.17219345298812,-1.60788957326014,-2.23670036501983,0.264218006774399
77,-5.64465563671975,-4.21729944824153,-1.97533782623963,0.372070447689441
78,-9.22918088201546,-5.99351394129641,-1.61731046530017,-0.603600133641206
79,-13.1771162277721,-8.71856353314845,-1.26921354252392,0.477532278590999
80,-11.4363076775817,-14.1722607003597,-1.3743528205898,-0.323026820815558
81,-16.8675755823252,-13.7638505442034,-1.22681741646783,0.636758301719094
82,-19.1412517886654,-19.6692989858693,-1.04101277613564,-0.0898414036574598
83,-22.5641668540535,-22.2806877750636,-1.73860060551879,-0.792505645457911
84,-26.3076956176906,-25.2280493297917,-1.13517995213062,0.614836724107058
85,-28.284057370657,-28.0475021552593,-1.98904427092119,0.520121081850272
86,-33.1770564585576,-30.7348483294626,-0.871609191817025,-0.654443740050336
87,-36.3584761263393,-34.0728831597429,-0.11330346779851,0.419352057473652
88,-38.5438892049574,-38.9755210312385,0.486567994638881,1.7014080076213
89,-41.6165430850257,-41.6032751425218,0.680836672782559,1.79037518245046
90,-43.589182357594,-44.3136964453957,1.72448900628282,3.36474712948105
91,-46.9885850032083,-47.1990538496641,1.47712731891001,2.80603570668786
92,-50.3098284586243,-47.7972948455654,2.47485990820547,3.1044466832766
93,-51.1935074226742,-51.6980420758999,2.6503470680451,4.14077591399346
94,-53.1707664300974,-52.7902960496055,2.94733879247284,4.818577185304
95,-54.0122965797851,-54.8505959029898,3.83854327644323,6.26066444912185
96,-55.6954471987943,-57.2555001533736,3.85451510162134,7.02970622026037
97,-56.1438911445647,-56.5321396211357,4.19769443302544,7.53629278750401
98,-58.3841402115938,-58.0982922095099,6.54603774758297,8.01539739834474
99,-59.0924107925209,-59.4393084343643,6.82059659521023,6.47705179303144
0,-62.5317776959556,-56.6019435258428,8.74944596054851,5.32416400635929
1,-62.6503901228626,-55.6698616557065,6.42976196553925,6.58678070113926
2,-62.3022513387735,-56.0574474096955,6.66725160414126,6.46619902165127
3,-58.2813534845822,-55.09049791745,7.20994845095511,6.40762045221814
4,-56.147086013512,-55.0085825076405,9.41163990578721,8.15940725275148
5,-57.4603951006096,-53.9503778335715,13.3606168255967,11.5711869676667
6,-55.4517684858226,-51.5131938684513,18.6304429853877,14.0224762589149
7,-52.7455508364009,-49.5769888366137,22.6011309786658,16.4120345550795
8,-51.8798801234804,-48.5240779274987,23.9423296996931,18.8162786322355
9,-51.8929142362366,-45.9512996986421,24.1779807869223,21.4596039320093
10,-48.617027326357,-46.1902135320284,25.2626597972331,23.9823598399718
11,-47.5430309945109,-44.1742483479941,25.3553451255485,25.4691724136777
12,-45.7348105037329,-42.2295916529095,27.0825076163171,26.1307090932434
13,-43.3180632013037,-39.9729458703333,27.1957686589745,27.8056526042865
14,-42.2825661038563,-38.0568157692701,25.400361772429,27.4938489099751
15,-41.0422469415339,-37.3668117066967,25.5162423546149,25.9555008848488
16,-40.3312564398557,-33.2897293650038,27.6006299251679,24.8905543959788
17,-37.7301236562546,-31.2623546579052,28.9176221245045,25.1874126015796
18,-33.5813598673636,-32.0868482278121,31.4389691655822,25.8634531566527
19,-31.0836371264262,-27.1480735360147,34.7590121176719,27.8194615210488
20,-30.1243933942489,-25.5129918802254,38.1096744828845,29.0041050377622
21,-29.8250457409464,-23.8401300350313,41.6190106035066,31.8358921140054
22,-27.977597118634,-22.9929858489709,43.8276800256192,33.8558969079341
23,-23.7476408506884,-18.9893260332207,44.8938696400799,36.4493640236458
24,-20.7377218302794,-16.3013712940756,44.777887010056,37.5329141176762
25,-18.661299004479,-13.496941565863,45.9146138199637,38.8992198615806
26,-15.6023464053944,-10.8726988635746,44.819647738554,38.1732512144917
27,-16.0238172663025,-7.35941204637075,43.7857509374601,38.5292272398356
28,-11.8117954707227,-4.02600708889552,43.1414113511287,37.1323192438922
29,-9.87841800112411,-0.87811844018883,40.0039938643147,35.4551860968231
30,-7.25980256963977,-0.617800583538461,38.3506703836336,34.9528910687735
31,-5.77310989441882,4.024202467848,34.1842968794098,34.3365548045501
32,-2.57610584238077,5.18741966495909,29.9810437900345,32.6229845132544
33,-0.122175268150837,8.0922445955839,26.189262034056,29.8956959309416
34,1.67533198419683,11.8561449646325,23.7690831733817,26.920765635548
35,6.37488233161648,13.8379845528751,22.6132463857803,25.2698275790476
36,11.4539946225078,18.8751619607096,21.8230594422861,23.7336846603767
37,14.414916694639,19.9619138538399,21.4741623842837,21.0977921778531
38,15.9573321179937,26.1105028091342,21.6807464138553,20.0248700700069
39,21.1333602421151,27.2168599649109,20.3476907728859,19.6449290958962
40,21.3538616585071,30.0654123173955,17.6310615820796,19.3139212809507
41,24.651079610161,31.617507623577,15.8681283974321,17.7549457016275
42,26.4669948561088,33.461952922437,13.656066755295,15.7182082351805
43,30.4585822673989,36.1580880804249,11.7206949473425,13.0644567806597
44,31.4185630194779,38.4839482495583,8.04111999939787,8.91323877128053
45,30.8140234404029,40.9543072036298,4.39733118955009,6.13605944479841
46,34.4424531929548,41.6207783565571,1.67045614705076,2.62669286247349
47,34.9947891547058,45.5030201487937,1.85549717166408,-0.224679539942182
48,36.7412939798853,46.6354500644679,-0.673001882345587,-0.191501938374362
49,38.7987954994972,50.0861871747553,-0.982313968999207,-0.258383770040994
50,37.0020883303152,47.6814362048742,-2.91822643398743,-2.96766281110752
51,39.4391561561267,48.7205484718704,-2.9467246158117,-5.09106629047207
52,41.795855008934,48.6746009960795,-2.95706001409368,-5.14027624078197
53,42.6466405124126,49.6208469590758,-4.09350579324043,-5.86779073135027
54,38.2986847051629,48.9623084215078,-2.88470200161736,-4.39978809286471
55,38.9758050555647,48.2319227628434,-3.09840785855965,-2.50231248162002
56,41.704756371182,48.0083356580489,-1.86483448402431,-1.92530376689611
57,40.0600200840215,45.3647531427999,-1.22005540543698,-2.81983989783886
58,37.2623019078387,46.1613086660938,-2.03984786639681,-2.16200786875272
59,36.2288549650778,43.8257645294643,-2.56098519740033,-2.03226011125321
60,34.6213436996284,41.2252150424756,-2.64059033933175,-3.03242406465942
61,31.7401184657126,38.6322911061089,-3.07911054146139,-2.78584631185991
62,31.5447995920844,36.0181165433048,-2.0601617403511,-3.26453824173583
63,27.4796827551171,37.9163544687251,-2.48163359569651,-2.20199832991749
64,28.4106222177379,34.959876728966,-3.4886384626487,-3.41153414044571
65,24.9268052662706,32.6937822503261,-3.59936903484831,-2.28167309210605
66,22.1248099122185,30.465532403823,-2.50621436925032,-2.65790221149039
67,20.8529266724222,25.4663276380147,-1.69383430348008,-2.11523571027998
68,17.3929784323182,23.8847417531879,-1.72534649327855,-2.65749322642152
69,12.9995965640103,21.2478752528505,-0.4827037440179,-2.32213717230447
70,12.3855733516554,19.3148483733089,-1.28928704094316,-1.99444065325562
71,9.51567664850493,17.834808438536,-1.80968020854101,-1.99813523195411
72,5.79659184913198,12.652122081004,-1.46677775547143,-1.80446294114398
73,2.8614600830702,12.3316982438454,-1.69314684166384,-1.99743788121016
74,2.04524188012233,7.53719882535003,-1.70972487607369,-1.60919968881313
75,-2.07832902259623,5.29922548539535,-2.26534221994003,-0.913443707204166
76,-6.8033000261972,2.48854202478072,-1.85940029353931,-1.46164703339791
77,-10.113217057374,-1.37544133920604,-1.67275319119696,-1.11203475620986
78,-11.4511429549483,-6.00276416452293,-2.02270333045664,-1.18510125148404
79,-15.5539312706556,-8.57573358850307,-1.32410778894158,-0.803256994526506
80,-18.9112687552167,-11.7964362938302,-0.295134302646901,-0.56064383766549
81,-19.2008108248377,-16.8502118096317,-1.03029613540518,-0.6699493376896
82,-23.0931045180389,-19.038547806957,-1.26982000179057,-0.3285879315768
83,-27.6011308125114,-19.4633895178541,-0.123014616784705,-0.846948446161411
84,-29.6777652486946,-23.4912073486955,0.312693374948295,-0.454666629351526
85,-35.0560470634417,-25.867466972227,0.585164976555223,0.261016272556421
86,-35.0124137683835,-30.4043117665003,0.0860356177365521,0.297249307904653
87,-37.2202663325067,-32.2600150082478,1.18357231311766,1.42160651672089
88,-40.7187778180795,-34.7966240179838,0.760862686394127,-0.199410061139415
89,-47.7256029294464,-38.8471484672972,1.66617193873095,1.06849767348611
90,-46.204281659814,-43.0084529829028,1.87674734708537,1.18429666756288
91,-51.2629874217228,-45.2169010474679,2.71376598170753,0.702416311166027
92,-54.0422954878807,-46.6915655272512,2.87403950799903,1.43353354823707
93,-54.7698601998504,-47.464608650865,4.7691717145535,1.59779163922975
94,-56.0392034076387,-51.046151996849,3.69229432384369,2.87583431845958
95,-58.2221249382235,-51.6640570106473,2.97193311983489,2.4547041531632
96,-59.4542026867359,-53.8089779288371,5.53112968308615,3.34205946929206
97,-63.8833701671654,-53.2479095148032,6.94492186998841,3.68735342644014
98,-62.5115859366724,-56.2603969700833,7.93722415068773,3.59685345482341
99,-62.5024230124053,-54.9244235358384,8.53204031850455,4.90878578912471
0,-59.0652711699463,-60.230575870298,4.98659859444143,5.69359193570689
1.01010101010101,-58.8249910078866,-60.0113952653479,3.91380998501375,5.24897042517731
2.02020202020202,-58.8263097316972,-61.8146078049246,4.0900022238919,7.11214409471773
3.03030303030303,-55.956819652644,-62.2303367235027,6.07346191265061,8.24230774234006
4.04040404040404,-55.573238359089,-60.4193322258607,8.93682373854211,8.07659239339412
5.05050505050505,-53.8223770794338,-61.2446202116197,12.3856676002052,9.02346162364223
6.06060606060606,-50.2013090456209,-57.1269837122916,14.9673483982903,10.4787998480518
7.07070707070707,-52.2371525056265,-56.4506558600486,19.4343333259285,14.1535652994067
8.08080808080808,-51.2409661128759,-53.3334194104328,22.4307035972549,18.9631731586093
9.09090909090909,-47.7551812059577,-53.0139000935401,24.9762648730555,25.3798682341755
10.1010101010101,-45.2086621239347,-49.6795874690804,26.1133885996642,30.4182109000851
11.1111111111111,-45.0182422102673,-51.1346178302997,27.604900904611,34.5367218309287
12.1212121212121,-42.6223084359811,-47.8684740641305,29.9137120765247,38.119329795577
13.1313131313131,-42.8046979706445,-45.2805793538643,31.3592173602149,39.5040782345483
14.1414141414141,-40.4457904563742,-43.9160273549826,33.6035978472684,40.98613043507
15.1515151515152,-37.6785354242384,-41.5254600340187,35.5961930245178,39.4803855572747
16.1616161616162,-36.5891975707596,-39.5942296534852,37.1780207314074,39.6121179804396
17.1717171717172,-32.2927205664602,-37.9302597086173,39.5876770231114,41.4851084694729
18.1818181818182,-34.2050527525692,-37.0472306977322,41.8351079885215,43.5557141187229
19.1919191919192,-30.6642401693793,-33.269246659921,44.5720991235685,47.3084224040752
20.2020202020202,-30.5265356743899,-31.2562535461362,45.5882970936983,49.6323590382158
21.2121212121212,-24.9916216611867,-29.1435292178892,47.0611985151254,51.7993712519242
22.2222222222222,-23.9589517938679,-27.1909346579415,48.0926375551731,53.5832080752282
23.2323232323232,-21.37028951153,-24.1145762678734,49.4149342779256,54.5370217332996
24.2424242424242,-20.3175984134856,-21.1027067609288,48.93507501763,53.436303261109
25.2525252525253,-17.4869528425143,-19.9761870032411,49.8701332887197,53.9204341339001
26.2626262626263,-15.5120789975586,-16.6549339922601,49.7455948735469,53.5952622815565
27.2727272727273,-9.94536371732041,-13.4703876238598,48.5621429505007,52.6201283130062
28.2828282828283,-9.61298106930617,-8.91578782492159,48.6735005816149,51.9439279982814
29.2929292929293,-7.15896831373302,-6.97515869695946,47.3465249923652,50.596898574086
30.3030303030303,-4.6513020942611,-4.18238573882734,46.1125608136844,50.9388527929601
31.3131313131313,-2.43342660609048,-1.26908493724516,45.5956350546841,48.8995916986543
32.3232323232323,0.905284352724452,1.23424947545291,44.9867732124462,47.0360750720461
33.3333333333333,3.09457043801184,3.63073155160497,42.7350932506937,43.6174675682158
34.3434343434343,6.14459339917791,9.60786859981575,40.4472212967998,40.1399979207004
35.3535353535354,8.878191324738,11.673121909063,36.7417746368076,35.8945330656897
36.3636363636364,10.3583651104543,12.1299111227462,32.4899665022917,31.8281748669256
37.3737373737374,14.6042271412546,16.1003509423223,28.6665405418562,27.9200410378093
38.3838383838384,15.3090122827877,17.9159885860578,23.6868343549375,22.3769695239043
39.3939393939394,18.0368484700059,19.7001806996807,20.9275265974678,18.9639618144788
40.4040404040404,21.5991034353824,23.7056736996104,16.9245254843867,17.2501592590958
41.4141414141414,24.312555888115,26.9969443510442,13.4105239426794,13.8737972754612
42.4242424242424,26.8170850946375,26.9555160819158,10.0210292725762,9.45488172366253
43.4343434343434,30.0606061687721,30.7298646597147,6.59294924041793,4.75866415151657
44.4444444444444,31.4222839946233,30.7849926496074,3.95957378552731,1.19233282958948
45.4545454545455,35.1839147875434,30.7172248863119,1.58108824155757,-0.192673830597251
46.4646464646465,33.5773239233185,33.0773311910732,-1.52995118539209,-1.51626651345781
47.4747474747475,38.5011478930908,35.4578093347248,-2.44672547201677,-3.72126432714379
48.4848484848485,36.0980349874978,35.868496999446,-3.62163485728503,-4.65551571606432
49.4949494949495,36.1253591363578,39.3423439136551,-4.68296085511254,-4.19321677496811
50.5050505050505,36.9155627940205,36.7714997691961,-2.55327568046334,-4.37976204638434
51.5151515151515,35.5102563216642,38.050141965315,-3.34647492773561,-3.25261542314288
52.5252525252525,34.6844689650132,36.2934133001256,-3.40878206598632,-2.64463976138113
53.5353535353535,34.0761917004509,36.8021830307059,-3.11517195426035,-2.80105249730191
54.5454545454545,35.8506039015688,37.5108810888187,-3.22813831356268,-1.94922990858024
55.5555555555556,36.5719925671876,35.9298346222198,-2.99875752239053,-2.42200382404864
56.5656565656566,33.1831432585108,36.222677429833,-4.49924640513702,-3.27674790638549
57.5757575757576,31.5842760264751,36.2737539501891,-4.29269856408802,-1.97649178405253
58.5858585858586,30.4403372343836,32.6991259057598,-2.45391529542173,-2.62735757472523
59.5959595959596,28.6920254329878,30.5463749362044,-4.31650884394164,-0.944809061293372
60.6060606060606,27.6104949237766,30.5717970071273,-4.42319785804889,-2.13853187081155
61.6161616161616,25.3606035976073,26.231597115445,-3.32619993550226,-3.24342792810549
62.6262626262626,24.1026834037467,22.5951265901904,-3.48701621963619,-4.08292189629074
63.6363636363636,19.4953886911756,21.93320935504,-4.31459403685616,-3.93958563442829
64.6464646464647,16.1866509773207,17.8798641474542,-3.30426443592896,-3.46175380343987
65.6565656565657,15.471512144694,16.7080814195949,-3.23694938728369,-2.6843809390914
66.6666666666667,13.2053714665406,13.550524603614,-1.6383537874464,-3.40311103889504
67.6767676767677,11.6884239834417,11.0468282096882,-2.34982419510394,-2.79723463455692
68.6868686868687,6.47611454775491,10.1079461951113,-1.75614358475579,-2.63607145753491
69.6969696969697,6.90132188404703,6.16767210008108,-3.11161213292623,-2.37657156635832
70.7070707070707,3.88809731439601,3.72721483462278,-1.78225069115735,-1.94529092239065
71.7171717171717,1.8787947681761,-1.3048026056601,-2.43795890983421,-2.48428520448351
72.7272727272727,-1.20547236947132,-5.12909767953189,-1.84268525115462,-1.81649525247197
73.7373737373737,-5.51374098233969,-6.46055716321768,-1.22935668535934,-1.11209440866177
74.7474747474748,-5.36971316852907,-6.82554718532564,-1.16444059869304,-0.289023684970534
75.7575757575758,-9.12151690508231,-11.2096223001305,-2.7296486453708,-1.63282013595901
76.7676767676768,-9.40394261368969,-14.0245670176928,-2.25254684579429,-0.830106914684092
77.7777777777778,-15.6262411462215,-19.7479870623412,-2.13609006372561,-0.812734952510883
78.7878787878788,-16.6404162661875,-19.2167407810662,-2.43407544789017,-0.950192206360232
79.7979797979798,-16.6834438575065,-21.8607137186194,-1.72764470663698,-1.08314253426764
80.8080808080808,-19.1914311265914,-23.9074998070618,-1.48159901764815,-0.911849732082125
81.8181818181818,-22.1917091381583,-27.6445421849556,-0.401778135138673,-1.63024179067032
82.8282828282828,-26.1492577416238,-28.60264099305,-1.54398226463931,-0.781536479663569
83.8383838383838,-26.0349957283736,-32.2025378632022,-0.0779357517652286,-0.724978713316457
84.8484848484849,-30.1123208452997,-34.4082087372916,-0.746560681939331,0.534002501830559
85.8585858585859,-31.9833051138871,-36.3093634609447,-0.657654676818489,-0.771912684826112
86.8686868686869,-36.1792068090194,-38.4847047145467,-0.575424470750246,-0.933872817396558
87.8787878787879,-36.933317319626,-40.6474139223043,-0.0131078563054485,-0.596093191006586
88.8888888888889,-39.2037300030242,-42.2343548257274,-0.916223764782155,-0.707285977182461
89.8989898989899,-42.6773261311297,-45.4631065000043,-0.833258944291815,-0.136275035621873
90.9090909090909,-44.7085483849362,-47.515343984148,-0.152391770357637,1.19045115094045
91.9191919191919,-47.6333127613976,-50.3929876642543,0.564852393495884,0.766416756913558
92.9292929292929,-48.9390918820267,-53.1810311795005,-0.129416315628872,1.41217638105511
93.939393939394,-53.6182456485384,-54.9817113447576,-0.0118439878897858,2.69960680560614
94.949494949495,-57.5289951725156,-56.5358659483648,1.40703992593593,2.41673926951298
95.959595959596,-56.7922258870539,-59.1696279154248,2.75686019198765,1.98573395267721
96.969696969697,-58.7190591651433,-60.5428511655257,2.59436089528183,2.57185656024671
97.979797979798,-59.2079133313828,-60.7120264191802,2.65415483933798,3.29557098651587
98.989898989899,-58.9574516429043,-62.2704605620313,4.22013864448332,5.04869714938115
0,-60.5660901090423,-64.9329333625411,5.16559788193559,4.43647699668727
1.01010101010101,-59.9259789620115,-66.7248279076185,4.92021463156053,4.6862768757755
2.02020202020202,-59.5722418680339,-67.1499482516629,4.14739627808669,2.69832168978164
3.03030303030303,-57.2643699589099,-65.4206606767981,4.14236808537433,3.82797871954324
4.04040404040404,-54.6219594551578,-62.7986691009767,8.30613184149057,3.75894215654448
5.05050505050505,-53.7788849613289,-62.7209406089081,9.9321774241021,5.83414196114647
6.06060606060606,-50.9430175639449,-59.8369869530349,13.9137376931912,6.9195923460076
7.07070707070707,-50.6223827631828,-58.6813354474814,14.9056876574642,8.25801424108542
8.08080808080808,-48.859143396126,-56.0956754283635,16.9983977638646,11.5383362036952
9.09090909090909,-48.8759634891047,-55.9443486636936,16.111491055257,14.2705458287876
10.1010101010101,-46.953548533356,-54.7069618124712,17.9489584535161,16.8005582119938
11.1111111111111,-44.3207867564321,-53.7390565633016,18.9221744182273,18.320467596399
12.1212121212121,-42.9573958956274,-51.1969337886906,21.1218006219195,19.4355799516265
13.1313131313131,-41.871509352233,-50.5523887984442,22.1373769148807,22.4671461669805
14.1414141414141,-40.0967166018984,-48.7291136258877,24.6434230133129,25.8684179978134
15.1515151515152,-38.810529603994,-46.9086188532699,26.5853297480385,28.6517706268576
16.1616161616162,-36.4333185465579,-44.0968996758058,29.479768727388,33.2380051605833
17.1717171717172,-33.8691312040216,-41.162879284023,31.9377424692025,36.3872454697332
18.1818181818182,-32.4554387562286,-41.9430861317464,36.2280416411465,40.4380170432474
19.1919191919192,-29.6073967454148,-38.3764375901742,38.8330191880863,44.0419472242695
20.2020202020202,-26.8435640101503,-36.8121294424557,41.9149182612358,47.7570107311519
21.2121212121212,-25.5665039052183,-33.9034592262839,44.3521689053186,49.9420082248514
22.2222222222222,-25.9312332989146,-34.0818991110584,44.3683613610883,52.4253750714308
23.2323232323232,-23.3863046907139,-31.4156772573609,46.3952371961971,52.7877560824806
24.2424242424242,-20.1702033473578,-28.3642266854247,47.7738943002003,54.0167466983469
25.2525252525253,-19.2458967926968,-26.6122024167442,46.5780178992162,54.0664012717086
26.2626262626263,-15.8838173196462,-23.8852559584339,45.9002711775023,52.9368421313419
27.2727272727273,-13.1927928629743,-19.6240894438714,44.5975576498455,51.1143534870508
28.2828282828283,-11.1069642084156,-16.6972770248344,44.5435201322252,49.5640674480623
29.2929292929293,-7.21104935727144,-16.8780040462659,41.6402805498753,46.4136036811379
30.3030303030303,-5.41334913412355,-15.4599135723459,39.1097901995563,44.7963423926277
31.3131313131313,-5.29590019129826,-10.63441229795,36.3935234653606,41.3167318087077
32.3232323232323,-0.0621473687004448,-6.8435360320513,33.8369992449599,38.4046438793815
33.3333333333333,1.15334517716529,-4.91681908902565,31.0986026007351,34.7265437715094
34.3434343434343,6.32168912724509,-4.38519381931944,29.054274899843,32.8172528293781
35.3535353535354,6.99555777514986,0.724570244969345,28.0661237020195,30.0406388388446
36.3636363636364,12.1042501651121,4.83055816406372,26.6207408304485,27.0874839661906
37.3737373737374,11.7242718594977,5.94798071988159,24.5957222192048,25.7884265356756
38.3838383838384,15.9636303986534,8.12905646396422,22.3778232848226,23.4933113061801
39.3939393939394,20.2140757086845,10.9406035913768,19.5904519594664,20.8555766623326
40.4040404040404,21.0144069439661,14.9317502820376,17.0314415240587,19.1758079247433
41.4141414141414,25.9042449933775,18.4696681080371,13.6616719179112,16.0437817141408
42.4242424242424,28.2161451641961,20.7444951067048,10.5142735226015,13.0436110786641
43.4343434343434,27.7862140922843,22.6394771484986,7.29894822729112,9.90234059929814
44.4444444444444,29.4710538117497,24.74640920612,6.1462000182191,7.26407765958801
45.4545454545455,31.2178347985623,25.424724280768,3.41844896882315,5.28159688178219
46.4646464646465,34.9220736230917,27.4177996020709,1.09781177835633,3.89780725805525
47.4747474747475,34.9654195123018,30.0965866735651,1.36011499362795,1.29871010832097
48.4848484848485,36.4251757081139,32.7531602629573,0.529317054299422,0.810881206545789
49.4949494949495,37.2073654894359,31.6570794202001,-0.820522458446255,0.215246743485103
50.5050505050505,37.1311346974873,35.8600491075647,-1.42373176319876,-0.684653184966157
51.5151515151515,38.367584191178,36.018343440543,-2.92582291428806,-2.94516086162739
52.5252525252525,40.9361719366707,37.0075696164822,-2.88239839884646,-4.61432864173731
53.5353535353535,40.5318256269235,36.5540790764796,-4.24086683721513,-4.71002367230195
54.5454545454545,42.3627738855099,38.5586896717535,-4.27258988186205,-4.52980380446382
55.5555555555556,40.197201907501,37.5365295855173,-3.81250010674872,-5.8300887037239
56.5656565656566,39.5199986643283,39.578386810016,-4.13729156990027,-3.98531688684617
57.5757575757576,40.6312734752293,37.1773511540795,-4.23756977214175,-4.41860170841171
58.5858585858586,39.0194616779716,38.359280783824,-4.95858110110227,-4.35086299209717
59.5959595959596,37.2421861166588,35.865254861417,-4.89817988208666,-3.83806018939344
60.6060606060606,36.5793314016717,36.7000896093947,-3.95706232173955,-3.89484468576547
61.6161616161616,35.4114094485588,33.2165871994308,-2.9785500837335,-3.19858596411082
62.6262626262626,31.0370859081601,31.7004651422333,-3.28900209756112,-3.90863587130925
63.6363636363636,28.0010929160288,29.5862296463178,-3.16147926369234,-3.60510830627352
64.6464646464647,27.3647449623263,26.096526776653,-2.54143208373466,-2.88030396687887
65.6565656565657,22.8906704921014,24.4694243704385,-3.23848401762419,-2.96492349100552
66.6666666666667,22.8847788951449,22.0186790611922,-3.30701721200922,-2.99354309344743
67.6767676767677,21.0052634122773,20.2210102252672,-3.42306206386009,-3.1100218587234
68.6868686868687,18.2968602456455,18.4383653774715,-1.96089302723826,-3.92446907398343
69.6969696969697,13.8820972829639,16.2756953778112,-2.44684338001479,-3.78534905313844
70.7070707070707,12.6728969044256,10.9242939611342,-2.35903623636604,-2.70011246997645
71.7171717171717,9.07985181325444,11.5800725664152,-2.18464735446012,-2.91076837060075
72.7272727272727,7.32190964602652,7.82584384703894,-2.35374109731908,-3.89112335321078
73.7373737373737,5.25351356671892,3.83237620504333,-2.65809627631724,-2.08950446455266
74.7474747474748,3.21189427907407,3.46235740188292,-2.80209628253002,-2.82552214600309
75.7575757575758,-1.34293277862546,-1.19584818462813,-2.12515893932596,-2.69863164765719
76.7676767676768,-5.79409712224203,-5.04356543053758,-3.18600133068672,-3.3918623366966
77.7777777777778,-6.86724568314943,-10.0384776072957,-2.64495602421013,-3.12005276922337
78.7878787878788,-8.12496370326389,-11.2310753045639,-2.42057624447505,-3.86410432425584
79.7979797979798,-13.0412989710493,-13.8023671604555,-3.61080183363179,-1.97462081186191
80.8080808080808,-15.2911941611931,-16.8331576389076,-1.9815323400293,-1.99104607837955
81.8181818181818,-20.3792702595848,-21.6950708344318,-2.83669273942127,-2.37001875113773
82.8282828282828,-20.5798517310474,-22.1313489237199,-1.95733123852152,-2.10335841738122
83.8383838383838,-25.9530777437022,-28.3642332721285,-2.00166551495274,-1.31300668676836
84.8484848484849,-27.6635106270742,-31.9118495653222,-1.52661409771463,-1.04474180063402
85.8585858585859,-30.2864704588453,-35.9032388060014,-0.172359735434289,0.589708627203951
86.8686868686869,-34.2242999904852,-37.762129957766,-0.511879208642736,1.2701186273062
87.8787878787879,-37.2383567637881,-43.6337815639172,0.537925190745637,0.460001894194142
88.8888888888889,-41.0571790674951,-45.9740043468755,1.01857656690956,1.12487341293356
89.8989898989899,-42.6239553988043,-48.7403170511132,0.43637887139971,1.89780591645176
90.9090909090909,-45.5852305803501,-52.3679743923521,0.31532612757156,1.82507986369881
91.9191919191919,-46.2503580991906,-54.4375279878428,1.51768698228765,2.4638155896037
92.9292929292929,-51.0989899633962,-56.5015108117596,1.29938597730731,3.34049427652734
93.939393939394,-52.8756601470553,-59.103335948569,2.06642779995882,4.05871858407914
94.949494949495,-53.5645502390413,-60.9768135992814,2.36989072802537,3.96320436592585
95.959595959596,-56.057907997439,-60.5093405461248,4.37598722842215,5.1250005259903
96.969696969697,-58.4162227171133,-60.6319196774923,4.9104349903928,6.16589421720325
97.979797979798,-58.9795864278488,-65.4659785754225,4.66069492444619,5.39352338245556
98.989898989899,-60.1409153032981,-66.3965740776503,7.47101551176286,6.62051062705583
0,-61.7185852536749,-65.2378483891107,7.1022334085085,8.65434412772849
1.03092783505155,-61.5005102355517,-64.7188025628036,6.3433481772908,8.51866800044446
2.06185567010309,-61.4782367451673,-66.697221258662,7.6854310866718,8.94036217090703
3.09278350515464,-59.6830592962351,-63.5770746537047,8.63308609181816,11.5018662542822
4.12371134020619,-56.9946809353973,-60.5669318698719,12.8955119517838,15.5974033644286
5.15463917525773,-55.1612063377129,-58.9530407422575,17.4665645667364,20.8448616733874
6.18556701030928,-55.6794230250737,-59.1765022430667,22.737895379167,25.0034554997682
7.21649484536082,-54.902897180487,-57.2150167919578,25.4199752786055,28.6940577152292
8.24742268041237,-52.193071514109,-56.8866408443631,30.4249727364503,32.2930327203128
9.27835051546392,-49.0492599144278,-52.692211124523,36.8860173354279,34.7339722803326
10.3092783505155,-46.5384398396617,-53.0730943477457,39.9240118155433,34.2197499907638
11.340206185567,-44.7745527933965,-51.5996027649109,39.8736877715559,32.8248703555846
12.3711340206186,-43.1942897629902,-48.2955272788694,38.9172665283129,31.1581114920352
13.4020618556701,-43.0138651475445,-45.9183421580718,38.8024474046375,31.8104039128911
14.4329896907216,-40.8490699583613,-43.4203813578728,39.4887447285994,33.0524388672965
15.4639175257732,-37.5319885800202,-41.9003496460612,41.3980506542644,33.8705437856641
16.4948453608247,-36.7019542192583,-41.923172737169,43.4819386437436,36.7029990406752
17.5257731958763,-34.9017012268239,-39.5081713937123,45.6950784818436,39.466816878778
18.5567010309278,-34.8749548546945,-38.6264618644316,46.3479113207659,41.0363795524135
19.5876288659794,-29.5306998820879,-34.6704956719868,46.0897274325126,40.2323772167736
20.6185567010309,-29.8275531813017,-33.265869147155,44.9506052421331,40.8534871119306
21.6494845360825,-24.1346091599194,-30.4850904974002,42.8360674188794,41.2191173639605
22.680412371134,-23.9758382387353,-27.7663958251353,42.0544788901055,42.4637623309332
23.7113402061856,-21.1884403337965,-25.3312516667243,40.1578663683319,43.2339036728656
24.7422680412371,-18.4642066787209,-22.8175761501082,40.1280867819578,45.4565335292226
25.7731958762887,-17.8743571786345,-18.0862561045296,38.3102303337853,44.7345324265009
26.8041237113402,-14.4541196546475,-16.983941127754,36.54020632891,46.1159234427556
27.8350515463917,-11.4027651654861,-15.5337316404793,36.1262794083058,45.9525015083663
28.8659793814433,-8.23134499272195,-12.6046775275436,32.8037497013755,43.9779530906305
29.8969072164948,-7.00685644291343,-9.20369790717767,30.8830921085947,40.4018693293589
30.9278350515464,-4.84328271052515,-5.88812903909528,30.2629627194982,36.8122735637439
31.9587628865979,-1.53933705467872,-2.22451580032928,27.3483696494732,34.6797348798643
32.9896907216495,1.86212451116825,2.51388181830804,24.9140345842087,31.2351031254057
34.020618556701,6.01565396358376,5.04890847446302,24.5335940139156,27.2740314844455
35.0515463917526,9.85403156042586,8.6900275774258,23.288941540067,25.1327370202766
36.0824742268041,12.7921945624739,10.7065799246804,22.9796612836396,23.7032764193299
37.1134020618557,15.0640951565414,13.2846260764271,22.6734291909373,21.4951494179628
38.1443298969072,17.476376837635,17.5299701704513,19.7437947419107,19.2113154717505
39.1752577319588,19.9573154725146,18.5663348464687,16.9295374497584,17.2828236782285
40.2061855670103,23.6850097655155,22.9855280913735,14.1332916452788,14.6241964399775
41.2371134020619,25.2498240660235,23.2497349724675,13.0466226041954,13.622829772494
42.2680412371134,27.8624160769812,26.16225930254,12.7488459037405,10.7469793337786
43.2989690721649,29.0238319253488,27.7981470441329,8.96214934265735,8.4747174184892
44.3298969072165,31.1724947762937,29.7363084181987,5.75041114704837,6.66593690785055
45.360824742268,34.2155640599061,33.0075662812077,2.79179360358493,4.3549043159943
46.3917525773196,34.4078795759869,37.4872608267152,-0.196441926701002,2.56368168944911
47.4226804123711,34.6712634472199,37.1489251891466,-1.43900113600214,0.977256961924631
48.4536082474227,35.305413036989,38.8124244643113,-2.43368915608027,-0.238520799599108
49.4845360824742,37.7915554078653,39.7037762912496,-1.89366336251554,-0.509232389928023
50.5154639175258,38.2873979779754,39.9839455361243,-2.39949415070146,-0.770247637299945
51.5463917525773,37.1685454530652,38.701157509598,-3.55640603717088,-2.59136011595048
52.5773195876289,39.711567066119,39.531395735917,-3.33341065748654,-2.92116967626953
53.6082474226804,38.9919453795202,39.3158154971306,-2.99729191868806,-1.76584411494745
54.6391752577319,39.1125117419687,38.455031395982,-4.04050748468324,-0.767745253689522
55.6701030927835,36.1141702397991,38.5318304039795,-2.07121733093757,0.501705043927801
56.701030927835,34.9735006826833,36.7997920861955,-2.36265036292667,-0.637002278934743
57.7319587628866,34.0674324382166,35.2697393002302,-1.90453680969992,0.152252345095238
58.7628865979381,32.8652345554757,33.9777185174118,-2.57361738492137,-1.52283267123968
59.7938144329897,31.10214269833,35.3140257465466,-3.20712256467329,-2.83595821287473
60.8247422680412,29.1762990207832,30.1017865221155,-3.78731401718097,-0.697795152233974
61.8556701030928,28.4580867177318,28.023643621378,-3.06041703946917,-1.40064594137112
62.8865979381443,23.9920201912427,26.9224014545728,-3.01847248226788,-1.33948908034379
63.9175257731959,23.333054413148,25.8007593671813,-2.98390932725997,-0.152209769679271
64.9484536082474,21.6762285914996,22.5081625962289,-1.95192072926293,-1.81567084154795
65.979381443299,19.3225406342358,20.7624241805372,-2.08091303551941,-3.02287625834391
67.0103092783505,14.834475291868,18.899771480488,-1.4156435394603,-0.930933625445098
68.041237113402,11.1729257326708,14.7063265740889,-2.62792052988049,-1.48331148967936
69.0721649484536,10.6775464591409,14.4456580120855,-2.72173888990896,-1.46810192287757
70.1030927835051,7.38862004547689,11.0782125427725,-0.786863463587329,-1.16636460333235
71.1340206185567,4.13164804545365,7.22403858960396,-1.50628967850993,-0.404990792503841
72.1649484536082,2.94570413817918,4.89044941140039,-1.3168442944285,-0.422390695083677
73.1958762886598,-0.240289685246089,0.29932767650062,-2.43696606906108,0.283031584589256
74.2268041237113,-6.32297401874344,-1.39019139619226,-1.97817617701831,-0.767768031777064
75.2577319587629,-5.62547448170964,-4.35964876736301,-1.72518289806187,-0.721359323155511
76.2886597938144,-7.81609482044155,-6.08596366642253,-0.614106766595754,0.34925082933283
77.319587628866,-11.1611354856108,-9.51165112359606,-1.39797468017325,1.18706823408195
78.3505154639175,-14.7928041840105,-13.7949140700649,-1.26849572017038,-0.46656853058058
79.3814432989691,-15.83562700487,-15.9323322799601,-0.940961625548734,0.863694498037885
80.4123711340206,-20.2137795918178,-19.1616597381379,-1.88386717152377,0.151318171736721
81.4432989690722,-23.8050506703865,-24.020756640848,-2.1797100237165,0.733804412121088
82.4742268041237,-25.5551740378385,-24.8951415314004,-0.699398581279991,0.502556710076543
83.5051546391752,-30.3308384204086,-25.964286584812,-1.30829376038193,-0.170554426979643
84.5360824742268,-31.5781698374624,-32.9466667580117,-2.27844574156386,0.981526528841421
85.5670103092783,-33.115574601526,-33.425448920751,-1.29060005420721,0.912935483490647
86.5979381443299,-38.0165034227896,-38.108416021113,-0.10106041293446,1.08319515009286
87.6288659793814,-40.3949391779363,-40.1324525775782,-0.570937913891052,1.41396164081164
88.659793814433,-42.3877595318241,-43.7154433773194,-0.320097268075633,1.93835867739971
89.6907216494845,-47.2535166965426,-47.6174314320165,0.734414849905849,3.38019156660328
90.7216494845361,-50.2159753691597,-49.8652374749668,0.527184509403495,3.41573822086674
91.7525773195876,-50.9666396445828,-52.860881863676,1.02820674897843,2.02710424687117
92.7835051546392,-54.2966248108133,-56.7777336030473,2.3402013790883,3.18136300644069
93.8144329896907,-57.5311047812798,-55.9891564165246,1.66055776161566,4.55468496567701
94.8453608247423,-56.2221140255773,-59.2849839562255,1.03458671665385,5.66068253633726
95.8762886597938,-59.1538327332404,-62.7795448482255,2.77753961849239,5.59714062542634
96.9072164948454,-59.3215498775799,-63.7736434982677,3.48400023718806,6.74008329968439
97.9381443298969,-61.4697233113396,-63.6767491613428,4.80634346552528,6.12576518610795
98.9690721649484,-60.9990327833578,-63.8835405361012,5.44197263511647,7.67551924710213
0,-66.6688939724158,-65.1258684979455,10.991558170963,9.26033677412415
1.01010101010101,-66.2167620951691,-64.9177322978885,12.002828517128,8.15310203219483
2.02020202020202,-64.9603632581819,-61.8971989119172,14.593406905068,9.89811857541399
3.03030303030303,-64.360115232375,-62.1575537743685,15.7112419251432,12.4339086273015
4.04040404040404,-58.3302020225341,-61.4255581643841,19.4587860650518,15.9393577855128
5.05050505050505,-58.7282873962191,-58.2544280562929,25.0699073641408,17.7872144347188
6.06060606060606,-59.3711601420472,-60.044480544216,29.5753749089679,20.9953640356252
7.07070707070707,-56.5256293484453,-60.1053121577247,31.9922273136682,23.35628073196
8.08080808080808,-54.4175410441461,-55.5433443215254,35.6428986096073,23.7934493486628
9.09090909090909,-51.9129423194665,-53.6155563545597,37.8641713384922,26.0047087308066
10.1010101010101,-51.7420690520522,-52.9985147761257,38.9602660376686,25.981023296915
11.1111111111111,-51.0912332144584,-51.0298658211587,40.2577713550932,28.5910977702377
12.1212121212121,-49.2234796002812,-50.6633738081876,41.3405249899518,30.2473772821974
13.1313131313131,-46.7647569277784,-47.7948652004334,42.8051568619514,30.9139830522416
14.1414141414141,-43.5878972872494,-46.8465000310682,44.806737696862,32.0992951400369
15.1515151515152,-41.1568829969996,-44.5113294622739,46.0418106662301,33.9011511355122
16.1616161616162,-38.2503616508242,-42.111880498865,46.3540241910579,35.3269934625504
17.1717171717172,-38.152888825822,-42.1888610867522,48.3186906499421,37.2311762437514
18.1818181818182,-37.5780894256948,-38.7828814860813,48.4350116188147,40.6298215925433
19.1919191919192,-33.8805309177768,-35.4404079398354,50.3491307614923,41.6257946371264
20.2020202020202,-30.4190142725676,-35.3470721492965,50.1858597393028,42.0566249167388
21.2121212121212,-30.0965977381378,-31.541693651055,50.3669407027101,43.7725523608313
22.2222222222222,-26.4206484824982,-31.3004017953087,49.7595731841829,44.7231932155832
23.2323232323232,-24.050587289996,-26.3804800520175,49.4898353590141,45.2120433358106
24.2424242424242,-19.9688179371411,-23.1016500644901,48.3633911623488,44.8721380845324
25.2525252525253,-19.1946202742334,-25.073071923704,45.8460979345091,44.5649286710232
26.2626262626263,-17.2251238398701,-20.2455939107168,43.9752967158706,44.5461529924982
27.2727272727273,-14.9236500410768,-16.1808654671785,43.2011354492609,42.6949089448992
28.2828282828283,-12.1570791832986,-15.0576237759383,39.8120080275402,41.6310070333503
29.2929292929293,-10.1552692460634,-10.0801106114453,36.0051375142781,39.4770319560212
30.3030303030303,-8.76270681407977,-8.18788252856965,33.300429976814,37.2654290258122
31.3131313131313,-4.58289428140485,-6.45131156771154,29.7232300032177,34.1761203940689
32.3232323232323,-3.89443268471644,-4.24653824503436,24.6847230403435,31.4853928525688
33.3333333333333,1.06788644034027,-1.44848133751331,22.4013754645743,27.3984116340635
34.3434343434343,2.79168900636053,2.28999415889068,18.98251856889,25.2298349269481
35.3535353535354,6.92955500708542,5.19117234695363,16.355203880643,22.3274962294638
36.3636363636364,9.2044570046128,10.011357859157,14.8832332537904,21.3944382853261
37.3737373737374,12.9795701022266,12.8618799010862,15.0383573549336,19.5094297506295
38.3838383838384,15.4954177145446,15.1087028810892,14.3931666581081,15.8387439409512
39.3939393939394,17.6736535885852,17.4567386643346,13.489786503956,15.5884418911042
40.4040404040404,21.1960622005014,19.2968444004853,11.5585397106579,13.3647667584614
41.4141414141414,22.9394357965037,22.835163904263,10.9191748551052,11.8367601811616
42.4242424242424,25.9255126098977,24.9816127222484,9.70874959359951,9.86354949646489
43.4343434343434,26.9378803311083,28.9005785082448,7.52941929061991,8.13451802317189
44.4444444444444,28.6362713687597,28.8926583925675,4.18930846438314,5.41369355118055
45.4545454545455,32.120707677582,30.3908060260275,2.59627793175082,2.63032693438709
46.4646464646465,32.5171524610219,33.863190608734,0.0508595656065237,0.466847802539376
47.4747474747475,33.6305103819964,34.6419490120914,-0.314593579448714,-0.33194638718649
48.4848484848485,34.8110951480232,35.0095097445257,-1.19932232162916,-2.53310168206377
49.4949494949495,36.5686014391755,35.3570718313404,-4.63445065210838,-2.93059106101832
50.5050505050505,38.6573618956522,37.9639659500779,-3.61772535248874,-2.68600507237529
51.5151515151515,36.707252675233,39.0444120114787,-2.72725665993185,-2.89774951983147
52.5252525252525,40.1200698750065,39.3221084864452,-3.45848744320716,-4.01765243890759
53.5353535353535,37.914548159864,40.20954220765,-1.25323432124949,-2.70514274195961
54.5454545454545,37.6683614473601,38.4273610873805,-1.85305064727607,-1.81386387684037
55.5555555555556,35.5642414003886,39.2864597094638,-1.57005209934003,-0.534876490980079
56.5656565656566,34.4715846830772,36.9918838192232,-2.45664454088007,-1.71971277331307
57.5757575757576,33.146176129434,36.4339225995022,-2.00833973535111,-1.86005069646392
58.5858585858586,30.5640104320748,34.0952963219592,-2.98198427915724,-2.3468598619219
59.5959595959596,31.6949377107745,33.1376164061196,-3.89821923692388,-2.19951255699078
60.6060606060606,28.0230953543157,29.8173068873271,-2.25081520748416,-2.70774215381328
61.6161616161616,25.1566752403465,27.3235376123467,-2.06766069101767,-2.22883723274597
62.6262626262626,21.8444395795347,25.8768393983878,-3.18258836305719,-1.32940253866023
63.6363636363636,20.1919991775345,22.2124599371031,-1.8899632701719,-1.396589625872
64.6464646464647,19.7255091868741,20.7373740086533,-2.55007119246208,-2.91166541068354
65.6565656565657,17.6664763169357,19.4974921869542,-2.50970599871991,-2.37879617060461
66.6666666666667,13.8349651390854,15.5050074367036,-2.43789290734999,-2.15972384104245
67.6767676767677,13.5352436464835,13.315574501255,-1.00398801733955,-0.765396193177207
68.6868686868687,9.57922960568534,10.8293319902572,-1.32623946579865,-1.49869047189636
69.6969696969697,7.50412662821692,6.06648931328112,-1.51548529340517,-1.06358624176837
70.7070707070707,3.79767353465984,4.14431231762045,-0.83064092138391,-1.35663440667401
71.7171717171717,1.91193914198243,2.27963812473992,-1.0444121738362,-1.88910615657166
72.7272727272727,-1.49828685499653,-0.526881412786499,-0.0244203630100572,-0.867203458269176
73.7373737373737,-4.14291194922994,-4.81624265368365,-1.02277040857256,-1.24356793549334
74.7474747474748,-6.86005399605705,-7.49132241537964,-0.507661609022941,-1.82461928863653
75.7575757575758,-8.46875059273167,-8.77461735226244,0.116488881138147,-1.38085467312198
76.7676767676768,-10.9191870526631,-13.0693127724178,-0.250634633708092,-1.17483713699874
77.7777777777778,-15.2569581590799,-16.8280913396684,0.0450494760592826,-1.00000190895177
78.7878787878788,-17.152863139445,-18.6474466661576,0.166687985449533,-0.216975838787617
79.7979797979798,-21.3984401498831,-20.9336304182072,0.823186280014033,0.551348729539711
80.8080808080808,-21.7472434131899,-24.03140200778,-0.274998184803029,0.631410453757479
81.8181818181818,-26.6956212463997,-26.8742509919995,-0.0818833843816098,0.917235483705949
82.8282828282828,-30.0530090440723,-29.7421291293377,-0.149991790584204,0.243175358155738
83.8383838383838,-30.7344176466698,-32.985004045932,0.373104252925971,0.25626649582271
84.8484848484849,-34.159663780772,-35.3810769211618,0.321857380757115,1.1047491310886
85.8585858585859,-37.0852365721877,-36.9207721043269,0.915328716116024,0.520500843999339
86.8686868686869,-41.7151471987342,-38.308375288657,0.402062908706943,1.26562636502
87.8787878787879,-40.432953579519,-44.1009067351927,-0.150064340287275,2.00954081009458
88.8888888888889,-44.5494450441707,-47.1050761019396,1.09403039900514,1.8003461111315
89.8989898989899,-46.8145992608045,-47.4477739115475,1.46669404435713,3.60893059312105
90.9090909090909,-50.6549374990486,-51.172091091815,3.42549197870957,3.10811854723158
91.9191919191919,-53.4717871872015,-53.6535518034962,4.08532550993713,3.82719821587106
92.9292929292929,-55.3078384766022,-55.6201479524523,3.5614676027621,3.06043788479152
93.939393939394,-57.6372291795332,-57.509137860336,3.52649127103198,4.06420238700765
94.949494949495,-58.157422489713,-60.9782980780525,5.63151756625662,4.84894096070735
95.959595959596,-61.6968601656738,-61.5547873928879,6.36577899741208,6.48999640310137
96.969696969697,-63.1290634081436,-63.2569629151896,6.11064521294031,6.80240831105312
97.979797979798,-62.8777853128393,-62.6552390415903,7.89444044726924,8.03376646879929
98.989898989899,-66.1030724585442,-65.4757204205985,8.84056394844461,7.62612095807186
0,-64.4537832060974,-63.4350805082173,9.84119132680173,8.29650960641258
0.99009900990099,-64.6190803407252,-64.4675428635503,8.49224274675541,9.7067045534486
1.98019801980198,-63.956650936647,-62.8807362913935,8.85481144168251,12.5850436077341
2.97029702970297,-64.8777168624229,-64.7020720005669,11.5632357883886,13.8168473347268
3.96039603960396,-62.9790289799731,-61.7390621285503,15.3168493458818,15.8062243144925
4.95049504950495,-59.4140013205771,-62.8000646583228,19.6960070074421,17.0852992350626
5.94059405940594,-56.4103797796674,-60.8712802033586,24.5883541390977,21.9143571299736
6.93069306930693,-58.1576531808039,-60.5615061505882,27.1920517883413,22.7839381273627
7.92079207920792,-56.1276455993631,-57.5018092766288,29.6918888768473,26.2470210758228
8.91089108910891,-55.0746712702986,-55.0603624162295,30.0734411040675,28.8951577173176
9.9009900990099,-54.8701320961206,-54.4133078576927,32.2134414351565,30.97847461793
10.8910891089109,-50.046510637068,-52.4058467947619,32.510826514388,32.0195892120283
11.8811881188119,-50.2184493481627,-51.0728484475506,34.7734325107094,32.4686629999338
12.8712871287129,-50.0522611185773,-49.8607036475522,37.6058666355981,32.0001558672766
13.8613861386139,-46.2921502692316,-48.0414807941594,39.3842315638064,34.3120353894153
14.8514851485149,-45.5944845342502,-46.714665986145,40.7476542954509,36.2755362751707
15.8415841584158,-41.1871739587482,-43.171752962501,43.2972607563357,37.8967801183843
16.8316831683168,-41.2053076886628,-43.1648953562948,46.0803869210665,38.5265558009711
17.8217821782178,-39.9261206180095,-39.8723039068527,46.5300704530393,40.0803653475176
18.8118811881188,-37.0766269631839,-36.390750894706,47.0394710502887,41.1257468569453
19.8019801980198,-33.5504838078066,-37.6260870362795,47.8723198073413,42.5785975421938
20.7920792079208,-32.8249399716901,-32.8260617231851,47.9765948531816,43.3597562021172
21.7821782178218,-30.1614676721842,-34.2441886253147,47.9219271203475,44.1587381071561
22.7722772277228,-27.9360506893881,-29.9966795736635,48.4405269528108,44.1633826657342
23.7623762376238,-25.8667566027646,-27.0388884522298,47.1367180096957,43.8930811449367
24.7524752475248,-22.2614365977022,-23.0134709844166,46.6757605123706,43.3442339889806
25.7425742574257,-20.4559925458857,-24.0578992352453,45.1429766367424,42.6702493701144
26.7326732673267,-17.94662866942,-18.0860630827206,43.5349533627574,42.2879474103363
27.7227722772277,-18.1575979263518,-18.7433210289896,41.5151067906542,41.5101649233611
28.7128712871287,-14.0955088872425,-12.9466714048493,39.0690779799755,39.7697784105749
29.7029702970297,-11.4896006614179,-10.248056051423,36.2542991783771,38.1679854474675
30.6930693069307,-9.19238954259884,-9.31454342064014,33.5121958540651,35.0308527667341
31.6831683168317,-6.96466744451109,-4.56976239465208,28.6646972396874,32.5422855711242
32.6732673267327,-3.02589826642611,-0.872850158339014,25.51950289515,29.3606425509374
33.6633663366337,-1.72219509451005,-0.753629807384708,22.6054445026421,26.5023802962234
34.6534653465347,0.110673342465908,2.28028031555718,19.1382259504987,23.56901161104
35.6435643564356,5.59761891155385,6.767842629458,16.6251940496536,20.5024256419026
36.6336633663366,8.01617678386218,8.81133998276396,15.1247676641676,19.6154400767194
37.6237623762376,8.96407748595699,11.306307709642,15.0214124923883,18.3756559004654
38.6138613861386,12.2811043775517,14.3796216217549,13.5407301552384,16.752024893029
39.6039603960396,14.98418185568,18.310494169994,13.8426094336274,15.6941247659415
40.5940594059406,18.2487059628132,21.2101871738422,12.7371498713308,14.0127235191016
41.5841584158416,20.6998834285424,21.8792596900179,11.1692130054802,11.6771498978497
42.5742574257426,21.8608620171605,26.1545071284327,10.0620779325298,10.2522134930781
43.5643564356436,25.4350677841171,26.8027899375493,8.34724362259406,6.88869358498704
44.5544554455446,29.0449968471029,29.5792330077979,6.24780635255257,5.3845407698443
45.5445544554455,31.2708896908158,31.3619994639514,3.96769488814561,2.25830160938136
46.5346534653465,30.4671882712073,32.1403280505287,1.23832826816353,0.828505313433297
47.5247524752475,31.2067815664179,32.0475327135965,-0.792758083464372,-1.17809882862662
48.5148514851485,31.018541303284,33.3130162353653,-1.85801637518402,-1.82424913447625
49.5049504950495,34.1728960269847,35.2207642997663,-2.82670298381259,-3.54145792522551
50.4950495049505,35.5185372495214,36.9662412512777,-3.5202605399046,-4.08295001599458
51.4851485148515,36.3490024862654,39.9000958072654,-3.3280424403491,-3.38287209076867
52.4752475247525,34.8494767232225,37.7319351736298,-3.17473635537311,-3.28088719284838
53.4653465346535,34.7993144054139,40.0173260884067,-3.84292180596041,-3.0003981873218
54.4554455445545,32.7431546752266,38.1078944168871,-2.50736301077734,-1.7344531527916
55.4455445544554,33.5666160237036,35.4768691924571,-2.04713180176391,-1.89984825459312
56.4356435643564,33.1666990609188,34.6621708938947,-1.68152660667724,-2.1685179111537
57.4257425742574,32.6702988678593,33.9380862097183,-2.45193514346985,-1.88619956925831
58.4158415841584,30.4326364355594,32.8113326037693,-2.73113885566693,-2.81187764866434
59.4059405940594,30.1688684936419,30.3947312751806,-3.47457695033928,-1.62810555479998
60.3960396039604,26.4058993908587,31.9186612176615,-2.50130640533199,-2.83303368969051
61.3861386138614,27.1627757491174,27.4610549004428,-2.19584032102871,-2.49408596543461
62.3762376237624,24.0025297329271,25.2023330098272,-1.1894083125631,-2.33281019451082
63.3663366336634,23.3778219729656,24.4083900850335,-1.08156801799573,-2.53220852758119
64.3564356435644,20.9978625709808,19.5993398054817,-2.96780847888484,-2.54572443506195
65.3465346534653,15.0201374949707,17.9071387030859,-2.60320429091647,-1.30073582434776
66.3366336633663,13.9982985080134,18.3039467367092,-2.39899971534415,-2.35349884940509
67.3267326732673,12.590908512384,13.5464168006427,-2.17248698513248,-1.56611911553619
68.3168316831683,9.8632176203815,13.5590728778019,-1.35767317200809,-2.32522641115431
69.3069306930693,8.24444416235607,8.45179741148647,-1.37311245554586,-1.03787599821055
70.2970297029703,5.4392850789132,7.27087033203645,-0.977232279374758,-0.320806545291895
71.2871287128713,0.928067572016062,2.75981447645048,-0.641722242182901,-0.856971831736175
72.2772277227723,0.839202729393246,-0.83079437418563,-0.773801070158487,-0.804113708660124
73.2673267326733,-5.39053344315442,-2.68550445045841,0.49101648992518,-1.63297569699462
74.2574257425743,-5.01009197546761,-5.10426417722637,-0.642506120607444,-0.842370005047344
75.2475247524752,-9.09455990652198,-8.25658394136147,-0.491784177905702,-0.190034382899018
76.2376237623762,-11.5413096629764,-10.3023499736746,-0.56566367538414,-0.488848312185673
77.2277227722772,-15.3198283069843,-15.7602116797591,0.416823491637396,-0.168053161683102
78.2178217821782,-15.6958573777777,-18.1425915470358,0.180329347828646,0.225738750779719
79.2079207920792,-19.7367055030518,-22.4747959306934,-0.516588282221036,0.651833881676277
80.1980198019802,-21.8055193276619,-24.5228021908403,-0.349029777328442,-0.354053479742736
81.1881188118812,-23.996008915927,-26.2722772880394,0.130119149451795,-0.378923056319092
82.1782178217822,-26.8141832273333,-29.0953314874479,0.722189800271824,0.185695118286262
83.1683168316832,-29.7942118674511,-34.5987642037709,-0.768731991374618,0.154199542848565
84.1584158415842,-34.8808061701331,-35.3775475554705,0.439458950555726,0.514322279312268
85.1485148514851,-36.1513470648784,-35.4804680933928,0.409057660176948,0.0523368490035477
86.1386138613861,-36.2397377994607,-40.0185549102071,0.0648157545882403,0.340948263596055
87.1287128712871,-39.9720865803773,-43.8914895848969,-0.340575477971611,1.01149930020827
88.1188118811881,-43.5860284773717,-46.8236636230477,0.772711905480026,2.44418222784283
89.1089108910891,-46.8735298746948,-46.7671648292392,1.58946156776124,1.51082965635363
90.0990099009901,-50.0210721653923,-51.3171680379906,1.23035031148648,1.74702213749411
91.0891089108911,-50.9097588810896,-55.6079880959315,2.81705750544705,3.21959557048695
92.0792079207921,-56.4300677974733,-57.3245518226428,2.84870811517864,3.63815505663408
93.0693069306931,-57.7959378445105,-59.3229324647233,3.91330925283578,3.10424530964729
94.0594059405941,-59.2101574415484,-61.5833806599017,3.40926182784425,4.36929224729857
95.049504950495,-60.0007495464029,-61.6861675063343,4.26285178777199,6.36482304457459
96.039603960396,-61.368831228276,-61.3481905041484,4.56343121189168,6.09149992136865
97.029702970297,-65.0805952437861,-64.7074372130186,5.75096094676148,7.08417832741007
98.019801980198,-63.9597893204128,-63.9799469684959,7.62805253597968,6.72292255713121
99.009900990099,-64.7798326111792,-63.9622240158867,8.80391721982875,7.65489860116871
0,-63.2312176677599,-67.3833211545313,7.74871747201841,9.21000575855179
1.01010101010101,-61.9468899891631,-67.7475692621371,7.5429001899096,8.94150032483652
2.02020202020202,-61.4207410889182,-62.8412671598651,7.58196659532883,9.86581145004146
3.03030303030303,-60.0684802379307,-62.7036328538666,10.4811757257526,11.0620046620975
4.04040404040404,-60.2931707282651,-61.1230160424819,13.1192855247281,13.0404047346254
5.05050505050505,-58.3675059248483,-60.0231249666855,18.0465473191228,17.5421246558309
6.06060606060606,-55.2633401522411,-57.908471535239,20.738070627888,20.2905956583765
7.07070707070707,-55.9730258099199,-56.8582754312982,23.9800289446034,23.7574364126787
8.08080808080808,-55.3019501455643,-56.2976794695974,27.2286642341753,27.6562696834916
9.09090909090909,-52.2353794414099,-53.9573219635116,29.2949549643339,29.9686766115304
10.1010101010101,-51.8154980533166,-54.3240237036855,31.7988471201486,31.6484021265463
11.1111111111111,-49.8089822744029,-52.3908426781185,32.7171932648936,31.3385771966485
12.1212121212121,-46.461582966133,-52.3828770566207,34.7128183465979,30.7446699085622
13.1313131313131,-46.260529119891,-48.6055728363603,35.8527708308068,31.7733938100608
14.1414141414141,-45.6752505556943,-46.8005429739288,36.105958949623,33.1346634151576
15.1515151515152,-44.3578991748244,-46.7450715194855,37.6304290432199,33.5357307470842
16.1616161616162,-40.7620513218507,-42.4633577575707,39.5171916708152,34.6545129527299
17.1717171717172,-39.9448990045156,-42.5754303471607,38.8724066826485,35.4450411564723
18.1818181818182,-39.2194797307166,-38.9173004112453,41.5903187467203,37.850402281692
19.1919191919192,-34.6574939647743,-37.6719308992252,41.3869244668205,38.5967589749472
20.2020202020202,-32.752255649589,-37.224573719819,42.7021182906388,40.8299838909428
21.2121212121212,-32.501856220717,-33.9974401717213,42.35279497922,41.6569817870466
22.2222222222222,-31.4446136192687,-32.3154514417737,41.823232258228,43.1712199264109
23.2323232323232,-27.5682746743307,-30.2865893404859,41.5706336737786,43.9145728035973
24.2424242424242,-26.1965030006974,-27.6723152903339,41.0616848530825,43.3699913008978
25.2525252525253,-22.6403591093575,-26.4004698951366,40.8184152319513,40.7942825250295
26.2626262626263,-19.9116018869466,-23.5054768884113,39.5099462276792,40.5588283438915
27.2727272727273,-16.4981432039728,-21.4147752106111,39.0064492300408,39.7269641527333
28.2828282828283,-16.6296041360417,-17.9605062887521,38.0156588434083,38.5152426035521
29.2929292929293,-12.9313274702226,-15.9840889256893,37.1854672257625,37.263067716082
30.3030303030303,-10.8476706798524,-13.349088565248,35.4774029295026,37.1812771412144
31.3131313131313,-8.38633761852358,-9.00211823540509,32.9445721553549,33.9467812385899
32.3232323232323,-6.55177260056596,-9.16416219012059,30.829512528237,31.8707308236037
33.3333333333333,-1.75225895301334,-3.71066756400515,27.6548203940309,29.3729707222348
34.3434343434343,-1.03988287508419,-2.99953675183667,24.9923628901966,26.964077065444
35.3535353535354,1.67491114307172,-1.33788491832103,23.58591065348,24.6835114790143
36.3636363636364,3.31568707967843,4.40897433237344,21.4487851565323,21.5254049281681
37.3737373737374,5.53946938231165,7.00627956962659,20.3283894139754,19.913991464234
38.3838383838384,10.0868705362112,8.89664854364608,18.0050204639283,17.9940742551903
39.3939393939394,12.0441482193934,12.889879876901,15.6225711275756,16.352217035967
40.4040404040404,14.012015103722,16.3965617410037,13.7214599999033,15.6055763495478
41.4141414141414,16.1631662624926,18.3386598328554,11.4617666679357,14.3269901646432
42.4242424242424,19.5313985571306,22.9495439195005,11.2589392900944,13.7816772806571
43.4343434343434,21.3273798632398,22.2435701267418,7.77276536353931,11.1434214523495
44.4444444444444,23.4503869185984,25.996754631461,5.42302249857458,7.96956291073759
45.4545454545455,25.4120895675904,28.4672867152032,2.59703561006828,6.30680740561314
46.4646464646465,26.2902233844612,28.6233256711275,2.45012892718241,3.49744507165694
47.4747474747475,28.5896324434153,30.0936528970312,1.05526002512082,2.0123927371887
48.4848484848485,29.8254147979889,32.6663636135402,1.15058578590784,1.1602342136519
49.4949494949495,30.9198922135947,30.5076026891905,0.454451376948642,0.387591327929403
50.5050505050505,31.9489029059273,32.9711124012103,-1.22679106237109,-0.781275793095455
51.5151515151515,33.0382492314635,33.3331703423686,-2.3543240009756,-2.1902414223425
52.5252525252525,37.0367925378224,35.9400022185256,-4.48579763466779,-2.34002000531025
53.5353535353535,36.3557057435289,40.340502793609,-6.4405038504431,-2.91123775550095
54.5454545454545,35.330066262075,37.0197337028826,-5.76618158416922,-3.17655130233918
55.5555555555556,35.3330530191921,39.1348585784668,-5.87883301753995,-3.57240835300617
56.5656565656566,34.2067193232298,38.3334410345298,-5.69015773684266,-2.33512217455633
57.5757575757576,30.9718695669733,35.4768672386837,-3.31475413445281,-1.43061443119116
58.5858585858586,32.6892192769194,32.0640850525791,-3.64430499805737,-0.970145228443401
59.5959595959596,28.5061526540933,31.2233543148207,-3.22027754421353,-1.16817529721417
60.6060606060606,24.8235815568645,29.7177981335896,-2.34229821606411,-1.89817101472046
61.6161616161616,23.6132249501861,26.047782229364,-2.90014699419687,-1.65440720594253
62.6262626262626,21.1431901698479,25.366016867778,-2.36717757970589,-1.97097081209102
63.6363636363636,18.819815068338,23.9640448211041,-1.44900095181081,-1.58185170190193
64.6464646464647,16.2339205155249,19.310993888039,-1.98487805676168,-1.36823022869366
65.6565656565657,13.4280058801544,17.7183303491536,-1.444767193604,-2.31231928566492
66.6666666666667,9.62891814032553,15.7903964049447,-1.74565056056206,-1.87938702243028
67.6767676767677,10.4872652526183,10.9567756165886,-0.978601358938338,-1.80152305039464
68.6868686868687,5.95238552867991,5.78767775076837,-1.57292402043949,-1.85612030774807
69.6969696969697,1.87651594107581,3.85552645837029,-1.33820783133085,-0.921785025173721
70.7070707070707,0.744023280050824,3.78050515233464,-0.791009584157109,-1.38439302024515
71.7171717171717,-1.76943020864623,-0.760114016051326,-1.49107168666929,-0.157807156504922
72.7272727272727,-3.92177567118043,-3.63922140664713,0.169911371110615,-0.843379216293136
73.7373737373737,-7.24203176364592,-6.30257920440781,-0.931887339532716,-0.611046697577181
74.7474747474748,-8.1132296013406,-9.05633383915158,-0.573276473055659,-0.286755938024208
75.7575757575758,-13.3076046850323,-10.3407576900302,-0.508067627991613,0.32893435134493
76.7676767676768,-16.8808944925486,-14.236657170194,-1.13588711423791,-0.842832830918254
77.7777777777778,-17.8270803107838,-17.3937426520524,0.293830540840362,-0.694591942698063
78.7878787878788,-22.280714340259,-20.5496545702977,1.20867627046809,0.484307282565989
79.7979797979798,-22.6085134406134,-22.4668619642302,-0.152763133724491,-0.189941646777905
80.8080808080808,-27.7628224805758,-25.718577672016,0.207546466757078,-0.151832141765036
81.8181818181818,-27.0277052700547,-27.7915009853889,-0.112337122765373,0.642109780747921
82.8282828282828,-30.2182307306889,-31.7067681950734,0.412554570294513,0.241946662010802
83.8383838383838,-34.4156353620489,-33.4628738641272,0.349087255853101,0.0152428461730631
84.8484848484849,-35.0866614824737,-38.1707011534324,-0.519248351175553,0.457657526210996
85.8585858585859,-38.7278328536038,-38.7192736895881,0.946457162622086,0.124737247634536
86.8686868686869,-42.8524068012291,-42.8624876342442,0.445018918647539,0.947615358038792
87.8787878787879,-45.6290397637959,-43.9706005205153,0.697738678778164,1.42256450936803
88.8888888888889,-49.0209621577487,-46.1336038360925,2.06648531918003,1.97272662933828
89.8989898989899,-50.8139722256383,-52.3373125531673,2.11691691886191,2.24731109352384
90.9090909090909,-53.9912403219522,-52.2718601859139,2.66461647149426,1.67803742289802
91.9191919191919,-58.2555505487637,-56.5694558894359,3.74609593359449,2.16308575291416
92.9292929292929,-59.0650873934287,-57.9819779837798,3.35357691657192,4.15638475170479
93.939393939394,-59.6942317369979,-59.6502298112581,4.19386339138195,3.47688238540711
94.949494949495,-60.9904238551427,-61.975313739449,3.71993907570366,3.48790972142078
95.959595959596,-63.8368683048124,-62.4466059295654,4.54743341094906,3.68906728796304
96.969696969697,-64.7007576114481,-63.5126041617744,4.69027562743592,5.92062911605959
97.979797979798,-62.5709823772389,-65.5656921668998,5.59267546363769,6.74862560066841
98.989898989899,-64.274992893268,-66.1256060675506,6.56361181451561,6.44455821753275
0,-61.0031952756298,-62.5569758704337,7.06183148656622,9.82120800456885
1.02040816326531,-61.4720004774248,-64.939186053601,7.97184306284494,8.33300927160262
2.04081632653061,-61.2636985354299,-63.7386308903021,8.50622294416269,8.25256950026057
3.06122448979592,-60.5520476270215,-60.6105709477453,8.06148470678518,11.0480396085557
4.08163265306122,-58.1816480003733,-62.1395628898105,10.1343396209823,14.9004325288284
5.10204081632653,-57.0714279825206,-60.351357143255,15.5595293039005,18.4183537193109
6.12244897959184,-56.3896315220039,-57.5001410690993,21.6328814910236,21.5673178324571
7.14285714285714,-55.819444484018,-58.7447076618068,26.2828398081924,24.1103922169828
8.16326530612245,-51.527611396015,-55.8283057620857,32.4243585368628,28.3792242017013
9.18367346938776,-51.586812750109,-53.3093488055303,35.1088779519572,29.6853952697653
10.2040816326531,-48.2916734241539,-54.234627493862,37.2553089906065,31.6948789443624
11.2244897959184,-46.4269869205956,-52.7969322001095,38.303987156321,31.2315266455465
12.2448979591837,-46.2725363947808,-48.7614036111303,38.3927990585708,32.4741902790865
13.265306122449,-42.6628397084399,-45.7592525373099,39.2600049958602,33.2393527714762
14.2857142857143,-40.8991242097821,-43.6833912199151,40.442269964514,33.9456897012401
15.3061224489796,-39.4455247464702,-43.3544317231195,42.1782569310671,34.3080389378492
16.3265306122449,-35.5604797685617,-44.1047114706778,43.0286772057399,35.4998061529061
17.3469387755102,-31.4431685203535,-38.5970367081862,44.3111153010782,35.9468276290795
18.3673469387755,-32.1812296632307,-38.0308769809249,44.1869223301881,36.8900501785303
19.3877551020408,-32.5041835331018,-35.0414040133493,43.997084882008,36.1792681207315
20.4081632653061,-28.3468746520924,-32.9367139521812,45.3142191847286,36.8043653324774
21.4285714285714,-25.9906377891519,-29.9709875573721,42.3545056810706,38.413925033068
22.4489795918367,-22.713484203565,-28.846551108508,43.2044615463075,39.6452576392735
23.469387755102,-19.7803693031586,-26.5653946686694,42.1547143424625,40.5152553189046
24.4897959183673,-18.8889866957161,-24.7697871956956,42.0726739576786,40.4688158202101
25.5102040816327,-17.1916903490674,-21.6578788158048,40.3202196583879,41.6100641291178
26.530612244898,-13.8614283767388,-16.660790327239,40.2546529706159,39.8482680014462
27.5510204081633,-10.6933107087399,-15.8743924340818,39.6428449311432,40.3713262807764
28.5714285714286,-9.88399271131829,-12.4677038817618,37.4626121407538,40.2094517747527
29.5918367346939,-6.32603362057822,-10.0592740401326,34.2885893980333,36.9603599005846
30.6122448979592,-1.02036017416772,-5.14588780480806,32.9603535917281,34.6464932515396
31.6326530612245,-0.0665012992853078,-4.19271412271661,31.2358561628616,31.6235753506864
32.6530612244898,1.19046582016296,-0.821588514723036,29.2832505516665,28.6718669306759
33.6734693877551,4.29528873394299,4.55445893758011,26.6236806463698,26.8078480609614
34.6938775510204,8.2837650330623,5.07077991362977,26.3876288761811,24.8341786528882
35.7142857142857,12.447854617623,8.29274714244564,23.4677283859904,23.3867939244526
36.734693877551,15.1052306104625,12.8993683788526,20.9783262376314,21.2645841516065
37.7551020408163,20.2841537541713,14.3873213971589,19.7685001990592,18.6112253167727
38.7755102040816,21.7212874886491,18.8382306244876,17.9249900856233,17.588707927859
39.7959183673469,25.7387080339909,23.7453811416127,15.97195027165,15.710209281911
40.8163265306122,26.238946051162,23.3779968382201,13.4887022952908,13.270148406135
41.8367346938776,26.1389288661249,25.8123020674602,9.87688719419099,11.1632419214738
42.8571428571429,29.561775199064,29.9591662240974,8.29483479230169,9.75764031891069
43.8775510204082,33.7648300220934,29.3621162895663,4.74189698881377,8.62512260397073
44.8979591836735,34.8348934056612,31.8549788120231,1.42872833447372,4.56161949727223
45.9183673469388,34.4551194436345,33.2308960417536,1.52103363863596,2.72334039611911
46.9387755102041,35.4539340502814,36.1635669326836,-1.02645331257808,2.41837635494535
47.9591836734694,37.1984035069142,36.4748050414033,-2.49291267377579,-0.0718886693313902
48.9795918367347,35.2146513377481,39.1389399900983,-3.23386539043147,-1.53553375808289
50,38.8580446447219,34.9866701005288,-2.60375282168382,-2.70940240935872
51.0204081632653,38.3507691016207,36.7785850504889,-2.38614470779212,-3.28691967070437
52.0408163265306,37.5367797854533,38.3177995056394,-2.66086781037667,-2.32982900363894
53.0612244897959,38.3638999320704,37.5275954874605,-1.69875769019316,-0.105603126416229
54.0816326530612,36.2477263016903,39.5538838761625,-2.842825441972,-0.827220961365293
55.1020408163265,37.0857730323054,36.7129210792447,-2.26979090450489,0.187885249298611
56.1224489795918,35.4449057109788,38.1787922804423,-1.845916635429,-0.230719912746679
57.1428571428571,33.1756230074481,34.5285287282193,-2.17132300393573,-0.430688210078473
58.1632653061224,31.9824953350435,32.6742101157375,-2.32239786815428,-1.47713089952631
59.1836734693878,30.0837494684836,30.5671973756368,-3.30567323135718,-1.06611256152514
60.2040816326531,27.3519273922186,31.7900554419865,-2.10318915805644,-2.64593929199489
61.2244897959184,26.9192733267398,29.9998049019174,-2.33767169326842,-1.06673090596664
62.2448979591837,23.9603691491273,25.6825237274728,-1.81953469539083,-0.924936465540726
63.265306122449,20.6319874948479,23.6034987065762,-1.39370290616806,-0.995867426394235
64.2857142857143,20.0820411753494,23.0555654148,-1.85291358350623,-2.30597095011074
65.3061224489796,16.3140914433148,19.5420251206889,-1.36292709492438,-0.383155724357943
66.3265306122449,16.1813867657974,19.5662078730166,-2.24409131460232,-0.998393240840439
67.3469387755102,12.7233154972375,15.3588800253789,-1.0838378128441,-1.86847906183962
68.3673469387755,9.27582707089603,12.7328493883168,-1.66365561956558,-1.59315930178126
69.3877551020408,6.55625444065872,10.555529428655,-1.36880930209802,-1.46974794988487
70.4081632653061,6.28637074404286,6.09125720884918,-1.98494888228519,-1.45108713641173
71.4285714285714,1.89335188156658,4.38804195680306,-1.64790108029759,-0.711585129837494
72.4489795918367,-0.203967632338922,0.50695783459757,-2.02629199243359,0.0814257841340063
73.469387755102,-4.17254442510133,-0.135280152283794,-1.12107194687566,0.225528488378967
74.4897959183673,-6.42733766783202,-3.58904403607714,-1.16554453960154,0.221118635851957
75.5102040816327,-9.85191075403142,-6.39284248540305,-1.53897514910811,0.554469355088846
76.530612244898,-12.2089097767287,-9.30036355530304,-1.05165544978563,0.750012039715185
77.5510204081633,-13.6276581971025,-13.2258565133647,-2.02470124810456,0.980563697820886
78.5714285714286,-14.7955099187374,-15.1909128736737,-0.342929334172766,0.186874142903106
79.5918367346939,-18.3180577101691,-17.735109486752,-0.804667226810401,0.0809623060222348
80.6122448979592,-21.0616900904512,-20.2518742434583,-1.80650051960268,0.710094288320218
81.6326530612245,-25.3572268673562,-21.917811608068,-1.46757547536724,-0.256912506793545
82.6530612244898,-27.8274287157351,-27.2651915742252,-0.953484063733475,0.360411932724268
83.6734693877551,-32.8794246043492,-29.9161045939358,-2.58696087389808,-0.208020678341328
84.6938775510204,-32.4111972080635,-32.8373902288314,-1.53112954779974,0.389967656252866
85.7142857142857,-34.994783019395,-35.4026110625239,-1.23629290816062,0.88554798394762
86.734693877551,-39.0425303169414,-39.7645907946924,-1.40646259951382,1.37669217089298
87.7551020408163,-39.2775933275531,-41.8157020293055,-0.119041814833994,2.13438391478756
88.7755102040816,-44.1908826211005,-45.856675163666,-0.567819566124176,1.33788676856848
89.7959183673469,-46.187985480817,-48.6224793855489,1.0446531105641,1.48369042417063
90.8163265306122,-48.857223804171,-51.9981111160276,0.521373676621566,2.69381083630057
91.8367346938776,-50.9319859347625,-53.7389549958613,0.576632648111378,1.71776548073627
92.8571428571429,-54.159967086342,-55.9409729626785,1.54069139259051,3.2260403132536
93.8775510204082,-54.9238046664989,-57.9608956501376,2.3519366790865,4.38157648847868
94.8979591836735,-57.0975730934612,-58.3207327125876,1.22628168804023,5.29123731552797
95.9183673469388,-57.6029289887981,-61.8736263318907,2.56979911555038,6.71160460561406
96.9387755102041,-59.6579517610187,-63.386998240529,3.00154811644095,6.69018988814803
97.9591836734694,-62.1957690333756,-62.3617827225393,5.32510725753588,6.61180849353531
98.9795918367347,-60.5762054039028,-64.2741673406154,6.88987975705096,7.39510727297543
0,-63.1015764068017,-69.5782507417033,9.37170458841242,7.79557168763681
1,-63.7254903889915,-66.4931757243856,9.1875163949836,8.03356683045607
2,-63.295340428056,-66.9282370082463,9.1794976877178,9.64584619135165
3,-60.3205074890173,-66.0861311126834,8.45702733908245,13.2376240107757
4,-58.4498775482669,-63.8892837073276,8.96982734855597,16.3844997371874
5,-59.237775363845,-62.5698062294166,12.6100540801058,18.2435590060991
6,-57.8008530582875,-60.3241428038863,18.5503643906422,24.389462207577
7,-56.1495482807474,-59.3420582906591,23.8840087766917,28.0514169561987
8,-54.280390681736,-58.251194428312,28.6205099345499,32.5114117021647
9,-51.6812450082202,-58.5544985173254,32.6770670741563,36.0005668818438
10,-51.6291638490774,-54.7731576421136,35.8834548919326,38.0064916959347
11,-50.0107796806577,-53.8789045869805,37.8198177820987,40.2821829165477
12,-46.8685864821253,-51.6947348020182,41.929641215442,38.6563499481994
13,-46.4967727977838,-50.7884396674109,44.4984596883884,38.5719961324695
14,-44.5632027562379,-50.5526140285127,47.5875967701102,39.8193196387073
15,-42.7597789908038,-47.9448829653327,49.8109265978177,41.4399215245655
16,-43.3244444212384,-46.3285966833273,49.4947015111275,42.6829875536165
17,-40.2457077248522,-43.6811622625162,49.1904654539252,45.2068293372637
18,-36.2583960728404,-42.9060284050907,48.3379236235068,47.4558385523238
19,-33.6568354523085,-40.0186609854337,48.1601666813692,48.7833355587538
20,-34.5116873002181,-37.1819398821346,48.7914483486629,48.486846522861
21,-32.9350534956995,-37.0266260446484,49.2062627117053,48.2357658087728
22,-30.2672425290939,-32.1377007342064,49.9166720574518,47.5550277483303
23,-26.4668007286884,-32.0956724386832,51.6052970050313,47.2757581725076
24,-25.3627469253298,-33.8418750071715,49.7554208052603,45.6074761291854
25,-21.7550385390738,-27.2880529778284,48.6143804524429,43.8027948225343
26,-19.7482644720319,-24.275602898749,47.4492686844562,42.0467606027427
27,-16.2632333095048,-24.3776158281588,46.7336208168455,41.1894613457782
28,-15.3263158929736,-21.1062964683535,44.6260325662786,38.5450517099544
29,-12.8834644966096,-16.8884796284983,43.5245738945292,36.9113937977315
30,-10.5494233457396,-18.9433107539013,42.8837456557571,35.083729746274
31,-7.63980965495319,-15.5341168740366,40.0177548831929,31.9754946411171
32,-5.33930396347826,-11.7970956039627,38.8393814133084,30.2923688351334
33,-1.58686859055726,-9.37344503236518,35.658335849633,28.666854584703
34,-1.26587127104189,-8.40570690281002,32.0075188713455,25.2809224183509
35,1.93854532369921,-3.43600329532364,31.5672520459826,23.2236583976534
36,6.09962457149595,-2.39892330251477,28.1392628478304,21.6541356890165
37,10.5602320995286,1.74626868653314,26.9070131790029,19.3109951527386
38,11.4455538504426,4.9593370666069,24.4770388855187,17.0784242710442
39,14.5925744489863,10.4559258736198,23.6821714214708,17.2468312575198
40,17.8613410347946,13.1740595758256,21.6356106647681,16.8263259729297
41,21.069017984086,16.786462099962,21.2576191510845,16.7791573310606
42,24.9936877593464,19.4488285812293,20.0004439391726,15.2334865517325
43,26.7811877063178,24.0054370092984,17.6573048650325,13.9354890897705
44,27.5415732065428,23.7167539029506,14.3972875801612,12.4571544448083
45,28.6592873590156,27.933504746178,11.1236025367687,9.17984827665019
46,30.6175183194477,27.9059418503418,7.27833576135769,6.21955253824717
47,35.8299901190801,31.4413952052193,5.61943656934436,3.51404281640745
48,35.7355276718839,32.1504769255957,3.50374547828054,0.786620372395588
49,38.3131305847553,32.2497065483765,1.88954192394796,-0.122206900998839
50,38.4184249129298,31.9286778799247,1.59570213400745,-1.52141614420349
51,39.7701623706083,34.7080228730178,-0.347033539792293,-3.0014952038212
52,40.9494071581981,37.5040039246312,-0.711655744179685,-3.21347324043443
53,40.077205788709,38.7683172094951,-0.900509823059641,-3.74824638314644
54,38.7242377619368,38.6607610000414,0.979830567860513,-3.75090528644553
55,38.1794390244649,38.298997348014,-0.283583883920444,-2.22677992005656
56,39.2356022718911,39.7087802733667,-0.62682293244628,-2.91032980612744
57,39.0839261058434,38.7593221740847,-0.607278428612091,-1.4418900056084
58,39.9384025278783,40.057795606567,0.0107656822336634,-1.74443188491868
59,38.0356388804437,36.7041607654213,-1.24677200887137,-1.69130730209096
60,36.3784343050304,36.6920841199884,-1.2005181971025,-1.44738365792876
61,32.3946882148987,36.0286160703976,-0.836472622761113,-1.52875055001037
62,28.4466610558103,32.1902855911034,-1.08919281150392,-1.24740613386245
63,27.4404924432596,30.9284646393934,-1.41890769402088,-2.18290374926693
64,24.6245687570664,27.7777986154284,-0.780649191438605,-1.7419646890803
65,21.967192124592,24.2075810963633,-0.814374300524694,-3.35130575853574
66,18.9971414344855,23.3613590195755,-1.27307699978617,-1.2657264024406
67,13.3780430576079,23.0792007995793,-1.90730129962365,-1.63396789987728
68,10.9863507732726,18.9309873327129,-1.99524774103132,-2.51806859869739
69,9.17118572256402,18.5969806345073,-1.54864478682096,-2.72857583082483
70,6.27459897439389,16.2073347951198,-2.01549373698746,-2.1611308188232
71,4.31834342252857,8.60741126883242,-0.701278174295851,-0.798139317799463
72,1.08312305421422,8.26473733924886,-2.29577520725682,-1.22227467164773
73,-1.97051925753113,3.88609862561604,-0.247217009054224,-2.30150977104645
74,-4.61476299880451,0.0938382817299104,-1.12736230719322,-2.18062641911306
75,-6.97356125323379,-1.82578323466674,-1.35180955991575,-1.6012968467101
76,-8.13633956781375,-5.49712701905662,-1.82500294459855,-1.00705099549932
77,-12.2506929478437,-7.75725563478167,-0.832402984516497,-0.71493713073504
78,-14.8735046307195,-10.9146718764641,-1.73827713110683,-0.730935986263484
79,-18.8939611081719,-16.3260193520225,-1.58509113347108,-0.270784423319262
80,-18.3782913243548,-19.7063602327219,-0.578292654952536,0.094393205057926
81,-23.1642007249806,-19.7324584403288,-0.200457394057219,-0.333011271638226
82,-25.4900130255442,-24.6327534790541,0.0910403830410902,0.377863828123424
83,-27.5929396967836,-28.4690373218956,-0.704276882013457,-0.15336995976179
84,-32.400383114636,-30.3833325523795,-0.0353211412646666,0.518859535702027
85,-31.6627189478666,-33.2390130527698,-0.17456892781874,-0.181014715100833
86,-35.606038695573,-38.6291600102222,-0.812450344230519,0.382323612586507
87,-38.0032435601942,-38.4343283535384,-0.713341646870765,0.562314179820208
88,-40.1357582215176,-41.3201737757672,-0.0489162409149543,1.41481064291838
89,-43.0737770326639,-45.1645180958066,0.830694847604954,0.540552399761992
90,-45.8913024465099,-48.9345255279638,0.581318827869839,1.48310847222172
91,-50.7954860246164,-52.0964158038457,2.32317797947531,2.21685952892602
92,-53.513776465534,-54.8693946589535,1.69313938471626,2.34201014775895
93,-55.4746013801441,-56.6689550298616,2.45641640521934,3.77673784362096
94,-58.0828270465448,-59.9335412643784,3.01683017815228,3.29513796604188
95,-59.3361763690136,-60.4086803772383,2.32540655954216,4.39685277400254
96,-59.5018196805919,-63.1498959542768,5.3222713489261,6.05427311709844
97,-59.8462209046366,-63.6631659354642,6.55952602897709,6.53604326105801
98,-61.2094967146444,-65.470803571678,9.07077072107047,7.59790213108455
99,-62.8378778427874,-67.717014691777,9.417705867303,7.66428256384015
0,-64.4727008968528,-64.7682909237884,8.92842277436232,7.53706244743441
1.02040816326531,-65.2104045961917,-66.1306554372383,9.41138559585339,8.40391488222492
2.04081632653061,-64.0174276234668,-65.7755324482572,9.45728417158937,9.20553155052006
3.06122448979592,-62.6880472503649,-66.6205263998763,10.8839911437157,11.6916631719723
4.08163265306122,-62.5652047541829,-62.9823131064328,15.8023600275921,14.8912976499074
5.10204081632653,-61.5450430345705,-61.7868806482042,21.3807619231527,18.0786770405741
6.12244897959184,-61.3837020062782,-60.1481481095529,24.6911969282384,22.0415959119766
7.14285714285714,-57.7580221567954,-59.4500188596679,27.3370694018775,24.4399680759945
8.16326530612245,-56.6649086145748,-59.0246242088633,30.5570118095275,25.5689682526038
9.18367346938776,-54.9783215305629,-55.786024276844,32.3232923969058,26.0479453034875
10.2040816326531,-53.6878636757851,-55.1217721543569,33.6327696199462,27.8519669524496
11.2244897959184,-51.7282839231359,-52.9167846368764,34.3858542483021,29.017829849235
12.2448979591837,-49.3025341146469,-51.81769934534,36.3074108027007,30.9224049805381
13.265306122449,-48.2159383531164,-49.7461577372219,37.7035913145042,32.1997788996619
14.2857142857143,-46.0444700810343,-48.8717920346963,39.2323833734976,34.5271506943082
15.3061224489796,-45.3001346647896,-46.931963880231,41.8452156861295,36.1464354644916
16.3265306122449,-41.9221599237959,-43.3261337051899,41.9496110392182,39.0702638738544
17.3469387755102,-40.5119168756055,-40.9340613716865,43.4937408938739,40.1349109475562
18.3673469387755,-39.5950346390389,-42.3217243252015,44.8651537773134,41.2886024318254
19.3877551020408,-35.7754717725404,-37.0854797282844,46.4135262378563,42.4797238377988
20.4081632653061,-34.3797533185246,-35.5422357902305,46.6603480940911,43.7074807326763
21.4285714285714,-33.8118731804823,-36.1154501886854,47.2853875805567,44.774652096367
22.4489795918367,-30.5623927845554,-30.8670423241423,46.8121347200003,44.9312574128568
23.469387755102,-22.9891673488103,-27.7385838301786,46.7167669546853,44.4901868525779
24.4897959183673,-25.0856729632666,-26.5372221218177,46.6886550622956,45.038197321907
25.5102040816327,-24.4980427389263,-23.6889074847268,45.4003086920151,44.7303708590539
26.530612244898,-21.5981792717121,-19.9500002364759,43.9026708284735,44.6355270219407
27.5510204081633,-20.3592893342096,-20.4613003917521,41.9994170307378,44.2129160024204
28.5714285714286,-16.441065036091,-16.2434835622003,40.4648060599071,42.6708340758039
29.5918367346939,-12.9260028988497,-12.0875024084123,37.7614966895238,41.3847995150809
30.6122448979592,-10.828684201049,-7.85948062525769,34.7371274771483,39.6980437178487
31.6326530612245,-8.75100523852459,-5.36243796311407,32.1078969153215,36.1164223448696
32.6530612244898,-7.84773545802402,-4.65434417764074,27.5981648139788,33.0133750452898
33.6734693877551,-3.22209602883864,-1.06128198132614,23.9042882625925,29.3162347005437
34.6938775510204,-2.29475170752749,3.03089419489699,20.1993026419149,25.00596391082
35.7142857142857,2.02270227774478,5.80232006898064,17.241204025273,22.4255750863223
36.734693877551,1.57592747606346,9.99529144506258,15.4132027070784,20.998831330784
37.7551020408163,10.3653197430499,12.4853826529855,14.0842292885663,18.9042744723851
38.7755102040816,12.1351010082789,13.8789656566345,14.6513389362873,18.4615632005499
39.7959183673469,14.0604670757133,17.1671293708312,13.0345067664566,16.7231653776419
40.8163265306122,15.697817283045,19.2954593583425,12.2453044096606,15.1414235367287
41.8367346938776,20.7173559188333,23.2442279887046,11.2395514459718,12.2479892103356
42.8571428571429,20.6374399796378,24.7650316510334,11.5577760773492,9.38227780046662
43.8775510204082,24.8440079659706,28.7155290367688,9.73012153058287,6.44081239011841
44.8979591836735,26.5362579684718,28.7160514562333,7.77956988893271,4.14482894106454
45.9183673469388,28.8384199576206,31.1679037287016,3.66109564331718,1.89612075715579
46.9387755102041,29.4302151354634,32.6065656750234,1.92570845995995,0.784115078852079
47.9591836734694,31.3463558880922,32.6178196436814,-0.149896092416407,-1.27155664664687
48.9795918367347,35.3323889621796,32.6882237081441,-1.61908649114936,-1.61602501505915
50,32.8750946597916,35.8247782619559,-3.0946522685359,-1.63378037450789
51.0204081632653,34.4225043152937,37.6811066666386,-3.92718913386046,-3.55104470371138
52.0408163265306,36.1544325052794,37.0341882721556,-3.56000140718822,-3.26987108125088
53.0612244897959,34.7759814414668,39.8475134795114,-3.38606000646538,-2.8322249016478
54.0816326530612,36.0626950317012,37.4494930786445,-3.40903524393912,-3.05141846921484
55.1020408163265,34.0339117514329,38.109531282347,-2.82547896968627,-2.28064700219839
56.1224489795918,35.3081304793608,37.9964889501701,-2.22677922043081,-2.14869637045792
57.1428571428571,32.3211763651043,37.0053362241518,-2.99584120501241,-1.4731924809189
58.1632653061224,33.3670848370516,35.266731799908,-2.71816942943529,-2.63461962975378
59.1836734693878,30.2882875169067,33.9785290285513,-2.07074756515793,-2.20625730963965
60.2040816326531,27.5863537956959,35.9925193796157,-2.473596676014,-2.74644602603829
61.2244897959184,29.2497682766117,31.3793594036563,-2.81163244336931,-1.46170520049118
62.2448979591837,24.8589354264852,29.6424841832548,-2.70973043112033,-2.10424940602114
63.265306122449,21.8427654102212,26.9420058409811,-0.768858659075065,-1.99364852855376
64.2857142857143,20.8776533002551,23.5644264555062,-2.44123853716774,-1.60228576135543
65.3061224489796,19.007361083219,20.9582003273333,-0.848760951535223,-1.57312341322951
66.3265306122449,16.4237734633171,18.6622758409944,-2.66685384878194,-1.84941188796747
67.3469387755102,13.5845448406207,15.3371965525326,-3.14864400161265,-2.10306465111522
68.3673469387755,11.2043341798731,12.8240720045476,-2.83635565532626,-2.33257399351954
69.3877551020408,9.27060182315042,10.3194774885904,-0.830707556962159,-1.94726482749645
70.4081632653061,2.21362885177536,6.36248725062567,-0.829667018925729,-1.28159679773005
71.4285714285714,2.1248080348837,4.81538811978764,-1.41797129603521,-1.05626357066657
72.4489795918367,-1.10561807650833,1.51327198602509,-0.693979567949878,-1.11087051837037
73.469387755102,-4.87018782977943,-1.00675442408502,-0.282740186030497,-0.234624417903564
74.4897959183673,-7.04435589310875,-3.20941648699918,0.234714022294982,-0.266011957089846
75.5102040816327,-10.8857378658276,-7.21413172961834,0.670518096779938,-0.995061487984809
76.530612244898,-12.558283341522,-9.9776675490544,0.486379811951452,-0.525806544250007
77.5510204081633,-13.208552005409,-13.7592775950943,0.662600620519706,-0.85157811054798
78.5714285714286,-17.2979813354066,-17.3287793561604,-0.0240848731731264,-0.672435311729231
79.5918367346939,-21.37999792548,-19.8522955654753,-0.216233326148291,-1.67338916144775
80.6122448979592,-23.2944740084371,-22.8237836052104,0.875019892012062,-1.76232643537201
81.6326530612245,-24.790523651124,-25.8014044158575,0.86883670680358,0.548270160126946
82.6530612244898,-28.289880599445,-28.6450970852457,0.761605801564282,0.168989834630425
83.6734693877551,-30.7987642366907,-29.7095417762298,0.0391606564609657,-0.293086117814951
84.6938775510204,-34.0301901898413,-34.9915685194265,0.364758564095806,-0.0126949125208668
85.7142857142857,-35.1142105509587,-36.1792141567023,-0.217134788795777,0.0244477183157736
86.734693877551,-40.0880820902751,-41.2572584664738,-1.54874097278492,0.907908729280227
87.7551020408163,-41.385328380492,-44.3551832747795,-0.224920797804066,1.32973412480843
88.7755102040816,-44.6351727454946,-47.4802859495018,1.20553718334692,3.29156100918957
89.7959183673469,-49.0398522470945,-50.7507615376237,1.47662828324029,2.46350513182415
90.8163265306122,-50.1541850326009,-52.8183133998686,2.66053268700882,3.20859680397595
91.8367346938776,-53.4447273286042,-54.8690903978726,3.14008585452427,2.80146742868373
92.8571428571429,-57.1128954684753,-56.4490896278436,3.38260663929374,4.14450418772555
93.8775510204082,-58.7220252389562,-59.7972989313522,4.11574586564293,4.55418840753411
94.8979591836735,-59.7778920505023,-59.8679026079798,5.61839008319215,5.32148878454983
95.9183673469388,-61.1661970188933,-62.8833225721439,6.72770710158528,5.22034925655804
96.9387755102041,-63.5505597413645,-65.152939392534,6.1957123253933,7.4288123955598
97.9591836734694,-65.8176493698589,-65.5483025394805,7.55061589757588,9.61471962395009
98.9795918367347,-64.5858939394466,-65.8088088971616,9.47348450163096,8.03468757029049
0,-62.2812868126681,-61.4535041165954,9.73273308420599,6.77797913272997
1.01010101010101,-64.4249309173689,-63.0487171180594,10.2612740289239,8.17639351990289
2.02020202020202,-63.1420720999666,-59.5102187751542,8.96357569036849,7.05365234602931
3.03030303030303,-60.3676929203752,-57.154929681852,10.3444486077017,6.77230242348163
4.04040404040404,-58.2878697486623,-57.0997167850593,11.872222528587,8.84932489760677
5.05050505050505,-57.2071504036401,-54.7710862855587,15.761396838022,13.0029891536008
6.06060606060606,-56.3204346882224,-55.2904670534967,20.7484221438587,17.0976654873679
7.07070707070707,-54.6323301088282,-54.3057273809751,25.7179746702292,20.3063829847727
8.08080808080808,-54.5904071830499,-49.175719988494,30.5363601581072,23.066611645205
9.09090909090909,-52.2387503210266,-50.1456804754574,33.728441675073,25.0252660525785
10.1010101010101,-50.7713572107175,-49.2477536733793,37.1362648213181,27.5289577407438
11.1111111111111,-49.0118447042286,-46.6964491266282,37.9891351626279,27.2696178005669
12.1212121212121,-46.0608549621494,-45.3225005781614,38.7559115547502,27.9299707565672
13.1313131313131,-44.8374699069302,-43.1269413322663,41.2583603424233,28.2579980588544
14.1414141414141,-43.025564077783,-42.0067826605899,42.2723454963763,29.9336955919728
15.1515151515152,-39.5929847605953,-39.631703770323,42.345752425733,30.9038882749379
16.1616161616162,-38.8281009032372,-37.8619727012634,43.7125244921039,33.0955099932813
17.1717171717172,-37.3606699630429,-37.7939584575943,45.8521708536019,34.9866438094902
18.1818181818182,-34.5434018565803,-32.4426185697144,47.1196828399502,36.8704245519312
19.1919191919192,-33.2576056486163,-29.3508951515735,49.7918960576086,38.0465301919044
20.2020202020202,-30.120812976278,-30.3043317208994,50.7382625303798,40.6471643719977
21.2121212121212,-29.6695629047175,-30.7470054484134,49.6784089894389,41.6723100966442
22.2222222222222,-25.6176736773399,-24.2062544400783,49.9866514937265,42.8112443449701
23.2323232323232,-22.2727583147441,-22.7715953481619,49.8504818500055,43.4131553842587
24.2424242424242,-21.6973066525074,-20.6131549627251,47.7183892546973,44.4044744211318
25.2525252525253,-17.9741364815235,-19.0478862822721,47.2728643164497,44.6459014072703
26.2626262626263,-16.7696599430819,-17.2323079988274,45.72593761604,44.3694896240469
27.2727272727273,-18.5152416492138,-12.8885532996734,44.9919432824166,43.6094914696983
28.2828282828283,-10.9409309735247,-8.7766905007907,42.576934711686,42.4032873950296
29.2929292929293,-12.4462131633432,-8.77931760943905,41.6904299443337,40.8071133814766
30.3030303030303,-8.2375702291406,-5.06933611024527,38.9573205135111,39.4557428235014
31.3131313131313,-3.1202840617831,-2.74134091370051,36.2651651081013,37.6792470935558
32.3232323232323,-1.8113904381781,0.265755071789988,34.0399897245929,34.9720880259391
33.3333333333333,-2.98558588153403,2.50805888062111,30.9934711890036,32.1907542620776
34.3434343434343,2.38553995506362,6.83391304065327,28.1442408244967,28.5846214627858
35.3535353535354,4.56324085862766,10.5213328115862,25.7321498320783,24.7657143402132
36.3636363636364,8.05490251046344,10.9172115239218,23.1437294161328,22.4149478247154
37.3737373737374,10.4961515335517,13.0369590263478,20.7244208331348,19.6235911864389
38.3838383838384,14.4246990712843,15.5044728777296,18.9896664061856,18.4889987414198
39.3939393939394,15.5828424504076,20.4360684333251,17.8400089097265,15.5134400756937
40.4040404040404,21.2632362527047,23.383917612101,16.2811560978243,12.8767164228665
41.4141414141414,21.9731784980277,23.0476950948556,12.7681637043212,9.76608353677069
42.4242424242424,25.5368372801034,27.4850245762001,10.3742204595821,8.33753587136368
43.4343434343434,29.1689491006674,31.7221246499019,6.6815724257741,6.46950066209754
44.4444444444444,28.4337061823399,32.4805970497623,4.486410135039,4.62567529707759
45.4545454545455,30.0460231316592,33.6928673862221,2.59649769152547,3.78734393656637
46.4646464646465,32.9507334766939,35.3130345070965,2.22814812318949,1.81730341872037
47.4747474747475,33.7758277979639,36.1935580086769,0.614130891422665,1.46861167242441
48.4848484848485,37.4653561182442,38.3334531779071,-1.6650632547462,0.190149712632469
49.4949494949495,36.9016694517462,39.9361079058346,-2.67090183418352,-1.89481845153666
50.5050505050505,39.5920395019557,38.668253022926,-3.85526447833903,-2.58146577017503
51.5151515151515,39.0626746538557,39.3428201964511,-4.35756044660607,-3.16772786773511
52.5252525252525,40.1087347227625,40.9915128549039,-5.41129907197203,-3.47008630831142
53.5353535353535,39.7243438834581,39.6720587627232,-5.56530529101629,-2.94415152255656
54.5454545454545,38.8345670447196,39.7532734946,-5.54167074518983,-2.55673424110972
55.5555555555556,38.8146179175855,40.5602554758962,-2.14157163198673,-1.33839479837176
56.5656565656566,35.6583480989448,38.3434307028449,-3.10508566939272,-0.645530222411614
57.5757575757576,34.2594743594312,36.8850492554524,-2.40025791078691,-1.79070104217983
58.5858585858586,33.8095190508279,36.7069550762401,-2.48761524111926,-1.65221835027671
59.5959595959596,30.0940541023711,31.5978151520171,-3.58129429958753,-2.52179016054704
60.6060606060606,29.0550043292856,32.1755830717438,-3.14203924195864,-1.87268484372422
61.6161616161616,27.021152766364,30.8681935171274,-2.64280489030982,-1.77898991442988
62.6262626262626,26.5839281380859,28.1466602283748,-2.7597381379645,-1.98650337477939
63.6363636363636,22.4238279604705,27.0564045402847,-3.05519157480739,-1.90281651248115
64.6464646464647,20.7084704714936,23.3724745188127,-2.44040845698513,-1.69970624299411
65.6565656565657,14.8877900490712,21.5298620698653,-1.10500211685502,-1.70081445615999
66.6666666666667,11.9882452347814,17.7012991151757,-1.25716580461739,-1.2130627811078
67.6767676767677,11.8198428919199,12.3956719174407,-0.373262908315583,-1.48285729393869
68.6868686868687,8.29580015981324,13.6731203661766,-2.18503138938358,-0.120250719126758
69.6969696969697,5.49250543383263,9.89753848794143,-0.525867613303083,-0.424378381483906
70.7070707070707,2.38111246158361,6.18085011196602,-0.89460968659341,0.503440323800015
71.7171717171717,-2.07580279217891,2.97282439344601,-1.01449675436441,1.32056761363594
72.7272727272727,-3.00384305976709,1.83305470438791,-0.401777110553131,0.320084945572954
73.7373737373737,-6.22289190821119,-3.0624421108172,-0.595383768017475,0.0155718794068779
74.7474747474748,-9.07264648093742,-8.19129484731327,-1.03951719447909,1.37853617960034
75.7575757575758,-12.3054354290765,-8.30933075345212,-0.695972027160771,0.0671347091313872
76.7676767676768,-13.4199119841536,-12.3128613756076,-1.13380965244453,1.40576260127415
77.7777777777778,-17.55103365389,-14.0290582512332,0.127208392330653,1.7574610241496
78.7878787878788,-19.243563795973,-16.5709702196317,-0.344290991283076,1.11397344478007
79.7979797979798,-22.5169337061461,-20.052384822152,0.0197887602197104,0.929276921169207
80.8080808080808,-23.5066431302134,-21.8819486539847,-0.91366950868271,1.33678489046945
81.8181818181818,-26.8820245589402,-25.8453375255174,-0.539332851727111,0.925412846467088
82.8282828282828,-31.1343787393392,-27.8016832236661,0.599455426078653,1.28942897753793
83.8383838383838,-33.4695866485255,-30.7078718105377,-0.320050259072903,-0.191404366730243
84.8484848484849,-34.6134069140406,-31.467070939158,-0.372272910811553,-0.428861511064763
85.8585858585859,-38.433621349419,-34.0138450693341,0.544407520130621,0.63230483191979
86.8686868686869,-40.9757980105792,-38.732528382472,0.350624449826003,0.314996058913368
87.8787878787879,-44.7794068452999,-38.84104385806,1.59956501933906,0.249077122326044
88.8888888888889,-47.0212201502146,-43.05373257737,1.69440976864354,0.583741881753685
89.8989898989899,-48.9266701027316,-44.5730279153917,1.07640513006515,1.63276731227363
90.9090909090909,-51.0243369577637,-49.8394308331708,2.66165010591139,2.11277881631251
91.9191919191919,-52.9449213910466,-50.4881918114367,3.29052527914365,3.32075188557248
92.9292929292929,-57.4486667850486,-54.1740186625389,3.88094207105398,3.61366899735368
93.939393939394,-57.6996963460252,-54.3363110985317,4.81205773224965,3.92591992660616
94.949494949495,-59.7755902819231,-55.9208568299283,5.52150215733168,4.63787725790719
95.959595959596,-61.3718577907648,-58.7393501745405,7.11991505538746,6.9173435362439
96.969696969697,-62.3701111938108,-60.1935506968914,7.5761744653932,6.37100620524839
97.979797979798,-61.4155646582105,-61.5712640832987,8.49714579596889,6.11443766192204
98.989898989899,-63.0481275459607,-60.921918280309,8.50767150845953,8.70131131559648
