"Normalised.Time","Stroke_GateAngle_1_sim_elite_16","Bow_GateAngle_1_sim_elite_16","Stroke_GateForceX_1_sim_elite_16","Bow_GateForceX_1_sim_elite_16"
0,-63.3003041674452,-70.4286174473932,2.79785838700764,5.68420009739989
1.03092783505155,-62.9993786096987,-68.5498514511075,3.70514670282365,5.40827709936867
2.06185567010309,-63.3951438798712,-67.3334745116714,3.97763336368796,5.70743452751112
3.09278350515464,-61.8825281634032,-66.2461458774126,5.91298745763374,7.69737542450803
4.12371134020619,-61.4943540166275,-66.4865395570724,7.01003487657394,11.2820934912208
5.15463917525773,-58.8101449628146,-62.0383465396428,10.3716304043713,15.9983376321952
6.18556701030928,-56.8707137349726,-59.4273834093287,15.6766436057009,21.232198140931
7.21649484536082,-55.9698261889006,-58.0288084459322,19.7528139040807,25.3318224053496
8.24742268041237,-53.867250072808,-56.1368968224252,25.4943635258158,28.3213414062894
9.27835051546392,-52.3649891489436,-55.6718984998898,29.6949983247059,28.2071728373475
10.3092783505155,-50.6242314554801,-50.5678483878418,31.4698572232872,27.4898157759009
11.340206185567,-44.4924893161558,-52.6900889990575,32.4857244171607,25.6391278673347
12.3711340206186,-45.8265576885466,-49.4725956119993,33.3047536240599,24.9072736768308
13.4020618556701,-43.0837585220141,-47.0112718045256,35.4265456544526,23.2924711001147
14.4329896907216,-40.6202353569482,-45.5312381151339,35.7008679883376,24.233466391364
15.4639175257732,-39.011106087106,-41.5467909843884,37.3157430210361,26.9885242032161
16.4948453608247,-37.67784927007,-40.7529431454721,39.1060913481544,28.4448774431941
17.5257731958763,-31.4596239966164,-38.6070021112784,40.6843874857669,30.9467032967222
18.5567010309278,-30.3099608729844,-34.0712916907623,40.4448428044292,32.3345061140578
19.5876288659794,-25.6456624478479,-33.387410319644,39.7598256017478,34.4122360731703
20.6185567010309,-26.8434563390747,-31.4850624994104,38.4627247224019,35.8174042850955
21.6494845360825,-22.7954333819444,-29.2436222058499,36.971509382451,35.6464226285208
22.680412371134,-20.1450287409104,-24.447720244697,35.4233103808233,36.2405079556044
23.7113402061856,-17.6550146966181,-20.9984337287179,36.0716147350526,37.3890042803804
24.7422680412371,-17.148008028299,-19.2640792409065,33.9574414761373,38.9000186614277
25.7731958762887,-14.617899626939,-17.0000215940243,35.2918259456174,37.9942557402771
26.8041237113402,-9.63051601175502,-11.9492316464934,32.9270021876438,35.2879950440669
27.8350515463917,-5.79565536267722,-8.03922714304728,30.1841415180212,32.69565169691
28.8659793814433,-1.51481688838757,-6.024089426999,29.0267304535612,30.4051094314099
29.8969072164948,-0.943034064161554,-2.07388932733572,27.0119507907056,28.2028380483258
30.9278350515464,2.48146244683022,3.19769797484431,24.6028098924602,24.80867104881
31.9587628865979,6.19304602130627,5.04883472147923,22.61435356098,21.8408671205631
32.9896907216495,10.4421581130331,11.3489065694865,22.5846554665751,20.5048765407226
34.020618556701,15.205765409822,12.6752154127431,19.9020077078019,18.2516438688314
35.0515463917526,16.0533996708586,15.7799970255139,17.7888546034367,16.7161476252916
36.0824742268041,20.0411725469618,17.1242708176107,17.5902789716026,14.2185167091099
37.1134020618557,23.0832417069993,20.0353135201088,11.7956723739338,11.6012050596337
38.1443298969072,26.5545964033449,24.3719781356193,10.3913467201026,10.7498714338522
39.1752577319588,28.9013870434092,27.1182351474186,6.58706968836881,8.50185470124434
40.2061855670103,31.31019540497,31.0131454989227,3.88112768305302,6.68775479524983
41.2371134020619,32.2341580067082,32.9374315239306,1.59023617213713,3.46300268634928
42.2680412371134,34.1268122645378,34.955770023604,-1.4601278502919,1.56091451138564
43.2989690721649,36.3221781470625,36.9472416975932,-4.93649707818053,0.819967803516623
44.3298969072165,37.0977353478038,39.0168484978845,-6.09767241044106,-1.78017386492397
45.360824742268,39.5734052835719,39.012439638184,-10.4949111263127,-2.34341063953887
46.3917525773196,37.7592927799368,40.5956928276825,-11.9308698636914,-3.73358984492449
47.4226804123711,38.2664765488782,40.3726672008728,-10.8619766027565,-5.3940329273188
48.4536082474227,37.6537107292454,40.1396662795087,-9.85050980666385,-4.40763406538845
49.4845360824742,37.8785532415357,37.1994638652372,-4.75244960311311,-3.34365046387646
50.5154639175258,36.5424701009689,39.5300711360578,-2.19601176184663,-2.75230563949994
51.5463917525773,35.1691596097361,40.0418758194705,-1.99223043745062,-1.67518165676393
52.5773195876289,35.8404481722426,38.2285251045227,-2.27395803111326,-0.071038886402719
53.6082474226804,32.0444571924513,35.1222804020238,-1.07994656727514,-1.27113059260915
54.6391752577319,32.4216059722622,34.6464882613017,-2.77403160289257,-0.777220006460932
55.6701030927835,32.0446905175205,36.3221373391038,-3.08666678486223,-1.69631602555165
56.701030927835,31.9400135737023,34.8508485533629,-2.45156145752913,-4.31455482026885
57.7319587628866,28.7733680838295,32.8652191144035,-3.28093249883031,-3.77469851042551
58.7628865979381,28.4225485934808,31.0686713503547,-4.67044873544398,-3.05997108987961
59.7938144329897,26.4529000069277,30.4240606650527,-5.00484680940009,-2.90767562303988
60.8247422680412,26.0888489202084,28.0911988129973,-3.93605523880625,-1.51073526496236
61.8556701030928,25.5362517296959,27.6379784563032,-4.80346439132259,-0.911540387208532
62.8865979381443,22.6206088601086,22.5107280026907,-3.42741522160277,-2.30302634620288
63.9175257731959,18.8007899244607,21.9199579498486,-2.91854945762232,-2.83309384642483
64.9484536082474,19.6852642296426,20.6144840251219,-3.21688114876683,-3.02623098368482
65.979381443299,16.2287561869721,18.4827325978071,-4.05000009207303,-1.7344012954915
67.0103092783505,13.2709278204834,17.2233619498228,-5.13439780653945,-1.43986799445584
68.041237113402,12.4328519609761,12.6468688177777,-4.24863202001288,-0.953813281963225
69.0721649484536,8.2431261590315,11.5944405038696,-3.95568228075307,-3.07854799960062
70.1030927835051,7.64173165132907,6.78739064035975,-2.97501994246203,-1.72678661664055
71.1340206185567,3.64614339109691,4.74336483338247,-3.31017531474434,-1.59781608897905
72.1649484536082,1.77767614524292,2.20864159811897,-3.17958509478053,-2.45491769307934
73.1958762886598,-2.26237752084829,0.97047504940736,-3.36535601649192,-1.01430844191767
74.2268041237113,-4.84352971541921,-3.02302207010809,-4.05450965348698,-1.12627416330633
75.2577319587629,-6.22842758650172,-3.38961578847126,-3.8756785579832,-2.06229089822785
76.2886597938144,-9.1814399998027,-7.12613332678977,-3.52959530213381,-1.01108247490467
77.319587628866,-10.6187206902691,-10.2989591917234,-3.82995455137093,-0.547478207009141
78.3505154639175,-13.9064733871155,-14.850084019207,-3.18112142766904,-0.741955171782458
79.3814432989691,-17.5583897387118,-16.4961759567575,-2.42552891833595,-0.711524793339355
80.4123711340206,-17.6743760140536,-20.6176761942301,-3.83266275071,-1.0945658547525
81.4432989690722,-22.397824791039,-23.3106260670364,-2.76511586579533,-1.47279712447082
82.4742268041237,-25.8484675276006,-25.8856014893375,-4.26006506458297,-1.44436384694068
83.5051546391752,-28.3302881305272,-29.4007283306874,-3.82162472675272,-0.93916040870148
84.5360824742268,-32.5626075435094,-31.9653555886497,-3.72569621995638,-1.77929728408001
85.5670103092783,-33.6838620859358,-34.5283247110832,-2.55693729472556,-1.65438816257285
86.5979381443299,-36.3359909164826,-38.5776588343472,-2.13017146801583,-0.289580191326948
87.6288659793814,-38.04843782532,-40.4820061346378,-2.59903582708482,-1.0208839879909
88.659793814433,-42.2779825201987,-42.5609578760928,-2.25901622885218,-1.13306149585199
89.6907216494845,-46.9274962851088,-46.6335949222705,-1.68504460976433,0.195287356468967
90.7216494845361,-48.3031177675498,-50.48985258567,-0.733467921458007,0.472657463501734
91.7525773195876,-50.0599979086565,-52.9995870452736,-0.655876170215532,0.396625055284753
92.7835051546392,-53.4569731531344,-55.4563454690605,-0.263503087645719,1.73414987510551
93.8144329896907,-55.7685470887224,-58.1521165201274,-0.682425991816036,1.41826064940674
94.8453608247423,-57.2018698890821,-59.2240684952821,-1.04410336608968,1.78210333044461
95.8762886597938,-56.8512996237857,-63.7098416745809,-0.926324662170747,3.17131666792565
96.9072164948454,-62.5938777629237,-66.170817777121,1.75320496500606,3.08418876060581
97.9381443298969,-62.6947201993357,-65.6610761277266,1.56907520481918,3.93020777576849
98.9690721649484,-62.57446808803,-65.9868633926621,1.55151698199944,3.96687051564514
0,-65.6327640351609,-59.2412823263012,4.73446183796168,3.91137516735921
1.01010101010101,-65.4125837937684,-56.9470570609232,4.15975633101869,3.93217954112813
2.02020202020202,-64.3385362949755,-57.4432808446936,3.70073478070876,3.34603444889037
3.03030303030303,-60.9084761647137,-56.5744918387246,5.26054746354091,3.95470463933349
4.04040404040404,-60.0243541566237,-54.3591602995143,8.18130122729722,5.80654228302279
5.05050505050505,-57.6977281960002,-52.8200917414475,9.85101217468458,7.51171993120032
6.06060606060606,-57.4602312680429,-51.1584508522516,17.550214248538,11.6684337022321
7.07070707070707,-55.1337965150881,-49.904954842363,19.8302749894205,13.4905674205521
8.08080808080808,-53.2644569311086,-47.373785924661,19.1386592014665,15.1541854841655
9.09090909090909,-50.8944510821501,-47.0603312150544,19.5045081400925,16.5084665332041
10.1010101010101,-52.6066232353636,-45.5850749910311,21.284463190765,17.3814344626478
11.1111111111111,-48.6901161420424,-43.7722061968661,20.8984115136975,20.255498921313
12.1212121212121,-46.6940237993449,-44.6670298776149,21.5566822505189,19.7309246561366
13.1313131313131,-43.3562954974707,-40.5424907177896,23.7480480628089,20.7089153535369
14.1414141414141,-45.9614032774872,-39.1443001120283,22.6607422963026,21.7952832964242
15.1515151515152,-39.8506745855943,-36.2876228521585,22.2673297097387,22.0343640561119
16.1616161616162,-38.6436581269704,-33.1750517127687,22.6374762609194,22.446903020856
17.1717171717172,-37.5686199536801,-31.953627435413,24.8782474527476,20.8292401561862
18.1818181818182,-33.1877303135408,-29.9767576517188,27.3295898356452,22.3550327071802
19.1919191919192,-32.2771539586076,-26.3232269626746,30.194981404582,23.0225969952588
20.2020202020202,-28.7946666396971,-24.7822190646267,34.3887557676418,25.4148934022821
21.2121212121212,-29.4827567984387,-22.7440993656556,36.3771568683365,26.3750945921322
22.2222222222222,-25.2879892412156,-18.0934975743444,37.9462732566661,28.4016747391215
23.2323232323232,-24.7630282125372,-16.6268879739578,38.9056465370239,30.9438711223512
24.2424242424242,-20.2980269887472,-14.1402105102924,40.1692599910125,30.8926945435808
25.2525252525253,-19.348589266282,-9.52716663500516,39.1295115620378,32.466369043476
26.2626262626263,-15.2052774359287,-7.61192532823036,38.5678399784783,33.635561969792
27.2727272727273,-11.9886566530316,-6.84503386344568,38.6020628907292,34.0529001953343
28.2828282828283,-8.57740123565602,-2.45355165853506,36.5941630981755,33.470665317592
29.2929292929293,-7.64250308297147,0.827748159401224,36.4889809005891,32.3839618273664
30.3030303030303,-5.54556808706733,2.18292618481394,32.4386571258405,31.033256620931
31.3131313131313,-3.10567324578565,7.15522613206324,28.6655724111281,31.1249555270451
32.3232323232323,-1.69281989580177,8.28307944578636,25.3644485045827,26.6174755646771
33.3333333333333,3.77211415903244,11.2251655692304,21.7729959470026,24.7242725169059
34.3434343434343,6.98581996697839,14.887680753726,20.1609591358195,23.6405376864384
35.3535353535354,11.5008993705994,18.0834306730389,18.2605238674178,22.4761011779663
36.3636363636364,12.3837513537305,20.8444918726467,20.0060418200223,20.479244733641
37.3737373737374,16.7872996945752,23.8012458435188,18.0622856802297,18.6459790199047
38.3838383838384,19.4612411197902,26.6684737627668,18.6731340252325,16.6650988983745
39.3939393939394,20.4305764060614,30.3974419158834,15.965423376898,16.8226944124827
40.4040404040404,25.2128429270523,32.1354290248038,14.4726486214032,14.4410069091187
41.4141414141414,25.6216263108655,36.2600359345453,11.0198031783565,13.4199635104576
42.4242424242424,28.4260842863885,36.6028654804394,9.34087600826604,11.1963453940008
43.4343434343434,31.8914214584782,41.4833016071554,6.31026894196603,7.51957330860767
44.4444444444444,34.3479447824807,39.573763041018,3.09274180573626,4.06045341052927
45.4545454545455,33.3168990869181,42.4455854451994,0.277210899727028,-0.0803860045170879
46.4646464646465,34.2052554714113,44.2151496737993,-0.702393978087933,-0.946487982272476
47.4747474747475,35.9234340513162,45.8103433817747,-1.62414943999594,-2.56856084097297
48.4848484848485,37.7918814359148,47.5185459163025,-3.12911303666784,-3.27686765529639
49.4949494949495,39.2390374817218,49.4776629113116,-3.28766778094221,-3.71238849114033
50.5050505050505,38.2271143097014,48.9746404261932,-5.55857558403626,-5.82156842890537
51.5151515151515,41.3490577182713,50.1755691016351,-4.82267293719438,-6.91198738933995
52.5252525252525,41.3078643866391,50.6069814853901,-5.24524685487873,-5.45541715044018
53.5353535353535,38.6256731157727,50.6451813361162,-4.69742537805232,-5.16095448319968
54.5454545454545,41.2787868514856,47.4730262321045,-3.55749376920395,-4.75326569126685
55.5555555555556,42.54474254334,50.029601666066,-3.64886740672034,-2.02797974129548
56.5656565656566,38.7798341255988,48.546781482108,-3.61238442975598,-4.37410528870134
57.5757575757576,38.4650898337901,45.1340917623675,-5.09762348646494,-3.54649133637191
58.5858585858586,35.8421256149707,44.043996065685,-4.86302795367064,-3.51092770709057
59.5959595959596,33.4412740824127,43.5954292838526,-4.6024971385689,-5.33728097745652
60.6060606060606,30.3075527726504,43.1529128487033,-5.02493157707343,-4.85516706804446
61.6161616161616,28.7160930880858,37.9862328426106,-4.12312510302868,-4.63059689567966
62.6262626262626,27.8313502078128,37.0995847668762,-4.34852065742261,-4.4979670615128
63.6363636363636,26.5542506778809,32.5980535598908,-3.73666339907163,-4.49324537177018
64.6464646464647,24.628646898837,30.7830834875515,-4.40846071951865,-4.26278783851482
65.6565656565657,21.2894071769262,27.8204079780053,-4.17368317541664,-4.61822737832746
66.6666666666667,19.7147391582557,24.5329487950651,-4.58441924256865,-4.02854058030033
67.6767676767677,14.9892064226187,21.848676420686,-4.23717022194911,-4.37321961254183
68.6868686868687,12.4143780465311,22.8144548872872,-2.95165510701034,-3.83772980126669
69.6969696969697,10.4982599155505,17.2078001831797,-3.38733845641958,-4.07519225563112
70.7070707070707,8.15509478929656,17.0950665012035,-3.14861133087171,-3.38577757265668
71.7171717171717,4.83043718199839,9.53187375607023,-3.85131729449451,-3.71180979233171
72.7272727272727,-1.38549014833956,9.70528009358176,-3.21984269827503,-3.34961137745065
73.7373737373737,-1.56067628643967,5.01903862967475,-2.24186058386355,-3.61603067973023
74.7474747474748,-2.0755410866412,0.713145607933205,-3.67035188036898,-3.66332023755947
75.7575757575758,-9.64196166320784,-2.96094926902261,-2.89162085226664,-2.54115180723796
76.7676767676768,-11.2459381127258,-2.53993651778553,-1.95799956071456,-2.49469835254697
77.7777777777778,-14.1185635460417,-9.52277560571343,-1.97088698520147,-2.57118018432732
78.7878787878788,-17.977311640631,-12.1243135662255,-2.09388454632222,-2.81167761630156
79.7979797979798,-20.8984197470153,-16.0179052696441,-2.33757518981581,-3.8174841826424
80.8080808080808,-24.0087271679077,-17.0274848362336,-2.64759505554405,-2.10789579652631
81.8181818181818,-27.5803125894434,-21.5302158961289,-1.73194656795124,-2.37455641458818
82.8282828282828,-31.4794536066676,-26.1474492771843,-1.3630977381048,-2.35082070885539
83.8383838383838,-33.3976927772655,-26.2590796063806,-1.88242475327138,-2.88441851229669
84.8484848484849,-33.428837994792,-27.8120269989285,-2.26044443756784,-1.55590145530811
85.8585858585859,-37.9980626463461,-32.2423853589544,-1.91381249945291,0.21007281295596
86.8686868686869,-41.3897450696167,-37.0580862852485,-1.06449820845808,-1.20813930043342
87.8787878787879,-45.1683396467129,-37.2949437132353,0.374190380610807,-1.58844285269521
88.8888888888889,-47.7380251987516,-42.0980065550456,0.459218075518492,-0.463000284491742
89.8989898989899,-50.05468499312,-43.3509176026022,0.28859385085876,-1.10455814799068
90.9090909090909,-52.754809079775,-46.2731115268413,-0.0275054479388352,-0.254760948155505
91.9191919191919,-57.9149309374147,-47.755055986948,0.22706441555162,0.134060284793897
92.9292929292929,-58.5357861177651,-50.5354997976648,1.43483745438541,1.05310964027613
93.939393939394,-57.8685912236475,-51.5003088019624,1.32100921525803,0.944842249661019
94.949494949495,-59.6234919890372,-53.4184486240338,1.07609018456481,0.817554007071181
95.959595959596,-61.0951970746556,-55.134010673972,3.31670662657188,1.69622162164979
96.969696969697,-63.6095014488427,-55.8835155659659,4.25647983877599,1.57159371548006
97.979797979798,-64.5300114357767,-58.0267540872175,5.54774202925021,3.72387989554959
98.989898989899,-64.6748073453788,-57.8420406298415,6.27546257033098,4.95508036045722
0,-61.1408989237906,-62.4605751259421,6.31744608045353,4.91084609591687
1.03092783505155,-60.3934988104987,-63.6698065458655,7.29121974247267,5.83369968775525
2.06185567010309,-61.1432907580355,-63.6132790585375,8.01497498390336,5.72267075223391
3.09278350515464,-61.2381631848489,-60.7733145387333,7.43261996112894,6.25328402729062
4.12371134020619,-56.6948608381919,-59.7677208317455,12.346366533515,7.60975919411393
5.15463917525773,-55.9358527592239,-56.4845739388304,14.8912504542356,10.7995251009481
6.18556701030928,-54.3995031568758,-56.7090199664697,19.1445945481744,15.8921569870497
7.21649484536082,-54.0275679257241,-55.932462509322,24.9662139772487,19.3814337268462
8.24742268041237,-52.2601428101295,-54.660839399975,29.4431285592309,23.9692422054714
9.27835051546392,-49.9660486693556,-51.7068755977152,29.3785911154959,26.6816095791222
10.3092783505155,-47.6290268373157,-49.7547695563135,32.4984723638006,28.300462477441
11.340206185567,-46.883332817871,-47.0238476415538,32.1359471007239,30.8277396317372
12.3711340206186,-43.5235062081598,-47.8772297111419,34.9741820770378,31.5682359151134
13.4020618556701,-40.8112669232678,-44.300460488228,36.0876843018205,32.5702617965529
14.4329896907216,-39.5020652255617,-43.1322534554772,38.5624924573838,33.1231929012443
15.4639175257732,-37.9646976209796,-41.5012374810491,40.7656107180478,34.3337928566166
16.4948453608247,-37.191481190766,-38.1463157337362,41.5581802150336,36.9306708211818
17.5257731958763,-34.4687935407484,-36.2782098225545,43.5072791435622,37.9406780114252
18.5567010309278,-29.6469675463181,-34.5240167828729,44.271505689179,39.7522695572111
19.5876288659794,-29.045842596293,-30.7556878768792,45.2577069871266,40.326072077169
20.6185567010309,-26.7194224280545,-27.0132810761383,45.3674370336642,40.7464123620951
21.6494845360825,-24.820274300505,-27.9506248274562,46.629317728222,42.0209971299252
22.680412371134,-21.7703620216249,-24.8045402229923,45.0046343234473,42.686060020059
23.7113402061856,-19.7672068586255,-20.3595856958542,44.3412828475219,42.8604264340115
24.7422680412371,-16.3804170371523,-19.6455513696299,42.6181332630476,43.4313372772299
25.7731958762887,-14.6243615961084,-17.332178001223,41.662609970182,42.1575570367036
26.8041237113402,-13.9864437796156,-12.4823770672502,41.0880236130668,43.3570297219612
27.8350515463917,-9.40051985710599,-10.4505519666803,40.9453445933082,44.6604917365215
28.8659793814433,-5.94942859424232,-7.58855262269605,40.5766558910728,45.2010665440788
29.8969072164948,-4.94027014788596,-4.13139350518892,40.2740206596028,45.5691160679151
30.9278350515464,0.410035364569989,-1.06492719589485,39.5362066498289,43.8669481513211
31.9587628865979,2.20435007464952,1.73453829064719,36.5146618326642,41.1589564288855
32.9896907216495,5.96441089836986,5.6809053249034,34.328951102248,38.7160419129401
34.020618556701,9.82405352107238,9.01501473681445,29.8648138596632,32.9704641195516
35.0515463917526,10.9070813844225,11.2485899464556,25.7656245860306,25.9079399659741
36.0824742268041,14.7487478396637,16.5671126423295,21.9596158407826,21.0658608453265
37.1134020618557,17.6843430720375,17.4349155610679,17.8813762687992,17.4530777541052
38.1443298969072,20.8894617567229,21.4218979140577,16.1270832617481,13.7844369609096
39.1752577319588,21.7923403185734,21.9310504323054,12.4058085980358,11.9074124899483
40.2061855670103,24.2999982284925,23.8614781578577,10.7156755484547,10.8366661429191
41.2371134020619,25.116658992877,26.2482636570036,7.04655284789505,8.06709659001824
42.2680412371134,30.1938533887878,27.7938076362687,3.36005147210395,4.40945936275662
43.2989690721649,32.8736057433453,30.7311224688739,0.204194494453415,1.15955224490521
44.3298969072165,32.8910558856009,33.1985261310325,-1.06406007301405,-0.536948195829518
45.360824742268,34.8884354591579,32.6927623392933,-3.07347400973468,-2.13153498538772
46.3917525773196,37.694929120491,34.2738458137989,-5.93763807010837,-2.97699540454789
47.4226804123711,36.9201832751829,35.2142560722605,-4.70379053831387,-4.31544555914541
48.4536082474227,39.116392630965,35.5098229851926,-2.44137980046251,-4.276193503063
49.4845360824742,36.7646070505366,34.819932942921,-3.28656846699566,-3.99735642119618
50.5154639175258,34.5400328660586,38.0538276955575,-2.53047139588217,-3.61933279296338
51.5463917525773,37.1985306383475,35.7177431784931,-3.28190202530776,-4.36459035819191
52.5773195876289,34.8296712842602,37.3986146529034,-2.53767176474786,-2.9917730924696
53.6082474226804,35.4738412655311,38.0294356514014,-3.62052579063364,-2.24245844446335
54.6391752577319,33.6240074615511,37.5795906454698,-3.14386735733544,-2.35851388462314
55.6701030927835,32.5788918065508,36.8631201185056,-3.21179850279788,-2.78957587508268
56.701030927835,30.5994488001536,34.0315949180008,-3.40408368003701,-2.6168585695352
57.7319587628866,32.3316870573481,32.648747438841,-2.11893346778929,-1.87972386796275
58.7628865979381,27.8903347749922,30.3590573457149,-2.50015225503943,-2.1476755360608
59.7938144329897,26.9272781624364,29.4305351273672,-2.60109198299169,-3.60456461704613
60.8247422680412,23.6676917027954,26.4970931321862,-2.55902177954617,-4.04823845225677
61.8556701030928,22.4550535162939,22.4429583228585,-2.39228039454451,-3.28767313394846
62.8865979381443,20.4541420636425,20.6250261871982,-2.56441373371167,-3.34603935977772
63.9175257731959,18.8436558271661,19.4800787112219,-1.3137782374949,-3.07643347788735
64.9484536082474,15.939483312952,12.8153091025547,-2.6789974707638,-2.62931755958903
65.979381443299,11.5508799702131,13.6426804611685,-2.20892227934879,-2.991076881338
67.0103092783505,11.5467301239687,8.60002708217479,-2.54143441633667,-2.55651638553802
68.041237113402,8.43355895630279,8.09355882642451,-2.53036408455912,-2.39468306505961
69.0721649484536,3.23450547537218,5.45743483475849,-1.94567759468577,-3.31815525673668
70.1030927835051,2.80643073334514,1.44315418281659,-1.81849009185261,-2.82004203435609
71.1340206185567,0.235287281725519,-2.80705354992092,-1.25593091889916,-2.71321657347477
72.1649484536082,-1.12540081499561,-6.54531240298401,-0.681050936721959,-1.1930518739904
73.1958762886598,-5.10573175843644,-7.63156760703079,-2.78748956236134,-0.412641584323624
74.2268041237113,-6.18264578012674,-11.6500635856628,-1.82138168848335,-1.9510123213268
75.2577319587629,-9.62146815009397,-14.2546601191299,-0.898286406702732,-1.24248902043793
76.2886597938144,-13.1216201613369,-17.8246954311413,-1.42467866566752,-1.47044293213566
77.319587628866,-16.5113304080608,-18.9816578766069,-1.5992422225902,-0.428219440146419
78.3505154639175,-19.7704684490107,-22.0614152392366,-0.384447710793811,-0.654967231991757
79.3814432989691,-19.862723592817,-24.2333973102917,-0.921336210297537,-0.566753228129558
80.4123711340206,-23.1594905574339,-29.4407715813373,-0.634589352155019,-1.49265415876779
81.4432989690722,-25.0190171375329,-31.5888343367436,-0.177556233598533,-0.936173638757977
82.4742268041237,-27.3092811879993,-32.9184266138428,0.540069528440119,-0.531642554626906
83.5051546391752,-32.5741381993833,-34.2425616004822,0.829448646646218,-1.46891873952533
84.5360824742268,-35.3411558546946,-39.7312963689595,0.68592454783696,-0.420953664229439
85.5670103092783,-35.8047733583616,-41.2399243603278,-0.235877254573819,0.763035060014558
86.5979381443299,-38.2257618020719,-44.6236852859937,0.0627898232906231,-0.757252820898631
87.6288659793814,-41.9264412388387,-46.0380605068391,0.473831786423561,-0.503233632135826
88.659793814433,-42.5877501269174,-48.7223936711245,0.183338115885381,0.412950758885479
89.6907216494845,-46.4744117643724,-50.7795008050839,-0.650032904497511,0.779761101246343
90.7216494845361,-48.2062318745329,-52.7933598913227,-0.313432368372985,0.925995578281396
91.7525773195876,-51.9888407066431,-53.9954382634899,1.09691571712524,1.66346504102966
92.7835051546392,-54.1570758489503,-60.0120660784504,1.35748388003454,3.02362236656236
93.8144329896907,-57.0238362276249,-59.5936302519719,2.93716715114151,2.17333702733562
94.8453608247423,-58.399805779761,-61.8397499086871,2.98716386199091,3.38936909696922
95.8762886597938,-58.982002968195,-60.4725028639041,4.78982030827998,3.40072100450335
96.9072164948454,-58.3599917938408,-62.1554208796609,5.36558874732541,5.07540722410438
97.9381443298969,-63.964794025474,-62.5116549348908,4.25687543781801,3.67851551971432
98.9690721649484,-62.3244558235092,-63.1560679711438,5.64274340086991,4.36408953398256
0,-68.1471082390283,-67.2584094329613,8.08565823035708,5.57373490215893
1.03092783505155,-66.8582883545024,-67.9805110610036,8.34932463734238,4.67694927406976
2.06185567010309,-67.3200989080116,-65.1749403604143,8.13160433311566,8.21401339940628
3.09278350515464,-65.1323018952044,-67.4444279743034,11.1413600303543,10.7848330088569
4.12371134020619,-62.5636945331049,-65.9579812698792,14.8684536896182,12.6847116602966
5.15463917525773,-60.4340913009923,-64.7888684151616,19.2051156767447,15.8454259311286
6.18556701030928,-62.1614063534088,-61.5130327165642,22.9452138196703,18.9034180239433
7.21649484536082,-58.8535449393781,-61.1957847093027,26.4037680953491,20.6488880832133
8.24742268041237,-57.9188220710172,-59.4620231698336,29.4909451107594,21.539918149845
9.27835051546392,-53.5913365933628,-56.8573073281266,29.7412365332648,23.8618634773267
10.3092783505155,-54.212257797519,-57.389705700126,32.0235105408031,26.1652918840311
11.340206185567,-52.8233702186176,-54.6949947275534,32.3194857493357,27.6746056048587
12.3711340206186,-51.9906514098335,-51.6252830007164,33.9482684000978,28.2529248587234
13.4020618556701,-49.1688263291679,-50.4357530716822,36.0098149551513,30.1304272140103
14.4329896907216,-46.5423246566324,-48.4370886952594,38.6421552795267,31.9706868805464
15.4639175257732,-44.3739323506371,-47.4355550120021,41.1782197167072,33.6365071421357
16.4948453608247,-42.0508025267262,-44.6717430666511,42.8039548670408,34.2199986491644
17.5257731958763,-42.2182662310264,-44.415484111419,43.63926728033,36.0561977182643
18.5567010309278,-39.2697571887325,-39.2644849008454,45.4847730490533,36.4282564223913
19.5876288659794,-33.5884840606857,-38.3355345825501,45.8469451831883,39.5300610562895
20.6185567010309,-34.9074419510024,-36.3674579976286,46.1785074031716,40.2334584964344
21.6494845360825,-31.9035130050911,-33.96966641641,46.0968812906355,39.9890788325133
22.680412371134,-29.8218015992658,-31.512244165939,46.940639086444,39.4799709787863
23.7113402061856,-25.3122828149618,-27.9842434057927,46.8038669672524,39.5960123351848
24.7422680412371,-25.0460665579587,-26.3224292324212,44.3347236355019,40.5053896844592
25.7731958762887,-22.4276105416744,-24.3587745101681,44.1627411862922,40.7926333825907
26.8041237113402,-18.0346988197936,-19.2961481769569,42.3753762238786,40.1565782454286
27.8350515463917,-17.2694791298866,-20.0925826497382,39.8513408495684,39.9929724475395
28.8659793814433,-14.3273468625614,-12.8551657690669,36.4346527592367,37.8406058242223
29.8969072164948,-10.1390765812628,-12.232147491057,33.1988079406362,36.5207994813834
30.9278350515464,-10.5147389263207,-8.25660473603812,30.0396022072488,34.6105731329968
31.9587628865979,-4.49492486074879,-4.11223288640824,26.2927948609496,31.6900662872388
32.9896907216495,-0.458075726628297,-1.29054481181729,22.9305036755117,29.2471622856187
34.020618556701,-2.22140060425083,1.06888748706752,18.9623553087001,26.2746457519429
35.0515463917526,3.39319018909902,2.94822843458385,16.4060426151765,22.8063159795053
36.0824742268041,5.96414399480182,6.88387825675865,14.6098109453987,19.1909601757092
37.1134020618557,9.61439692657623,9.81017625713211,12.8718629630108,17.0855331596987
38.1443298969072,11.0535901497857,14.9625875646904,12.8502865165842,17.3514531317176
39.1752577319588,14.4054443689043,17.4581326314799,13.3359935932112,13.6550273678948
40.2061855670103,16.9604376899331,19.8004612256022,10.6453882942448,11.0186155291722
41.2371134020619,20.5749071001753,23.7835996448188,10.3712174766032,10.6882077036403
42.2680412371134,24.8136663514471,24.1357769947374,9.37680248126439,6.92560662770778
43.2989690721649,26.9406074901578,29.5917208794821,7.50104656439761,6.49275930063672
44.3298969072165,29.2041539611061,30.3000589801121,4.91401634459953,4.24238637946338
45.360824742268,30.9516448405369,30.4262413808275,1.85682356933009,1.76364198499661
46.3917525773196,30.651544786003,31.7747744579681,0.202463515681583,0.170230956901201
47.4226804123711,34.7300619632241,33.8472728278882,-0.830893912824664,-2.11005380867248
48.4536082474227,34.6572710292132,36.8644224658179,-3.8080098690458,-3.74911785960458
49.4845360824742,38.3578878156825,35.1633360924913,-3.35707065456319,-4.81015269022724
50.5154639175258,37.4987321964628,38.4220708883077,-5.7654429010028,-6.03340506904665
51.5463917525773,37.9890323560504,38.5679439213988,-5.41072823132755,-5.71870873398086
52.5773195876289,37.3090789395329,39.6891626413404,-5.07807226585147,-5.63026761390555
53.6082474226804,37.5534915507938,37.1170551050885,-3.27294597765108,-4.86086177098193
54.6391752577319,36.2862101784493,39.147855210605,-4.49536373008701,-4.60521667437686
55.6701030927835,36.4382069589307,39.6499231883574,-2.54944855471074,-3.5702352901106
56.701030927835,34.9106350207071,38.0946741574519,-3.77972088325378,-3.64358008081681
57.7319587628866,33.8246964348159,37.4083672001561,-3.9730263988012,-3.24720242293755
58.7628865979381,31.6544490516111,37.6453720298075,-4.06337930181551,-2.7651334348607
59.7938144329897,29.922817160572,36.1101925940139,-4.52155686876843,-3.22750148333877
60.8247422680412,28.6988103116694,32.4540445177359,-3.11639235215604,-3.19857067979036
61.8556701030928,26.1216029057484,29.4916671852079,-3.64698610669393,-3.75199989221105
62.8865979381443,23.8101307562519,28.0951177264516,-3.92464803784067,-2.82980969470646
63.9175257731959,23.1409831800071,23.4422147097273,-3.98963224135334,-3.25042101613692
64.9484536082474,20.7349173947561,22.4087508933555,-3.67012554677844,-2.44066808585052
65.979381443299,18.1671770629075,19.4524213149927,-3.83974758903669,-3.5266867239964
67.0103092783505,14.9292692763718,18.0604573774172,-3.46105779060347,-3.19082701168384
68.041237113402,11.8219257640714,14.465776939659,-3.5423117384727,-3.18919762030353
69.0721649484536,8.01405742693631,11.1414730221195,-3.72675975106551,-3.57565461254542
70.1030927835051,4.85655107752996,9.54849109204559,-2.85298581189757,-2.69520327844504
71.1340206185567,1.64973612937298,5.23868933459354,-3.09985399371315,-2.41311461464243
72.1649484536082,0.0688032582146458,2.26844399655691,-1.55806694363389,-3.04695801964653
73.1958762886598,-2.9289186043193,-0.866571250090153,-2.4132207914454,-2.80212204571284
74.2268041237113,-5.14398453439598,-5.3590673823354,-1.53516774929508,-3.14021881981496
75.2577319587629,-10.0426406984609,-7.86928662595562,-1.67849893924153,-2.3143083600885
76.2886597938144,-12.2341188025049,-12.5588224640742,-1.55798209014727,-1.52326203244619
77.319587628866,-14.2318235776977,-14.7167059491712,-1.26576457861504,-1.88979881803556
78.3505154639175,-17.7385382799424,-19.3348611175101,-0.962300805943991,-1.80327773208628
79.3814432989691,-20.165803407082,-21.0912906285031,-1.19929445023218,-2.10807822406033
80.4123711340206,-22.5418215934262,-23.3908738417742,-0.271877128985543,-1.41034900061363
81.4432989690722,-27.1944899557027,-27.9032236411078,-1.07428198997235,-1.8708527451913
82.4742268041237,-30.465436438809,-30.0542060267106,-2.36522425063821,-2.62421580559385
83.5051546391752,-31.4925842294084,-35.4345068411256,-0.505690198947784,-1.67347218297982
84.5360824742268,-37.2991017758787,-36.5444351691522,-1.34175146978831,-2.04444181318612
85.5670103092783,-38.4649804129659,-40.0374301816656,-1.22805427131367,-0.509602105555769
86.5979381443299,-41.9238397510226,-43.5791983415574,-1.66729931011692,-0.435809327784441
87.6288659793814,-44.1656017075872,-46.0917826935754,0.258252570544432,-0.231259911708913
88.659793814433,-49.5964407586525,-49.5390186152031,-1.20924344994094,0.390009164759769
89.6907216494845,-47.8502070510489,-51.3031886845463,0.704351399119032,1.6440837807742
90.7216494845361,-51.6635431406885,-55.9933148317524,1.46954583935346,1.3223956580068
91.7525773195876,-57.4914929860818,-57.0592873289173,0.761686911501986,2.15154842710084
92.7835051546392,-57.6947873228095,-58.2748694738163,2.08898816653714,1.53451112853575
93.8144329896907,-62.3319263788076,-62.1765778141803,1.84339722545059,2.68138692622829
94.8453608247423,-61.7203185059754,-63.1134805036838,3.53959489188213,3.35997337058931
95.8762886597938,-64.1739620939156,-62.8188815601665,3.46161135199703,5.86452935100433
96.9072164948454,-63.6440636460919,-64.1446776137775,5.03581310995209,5.14696832513429
97.9381443298969,-68.5780110250123,-65.5715637673748,5.08376908827379,5.71089201834362
98.9690721649484,-64.9942186695422,-68.2606023376259,6.51932966402877,5.85394410102094
0,-59.444181881582,-61.8945202852271,6.67444455605563,5.05841397988476
1.03092783505155,-59.6499151135714,-63.3623359825813,7.09295326010288,6.97232607033553
2.06185567010309,-60.7156286405037,-62.7284955764054,8.06533224498152,6.35408922258484
3.09278350515464,-57.5310676213045,-57.6930200801965,9.64713970008994,7.81460002361871
4.12371134020619,-55.1246847135561,-57.8835429739358,11.3943753723445,10.4006875120093
5.15463917525773,-54.0252001050205,-57.007941212384,15.3077765620017,13.5153458867429
6.18556701030928,-53.2601678185387,-53.5188872288691,19.3858731745359,17.6941630102852
7.21649484536082,-50.3164690060779,-52.7551246346976,23.4978702037354,22.6571917286172
8.24742268041237,-47.8494454398721,-52.3804205495789,25.1900686219244,23.9679292065331
9.27835051546392,-46.6778890402651,-49.8264270255579,26.1332937566457,25.0952377591969
10.3092783505155,-47.7302675977861,-50.053969236507,28.0133114661438,24.434569831389
11.340206185567,-43.004331123522,-45.6732318127879,27.7321035971452,25.6129657961318
12.3711340206186,-42.1143291121805,-43.6866562253439,27.3245332388737,25.5924585099071
13.4020618556701,-37.6022381844865,-43.8105081113112,28.2384214632487,27.5538425719067
14.4329896907216,-38.3425717455261,-41.6823552332588,29.6405175920861,27.9221109930027
15.4639175257732,-36.7232604705374,-37.1455540636687,31.2585400721865,29.6886869854494
16.4948453608247,-32.2348674081934,-37.3336175263037,30.8453978733672,31.5164114101052
17.5257731958763,-30.761133917121,-34.9848053644382,32.1959273838503,32.6278898172415
18.5567010309278,-28.9474082354785,-30.7590510975214,33.5843418460214,34.2038602493131
19.5876288659794,-26.7447939486401,-30.2717141259013,34.5573045557489,35.1180814910563
20.6185567010309,-23.712450727364,-28.163206564453,36.0842931904588,35.7561204175392
21.6494845360825,-20.1129187461773,-25.452045497561,35.6774909012587,34.8305203214499
22.680412371134,-17.7932313769347,-21.777372137638,37.7774630908636,35.5978155586858
23.7113402061856,-18.0468492024266,-18.7340011046027,35.4958760604714,33.617511584746
24.7422680412371,-16.2508060904107,-17.6604551075871,36.7593112697354,33.9491434502514
25.7731958762887,-11.1011289084946,-15.3048886387539,33.9210527627471,33.7580235767279
26.8041237113402,-8.40727046034396,-11.0736199829565,32.2791643698079,32.2354513158878
27.8350515463917,-5.47591823923012,-7.56130889627267,30.4914471748221,30.9216397132928
28.8659793814433,-2.84464277034989,-5.7878763562903,27.5767918584718,28.8609922349623
29.8969072164948,-1.43773037502033,-2.69280694022573,24.6552885018587,26.4304525413899
30.9278350515464,1.8581029824485,-2.33887334069325,21.2375165547335,23.6649589195137
31.9587628865979,4.34889970289643,3.65996066280221,18.8090524568433,19.9616469211609
32.9896907216495,8.77946064195405,7.10588069600039,17.7149721461996,18.5084339960913
34.020618556701,15.4336746862279,9.52119250283569,16.045146028116,16.22992195609
35.0515463917526,16.3560653448886,10.1338036026031,15.4089582571001,15.2495155413369
36.0824742268041,19.2085321775763,12.0443819783734,13.5049186495306,14.3850325494405
37.1134020618557,20.1220132840275,16.4758638406744,10.5982338453982,12.9594528062108
38.1443298969072,21.6765866468388,21.5458506697001,8.90692256807896,10.105560768667
39.1752577319588,25.4491617412578,22.2752481107903,6.90465120348577,9.04200348370999
40.2061855670103,27.41075268628,25.9628968641367,3.30332137336116,6.21765582117602
41.2371134020619,29.2399332196233,26.457120562701,1.99499662568138,4.91034906982316
42.2680412371134,28.268564138459,27.7720916433485,1.28362543654236,2.26670399212826
43.2989690721649,32.9584782724125,30.2663614240341,-0.0426382024026235,0.271455477494462
44.3298969072165,33.8146111541406,32.987766182558,-1.03305395317571,-0.455457519472326
45.360824742268,36.9009090669111,33.2439066598507,-1.91928547950959,-0.950923189641967
46.3917525773196,38.4192693393639,36.8286422508027,-0.847689241908079,-2.0558261808902
47.4226804123711,39.2731124501175,36.9276872772466,-1.44924786658912,-1.30525669506204
48.4536082474227,40.6678115766429,36.4133356631542,-3.31588079110953,-2.76717816163827
49.4845360824742,42.6026594752231,38.4121956980016,-3.99754773004924,-3.78919003911921
50.5154639175258,40.9162672425088,41.6341037601402,-4.29343028634876,-4.84493235763921
51.5463917525773,40.7556171009881,39.9968786895892,-4.25830183148765,-5.11281146100219
52.5773195876289,43.1915788252028,38.8061099831787,-5.14668080669868,-5.42922247236429
53.6082474226804,43.8003574864466,39.8832272966342,-3.96148332765948,-4.57855954926685
54.6391752577319,41.4479701858483,39.7181433654219,-3.47225948887881,-4.35150191815065
55.6701030927835,41.5011264864686,38.7763391025983,-4.24182459617577,-2.84646094904226
56.701030927835,36.8801391903701,37.4853061593344,-2.92605480073317,-2.18409806105225
57.7319587628866,37.6187733195849,39.9592268175893,-4.68532796918881,-2.86277900631018
58.7628865979381,35.802330337982,35.4071181142317,-3.26729870133495,-2.31953373886495
59.7938144329897,33.3182309351723,35.1011164463592,-4.21954834488672,-2.83460115192135
60.8247422680412,31.6294698402687,33.3882444646152,-3.01873304497187,-2.52616524101307
61.8556701030928,29.5765689899599,29.1397209295234,-3.19880154342797,-3.06358000039037
62.8865979381443,26.5336078144309,28.6644313839855,-3.32387301996599,-2.66338847203467
63.9175257731959,26.2275140744221,28.1473170494333,-2.16051660442775,-2.67746478553101
64.9484536082474,22.7824557168482,24.8275822683534,-2.46532872390795,-3.34491664704794
65.979381443299,19.4692810061594,21.2173348482781,-3.1605494863892,-3.73676952353386
67.0103092783505,18.5161556125026,19.317469527954,-3.07611345716933,-3.11365559996117
68.041237113402,15.8953049435289,17.1557865055491,-2.49744587606016,-3.0052068335462
69.0721649484536,11.5331193023388,13.3431668416263,-3.08059606914054,-4.18865182459205
70.1030927835051,10.5204927532595,14.4136729925062,-2.49150827179904,-2.79408103475116
71.1340206185567,4.66721058841349,11.1267964259415,-2.25801829423385,-2.45153449065891
72.1649484536082,4.12817465497682,5.42076725517565,-0.656746791879622,-2.86009032994037
73.1958762886598,2.44154721629965,3.36752516248485,-3.37721594100718,-1.99287208809257
74.2268041237113,-2.40676885725577,1.76533987200954,-1.756653592233,-2.45215433558745
75.2577319587629,-5.75692613689681,-2.63095950113887,-1.78483043263191,-2.82386996376664
76.2886597938144,-7.79544090472533,-4.52907852992496,-2.95387299822211,-2.2497305579924
77.319587628866,-11.5990620311635,-10.5280372103987,-3.45431228931896,-1.4258590092028
78.3505154639175,-13.0589283788048,-12.6013838260433,-2.41557744975455,-1.94698003726188
79.3814432989691,-15.7562100396766,-14.6371447610005,-2.50699251270466,-2.77659088106807
80.4123711340206,-16.1895049855608,-15.7161981615961,-1.35046305287411,-2.70263014997224
81.4432989690722,-19.5071239684203,-19.9550342484157,-2.67912161807869,-1.99164362216236
82.4742268041237,-24.1947116172653,-21.7401222556906,-1.38816055230528,-1.60108481787015
83.5051546391752,-26.4729030325496,-24.7204468731393,-1.82040945826704,-1.15258431231448
84.5360824742268,-29.0837480776435,-27.1941226563856,-1.64551355334977,-2.1416361588814
85.5670103092783,-32.8364058150213,-31.885497583603,-2.00306040266843,-0.879830661792105
86.5979381443299,-34.0566942622375,-34.7084317556426,-1.34028437714747,-1.58094380749211
87.6288659793814,-36.9492839436654,-37.8315449590102,-1.23211542758966,-1.28751180581218
88.659793814433,-38.1401991618369,-40.9932697303356,-0.906768364205345,-1.29936880830748
89.6907216494845,-42.3496156743161,-42.0888843016938,-0.0531203683566653,-0.241910195242761
90.7216494845361,-44.9916677152258,-45.330908374853,-0.570416056548272,-0.248668325541437
91.7525773195876,-49.3112552567931,-47.5653760563766,0.469795293821783,-0.322365834520802
92.7835051546392,-51.9166260672701,-50.5457704803276,0.0407227196206157,-0.230116065740221
93.8144329896907,-52.400552559195,-52.361563875034,0.829522752131602,0.520677508633292
94.8453608247423,-56.6028560165079,-55.4433792252972,0.806225807420477,0.980346367010369
95.8762886597938,-55.31914371611,-56.9124604974583,2.11815937164828,2.53218816390546
96.9072164948454,-59.6457240705945,-57.5690864902716,2.89046480320686,3.35716834348481
97.9381443298969,-59.2482585370886,-60.6546299161285,5.25837650982878,3.98973813874847
98.9690721649484,-60.4801168511936,-61.2111081662542,4.77251297565183,5.53782981340553
0,-59.5284286182661,-63.5685683851125,-0.52514051829341,3.39477789794676
1.02040816326531,-59.7708814463524,-63.8569380164247,1.98220972345985,3.83289570890513
2.04081632653061,-58.4613616003976,-66.1929275318715,3.70319323549631,3.83911331555861
3.06122448979592,-58.9644556776523,-62.254529090339,3.28533562438227,4.09205581650281
4.08163265306122,-60.3385443178794,-64.5002418125674,1.96798856301513,3.97073494302804
5.10204081632653,-58.6159931387882,-62.6935970681955,4.0345397291179,5.69544506219035
6.12244897959184,-57.6027665100333,-59.7835527108902,3.98769783313335,7.32310854478438
7.14285714285714,-53.0014579239649,-60.0575473649716,6.22982550380104,9.75719276389315
8.16326530612245,-51.7422412010651,-57.4998016771645,9.19922759844249,14.494241314794
9.18367346938776,-49.8621883329708,-56.7235223485373,14.1805431879539,18.586996019814
10.2040816326531,-48.2174841223097,-56.5293202043438,18.7604552758348,21.7167903629522
11.2244897959184,-48.6794930568721,-52.5084718563699,23.2312989128796,24.855093691771
12.2448979591837,-47.3548940572124,-53.2513868164748,25.0447210906532,26.659977126886
13.265306122449,-44.1419068037811,-49.622620725876,27.1654133009156,28.0909710268281
14.2857142857143,-42.4331945568806,-48.8902337479388,29.3044413371247,28.944762292584
15.3061224489796,-41.2667460163715,-46.8846654818671,32.5485586883522,28.1764152865807
16.3265306122449,-40.7890328897756,-44.9780868114327,35.7626787662961,28.3555850162756
17.3469387755102,-35.9190077889125,-42.4857584977059,38.1019027558865,30.5651759007308
18.3673469387755,-36.326148297828,-40.9931055862735,41.5398625562036,31.7093788212133
19.3877551020408,-32.8664872894504,-41.7034980226496,43.5291722383098,32.5954991202269
20.4081632653061,-31.551182251491,-36.6075885275759,45.1991101533287,35.325177683454
21.4285714285714,-28.9823628539126,-33.4022400442207,45.9758403106846,37.5094790043228
22.4489795918367,-26.4494789239725,-30.8956586533514,46.6707544614614,40.1530049050306
23.469387755102,-23.7418618433347,-30.5167828812856,47.0566255734248,41.1388883121796
24.4897959183673,-21.9362015965618,-27.727157515575,48.2136461737055,42.2662963559054
25.5102040816327,-17.6548854190395,-24.8869671284126,47.5813919874754,43.442204824851
26.530612244898,-14.6926176403529,-22.8127669423674,46.9855832389165,44.8022882574748
27.5510204081633,-13.3212527224222,-20.9098653494364,46.6453600591205,45.6608875921181
28.5714285714286,-10.7848212214284,-16.722822551543,45.7530576272692,47.9257925875268
29.5918367346939,-6.71447672531124,-12.8624962938724,43.6814577881129,48.5458345232606
30.6122448979592,-3.62656368568334,-12.25715635223,43.8514260797777,48.947084536752
31.6326530612245,0.406177535024103,-9.44426145492749,42.7223208763196,49.4000311454165
32.6530612244898,0.334813121315554,-2.81195189557567,40.7958153499933,48.5384433642053
33.6734693877551,4.52317692191956,0.325023866789925,39.0538223087975,47.527279147267
34.6938775510204,5.17703551094671,-0.0208951200664276,37.0518675265756,44.3068700021751
35.7142857142857,9.02251217651703,2.61205687887411,32.8264377656372,42.2253210943577
36.734693877551,9.20030787980397,6.00510826702122,30.9080942270909,36.9336976637776
37.7551020408163,13.6288988281471,9.39246432902462,26.991702197006,31.2420475436258
38.7755102040816,16.7265543043229,12.1020941772648,23.1746787942887,27.9036230541038
39.7959183673469,20.1188371892555,14.3648863327571,19.1753652440562,24.1411382709425
40.8163265306122,23.3364951708481,16.6727227156316,16.7535374431421,20.5683140379166
41.8367346938776,26.37038888526,22.8766332512575,12.2513845048109,18.7075567347387
42.8571428571429,26.4764026718636,22.5187661792507,8.65696289455861,16.2404345287824
43.8775510204082,28.9325758022508,27.7962767304321,5.18814500115896,13.5070120242396
44.8979591836735,32.109932845707,27.5465585556898,2.08042101675529,8.62770247953818
45.9183673469388,34.3072522196235,28.8577584603389,-1.63531312973229,4.50699483310905
46.9387755102041,37.6343094462293,32.5851242206801,-2.0345476374117,0.881315319076186
47.9591836734694,40.0485906295349,32.8186897329698,-3.02251347887253,-1.88584074508407
48.9795918367347,41.6726053532543,33.3373651294132,-5.39394580698578,-5.28404970293932
50,38.5371851112986,35.0962696640131,-5.77668994650601,-5.85913912825956
51.0204081632653,40.7428221213616,35.1436547189145,-2.59838507811634,-6.9778359379679
52.0408163265306,38.5134633006243,34.8942179426642,-3.9078322578533,-5.43800299759661
53.0612244897959,37.1661086466483,37.871937368912,-6.18934870482946,-5.2869990174048
54.0816326530612,34.3169984383484,36.1798658706642,-5.8723085367601,-5.19470216420085
55.1020408163265,37.0459975248921,36.836428716244,-5.84653609972809,-4.15384886965552
56.1224489795918,36.8618320635469,35.490585657515,-4.04618743281064,-3.39813909853762
57.1428571428571,32.6238049558375,34.8094243544443,-3.10282407986653,-4.3900694918197
58.1632653061224,30.1947043207923,34.374942238844,-5.63610463652663,-3.71855677467928
59.1836734693878,30.2061045788163,34.5440377373418,-4.22414397153808,-4.62465554287787
60.2040816326531,26.8522110482565,31.1612569422888,-5.05846197436731,-5.6100182426402
61.2244897959184,29.1834073257838,30.6235454836478,-4.84873000283059,-5.21900093924061
62.2448979591837,25.0411789137989,27.6449980250196,-4.16497539326728,-6.09038662329685
63.265306122449,22.0723341266954,23.9472834782864,-5.21167597268874,-5.66675849399205
64.2857142857143,22.3518551818956,21.5662005343098,-4.30997214371152,-5.88939516553617
65.3061224489796,18.1297977109031,20.7984791761164,-3.74745153850492,-4.43436915510687
66.3265306122449,14.2999365642271,16.1946066080707,-3.5650407823447,-4.59910008648486
67.3469387755102,12.7209240039218,15.9389458322777,-3.93059337915154,-5.28509487509884
68.3673469387755,11.6463181548683,12.6238088469258,-4.57412369163669,-4.61370976522802
69.3877551020408,8.38303595228315,6.59469673666821,-4.76309878199939,-4.24102546438285
70.4081632653061,6.66216880043452,4.73749601925944,-4.61679904421424,-3.82816002773192
71.4285714285714,3.18477950432784,-0.00832295841492625,-3.74164953206947,-2.72641272171568
72.4489795918367,0.405642948718874,-0.422417586296203,-4.43607732007311,-3.02059055255177
73.469387755102,-1.98988258298669,-2.82907741781259,-4.16317693942272,-2.53436342539327
74.4897959183673,-6.39561685279373,-6.31992778204414,-3.92792784456274,-2.48585635840025
75.5102040816327,-6.39008276158742,-9.06955015709518,-3.92469629773877,-2.02028508521443
76.530612244898,-10.3876921296557,-12.0883727275387,-3.41803734417879,-3.54752678387457
77.5510204081633,-14.5568887443369,-16.0971362094673,-3.65544174394745,-3.16391666569192
78.5714285714286,-15.4459158037132,-17.7313763752842,-4.57847005961944,-2.58738301782662
79.5918367346939,-17.5228760948181,-22.0606199280229,-3.2236477001508,-2.77256049992544
80.6122448979592,-20.1592596743392,-24.4973389901517,-3.98843497571975,-2.55021558809473
81.6326530612245,-23.1006721656221,-27.5826799569982,-2.82959156002863,-2.86830337957308
82.6530612244898,-24.1200513574294,-30.0496926168506,-3.05721578726749,-1.91483826342326
83.6734693877551,-29.2661627569331,-31.5628381979667,-3.50445756177101,-2.81320040775143
84.6938775510204,-29.981583745907,-37.512651464586,-2.96792102159605,-2.49646927807051
85.7142857142857,-33.70091308391,-36.6653574617352,-2.77747972319325,-1.47236476655954
86.734693877551,-38.1601022031414,-41.0250884426825,-2.40423761544781,-1.60927070710631
87.7551020408163,-38.6782689775584,-42.743285049803,-0.307563035804485,-1.06829833128854
88.7755102040816,-41.2346040633948,-43.8755737079182,-1.66294019156684,-1.64745957995013
89.7959183673469,-42.7771828023336,-47.1197880728912,-1.76231112400386,-0.842143776759452
90.8163265306122,-46.6608015879107,-51.4290874345447,-1.92665435240286,-0.455272272176693
91.8367346938776,-48.9830880338275,-52.5809659209227,-1.98244465893007,0.146287108496799
92.8571428571429,-50.6673279848817,-56.9765320580784,-0.435089245113098,1.01817596026598
93.8775510204082,-54.6694273287258,-55.7771336094558,-1.19362418482603,1.73483823609038
94.8979591836735,-58.2812997009535,-56.9006189314526,0.649774762031144,1.64481381618671
95.9183673469388,-59.6095906923732,-60.6328714123859,-0.828604516748288,0.929040652918001
96.9387755102041,-61.2273914905753,-59.4106209623175,0.571489722645356,0.437306306581956
97.9591836734694,-60.535205260822,-63.6263117797365,0.703761817601449,2.01660558659029
98.9795918367347,-63.2249381146807,-61.7296950538153,2.08193354490262,0.899600692345314
0,-61.5914562885807,-63.701855882688,4.14841746018148,4.9950312407984
1.04166666666667,-61.1089413807446,-61.9872623416702,3.99044678957024,5.3420357797867
2.08333333333333,-61.0162407768081,-63.6644906227939,3.87935674383163,6.38084808064937
3.125,-59.4001807615116,-63.7081740987509,4.98088797633637,7.12521770803928
4.16666666666667,-56.7072540986411,-63.7296177396574,6.59624869216982,6.83070701745027
5.20833333333333,-56.2490920381445,-62.3425843495976,10.2541523922035,7.593811054132
6.25,-53.1352912793542,-59.0642748130848,12.9499742857957,9.55613031273392
7.29166666666667,-52.2173065908236,-57.9904510858807,17.6651106923569,13.8620748163741
8.33333333333333,-51.04215744974,-55.5545428773036,20.8195775096234,19.2636354811961
9.375,-50.4150277120057,-54.4993034483802,21.7423628393133,24.060504829342
10.4166666666667,-46.8088673701413,-52.5336437021784,24.4827376589804,29.8990274435621
11.4583333333333,-45.5915883502694,-51.3998346439279,27.1236740027697,32.4122635718157
12.5,-42.2103559823646,-48.2336391850349,28.5490083978363,35.6236292220352
13.5416666666667,-43.6163709653324,-45.6179145979256,30.1647164278532,36.5292801587056
14.5833333333333,-39.6834582532031,-44.3496554419652,32.3775603819464,37.7715134480806
15.625,-37.376908766809,-44.0435993169755,35.0195189364329,39.435750545141
16.6666666666667,-34.7613501437139,-40.4310195555019,36.9982558951336,39.4424365700447
17.7083333333333,-34.9516025535571,-39.8536615603154,38.913000854119,42.0586344468464
18.75,-31.9100612036698,-35.8082202942929,41.0714190275214,44.1377135869824
19.7916666666667,-28.977506195383,-33.9044322050253,43.1015313893376,44.9828783686107
20.8333333333333,-26.9058422281029,-28.8111141717638,43.5991331595794,47.5155246437804
21.875,-23.9118216503309,-28.9713013741932,44.0387707975488,48.6971655167785
22.9166666666667,-22.0378132728384,-26.1538456801371,45.479851367819,48.536867796718
23.9583333333333,-18.7089530768812,-23.2125514131975,45.9925503825996,48.3830285476393
25,-15.5588340514686,-19.9319782772204,45.2342477784427,47.811837130349
26.0416666666667,-14.3329313276713,-18.8683866806604,45.8794448699329,47.6691141758847
27.0833333333333,-10.6795776262162,-13.626013974709,44.5294947058466,47.1584293438198
28.125,-7.94884889928436,-10.9573115068083,44.7279439020962,46.4127107996203
29.1666666666667,-5.3350719052905,-8.46983376985645,43.9642032536782,44.8115193378993
30.2083333333333,-4.49340678731632,-2.8697655132608,43.334011498204,42.9054163418011
31.25,0.0400514155223154,-1.6792978082993,41.5319652800256,41.1897667659855
32.2916666666667,1.62925198752685,0.566693211066259,38.1155418372059,37.8875221144466
33.3333333333333,4.34233470887373,4.2936967536007,35.1539146853569,34.2287692467957
34.375,8.25378253148989,6.10452622830967,32.2920875948896,31.2473087345661
35.4166666666667,13.1705544893145,9.3675586654822,27.5920121507956,26.5222464180413
36.4583333333333,13.0168514645288,10.2268218828091,22.7337732117396,23.0295588913334
37.5,16.2097350598282,17.2520633557777,20.4189779751238,18.4908902375265
38.5416666666667,18.5655670419663,16.2782171451629,17.1750822137884,15.4829433597546
39.5833333333333,23.1162705412461,22.9889874150513,14.7116209988251,13.1644264223846
40.625,26.0233670022012,24.6096467444364,11.6599940587761,12.3637182850171
41.6666666666667,26.7132874127069,26.8793849460327,8.40696067001686,9.69202732544385
42.7083333333333,30.6594351187497,29.5532982991377,5.66117339772661,6.32700038621378
43.75,30.2571909146261,30.6109904779596,2.56655823466894,3.99876238784271
44.7916666666667,31.137812945296,31.8196586865791,0.157620313867695,1.27579450456514
45.8333333333333,34.584571357781,34.5355063402545,-2.30291890367826,-0.305083911312015
46.875,35.1581836395336,36.3367900335701,-4.16303815991544,-1.52742995059632
47.9166666666667,36.7498703910885,35.8257017075172,-4.65715531327443,-3.74916598263202
48.9583333333333,37.5427860450679,38.0327265297025,-4.28639143037778,-4.17074415430188
50,35.6331580677069,39.5837508384119,-4.30140326089689,-4.20599205692151
51.0416666666667,37.0255149566899,40.4780283877628,-4.55296673095655,-3.69001357925133
52.0833333333333,37.6082494074191,39.8681750226992,-2.76190514340554,-2.78667677188082
53.125,35.7991109226358,40.2680137016395,-3.38073279077876,-2.95877791075868
54.1666666666667,33.7462836573327,37.1624072199006,-3.38341857967431,-1.98733743921887
55.2083333333333,35.8559020167489,36.6385110648913,-2.20191960326117,-1.81453926603247
56.25,32.6827060052256,37.6034332602705,-2.18891368250674,-1.86647927259721
57.2916666666667,31.2560928522549,36.3155491549891,-3.03008153337357,-3.25892008820125
58.3333333333333,29.6266987729019,32.9261580090323,-2.71825381812424,-2.19010545229497
59.375,25.6127314837222,30.5068986195731,-3.19004645181685,-3.18514608270274
60.4166666666667,25.3604888425177,28.0495934695573,-3.00299953027751,-4.17865394448423
61.4583333333333,20.9511065837145,25.4961890923626,-1.82043258010467,-3.39164776209227
62.5,21.9968371427292,23.6279756152562,-1.44930826916715,-2.79464860451025
63.5416666666667,18.5340163903131,19.712891202382,-1.86837414739544,-3.04087574061147
64.5833333333333,16.2462728833348,18.0857856686268,-2.15738613472037,-4.161565401322
65.625,14.4671564405557,16.3390143350127,-2.84006490139812,-3.19467706965642
66.6666666666667,12.4535072791983,12.0665889303444,-2.64163328871733,-3.24169115728387
67.7083333333333,10.3013963070311,9.89570861455499,-2.85194172255104,-3.12776125535285
68.75,7.24275512092669,4.85846055176202,-2.43392282521067,-2.70607614185565
69.7916666666667,4.97485737941506,2.59315161401692,-1.40855531053142,-2.5496967894436
70.8333333333333,2.22474381680887,0.703922464524267,-0.668364040177791,-2.47677248397747
71.875,-2.44344307314068,-4.22844960581087,-0.535562353341442,-1.76829155626612
72.9166666666667,-2.20976952621586,-6.69830465805664,-1.86511442282833,-2.23830170762644
73.9583333333333,-7.18378707371213,-9.92357164404384,-1.80651236940606,-2.04329825987169
75,-7.80468680100912,-13.8009268144387,-1.33471505004243,0.00354536234774416
76.0416666666667,-11.079231186776,-17.3792620699972,-0.982436247515179,-0.695546305969525
77.0833333333333,-13.6029132702569,-19.2644462965854,-1.37570807412618,-0.320238983372179
78.125,-15.3329095776413,-20.9540497628794,-1.46459529797838,-1.05906767500316
79.1666666666667,-19.9888989693757,-24.3391000241773,-2.00695265351424,-0.979436372078473
80.2083333333333,-22.1682833593444,-27.2057188029228,-1.38909400565536,-0.887577750401033
81.25,-26.425626143338,-28.7288807896547,-1.09931004562935,-0.712873560989502
82.2916666666667,-26.355166064228,-33.7441841668407,0.521295768886371,-0.853336283834026
83.3333333333333,-29.4997388742149,-35.6556181404994,0.0399160738904239,-0.91503854164166
84.375,-33.7529895980321,-37.595957176433,-0.32320825017602,-1.17526769742315
85.4166666666667,-35.2014604340592,-38.8019883512033,0.0964863729398822,0.367666031351725
86.4583333333333,-38.6577716149436,-41.7481705039726,0.434986742434025,-0.692692248985012
87.5,-39.3311414781062,-45.0946119160266,0.438842968196508,0.177885147573247
88.5416666666667,-43.765054134036,-47.9393713767763,0.44437947307667,-0.541041219449643
89.5833333333333,-47.6941628960343,-49.3318407076966,0.453763831963177,-0.394814534567143
90.625,-49.0896110712708,-54.1782625760785,0.772324898338369,0.518483601765982
91.6666666666667,-50.041560594703,-53.950231969821,0.971605098909172,1.68698953901737
92.7083333333333,-52.1536462796132,-58.0697412391002,1.50795037972256,2.19552352151818
93.75,-57.3354515656275,-60.4262826716171,2.31900397369156,2.36857654548945
94.7916666666667,-59.2771068697307,-60.5243114838332,2.96238126734164,2.67224547221826
95.8333333333333,-59.1222583275045,-64.3591711301517,3.38903389652081,3.16071157912625
96.875,-61.1502420791395,-65.2037618135011,5.59615985943235,3.86794605427121
97.9166666666667,-59.2850220804543,-63.7508501881999,4.50633557043487,4.06711955621983
98.9583333333333,-62.0068404224246,-64.7503985865963,5.80844573788197,4.31672237662952
0,-62.1550876406019,-68.5071878129043,4.46596476258616,4.14787649545637
1.03092783505155,-62.554508569316,-67.68518467856,4.79650584366925,1.83478308577422
2.06185567010309,-60.6299817765334,-68.6837086895235,2.73260596623992,2.22173159259689
3.09278350515464,-60.2911079714532,-66.1440095448678,3.56913836372275,0.561323049147977
4.12371134020619,-57.0999443508664,-66.9035859217104,5.76900128972258,1.6435580530596
5.15463917525773,-57.4179340650679,-64.2294222384499,7.82769151223025,3.43545416866174
6.18556701030928,-55.6216169277757,-60.5457405712348,10.7645424183452,6.16691567081505
7.21649484536082,-53.2308857761346,-61.6995538120038,13.9211977376162,8.17351419060381
8.24742268041237,-51.1343306948798,-58.2640354327376,15.1633476480341,10.6766268257114
9.27835051546392,-50.6331420377578,-57.6190106420831,14.8594175401531,13.6304538955085
10.3092783505155,-48.6493640475379,-56.1936996673185,15.7315451109652,16.0885100539828
11.340206185567,-46.5275611699541,-54.3790609843183,16.9030559337601,17.8479832188941
12.3711340206186,-42.5183352176602,-54.5558656246618,18.7332016044244,20.1989422199446
13.4020618556701,-44.0008173844551,-50.0053885870595,21.8726807380345,22.4711273794406
14.4329896907216,-40.2967278081497,-50.9438870670781,24.2052050340962,25.9715359069823
15.4639175257732,-38.6239087274601,-46.0545470184504,25.8218062257736,29.3652663055287
16.4948453608247,-37.304263673205,-46.8902000281537,28.3020657928341,31.9810638425257
17.5257731958763,-33.2923112443932,-42.8656726171959,30.4685247527325,37.1776763227495
18.5567010309278,-33.6812897769591,-44.8321161632193,33.9599602250461,37.760299664363
19.5876288659794,-30.5088993673672,-40.9274488589275,36.3408039436727,43.8041901442264
20.6185567010309,-27.5782687458411,-38.3621600693769,38.0201324915527,45.1895200023378
21.6494845360825,-26.5828190101265,-34.404934615576,40.0975989896539,48.0274071555835
22.680412371134,-22.3447361963902,-33.4931144806425,41.4428787617835,49.9072314848001
23.7113402061856,-20.0482794361025,-28.4607143896543,41.8471014541431,50.3872200486117
24.7422680412371,-19.2813224751125,-28.0657122343832,41.9050155042895,50.9083683370241
25.7731958762887,-15.6247023532691,-26.6521607400471,41.1345167433006,48.825181693381
26.8041237113402,-13.5900070651382,-22.6002214401119,38.956168777407,47.3747165625847
27.8350515463917,-11.2643926671627,-22.0144142286167,36.826126122019,45.761592171938
28.8659793814433,-10.6825436916842,-17.0973036226237,34.433905266644,43.0483850432775
29.8969072164948,-5.66184866412198,-15.2226132516201,30.9746156360349,39.655226016548
30.9278350515464,-2.59327391977141,-11.0625835315492,28.7999910068673,36.8167934868553
31.9587628865979,-1.03510432091428,-6.05103032241485,26.8066567768084,35.3844207782491
32.9896907216495,0.435260816638597,-4.83193579668386,24.592766448093,32.7020345514977
34.020618556701,4.89133182371641,-3.08941615994645,22.4185795720558,29.5860965209244
35.0515463917526,8.32811797192231,0.243536856099576,20.8689269957353,27.2932470321683
36.0824742268041,9.33533218345827,5.58016596384368,18.6386745116236,25.5453422119083
37.1134020618557,15.3987280586058,7.58110489389059,18.3053428415251,22.5874931992206
38.1443298969072,18.4582317192214,9.5347320584188,17.0963107369504,20.5230551442809
39.1752577319588,19.0341633397298,12.7659033574359,15.0919108461499,17.5556817624834
40.2061855670103,21.8751478169012,16.1016488430442,12.8880710744733,14.1448025933777
41.2371134020619,25.469175202096,19.9738043101906,10.4164544486769,11.7520057230116
42.2680412371134,27.8577273721919,20.9018199591319,8.44272066400268,9.20048697691977
43.2989690721649,29.175556393266,24.1527747415204,4.61426893096144,6.55652331133547
44.3298969072165,31.4851772906995,26.9582820063318,2.29028835270882,4.53431911817066
45.360824742268,33.3190667486216,28.2056669073378,0.304988512750977,2.24028408001472
46.3917525773196,36.1804240009317,31.1211834178761,-1.25193928694229,0.531036942355029
47.4226804123711,35.5719728886072,31.8501649272117,-0.501002021778416,-0.770014054447328
48.4536082474227,38.3504970432388,36.329854445173,-3.12615903488641,-1.92723882129696
49.4845360824742,37.8406129761121,37.0693987129466,-2.46116840775385,-1.69752822321561
50.5154639175258,39.656952516373,37.8378070546017,-3.48034258201227,-4.24491927289054
51.5463917525773,42.0839569280836,37.6495626247895,-5.53659544469175,-5.9444466316416
52.5773195876289,40.9186379543672,38.0228881311239,-5.12591188406468,-5.99815046257779
53.6082474226804,39.9420511676493,37.6743173477215,-6.15439767711348,-6.33958423285667
54.6391752577319,40.1166279010886,38.2836306946064,-5.69304213204933,-7.3471491618384
55.6701030927835,40.2222530277307,38.7757949932961,-6.27112238790234,-6.13022573125373
56.701030927835,39.5544155820023,38.7474359014724,-5.01053185489028,-5.3778246889496
57.7319587628866,40.0436275758818,37.4286131655771,-5.60596312975601,-5.31977636715783
58.7628865979381,37.667639352497,36.4267910500744,-5.67349447663955,-4.53917852635062
59.7938144329897,39.4340305250395,34.3069114001479,-5.27563547135289,-3.94615523501567
60.8247422680412,33.9038495235027,33.9266217301834,-5.47543054284235,-4.45146739932088
61.8556701030928,31.7478597069941,29.9147669861146,-6.08381028076231,-4.69774590020919
62.8865979381443,29.0818199416119,28.4400495456735,-5.20086032484329,-4.45181025775791
63.9175257731959,29.0167561102621,28.8092126192627,-4.9300351014277,-4.10198039494394
64.9484536082474,26.597663713046,25.2454026789293,-4.21981488811166,-4.79921731083519
65.979381443299,19.4827822038591,20.9496604640142,-5.09510824905884,-5.06081156371959
67.0103092783505,19.1914797143237,19.4319004849562,-4.66446729752484,-5.23253130178236
68.041237113402,17.1538005457417,18.6869661934208,-4.80498696950231,-3.77336587732698
69.0721649484536,13.642627498283,11.3735398682574,-4.31639066106592,-4.5546970281566
70.1030927835051,10.598937082454,11.7925049213138,-4.16311243000162,-4.51433399465546
71.1340206185567,6.73458137575235,9.23733381982703,-3.30102478756774,-4.96843051851864
72.1649484536082,8.0512284157812,7.32791707599854,-4.26913999522855,-4.5060123133266
73.1958762886598,4.3501715053827,2.61450575257361,-4.14256395462395,-4.48500612753386
74.2268041237113,0.201996226236834,-1.39315388333497,-4.1642752221657,-4.64223458028675
75.2577319587629,-1.37496042355881,-5.66985601832323,-5.25416531993871,-4.11621054525104
76.2886597938144,-6.14915950924269,-6.55494608612224,-3.73210462182065,-4.59655561479329
77.319587628866,-8.8719779247493,-10.2596060193634,-4.58296208990664,-3.55774666507365
78.3505154639175,-11.9514186461054,-13.4364845045067,-4.70934906776624,-3.38924922466146
79.3814432989691,-14.6730140625006,-15.9485235749525,-3.927643736196,-3.06326066591557
80.4123711340206,-19.421477108532,-19.0070274762349,-4.30430427670266,-3.82406411160184
81.4432989690722,-21.1230980887369,-22.358699831784,-4.19799353822578,-3.62217042271638
82.4742268041237,-23.7375373910033,-27.5715982100445,-3.43636404780217,-3.16261060644795
83.5051546391752,-26.3382839943439,-32.916017263407,-3.85237981269857,-2.48662423667624
84.5360824742268,-33.0099676303735,-34.4258470335616,-2.67166794626058,-2.55150617191858
85.5670103092783,-35.1560801071629,-39.0571361419415,-1.83940097885734,-1.14052475180609
86.5979381443299,-39.3541564882447,-41.0359247188557,-1.70517607902993,-0.720405918400912
87.6288659793814,-44.3773999564804,-46.4074565072587,-1.62521694402805,-0.760732873013578
88.659793814433,-42.8501933900104,-49.9690068124708,-0.0912458636962025,0.0517539835736699
89.6907216494845,-46.6668727523388,-51.7688848788772,-0.240941524504504,0.367704471605301
90.7216494845361,-50.861931256548,-55.0222519115887,0.978703879949817,0.102912061152876
91.7525773195876,-53.6639769128787,-57.2879345809363,0.765530059858519,1.3666101923646
92.7835051546392,-54.9562512306867,-58.2421330040044,1.09607935446754,0.744532117520965
93.8144329896907,-57.2030047935785,-61.9829279331508,1.48601745970187,2.12828880064081
94.8453608247423,-59.408074446231,-59.5901063419029,1.4232516312826,3.09010714540463
95.8762886597938,-60.2299912378798,-63.9885095342552,1.87909077124428,2.53311857176583
96.9072164948454,-60.8904180193917,-65.9707531614186,2.99387837914508,2.90165564268446
97.9381443298969,-59.7840912910078,-66.9562846145728,4.48881303547307,3.60622562088769
98.9690721649484,-61.493312155242,-67.3201295379275,4.13333834002838,4.47430499871309
0,-67.9910351657128,-69.9112580031903,4.95270375091557,7.29928728757819
1.03092783505155,-67.9888380757128,-68.2522772988774,5.52648189829945,8.5422241889532
2.06185567010309,-65.5098949921849,-67.3892663643274,8.28406925209805,9.40853911463204
3.09278350515464,-64.8617061106188,-66.9606780842067,12.1289537044897,11.587630700009
4.12371134020619,-60.5455854251411,-64.017619108079,14.8316736077467,14.3034868474255
5.15463917525773,-61.0830025829195,-64.6823913661603,18.0520624291734,16.9318908932301
6.18556701030928,-57.7080423038416,-61.0613695041385,20.8733308267043,20.6016070400267
7.21649484536082,-56.6226308738139,-61.0894916223724,22.1908769936149,23.7415791383339
8.24742268041237,-54.4865859507515,-58.4186609242741,24.0564347635348,24.9328555923128
9.27835051546392,-55.0251176832369,-58.01932786905,27.0629041623477,27.6455695871623
10.3092783505155,-52.8539551884818,-56.7528470978174,31.2857637789872,29.6699301155918
11.340206185567,-49.0926154478093,-52.5406242888207,30.2275993372137,30.7187094719226
12.3711340206186,-48.9566121662551,-52.7159042948148,32.336852707624,31.9421435631588
13.4020618556701,-47.3469165500167,-51.9875060702764,31.7326452715765,33.161493193855
14.4329896907216,-45.7891039316456,-48.8049029115687,32.1961331156424,36.8859471900955
15.4639175257732,-44.8293285047703,-45.9597686134725,35.6744584659391,37.3752941453209
16.4948453608247,-41.7449686331721,-44.8385343400752,37.1004258392559,39.527798193103
17.5257731958763,-39.0955165224038,-39.9448563581285,40.0041108669007,40.2457856514522
18.5567010309278,-38.6885864958987,-39.5033144912367,40.441617449115,41.5713782609166
19.5876288659794,-35.5636581044713,-35.6755027187926,42.25778662451,43.0471872950261
20.6185567010309,-32.686857781411,-35.0997675588142,42.5130091118657,43.1424524051224
21.6494845360825,-31.570116342599,-32.1040753134857,43.8764592375387,44.5253898042109
22.680412371134,-30.9009581048022,-29.3938715269679,42.6696480174829,43.5228901262841
23.7113402061856,-27.1184358364569,-28.4243382351064,42.996893024623,43.0241618675204
24.7422680412371,-25.4447721162012,-24.6726823944895,42.0609195295252,42.8598993967694
25.7731958762887,-21.8752983593523,-22.3766889532408,41.5824745087477,41.4286837064381
26.8041237113402,-19.3221828209733,-18.0851238560963,40.1789729457166,40.7758707376954
27.8350515463917,-14.7765442468833,-16.8463032988846,37.6831507621653,38.9929803323227
28.8659793814433,-16.5052225760679,-11.2162127585777,37.7066359194057,37.8999493771881
29.8969072164948,-11.6802647222823,-9.40664684753858,33.6786699752674,35.7269449748614
30.9278350515464,-9.83569214806953,-5.93939876151829,32.2526513722718,32.020957979412
31.9587628865979,-4.59354091140958,-3.09853478609272,27.7297318718283,29.4010200217786
32.9896907216495,-2.52789957626547,-0.582630946474195,24.5494409888267,25.7032279375464
34.020618556701,-2.55767740210192,2.33946235113009,21.7556679391944,23.0230671209681
35.0515463917526,0.0253662056152191,6.87734619409788,18.3399877163179,18.3050624163507
36.0824742268041,5.9415876477214,8.09305061978626,16.4779263911785,16.9587080409174
37.1134020618557,6.34295517551523,10.0809101527307,16.0604674871826,16.5149113208692
38.1443298969072,10.9408047394609,14.6760535814489,13.6189755801235,15.3171685183847
39.1752577319588,14.6730118665445,16.8947037561889,12.5426335331731,13.2862005305103
40.2061855670103,16.6706528469344,20.8187039444966,11.2488909842482,12.9696438222235
41.2371134020619,18.1461428650935,22.8768740578618,10.2459008974691,9.48326425357028
42.2680412371134,22.544796510434,25.1546887419362,8.4928574051531,7.4780710226122
43.2989690721649,26.2349771916116,27.2487512936219,6.66294069518118,5.34810798966322
44.3298969072165,26.5764271315015,30.6248390096689,4.49816518138085,2.44903500874302
45.360824742268,30.4274987463101,31.9207608539205,2.75481607777559,0.872403787282613
46.3917525773196,30.9794348664212,33.7721011337651,0.169138161095918,-0.875076805439756
47.4226804123711,34.4439346681303,34.2261689115593,-1.78336416921585,-3.35218324595969
48.4536082474227,31.7702700380242,37.9249015096846,-3.10427408537342,-2.66422222219216
49.4845360824742,34.4827755302345,36.7390540045455,-3.35511166769027,-4.4902361894336
50.5154639175258,36.0198698725983,37.9737013813451,-4.18640709714148,-6.39320815629764
51.5463917525773,36.7329344994486,40.4071170115306,-4.46587537979819,-4.8059835439001
52.5773195876289,36.1332456428395,39.0838323823097,-5.01440481018899,-4.65770837138
53.6082474226804,37.4729895066709,40.5096073434934,-5.17723887776889,-3.34515516578702
54.6391752577319,35.6591039013069,39.11673728059,-5.02265455778065,-3.90690761568393
55.6701030927835,35.0044405591276,37.1046429088627,-3.37751368529032,-4.21036895812172
56.701030927835,34.0558110671233,36.3057383101285,-3.5655805101468,-4.87359091701558
57.7319587628866,32.5980058474175,36.7806130961109,-4.40203445943734,-3.80753443198185
58.7628865979381,32.239966024363,34.7355539018068,-4.05038657982646,-3.60739075994848
59.7938144329897,28.9625431686607,33.3883478301718,-4.72425048686771,-3.24746773821655
60.8247422680412,29.2879294883852,30.3574219548977,-4.969532482442,-3.9678529583894
61.8556701030928,27.4090411776897,27.8874137652398,-3.94189974813711,-3.28096382008992
62.8865979381443,25.6523256982491,25.7011321406058,-4.2500474770946,-3.29789472106743
63.9175257731959,20.7001739833817,24.9502360071875,-4.31491201386873,-4.17417776637241
64.9484536082474,19.7535926175855,19.6532268683375,-3.28876049083011,-2.98565403981467
65.979381443299,16.3511786102687,19.4213176728264,-4.35332366109347,-2.94306102771051
67.0103092783505,14.5500312325768,15.8230675648316,-3.54556167967256,-2.67950437301108
68.041237113402,12.8656419102449,13.7440441928895,-3.25812151781801,-3.50472690497566
69.0721649484536,11.6851722050224,10.6345534942095,-4.76322204674065,-3.23934228184707
70.1030927835051,7.56808809200487,8.00195125979115,-2.89397710078412,-2.73967113346444
71.1340206185567,3.60751220764952,4.06312420836791,-2.89503835094619,-3.63353656212443
72.1649484536082,-0.0740606961712302,0.388177985995143,-2.66005956974936,-2.74950320849897
73.1958762886598,-2.23185969885675,-3.6364496789839,-1.73669383820029,-3.0910777862043
74.2268041237113,-6.5939029280943,-3.63687773934026,-2.55933694028784,-2.81757079968117
75.2577319587629,-8.76294630287967,-6.83523921117618,-2.65306333471232,-2.66355564039279
76.2886597938144,-10.1310533951098,-11.0382086915714,-1.73829396344859,-2.47348299950115
77.319587628866,-13.4454482000872,-13.3705381681438,-1.25133367408459,-2.81651755078808
78.3505154639175,-15.6189994157606,-17.846988908515,-1.44207329717602,-1.94808944550024
79.3814432989691,-20.682108672413,-20.6952054847213,-1.5573942883644,-1.99962239737198
80.4123711340206,-20.6140269987117,-24.0345950038615,-1.17868557850996,-2.22477649068655
81.4432989690722,-23.3025570273166,-25.1109567458398,-1.01097938319126,-1.84620195512517
82.4742268041237,-28.01342152198,-29.5070042746294,-1.5983809257358,-1.09573912678294
83.5051546391752,-29.1366787292353,-32.529294928908,-1.57531436865887,-2.09505302063116
84.5360824742268,-33.8350983279369,-35.8584380356789,-1.82216724464601,-0.832037708554704
85.5670103092783,-35.8891617757705,-38.3258296507137,-1.61962982431429,-1.84930071643104
86.5979381443299,-37.630312364169,-43.1905663302807,-1.52728708650407,-1.29600084585343
87.6288659793814,-42.4050509088978,-43.4137213730359,-0.459260408684296,-0.626219496865205
88.659793814433,-44.9303071670843,-47.5832690749181,-1.34174412367986,0.70602401589625
89.6907216494845,-47.7243831770096,-50.4324957201522,0.166739962161435,1.73487349402796
90.7216494845361,-48.9509699126825,-52.0077515635599,0.565405651608134,0.834810684533857
91.7525773195876,-55.8082257685163,-56.4182687862686,0.909277265152667,2.87553650943007
92.7835051546392,-56.9225371245745,-61.0093704140778,0.729488029647674,2.64281943985481
93.8144329896907,-59.2476421280092,-61.8495606680465,2.11241659261239,2.65746600976751
94.8453608247423,-61.7053405286109,-64.6595968527546,2.38354342233036,3.65678081029575
95.8762886597938,-63.4487675612056,-66.8863934735137,4.11817212122965,3.85026558800337
96.9072164948454,-65.9808078199118,-66.0186258978719,4.4803370384081,4.93269279348271
97.9381443298969,-66.1731356179767,-69.2947494301238,6.98031365208291,5.87189855976717
98.9690721649484,-65.8245129224185,-68.3323666752548,5.33492038838299,7.4097438609066
0,-62.6641178033944,-68.5233014686904,4.38809669989404,6.58802787975555
1.04166666666667,-63.4533773282651,-68.7291867641272,4.82755130052325,6.62977298771767
2.08333333333333,-62.9071233205126,-67.8458376558808,6.11341152876511,7.03363699660981
3.125,-62.378666968932,-65.0205782666972,6.33485937327969,9.93006968561372
4.16666666666667,-61.9659121021712,-63.4502199474374,10.3368971671675,12.0400738606867
5.20833333333333,-56.5609749606359,-64.1363600267992,14.7247957330382,18.6271032166074
6.25,-57.7951978858173,-59.9946479956318,20.1621333396285,22.8054039870944
7.29166666666667,-55.7639325290633,-58.404243158561,22.932739925245,26.1625821046516
8.33333333333333,-53.3007515923759,-57.5082674189011,28.1064274794675,29.8143440470521
9.375,-52.7241811878164,-56.5345767898269,33.9924585699792,32.0042170024651
10.4166666666667,-50.4193178375292,-54.2145888562562,36.2645118009263,30.3248513467108
11.4583333333333,-47.3889733511489,-51.5530717054525,36.3456383545929,29.2581227437678
12.5,-46.6979682390287,-50.8350040495049,35.9241152655671,28.3397266618803
13.5416666666667,-44.9934892558549,-49.1362089100049,34.1555983512038,29.1813191395543
14.5833333333333,-39.9272232296727,-47.434381941537,36.0668461713003,29.7367266176895
15.625,-38.7641107333767,-43.3092215397407,38.7933541573696,30.5126017993865
16.6666666666667,-37.5977369526724,-42.2827468633097,40.8214459050883,33.7106603083696
17.7083333333333,-35.2210828737814,-40.3804815109269,41.9707446936744,36.348624824961
18.75,-33.4747022964207,-38.7583348630885,42.7588928045658,36.9497566106621
19.7916666666667,-31.5995196100927,-35.8717161129326,43.3665769730537,36.6156657658469
20.8333333333333,-28.5882329254105,-33.1433412436582,41.1242415818927,38.0733867555461
21.875,-25.9933159163597,-32.1306939216583,38.6599679309989,37.9838306471441
22.9166666666667,-23.2219695084749,-28.6008410323245,37.4926263477867,39.7050302797322
23.9583333333333,-21.8660375513782,-24.7039668123017,36.6965486267538,39.994134323694
25,-18.1498408321996,-23.8601579876307,35.9775181064529,42.159369587631
26.0416666666667,-18.0993083765412,-20.6898994607408,34.6457544385673,41.4880573610131
27.0833333333333,-14.6831524850398,-16.9675613290922,32.8952029390034,42.7083015734172
28.125,-12.6294177370684,-13.3806289878629,31.8753932622879,42.3091716215619
29.1666666666667,-7.26656409580509,-10.9931767632488,29.5495296690107,40.176949946853
30.2083333333333,-6.93334054247294,-7.19140436639522,27.2019890774907,35.9482575366528
31.25,-4.96638122757125,-3.74346518267154,25.5302591392611,33.7188589555478
32.2916666666667,-0.00390981027239412,-2.53435516299381,23.8249628550946,29.8839773674071
33.3333333333333,4.56416296176439,1.73880343618743,22.4167369409935,28.2987573968193
34.375,5.9147748858788,4.83317340355226,21.3755397255626,24.2883762980805
35.4166666666667,8.30101080870028,8.02436114214734,20.1053054024495,21.9167659765215
36.4583333333333,12.3496783557638,11.2864543478703,19.7820563273478,20.8912054476259
37.5,16.2269645111218,14.587421767096,17.3497318318425,17.1134782364119
38.5416666666667,19.4827295517913,18.1943429809642,15.5175271258409,15.5881633012641
39.5833333333333,22.0987676529741,20.8917737382204,12.0918888660605,14.100198500109
40.625,24.3994945447265,23.042489831969,11.0843627734587,11.6459142417085
41.6666666666667,26.7365005171819,24.7475908605302,10.1476558289145,10.1708873961462
42.7083333333333,28.6036241036046,27.7375024879411,9.88301430621374,8.85679156075402
43.75,31.6499660119682,30.6445535918234,5.14639266567387,6.10040663357022
44.7916666666667,32.3815631304247,32.6747007368808,2.70303437069427,3.73609166028695
45.8333333333333,33.9900449956001,35.4086809326359,-1.60371079528493,2.19559123263506
46.875,34.7272720612879,36.8858715566654,-2.77235828201919,0.207913891145289
47.9166666666667,37.6219511380072,40.1174468708373,-3.00937919994768,-1.07480738294656
48.9583333333333,36.9994674239375,39.2368913716295,-3.56162198847473,-2.17964882980689
50,37.1286439549177,39.3069710963045,-3.82263412786922,-3.11023256433825
51.0416666666667,38.0865927279399,39.9758660175441,-4.54264700840013,-4.57785482899071
52.0833333333333,39.920478619054,41.1113820127149,-4.04097477588526,-3.40046838359312
53.125,38.6135384334374,40.2432663415753,-4.78364358528361,-2.55235274335566
54.1666666666667,39.1118083858212,39.9881391656914,-4.45063795909052,-1.78927474756902
55.2083333333333,38.5572244571842,38.3971166386921,-4.26998787983965,-1.15085320217381
56.25,36.2515194880674,37.5703852569248,-3.32568206058815,-2.37737492185905
57.2916666666667,35.4382785198859,35.7136561785147,-4.47821343176335,-2.02462492215793
58.3333333333333,33.1916682675542,33.1307067864103,-4.22697812342083,-2.45140453233102
59.375,33.4487407242886,33.8956039650674,-4.47418539628638,-1.81726657122349
60.4166666666667,31.0737859168786,29.0412451913264,-4.56402419415917,-2.81118527028421
61.4583333333333,26.7140004587921,31.787402593303,-4.33985075430661,-2.50045511722067
62.5,26.598974980123,26.4470851913089,-3.92247771747542,-2.97153617291673
63.5416666666667,24.3416885925978,25.3322546728253,-3.96669454768278,-2.37663172061418
64.5833333333333,21.7017452863814,24.2729295749791,-3.71988348870794,-2.77654469030089
65.625,20.5520375908198,22.7134388929545,-3.95185252327423,-3.60814761045455
66.6666666666667,19.3960744668766,19.4896569164691,-3.84195326362177,-3.99731972101988
67.7083333333333,11.957597191705,17.4888277778878,-2.71544229700474,-2.15280460408291
68.75,10.7667298981329,13.4110716925353,-3.38038503463966,-2.4983391460375
69.7916666666667,8.03926193862711,12.4309196509762,-3.17687519972166,-3.02419980843227
70.8333333333333,4.61470133265392,7.06424531203009,-3.19445019889845,-2.94812306810082
71.875,3.4307233641014,6.61816079547231,-3.48606550815708,-2.29493565566391
72.9166666666667,-0.786510245766452,-0.184908168936537,-4.1113182818705,-1.70511968027463
73.9583333333333,-4.39799437772357,-1.27603676937754,-3.41196273601404,-2.55857852417142
75,-7.01351574762584,-4.98080974069796,-3.18958968302103,-2.0005634333929
76.0416666666667,-8.35643220303347,-6.45621227931089,-3.11298362110048,-1.24982634599603
77.0833333333333,-12.1957848612646,-8.33202610422244,-3.60803495106792,-0.734300175320552
78.125,-17.1260945125051,-12.597744766623,-2.74165292133702,-0.704819019829343
79.1666666666667,-17.4737894617133,-13.7966865875437,-1.79300748459514,-0.919083020519636
80.2083333333333,-20.1535111290278,-20.2862302493236,-3.3787190150981,-1.87510710793723
81.25,-26.1163488308032,-22.9423431754306,-3.30021162019258,-1.06243994231698
82.2916666666667,-27.0976211628627,-24.4436936941892,-2.69577885421728,-0.999007193504003
83.3333333333333,-30.7053135530871,-30.5436512301765,-3.91971947223748,-1.4411090233516
84.375,-31.8411464214174,-33.2641388925158,-2.66639668043486,-0.800104011301726
85.4166666666667,-35.8100115779392,-35.7484948176313,-3.30575174312406,-0.842998871884516
86.4583333333333,-38.7278485494062,-39.936201191848,-3.00755710366979,-0.405990224513775
87.5,-41.4962073266723,-42.6192972894702,-2.10959499837163,-0.59855622867338
88.5416666666667,-43.8278071394149,-46.8771618188183,-2.31460234937322,0.0808798790445124
89.5833333333333,-47.4271584098819,-51.4125138566603,-0.94328312580891,1.20272755456083
90.625,-50.1478201726652,-52.5609163626768,-0.230204045162827,0.177188667326556
91.6666666666667,-53.1634883526275,-56.4366068739471,-0.123145185308644,0.0143585431988822
92.7083333333333,-55.0045936650574,-57.8209434519629,-0.18192601275324,1.49267109319851
93.75,-58.7300575800659,-60.124918793282,0.287240867622859,2.60207561132146
94.7916666666667,-58.7890616114552,-60.9624182302224,0.169844419187495,3.02796129412946
95.8333333333333,-60.6539234640814,-63.8923027052807,1.43466482490456,4.54096392612624
96.875,-63.7202357682273,-65.604341938442,1.90141423498763,4.28320668184638
97.9166666666667,-62.9886824802202,-68.2452284886783,2.63472860336157,5.4271707302207
98.9583333333333,-63.8649323384881,-66.6298157357103,4.72586276403266,6.12391773668127
0,-65.5568849281123,-67.1387105301841,5.08250117681141,5.93593058662135
1.02040816326531,-67.4902246130982,-66.1070791972134,4.47607852296925,8.13123180300913
2.04081632653061,-67.1872508569988,-66.4839973104907,4.89486797610641,8.47072003800154
3.06122448979592,-66.8261538454255,-65.1408837480846,6.03624099881182,7.01170889738558
4.08163265306122,-66.7748684857724,-64.0435298192775,7.57260600321824,6.99316853191753
5.10204081632653,-65.7955666316557,-61.7581533424925,9.74457207100198,8.29795028840279
6.12244897959184,-62.4554765416316,-60.8733225206253,12.3743960532316,13.3023475699251
7.14285714285714,-62.8984256753877,-58.4377508517547,17.3042264859965,16.4698455269156
8.16326530612245,-57.5969528908765,-59.3532462964348,22.2088783833704,18.8221818266443
9.18367346938776,-59.1485904474347,-59.2922516069471,24.3482346625487,22.8473982845082
10.2040816326531,-57.4204372699579,-56.2681224174921,26.4961939247728,24.1082911104186
11.2244897959184,-56.3626661256451,-51.8933283802042,27.0513930279818,24.4282820974384
12.2448979591837,-54.5274748636683,-51.4395211186359,28.7524403442817,25.8319878311224
13.265306122449,-55.2165616492413,-48.110718655994,28.9515762314408,26.5023693061297
14.2857142857143,-50.3776195066837,-48.0131524279183,30.5096114229795,27.5412030164945
15.3061224489796,-49.7511426860562,-45.9906072313652,32.9536646199828,28.8449952549172
16.3265306122449,-46.9899097115013,-43.5624340976264,35.8840438630767,29.5908397761523
17.3469387755102,-47.0200852987355,-46.2398393625592,38.5281895999066,32.3980163501219
18.3673469387755,-42.4142533970197,-42.7283225078437,41.3245856942185,32.098071028465
19.3877551020408,-42.2555532121381,-39.0808950724318,43.4701195922618,33.6016123896376
20.4081632653061,-39.4446461666417,-37.3230952682775,45.2271703211439,32.0640088173348
21.4285714285714,-38.4226121064481,-33.3283469592076,45.8129628324881,33.1968521528298
22.4489795918367,-34.9616261724007,-30.6950383656025,47.2945156722162,33.9049587451369
23.469387755102,-33.4542581563086,-29.4694378218665,48.6493985140358,34.2074109235195
24.4897959183673,-30.7367264616961,-26.9502788051161,49.8918505522205,33.9764257300833
25.5102040816327,-28.6096781276629,-22.5455135575876,50.0315684089668,34.6550190722661
26.530612244898,-27.2028847837406,-21.9928731939061,50.9459581550413,33.8045070401325
27.5510204081633,-23.8305803246252,-16.3544264512738,53.1296110882813,32.8906594655994
28.5714285714286,-19.3539648001421,-15.6420628771639,52.0201523745931,31.5917821125488
29.5918367346939,-16.1313478547109,-13.4348661824099,52.124147253825,31.2333721167848
30.6122448979592,-15.1228063863171,-8.23164784121922,51.1672243154857,29.6652640866044
31.6326530612245,-9.94867663428912,-6.64847010976837,48.7657453769328,28.4503072888272
32.6530612244898,-8.55316530736846,-3.62473773876268,46.8605776781594,24.5893544007776
33.6734693877551,-3.63110096131672,-2.8228131678113,43.5845067550885,23.5456375909248
34.6938775510204,-1.96412719466024,0.629387410662929,40.2469255476832,21.1144355168053
35.7142857142857,1.49864871586973,4.27667775031989,34.2355425896169,19.7728294782094
36.734693877551,4.39065447407087,6.83410265241194,29.3373744509963,17.2113938784052
37.7551020408163,8.95088834651662,9.66348788035305,24.6636174854919,15.0627270765486
38.7755102040816,9.63214225018811,14.2831361203114,22.3098995060224,12.2325069501939
39.7959183673469,12.8827081175932,14.0543694356982,17.7854208907182,10.0451582978876
40.8163265306122,18.1090495196605,15.9910456206809,16.0324495770338,8.506434615202
41.8367346938776,19.3941320537688,20.3631240401375,12.5900416911002,7.02129569255277
42.8571428571429,21.4312768237914,22.7430098032355,10.0709217000182,4.93111269736319
43.8775510204082,24.0126725250596,25.199201978436,5.13705810624654,2.87117799499096
44.8979591836735,24.7652484062719,25.7463976686783,4.94772545828227,1.22452767666894
45.9183673469388,27.7811704347502,29.3687092638516,1.62389097285551,0.5122297453178
46.9387755102041,31.397310544469,34.3224771298382,-0.771733203403718,0.0959003991654913
47.9591836734694,30.8037537012783,36.7678169545764,-1.37705821154976,-1.18898005247014
48.9795918367347,35.0384756263696,36.250987944117,-0.935422176745784,-2.60888018932902
50,35.0126556030001,38.1743204319233,-3.96195526454621,-3.83191753308555
51.0204081632653,35.3592647953686,36.5318878068612,-2.8971117827108,-3.20243008394129
52.0408163265306,36.2011535627747,37.6503582519491,-3.19685365339254,-3.19327231329904
53.0612244897959,37.8457669865568,41.7850190252463,-2.37138958527158,-2.37862433863758
54.0816326530612,36.4762358592797,39.9416663646605,-3.02167853154067,-3.30909962455559
55.1020408163265,35.064635314238,39.7064270373171,-2.27194597608488,-1.68656583031559
56.1224489795918,33.4482770371824,35.3596849609139,-3.2307988027179,-2.45880390282088
57.1428571428571,31.34500425979,33.0981738448426,-2.89657670510123,-1.89122657878636
58.1632653061224,27.9334040932427,33.5496595538448,-3.00731405847554,-2.71355993267757
59.1836734693878,28.4762801194413,31.9517431750535,-3.93723020395967,-3.0766602812808
60.2040816326531,25.0130466658539,29.9749779523879,-4.14827125788219,-2.76066884736072
61.2244897959184,22.2844610169796,29.9704292127633,-3.94609725245152,-2.90746128969625
62.2448979591837,18.9786390356483,26.3023127449613,-3.81957269002719,-1.9804660271312
63.265306122449,21.6606151406641,26.088410066095,-5.10441841026336,-2.48524116013769
64.2857142857143,17.7737529703829,21.3645114680228,-4.04061005773425,-1.51212609936334
65.3061224489796,15.6444018263594,21.2571107124551,-4.9042649060768,-2.50262734308637
66.3265306122449,12.685882064827,19.098667285051,-4.32672427869913,-3.00832411743945
67.3469387755102,12.1278966616416,13.8886734036592,-3.79258698151753,-2.76280203647146
68.3673469387755,8.85754402800996,12.4634050535595,-3.70997285413333,-2.55571528229209
69.3877551020408,6.69763949601191,11.5488911626908,-3.1601148865139,-4.18740396558609
70.4081632653061,2.18511804668925,6.13325707054548,-3.11245894962752,-2.55639532870528
71.4285714285714,0.00849310478771726,3.92621548599718,-3.20838224568086,-2.74043289617642
72.4489795918367,-1.27536289409576,2.71633492897008,-3.51198912825776,-2.699911234701
73.469387755102,-4.63405609308979,-3.65195829837246,-2.01163769064359,-2.80844652416314
74.4897959183673,-9.50189032286622,-5.08942581191407,-3.47620859112933,-3.03233552803693
75.5102040816327,-11.544204921629,-8.23432063144749,-2.66051933170515,-2.4709269331536
76.530612244898,-14.8036481782375,-8.38581929401781,-2.06819471657852,-2.69272989409679
77.5510204081633,-14.9576031392417,-14.7354476913379,-2.26622550166288,-2.58836442065636
78.5714285714286,-20.7518927930732,-16.0437133632548,-2.39884187363881,-0.989861433109967
79.5918367346939,-21.4915648177452,-18.300875531303,-2.13146829127723,-2.29916411741215
80.6122448979592,-23.4696008858263,-23.3148316907575,-2.52414297762468,-2.69718754470298
81.6326530612245,-28.8482483428985,-24.7423339357343,-2.0449038050576,-1.63520542071207
82.6530612244898,-32.162048595944,-28.7264683953252,-2.38091392814486,-1.73887448286409
83.6734693877551,-35.1197349790689,-32.0390307153051,-1.95463714176821,-1.31957412633984
84.6938775510204,-36.4949603285632,-35.8716271131559,-2.49493461735983,-1.2345280205071
85.7142857142857,-38.7973465581864,-36.2997742810486,-2.42045066074334,-1.17897547154065
86.734693877551,-42.7570694057436,-41.627789754873,-1.39345497606819,0.066357283086964
87.7551020408163,-47.8754188632814,-42.8019191969601,-1.05085549145173,1.03221601432225
88.7755102040816,-48.3317658525043,-45.9851845289301,-0.324602591126419,-0.398174242851599
89.7959183673469,-51.1764380843014,-52.4418149625427,0.946763894961908,0.0522784571748883
90.8163265306122,-56.6381937541306,-54.2499938973201,-0.0175646851747435,0.205176808250619
91.8367346938776,-61.1702768755016,-56.1535568139618,1.49102328151042,2.01988615551784
92.8571428571429,-60.9432114148933,-58.8414946577884,0.848040347036102,2.61174645467838
93.8775510204082,-63.5419227863693,-60.8693792699523,2.95475340293941,4.23372146799232
94.8979591836735,-64.775151744349,-62.5162379483438,2.74351335265971,3.17277186601897
95.9183673469388,-64.304933051725,-63.6369910857293,3.51411590217689,3.15048932970497
96.9387755102041,-67.8047860164453,-63.4844500915658,3.75660476169651,2.76885042697143
97.9591836734694,-67.1974049465351,-65.41352269314,4.95142779879623,4.44254062217965
98.9795918367347,-71.8008222284563,-65.3648145075706,5.11668126257632,4.98817198323606
0,-62.7694649179458,-59.9930378774046,5.40958815024446,7.40520785715402
1.02040816326531,-61.457752128806,-60.6100296184849,5.63680015982932,4.95929690470127
2.04081632653061,-58.8047639854161,-57.6190394932389,6.4565484925558,6.75387097843747
3.06122448979592,-59.6446226943155,-59.1007434991018,8.85836667790514,7.47602663071305
4.08163265306122,-56.3375496401349,-56.8638562586459,8.90206965722126,10.7820761666136
5.10204081632653,-55.7325126210402,-54.5832059160089,12.9067425705742,13.3463595534011
6.12244897959184,-53.0161862001921,-54.8173362352252,16.2275286472586,16.6291795315199
7.14285714285714,-53.1654485427112,-51.4496477765898,18.6545761131956,18.7360163523905
8.16326530612245,-50.1558572060476,-51.9590068520084,20.6279452886048,21.9298059391621
9.18367346938776,-48.9241707148794,-49.2807521051117,23.1183952734169,23.8510670313874
10.2040816326531,-46.7530195478006,-47.1284557338394,23.7416585012422,24.2217349833925
11.2244897959184,-44.8034424980164,-45.6363145082105,24.7289328195537,24.7112193471137
12.2448979591837,-42.2908178176798,-43.3070647500789,26.1085517428274,26.1329207161035
13.265306122449,-41.4837414083591,-39.6077763319164,26.9909314343515,26.7021310231807
14.2857142857143,-38.397474919966,-40.3176687030591,28.4604958406973,28.9350714437078
15.3061224489796,-39.160739747464,-40.1269657846673,28.3853632809433,28.5597959468026
16.3265306122449,-36.8510448194982,-36.0104259567534,30.5818156596417,30.7749685180379
17.3469387755102,-32.1003703907528,-32.5460994122112,30.4825951602965,29.6370305628176
18.3673469387755,-27.2032813111339,-31.4561327910431,31.9800239066607,31.0035570458616
19.3877551020408,-29.0524371751691,-28.8729845371553,32.4071587598006,31.8697834751354
20.4081632653061,-27.4417872363183,-26.8195637845573,32.8187450840707,32.5909644533869
21.4285714285714,-23.6094989170811,-25.7835865631453,32.6836449275955,32.1360780669827
22.4489795918367,-23.6344422506956,-23.1274883154675,34.3753810643037,31.4140292431858
23.469387755102,-20.248728924041,-18.6409589049506,34.7249257564244,31.4443497441777
24.4897959183673,-17.9226636816264,-16.2116687793938,32.8380514765184,31.8287818863812
25.5102040816327,-14.5183236465433,-14.2588877076759,34.2309604369305,30.4349127762952
26.530612244898,-12.658177601163,-10.9465981936218,32.552499628611,30.1166272467728
27.5510204081633,-8.04487938695544,-6.01116554432675,32.6924088277553,30.7834886376008
28.5714285714286,-6.99080169120344,-6.08209235829904,32.7066059434601,30.4507313502041
29.5918367346939,-4.33966357484511,-2.11978969529659,30.5266524313747,29.2879605916198
30.6122448979592,-0.558619180316703,-0.282234405483409,29.0168178308396,28.9887221630652
31.6326530612245,1.14297954998309,3.49470191138661,26.3540261369031,27.9415365263417
32.6530612244898,4.76853556288739,6.28120201995362,23.7978700615079,25.8959849947223
33.6734693877551,7.49296750171028,9.01210807341736,20.445540517844,25.2006124349752
34.6938775510204,11.1251107180708,10.1761221020429,17.6856050757822,21.7623036939851
35.7142857142857,12.4867117021032,13.3625183928753,15.9724335221484,19.1794107663181
36.734693877551,17.4288056393795,16.788556774311,13.4278542115339,17.2120980114497
37.7551020408163,18.6560218640815,20.8823329394571,11.5314238092958,14.2054889286673
38.7755102040816,21.8532790851936,22.6185645341347,12.3413023346812,12.8401962633891
39.7959183673469,25.7176049295299,25.5737060623658,11.4765312319464,10.4784534809086
40.8163265306122,27.1735115076534,26.6718110020559,9.24364432610894,8.28624575122365
41.8367346938776,27.612352296939,30.0698295313389,7.42765876751872,5.60292681485143
42.8571428571429,30.7166001537742,31.6956274094739,5.62198451847516,4.14391203215017
43.8775510204082,31.6907361371101,32.5907756221201,3.50046040349537,1.62094530818626
44.8979591836735,36.5148932642965,35.5307105581356,1.51827389733547,0.33034505890491
45.9183673469388,38.0499912790185,38.8210946413227,0.0262301976595735,-0.239917592174479
46.9387755102041,37.5024414644995,39.0748404488823,-0.644411839245665,-0.565919239660615
47.9591836734694,38.6778661301084,38.5711487562356,-0.718489210526463,-1.28094188713753
48.9795918367347,40.6791522756855,41.9200178330588,-1.05852808707786,-2.03086344540331
50,41.2519111897291,41.9680682734323,-1.02794899878878,-2.9904346117596
51.0204081632653,43.0157544918388,42.8039688067284,-2.51597747150246,-3.97088936795092
52.0408163265306,43.0924538206117,41.4548630832014,-5.09591518252921,-3.28201701750999
53.0612244897959,41.840184422561,44.4762663724942,-4.86343259501228,-3.11989356556455
54.0816326530612,44.3264731355065,44.180547947484,-5.43044565278091,-3.0224738023595
55.1020408163265,41.4983239105506,43.8152003808397,-4.58078463514268,-2.7352893205201
56.1224489795918,42.1472068280217,43.8679523779638,-4.48203728368884,-3.27656314247203
57.1428571428571,43.0485038485154,42.36340986969,-4.06178263453188,-3.35019495361862
58.1632653061224,38.4345770877569,41.0359355040218,-3.31835382919209,-2.00290819279838
59.1836734693878,38.6352297072796,40.8567637561736,-4.28854565402927,-3.24575430387682
60.2040816326531,37.0386213022154,38.0210779280111,-4.94734750238033,-2.96412089417714
61.2244897959184,34.5274229316786,33.4947421928157,-4.12998026507633,-3.04536720700613
62.2448979591837,32.8045508264325,34.6242325747,-4.93485202660298,-2.83041368305576
63.265306122449,30.8994837196565,32.9374501353282,-3.96755327371799,-2.48543128524809
64.2857142857143,28.7897547252089,32.7441981446933,-3.95344696482069,-2.44331338465224
65.3061224489796,26.1203695093959,29.0305128968926,-3.58345392135801,-2.67970632941109
66.3265306122449,22.3171926668138,25.6152420803749,-3.28908340608443,-3.77044957713623
67.3469387755102,20.9137468571104,23.146227362196,-3.2310412499449,-3.77288384349314
68.3673469387755,19.0017431648443,18.2825305232684,-2.61535914383966,-2.6906712107583
69.3877551020408,16.432870451564,17.2141710794701,-3.04401667911275,-2.50337119680333
70.4081632653061,13.6204455659411,14.5515294652782,-4.12268592111826,-2.82728825428921
71.4285714285714,10.4302087638886,11.6167025537729,-3.02527097298673,-2.64455523799694
72.4489795918367,7.21887822339766,11.1706864567721,-3.07858310021787,-2.10410761724073
73.469387755102,3.75639555671109,2.61563042995472,-3.26964086328179,-2.41998207090658
74.4897959183673,0.696592986845723,1.12220807685155,-2.66223166452729,-1.31422181139679
75.5102040816327,-3.81044754641992,-1.2806941326878,-3.25267177993753,-1.85681549345532
76.530612244898,-4.07956875173481,-3.06294819907528,-2.11814391793915,-2.6001924440979
77.5510204081633,-8.62467146044617,-9.77557243111162,-2.3526662066169,-1.43560418593106
78.5714285714286,-12.2770898798146,-10.5780818133927,-3.18648408487648,-2.39624238386691
79.5918367346939,-13.7390945874132,-15.1219152297942,-2.94440077441217,-1.06223862729418
80.6122448979592,-18.9375465165015,-16.6845067241317,-2.05813078836816,-0.297167524910651
81.6326530612245,-21.0558914395374,-21.3511740463072,-2.93089083675986,-1.88924535012781
82.6530612244898,-23.9538245730592,-23.0343579919394,-2.13091469235872,-1.90914686926501
83.6734693877551,-26.7584646343266,-26.575331025436,-2.23068478499958,-1.37996713873875
84.6938775510204,-30.3326796895436,-29.5961574191535,-2.32769370392715,-1.86767555419715
85.7142857142857,-35.4063414851234,-33.7752295852902,-2.49287646896644,-0.931933921098828
86.734693877551,-32.9972473524981,-35.6116999200078,-2.60447424939967,-0.860273614923115
87.7551020408163,-38.9097496098411,-38.3313675365391,-1.35597607606562,-0.371434879035064
88.7755102040816,-41.9542568479835,-41.7191177129502,-0.966445844089082,0.381035058996882
89.7959183673469,-46.1073379775584,-45.7862668320427,-0.657627344553498,0.667224870847863
90.8163265306122,-47.825907705346,-47.8464567848222,0.683527726032599,1.96992887958417
91.8367346938776,-52.2142631706146,-50.7795230076193,1.47881316808143,1.36290209712241
92.8571428571429,-52.2928427896791,-55.9310129406092,1.0806972302855,2.12091282537163
93.8775510204082,-54.1127830071534,-54.4545648904529,2.07465858116241,2.81084438838873
94.8979591836735,-56.026623696804,-56.5668864175463,2.76543917225924,4.56021792566434
95.9183673469388,-58.4809603946432,-57.3801570560355,3.50740269024292,4.13905649099849
96.9387755102041,-58.4727919457264,-59.0747234427194,4.14735348903094,4.88219416777793
97.9591836734694,-59.2594647909844,-58.5428057292468,4.34728238081623,6.0112136095639
98.9795918367347,-60.5043652041345,-59.716514813466,6.38566591109932,7.77034796161143
0,-66.8929009343821,-68.4565813259729,5.21185042081279,6.0681655570747
1.03092783505155,-68.1756852818446,-68.0216052626953,4.15217037979268,7.81122815321844
2.06185567010309,-67.2796554735529,-69.9767891977715,5.61937738395687,8.35767233514295
3.09278350515464,-65.4521227206195,-67.4498422129017,6.18345578954607,6.97096594390616
4.12371134020619,-65.1718125983922,-65.1288607706179,7.95626899160232,8.51377535459082
5.15463917525773,-61.9903947852256,-65.3076502885659,11.52868266308,12.9354797845666
6.18556701030928,-59.7712916040359,-61.3311438026451,14.9726682974263,16.6742610648422
7.21649484536082,-59.0025649907816,-59.2199862392844,18.6129756825867,20.8538732736223
8.24742268041237,-57.7322928528901,-60.2731104980326,20.2958892429525,24.9232302821634
9.27835051546392,-56.8156276495042,-58.5616668801389,22.7657367329121,26.9325576652595
10.3092783505155,-53.5483748628633,-56.3232741390091,24.2409182187057,27.5436030150967
11.340206185567,-53.6316806602185,-54.5359523001407,25.8326136157019,29.4931423242337
12.3711340206186,-50.8144862829308,-52.604340385359,26.1562258258134,29.6484303381591
13.4020618556701,-50.8874002701526,-51.5900596897742,27.8015240887091,31.549281022251
14.4329896907216,-48.9659698684053,-46.9991272233555,30.0544645704164,31.6746701214649
15.4639175257732,-46.9421690737267,-46.284452850407,32.325271885506,30.9895761403254
16.4948453608247,-45.044787045172,-45.1659033148794,35.2080166525904,30.3624290230519
17.5257731958763,-43.0386415014222,-41.7648444885413,37.5011962231073,31.0873228870255
18.5567010309278,-41.5335503605247,-40.2350092814406,39.9739251809444,33.2720657301952
19.5876288659794,-37.9061971319309,-37.1837586895023,41.3431046349617,36.2200652713042
20.6185567010309,-38.1558133236423,-36.4941574556938,42.0765091594235,38.4377893274035
21.6494845360825,-31.9153119979952,-32.1230521077086,42.849144992561,39.9069313855598
22.680412371134,-30.347064879688,-31.4542619477046,43.5286163722034,40.6395993110058
23.7113402061856,-30.0538274686236,-27.3619679266904,45.3223245617343,39.5458222434961
24.7422680412371,-26.3892919304739,-25.8815270514446,46.5890483464942,39.1738594021358
25.7731958762887,-24.4393051446115,-22.2890886048329,46.7680912237206,37.739087242062
26.8041237113402,-22.4581201611919,-19.5463065585709,48.1386452347255,38.5030072923636
27.8350515463917,-18.4053843723263,-16.6203332269203,46.7884276848744,36.3902231417473
28.8659793814433,-15.4741272769937,-13.5913518239277,46.6468508091153,34.8411655248199
29.8969072164948,-13.6706471892535,-11.198925681476,46.6088818858059,34.3933041451343
30.9278350515464,-10.1996342517689,-8.91075570396263,45.2372221847527,31.7409213490175
31.9587628865979,-7.1115287648782,-7.92031178321807,43.2290835762338,29.1393014858383
32.9896907216495,-5.07035719843375,-2.76517814713122,40.655199463907,25.8680552739055
34.020618556701,-1.7602535637898,0.956840075159572,38.2330847042445,24.5361903613626
35.0515463917526,0.792382167268993,4.35234058339717,33.5780602122801,22.0464581345728
36.0824742268041,6.83021396142312,7.11905211758172,29.9021809117023,20.0919930990995
37.1134020618557,5.40445100914863,9.89017725661006,24.4490212077297,16.5886163614112
38.1443298969072,11.6583071053304,13.3816484792495,21.0628398058062,15.2281386843824
39.1752577319588,14.4404421753761,14.5816393514378,18.5445766953527,12.1181092135497
40.2061855670103,16.9883072745966,18.6314912446654,14.5480423732153,9.90527388608813
41.2371134020619,20.5700028004547,22.6292864555311,12.5450388946063,7.08949603492046
42.2680412371134,20.7871883286082,22.3514161843033,8.23724493619172,5.11241533939255
43.2989690721649,23.3170101306651,24.3398089845502,5.32456906423603,3.00780172524707
44.3298969072165,25.5577276068573,27.3349975626738,1.69672268117933,2.05610952258262
45.360824742268,27.593050355499,29.5159336352601,-1.07546880151232,0.593085095451288
46.3917525773196,29.8684238734922,33.3058539500991,-0.793578810362693,0.288359443191286
47.4226804123711,29.0534784176976,35.0325450655057,-0.00433406369477418,-0.933090648594532
48.4536082474227,31.8171480229296,35.4483253535209,-1.13025427711432,-1.31710121516605
49.4845360824742,34.4215231941716,36.7562879441787,-4.25642314774553,-2.34807485429536
50.5154639175258,35.3448817584602,36.1106150508361,-3.0987473257234,-2.37496935473813
51.5463917525773,37.4044289368035,37.9927826253994,-1.81372636985565,-2.76328498771235
52.5773195876289,34.0398458957451,38.2710209687459,-2.46157597884077,-2.86214342606284
53.6082474226804,34.8203243269165,40.0500010341418,-2.20263241625393,-2.43672663715611
54.6391752577319,33.5061405425841,40.0132490737738,-2.70861158190823,-2.20473862149742
55.6701030927835,32.1907032930389,35.8570835124746,-3.67568870330006,-2.45007477346527
56.701030927835,30.9316997717939,33.9104923644018,-2.48531750709962,-2.01270535193032
57.7319587628866,29.6786212203813,31.1823954881432,-2.99993464592338,-3.32998333115043
58.7628865979381,27.4660197760617,31.6708525701097,-4.12289124054816,-3.82535906296637
59.7938144329897,24.0864351854829,30.0559659841066,-2.61500398201476,-1.80817590729354
60.8247422680412,22.125314345745,28.592353085771,-2.78234566973562,-2.51812951721473
61.8556701030928,21.015365273857,26.9550750675077,-3.75282561646981,-1.50991618601832
62.8865979381443,18.1803401735274,23.4554775339581,-4.30777667560612,-2.70578665704188
63.9175257731959,17.6312797917425,20.8355840983708,-4.22940976860275,-2.92344747975979
64.9484536082474,13.0244537479324,20.5371829261795,-4.04070877133569,-3.44440860553474
65.979381443299,13.9630087397853,16.1289215420105,-4.29879985074671,-1.10015175822876
67.0103092783505,10.742997133109,13.2707726223497,-3.81340575112191,-3.46631509352792
68.041237113402,6.82694447825135,11.7896596346876,-3.79002112898777,-3.86972961054485
69.0721649484536,4.54055774252673,11.004820876696,-3.2641371276687,-2.98046934533712
70.1030927835051,3.24702747920715,7.14775583803897,-3.99816539786863,-2.71747341040718
71.1340206185567,-0.235304865841791,3.21625417728771,-4.22135411775978,-2.77630658451526
72.1649484536082,-2.00695507457268,-0.76064391782322,-3.62509654419692,-2.28262559070902
73.1958762886598,-7.28916545328678,-2.441590460581,-4.11701534899938,-2.8190998031223
74.2268041237113,-9.74605823653452,-5.48818220845433,-2.94984373632119,-2.26154490956747
75.2577319587629,-13.8324404870748,-9.83949914812072,-3.35303808772279,-2.80970695483479
76.2886597938144,-15.9172932109594,-11.4447342480247,-2.26752506113204,-2.51859831525659
77.319587628866,-18.9472885836659,-14.7693166150298,-3.29729321958947,-1.66347973404567
78.3505154639175,-21.0642885062646,-14.9425158191431,-2.29345135403563,-1.09156227014515
79.3814432989691,-22.4428159238864,-22.7515608609178,-2.02890840774773,-0.492663933826948
80.4123711340206,-27.6269203460281,-24.2858515181625,-2.85178603202685,-1.62048126169931
81.4432989690722,-29.763121616329,-26.3374562839662,-1.79964308108802,-0.973509033354033
82.4742268041237,-30.1415628538971,-32.2988975562773,-3.11677279987682,-0.9851511518402
83.5051546391752,-34.7586238826556,-30.9872890282447,-1.64337203290739,-0.0427694597556867
84.5360824742268,-39.973722070325,-35.0089935921099,-1.73106518550053,-1.33039014007263
85.5670103092783,-41.4423848026036,-38.2852686489839,-1.74628954600652,-0.734284142127311
86.5979381443299,-45.358898474756,-41.1061999112926,-1.24263246983752,-0.128094549660457
87.6288659793814,-46.7332984917973,-45.5715842566056,0.433285456672337,-0.450145407863137
88.659793814433,-51.1882079218813,-48.3093254054938,1.97593384426669,-0.411766053619242
89.6907216494845,-53.0966276775266,-50.1516160578629,0.875982346073807,0.655136018498464
90.7216494845361,-54.8604027947942,-55.600143721788,1.09563535599456,2.12864385518804
91.7525773195876,-58.7798386692991,-59.0699063231756,2.52885109507581,1.99669177735884
92.7835051546392,-61.333215930315,-59.02620942931,1.66139487041146,2.91399714162372
93.8144329896907,-62.876406771704,-61.949210552673,1.83640129829778,3.63521982890291
94.8453608247423,-62.9166754555914,-63.8891560583482,2.80672021161509,3.08373206463388
95.8762886597938,-63.9845169646628,-64.7459407817963,3.58633935094144,3.34846555743962
96.9072164948454,-67.0653578611794,-67.6820750180319,4.23283203841203,3.8121570552079
97.9381443298969,-67.5348732989951,-66.2422713170055,4.95624591589012,4.21108332092478
98.9690721649484,-65.3472014604338,-65.2251606578153,4.69325936071464,5.13678498773341
0,-62.9787105223915,-65.7596512885648,5.60900173693165,4.51742120526229
1.01010101010101,-63.5801096246364,-62.2319618839679,7.08304085657421,4.55208392978062
2.02020202020202,-64.4955244541811,-63.4145542067909,7.83311078960107,6.61165938142495
3.03030303030303,-59.6557935523963,-63.7734686472847,7.59081865404709,6.44585865220863
4.04040404040404,-60.3758634003244,-61.7744558853752,9.52701914504241,7.20761858839017
5.05050505050505,-57.5345881033147,-60.8320209471179,12.5736967101355,9.68816597288425
6.06060606060606,-58.2557576244602,-57.5776407126456,15.8260301596235,12.6978075886377
7.07070707070707,-56.0256441675258,-57.8583571019859,22.1021818309415,17.1550958687892
8.08080808080808,-54.4206407831342,-55.2039398843948,27.2110910207552,22.0351985753022
9.09090909090909,-53.3816266168388,-54.4338331660715,29.2166276328877,24.6129710604298
10.1010101010101,-47.2165248251996,-51.5341922302691,33.9055679431022,27.6604297870337
11.1111111111111,-49.0124925499458,-48.5558487255143,35.3304416442648,29.2331567146178
12.1212121212121,-45.0007769143568,-47.0503017990548,37.0786511774886,30.4404988499614
13.1313131313131,-44.1491406179263,-46.1662052068821,37.1461919074941,32.7739510177514
14.1414141414141,-41.5433481727998,-44.9697347496952,38.8919576943476,33.1075064354163
15.1515151515152,-38.6488661761279,-41.0861252149972,41.2203404679001,34.6399933139993
16.1616161616162,-37.0557305037358,-40.202618198366,43.34442087497,35.8220834116809
17.1717171717172,-37.6399898261571,-37.9703512192018,44.4029124339316,38.2818813362537
18.1818181818182,-35.5238771674727,-37.1405887896474,46.5285917542351,40.4637069938968
19.1919191919192,-31.4690185536121,-33.6676608610629,48.0133820451643,40.9674456672718
20.2020202020202,-28.5322177659628,-29.5938257136443,49.2026547754881,43.1719012043866
21.2121212121212,-25.7571750529484,-29.7109272905208,49.2388852165927,43.1874961462245
22.2222222222222,-23.8231482822232,-25.8485450248595,48.1994045366862,44.2891765773135
23.2323232323232,-21.5460890759992,-22.0955275246454,48.4527631020639,44.3857556191102
24.2424242424242,-20.7207310919377,-19.3456328645593,45.962578721962,43.3853143731651
25.2525252525253,-16.4628217707585,-17.0908404663153,45.6200712527738,43.7514267968349
26.2626262626263,-12.6863399431531,-14.1271022168427,44.3248942314171,43.3129244070726
27.2727272727273,-11.9595518119129,-11.6088589135079,44.4584286532004,44.2077805276471
28.2828282828283,-8.39178927629782,-9.19811929212845,43.6451912877998,46.0350895800794
29.2929292929293,-5.24899929944353,-8.07517263910001,44.7602356511748,45.829544168449
30.3030303030303,-3.80002920946985,-2.97080968066249,43.4253855498775,45.7056024890636
31.3131313131313,1.02690452975325,-0.814978195286107,42.0720200927571,44.4053350670293
32.3232323232323,1.46982374457198,1.4086224481753,37.8282339600607,40.9204695682168
33.3333333333333,5.8803471013191,4.62918757182206,34.1914907035096,37.4594907114377
34.3434343434343,10.6026653253311,8.20220654905989,30.0620018349875,32.0646312734539
35.3535353535354,9.59672445366166,12.4082258280083,26.8731590343073,27.384536625718
36.3636363636364,14.8226816925726,13.6438863158539,22.4367117580302,22.503753265677
37.3737373737374,16.4398243554413,16.8847568967822,19.0805529694171,18.1658243200647
38.3838383838384,22.9949954210944,19.8913154477079,16.6285620913955,14.9506514442503
39.3939393939394,22.4843489102932,21.7486698162771,14.0757613142012,12.3049824379677
40.4040404040404,24.7891950370768,24.1659769176972,11.5670344154699,10.834272715949
41.4141414141414,26.8470787665086,27.4845927766323,7.24352142998059,7.546032574096
42.4242424242424,28.3305218981371,28.8382493179946,4.42612012061234,5.18178144039931
43.4343434343434,29.4859671729173,31.7695642471864,1.63125157309419,2.20937277402881
44.4444444444444,33.9081576232669,33.4820897743353,-0.697080457495924,-0.429557586852736
45.4545454545455,35.9538693274235,35.6194534295539,-2.96124694743261,-1.22095032679636
46.4646464646465,36.0018255428239,34.514940542214,-4.87957610304502,-2.03353695260136
47.4747474747475,37.7089858416014,33.0195650308789,-6.3359172645662,-3.04933334675373
48.4848484848485,36.4832364179865,36.1116520822262,-3.83635513100132,-4.45161438175171
49.4949494949495,35.3890295441831,38.6894152749081,-2.45481711740436,-3.77891560084845
50.5050505050505,39.0755998486914,37.0270957082206,-2.19282556363385,-4.04871304563911
51.5151515151515,37.425033285389,37.6762187569483,-2.66403908408103,-4.31186891941001
52.5252525252525,36.3996717260628,36.51090854713,-2.44668791094784,-3.31347272834109
53.5353535353535,37.1027823070301,36.7686884504318,-3.70351923018047,-3.15793243176801
54.5454545454545,35.7016452180897,37.773613238623,-3.39698840800118,-1.99487156165078
55.5555555555556,34.5592832726773,35.0358056570873,-2.95847438061504,-1.80640567603027
56.5656565656566,31.9803653099749,32.7076987391477,-3.52181758217142,-1.98812173066414
57.5757575757576,29.5709290644347,31.9763012863003,-2.46583753034477,-3.25309480236103
58.5858585858586,28.82112289761,32.2478332435021,-2.16371497087931,-3.21043593833612
59.5959595959596,26.6381121908151,28.7664873581774,-3.12198245595458,-3.05584851167913
60.6060606060606,23.9093902000694,26.7675932038702,-3.51833146034137,-3.81725894973507
61.6161616161616,21.8393060552033,25.0040115277824,-3.01359302495711,-3.63143298483108
62.6262626262626,21.5889284061885,21.1874995293646,-2.41485594304726,-1.53319525678495
63.6363636363636,18.5144892849338,20.0501847223824,-3.59646990571817,-4.12389543158813
64.6464646464647,17.4795208258594,18.2450789279062,-1.48812897463207,-2.70574740276215
65.6565656565657,12.3436514315329,13.5798196807174,-2.30684595218563,-4.11368163435698
66.6666666666667,9.50931516550871,11.5400050551797,-3.11385482191459,-2.16917700505889
67.6767676767677,9.10467632491335,11.1954269146666,-2.91298435978369,-2.64480496164428
68.6868686868687,5.52837405293496,4.64621986153828,-1.99337971609615,-2.04535767006071
69.6969696969697,4.37056793457175,2.52409711299218,-1.57196817228287,-1.74022577832497
70.7070707070707,0.721138500157716,-1.96397874563588,-0.808581497451565,-3.17801716289169
71.7171717171717,-0.386248809963307,-5.11700526341003,-2.03832397052496,-1.22160362134784
72.7272727272727,-4.59323274647316,-6.95244541184631,-2.03795289303139,-1.10833762706047
73.7373737373737,-8.73948004369117,-9.55318548621034,-1.29740232581057,0.232404535968491
74.7474747474748,-9.60679602863583,-10.8138516728331,-1.68284463712496,-1.5571302571998
75.7575757575758,-13.7956117729164,-15.2802363731562,-1.27014853955228,-1.41251297979237
76.7676767676768,-13.5684419342217,-17.9732546160784,-0.994263245916028,0.078857221144682
77.7777777777778,-17.0426413749226,-22.6985803188623,-0.216949322995266,-0.609521556481732
78.7878787878788,-19.6679429728287,-25.4066708823027,-1.21388326015865,-0.955482390410601
79.7979797979798,-21.8797432290759,-27.1495940126418,-1.47773933954642,-0.960855637961471
80.8080808080808,-24.0296308072678,-29.446276726937,0.433165416332446,-1.57358514974501
81.8181818181818,-27.0280775207048,-30.785593380212,-0.0534212497585991,-1.2151809825823
82.8282828282828,-28.5794791957092,-34.2514033887652,0.925424717965037,-0.551304900312583
83.8383838383838,-32.2208058652214,-35.1851332139505,-0.640047464412055,-0.29594305078803
84.8484848484849,-35.0281147631872,-41.1710540312708,-0.466139422542792,-1.12703634064255
85.8585858585859,-39.7986661307773,-40.2208351754867,0.205882092137417,-0.80819528098229
86.8686868686869,-40.133399589601,-44.1334840252633,-0.448055415010725,-0.95424812170496
87.8787878787879,-42.351759092906,-45.0264975771118,-0.749202306776617,-1.38415066860697
88.8888888888889,-46.2379283937126,-49.4472750861426,0.0827268245910903,-0.130218590159527
89.8989898989899,-49.6592857558428,-49.3939765369186,0.964893614431457,0.91384085267961
90.9090909090909,-52.3585030354678,-54.370020649975,1.56516698387168,1.07618920435206
91.9191919191919,-53.8645793071191,-57.6000109708379,1.97212543671476,1.1778042903215
92.9292929292929,-54.9844793857235,-57.0224288863961,3.1193556945254,1.284230986334
93.939393939394,-57.6787268054689,-58.7274374290332,2.77508672970179,1.99845791869583
94.949494949495,-57.7837755929594,-60.816684922909,3.65443804538647,3.14553453698146
95.959595959596,-59.6019316906465,-62.1254860938919,4.25479774919364,4.0682222947833
96.969696969697,-60.9439387251738,-60.5464800758188,4.17197378548683,3.50192085918578
97.979797979798,-61.0126364115098,-63.0034373684939,5.66267517982377,3.35552051122481
98.989898989899,-63.1206856631957,-62.7640191472202,5.20236495374749,4.79026516278011
0,-68.2879573002997,-69.2752247769886,4.64382012304373,5.17505098461751
1.02040816326531,-68.8523396629294,-69.2634319835589,4.0213341504447,6.79776951504096
2.04081632653061,-66.4242642837843,-66.9004301578536,4.98730412261972,8.19227411344523
3.06122448979592,-65.5370981413316,-64.3685067852229,5.0039828558277,7.04038656129469
4.08163265306122,-61.9260661025171,-65.3587703504201,8.70641605666054,9.37162159863155
5.10204081632653,-63.5149122648523,-63.2939357979647,11.0337480838163,12.7760047781208
6.12244897959184,-59.6417148048141,-61.0915132695373,13.5420763732301,16.3349300872718
7.14285714285714,-59.5420645676176,-63.26603064426,18.3269571487075,19.9809611448773
8.16326530612245,-57.8620503871651,-59.773316475035,19.412717491342,23.4825399619213
9.18367346938776,-56.0814866729455,-58.2462720661074,22.0624765425329,24.9926704490713
10.2040816326531,-56.2417085286064,-57.1291075954451,24.2222085864227,26.6243538000573
11.2244897959184,-54.1955846266474,-54.6110592698671,25.5519047207903,28.3586381706416
12.2448979591837,-51.2505038124339,-53.2990778859845,26.7201242428298,29.3443943910548
13.265306122449,-49.392555111214,-49.6430337625539,28.1019031880275,30.537048678194
14.2857142857143,-48.1631674752409,-50.1958145490335,30.0890969432836,31.7451606191385
15.3061224489796,-46.3304576457753,-46.3410211505455,31.4057013955325,30.0849514780782
16.3265306122449,-44.2540680002532,-44.2054418708947,34.4366146683215,29.1988326431643
17.3469387755102,-42.4920934353045,-42.5473244950582,35.6613356435967,28.7443508036702
18.3673469387755,-39.0826319108579,-41.2566746343784,37.3500068535567,29.9926593134382
19.3877551020408,-39.0951857859208,-40.1806430019235,39.1422448321699,32.0340107056142
20.4081632653061,-36.1900296632519,-36.0456740352381,40.3896806556317,35.3402013287617
21.4285714285714,-33.4448370352273,-34.3210317463039,41.7681386917051,38.0544125513099
22.4489795918367,-30.8494784761405,-33.0906924017492,42.4703419988832,39.50022357952
23.469387755102,-29.7143401114575,-31.2906136138185,42.841246049453,39.368546195489
24.4897959183673,-26.8531461907104,-28.2630108211358,44.5439473311522,39.952740329645
25.5102040816327,-24.5530174964028,-24.0994998913227,44.8521573828792,39.0219360834017
26.530612244898,-21.6011490067028,-20.8665661519183,46.7565675616122,40.0715489261759
27.5510204081633,-17.9105452657219,-16.6263817377661,46.3643828586748,38.7844785725778
28.5714285714286,-16.2212482602832,-16.1255879132613,46.1295722933886,36.9065655009712
29.5918367346939,-14.1781900036746,-11.4657088948454,43.5589042996372,35.5479470145479
30.6122448979592,-11.3564200192744,-9.37119180936014,43.6223485226292,34.2636597173988
31.6326530612245,-8.4306736840375,-7.93574268326057,42.7892748639751,31.6577203286187
32.6530612244898,-6.8348502422015,-4.47158871979231,40.407337010705,27.8431162020738
33.6734693877551,-3.18688081372421,-1.40158528119994,37.0425602130632,26.081050479326
34.6938775510204,-1.30809702335191,0.929943263104928,33.7720894839044,22.9542767098374
35.7142857142857,4.25068941832431,3.53567384230014,30.6315750896856,20.9817975712169
36.734693877551,4.34918254729346,6.85158655009776,25.8910579690623,17.6866398561737
37.7551020408163,10.5227897777702,10.6872951465994,21.4259989327666,15.1768025700945
38.7755102040816,10.033903159225,14.4848856367562,19.44479203563,14.2591395942334
39.7959183673469,12.2899389738434,15.9576769986249,16.3349050768025,10.2109198465431
40.8163265306122,17.5083311612879,19.7735059811018,13.7294087516992,9.66980693754094
41.8367346938776,19.9390336415112,18.1958896206292,11.1329264960291,6.98019272064887
42.8571428571429,21.6389576678544,21.7805310454439,7.29338989972363,5.73851917365224
43.8775510204082,25.111851272738,26.5087905859475,4.29626313349678,3.10721658096084
44.8979591836735,25.7427019904249,26.5535434195194,1.56812970660151,1.07861993295921
45.9183673469388,26.751580344452,29.7970464304333,-0.457413125615851,0.120131860936204
46.9387755102041,29.9856668648567,32.7112947123815,-0.425529386890882,-0.854706665955862
47.9591836734694,31.5366187187638,36.1099687591977,0.0989471944921912,-1.15053190745023
48.9795918367347,32.9717302502404,39.0803140830734,-1.76093365315545,-2.40913910602975
50,33.8526703829873,37.4221416400813,-3.89411455325288,-2.55915959279769
51.0204081632653,35.9435450865809,40.1075648021062,-2.79758666796903,-3.65307871021797
52.0408163265306,35.622238130374,40.6938315638763,-2.66365076709604,-3.32619364662424
53.0612244897959,37.333139678908,38.6386392368282,-1.61531784536787,-4.03523740327957
54.0816326530612,37.4170100789287,39.6164624072861,-2.49948507143258,-2.45149744767598
55.1020408163265,35.4191700199768,39.0898557340213,-3.30021392250416,-2.28042678924025
56.1224489795918,34.7223763618189,36.6068731419715,-3.83107135459186,-2.35872411604328
57.1428571428571,30.2336332906054,33.3841650233633,-2.93127990102606,-2.4365130552487
58.1632653061224,29.0304569614067,30.7017376436496,-2.01810970492982,-2.16467059736812
59.1836734693878,26.4894262842418,29.839679663044,-3.72567748098545,-3.56000649116223
60.2040816326531,24.8999219496634,29.0607967297101,-3.35267352806664,-2.9061108554696
61.2244897959184,22.9251519503943,27.7607090594161,-5.0929205262666,-2.52679242031559
62.2448979591837,20.3148986676594,24.7295271886671,-4.1588293016517,-3.25514618476744
63.265306122449,17.1501231546536,23.0446471839364,-4.65918570307238,-2.88591981849133
64.2857142857143,15.1506586533143,18.0503882542395,-4.28974740826536,-2.76371566279566
65.3061224489796,13.0855534664679,16.7341400981899,-2.77222027427328,-3.30610426143912
66.3265306122449,12.2667265368919,15.3828378329008,-2.70911129539546,-3.47573192984368
67.3469387755102,11.0355841726433,10.8553164557677,-3.06982111882305,-4.25860728855834
68.3673469387755,9.58557488851632,10.6689763468156,-3.38780217735014,-3.56119926813451
69.3877551020408,6.01231415323653,9.56121177382699,-3.79122042525811,-3.5262809578789
70.4081632653061,2.26088677133644,5.58209799725342,-4.32726018906041,-2.8171393136897
71.4285714285714,0.363091719341762,2.69446775585579,-4.06390626065377,-2.8610062426887
72.4489795918367,-2.05579288707297,-0.92684376947401,-3.88033571786779,-3.14040367294946
73.469387755102,-7.41061917344292,-3.10619607526304,-4.37339210061695,-3.08184923652419
74.4897959183673,-10.285579044721,-6.91035785060468,-3.19708624578646,-1.9668822315471
75.5102040816327,-12.467195739797,-9.82096013284546,-2.92083841906878,-2.00070926655839
76.530612244898,-13.4364395983814,-10.8511985577112,-2.43963280874522,-1.91952499307759
77.5510204081633,-17.1855369227894,-13.428456806979,-3.43488551546743,-2.70149016609599
78.5714285714286,-17.8472386833547,-19.1355982121486,-1.33149199698968,-2.10701773999473
79.5918367346939,-24.8004265464433,-23.0459622989526,-2.17382743257487,-1.02638544388228
80.6122448979592,-26.0913631456085,-24.4346910834153,-2.91242021304241,-0.991208058971238
81.6326530612245,-30.7514882847569,-27.7304792209384,-2.53480860051768,-1.00896403008493
82.6530612244898,-34.1177207495251,-29.3354625786353,-2.05626051276575,-1.57787577294886
83.6734693877551,-34.9959731051724,-32.7485776804528,-1.39218681111744,-0.95315108039941
84.6938775510204,-39.1044906837801,-36.5680146255264,-1.41357687439729,-0.447493357422007
85.7142857142857,-40.8426594313716,-40.5367670124351,-2.15842498944243,-0.178004598944279
86.734693877551,-40.9547888364589,-43.3399013962175,-1.56778173152722,-0.272382516952675
87.7551020408163,-46.1847162220763,-46.4640393392858,-0.22321519423285,0.0585912772103497
88.7755102040816,-49.1717554608988,-49.0134363605115,0.0109305714146578,0.213586663435977
89.7959183673469,-53.6732289471336,-50.9974508363318,-0.351630608557642,1.42850313396703
90.8163265306122,-56.7611541834719,-54.2073415034261,0.441704955011854,0.919026580659909
91.8367346938776,-59.0202969484204,-59.1114123992068,0.816882629627454,2.94369881575937
92.8571428571429,-62.4423660567101,-61.819386205932,0.902928902880133,2.37632695186101
93.8775510204082,-58.9526203513585,-62.6526203267815,2.68982197532543,3.47111215456284
94.8979591836735,-61.8742085104905,-62.8141557096368,3.45509417963097,3.7389101906872
95.9183673469388,-65.5157440969725,-65.0139760435283,3.01663076517145,4.41648440352577
96.9387755102041,-64.0373145845976,-67.430259246271,4.50588332088858,3.7361910273935
97.9591836734694,-66.0907943958816,-68.2731829891128,4.19910978668704,5.34331551146886
98.9795918367347,-66.5546881612973,-69.1215518642993,4.11162731679657,5.86927580490041
0,-66.0301010077262,-57.8761256004446,6.17778063332585,3.34216734303601
1.03092783505155,-65.7446981474706,-60.0917274953812,6.41921689271585,4.37884031466504
2.06185567010309,-65.2485796997099,-57.8757000424008,6.54189041397876,4.08642091095906
3.09278350515464,-63.5129598166562,-57.8871961991822,5.22186665977355,3.35086683327893
4.12371134020619,-62.1613786959737,-57.8503341013142,6.87562078113808,3.05037839376371
5.15463917525773,-61.978336919728,-54.1922572730327,9.33444462725983,5.44586823023584
6.18556701030928,-57.2690109023013,-53.9521230394775,14.2115923099683,8.93668393425093
7.21649484536082,-56.8265704755289,-51.9064129338824,19.3995813125284,14.1724735774784
8.24742268041237,-54.8547266079926,-48.2348480213001,20.2445743421866,15.4858082396004
9.27835051546392,-53.9957906780163,-50.2279462861401,22.1526235368724,16.6733230225077
10.3092783505155,-53.3923538617836,-45.4624802128353,22.513451653925,17.7577592414013
11.340206185567,-51.6501657907178,-44.6804812042092,23.1301221862501,21.0468347902037
12.3711340206186,-46.5586114374157,-43.1446339723082,22.6412493164215,22.4009444405744
13.4020618556701,-43.7279193723081,-41.4214360975773,23.0969879127893,23.3706912167837
14.4329896907216,-44.8449680113508,-40.3301766550814,23.2570744173992,23.4483062853378
15.4639175257732,-40.8618136187681,-38.0301247703418,22.4028664373881,23.4389809929995
16.4948453608247,-43.0832729618022,-35.5227143510144,22.4151899253526,21.2289966700733
17.5257731958763,-39.555231483001,-34.1830964516332,23.9246077948004,20.6667445900867
18.5567010309278,-37.2330180469064,-34.0423042650824,27.5149051452022,19.8547636746817
19.5876288659794,-33.2474167075833,-31.4808066309791,31.5279666103982,21.1366664521759
20.6185567010309,-32.453107488147,-25.7353643001598,34.868600815725,21.6134288944837
21.6494845360825,-30.1352222810166,-24.5977432709166,37.1352835010397,24.2957625074509
22.680412371134,-27.7239632437512,-21.1830989162667,37.1077063550858,25.3924478010249
23.7113402061856,-24.1834712386915,-18.9505954420745,38.7225433726927,26.6753030779694
24.7422680412371,-22.8755560666393,-13.9105883465274,38.4295283709382,29.0860697058957
25.7731958762887,-19.9761330217164,-14.0032960289606,38.3957987770862,29.7650638837043
26.8041237113402,-15.8334100544414,-11.5662588428497,41.5408559016549,31.5760606663549
27.8350515463917,-13.1673955144216,-8.51561686065214,41.023601108343,31.8117687417203
28.8659793814433,-10.8727319152763,-3.10608813293505,40.8493907629689,32.4562807001377
29.8969072164948,-8.29049831088384,-0.561423737020261,40.039806782952,31.4289375625644
30.9278350515464,-5.78951497019793,2.03063462442708,36.0822283894899,28.9928618829889
31.9587628865979,-2.7259368089796,6.13972743956971,32.1854577858584,28.161444182389
32.9896907216495,0.839789257603773,8.89521252612793,28.0486989194531,24.4827777571087
34.020618556701,0.560811500268993,10.0243121191694,23.1583343401309,23.6368749833376
35.0515463917526,4.95991341564891,16.6392482744603,20.4181129497058,20.8751638500681
36.0824742268041,10.4299224516152,19.2028235332689,18.6186718270881,18.624008959828
37.1134020618557,12.935774927481,19.5878976378631,18.5473843678695,16.573074706908
38.1443298969072,16.2293924364258,24.3742717350208,17.8077531362704,15.8879098942584
39.1752577319588,19.0902732799955,30.6219400398722,17.0382552884374,14.3826552449373
40.2061855670103,22.5211100888237,30.3049821466784,13.7895582004811,14.5543363590056
41.2371134020619,25.1916774565346,34.7774144227764,13.4353000446568,13.6903887448487
42.2680412371134,27.8058621093436,37.1954675202216,9.62153080550581,11.6553586223959
43.2989690721649,30.1019370106712,39.5277910550986,7.45234240571022,7.04790606265733
44.3298969072165,32.7298711070468,40.3586044211793,3.94724320821137,3.21130739986573
45.360824742268,32.9966029035615,42.5253244507915,1.53163027995674,-0.527791432995842
46.3917525773196,34.5951002559507,43.6389635816836,-0.501404621547956,-0.667123810653431
47.4226804123711,35.5382273590905,45.9481174579894,-1.88194228057139,-2.62198015359552
48.4536082474227,35.3305086415989,45.7090724973123,-2.3479725179443,-2.78611058528674
49.4845360824742,40.1813163740884,50.147719406906,-2.26243741492605,-5.6867190414111
50.5154639175258,39.0885405474706,48.4319774322988,-3.14815139898444,-4.31389312490649
51.5463917525773,40.0213958015378,50.8584432523178,-4.85577723209123,-6.02491861373777
52.5773195876289,43.0759953048375,50.2600219340764,-5.08575557173532,-5.18636689477874
53.6082474226804,41.652834403672,51.002446629117,-5.30110875191148,-5.07558698439723
54.6391752577319,40.5784637389047,48.4221442631216,-4.97009471024315,-4.99678169981177
55.6701030927835,41.9394822202281,49.158437354259,-4.24087880895273,-4.1860917842108
56.701030927835,38.6904563984457,46.8396575594517,-3.80510772185834,-3.12233836728272
57.7319587628866,37.4052042081389,45.2240684401029,-3.25498005716078,-3.63864030740404
58.7628865979381,36.5423029130851,43.6535708615742,-4.39006689063769,-5.42927692355901
59.7938144329897,34.1888790084356,43.1906176941333,-4.27837260931894,-4.45675622551056
60.8247422680412,32.5248841007099,43.2327081300727,-4.78289087544996,-4.97789888815192
61.8556701030928,30.5390585498344,38.5644301200443,-3.80202898162906,-3.55163309130114
62.8865979381443,27.0108048963907,37.0973847553185,-3.99041481267381,-4.1470024648275
63.9175257731959,22.8427461314331,34.2281220807969,-3.47570200588327,-4.7517335506765
64.9484536082474,24.0514682063192,30.1636889302747,-3.08491811709856,-4.83095712245854
65.979381443299,20.4092427219032,29.5487333172709,-3.52019255769605,-4.03007979983666
67.0103092783505,14.2602663345412,26.666539424971,-3.95602624916134,-4.94856301738415
68.041237113402,14.6431690566412,22.7574722858573,-2.9515617763805,-3.53604914307967
69.0721649484536,10.9708182322744,17.9199608174623,-2.66813723420581,-3.1766737289329
70.1030927835051,7.61779254721117,15.9976165089514,-2.15504254500557,-3.08695409375641
71.1340206185567,5.18152813943674,13.257219646768,-2.31643873627426,-3.53726116756635
72.1649484536082,0.916152895147014,9.19313643580839,-2.71569643226407,-2.42047269466796
73.1958762886598,-1.43978740049848,5.40979011232003,-2.62324944272737,-2.42525459299859
74.2268041237113,-8.17663679137282,4.78988886277946,-3.22489895398687,-2.21604175847689
75.2577319587629,-6.91063316268067,-1.13977790216707,-3.00332654879218,-2.98018718500786
76.2886597938144,-10.7936166315255,-2.15518633550966,-2.73870021975061,-2.66090660464564
77.319587628866,-14.2860189048415,-5.93011471334605,-2.12554948974953,-2.45657515266339
78.3505154639175,-18.8103598744058,-11.1219806150943,-2.65085463266866,-2.57762407671592
79.3814432989691,-19.5572400583456,-12.698302504011,-2.53559094066916,-1.84065584962045
80.4123711340206,-23.8927192241174,-17.1694564934709,-2.48737067972472,-2.19054602904481
81.4432989690722,-28.8140967659442,-20.8719478286327,-1.97199752512857,-1.73108709036146
82.4742268041237,-29.8824506139503,-21.8855039503856,-1.43448722034124,-1.88516436085413
83.5051546391752,-33.4333463608502,-27.0134846229735,-0.942626562367296,-1.69889267979671
84.5360824742268,-36.7694605892865,-27.2765349346442,-1.70017846710796,-1.83972058384065
85.5670103092783,-38.9536718828215,-33.741079819285,-2.0480651388306,-0.93950669569225
86.5979381443299,-40.096000462329,-35.5145194623621,-1.32056301537381,-0.832648035041796
87.6288659793814,-45.5494273221341,-38.2613678713732,-0.619237127516249,-0.438131090219429
88.659793814433,-48.8231771331102,-42.0632801039088,0.365722923073881,-0.28670898836972
89.6907216494845,-51.2184158495207,-44.5940450904125,0.680233040043988,0.247712571135437
90.7216494845361,-53.8432715436785,-46.8291178673046,0.485489410803639,0.179106427530564
91.7525773195876,-53.3829439522096,-49.1602720001656,0.9580493845843,1.0421115394067
92.7835051546392,-56.7975784878437,-51.7475840240089,0.793042959831437,0.68431937635588
93.8144329896907,-58.9170197215842,-54.6889370610518,2.26961147366213,0.554614588499033
94.8453608247423,-60.4754625276013,-56.2008322307356,3.35321725363598,1.1532741157408
95.8762886597938,-61.7586610499396,-55.8257868850973,3.44039728695289,2.35365284618449
96.9072164948454,-64.2147514794577,-56.604749014244,4.27117619062467,3.20315686474688
97.9381443298969,-65.3702955811251,-58.1185880320351,5.75571094652149,4.62261876308617
98.9690721649484,-65.5302015641976,-59.2011953657794,5.80308643420319,4.98888778736505
0,-68.8476422539522,-68.807278163551,4.77016258417416,7.04531250892133
1.02040816326531,-68.4040706231787,-65.7122374231284,4.30975594571725,8.03290722652186
2.04081632653061,-69.3990728742793,-68.5316725148218,4.61387786282329,7.5173183760294
3.06122448979592,-69.2030721481688,-64.3042485314584,4.85604449894541,6.77326479738353
4.08163265306122,-67.7435852851889,-64.1244321599304,7.8776719706892,7.4369171051194
5.10204081632653,-65.8627516314577,-61.8148485019841,10.5571142577118,10.0154192349951
6.12244897959184,-63.559621498186,-60.1124863465936,12.7924328029754,12.7366767326942
7.14285714285714,-60.9759425001436,-59.9848403447213,18.2030861675032,16.2822527093461
8.16326530612245,-61.2869897914108,-57.9145700902099,21.6053982266256,19.2079228028422
9.18367346938776,-58.1813056617838,-57.737619580766,23.8725381912977,23.0284583505231
10.2040816326531,-58.902304364584,-54.5612190373417,26.3654034201303,25.1485438658544
11.2244897959184,-54.4884370523104,-53.3474668251142,27.6186428440001,24.5076262216111
12.2448979591837,-55.2400295812922,-52.8148105892301,27.7651796688928,25.3112418843178
13.265306122449,-50.7107003899678,-49.6933711626709,29.2639944656348,26.6579862342038
14.2857142857143,-51.4717637176769,-49.7354185460462,30.6211908435455,27.7760720591447
15.3061224489796,-52.1141553919987,-46.2087378618155,33.5178969562173,29.1848313730874
16.3265306122449,-45.1119695986525,-44.779612686658,35.193003381377,30.4488277827279
17.3469387755102,-46.4133261293402,-43.4462755312172,37.9934522773537,31.1920172254211
18.3673469387755,-42.9349375314752,-41.3150864456898,41.5056384206777,32.3183399190814
19.3877551020408,-42.6203425867922,-36.3764268004437,43.0888137869398,32.1123603747868
20.4081632653061,-38.723794837682,-36.4646302189742,44.8460898183607,31.9079310663727
21.4285714285714,-36.4156037773288,-35.6161732333583,46.6046285631579,32.7120779578456
22.4489795918367,-33.0711194648474,-32.2833720714929,47.2371726665285,33.182227552628
23.469387755102,-34.7301992106508,-28.5591812078624,47.9686121112942,34.2401322346212
24.4897959183673,-30.610472196676,-26.1854456663282,49.818473673932,33.4154151911529
25.5102040816327,-26.4592473136413,-23.582945972404,50.3542337203324,34.7498528826729
26.530612244898,-24.9252818518217,-21.3909468446318,51.9854336474731,33.1239260777373
27.5510204081633,-21.3994561357313,-19.6390460262898,52.3569545952307,33.1434805415869
28.5714285714286,-19.0890349331283,-17.2836567022849,52.2755181439281,32.8682800848945
29.5918367346939,-17.1382726727742,-12.6224878115929,52.9096433538583,31.3523572089793
30.6122448979592,-12.47201608825,-8.17725783522619,51.9406069965952,29.3529003011371
31.6326530612245,-11.3170843413589,-8.03875020188527,49.2709891409336,26.9442638721892
32.6530612244898,-8.25641634169226,-4.33317579545093,47.2662218452161,25.2568434230756
33.6734693877551,-4.90757587308158,-2.67931553296673,42.578191805775,23.2694618903819
34.6938775510204,-0.248082250269544,0.162923696677195,39.306120642566,20.4523951412961
35.7142857142857,0.983616220232368,4.20241141644371,34.0916554324484,18.7119289510663
36.734693877551,3.75161458680943,8.87933348495042,30.9605653471819,18.4644005447467
37.7551020408163,8.2888166234405,10.0576952570677,25.4157840904128,15.0114038109174
38.7755102040816,11.2497473846385,12.2915345358174,22.324438898537,13.4860043709176
39.7959183673469,13.3081431185987,13.4669958284666,18.2418257254249,11.5049488262462
40.8163265306122,18.0349063478804,17.5652212761323,15.4801179180183,8.12670643268502
41.8367346938776,18.9777931755752,20.4159447957286,13.2797223164648,6.47580830072904
42.8571428571429,23.987699285183,22.585425802718,9.72990238765537,4.90209505524397
43.8775510204082,25.4403227312699,25.0899358824016,5.48148483371554,3.00250798148848
44.8979591836735,26.6063175102527,27.0825937217985,3.62218255582402,1.34118618638444
45.9183673469388,27.151423714125,30.0822084837756,1.03284062816634,0.307971395605232
46.9387755102041,29.2513144658022,32.6842661193824,0.319359720947517,-1.01438433347503
47.9591836734694,31.4990895991282,35.1492154895018,-1.66790495641934,-2.66681425914379
48.9795918367347,32.6000006328716,37.3460689450536,-1.73940259089335,-2.07783764831348
50,36.8170132665703,37.0941167936999,-2.42156277082606,-2.32571202204246
51.0204081632653,35.118919934787,39.6041989426748,-3.40415426801195,-2.85531194173301
52.0408163265306,35.8064322438012,37.0958290765038,-3.23517554221951,-2.42800032129633
53.0612244897959,35.9818687960411,38.8191496276799,-2.82556470486558,-3.06669675469908
54.0816326530612,36.7842273030331,38.9576390976454,-2.87702907743194,-3.06974989592703
55.1020408163265,35.8830452885021,39.1629657211991,-3.21719095679388,-2.33137913826171
56.1224489795918,32.6568441096144,36.8159314626904,-3.40106909194547,-1.85526612584757
57.1428571428571,33.7792777531391,31.6761307694065,-1.75970648967332,-1.03748578605306
58.1632653061224,29.1477612938798,30.7890190025872,-3.83099665505481,-3.27121775949808
59.1836734693878,25.8018486282544,32.7603438417103,-3.37090058478024,-3.72646475706062
60.2040816326531,26.2593002019667,29.6749195575064,-3.53400709857686,-2.82941560574219
61.2244897959184,24.6532877711182,28.2580394213047,-4.52100745475613,-1.66440745856452
62.2448979591837,21.9247034645567,28.6999087901995,-3.95607372209754,-2.71118055055811
63.265306122449,21.3266919463115,24.4763973093338,-4.28493523208278,-1.21483030116008
64.2857142857143,18.591539081043,21.5123686384106,-4.14178467877216,-1.88830654317761
65.3061224489796,16.6789316675269,20.9010140740081,-4.01818882634184,-2.64727617836592
66.3265306122449,12.903562997278,16.3148226503715,-3.52047133712568,-3.2255013267471
67.3469387755102,10.1296876285613,14.248863519394,-3.29030999066849,-3.13415325084612
68.3673469387755,7.96933913523552,12.7915405828399,-3.03831184096194,-3.43757877846545
69.3877551020408,5.12759875882585,10.4669119783164,-3.18667746339062,-4.0293518895766
70.4081632653061,3.93638649566093,4.79145297587959,-3.52542553288314,-3.79780554170145
71.4285714285714,0.227217251160382,2.44285150142052,-3.6045661461299,-1.90519858952819
72.4489795918367,-4.74802341090881,2.33892782161748,-3.36522820327272,-2.94981871597016
73.469387755102,-6.43338017818173,-1.61455206847189,-2.36281064424104,-2.69509916233178
74.4897959183673,-9.93467776204788,-5.20022696877672,-3.8574237850803,-2.19391606953969
75.5102040816327,-12.0361062662759,-8.5766642325899,-1.85126386769423,-2.80232884323431
76.530612244898,-14.5481162088771,-9.87107383518755,-2.17414972005257,-2.25541216521829
77.5510204081633,-16.5214749382824,-13.4209298011347,-1.85147999644497,-2.11222758625649
78.5714285714286,-18.4194110080295,-15.6826657364025,-2.2440906640129,-1.24228539531255
79.5918367346939,-21.7702642572665,-19.8100000520299,-3.13669963250852,-1.72313788605798
80.6122448979592,-25.8404472017709,-23.0148233101926,-3.47631079093376,-1.90407575948376
81.6326530612245,-26.6882907313567,-24.7198360925133,-3.13952511547825,-2.76006417440398
82.6530612244898,-31.6795980185286,-27.3514855945024,-2.25864643693504,-2.37310343629384
83.6734693877551,-34.7932633606007,-33.4705440167021,-1.77393437651124,-1.40961552898922
84.6938775510204,-38.0432307124817,-35.0864778785254,-1.86332985204982,-1.64048717430134
85.7142857142857,-39.8263416776421,-38.7990068483083,-1.40175069226633,-0.941262425025504
86.734693877551,-44.0704270688199,-40.7064511538999,-0.899061121360097,-1.2553576737425
87.7551020408163,-47.0096543834862,-43.1493430854141,-1.18409941946097,0.113093239275806
88.7755102040816,-48.011077440645,-46.3594427079102,-0.671721420746468,-0.223454492370992
89.7959183673469,-53.0018007392333,-50.0647928515416,-0.463842902445317,0.297887895197889
90.8163265306122,-55.4835242838646,-53.0440183819319,0.796292664441744,0.899943781802083
91.8367346938776,-56.6681982232923,-55.9593296409478,0.919627625902432,3.82713485504087
92.8571428571429,-59.8869204115582,-59.8495079809741,1.74297450835927,3.27588930821012
93.8775510204082,-65.0039085962289,-58.4972273942788,2.60024704499907,2.65689912408143
94.8979591836735,-66.5349149463639,-59.3303262718664,2.4313604928285,2.85638136132847
95.9183673469388,-66.7770489597196,-62.5577284506071,2.94802268700127,3.55296814130417
96.9387755102041,-68.7806850356278,-64.621234217239,3.68472976000554,4.42290010181001
97.9591836734694,-68.153423693528,-65.2808943449041,5.03462252196001,4.86105164305756
98.9795918367347,-69.8862180622652,-65.4907837117705,5.23290516530299,5.83653340064047
0,-66.0574688590815,-68.2333054481892,5.55863957559963,5.51851487851084
1.03092783505155,-67.6700849704803,-66.9546756555651,4.13528626383914,6.67460159270973
2.06185567010309,-68.3148855007691,-66.758056544507,5.18748818691727,8.0892528572492
3.09278350515464,-66.1358559155236,-64.5274919215346,6.76670264062885,7.65111360152674
4.12371134020619,-64.9987763892176,-65.1393537727464,7.35790193977471,8.38313958896318
5.15463917525773,-63.4247840509772,-61.4911146997839,11.0409064876918,11.429668301652
6.18556701030928,-60.7187921331006,-62.1187918515126,14.5485373958279,14.6055084487559
7.21649484536082,-59.4496598991308,-60.7136538391046,18.350609860291,19.1200177748359
8.24742268041237,-59.8534527586662,-59.7492962430249,21.8886799105178,22.20644108257
9.27835051546392,-57.0272437066402,-56.8086533968697,23.3512504223067,24.7236532023374
10.3092783505155,-53.9611733830441,-54.7342932018054,24.8336372637601,26.5843371652127
11.340206185567,-54.051458984547,-53.2709998531499,26.3508028207577,28.1356384322337
12.3711340206186,-52.3103606024305,-53.2707353726303,26.7886090482559,28.2205476205239
13.4020618556701,-51.1528700328303,-50.4907582612558,27.8202416846806,29.5281000147301
14.4329896907216,-48.5988963405016,-48.1893876864486,29.8692170359117,29.7909886537799
15.4639175257732,-47.8170073203446,-46.8828923386422,32.815183647708,29.7936386401594
16.4948453608247,-46.3532124187546,-44.7298133591252,33.777345115278,32.6596089712531
17.5257731958763,-39.9882940407133,-42.6282962008522,36.5732259482016,32.9221560257717
18.5567010309278,-40.5925012949301,-39.702312240518,40.0700188754735,34.9839359580167
19.5876288659794,-37.7803869368254,-37.2120546493418,41.5555313599828,36.7487235711974
20.6185567010309,-37.802777008469,-36.3431133631302,42.9831039816063,38.2686745062934
21.6494845360825,-33.5521525952859,-33.5953416918683,44.1576887969603,38.7734547440517
22.680412371134,-32.6374239708933,-30.2733682738933,44.0663762591687,38.0077616116443
23.7113402061856,-30.3288609262831,-28.6222355158376,46.2340769194024,38.0388514027173
24.7422680412371,-28.7218509339917,-25.8002693056907,47.0079094274145,37.8223898450834
25.7731958762887,-24.2693967154605,-22.9070170485439,47.3396351303169,38.3586482993307
26.8041237113402,-23.7406263501226,-21.2946331344324,49.4200238856153,37.4760750253132
27.8350515463917,-19.6723041452986,-18.9150996045143,49.0684582821092,35.9752315883294
28.8659793814433,-16.8837108592087,-14.2156919431879,48.4557817352041,35.160536945977
29.8969072164948,-14.3879581886019,-13.9081968260294,47.3416334001976,32.8694009777851
30.9278350515464,-11.419557555895,-8.50296609780205,44.8504999144858,31.1757526853883
31.9587628865979,-7.76347820611481,-7.23188118056141,43.3017842026369,29.3193139186721
32.9896907216495,-4.7190732014858,-2.21376511549004,40.9629875735716,27.0556300074809
34.020618556701,-0.867156338231778,-1.78526849298789,36.5821458728999,24.8464070286907
35.0515463917526,0.340396709171372,2.62889503643251,33.7893002339965,21.4606039785194
36.0824742268041,3.60620848000112,6.44778858845312,30.0875407772786,20.0322884791053
37.1134020618557,6.48868595526085,10.5817634730575,24.74569889641,17.6870076462675
38.1443298969072,9.9907122502146,11.9791356662039,21.2848783037517,15.0268695646981
39.1752577319588,11.3182512756838,13.7534118503944,17.7511833007753,13.5062480742905
40.2061855670103,15.3603698979077,18.5346688994839,15.1780276808138,10.4822170307724
41.2371134020619,19.0383755458397,19.0228046498538,12.3092230072166,7.91465961450849
42.2680412371134,19.0768908953531,21.2838630521947,9.99857684633615,6.87250012605993
43.2989690721649,22.386618095119,23.7564708529845,7.16198884071559,4.1309080915961
44.3298969072165,24.1716796371651,26.8257569544814,2.79643873123265,3.51696906808305
45.360824742268,25.4663620903129,29.8923803461624,1.13702053890966,1.05740523127806
46.3917525773196,28.6683208229547,31.2604209128448,0.15166283618673,-0.810605669018913
47.4226804123711,29.672215017151,33.9851841172116,-1.00520289865883,-0.224157106068753
48.4536082474227,31.0996570230283,36.6086608833071,-1.69344721794953,-0.373074838483855
49.4845360824742,34.325604422291,39.0856907553438,-2.40688671388351,-2.33450175232863
50.5154639175258,34.3835103381498,38.6241366643881,-2.15761895483696,-3.71198785003697
51.5463917525773,38.0248652009137,37.7054129723727,-3.20266764496999,-2.74666810023316
52.5773195876289,36.3800811767819,39.61709855743,-3.0932385999327,-3.61553318942762
53.6082474226804,36.6574497299684,39.5002435404424,-2.90855382618143,-2.24621669887216
54.6391752577319,35.7609822266878,39.3885186898995,-3.81426677205106,-2.41808484505863
55.6701030927835,35.4154605034438,37.9194525838586,-2.47179781064082,-3.19367404772531
56.701030927835,32.0379249040615,36.6139123530318,-3.32653612915451,-1.81961998917892
57.7319587628866,29.7125066056627,35.2944571950477,-2.910110587683,-1.59167463937247
58.7628865979381,28.4687516223305,33.2494946140145,-3.63520930845017,-1.89632612366909
59.7938144329897,25.8967907658317,31.5336452959688,-3.81870335899248,-2.2186699394399
60.8247422680412,23.0254535480504,28.712568255693,-2.90276893683247,-2.96742378380883
61.8556701030928,23.838500293529,27.8024612763172,-4.52351271413795,-3.06050625327589
62.8865979381443,24.8483104452162,25.9995321706482,-4.51412220428492,-3.04947094370849
63.9175257731959,18.4250419687271,24.4845594977974,-4.19137839869463,-2.64544410474328
64.9484536082474,15.1625862449748,21.6210752123205,-4.61347144466464,-3.99161624468098
65.979381443299,14.7620073954711,17.5609359825363,-3.49037062023375,-3.9553041569812
67.0103092783505,13.2888284987812,15.1658189257234,-4.85697422165843,-2.75274141201392
68.041237113402,9.4075337280218,15.261399235831,-3.77208982484483,-3.56672102576304
69.0721649484536,6.66892494583144,11.8355795630024,-3.4408703359032,-3.28193227838579
70.1030927835051,5.06657379751831,7.94941285880317,-4.04046520288319,-2.9412220668714
71.1340206185567,2.43853028898992,6.1309815469533,-4.23251355517786,-3.69381706884534
72.1649484536082,-0.993867679099269,2.96919032691731,-3.41625670091379,-2.36757869172013
73.1958762886598,-4.44926024821829,-2.68710247366936,-3.30816071438951,-3.91788614624091
74.2268041237113,-9.18232015678227,-1.75555036534596,-3.35250435006467,-3.05595843302483
75.2577319587629,-9.79020535359404,-7.28845247151453,-3.42708025630431,-3.00482170791429
76.2886597938144,-12.9975435843645,-8.83466708637019,-3.23347497984155,-1.72671038429596
77.319587628866,-15.6122494169937,-12.470859896525,-3.37455414653946,-1.70140918149367
78.3505154639175,-19.3374504303845,-15.8200965731559,-1.90730394120105,-2.05272557485111
79.3814432989691,-22.6509749156209,-21.1666495835111,-3.5113995241778,-1.68402513242524
80.4123711340206,-25.3570284583552,-22.4168876196361,-2.48903457985596,-2.16939563309476
81.4432989690722,-26.4095107652952,-26.5085727900323,-2.491079059991,-1.09760470471283
82.4742268041237,-31.1002521297292,-28.6162873347477,-1.94421113162697,-0.79388224130233
83.5051546391752,-35.6176330768161,-32.7748399862142,-1.50156235537189,-0.54265582762799
84.5360824742268,-37.1944536796386,-36.0150649768955,-1.81974948806332,-0.149116680684011
85.5670103092783,-40.6174854019886,-39.3236025540422,-2.51008464457898,-1.10280518444614
86.5979381443299,-42.5812005631224,-42.9222787203234,-0.323352631460344,0.457908606859791
87.6288659793814,-44.9129332759355,-43.3771594022808,-1.41457356647342,0.801931641740502
88.659793814433,-48.264628755415,-46.2243316412758,-1.30991130245619,0.567562596803002
89.6907216494845,-51.2973134921578,-49.4408217009465,-0.336432769155134,0.504870710428856
90.7216494845361,-54.4417176073067,-53.5407270961189,0.861958513430619,0.489752578204453
91.7525773195876,-55.9018532225748,-56.743266260494,0.625034072712855,1.19832213133238
92.7835051546392,-57.0439348268678,-59.075923473484,1.30020074460171,3.14980116124346
93.8144329896907,-60.6440525301659,-60.773428450247,1.9821557302216,3.74496583008262
94.8453608247423,-63.998379992363,-62.5808476019319,2.9975861363086,3.27256872817675
95.8762886597938,-65.683889443447,-63.9344744589044,3.25824556736492,4.06987025499475
96.9072164948454,-65.3595533419195,-65.5205444482499,4.77144652977043,3.72126715054886
97.9381443298969,-66.7497181748364,-65.3643960115098,5.2426826512551,4.05383140620568
98.9690721649484,-67.3974447891528,-65.5455018939035,5.17329979156924,5.51432666927637
0,-65.0380568083822,-67.7043520937397,7.69114447575767,7.20233700352295
1.02040816326531,-67.3993825616914,-68.946933842354,5.57789317947009,6.2859300050221
2.04081632653061,-65.1211957340103,-68.1879085348565,5.41898652575046,7.53297475304579
3.06122448979592,-62.0353735868962,-67.7856067321586,5.50009428053944,9.39555680073383
4.08163265306122,-61.7995361915858,-65.1872022724114,7.77460367319787,11.9365105717762
5.10204081632653,-60.4279796554959,-65.6946953390353,14.1571845418538,15.5828960691411
6.12244897959184,-60.1544301996439,-64.5006750074946,19.9784449310102,20.8673010139911
7.14285714285714,-58.4921893848421,-62.039555042396,23.2801062438502,25.974566016284
8.16326530612245,-56.4871369932565,-61.0352930867342,28.4364285327024,31.2897499715136
9.18367346938776,-55.1407435995949,-58.2418690577333,29.6294811710814,34.0021970198438
10.2040816326531,-53.548858033981,-57.7227991740804,32.3181571595024,36.2189769156258
11.2244897959184,-52.5083321975137,-57.6141256817864,35.5948090634445,37.1054748680137
12.2448979591837,-51.1475863530422,-52.215505607144,37.4332567383617,37.2287263245774
13.265306122449,-48.5870529150642,-51.8748296313319,40.3517020271279,36.1135833234285
14.2857142857143,-45.0304389586054,-53.0209718747404,42.4488590473345,36.9538691897844
15.3061224489796,-45.1015123461577,-48.3818749028156,44.2781256495116,38.8395053775713
16.3265306122449,-42.2026548010396,-45.6975372983634,46.1653953056211,40.5463644259307
17.3469387755102,-41.56447156642,-45.4011404260057,46.3526941529507,43.147441615169
18.3673469387755,-38.7684580265788,-43.0837437169391,47.800120367764,44.0371560137791
19.3877551020408,-36.5631437686049,-41.6363385212926,46.7767235664366,44.7176981447568
20.4081632653061,-36.3250973184986,-39.2808857905726,45.7616098218167,45.0264817328163
21.4285714285714,-32.5643459466887,-37.1772947003818,45.8921324717127,43.9229758891925
22.4489795918367,-33.7729934201002,-34.8910745863471,45.4845599562698,43.7145654645049
23.469387755102,-26.6050362300293,-32.9665496697548,44.4915561962168,41.6612750917972
24.4897959183673,-24.2028984770802,-30.7881407584712,44.2338632010387,41.094892306544
25.5102040816327,-22.5851395436846,-28.9142988720122,43.617086060475,39.1753615315442
26.530612244898,-17.933389454448,-24.5826376819042,42.9698242757742,37.8951917157962
27.5510204081633,-18.1719698276377,-23.5616196272071,41.4225015671024,36.3645228562674
28.5714285714286,-14.2319383019996,-19.4668727545532,40.2537618208517,33.3370603925259
29.5918367346939,-10.155327860424,-18.2234309931629,39.466265496241,31.7946549665082
30.6122448979592,-7.72348033422619,-14.8719154874766,35.5562524074664,30.1991107483679
31.6326530612245,-7.4908446903717,-12.9812743141801,34.9518486615347,27.4110282179362
32.6530612244898,-4.96495541421965,-9.14280369577126,32.8482631776077,24.8551138784752
33.6734693877551,-1.32359110855856,-6.62685075962395,29.7963742921187,23.7073539249855
34.6938775510204,0.80840432991809,-4.00492050853322,27.4845657918886,21.4398554593512
35.7142857142857,5.19010449905147,-1.06374260759208,26.288457285144,19.2471676749477
36.734693877551,9.8365768501506,2.88727957498942,24.5150599932397,16.2480891620926
37.7551020408163,9.63478714726465,7.26357198463706,23.1937319798035,15.6534492805392
38.7755102040816,11.28080739436,8.67629907784308,21.4368371146155,14.5178488059725
39.7959183673469,15.9972771067931,11.900451144115,20.8739806976781,13.4217597756635
40.8163265306122,22.2029413074727,15.9454774294901,18.8506903300201,12.7685413808297
41.8367346938776,22.587488934622,19.8234366624216,18.5218676728606,11.3116521548444
42.8571428571429,26.7970995233866,23.4521446705694,16.4736683033082,9.36219628715457
43.8775510204082,27.9699032127741,24.3425519454068,14.0344735530695,7.27531027664981
44.8979591836735,29.2489517591963,27.1884769254922,10.7795343109309,4.74376234084353
45.9183673469388,29.7367185722497,26.7350886485252,7.39825128471582,2.56255951879446
46.9387755102041,33.905755656922,31.3974639158337,3.37503913117206,0.27736357048365
47.9591836734694,34.9290523330142,31.0285949858525,2.42399677760567,-0.133507133229823
48.9795918367347,37.655137596748,33.8930731675514,0.381128841662024,-1.0094578023494
50,37.4331435108659,34.5066380378793,-1.97609344024996,-2.80789036908646
51.0204081632653,38.8293113417933,35.1091487573458,-3.6028796423204,-3.69015525428568
52.0408163265306,37.5587600496939,36.8272201368105,-3.32405637587993,-4.29992391938014
53.0612244897959,39.3084458916666,37.1458973361841,-2.45778000152469,-4.74483677932109
54.0816326530612,38.8884123090325,37.8365901068137,-1.73076259708245,-3.64903916207848
55.1020408163265,36.7058901948856,39.737703944886,-1.3548793233199,-2.70591489407679
56.1224489795918,38.2674035534065,38.5980789225459,-2.32465930256961,-3.56591339011514
57.1428571428571,37.3847784223885,37.9875386333823,-2.64772379312033,-2.56779783532976
58.1632653061224,37.3290783023625,36.6299344359618,-2.37353593213337,-3.55630231711191
59.1836734693878,35.70234364872,35.1204634533142,-3.31505646143218,-3.14785542895442
60.2040816326531,34.3811765379577,35.5832153850505,-3.81276520383264,-3.33949256490254
61.2244897959184,32.5049925402069,31.7237798780674,-4.06819012994406,-3.24420065556933
62.2448979591837,28.2907913339819,31.9937997279918,-3.14598572967867,-2.59678139310543
63.265306122449,27.5397086050498,27.3594706853526,-3.42620051230569,-2.99334951214192
64.2857142857143,24.4826116100154,27.8984632390911,-2.54943662610573,-4.31560654449454
65.3061224489796,22.7572338383811,25.5126547351314,-3.87253058590788,-3.88591731716803
66.3265306122449,17.1833649568175,24.0929243674335,-2.80506961798879,-3.60094259852949
67.3469387755102,13.584307191699,19.2593191591655,-3.56833704088798,-4.52116815690322
68.3673469387755,12.4764200495086,18.8055881157052,-2.85660033639064,-3.88994914989087
69.3877551020408,6.70468442883699,14.3071248349503,-3.15991911331237,-3.99904825391349
70.4081632653061,3.9009102760654,11.8431992010291,-3.34530289941054,-4.08594133816113
71.4285714285714,1.62397866337152,7.18042985912403,-2.16852839489993,-3.30154316203203
72.4489795918367,-1.76818067445121,5.18282868473244,-2.41744863476682,-2.89632826343382
73.469387755102,-7.91656040005418,0.601019831524972,-3.57994471890894,-2.68927157919743
74.4897959183673,-9.21273376227991,-2.53507158814763,-4.03931280948902,-2.8713569761164
75.5102040816327,-10.0417267030701,-5.71293646106051,-3.45003017881064,-1.50174961606254
76.530612244898,-14.9083760120995,-9.62603769156683,-1.17944836738985,-2.44343036164161
77.5510204081633,-18.2781712027267,-13.4143678073576,-2.19166908672502,-3.0608904027733
78.5714285714286,-20.0083134546307,-15.8894756768544,-1.88912044214589,-1.00797242773704
79.5918367346939,-25.2757263338278,-18.478881319119,-2.10710766290125,-1.92623837736918
80.6122448979592,-25.2843985889259,-23.5238024585992,-1.62332460306795,-0.987801629839648
81.6326530612245,-28.2440894124921,-27.0856561398259,-2.86968186738655,-0.945781795036633
82.6530612244898,-29.91332709702,-29.7417853207067,-1.54433593969825,-1.64090538226187
83.6734693877551,-35.3723577900011,-34.0147730936517,-1.5461961974546,-1.72935444401881
84.6938775510204,-36.676819831348,-36.198203288128,-3.17047224088638,-0.978569187972257
85.7142857142857,-38.3602687410469,-41.9877877357785,-1.83998651284398,-1.77976541435104
86.734693877551,-40.2234051701702,-42.629951917101,-2.48276558791091,-2.32117822364286
87.7551020408163,-45.6701364890605,-45.6003275291009,-1.32990347519422,-0.543022367156256
88.7755102040816,-48.1211215641155,-48.8776208070099,-0.310551348936075,-1.50236008465646
89.7959183673469,-51.1017412534941,-52.6439134708564,-1.27153388160259,0.472106888809157
90.8163265306122,-54.5500419513291,-56.834828603517,-0.109658294501099,0.886088235090021
91.8367346938776,-58.8959864222142,-59.7941268517749,0.342638843127086,1.13715194225404
92.8571428571429,-59.2237999434849,-63.0230176430872,1.84889083540241,1.69616959388579
93.8775510204082,-61.3590172579759,-63.9010108179575,1.93080882755558,3.70161259249749
94.8979591836735,-62.4814020167521,-66.4655625367154,3.21394677582084,2.14262859433729
95.9183673469388,-63.4924003633213,-67.2961014828351,4.56355035505398,3.57181691508618
96.9387755102041,-67.0057811850241,-68.1600145371126,6.773858732387,4.62902290271641
97.9591836734694,-66.4599850771324,-67.6370310065677,6.56327788765945,5.57124851418809
98.9795918367347,-66.8837103340862,-70.8428615273892,6.29976229693895,7.20044496561354
0,-66.9087742519658,-69.0319002088003,7.92505375319661,6.87891002613235
1.03092783505155,-67.3802688672912,-70.794048837645,7.99152310156528,5.82300211646665
2.06185567010309,-64.0487732940841,-69.6793756586937,7.52107857422427,7.77260527271867
3.09278350515464,-63.8590269156778,-68.6238419340718,6.42472545537102,8.63556659868066
4.12371134020619,-65.0445568910278,-66.7465710725086,8.18394808244934,9.46730215674226
5.15463917525773,-60.7014010755154,-64.451695440854,11.5260369913197,11.4602180202199
6.18556701030928,-61.3917510629498,-65.278854009248,17.2856790677668,16.2285462210512
7.21649484536082,-59.3230467853775,-63.3737661229379,22.1462751177627,18.9820356908523
8.24742268041237,-57.3668648878465,-61.4218794975555,28.2608610123754,23.4148352621022
9.27835051546392,-56.31562721413,-58.6399184297985,32.233621097706,27.6415293639398
10.3092783505155,-52.9517364412733,-59.3191492275433,36.2185232477097,29.081274420782
11.340206185567,-52.6020219944729,-55.9857494372515,37.7194876039554,31.6615127825231
12.3711340206186,-48.8199830017765,-55.4275169924323,37.1797151638321,32.4011519653689
13.4020618556701,-49.5644102302875,-53.3683020812063,39.1046011965837,33.3118555252702
14.4329896907216,-46.7058339600249,-49.5097604676025,41.2836441506881,34.0871156461763
15.4639175257732,-45.3849627038494,-49.2801127940795,43.4522733563458,34.9745413917092
16.4948453608247,-43.1014767605859,-47.1480227121411,44.6341943231062,37.0702490965449
17.5257731958763,-40.6431461516622,-46.0959469797706,45.5556267319574,39.9285045476076
18.5567010309278,-39.6301426723291,-43.4870514723749,46.5999322604748,42.2291819473202
19.5876288659794,-37.3966750311394,-42.0997300004535,46.4806307307312,41.9773382518618
20.6185567010309,-34.5522078823949,-40.6294944732552,48.4375573844509,43.0794880211854
21.6494845360825,-31.5492498587531,-38.9127872343058,48.0311366412106,42.378354885359
22.680412371134,-30.6342513229103,-36.899038074023,46.9990290431896,41.9620863059067
23.7113402061856,-26.2142768241438,-33.7002205989859,44.9868091215801,39.9046633479019
24.7422680412371,-23.9658881236892,-30.9185050272115,45.7701155830165,39.0784913297079
25.7731958762887,-22.3856120988471,-29.0877302824974,45.2937900621641,36.5603000116365
26.8041237113402,-19.1402764244597,-27.4472186735693,44.4024771214683,34.1020500065313
27.8350515463917,-14.5842842710969,-24.9539393057854,43.0208182188449,33.6116952982234
28.8659793814433,-14.3475530674065,-21.712593307852,41.7266318409898,30.9815648915217
29.8969072164948,-9.8758404790818,-20.43309108311,38.6269023889099,29.1313247996521
30.9278350515464,-6.90890796303066,-15.3225860803445,36.4666602907022,27.534934722137
31.9587628865979,-6.98320812603427,-13.5088349663944,34.7286380627249,24.8681962748077
32.9896907216495,-1.12277126125301,-13.0359509695865,31.8496722934246,24.0879613752629
34.020618556701,-1.83326918949048,-6.70137904646728,28.3314449586995,21.2047771227975
35.0515463917526,4.52442609355776,-3.96093796666335,26.975373342696,19.3450278829343
36.0824742268041,5.1086590455639,-0.561396054573949,24.9070935768566,18.4859976317644
37.1134020618557,9.73735656811753,1.71852347899178,22.5387492467541,16.748413198073
38.1443298969072,12.9465932943009,5.67350285315489,20.6614245896333,14.8516546525454
39.1752577319588,14.8904158182,6.97321757418048,19.9099087539307,13.7357790894434
40.2061855670103,19.3696129813382,11.4368250830725,18.3312162773052,13.7421784643011
41.2371134020619,22.1200686166048,14.5623603691799,16.6766425440136,12.3534158946161
42.2680412371134,25.1693671701501,20.0724828563081,16.4555549273066,10.5172254662705
43.2989690721649,28.0124428423693,21.3311765038271,14.0925454792534,9.10564462743796
44.3298969072165,29.9742001272782,22.3401956466117,12.0411283211957,6.35786831754284
45.360824742268,31.0434828428831,24.5574108304496,8.0698197221483,4.46026226680311
46.3917525773196,31.7152071018393,29.3855981904373,4.16215779509344,2.34548059997555
47.4226804123711,35.1237824390908,31.7974335696024,1.29383621937906,-0.166057669374394
48.4536082474227,35.6688920251154,31.8045675850302,-0.231979891147827,-1.35202571369286
49.4845360824742,40.5489586220869,35.5264614288293,-1.73313989542256,-3.35794456932689
50.5154639175258,40.9604214432696,33.8365126562166,-2.96808023165177,-4.65473620729463
51.5463917525773,41.9628091804257,37.5742730518543,-2.17869231964293,-4.77265536083804
52.5773195876289,41.2015159007981,36.7853845026235,-1.5674313326984,-3.21931116083855
53.6082474226804,38.5293020025515,37.8942176330872,-1.5144295984956,-3.85655281793145
54.6391752577319,38.8070481297148,38.0799334182333,-1.77396909892511,-3.01703887651578
55.6701030927835,39.8300772700811,37.6072731744308,-1.82198920067709,-2.79848382383559
56.701030927835,38.8694062414814,38.840296372552,-2.42739037612881,-2.99809849172174
57.7319587628866,39.3070987146483,39.1110135212426,-2.51792901268704,-3.81805993010378
58.7628865979381,34.9924100395532,38.3088707145916,-2.95237570377456,-4.09685506675847
59.7938144329897,36.0949371278945,34.3023004184636,-3.27244655006784,-3.27536553846939
60.8247422680412,34.6921392598315,34.8271132596537,-2.7697618267503,-3.60311141621563
61.8556701030928,30.0674043407538,32.4919904676585,-3.32375061887697,-2.56135992589638
62.8865979381443,27.8203020488402,31.4627939124247,-3.57290014708175,-3.70248193094246
63.9175257731959,25.1908429166536,28.2504422872687,-2.75361652140674,-4.35732632628491
64.9484536082474,20.6112653685271,22.8875380559601,-2.99505006752591,-3.54763885672444
65.979381443299,17.6065623753869,21.9141174166931,-3.83392199374418,-4.59671064242004
67.0103092783505,14.2005520188669,21.1548047406634,-3.26252741772794,-4.01275255811358
68.041237113402,12.7310864907124,15.8568511617087,-3.86108121027345,-4.08904266493472
69.0721649484536,8.83055472402764,14.3718233320302,-3.43500953250886,-2.79262320975286
70.1030927835051,3.87001797498934,9.78515845295374,-4.50613771068525,-3.04847688279662
71.1340206185567,3.0279017194505,7.75575551871579,-3.67633155534522,-2.82927030471074
72.1649484536082,-2.72894011139811,4.03644757467415,-2.82053363722071,-2.63313515609569
73.1958762886598,-3.94857324370039,0.522176802568363,-3.14547002501053,-2.86244741235956
74.2268041237113,-8.32307206191599,-2.79100555242274,-3.82009413613243,-2.1844543695304
75.2577319587629,-10.7684409658385,-6.41746607966401,-2.7375395450097,-2.31347704081226
76.2886597938144,-14.1891110269058,-8.49534965847262,-2.62608589543891,-1.92201765750117
77.319587628866,-16.5533497698037,-12.1991548811619,-2.04717775573464,-2.26241266332509
78.3505154639175,-20.28488833211,-16.9717600508992,-1.16938862960405,-2.68781423243534
79.3814432989691,-21.3413465220968,-18.1748597693457,-2.93733912540179,-2.23836214014196
80.4123711340206,-23.8797001832267,-22.5227270279671,-1.28437402702067,-0.656864092883605
81.4432989690722,-26.395103137422,-27.4406591492609,-2.39696366765827,-0.886573127112004
82.4742268041237,-30.6282322023527,-29.7203833680865,-1.81464329910659,-1.0884763581676
83.5051546391752,-33.5133781563359,-33.4833024254215,-1.78827713267579,-1.65281416402421
84.5360824742268,-37.1582188186549,-37.0708283867779,-2.52916419031565,-1.77222485897062
85.5670103092783,-38.2052873779564,-39.506190927828,-2.24327127332433,-2.02019610513105
86.5979381443299,-44.3756979120695,-42.0305397771477,-1.64600875791518,-1.7164908760789
87.6288659793814,-45.3179574590205,-46.5876750253722,-0.940365261226039,-1.56812901339272
88.659793814433,-50.1651653663412,-50.6601440281161,-1.03761925098638,-1.15383134077188
89.6907216494845,-49.4109109848076,-51.3581381870289,-0.589592402804966,0.279626057492821
90.7216494845361,-52.2933695797786,-57.40800469737,-0.587479207528291,0.479631384488953
91.7525773195876,-57.4082311790132,-58.1818934834853,-0.0750298019204031,2.11126867476645
92.7835051546392,-59.2779301803123,-61.3797134360011,1.1306516506324,2.62779969512072
93.8144329896907,-62.4887540121552,-62.7583629540047,1.41738994499492,3.25866935445953
94.8453608247423,-63.3026723439911,-63.6671714538328,0.922240079240305,2.62375722851452
95.8762886597938,-63.8166505989264,-66.1878733139295,2.17583954041636,3.77309971735725
96.9072164948454,-64.9345962325254,-68.1347300236755,5.17364914323435,4.78462452409159
97.9381443298969,-64.7238498744076,-67.9940918318941,6.54260025462814,6.43480741024878
98.9690721649484,-66.2559429168372,-70.0889628171996,7.56711069061285,5.94413954729826
0,-60.3245820630442,-63.1304876429424,3.3251982606228,3.55935402687073
1.02040816326531,-59.7001063708021,-63.2342716524251,1.67448751926241,5.19978255975679
2.04081632653061,-61.0622901716132,-61.7147038732557,2.10190258996487,5.27598940376832
3.06122448979592,-61.9557340238304,-63.0871414675364,4.31985629109379,5.99409180318804
4.08163265306122,-57.4465870299636,-62.4907416861706,6.97945191146547,5.83414659942845
5.10204081632653,-54.4130949834674,-59.7856615079769,10.1851291639833,6.50102733016069
6.12244897959184,-53.0263575352157,-58.0439842405367,13.6494087202831,8.64493937790284
7.14285714285714,-54.0586110592762,-57.9887703673179,18.2155523271707,11.8695818898619
8.16326530612245,-50.7433333868341,-55.4995499799466,20.5471206285134,17.0698817567299
9.18367346938776,-49.1034557215166,-54.188893212758,22.4626270771701,21.9461989753191
10.2040816326531,-45.3020771130041,-52.0758975724858,24.4647352887584,28.1677934013062
11.2244897959184,-45.8272660490526,-50.3901922361645,25.4877295780658,32.8181553212568
12.2448979591837,-46.1968063763684,-49.8565907511714,27.5531567344727,34.6300035438619
13.265306122449,-44.8421551035747,-49.1264775328148,28.528895144951,37.3159055664168
14.2857142857143,-41.0736813655376,-46.3844258292743,30.8915448344615,37.0048653477964
15.3061224489796,-39.1141369176419,-43.9933708908461,33.0594152540674,36.4514345916202
16.3265306122449,-37.5501107276382,-41.8743758702158,35.0389644664691,37.2283799735819
17.3469387755102,-34.1486377801524,-38.7593031451819,37.3774863687096,37.5345741449476
18.3673469387755,-33.6451333475848,-37.6208808152845,38.7587605284084,40.7552334494114
19.3877551020408,-32.6570503624604,-34.3566601637286,40.9682936042723,43.537733284541
20.4081632653061,-29.5009794184514,-32.8407370905812,42.4398462823044,46.6451993186235
21.4285714285714,-24.3428880013036,-30.6238133943798,43.6721998998393,48.6586299562536
22.4489795918367,-24.0059471888967,-26.5680263503163,44.7588092529226,49.3678189257886
23.469387755102,-24.5964092054729,-27.2692633611292,45.9244734847938,50.1563917594
24.4897959183673,-20.0645552377787,-22.0416220465333,47.0927419110048,49.7395824136266
25.5102040816327,-17.8280058818852,-17.7078169231463,45.4001358581837,49.6661602173884
26.530612244898,-14.3436051446241,-15.1674073600313,45.6689438950247,49.532654861649
27.5510204081633,-12.8791873811639,-12.1696459803261,45.4803221601598,48.1489377687673
28.5714285714286,-10.5173208151998,-10.4628896596907,44.6985972465839,47.9898679043584
29.5918367346939,-7.82686318289125,-9.18516452907512,43.6060815510982,47.141114880043
30.6122448979592,-3.62659541956792,-6.29077299203442,42.4773418990903,45.7904133601489
31.6326530612245,-2.8219618344158,-1.48161909205627,42.4654170227418,45.6432080135183
32.6530612244898,-0.263341745819099,2.06353585656801,41.0953798690762,41.5210069507678
33.6734693877551,3.71598980657844,4.24611112743642,38.4826552970269,40.267746354745
34.6938775510204,6.39028252373304,8.83238579977591,36.9249879703891,35.064906968556
35.7142857142857,8.60996094353549,11.4383011574716,32.2302640950506,31.4460912860422
36.734693877551,13.2539468016101,13.2101478408986,27.2673723599799,26.5722728813367
37.7551020408163,15.5343823298008,17.7812633371596,23.5689239790238,23.3347815475811
38.7755102040816,18.6736560473068,20.0253103867499,20.5935884270304,18.1750538032563
39.7959183673469,21.8830248889325,19.7786730865486,16.9234645096172,15.5785719047959
40.8163265306122,24.3181856503284,24.3386674284487,12.9552432840406,12.7843161331523
41.8367346938776,24.1491210835099,27.0572242730418,10.5403937306902,9.91442890126986
42.8571428571429,28.1499350954589,28.0262738672513,7.81795006652283,5.354933080822
43.8775510204082,32.0979989898665,29.3399307787466,3.87210538244745,0.733233374804402
44.8979591836735,31.6153167577248,32.6454328479464,1.43288133894012,-1.63431797597261
45.9183673469388,32.7067758771319,32.1903061716981,-1.491572135511,-1.96466703200952
46.9387755102041,34.0190881144306,32.6374720617281,-2.23709645398096,-4.51318680001188
47.9591836734694,36.7941423841935,36.5032516359048,-6.55800333706836,-5.77342920302058
48.9795918367347,36.4729206198246,38.7492222929336,-6.45255302930437,-5.80387806189729
50,37.5337218402451,38.8989091798169,-6.53286410420403,-4.99531717531907
51.0204081632653,37.0976226900311,37.6219214447447,-3.89448250137082,-4.92528203257055
52.0408163265306,38.0725808113525,36.7547406241171,-4.38221697239281,-4.70870722909526
53.0612244897959,35.4695187332821,38.6308049588372,-4.93731641412962,-3.41051896365213
54.0816326530612,34.7590929759957,37.7108687129062,-4.64216798075203,-4.28602438877252
55.1020408163265,36.8161322593009,37.9930341807373,-5.83108478418096,-2.97733940220644
56.1224489795918,33.7351475924773,33.2227437252773,-5.13213175174317,-4.78135262869777
57.1428571428571,32.0678169091197,34.9476671034019,-5.1088030652342,-3.8984695951626
58.1632653061224,31.5334586605096,35.951744125493,-5.3835409925266,-4.2894817291689
59.1836734693878,29.3856921146322,32.5236864811437,-5.0906189633109,-5.4997755414061
60.2040816326531,26.7813072038007,30.7705404626072,-4.63859963443244,-3.86611303261706
61.2244897959184,25.0488089933391,26.0321209122149,-4.85898983385844,-5.41494349126093
62.2448979591837,22.0232103695677,24.8254891397144,-4.41079479032438,-4.96411980295878
63.265306122449,21.7769201544618,24.4090020815256,-6.00908520000632,-4.50248517577901
64.2857142857143,17.9596608648368,20.3117822367397,-4.35450179107623,-4.89517175671485
65.3061224489796,15.342798752006,18.5638906641955,-4.59091069715908,-4.69514575434789
66.3265306122449,13.7856312188339,16.0203513638225,-4.80934365769475,-4.46464622226426
67.3469387755102,10.8640569742039,12.2558433627172,-3.31953579341534,-4.05898399699269
68.3673469387755,10.3759297027916,8.41100267501801,-4.02449659682897,-4.51447127298302
69.3877551020408,7.54042004515352,5.32027433111161,-3.14830403500188,-3.83683400591848
70.4081632653061,2.66926577215642,2.21011455860038,-3.26003750484981,-4.02433948334641
71.4285714285714,1.1620704305364,-1.88802190412229,-3.50632808676541,-2.82506522536474
72.4489795918367,-2.41430366514375,-3.99829385884046,-3.1793390642428,-2.19155959521318
73.469387755102,-6.27139334732982,-6.84909660080961,-2.78749659612839,-2.03558985962599
74.4897959183673,-7.02443515948597,-8.34154808158535,-3.78780097126999,-2.66333945181424
75.5102040816327,-6.86182765594398,-11.8174995402905,-3.82989496454624,-2.28657259460784
76.530612244898,-11.5232670231098,-15.3415419933019,-4.14662927690907,-2.36430996279797
77.5510204081633,-13.4022556225356,-17.9721701274873,-3.1618699195071,-2.02708030893101
78.5714285714286,-16.2116076725985,-18.7162691874375,-2.50313043700768,-2.49510208270384
79.5918367346939,-15.676352194348,-23.5006126933585,-3.06849354289165,-3.21890704517089
80.6122448979592,-20.8027271762762,-25.9738009745759,-3.67805954986318,-2.69031987870148
81.6326530612245,-22.7023698899335,-27.385723587157,-2.64056750706103,-3.2207996026354
82.6530612244898,-26.9764304896976,-30.3931141181878,-3.27611241499096,-1.8777518984801
83.6734693877551,-27.9683298785016,-33.7491713722577,-2.78546287015747,-3.48125677047095
84.6938775510204,-31.0541557667303,-35.4996419143322,-2.2167477388645,-2.42122561557135
85.7142857142857,-32.8275389320004,-36.9963841979515,-2.43174245646634,-2.21628439223532
86.734693877551,-36.3224825268881,-39.219231144744,-2.46840365362206,-1.38079583637932
87.7551020408163,-41.3569208470743,-42.9753533388303,-2.03953977128238,-2.44732252481711
88.7755102040816,-41.5496210265113,-43.8740342219597,-2.29375285011252,-1.8283237366061
89.7959183673469,-45.7585883333572,-47.9109327068042,-1.68311811427189,-1.93430078098558
90.8163265306122,-47.7370526735303,-50.7311683257508,-1.8833902093253,-1.39303016671473
91.8367346938776,-47.3941640838274,-52.3208805609061,-1.80341478224258,-0.917872217386613
92.8571428571429,-52.3673421643962,-54.8692072198684,-2.07624742732414,-0.34826087087624
93.8775510204082,-55.0690473881621,-57.7184133623724,-0.917161432914906,1.03952913285402
94.8979591836735,-56.166098869222,-60.5163529217534,-0.921336592474526,1.42239764487055
95.9183673469388,-61.5008916990338,-59.9230372419119,0.0916905561833516,0.903071373676103
96.9387755102041,-59.301404511558,-60.0015951118973,0.784643512455929,0.522516829889201
97.9591836734694,-63.6664359773107,-62.9562963571527,0.573755473362091,1.34854024171417
98.9795918367347,-61.3534696585179,-62.6123473934463,2.10764476595006,3.38370071246325
0,-65.172821685589,-61.3104231985437,5.7020551836945,2.28680613662115
1.03092783505155,-65.0346067605109,-62.9946279186759,4.1937241657489,2.05131205959493
2.06185567010309,-63.0813881890553,-57.9160652185154,4.51171961108032,2.71485077415567
3.09278350515464,-62.5811916889591,-60.0193161703921,5.47150808688146,3.31335613411813
4.12371134020619,-57.8007030110552,-58.8112120462805,7.37444479831471,6.204986750193
5.15463917525773,-59.2413561077831,-57.0125428923313,10.277133835173,7.62024059168612
6.18556701030928,-58.0866449511127,-56.6700877078717,13.1709543526394,8.95092406064125
7.21649484536082,-57.3812267524829,-54.2665110510427,17.8535869158571,14.3624669243753
8.24742268041237,-54.4916090268895,-54.6601113905093,21.6254222445287,18.0396454348061
9.27835051546392,-52.4596413275929,-51.0250226853952,23.6901701461906,18.4701073567783
10.3092783505155,-50.2311212984803,-48.5688502325636,27.1571174774492,20.8861584152617
11.340206185567,-48.8653480717358,-47.7651129869473,30.3304903411425,24.3616813092546
12.3711340206186,-48.3177920677359,-45.1110478326143,31.6810837316138,25.8775985767442
13.4020618556701,-44.2373193962048,-42.3901303495978,33.6277444648222,28.5111877917539
14.4329896907216,-42.5067544525769,-39.9030359703203,35.6925491460415,29.7076441794104
15.4639175257732,-39.7011966249537,-39.036693933692,38.060579506719,31.6526088159284
16.4948453608247,-40.5696578092856,-37.0747521993763,38.5379637919513,32.823801751017
17.5257731958763,-35.7458466636813,-37.3202225009933,40.6916913419063,34.6594252243247
18.5567010309278,-35.7130468369143,-34.7028729460492,41.5263526065407,36.0730858882498
19.5876288659794,-30.4450522191334,-31.2255101479707,42.7554587619064,36.6705591154466
20.6185567010309,-30.091466316248,-30.030971041846,43.0673111536713,38.4488200881872
21.6494845360825,-25.5947766058875,-26.3125840416177,43.3162209896954,38.6147655907246
22.680412371134,-24.4513363678677,-23.5558719294115,42.4802847422767,38.5850233285869
23.7113402061856,-20.4889621839865,-19.701090426724,42.283715859645,38.2049559785253
24.7422680412371,-17.1214950025518,-17.9157127109271,42.7750160943715,39.0573466171275
25.7731958762887,-14.5408231931356,-16.7727057481966,40.9653615990557,37.8478819191723
26.8041237113402,-13.1343267073313,-14.4356144264822,39.637774629776,37.3939217720091
27.8350515463917,-12.0789514215356,-10.4581338493757,36.7488605831448,38.0190239621348
28.8659793814433,-8.61368827223587,-7.00027097473142,36.3374156783239,35.8661769869116
29.8969072164948,-7.48072980996208,-2.88910166635905,34.6851967090749,34.0799873604591
30.9278350515464,-3.88146131685743,-3.13047523023352,32.2183889289159,31.8957337043964
31.9587628865979,-1.60608037891368,1.93723080552227,30.0607100891343,27.6047128401447
32.9896907216495,-0.114926660661939,5.68107176032676,26.0106682663164,24.6177307156631
34.020618556701,5.33147657906254,8.93276112885769,23.6958882064746,21.3724272188877
35.0515463917526,7.64752067102913,11.6250845706311,20.3728685045478,18.7418954572319
36.0824742268041,9.98051390114211,12.2993637669367,17.8422928269215,15.3371031810282
37.1134020618557,13.1086256050545,15.9712544597112,14.9178853447264,13.8082849443362
38.1443298969072,15.4343081825176,19.50475869623,12.204011589578,10.8141817780397
39.1752577319588,19.2795866776467,23.2093669907205,10.1076383463531,9.59457474209155
40.2061855670103,21.5320935885288,25.7354710605996,7.7864711843764,7.68710680749746
41.2371134020619,23.5784335379694,29.6759264576605,5.51422255006224,5.24227181683134
42.2680412371134,26.1920546478642,29.8171877432381,4.27662548852686,3.51575670497337
43.2989690721649,27.7069633110078,33.0863005396237,3.12651461010495,1.53602774470691
44.3298969072165,31.7649054439369,33.3931590566254,1.96885771207954,0.716753051093448
45.360824742268,30.9102352359472,36.3492822986253,1.27341127107746,-0.117799777740778
46.3917525773196,34.146367466535,37.5232119626079,0.70506259924105,-1.11559631493278
47.4226804123711,35.4246402756633,36.1855251771285,-0.954584697503524,-0.885846397315719
48.4536082474227,38.0304971768264,38.382261664483,-0.791959625444875,-1.17568587426691
49.4845360824742,38.1871430276231,41.2801266883794,-2.22086832881169,-3.82302573472766
50.5154639175258,38.3776066042632,44.2276610821923,-2.62138856428209,-4.250273333366
51.5463917525773,39.7695088818387,40.7172876532993,-3.07423533106346,-4.02789268398338
52.5773195876289,40.6491070949978,40.0611251156662,-3.10457492802193,-5.34881547095396
53.6082474226804,38.6038244716237,42.180156798988,-4.05878748034648,-4.0186181766188
54.6391752577319,40.4040019354187,43.5853152842337,-4.13092143129496,-3.5247882731406
55.6701030927835,38.3541651300931,43.3986842933347,-3.56279260795451,-2.25724751497066
56.701030927835,38.6732703852824,39.4853617810451,-1.93471075332905,-2.76586766406713
57.7319587628866,36.2089364526057,37.0906619232868,-3.91646595876191,-2.4274635701839
58.7628865979381,34.3943487943228,37.2922985598067,-2.53193064566179,-3.91188604440572
59.7938144329897,31.9120655112687,34.4971815593732,-2.17266172660034,-4.25335428027327
60.8247422680412,30.9300761353189,32.7553340043344,-2.70012670311239,-4.08198987382759
61.8556701030928,29.3823621226454,31.8995127415255,-1.64288066494583,-3.36399828742475
62.8865979381443,26.9851965711211,29.0847633070891,-2.33527957880766,-2.06992814961436
63.9175257731959,23.7400055467315,28.6943754250036,-1.93949817137295,-2.52130151199497
64.9484536082474,21.0284967821206,24.312610771504,-2.50616448969914,-2.18911307511386
65.979381443299,18.9408661624635,21.779421677126,-1.93273594057861,-3.97351674728406
67.0103092783505,15.4996662117732,17.5165785168201,-2.41265673358866,-3.59470864138522
68.041237113402,14.6765374638608,15.4766141445304,-1.28432466633728,-4.1112003901139
69.0721649484536,8.20319626709872,14.236156370807,-1.88359125055838,-3.77316251898918
70.1030927835051,6.88755810031189,11.9699701285618,-2.38763895231717,-3.90792122841512
71.1340206185567,2.20228521101954,7.56088106983519,-2.2576127557346,-2.87114119810432
72.1649484536082,1.41179370284133,4.97006516168282,-1.78822240590203,-3.03388953788628
73.1958762886598,-2.79099816725162,-0.113632804656389,-2.23601361462765,-3.09115554519056
74.2268041237113,-4.15743768511968,-3.28801065882579,-2.00127218260827,-2.4113260107391
75.2577319587629,-7.91143278471644,-3.09968727082748,-1.90571473407214,-4.81398818441225
76.2886597938144,-9.23263586999617,-7.40174805236836,-1.62638995479411,-2.99402599771213
77.319587628866,-12.6026957881748,-10.4711815126296,-1.34701867572755,-3.20030078254826
78.3505154639175,-15.9453425226123,-13.6201710360115,-1.74666574951511,-3.10421980588738
79.3814432989691,-19.8191412778128,-16.4670591696636,-2.14049357981831,-2.31422928801479
80.4123711340206,-21.2412923925659,-21.1289731436323,-1.93296439596404,-2.26364004445046
81.4432989690722,-26.6486166086887,-23.6937468670045,-2.84769786238215,-2.56343561155063
82.4742268041237,-28.0957214485967,-26.5443269528431,-1.31914159608439,-1.54717533992237
83.5051546391752,-30.8947260592957,-30.1442219350997,-1.60466492054642,-1.13927589090209
84.5360824742268,-35.2303518594403,-33.3228776282149,-0.144940714193708,-0.945765116418972
85.5670103092783,-36.6942120741234,-39.0802191261263,0.462040971885247,-0.296632757948647
86.5979381443299,-41.9651674290184,-41.1795941883856,0.690157077227898,-0.312117114471172
87.6288659793814,-42.8713998701969,-40.9487909028831,1.5073048779362,-0.270905846880974
88.659793814433,-47.0334558916082,-48.7004776152442,1.80365816857784,-0.389689791806666
89.6907216494845,-50.4171016743544,-47.64641387822,1.95875097045651,-0.0441402484242861
90.7216494845361,-53.4010717063749,-50.6384748546024,1.31111626863486,0.11251112921776
91.7525773195876,-53.4272045830695,-54.1307041030289,2.13678697400738,0.950820384620249
92.7835051546392,-59.0053620308693,-54.3525536790352,2.7173429931988,2.32282015877661
93.8144329896907,-58.5041072880638,-56.879536256573,4.81289987444529,2.1276952638478
94.8453608247423,-61.641577174728,-57.6552163554982,4.39733733753033,3.74398336796855
95.8762886597938,-60.6757927169567,-58.9083626288422,5.93748384795646,3.8586256797839
96.9072164948454,-63.9146247673373,-60.7554345316414,6.4131107337044,4.63134074698139
97.9381443298969,-61.6480513419421,-62.8333464702309,6.51562585034521,5.26222934546373
98.9690721649484,-63.3943206255808,-63.1032498129276,5.47689600548399,5.64399416737112
