"Normalised.Time","Stroke_GateAngle_1_sim_junior_24","Bow_GateAngle_1_sim_junior_24","Stroke_GateForceX_1_sim_junior_24","Bow_GateForceX_1_sim_junior_24"
0,-56.6545136520838,-54.89445671222,4.32916561581962,4.79554887045029
1.02040816326531,-56.7030099119079,-56.2743037714483,4.79098543780388,4.668887004375
2.04081632653061,-57.7249047198059,-56.8164461329271,5.67262213573445,4.75538119432881
3.06122448979592,-56.3036408276407,-56.1237430173826,4.66430969586052,4.33013874779387
4.08163265306122,-52.3880995068012,-55.1899724969618,6.08844296280856,4.09082179364173
5.10204081632653,-51.1549625500991,-53.6145406453902,8.47046368689048,3.95148815660283
6.12244897959184,-50.1436657708796,-50.6024242284668,13.8760761507316,5.66656380746285
7.14285714285714,-48.5571532810594,-49.755288105409,18.7878636833054,8.8073580487863
8.16326530612245,-47.2859059597576,-48.5615509828082,19.5901427400655,12.6467581559426
9.18367346938776,-44.8589055381691,-48.2521874892932,19.4001837923031,14.6121389574748
10.2040816326531,-43.0087066094072,-44.0678303655572,20.5817659968252,15.4664752563504
11.2244897959184,-41.2200866728033,-45.8878859361701,20.0207297937766,16.3610557862644
12.2448979591837,-39.7618524860318,-40.7170242810319,20.4527533392514,16.1173178382989
13.265306122449,-39.3804227021606,-41.0679930667883,19.9015893332184,15.9069816517935
14.2857142857143,-33.0193545025425,-40.8787755070342,21.9282082403115,16.813611965013
15.3061224489796,-31.7367185044132,-37.1669802931422,23.568070416446,17.8860469718749
16.3265306122449,-28.5029041092855,-35.609341918721,24.7919614354816,18.9803764931981
17.3469387755102,-26.8880214152373,-34.3731415717534,26.2085975503483,18.7162951988397
18.3673469387755,-26.530325484949,-31.9472628244669,27.6187069575177,18.5115534046592
19.3877551020408,-23.7913401564114,-28.8817684223737,28.7271633740039,18.456604468685
20.4081632653061,-20.8138362159305,-27.3129983522924,28.8406210415629,18.9917961056641
21.4285714285714,-19.0141241281792,-23.910467460529,30.7767445773354,19.278947225372
22.4489795918367,-16.5217671655936,-21.9138207205138,29.485026342123,18.9215162578927
23.469387755102,-13.385947572995,-21.228238577925,28.6699937146265,18.9945033947781
24.4897959183673,-13.5947457079624,-18.8591985331134,29.7756662992602,18.460655834996
25.5102040816327,-9.04517422309693,-15.6636351079084,27.9931551211551,17.9604317365445
26.530612244898,-6.21914299870389,-13.2485118997891,26.8927077457743,17.5964819760773
27.5510204081633,-4.3367493163882,-9.80869019990362,25.1509390960751,16.5821699826184
28.5714285714286,-0.804662750338589,-8.90868834168669,23.1171707070018,16.2650311886125
29.5918367346939,1.44660594104494,-7.32552774300865,21.2440453631888,14.9095088711624
30.6122448979592,4.13250981883794,-2.43883903890405,18.5738031638755,13.4164537569233
31.6326530612245,4.91961835390816,0.717183100531543,16.5784355756882,13.065517566598
32.6530612244898,8.94959155628677,0.194485739045149,13.9969572832574,12.107378873636
33.6734693877551,12.0540688332265,3.80708794716815,12.3393900499387,10.8995096604205
34.6938775510204,13.601819171675,5.47524817234525,10.9446175703159,10.9297608687205
35.7142857142857,17.7784692930238,8.17950482863338,8.65641485990093,9.95700174588219
36.734693877551,19.07354330394,11.5530539445808,7.57164885581188,7.91882846483892
37.7551020408163,24.4839619951881,14.3882145759996,6.15995276054559,7.12678439283646
38.7755102040816,25.7370221748387,17.1315661515439,3.97484696850006,5.61294214735394
39.7959183673469,29.9110935919171,21.6552916705242,1.68094418763092,3.92771546967281
40.8163265306122,31.2725471875269,22.4916389811059,0.585694495447568,3.15150034215835
41.8367346938776,32.780381918236,25.0918080572828,1.04170982030071,2.13304777211308
42.8571428571429,34.7669228815837,27.2181353713844,-1.79888543774661,1.23001599472572
43.8775510204082,35.4955139339683,31.7545976830709,-0.750494697634653,-1.10303734331871
44.8979591836735,37.7615301198657,31.7046238408653,-1.2424412116497,-1.83790298862027
45.9183673469388,38.6771779178916,36.1992356998614,-1.360102086635,-2.94036696397401
46.9387755102041,42.3717758612068,33.8254234715398,-4.7161628945855,-2.39455775482522
47.9591836734694,39.4683781584901,34.6662571498405,-4.94205480797103,-1.54529162006338
48.9795918367347,42.6106587955568,36.3632810628326,-5.04851623594353,-2.3312887204853
50,42.6936599384383,38.0092401992608,-6.35221680830965,-4.08559345682861
51.0204081632653,44.5585895953508,41.9127214764661,-6.11220642722249,-5.20166409968438
52.0408163265306,43.4283020327852,42.9534207265603,-6.06132370233416,-4.82278365238544
53.0612244897959,44.4205346243183,46.3796591117023,-6.27377367799762,-3.50579838901112
54.0816326530612,43.7597814864177,46.4277591860993,-5.23095765187213,-6.13660545044598
55.1020408163265,44.6001091839877,49.9149474173721,-5.26756256862684,-4.69060158494894
56.1224489795918,41.1939557405258,50.6096859588591,-4.34895529713257,-6.40291989267789
57.1428571428571,41.7243810001227,46.8276816578241,-3.57101388021779,-5.39576331800318
58.1632653061224,38.8762293251157,43.4076900410463,-4.55502316451092,-6.66601773882109
59.1836734693878,35.6769225956194,41.8290876383938,-4.67515717697635,-6.99128363075169
60.2040816326531,36.2102700418823,39.1146312868808,-4.83725606261518,-6.95645505380108
61.2244897959184,30.7549842283829,40.6796865990282,-5.32964588156212,-6.04182324796888
62.2448979591837,31.1936478684125,38.086967596774,-4.87200807500809,-5.17020889334456
63.265306122449,27.6745875691689,36.4943216599843,-4.59719206705242,-4.40369543221427
64.2857142857143,27.9605453857669,32.8986401419494,-4.7874083015124,-5.81427073143505
65.3061224489796,24.8270330096194,31.6393032634341,-3.61955121604384,-5.32111609115739
66.3265306122449,20.3234138011314,28.8355836109849,-4.3257860130264,-5.15001078841029
67.3469387755102,17.4088252155195,26.045255119545,-4.10558162445959,-4.64568328525863
68.3673469387755,14.4543336117164,23.2305588338994,-4.62820951999173,-5.09631324407188
69.3877551020408,13.4230258895513,19.9680279261777,-4.35905912434272,-4.69269317656774
70.4081632653061,10.5979420568239,16.4774386169334,-4.15439196008193,-4.41538237361547
71.4285714285714,8.73146856098201,11.4046042426523,-4.36779802285107,-4.15167721689848
72.4489795918367,3.03768648171142,10.5433463866223,-4.48058264696308,-3.68059940814219
73.469387755102,2.30435075332023,7.57730420461634,-4.47813226606707,-4.52916251387811
74.4897959183673,-0.549216830424728,4.69495916819494,-3.9499147215735,-4.48255323027543
75.5102040816327,-3.12049245176966,-0.95488697836349,-4.14619159436967,-3.54784247737523
76.530612244898,-4.35923431959933,-0.568047623116196,-5.1293661971291,-4.3370649969591
77.5510204081633,-7.60312162788771,-4.35683372869932,-4.7267698766152,-3.31851134817541
78.5714285714286,-12.5136601880451,-6.93129662690263,-4.57972194640112,-3.39489929824796
79.5918367346939,-13.1571074127727,-12.2622202039587,-5.11581553087441,-3.57895288344526
80.6122448979592,-18.1850357859861,-13.8374537583786,-4.87638124498435,-2.96844548806423
81.6326530612245,-20.8128537328212,-17.2750998984531,-4.04284035889706,-3.41322644862394
82.6530612244898,-22.1415091308777,-20.1073429494951,-3.72051866746784,-3.83569508247057
83.6734693877551,-27.1715494669393,-23.982322875812,-3.94668744111047,-3.82238983307432
84.6938775510204,-29.3765939212325,-26.3633168909522,-3.83727485922593,-3.82518321974139
85.7142857142857,-31.4168214213366,-31.1007151144896,-3.42108968471401,-3.2594702203075
86.734693877551,-33.4150757057982,-32.5260885825566,-2.08919539528237,-3.57451497459427
87.7551020408163,-38.665822700621,-37.8956122268092,-1.92857906158006,-1.80914287584412
88.7755102040816,-41.7599411321244,-38.4947886861897,-0.946276995646463,-0.673250975987593
89.7959183673469,-45.6244677759115,-43.1931064025359,-1.13440910354345,0.709794646792054
90.8163265306122,-48.2561921143961,-44.9531226602884,0.337709818700059,0.0705662672326542
91.8367346938776,-52.2032012511121,-48.6153960261617,1.49885964051883,1.85002807170626
92.8571428571429,-50.0807050922607,-49.8040024183019,1.24770736267045,1.58334663016981
93.8775510204082,-52.3242194511308,-52.7022469860495,-0.0581430795057801,1.24654300607481
94.8979591836735,-53.7539493395539,-54.0405983973685,1.60735479695682,1.99852333077352
95.9183673469388,-54.8431431429321,-54.8468705531437,3.36278883570572,2.06511616041407
96.9387755102041,-55.0894870366092,-57.5332012713262,2.92114128572668,3.2808164557609
97.9591836734694,-54.4377699944182,-56.1732487612311,4.50613701220883,3.05205484393453
98.9795918367347,-55.1050738733514,-56.0043040272622,4.25551495786633,4.35269391250914
0,-58.775975659301,-54.109476844941,5.03137562961041,2.31966601838347
1.03092783505155,-58.6614711606113,-56.915633176082,5.75399205321201,2.08860057513243
2.06185567010309,-59.7266598397214,-55.5792922801614,5.47086453251842,1.32915221709629
3.09278350515464,-57.6580683082487,-52.7884271653892,6.00630282422585,1.94009851535273
4.12371134020619,-54.4188339265828,-54.1135335132369,8.77977249622294,4.18266310541763
5.15463917525773,-50.9655535231938,-52.3923725931716,12.8977828838097,5.22532657333912
6.18556701030928,-51.2588259500955,-47.6417410326343,18.4933409478108,7.17763051794843
7.21649484536082,-47.6537451107256,-44.1963958567819,23.4367948894457,11.613584119695
8.24742268041237,-45.9234410366445,-41.7782341717271,28.8161231060809,14.8442577386381
9.27835051546392,-44.1283951193896,-38.7924935674533,30.1825620757119,17.3440409015299
10.3092783505155,-43.2889747902162,-41.1658239853211,33.3842839697237,19.8066270906209
11.340206185567,-40.1437878238479,-37.0512092957384,35.6032602849515,22.0465725935283
12.3711340206186,-36.9023847713666,-35.1923714015466,36.0259150449518,23.9571518353413
13.4020618556701,-35.2512166635455,-33.6013603704372,36.4420467666153,27.3980535508208
14.4329896907216,-31.773730492701,-30.4840437570562,37.9906411726747,30.3680657603659
15.4639175257732,-29.8939956633822,-28.238387490859,38.777595180812,31.6831700707329
16.4948453608247,-28.3859638806775,-25.0734478812134,40.0386014414063,34.9038201971561
17.5257731958763,-26.3976080610198,-21.6644154424926,40.41505358137,36.2763923725576
18.5567010309278,-21.6904521313013,-20.8533092431592,39.9190715314293,38.3152114290137
19.5876288659794,-18.0653217726967,-16.4200246278772,39.9243833388887,39.0390345796479
20.6185567010309,-15.114382330629,-14.7599751519079,38.3054740469635,41.5479946871611
21.6494845360825,-13.7311798124126,-10.7664325069387,37.0709667764184,41.0058030557333
22.680412371134,-11.565642503163,-7.22743527924596,36.0335508138018,39.555120514374
23.7113402061856,-6.6474593722891,-3.81189090485996,33.5729712996003,37.9831374324874
24.7422680412371,-4.35148586146245,-0.634881871181879,31.2091076632555,34.4233467263195
25.7731958762887,-4.62488648087021,0.841869922803429,30.874025958689,32.1331520675753
26.8041237113402,-0.509830419344195,3.55242196893987,26.9509393057895,28.6694232910045
27.8350515463917,4.49673135075135,9.22605689173923,24.8478634676649,25.7835234846752
28.8659793814433,7.25061559883272,10.9815328578536,21.9938099630934,22.0664717553042
29.8969072164948,12.0784237966779,14.745851449518,21.0953234341339,18.8120639842763
30.9278350515464,13.4517258133791,19.3527545312731,18.6684088872001,16.0126224022781
31.9587628865979,18.4026369629934,22.5028438663833,16.2068894976049,11.7582872765377
32.9896907216495,21.466936576298,25.6706090487742,12.7331920205791,7.79341356384885
34.020618556701,25.2183450266726,28.9225716098471,8.52896084079995,4.09027897124789
35.0515463917526,26.2572585212139,32.0218269134391,5.2083765014012,1.98463857556545
36.0824742268041,29.8758009556658,33.2370637033352,2.34743100183427,-0.461400451319711
37.1134020618557,32.9759530420061,36.4802055151647,0.637544225594358,0.0770572124417956
38.1443298969072,33.6634103993773,40.1409477208663,-0.767268905848057,-0.453654679361396
39.1752577319588,37.9964931062849,39.526573047596,-2.00818505320746,-1.00478992012591
40.2061855670103,40.5316153027906,41.6587289361449,-2.74767140306404,-0.94969361962523
41.2371134020619,42.991455918845,46.0758305266804,-4.31373235260808,-3.28494695264049
42.2680412371134,42.3681531461284,49.5113025953145,-4.10138702853207,-2.61747560928759
43.2989690721649,48.5793660235966,50.2646453648942,-3.21713284090982,-2.81848035215065
44.3298969072165,47.6581536205932,49.6653258262921,-2.93123235070526,-4.99778774792771
45.360824742268,45.2779370648259,50.2385194611542,-2.64868325804532,-3.49140417776768
46.3917525773196,46.6977048786357,50.7819041397431,-3.14351980595164,-2.68361829359842
47.4226804123711,46.8206609915796,51.1536794565751,-3.35687124983591,-3.6725935948655
48.4536082474227,45.9156217127416,50.5272193142495,-2.83724570668944,-2.8045052336056
49.4845360824742,43.5553644874782,50.6311127508934,-3.07229507058465,-2.62400930772733
50.5154639175258,42.6191995402909,49.8194194221887,-2.7901113023558,-2.76375797728983
51.5463917525773,40.8909139310059,49.276596147558,-2.82439057249315,-2.63133427331322
52.5773195876289,40.3076810938934,46.1699538637706,-2.37794757040547,-2.20844799802176
53.6082474226804,39.1205548099432,45.1725832637217,-1.76535592678672,-2.63655404159949
54.6391752577319,34.9472686528862,44.4192233401753,-2.76226857734271,-1.57121334516228
55.6701030927835,34.0489325711078,44.4228540117284,-2.56622772030568,-3.01774449336853
56.701030927835,33.2145122635332,42.2185058011827,-2.78042482060582,-2.72971143564118
57.7319587628866,32.2713939942516,37.5859396197746,-2.99955698725651,-2.47818447468353
58.7628865979381,32.1862384944615,36.8578765076773,-3.32332745555151,-3.14218352157547
59.7938144329897,28.6075326204682,34.2772398043057,-3.87629025305503,-1.5310106791364
60.8247422680412,28.7301245367589,30.2310021309934,-3.25455519030523,-2.2852662538688
61.8556701030928,24.9911520108276,30.1022002764889,-3.02692075691739,-2.80029110814191
62.8865979381443,25.2847630750489,27.5367277863767,-2.25819607198713,-3.31542247892607
63.9175257731959,23.6002333334965,25.6920850445052,-2.21931125227655,-2.62932000987941
64.9484536082474,21.808725511829,24.0263986864029,-2.41678737973219,-2.39440255992289
65.979381443299,17.6098357420525,21.8098089684134,-2.34868987678273,-2.82711041121641
67.0103092783505,15.1122648415794,21.2901952469033,-1.96344278843866,-4.50134137788585
68.041237113402,14.2314584699326,17.8524177973087,-2.55947300689078,-2.44882652001268
69.0721649484536,11.9583368218794,16.1618210144925,-2.88137301599175,-3.2446009591729
70.1030927835051,8.5643091458826,13.5442871855405,-2.74130224148086,-3.50650028092955
71.1340206185567,7.9257433623504,11.2015215509244,-2.47004895236213,-4.08174427796428
72.1649484536082,5.40611428434006,8.06105919549255,-3.30767020594545,-3.99345026443601
73.1958762886598,2.75290411525898,7.19698601489774,-3.08066826730485,-1.9824613654852
74.2268041237113,0.317770445894187,5.3925538817808,-3.50787234772737,-2.82370982348847
75.2577319587629,0.634573188843805,1.4044963440912,-4.51154671528891,-2.40410157954044
76.2886597938144,-3.65822570700755,0.297514487753439,-3.87056223316948,-2.21627787431899
77.319587628866,-5.68638779019894,-1.93386543499278,-4.86093106573105,-2.35503340707557
78.3505154639175,-8.10559460630995,-4.67775085150572,-4.06025158667347,-2.84472820108484
79.3814432989691,-12.6947442825434,-9.38417900642208,-3.37630953765751,-2.68904678774021
80.4123711340206,-15.0526639379099,-12.5197896208659,-4.02392312807597,-2.32548951477176
81.4432989690722,-17.9489573535972,-14.1283995368281,-2.87565524282222,-2.19104570818998
82.4742268041237,-22.5810557402931,-16.9567295364543,-3.03091650291406,-2.29998343601065
83.5051546391752,-23.0610421883737,-20.6556222859052,-2.47217047626131,-1.6017302505219
84.5360824742268,-26.1068088798452,-23.3055597654505,-3.44281083638007,-2.22593554691185
85.5670103092783,-28.542311324025,-26.6694222060887,-2.39900398375838,-1.79453506710367
86.5979381443299,-32.7856608176038,-32.7532690175317,-1.24910117945374,-0.77605852016372
87.6288659793814,-33.2438259207542,-37.0828038134374,-1.28524709589306,-0.916774057151047
88.659793814433,-39.0145761378739,-42.5021067623634,-0.875653079040982,-0.387622600540684
89.6907216494845,-45.3587602407529,-46.5360665250516,-0.992658313437589,1.03550337061819
90.7216494845361,-48.0579124778487,-47.0755531471824,0.976895966233561,1.41791964817125
91.7525773195876,-49.6496323784998,-48.0600135271115,1.15740349682465,1.81107760818961
92.7835051546392,-50.8731701492098,-51.642206058893,2.03546155144251,0.10694269715384
93.8144329896907,-52.6469908084632,-54.9888004846731,1.08671385882006,2.26340216035508
94.8453608247423,-52.8785995236945,-55.5271667493243,1.57088318683924,1.5241150486066
95.8762886597938,-56.4095347601265,-56.6657694739108,2.79738979057653,2.01570072239167
96.9072164948454,-58.6350534182455,-58.362565370223,3.11726008907776,2.92946195281044
97.9381443298969,-58.8481733608646,-58.2136575434988,4.70075656630202,2.79029812235739
98.9690721649484,-60.1251263672566,-59.4002506298978,4.84626109698434,3.74406840694314
0,-48.363533088422,-55.3282090860108,4.50807324893604,5.73305041713767
1.03092783505155,-48.9026462417125,-54.0697247071468,4.32868959354656,4.56446380136686
2.06185567010309,-49.1811606070581,-54.0930076962184,3.08183126996575,3.85515100523869
3.09278350515464,-48.027573343439,-51.6070430156907,3.71261462288129,4.51542189105823
4.12371134020619,-44.5333063953523,-49.8356284758208,4.53295165352274,6.68503529262915
5.15463917525773,-42.6675630200943,-48.4916636079552,6.32961385917899,9.0859110090053
6.18556701030928,-39.3329805196234,-46.1427605241677,7.01610352740334,10.2303257317073
7.21649484536082,-38.5490029339288,-45.7271552296236,8.689099535099,14.50641653636
8.24742268041237,-35.7166173546584,-43.263638869769,12.1595192026515,17.2249600338798
9.27835051546392,-34.7204616785358,-40.5174245248116,12.3316410298534,18.1976587235119
10.3092783505155,-34.7058946548278,-38.4369123481884,14.5054393523566,21.1157062127852
11.340206185567,-32.7672873476374,-36.5243324171354,16.3662209535609,23.6794127901198
12.3711340206186,-27.648221500796,-34.6074050405789,18.2844132290294,26.8945198395708
13.4020618556701,-26.3927048277385,-31.4562711373228,19.6484228520304,30.4146727390493
14.4329896907216,-22.9869421733847,-31.2584531077584,22.2290908711435,34.1508293017309
15.4639175257732,-22.9791444038411,-27.7596564931191,24.7316754214189,37.5909249019404
16.4948453608247,-19.4496411850851,-25.5747117707532,27.3852289315624,39.1377244132336
17.5257731958763,-18.5855866932239,-22.6983539605571,29.4471484706536,41.282612296277
18.5567010309278,-15.2802308578969,-21.4813868952567,28.8887760098235,42.0710528081259
19.5876288659794,-13.1309175600708,-16.5628330019959,28.5681918836932,44.1826515906847
20.6185567010309,-12.3812661618154,-16.9268071225544,29.8918725694216,44.4251850731057
21.6494845360825,-7.53791895229612,-12.0473272977198,30.697501429656,46.0375556923434
22.680412371134,-6.52952841852441,-9.65262592336624,31.1300587313686,45.7917377141615
23.7113402061856,-3.22578125287045,-8.75586101953427,30.3352706094341,44.1394612738049
24.7422680412371,-2.4079677982985,-4.13627770409841,30.8504589532854,43.7887189033464
25.7731958762887,-0.0431563949262149,-1.28988951465585,31.2677073442993,42.8072225288486
26.8041237113402,3.17982289512184,2.48462471714181,31.0519777623911,40.1216486323109
27.8350515463917,5.3348062815142,6.76995814380894,29.6514617639076,37.9513652764144
28.8659793814433,9.92999856273996,6.97547170011496,29.6630067463444,35.037359192264
29.8969072164948,10.484588488966,9.55153392590064,27.9164651479343,32.1751272467011
30.9278350515464,13.8668485317451,14.0343374523793,25.8918256011426,29.4125615265262
31.9587628865979,16.8105531251841,17.5897181387489,25.1540221769652,25.8808809528215
32.9896907216495,19.8067678091539,20.9026632131674,24.1327822960548,22.842376182095
34.020618556701,21.5326230277397,22.3242525389198,23.4696832334996,20.0723327135669
35.0515463917526,26.716979215036,25.330819005685,22.1053316517661,18.1690379029803
36.0824742268041,28.6630001623471,31.787297933965,19.8250880119529,16.200926898336
37.1134020618557,32.1997866325119,29.7380302889394,17.4582185182608,15.5595129404949
38.1443298969072,32.8263394767689,33.2920810526024,15.4268093802555,12.5664868686935
39.1752577319588,36.5407284969764,37.2446460320946,12.3369872272211,11.7870199183836
40.2061855670103,38.9830181307841,40.1884921744034,8.84344060637825,9.28433891987741
41.2371134020619,41.0062585463534,42.2820732042587,6.79183003138877,8.29018629833671
42.2680412371134,42.7639805656792,42.245187670885,4.56062861833048,4.99165353173744
43.2989690721649,44.3165951933801,46.4558345873332,1.8290279955597,2.70753213207361
44.3298969072165,48.1371288218562,49.1671993686195,0.129318194618224,1.33406092524581
45.360824742268,51.8745836292964,49.7126780987977,-1.00464394958632,0.998980913667797
46.3917525773196,53.4484777346923,53.8738649039542,-2.4311194582825,-2.03017774407949
47.4226804123711,53.620249393828,53.3858818047234,-4.84387592421322,-1.43104085071928
48.4536082474227,55.387725244885,56.0834419831359,-4.62226028949452,-2.84176474233642
49.4845360824742,54.408594204651,55.3099248554512,-7.59658212617511,-4.17392078481418
50.5154639175258,52.6932833550585,55.906078693073,-6.46988811787136,-7.117536775872
51.5463917525773,52.1456033104296,53.7350513345793,-4.86312026350973,-6.95911181824291
52.5773195876289,49.7515555029564,52.0105109193939,-7.22024854355638,-6.26595214508082
53.6082474226804,46.6644359436576,49.6046724733011,-8.08081956517849,-6.48954220887011
54.6391752577319,44.5553877849184,48.8474700800901,-6.77075939475977,-4.4239506527482
55.6701030927835,42.6312454962541,50.3345882870948,-4.23822725454153,-4.36790495476542
56.701030927835,42.2808428216835,46.8489831221781,-5.34768158414479,-3.17932225361115
57.7319587628866,39.9211832360721,46.9803470377151,-4.37503640864516,-4.09488144612615
58.7628865979381,37.1919266826102,41.6584203707522,-3.55048036954447,-3.95441700216899
59.7938144329897,35.4318001904875,40.0896142707171,-3.76877686184481,-3.94867414586912
60.8247422680412,31.7640226214848,40.2452955374527,-2.49816259558478,-5.05736694473803
61.8556701030928,30.9255352447284,35.3333080094557,-2.6444296343577,-4.02354667268444
62.8865979381443,26.5531425133126,33.8501284917055,-3.47515301565383,-3.30665666743368
63.9175257731959,22.942640548999,29.0655468002853,-2.67369684979968,-4.17258975394622
64.9484536082474,21.4748286751724,27.7164648918684,-3.93798318828728,-5.04943188473261
65.979381443299,18.4295916360707,24.7635590837649,-3.24597974131713,-4.73339364200415
67.0103092783505,17.1726668602458,21.6905770028497,-2.92834600002829,-3.91519731965593
68.041237113402,13.8566877702307,19.2147480498698,-2.05235711334734,-2.71164361294107
69.0721649484536,9.69392925086521,15.191891281048,-1.84498126291657,-3.00716660748887
70.1030927835051,6.70776326271644,12.1262352146551,-2.83550820000503,-2.81133064002126
71.1340206185567,3.61410646712539,7.11265670437206,-2.56824753187495,-2.62532212485451
72.1649484536082,3.76656658300231,4.17789455475089,-0.87588674508017,-1.53215106651895
73.1958762886598,-0.383375524950817,2.07591595449969,-2.26853034084927,-1.3087877772499
74.2268041237113,-2.90279670658697,-2.32779046883123,-2.18857348084118,-0.311552956609664
75.2577319587629,-5.66148491400319,-6.70186462930285,-2.42206341736642,-0.73167128378046
76.2886597938144,-8.91159645377512,-8.40654061223437,-1.8899572810318,-1.46503697787261
77.319587628866,-9.69583158054665,-11.4818682621328,-0.95395230418203,0.00203204013286218
78.3505154639175,-12.2050598614273,-12.8977910355747,-1.775978836911,-1.19581443596541
79.3814432989691,-14.0357150130786,-15.242924520488,-1.61501335073547,-1.93671726780746
80.4123711340206,-14.9362937178348,-18.7654980837271,-2.73052182618353,-2.27592067205934
81.4432989690722,-17.8228861407534,-22.8651411784697,-2.46736727002534,-1.14400790931379
82.4742268041237,-21.1822276999687,-23.4681134502415,-3.29033706053241,-1.55315525078597
83.5051546391752,-22.1529371386654,-24.2704175704003,-1.71276812668715,-1.55245046230801
84.5360824742268,-25.1850511807043,-29.2932625708993,-2.34527951219152,-1.13582810584942
85.5670103092783,-26.7469749074448,-33.5437515374297,-1.74058784437522,-1.21061896582677
86.5979381443299,-30.0723102856612,-35.9757548133359,-1.11050154673231,-1.20299041134159
87.6288659793814,-34.0663976806318,-35.8580277730155,-1.6951387619693,-0.467637526422499
88.659793814433,-33.4794711399851,-40.4968030647364,-0.603472008239604,0.776785100299672
89.6907216494845,-36.1113335129729,-43.6352957580382,-0.77584014707104,1.1129222062252
90.7216494845361,-38.5094172828441,-46.9982295197673,-0.913804977961457,0.782048551915306
91.7525773195876,-40.0116172133864,-45.4834248159259,0.279406793121423,0.62442801070054
92.7835051546392,-42.5697812539614,-49.9373642298085,-0.0974705596719139,1.70818882658003
93.8144329896907,-47.0938552647557,-50.4216271548787,2.27063091848879,3.61340257546106
94.8453608247423,-48.0362949876394,-52.6636608299013,3.14275902679908,5.38526865458835
95.8762886597938,-48.3242109988162,-53.1783307505692,1.94656925980582,4.48398940446963
96.9072164948454,-50.1684554549731,-52.6202192182287,3.54404880989009,5.20652023135616
97.9381443298969,-49.648734938161,-56.234385107728,5.72452928945952,4.7367923297934
98.9690721649484,-50.3686914384967,-52.7549910739507,4.38288200677005,4.61552058816686
0,-65.1471680263338,-64.3683718831352,2.87899086355304,3.01163323915979
1.04166666666667,-66.3444898853351,-63.8901133004463,4.47102612773752,4.34975563464515
2.08333333333333,-64.3332630227779,-64.369357426586,4.53201644796259,4.19491213746547
3.125,-65.0281864291438,-61.4627495994099,6.19662208487638,3.75212745462923
4.16666666666667,-63.6817728676127,-62.4015308587828,8.25396594917045,4.54974751210976
5.20833333333333,-64.0089644553867,-58.7878272317854,12.0524504399469,6.61752653857935
6.25,-59.2306177364874,-59.1628610697274,16.9919365328129,10.330872063253
7.29166666666667,-57.6224134296496,-58.1722561514561,20.2081994728264,13.861084280536
8.33333333333333,-57.1432129097823,-55.0622115810969,23.3407017553,15.6869858076048
9.375,-54.9466105445332,-53.4752519306928,26.8851884177939,18.1975075816441
10.4166666666667,-52.5175866338623,-52.9702578159006,30.0210337946662,19.6668005018204
11.4583333333333,-50.3500827528861,-49.404139410943,31.8308823254041,21.4949244395981
12.5,-48.5552130690662,-49.2457684797087,34.3322568976613,23.8223547153303
13.5416666666667,-47.8411925911243,-47.2131738823477,34.9259733687418,25.234124146526
14.5833333333333,-46.7741043059865,-43.9296803828023,36.2442886429284,26.6519290654252
15.625,-43.1353774998035,-44.2144210972378,38.7007575636528,27.8789065006457
16.6666666666667,-42.688189571752,-41.3342190843766,40.0402862695284,31.3647455495699
17.7083333333333,-39.2856208253392,-41.5310856056469,41.6972262210927,31.4976101020392
18.75,-37.4183685460992,-38.8363010532356,43.4693639464832,33.2559301073069
19.7916666666667,-34.8979186664155,-34.0657016087643,44.5435452044716,34.1583759346435
20.8333333333333,-33.6282985140499,-33.9578139619217,44.4837906717442,35.099479876613
21.875,-31.6306446504403,-32.4459705219745,44.0092108312809,34.7078936468714
22.9166666666667,-30.7832451107625,-29.4689439359175,42.570716348511,34.9462293246286
23.9583333333333,-28.575891223482,-26.9362764703162,40.9161409756375,34.7872629999889
25,-25.573168511679,-25.9136671923818,38.9012640374994,35.3758560261918
26.0416666666667,-22.6087971705042,-22.070641212819,36.1299276504202,34.2340259926502
27.0833333333333,-21.4306333341642,-20.3644226297988,33.7088962078798,34.421535917168
28.125,-18.9730536990361,-17.9988835957788,31.0176064360621,33.2617836794614
29.1666666666667,-14.4222216084499,-17.129482578119,29.1529655472475,30.676140417397
30.2083333333333,-14.021257346835,-11.2237360012257,27.5197248840425,28.8585552036916
31.25,-8.16566843323774,-11.3795016050962,24.8380774144267,27.4770849327252
32.2916666666667,-9.02312502715457,-6.53245011566607,23.1058506668711,26.3095633848713
33.3333333333333,-5.54429476589644,-4.64163942055004,20.8330447801325,24.8232139690659
34.375,-3.89250749826485,-2.27197887055034,18.2229516645379,21.9328699128086
35.4166666666667,0.439592268190409,0.910058779246737,16.304639376161,19.9389088396959
36.4583333333333,3.43391887724141,6.20688783593204,13.7237583840603,16.9189090645935
37.5,7.11886643025404,6.99945036003898,11.1244134620212,14.7329262926571
38.5416666666667,6.85854404227399,9.99867578681846,8.98663298279023,12.7588904284742
39.5833333333333,10.0660723237814,13.2146973708822,5.69142171894518,9.73629198116112
40.625,13.0408762425563,16.5643758862761,2.69343169615982,6.76229512186564
41.6666666666667,16.2150347549861,20.2227869787203,1.20663423619361,3.61326963756792
42.7083333333333,18.0998171693422,21.2719877523564,-0.188373927723064,0.572874173135193
43.75,20.4346728222716,23.8339432531285,-1.43057699476744,-1.21661171215046
44.7916666666667,18.8768515507659,25.1087852647477,-0.667755670646846,-2.45220751998338
45.8333333333333,24.3004011155527,25.9204588100002,-2.17426184264557,-2.21990176664576
46.875,22.9991520984202,28.7057489269294,-3.81329618552913,-3.73434964914864
47.9166666666667,27.7227585827045,29.7495969020473,-3.70624971438321,-5.05419957128645
48.9583333333333,28.5192767093145,32.629880642223,-5.50434011495909,-5.33152453378983
50,28.0402379307688,32.4811538683543,-6.39042293310002,-4.61737440542309
51.0416666666667,33.451648659064,34.0484666436561,-5.94928911164265,-6.31613600752134
52.0833333333333,30.3130326095937,32.6231037147487,-6.65341301279658,-6.61562397138255
53.125,33.4874358458552,35.9026541339517,-5.89775405364111,-6.8252179923022
54.1666666666667,33.7466162410915,33.6602383323796,-6.19758293708571,-6.08143405389477
55.2083333333333,31.6189799731552,32.4586926605417,-6.47933687071369,-6.23292388562962
56.25,32.4959583196005,33.2095536937043,-5.65411992405828,-6.51344945249122
57.2916666666667,31.224536556511,33.1932064057294,-5.13287868060308,-5.96089262730363
58.3333333333333,26.2211328703256,29.5794723585924,-5.15140742017706,-6.93223544081779
59.375,25.7369380875485,29.8364116219396,-4.84226100027569,-6.38288761635812
60.4166666666667,23.8867358414992,27.5891102391407,-4.77709259733556,-5.47144336312318
61.4583333333333,20.9347401406688,27.2778339655677,-4.03658920553752,-5.62970545649057
62.5,17.4719045729564,23.4169635573237,-4.09109277729217,-6.03002324245538
63.5416666666667,15.6960933235541,22.6319697598654,-3.79802793458052,-5.59621011047427
64.5833333333333,13.904762139564,20.4461301362732,-3.7622881438831,-5.11797805945853
65.625,10.9909745578543,17.1855659859274,-4.14824551746842,-4.92113067222479
66.6666666666667,9.313537760112,14.3325527972171,-3.85504528092915,-4.39264653219327
67.7083333333333,6.13483278446928,11.1202982941593,-4.58087604297442,-5.16564688886476
68.75,2.86575432446657,8.22863866616875,-4.34520841189945,-5.1065411017427
69.7916666666667,1.35247532475345,5.50645389612335,-3.93960556114035,-4.31609415254366
70.8333333333333,-1.51465795648558,6.07834023774311,-5.04385366828743,-4.86121157072715
71.875,-4.6957037480373,-1.13362876901258,-4.03343265905431,-4.68988967837725
72.9166666666667,-7.96952407060794,-3.4680199125585,-3.64670394162838,-4.86993519946453
73.9583333333333,-10.4198209116796,-5.62412416523873,-4.28326440594122,-4.70606212724821
75,-14.6256090358212,-9.47656008156238,-4.57002017593181,-3.75287726876381
76.0416666666667,-17.6684456404768,-11.0888617593955,-3.74966042005775,-3.46889671982266
77.0833333333333,-21.4519142773183,-15.6450234788043,-4.7920898410203,-3.95385518707598
78.125,-25.836210877087,-21.7908524481907,-3.03548077098521,-3.35642172055608
79.1666666666667,-27.4280816290265,-23.0618840956756,-4.20460434683983,-4.08012623754774
80.2083333333333,-29.6997015178352,-26.118020843047,-3.56623836446042,-3.94786425077405
81.25,-31.9693519657775,-30.8288462566121,-3.70808976367903,-4.09795346442291
82.2916666666667,-37.0253799664293,-33.0648696544859,-4.36443156426778,-3.50332410588669
83.3333333333333,-40.067326676248,-36.8025484049251,-3.31447253854456,-3.14999087738604
84.375,-42.2645962462542,-38.6111669766387,-2.55846528462844,-1.93639183843997
85.4166666666667,-46.2941688625083,-42.3298263441853,-1.75738719425084,-1.82796004165938
86.4583333333333,-48.4407816695969,-45.2657019848833,-2.4753031342941,-0.802855396579993
87.5,-50.5980538083192,-48.7928891486144,-0.743316572193697,-0.51976418947479
88.5416666666667,-54.5103928119442,-49.0940572286551,-0.489793268369325,-0.751113474154152
89.5833333333333,-54.0959777138576,-55.2639386777465,-0.556556470543945,-0.163683884405935
90.625,-57.2665095233488,-56.8750759989115,-0.148241610085268,-0.305623840575123
91.6666666666667,-60.1409066918467,-57.6659675695503,0.0820152274300624,2.02475210765008
92.7083333333333,-59.4533665786044,-59.5235109451556,0.591699612213431,1.32056338847262
93.75,-62.6294250362249,-58.9385764991246,1.81002460629733,3.26618180075941
94.7916666666667,-62.616680558822,-59.0062622902555,2.21627035381849,2.62059109321139
95.8333333333333,-65.4441524580981,-60.5396549961042,3.60040145309772,3.00864857971711
96.875,-65.2379934638654,-62.6380252047411,3.73520152769164,2.25977888847557
97.9166666666667,-66.5144090310546,-66.1279815683171,3.20719883560503,3.6056563443393
98.9583333333333,-68.5982391280822,-63.1728985824656,3.59626033467116,2.6117968864754
0,-47.5246725256561,-55.3233530900909,6.58101018479922,5.13526157954199
1.03092783505155,-47.5053848020006,-55.6913604197736,8.3540599563696,4.83875445573647
2.06185567010309,-45.8463080706388,-54.2592285701934,7.53387615096706,6.3215231041982
3.09278350515464,-45.7895244926792,-55.6409917397406,10.2412985259771,6.63140616170521
4.12371134020619,-44.3718278452809,-51.1516608170856,15.2411405694057,9.53939067754148
5.15463917525773,-42.2720279480615,-49.3285944911213,20.2608752999716,13.337142418979
6.18556701030928,-40.4730016333162,-47.7379002620681,26.569575890928,18.1941652065273
7.21649484536082,-39.5225132321733,-47.7995443127922,30.652631842438,23.9994692212638
8.24742268041237,-35.5432914564817,-44.5818916971766,34.7122863425639,26.1792084588691
9.27835051546392,-34.2426871452849,-41.1839970709631,38.2484833035775,30.3532983782667
10.3092783505155,-34.8837316501926,-39.978729330296,39.6858554009793,32.7003049596858
11.340206185567,-32.0690766105765,-36.2897419876011,41.9274772043219,35.9569381509489
12.3711340206186,-29.5802177780759,-35.1731507754365,42.8170123195538,36.0395250701233
13.4020618556701,-26.0756285502276,-34.1990219865012,45.4191660215406,37.5115142137099
14.4329896907216,-24.1627669570503,-33.828764267991,44.5934645094772,36.7451811880537
15.4639175257732,-20.480946263625,-29.9123101440873,45.8251896783353,37.3546078508079
16.4948453608247,-20.2962909121136,-27.2360243973789,46.0908651300365,37.8380195245304
17.5257731958763,-16.6500012599994,-24.0639788626694,45.2709340273467,36.6426437695079
18.5567010309278,-12.839731109379,-20.1728424285137,45.9035141990619,37.0520867425081
19.5876288659794,-10.6654596616524,-17.4136822059989,45.9371097347605,35.3012492337491
20.6185567010309,-5.34391598055164,-15.8984058476364,45.1170583116645,34.6943942271905
21.6494845360825,-3.81047711783276,-13.2524851362983,43.1662101689448,32.6809875040358
22.680412371134,0.403983983650833,-9.00518730147697,39.3578043162997,31.2768077439928
23.7113402061856,2.42085436403977,-6.43893302532769,35.8351031981417,26.8285394056681
24.7422680412371,5.09320523852849,-4.96296530220262,29.9719233290536,23.1586897724075
25.7731958762887,6.3995806608164,-3.16531701889679,25.4047285887408,18.3070684395378
26.8041237113402,9.71160578596327,1.85915461439123,20.5860712627724,14.4243278529208
27.8350515463917,15.0938761098941,3.9153026823696,16.5525630341386,13.9921182305893
28.8659793814433,14.173373487986,7.16203095942033,14.1781566889413,12.941038546521
29.8969072164948,16.2069683448992,11.925212004739,12.2458309380734,11.1890535922862
30.9278350515464,22.2187387632154,15.1794978395362,10.7722536711934,10.7681852134655
31.9587628865979,23.7798315194955,19.0152792513594,10.614932705991,9.60477350516689
32.9896907216495,24.289232743993,23.2226088405728,9.63896724900206,9.16042921151097
34.020618556701,27.9190793630035,24.5119069581086,7.42374528967012,7.9313224163353
35.0515463917526,31.958432316336,26.4113840824106,7.06487521499592,7.26603496994558
36.0824742268041,33.059452295872,30.093169405578,4.95633327267366,6.38479556042555
37.1134020618557,35.818410116244,32.7486436807539,3.54267198459885,3.58789783834199
38.1443298969072,39.7996782489768,34.6435990102853,0.214659603667533,1.20713034807036
39.1752577319588,39.5660177393292,34.5142615180009,0.472979715105524,-0.459259264530939
40.2061855670103,43.9458948499258,36.9817241136778,-1.39813828206596,-1.37441252958341
41.2371134020619,45.2950126078206,37.1298163600029,-3.86879340988341,-1.91317766723843
42.2680412371134,44.5199068332909,39.5387762732262,-4.1643945388226,-3.58455882203052
43.2989690721649,43.5005333761194,40.78904934342,-3.3366196174241,-3.7790604039827
44.3298969072165,45.0341694487194,44.1319547781193,-5.16837962178634,-4.81578946516314
45.360824742268,47.1519837953107,43.9973033753455,-3.72578854323875,-4.16276434836311
46.3917525773196,44.9923089529371,46.9616279315663,-2.55779946294079,-3.53380143501184
47.4226804123711,45.869358523121,46.8615825860925,-2.92879477785666,-4.05365364283297
48.4536082474227,46.477759468912,46.3204568286414,-3.45782115073914,-4.58027212844742
49.4845360824742,45.552867631963,47.9378292806643,-2.59466054001656,-3.17871510352278
50.5154639175258,45.4892927567302,45.9240530651767,-3.6516289367642,-2.46897592471788
51.5463917525773,47.0302640942183,45.2869792924196,-2.67844502230612,-2.63166006329481
52.5773195876289,44.5659075913286,46.015243879244,-3.55800396803355,-2.73027352460911
53.6082474226804,43.0811147814423,47.8687160528097,-3.69816920244224,-3.16149244847175
54.6391752577319,41.3800840404871,45.3757831922468,-1.63325506823525,-3.62465417089489
55.6701030927835,38.3483987701216,43.8259628310229,-2.74343838577855,-2.62186706150706
56.701030927835,36.7767962838852,44.4875745646732,-3.43087620862856,-2.89263743785796
57.7319587628866,35.7986976237236,41.3993749898465,-3.56454173528773,-2.44714491774878
58.7628865979381,31.9714745201293,39.4833654791778,-2.6869920605408,-3.02162505457767
59.7938144329897,33.3406904958914,35.4315538809531,-1.99708520810433,-3.30663416641934
60.8247422680412,29.7338875924795,31.6262191281943,-2.17547119317235,-3.50791105744699
61.8556701030928,27.8763858367161,30.5575115146737,-2.13112670603858,-4.54941438516933
62.8865979381443,23.4787069327732,27.9403847522802,-2.80652081425957,-1.97667651496847
63.9175257731959,22.5070137961907,26.4408471080057,-3.58824142432374,-2.5543875608616
64.9484536082474,18.1857013067808,23.0092295142791,-4.53089030760968,-2.86072641798534
65.979381443299,17.5779982118683,20.7964131956344,-1.48722479458894,-1.79768583985484
67.0103092783505,15.7960450422881,18.5447252986486,-2.16738906766285,-1.83600249763504
68.041237113402,14.9429187857801,18.073640966503,-1.83094561257646,-2.80234084046419
69.0721649484536,10.5257483067794,12.5690407624335,-1.53273527406592,-2.09435660671443
70.1030927835051,9.79438202891338,8.87965599458,-2.47763093645297,-2.52215736877909
71.1340206185567,7.029376602224,8.2509335631237,-2.88784679075061,-1.48847195780993
72.1649484536082,4.2710820622164,5.49718957731676,-3.07172707252506,-2.72121760153125
73.1958762886598,5.14959565825328,2.11599178726056,-4.01744556210267,-1.77233233905644
74.2268041237113,2.38558767839556,1.35786661181832,-3.29175951810248,-2.40175735621297
75.2577319587629,-0.803771560949169,0.924635987438105,-2.26805565440881,-2.93393560001475
76.2886597938144,-1.93495992091834,-3.63947795793884,-2.56815170707013,-2.18686251252899
77.319587628866,-3.98864723793195,-6.02765736164427,-2.1624189447501,-1.54701615642983
78.3505154639175,-6.27025931595626,-9.34049981697543,-1.90172794431014,-2.14603833612623
79.3814432989691,-8.64910385232253,-11.2533365619276,-2.78044502822365,-2.60590815721339
80.4123711340206,-10.1130016741275,-13.9002263855034,-3.49823522919388,-1.99980112405089
81.4432989690722,-13.2466729858868,-18.9066277390947,-2.9760983560675,-2.70266073803621
82.4742268041237,-14.0453494007967,-17.5274471760941,-2.90520313800244,-3.57306473909183
83.5051546391752,-14.7972573662343,-19.0387628738602,-1.95514367474647,-3.27802855609176
84.5360824742268,-19.0733785037802,-19.4732944789931,-1.98181718420434,-3.14478824692304
85.5670103092783,-22.4305545229685,-20.8346946769931,-1.73831446675995,-2.3838584081599
86.5979381443299,-25.050771932346,-22.0502164036066,-1.95062420113056,-2.53399348354773
87.6288659793814,-28.5051433448555,-25.8965999258004,-1.13221936341759,-1.37284109623314
88.659793814433,-29.6493468741198,-31.9503034771769,-0.950735071826475,-1.12058662114388
89.6907216494845,-34.0948437359859,-39.0428114634798,-0.589064035897667,-1.26897588468331
90.7216494845361,-38.4657735823458,-44.8644231127775,0.445360782625503,0.687129585863606
91.7525773195876,-39.9810371473423,-48.3019261060923,0.520428178142358,3.40462918313827
92.7835051546392,-41.8899686599709,-51.1405172711832,1.01660449577457,1.4696672822398
93.8144329896907,-44.1262192321413,-50.1176439204521,2.02320253042798,1.38281836156223
94.8453608247423,-43.6770751674285,-52.4902659986273,1.40638008058055,1.03260513045464
95.8762886597938,-44.2514534247167,-52.6796863504782,4.18257331878855,2.84333793691266
96.9072164948454,-49.0857905146371,-57.1754593434285,5.13415684584405,2.95574837057202
97.9381443298969,-48.0329608670087,-55.053938921146,5.28583224945312,2.81940135882946
98.9690721649484,-47.5673910740718,-57.7435849997488,7.14495204109747,4.23533941615452
0,-50.3899778837771,-58.029279466546,5.74468752882811,5.97905484248848
1.03092783505155,-51.3541609976496,-58.0001927805485,5.28216878485812,6.34834349338377
2.06185567010309,-51.2846382723866,-59.0854310595137,6.51972700700788,7.21265048192838
3.09278350515464,-51.8274938460606,-57.4939106197062,5.19375242807535,6.78280388459698
4.12371134020619,-49.814462963737,-54.8114794454419,6.50518973199819,8.86857384316476
5.15463917525773,-49.8539577231111,-52.8478855227601,10.3034644995419,13.8423928645736
6.18556701030928,-48.5898544875872,-50.6978542510264,13.2339373961333,15.6168535636274
7.21649484536082,-46.0459763757473,-47.8967334658012,16.4534717006075,19.1729623248058
8.24742268041237,-43.3939429312187,-47.6498202718893,19.0793342197814,20.1261782214599
9.27835051546392,-41.9356132043308,-46.1876039265161,23.4906734807151,21.3903265015109
10.3092783505155,-40.6570231902024,-43.7269569730156,24.9038863238788,22.6963802312397
11.340206185567,-38.251143959224,-41.5644305783095,27.3769662439903,24.7095517367933
12.3711340206186,-37.4373241819466,-38.7150344890919,28.0884465409185,25.374850990877
13.4020618556701,-36.2533906180732,-39.8079208406298,29.3228611824014,26.5547638528802
14.4329896907216,-31.087921459599,-35.5186735832999,29.9994631376559,27.8605986433716
15.4639175257732,-31.6328111697431,-32.5583554989064,31.767912036073,30.185339211367
16.4948453608247,-27.0670157784926,-32.0580259770087,31.5969007953479,31.6805603436717
17.5257731958763,-24.537817152806,-28.9182116686738,34.0879618806429,31.9869035667161
18.5567010309278,-25.345740802819,-27.3984607895649,33.8947495730845,32.0613600888153
19.5876288659794,-22.6654254183177,-23.9316965771189,34.4514330567653,31.9935172964711
20.6185567010309,-18.0081210064437,-24.1260064321339,35.2714434078413,33.1400305591401
21.6494845360825,-18.1193580957999,-19.8129168563138,35.5377086975625,34.2177006556866
22.680412371134,-15.78916657619,-17.7342846234021,35.6081459386804,35.7548725186962
23.7113402061856,-12.8904437743907,-16.0432736238635,35.7290855750633,35.1967423618608
24.7422680412371,-10.586710516495,-12.8655741549969,35.8907341907673,36.9582812073998
25.7731958762887,-7.79893947007636,-10.5364246065892,34.2500788611854,37.8887433579577
26.8041237113402,-6.57720589222658,-6.37683344550439,32.6994122441811,35.6002721167585
27.8350515463917,-5.1728188398912,-4.06752772700017,30.2927262688767,33.7888296237554
28.8659793814433,-2.00989046523591,-1.04852939586671,28.627853600561,30.7014355722912
29.8969072164948,0.531602845900202,1.81758831999278,25.5861146468999,27.4958411317949
30.9278350515464,4.6191628919353,4.15265480040273,22.4091379495593,24.9178139100756
31.9587628865979,7.30995658593099,7.67281301151603,18.1184306997328,22.7705567999851
32.9896907216495,7.9427882149486,13.185235883122,16.7456621325655,20.7138523174342
34.020618556701,10.9264799074014,13.0464267894623,16.4239942662296,19.4108197080555
35.0515463917526,12.58095951773,18.0415516195294,15.4832521382179,16.9171741647676
36.0824742268041,17.119550382418,20.2448694651726,14.4604817568984,15.3465808992791
37.1134020618557,20.1660352349552,22.9725294832066,13.3220640483965,12.488584865312
38.1443298969072,23.0741607358252,26.3679934348882,11.3469460598938,10.0884337484335
39.1752577319588,26.0994748640989,28.137088299288,10.8661113604511,10.4975354926952
40.2061855670103,29.177362161744,30.7069842688212,9.61210693107051,9.46086556350051
41.2371134020619,30.2800296910679,32.3978920930832,9.02632046869723,7.37096078547582
42.2680412371134,32.5646283536659,35.8212842407697,7.5769585192252,4.75036329129011
43.2989690721649,35.2961641524785,39.450160487765,5.40281380672146,3.38992483748272
44.3298969072165,38.3865056191105,40.7411968444175,4.36709298163928,2.16875633185974
45.360824742268,40.1839580049297,42.638669510132,3.1880477561268,1.84097815206192
46.3917525773196,40.1043042487324,41.7434333023719,1.41572270715331,-0.00217983696986312
47.4226804123711,43.6850519336249,43.4053647679717,-0.727966968105087,-1.21656460619237
48.4536082474227,46.7578627234487,45.3216417787086,-0.591043672530775,-0.665785482533406
49.4845360824742,48.5878410852007,45.4631608627856,-1.33588737930849,-0.506050208801454
50.5154639175258,48.7839720570799,48.757326884414,-2.98596641990834,-1.5941993854007
51.5463917525773,52.5932747237038,50.3268215240762,-2.25675788889733,-2.57986835559151
52.5773195876289,52.7120836279342,52.2002058338661,-2.32082216057841,-3.87499357122109
53.6082474226804,52.4199858911183,53.0666712614933,-4.25104630504002,-4.43722182510068
54.6391752577319,52.3339093457319,54.7994067610456,-3.63432580890211,-4.7397308554876
55.6701030927835,53.5353082840705,54.3461579985115,-3.12249065517376,-4.02700225084494
56.701030927835,52.8171402913102,57.0517412431704,-3.25858849862399,-3.33803066705871
57.7319587628866,51.1206754558735,54.6249014933481,-2.7789909412744,-4.06623412642258
58.7628865979381,49.3623733419039,51.1192442999877,-3.49806553696573,-3.52147488436629
59.7938144329897,48.0616534138035,50.5795182141167,-3.62242332317198,-4.53029725346447
60.8247422680412,45.9979702081213,47.839186033229,-3.94413992178656,-4.25261361210874
61.8556701030928,45.555073633038,44.8171732388618,-4.52670817862422,-4.77523572342311
62.8865979381443,42.2880160470596,43.0235427050673,-3.7307012421098,-3.74831469082611
63.9175257731959,40.5896370951063,42.7821920012316,-3.89935507769473,-4.06253907590696
64.9484536082474,37.4064958415173,39.3171331565123,-3.52157172763373,-3.84453675328222
65.979381443299,34.8683522059863,38.5068780431174,-4.48247955057342,-3.9312032184488
67.0103092783505,33.3290700401493,34.9072392553724,-4.61149078474377,-2.84962530159369
68.041237113402,27.4445410858711,31.3218795271147,-4.79084115967937,-3.07698782308598
69.0721649484536,27.9131144202917,29.7221634730516,-2.7370351249017,-4.14974758534474
70.1030927835051,24.1113225823124,25.4720587406765,-3.01257122763605,-3.5969148083654
71.1340206185567,22.1418700935969,21.6007839876106,-3.22894081571498,-3.0907466217818
72.1649484536082,17.1371517527619,18.9139286284197,-3.85061361103389,-2.72694140052705
73.1958762886598,14.9664809579003,16.4242031829463,-3.06159296409557,-3.41388471602222
74.2268041237113,11.5070141520486,10.6326756973022,-3.5115855766729,-3.10874786396323
75.2577319587629,7.41502578462957,9.01100286907013,-2.63148216427785,-3.49511487807003
76.2886597938144,7.82940290757872,6.14838400299857,-3.01960312286064,-2.92120096981647
77.319587628866,4.33809517722233,1.50795801507525,-2.34806414850783,-2.54526684731997
78.3505154639175,-0.967542126033212,-3.0821175698251,-2.97598826053886,-2.04350517777674
79.3814432989691,-4.18372726617357,-4.41864269232004,-2.34090226747672,-2.73906962142727
80.4123711340206,-7.86206737824298,-8.80654553088026,-1.48525935809941,-2.47743703007738
81.4432989690722,-9.2760870858115,-11.2403216097938,-2.71432245983514,-2.04607768583688
82.4742268041237,-11.6855494417554,-15.2468789614776,-2.12605683741155,-1.91777290864382
83.5051546391752,-15.6967043326885,-16.7545887147164,-2.00584727409619,-2.15324848550438
84.5360824742268,-18.9460529562457,-21.5660077999496,-2.47931792080673,-2.06149406261655
85.5670103092783,-19.9686652559423,-23.2924607374162,-1.46177463208267,-2.25310915172206
86.5979381443299,-24.1294567113044,-27.7849412768284,-1.14290312915553,-1.84218077809196
87.6288659793814,-26.9967063561525,-31.9256883262863,-0.472746034979718,-1.54156694044635
88.659793814433,-29.1104616179841,-34.2107439852104,0.516290320654812,-0.976969238071239
89.6907216494845,-34.8059694754476,-36.6752351294704,-0.488086554856022,-0.0177583789889726
90.7216494845361,-35.2644571382679,-42.4427958028367,-0.311655036088653,0.0396218046736124
91.7525773195876,-39.1735582742607,-44.7211569629837,0.682337763028287,0.716124192310274
92.7835051546392,-42.1873698127001,-46.1692313802018,1.39257769307575,2.17366612958593
93.8144329896907,-45.1622101619981,-49.3660199109544,2.82407420547394,3.96133907050821
94.8453608247423,-47.8795146820985,-50.4637005851687,2.96833482142012,3.85950555905015
95.8762886597938,-46.920731527378,-54.0451492226838,2.52084420528302,2.96073079859621
96.9072164948454,-49.3426905825547,-55.2910378395448,4.86015660055573,6.44147179357982
97.9381443298969,-49.9888506009131,-55.8525732603195,4.83027212946898,6.93674041647407
98.9690721649484,-51.0119839526436,-56.3092585324307,2.94660798981376,5.75051249269156
0,-56.645694484982,-56.6414726680149,4.94622525924622,3.89929239940009
1.02040816326531,-55.5153307334371,-55.5034009916147,3.72551331895672,4.57980617682106
2.04081632653061,-58.2025859327957,-55.1973111957243,5.31740841956992,3.60556846672515
3.06122448979592,-56.5375756077928,-55.9188212761493,5.31245690414814,5.04456611021102
4.08163265306122,-53.9298807980008,-55.4785046937767,5.48907855884946,4.04421215295862
5.10204081632653,-51.9346192149956,-54.6694909521189,9.2891614012765,3.42814519265942
6.12244897959184,-49.6240645834399,-50.4604833202442,13.9255438663638,5.62159593558098
7.14285714285714,-50.0482440798816,-51.0578919520541,18.0654083941153,9.28394013519701
8.16326530612245,-46.1396711696178,-48.0087658431794,18.6774997586808,12.6121591409224
9.18367346938776,-45.7695002131196,-46.9241338259137,19.9768217372511,14.2748482190645
10.2040816326531,-42.794335353855,-44.8549012480518,20.1551591244614,14.4056719039147
11.2244897959184,-42.4411376292371,-43.9085090901083,20.6856950459476,15.9018293797284
12.2448979591837,-36.5755107295672,-43.4700254762652,20.5543544503178,15.2397874227461
13.265306122449,-35.9184428051065,-41.4391963580428,20.5171899252091,15.3092463152643
14.2857142857143,-34.5163276533865,-37.972995486834,22.4909274793101,16.9845563179936
15.3061224489796,-34.2370871506407,-37.2918820797895,22.9142516479851,16.927179955058
16.3265306122449,-30.4640368727368,-35.7781101168827,25.7715236457566,18.8257324360758
17.3469387755102,-27.6931806875227,-34.4547362949992,26.5534321608739,18.8408548722744
18.3673469387755,-26.614854576565,-31.1066659514181,27.7181922721497,18.9508514342424
19.3877551020408,-23.9334298804385,-29.8621660114486,28.2104025032554,19.5743949589265
20.4081632653061,-21.6219059633764,-28.3206155776855,28.2250327123085,18.7539886939794
21.4285714285714,-17.4746982901952,-25.5823660451174,30.1755170662873,18.5099317018647
22.4489795918367,-15.2934598911461,-23.5138825424632,29.3844804939892,19.0049594165328
23.469387755102,-14.3470314507365,-19.9183789742081,29.9559153258753,18.5751045896552
24.4897959183673,-10.9487535132512,-18.0569503922058,28.8734667104708,18.6175527446696
25.5102040816327,-9.39773344318314,-17.5241502070337,27.5103680006157,17.7737637293196
26.530612244898,-6.03963812984049,-13.7704109380723,26.4934170164713,16.9331960472371
27.5510204081633,-4.16122488090377,-10.2739165393913,25.3234572170148,16.2887908646973
28.5714285714286,-1.72577023072638,-7.89599150976118,23.1959752029371,15.2935355485684
29.5918367346939,1.57258559802559,-6.9615835792444,20.200634990796,15.5026979802764
30.6122448979592,5.0028078827372,-2.77804905013602,17.7812805261208,14.4039731277156
31.6326530612245,6.76782394675546,-4.17213233222277,16.5429295664258,12.6452406066405
32.6530612244898,9.02912628369551,1.33466005515051,14.8236191913781,12.9218305675989
33.6734693877551,13.1314179512513,2.93378326885389,10.8894208256682,12.3899324722014
34.6938775510204,14.1227630487659,7.90812082772783,10.1722024589168,10.8664032555132
35.7142857142857,17.4626515020456,8.92082802862754,8.82199769513368,9.45445020301814
36.734693877551,19.8049544852044,11.8580912103978,8.08824310544484,8.84447315249746
37.7551020408163,21.9157151968499,14.7842386067152,6.28219657229472,7.6140337309705
38.7755102040816,26.5973102390218,18.0167619610836,4.52720980392864,5.84975256070604
39.7959183673469,27.8077229758669,21.6458084784217,2.32527286628472,3.79056945533205
40.8163265306122,30.7895920884783,23.2726827572299,2.52766405823555,2.88419745553888
41.8367346938776,32.3223148979499,24.0381827480591,0.677784874225782,1.53548149949153
42.8571428571429,36.831243070768,27.448638960597,-0.347941205812211,1.56460746694773
43.8775510204082,36.6472940804951,28.8050115044327,-0.904677305445813,-0.441216407287485
44.8979591836735,37.6002654758269,32.1691401250743,-2.28971519311797,-1.08438863322538
45.9183673469388,39.6942443751376,36.0872876283685,-3.25746107748768,-2.25823483209455
46.9387755102041,40.6320243017585,33.0854704583891,-4.92986496306746,-2.42658498201936
47.9591836734694,41.5188861705311,36.587405379669,-5.27693672225973,-2.28352472188724
48.9795918367347,42.2522730897987,37.2173266062303,-4.9965551291884,-2.97131870620976
50,42.7420619428351,40.0567967681801,-6.38039291937779,-4.41555565558771
51.0204081632653,44.3955483998141,42.9514454763617,-5.74712164270242,-5.22128472096472
52.0408163265306,44.1558634653943,44.2799299987177,-6.35682492896511,-4.33653175645713
53.0612244897959,44.5546944636458,45.9727232190695,-4.63047562239418,-3.93186296361175
54.0816326530612,44.9818760273442,46.8797148939306,-5.70748314103445,-6.53381605519804
55.1020408163265,43.9620182083803,47.6691966875638,-5.37127844935817,-5.38787355487603
56.1224489795918,43.0035964591703,46.3792688115631,-5.13111429955313,-5.26446089563188
57.1428571428571,40.3012692186624,45.8185605894776,-4.17653246912362,-5.15907965876421
58.1632653061224,39.3141069704209,43.1701460424133,-4.32414701887223,-6.2766015677748
59.1836734693878,36.2730019349432,40.4490700894387,-4.81654163782099,-5.85602863812999
60.2040816326531,34.8102236207706,41.0635612211168,-6.08549877959384,-7.0456001087926
61.2244897959184,32.9312108659552,38.9403338664672,-4.03794084085779,-5.83569183026026
62.2448979591837,29.7790959548021,38.9515373756282,-5.02339360938489,-5.71029536671684
63.265306122449,27.4464904305289,36.3642996005005,-4.84061903247753,-5.06032276345197
64.2857142857143,27.0322501371039,34.2211045020101,-5.44050362150209,-5.90409023682593
65.3061224489796,24.32198733733,29.5559544726098,-3.52515839036395,-5.36052253222459
66.3265306122449,19.0004109324639,29.0194515820091,-4.80575234221755,-5.30190783125794
67.3469387755102,16.8573066857732,26.4524105474742,-4.12059641973431,-5.10660686238708
68.3673469387755,16.2113635766352,22.7564820150023,-3.72092242746583,-4.90149725058424
69.3877551020408,12.6966101701793,20.5082365466448,-4.95626488471439,-4.45818268531018
70.4081632653061,10.0768898331391,16.5871072052018,-4.27757441247712,-4.06616234584062
71.4285714285714,9.2374434924499,12.4395662534792,-4.08421905410702,-4.10010973121885
72.4489795918367,6.24040379180929,11.085798446962,-4.09628726018549,-4.25037247590015
73.469387755102,1.5691816886069,6.21534729199403,-5.26823062164599,-4.90107360088366
74.4897959183673,-0.0546643617892527,5.76728874658688,-5.82848283363055,-4.43309669741423
75.5102040816327,-2.91226007658523,0.343500429792322,-5.38124700598696,-4.27547431314376
76.530612244898,-8.59383144011718,-2.12819796716584,-5.57988699752887,-3.3498850297731
77.5510204081633,-7.6495625297802,-6.14774360678532,-5.02539500295458,-2.73954981724625
78.5714285714286,-11.6128819726883,-7.81575690196678,-5.09035806827589,-4.13596533043698
79.5918367346939,-14.164529372292,-9.73276255596209,-5.1537061484592,-3.40376195946296
80.6122448979592,-17.7306354345564,-13.2548192013311,-4.51843687845378,-4.59423145638344
81.6326530612245,-22.0313074444683,-17.4627966620712,-5.17404915263932,-3.81745943356029
82.6530612244898,-23.3742895225534,-21.4849545709731,-3.63241182875418,-4.06278939656001
83.6734693877551,-26.8617071869208,-23.5684580887424,-4.23701829298799,-4.0487565109485
84.6938775510204,-30.5512733920471,-29.2934774959172,-4.79386050705026,-3.46914539546273
85.7142857142857,-32.7504004926528,-29.0735250790069,-2.48088162703017,-3.86611398022944
86.734693877551,-37.1965273741286,-34.2598270391143,-1.64881290149858,-3.96443343546089
87.7551020408163,-38.7954937197751,-36.0790944379603,-1.85341543735915,-1.78159660953261
88.7755102040816,-41.7423349113311,-39.033769533991,-0.931739447277322,-1.28676587707692
89.7959183673469,-45.1274904493307,-43.1897710817456,-1.11527496364246,-0.136945003080966
90.8163265306122,-47.5189088939277,-45.9058885524819,-0.158722380610508,0.674739390128552
91.8367346938776,-47.6414466162636,-48.6980130257274,0.767501245767141,1.21995528604911
92.8571428571429,-50.0245430188808,-50.7345257324115,1.34285422031017,0.805955660787717
93.8775510204082,-49.8140935377406,-52.207222553542,-0.49320352446901,1.0987207097783
94.8979591836735,-52.1805801649287,-53.8224540980293,3.05512161459545,2.06149148942587
95.9183673469388,-54.9278161654641,-53.9616759785923,3.70571918775643,1.96992469657829
96.9387755102041,-55.795937508137,-55.5269427825057,2.92802142260564,2.89095475153554
97.9591836734694,-55.5624000772323,-56.7642857777951,4.11649479698066,4.2168400376892
98.9795918367347,-58.9817171281537,-57.2416672564568,4.55665410945592,4.20832827830629
0,-56.809308392103,-53.9776886733822,3.51752463268296,4.2666689346279
1.02040816326531,-56.0091686704609,-56.0482147698825,4.06411892541355,5.22144171131359
2.04081632653061,-55.0528604891539,-53.4903379475131,3.43557115307248,5.07214582905706
3.06122448979592,-54.0742217040064,-52.8229256817899,3.72361512513483,5.5356270565249
4.08163265306122,-51.6967064015483,-52.2354270343186,3.99762235930018,4.97564930235006
5.10204081632653,-50.6457197233402,-48.7745923063883,3.7911043629704,5.15456459278155
6.12244897959184,-48.4154317851746,-47.1334082904683,7.59539106395369,7.60206595399885
7.14285714285714,-46.6800643852494,-42.8275867206285,9.73263430342581,10.4444515398189
8.16326530612245,-45.7002253232484,-42.789286608206,11.3806178231913,12.3700721214738
9.18367346938776,-42.6018832797774,-41.363926971343,15.1679609356226,15.2387376448047
10.2040816326531,-39.9550675832604,-39.9701706072651,17.2868133841796,15.3475616609698
11.2244897959184,-39.0940360020703,-41.4089214274192,19.4049981308056,17.7434656564293
12.2448979591837,-39.1809367264258,-38.0576390298918,20.6143201812273,19.1778476424842
13.265306122449,-36.1036934820848,-34.7436975796213,22.2655182570568,20.1820924811326
14.2857142857143,-32.2841233077593,-31.4622844709356,23.7719400772552,21.8403787296581
15.3061224489796,-31.6964850719766,-30.628139272733,24.3586423388038,22.3969099315902
16.3265306122449,-29.5358823402424,-29.4572840713833,24.9476368204196,23.1187837671647
17.3469387755102,-27.5407769909294,-27.1410353005174,26.0859471402173,25.1267888426906
18.3673469387755,-25.650977303726,-23.41265600849,26.9397437401102,25.9145701717977
19.3877551020408,-23.1396693185604,-22.0386370709499,26.6612207803843,26.3861676799663
20.4081632653061,-21.7849853571566,-19.7106309054274,26.758540116024,28.2226534689786
21.4285714285714,-20.1759445551101,-17.517147457489,26.7465337442756,28.3291538805201
22.4489795918367,-18.1440738910976,-14.619689270072,27.535488085336,29.343573131025
23.469387755102,-15.8330088969772,-12.9178230972052,26.4181770293787,29.7932342613238
24.4897959183673,-15.1291209960641,-10.5175225837873,27.4000963323912,29.7507932985122
25.5102040816327,-10.3847559645207,-3.82508922261805,26.6829863582708,29.1173232609512
26.530612244898,-6.689623476429,-5.7310255837928,26.4944371457873,28.1075777217073
27.5510204081633,-5.93986519031827,-3.08891953140246,25.8442063475927,26.961609454585
28.5714285714286,-2.27250534981582,1.96120475383649,26.5101636747569,24.8085643447321
29.5918367346939,0.971097515691912,2.87169661266437,25.5156962316636,23.9851351307783
30.6122448979592,2.27029209646838,5.49955215522552,23.1579482150065,22.1962458076387
31.6326530612245,6.38523143135085,7.88155464322096,21.8424310777442,20.8640829348968
32.6530612244898,8.92664521274572,13.313799632648,19.1907155332542,18.3729705103531
33.6734693877551,11.9869426361276,15.9441939550544,18.024249407909,14.7599069219689
34.6938775510204,15.1150598618964,16.4948034883697,14.9805651227474,13.0507728464955
35.7142857142857,20.256500202854,20.3659572947838,13.6254200173565,10.9068501310791
36.734693877551,21.1405938303736,22.8667298789812,11.6108892611932,9.44664510210974
37.7551020408163,23.0851055909554,27.3041419860842,10.0130432883051,7.18591777667707
38.7755102040816,24.8136248522191,28.8680149476619,7.78564788811018,5.04758599658477
39.7959183673469,29.2832699623658,31.487483637533,5.70505807234048,4.71061167576862
40.8163265306122,32.9856613961987,34.0619553804202,4.14428807707094,2.39262739450183
41.8367346938776,36.0786616145642,36.5590725816773,2.2133291373195,0.812829024260358
42.8571428571429,37.1872508122848,38.8885433361474,-0.0455425542765902,0.0487263578753398
43.8775510204082,37.0878327071374,40.1469521470977,0.0504072406678069,-0.514746589963033
44.8979591836735,39.9278031852906,41.9232581990188,-0.604801402584771,-1.26991764534806
45.9183673469388,44.0894747662361,42.310977952283,-0.839372037088022,-0.7854665357787
46.9387755102041,44.990555364741,43.0935756883924,-0.957869757203689,-0.904641769758402
47.9591836734694,45.9807064911961,43.3335962303476,-1.82002594142098,-1.41373637179243
48.9795918367347,46.8123046285735,45.4940956980597,-1.2854494086575,-4.48667708997168
50,45.0420031578507,46.8726723110156,-3.98929260471941,-4.86005356551731
51.0204081632653,46.2028564278843,46.3869537203008,-4.1288691085878,-5.36953043241733
52.0408163265306,47.2421827942186,50.551252766986,-6.72047797443357,-6.0973921915351
53.0612244897959,45.5683417943519,48.203905073453,-6.47827717003721,-5.6204586599524
54.0816326530612,48.6722649177037,48.4832650755775,-4.71751758553592,-6.04305884344681
55.1020408163265,46.0956241425181,48.3102371319813,-4.96059954309017,-4.25224915307812
56.1224489795918,45.7548538536749,51.6593965342778,-4.82776226822447,-4.04682458443824
57.1428571428571,45.4421103542265,47.9311835789669,-5.27120496625045,-4.16030846230723
58.1632653061224,43.5510251902263,46.7817675499621,-4.22598521342856,-4.17833019108687
59.1836734693878,40.3793335041971,47.4566244582997,-4.2378322359067,-3.65893354930384
60.2040816326531,40.314649191931,44.2828646434339,-4.5712312366909,-3.98252564513205
61.2244897959184,37.942356882033,43.4171002536697,-4.04382057921484,-4.61286931430679
62.2448979591837,34.9382392379529,40.404930253397,-3.94124568139052,-4.88175673595113
63.265306122449,33.5391852664509,38.2662375503562,-4.21968552971358,-3.73466848789894
64.2857142857143,32.2057952637456,35.8527452418502,-3.3322427679271,-5.27227629306434
65.3061224489796,27.8770159365545,33.4346429502638,-4.13861977696193,-4.84055174954485
66.3265306122449,25.884694286232,30.0655301541807,-4.1678150725368,-5.02240869036698
67.3469387755102,22.8716848982971,27.9225448927966,-3.99997337705804,-5.94678198060269
68.3673469387755,19.3258622534152,28.4783767874762,-3.00536209608705,-4.93147052773244
69.3877551020408,14.301100110473,22.3746940848521,-3.01382000989901,-5.00706221939472
70.4081632653061,13.4748358798816,22.1601234701388,-3.55182471025855,-4.37470095017796
71.4285714285714,8.02194394252066,16.8485124496941,-3.30764749579236,-4.61183495856388
72.4489795918367,7.5628025612276,13.1531242332975,-3.34498185896696,-4.03975674292275
73.469387755102,4.14092767299638,8.0716676055653,-2.99444743073246,-4.12373479555519
74.4897959183673,-0.550103129285165,8.44114824172043,-2.70363814167164,-3.36714628843765
75.5102040816327,-3.11382246739117,5.02506071704146,-3.06454357135985,-3.42855393156599
76.530612244898,-7.0987569308724,-0.337447791782994,-3.70121493888685,-3.46807187835796
77.5510204081633,-9.79805152620743,-2.20166312436916,-2.3463414920665,-2.49600819907457
78.5714285714286,-12.5147049372212,-7.32734176099344,-2.90152234654986,-2.65760290233621
79.5918367346939,-15.2222932148504,-8.87501541483957,-2.23730406771755,-2.28379247066401
80.6122448979592,-18.7791667221561,-14.9632718961214,-2.83986260485717,-1.78031988720202
81.6326530612245,-20.9496368470418,-17.8479570448745,-2.11094047375024,-2.52310882719206
82.6530612244898,-24.2567362891428,-18.5392366413222,-1.19878135248633,-1.43908753733513
83.6734693877551,-26.6965818676651,-25.1221739210737,-2.45639739670668,-1.58664996588056
84.6938775510204,-27.4386387311024,-28.0018889775322,-1.69656951331776,-0.65488482052509
85.7142857142857,-33.5284796697435,-30.6264695219309,-2.13120336557056,-0.907540318156155
86.734693877551,-35.6186855891102,-33.1294058122216,-1.87473465838852,-0.612468260516354
87.7551020408163,-36.1237167549984,-35.0033703868335,-0.987868683803498,-0.705754758019424
88.7755102040816,-38.6584316837468,-40.6099553879722,-0.8881714968095,-0.600060381297449
89.7959183673469,-41.454932313492,-42.3264442222182,0.630002549755021,-0.158651098025597
90.8163265306122,-43.8738442910013,-42.7960710336156,0.0670945059688264,-0.273693984120568
91.8367346938776,-47.6213425967317,-44.9060638046565,0.458166353638177,0.0834763507558869
92.8571428571429,-47.7487557991758,-49.3602025076511,0.130435671432867,0.552034801979452
93.8775510204082,-53.9391907031713,-50.3366135073707,1.45949604288971,1.14545707690334
94.8979591836735,-52.1233112513999,-50.438277502105,2.14742274827421,2.03444265342786
95.9183673469388,-55.4368923365442,-52.4599668252774,1.40749295572278,3.17719431923653
96.9387755102041,-53.7316434758614,-55.3112483840119,1.59873734532797,3.6857195001465
97.9591836734694,-57.468398810084,-54.6204946707852,2.73600615379568,3.83611942516839
98.9795918367347,-57.771913341475,-56.4511028322914,4.65240505055844,3.54667498840465
0,-57.0201865330572,-53.323036183019,5.95577132573457,4.68619240894923
1.03092783505155,-55.0812778382089,-55.3209167594591,5.19878800946956,3.21734458838359
2.06185567010309,-56.907218386164,-55.6865582399361,6.0943999808555,0.909024283188462
3.09278350515464,-55.6203943578815,-53.0583566286508,7.10939677683362,2.19082730369749
4.12371134020619,-53.9263779549094,-48.979529473797,6.25102389585539,3.89816455183963
5.15463917525773,-51.1798813758301,-48.5175622752268,8.47621541011061,7.59898954873544
6.18556701030928,-50.4713896034251,-46.6165759095846,12.4923808615379,11.446819975276
7.21649484536082,-47.3008753928002,-44.6764949322714,15.7266243491982,13.4548585287697
8.24742268041237,-45.9461859088711,-43.7967470842429,19.5451828115405,14.1182146405277
9.27835051546392,-47.0970437045309,-41.9332007473092,21.3507017744482,15.7915317551267
10.3092783505155,-44.8030918876653,-40.943915363441,21.4053032441153,16.1777493844814
11.340206185567,-42.2854339566756,-39.703942435948,21.1875452234715,17.322956996571
12.3711340206186,-39.5444001758499,-38.4136758029466,20.9469251148596,18.06283602439
13.4020618556701,-39.142870401485,-35.1486213137588,20.2950849326023,18.4704585998477
14.4329896907216,-36.6178464311548,-34.1736398034034,20.1545942443836,18.859388591183
15.4639175257732,-34.9162171677924,-33.3989974020317,20.949954154523,19.4433794785603
16.4948453608247,-33.5519951294873,-31.2137833498488,22.1419046482114,21.5133689634555
17.5257731958763,-31.064956443887,-28.0288612864652,23.2810598534314,22.1453489511197
18.5567010309278,-27.9393851021538,-25.9322221086658,23.4569243903027,23.4045456150914
19.5876288659794,-26.3211307342565,-24.2990667870785,24.6825693014186,24.067390409459
20.6185567010309,-25.4827566894511,-22.1653291781938,24.2703176881433,24.9608207282593
21.6494845360825,-21.5494800062989,-20.1837399929407,23.3478302864772,24.5332312503716
22.680412371134,-20.1556417541701,-18.5260785544284,23.8649568143575,24.7703969365222
23.7113402061856,-16.5456225723241,-15.3935278502235,24.2473631582025,24.034157933494
24.7422680412371,-15.3213322661461,-12.1296610718138,23.6767599968764,23.131440352037
25.7731958762887,-13.1404412995098,-10.2195517123595,22.5443231226238,23.4686067090688
26.8041237113402,-10.1579678004051,-5.96773240875789,22.0763319779216,22.844185160672
27.8350515463917,-10.8821563491438,-5.85546972205776,19.7557421556207,20.5058958255543
28.8659793814433,-4.86622985124836,-0.982050651469593,17.9105427852814,19.6712518504473
29.8969072164948,-5.7564961915473,-1.33508379253696,16.0385013631328,17.7129656525706
30.9278350515464,-1.12485542136211,-0.342769239657223,14.5687369114915,15.6855297497434
31.9587628865979,2.26050584893924,4.58562851519476,13.1356070048323,12.9310297256321
32.9896907216495,1.59387267507242,6.93027976076726,11.1898314840192,13.031972428529
34.020618556701,5.24495375147545,9.93344030821735,10.8707568755962,11.4581628092436
35.0515463917526,8.63260211951043,11.1346590675277,9.18270298148719,9.95802129241582
36.0824742268041,10.5986310892735,15.203882007465,8.5094775433581,8.73345211565453
37.1134020618557,14.9091112242768,18.1947402042413,7.34433980815494,7.98166682951221
38.1443298969072,15.6975324917547,18.3406601180915,6.50457595498472,6.56620960681731
39.1752577319588,19.436101624795,20.6454328858476,6.15349005942835,4.67027793261932
40.2061855670103,21.3604774347269,25.3771166634442,4.65819789369909,2.61975705151177
41.2371134020619,23.7458416987541,26.7182291077212,3.93932733800901,1.42445379449733
42.2680412371134,25.6532140440464,30.2052563739397,1.90398396778047,-0.105906402252215
43.2989690721649,29.4011566305361,32.7727608631886,1.34653173821847,-0.248955021758638
44.3298969072165,31.3759967387831,35.0019223385446,0.585505295792806,-0.471380753890609
45.360824742268,31.6261559588521,35.3428976997341,-1.55445693366247,-0.843259707000585
46.3917525773196,33.409410615119,36.1500327090116,-1.5202123132401,-1.87013222123329
47.4226804123711,33.8657559917499,37.9088038662985,-1.59987676483146,-1.4935274514661
48.4536082474227,35.4561360260115,38.5106677174351,-2.98797521221802,-2.16930697250253
49.4845360824742,38.2815772689146,39.9926774603718,-5.70492788493297,-2.23576050855581
50.5154639175258,40.0541089824399,41.0949280131298,-7.09996106195242,-5.52328113934921
51.5463917525773,40.8761592078165,40.7351314313748,-6.11050190235413,-5.83969048792674
52.5773195876289,43.2197724251085,45.8037495205715,-6.8440484106229,-5.26426130801636
53.6082474226804,41.8711617346618,44.4264950393137,-7.63960462525914,-3.85421199231885
54.6391752577319,43.3883966999602,45.6505226328176,-9.03618233698405,-7.59278365903691
55.6701030927835,42.7580434083116,44.7501668897968,-8.10801847408348,-9.26348370783383
56.701030927835,40.7584156876903,42.8214962810452,-7.05850962589671,-8.12700013053799
57.7319587628866,36.4162428344347,41.7295438941599,-6.92399457644444,-6.96075150840389
58.7628865979381,35.7417803782576,40.6655082323699,-6.80905560703247,-5.52057378864633
59.7938144329897,30.4116583364202,39.9150834833482,-5.88640558316211,-5.59150187177939
60.8247422680412,31.3574389323939,39.2634126094939,-5.20001948300387,-6.10630820716846
61.8556701030928,28.4757798553543,36.2958213412048,-3.80842356596767,-4.94300068393584
62.8865979381443,24.0352107417518,36.6042036701271,-4.24126072212334,-5.44428654182452
63.9175257731959,22.8703569740392,32.7162462191413,-5.03846090362508,-5.13535816755838
64.9484536082474,21.3390917949987,30.4488210125966,-4.37094300003145,-4.25184847930413
65.979381443299,19.7754052813359,27.6684147553578,-4.40099568823872,-5.10839705348587
67.0103092783505,15.3758356494732,27.9411233844884,-3.68090703849817,-4.88899144317354
68.041237113402,15.5266142963704,23.3108373944596,-3.65424913991278,-4.47039548711474
69.0721649484536,10.0613145355007,21.4511104135892,-3.69055491730438,-5.21385308277602
70.1030927835051,7.99508441903609,17.4619562340863,-3.94237506292702,-5.44498635477455
71.1340206185567,5.40762669405383,13.9470523726438,-3.63684112195361,-4.80382484523609
72.1649484536082,4.17446387805127,12.5115847313218,-4.38628908557322,-4.9773891775225
73.1958762886598,-0.774939001667105,7.76568415924199,-4.26852579692476,-4.5418671142772
74.2268041237113,-2.18546086088858,4.15511506387071,-4.84604254696137,-4.20628041778896
75.2577319587629,-3.01098231272769,2.24625888955696,-3.89308559396053,-3.95585286922981
76.2886597938144,-7.92434110114463,-1.6635944137224,-4.01927553541398,-4.1801895911184
77.319587628866,-12.3321719070542,-5.53099080601534,-4.98991129172488,-4.08845051505524
78.3505154639175,-12.9384605632716,-9.36831128522067,-3.6397193198031,-3.99495957973777
79.3814432989691,-16.3662012489216,-12.0337384537196,-4.96492753056812,-3.5676405530233
80.4123711340206,-17.9284553060103,-12.8298070602911,-3.97835695208103,-4.64030103981945
81.4432989690722,-20.8032732271417,-16.4265762780165,-5.07403924896994,-5.35815646941875
82.4742268041237,-22.8597560676438,-20.7241458363202,-4.39021823652999,-3.65408983294635
83.5051546391752,-26.4555802937281,-23.3094632737106,-5.05477522772317,-2.95593720869722
84.5360824742268,-27.7458715535712,-25.6316097061778,-4.17775225103607,-3.08577256048434
85.5670103092783,-32.5823088651077,-29.2513315962196,-3.08341782490894,-2.26962064723672
86.5979381443299,-35.6011959165265,-33.1518506234712,-2.00586312453015,-1.37782120921518
87.6288659793814,-40.2907067056051,-37.5857720601239,-1.82938865502542,-1.24818786896054
88.659793814433,-40.3356567035964,-37.8712350436639,-0.934082012546322,-1.15592895705526
89.6907216494845,-41.9682195745338,-43.9542649959111,-1.60521237704583,-0.249206865016089
90.7216494845361,-45.3016702422329,-44.1762824860335,0.812014906822633,0.32089406004625
91.7525773195876,-46.8448256769154,-47.4494462510421,0.522765204370312,1.72597162422064
92.7835051546392,-49.5863689425279,-47.9749684689287,1.47222353636307,2.39050622301836
93.8144329896907,-50.6698888691903,-50.5479191351408,-0.202768699495069,-0.711056512292799
94.8453608247423,-53.7380873285596,-53.0377801870753,2.39643384959716,1.57644343498154
95.8762886597938,-52.001775686818,-52.8473139237647,3.50959662673725,2.46915070248305
96.9072164948454,-52.3150127175898,-55.626778465959,2.37187319371971,2.21613327704044
97.9381443298969,-55.7123698906309,-54.6648472461163,4.39917475277647,3.77023915088311
98.9690721649484,-56.5867069052672,-56.2172900450431,4.35961852731985,4.71201156987252
0,-58.9545015777109,-62.4339773636691,2.78148570781286,9.43147307172807
1.03092783505155,-58.1223084010404,-60.4616535983262,3.51370110854866,7.87919580721033
2.06185567010309,-58.2862210011464,-59.9996289116298,4.10510901367927,8.61102687853337
3.09278350515464,-58.9774617473723,-57.567945367619,4.7407629085448,13.1536987578695
4.12371134020619,-55.6471355163555,-56.0903949629641,3.95463260129829,13.673129536695
5.15463917525773,-52.0653045288822,-54.0902887660148,5.16426651773024,17.078743398089
6.18556701030928,-52.3606173146821,-51.3888009253807,7.05414247594287,20.1728391526352
7.21649484536082,-51.8561475645495,-51.773689865399,8.97693122784603,20.3006276312872
8.24742268041237,-46.9399489490335,-50.0149598637558,12.5462516458685,22.0103245483965
9.27835051546392,-49.151670522514,-48.828578453375,15.3460967789794,24.3715303767096
10.3092783505155,-45.353493502306,-46.9697152113311,18.2141298432463,25.246830618824
11.340206185567,-42.8329615838043,-44.3939841024117,19.5448494706852,26.9244926648383
12.3711340206186,-44.2671766354647,-43.7952805846415,22.1160478192777,27.5681811102949
13.4020618556701,-40.3717193914953,-40.0691165759551,24.9092990187207,27.8009572400639
14.4329896907216,-36.6420215229732,-38.8559898772489,26.6570636404074,28.9025799185216
15.4639175257732,-39.452146437044,-37.6046099036434,28.0706215670548,30.5272404895249
16.4948453608247,-36.2556521423333,-35.3209107254547,29.682208837911,31.17228635963
17.5257731958763,-33.4843465085172,-32.3177340659488,32.2242713158305,31.7572506911181
18.5567010309278,-30.2405753471226,-30.3741538920266,33.5879287104441,33.3556203289626
19.5876288659794,-30.6045569819938,-29.7393233362567,34.7002416221589,34.2850904637866
20.6185567010309,-27.3165157230471,-25.6120752904626,36.2428541741599,34.6700748191349
21.6494845360825,-25.3852807609618,-23.0117291012089,36.2239504598528,34.7957036381916
22.680412371134,-20.7846145708029,-22.5600741446833,36.0423967628406,35.4510876109265
23.7113402061856,-19.4288774357626,-17.7483067683141,36.5477064929049,36.5299757373354
24.7422680412371,-18.7653821340268,-15.6266201188725,35.884070021727,35.9260111116246
25.7731958762887,-14.681673760179,-15.0320721375471,35.4043826349399,36.4054041373069
26.8041237113402,-13.0880063754738,-9.85674839654085,34.9368795565735,36.2669159223424
27.8350515463917,-10.5623374212016,-7.72962855645164,33.5197089835337,34.3948260977139
28.8659793814433,-8.22667411073447,-5.0470559834492,33.3039034091955,33.2295385708502
29.8969072164948,-7.8100622330731,-2.43592165890775,33.0345156213232,31.0393764461579
30.9278350515464,-2.53028924085875,0.874613428073849,32.4778126616112,29.3709451528893
31.9587628865979,-0.333315981238393,5.31955735490695,29.3364629383857,28.0559085005676
32.9896907216495,2.95545309809875,5.65694236698584,27.8519453919621,26.3375091674807
34.020618556701,5.13312689607892,7.37988344941106,24.5546008134086,24.0456321291811
35.0515463917526,9.53163189206563,10.2376807134052,22.160442269615,20.2051567419566
36.0824742268041,14.0119269244534,15.7322613904927,19.9584039107032,18.077153228173
37.1134020618557,17.9303868638249,18.8542257871552,17.8410319989835,16.031632109416
38.1443298969072,19.9925868386926,22.8971589133097,15.8759163079275,13.597863454732
39.1752577319588,21.4507581019507,26.3851614832026,14.1219269540805,11.7590684296046
40.2061855670103,25.1938788619969,26.9884949647355,13.3056360959906,9.34719817462383
41.2371134020619,28.7136300492653,30.3153049208183,10.7335905809419,8.58573397132191
42.2680412371134,29.0053770070177,32.7872718168071,10.2687326356086,7.31659012020288
43.2989690721649,33.3373046910993,34.9578328663995,7.598402797563,6.39985271806728
44.3298969072165,36.9097631465944,34.7212527108246,5.17342478635311,5.07276247036845
45.360824742268,37.0770206991098,38.1128686054675,3.09040908913817,2.82227843098102
46.3917525773196,41.3217552287145,38.9478704779714,0.964872230342638,0.43204374015768
47.4226804123711,40.7071692201155,43.5172511965122,0.231113284630844,-0.115581636262294
48.4536082474227,43.6156194977325,46.8993302668006,-0.841850402781877,-0.878303666067594
49.4845360824742,43.2116999937881,45.977846700961,-0.606692909890936,-0.979552512055363
50.5154639175258,44.5149975686671,49.0109681285333,1.02426342832873,-1.67244956254406
51.5463917525773,44.7858810268985,49.6337974965259,1.41552141485155,-1.52462980186506
52.5773195876289,45.6241672130171,49.6889975242914,0.343497539541046,-2.29450620591245
53.6082474226804,49.4096181578649,53.1183902494451,-0.0150102575340075,-3.558716113368
54.6391752577319,49.0591831662312,53.4975568485029,0.442955129338183,-3.98321765161275
55.6701030927835,49.0851388674906,55.1892502806309,-0.300387656555521,-5.65964215466598
56.701030927835,52.2761441280668,52.5740450641611,-3.04416140658175,-5.41797449941897
57.7319587628866,52.5527118008295,52.9921406199759,-2.95227217966042,-6.27685209964218
58.7628865979381,50.4701676679806,53.8123236021248,-4.18355754181913,-5.82931243496853
59.7938144329897,48.7159322607995,53.8418097371935,-3.98450086035393,-5.78331013148733
60.8247422680412,47.6615554735213,52.3782940722057,-4.70146715121922,-5.91163838812291
61.8556701030928,44.914788869799,51.6985933181287,-3.70159749758822,-7.08596851626352
62.8865979381443,44.6967078213103,50.2265331035416,-4.10585923046298,-6.67908580428111
63.9175257731959,39.8800280088921,49.1571318123405,-3.31360017781665,-6.65792962730626
64.9484536082474,38.4808736982423,45.6156181083839,-4.41420869681281,-6.27198650119818
65.979381443299,36.4270436813429,43.494301947335,-3.66519607725658,-7.10630153882357
67.0103092783505,33.9752910851224,38.7343338676093,-3.52312433200212,-8.16329239454301
68.041237113402,29.407027412947,35.805413207196,-3.49271838503857,-7.01477475855977
69.0721649484536,27.8889234455236,33.2863665614034,-4.52369179478454,-6.29973332830487
70.1030927835051,24.1565438121681,32.0170930016505,-4.74953287851524,-5.74501897320854
71.1340206185567,19.5915138604248,27.9338325132488,-4.95035797542829,-4.98049221897315
72.1649484536082,16.0201278875258,23.0401401374999,-4.71577907467484,-5.80397256245478
73.1958762886598,12.9145850407705,18.4797656598234,-3.7215053055455,-4.94200266501993
74.2268041237113,8.23641519601331,15.115534674325,-4.43576959261551,-4.93643562333289
75.2577319587629,4.85326208464048,12.1421780701096,-3.60403941956092,-4.99495775695924
76.2886597938144,1.15654463581552,9.2979176103568,-3.06879053502752,-3.80928732859579
77.319587628866,-1.73065965204554,3.0383377210708,-3.4094063609931,-2.80426194179102
78.3505154639175,-4.1366393177368,-1.92823475594983,-3.96281499927926,-3.97296668077808
79.3814432989691,-9.1181815812454,-6.37093641720459,-4.03002123786954,-3.71892629730484
80.4123711340206,-12.9300318155703,-8.07520540657674,-3.22275601688137,-3.05675163608753
81.4432989690722,-15.1242073083019,-14.3597540592429,-2.2344943455086,-3.20578110342462
82.4742268041237,-18.2971047711796,-17.6324534814808,-3.46026980540753,-3.10259222583552
83.5051546391752,-22.9355398322261,-20.6066777935503,-3.06371340236898,-2.10360131735245
84.5360824742268,-25.0500202604042,-27.9052893022888,-2.62098582749391,-2.10128922871423
85.5670103092783,-29.414997238791,-30.5944046437884,-3.04641598476202,-1.49541806526603
86.5979381443299,-31.3651898348378,-35.6189334959702,-3.50441189921077,-1.68963145322234
87.6288659793814,-36.7120623369042,-37.8919855403318,-2.79508868412497,-0.859379553314286
88.659793814433,-41.036993273754,-42.4879881502377,-1.65322102414607,-0.571092157313141
89.6907216494845,-42.7192288103784,-45.7790158156414,-1.3995158721416,0.0487602187790435
90.7216494845361,-45.0418046587212,-50.7232491117317,-0.296337343113631,0.592975922043412
91.7525773195876,-50.0747090209992,-56.5718540265617,-1.23017443695912,-0.743314284198136
92.7835051546392,-52.7803495619522,-61.1286523648756,-0.119089603816961,1.64898991637935
93.8144329896907,-57.8519708058593,-62.4653895493399,-1.43010182577767,2.7365148784983
94.8453608247423,-57.6576207878148,-62.670173851089,-1.55692036708316,2.05641827067277
95.8762886597938,-59.1431164104241,-60.9800652655303,-1.89407488015066,3.88597602750053
96.9072164948454,-58.1524226262781,-61.0129693486414,-1.7389138550028,3.59761632726341
97.9381443298969,-59.928582492367,-64.9863406018837,-0.170447693013032,6.03591239303079
98.9690721649484,-61.9720669316519,-66.1535319567481,1.47309832345797,7.97510809390433
0,-62.1077405399077,-66.1179684794676,4.22796514936925,3.13491424497229
1.02040816326531,-62.0997118211895,-64.9640575560184,2.86100541689993,2.93643005866097
2.04081632653061,-63.1077427889429,-63.696006818127,1.71232867658246,3.58851877424324
3.06122448979592,-59.0783746485221,-63.6903011550571,2.26885759712684,4.16676973748466
4.08163265306122,-55.9332672922866,-61.8222583850701,4.88849426836983,4.68289971122707
5.10204081632653,-55.9809947391754,-60.8719286109444,8.43346223606351,6.93127746614278
6.12244897959184,-52.2888896395985,-58.0059717215599,13.6424064701395,10.2603657455306
7.14285714285714,-52.6356580899907,-55.4524683706263,18.9652022220557,13.8284665750741
8.16326530612245,-47.8712470977773,-52.5507359998506,22.290075942548,17.408821119541
9.18367346938776,-49.1272094326482,-51.7289450194456,25.237542492075,22.3862749269523
10.2040816326531,-45.5662131828836,-50.1751346519346,26.8774538495294,26.3248107173093
11.2244897959184,-46.0059012088973,-46.4008735367475,28.253622819658,29.4824173351274
12.2448979591837,-43.4237134238039,-43.9937538637188,30.4377367917925,31.8670241351494
13.265306122449,-40.804505947675,-44.0505097421455,31.4427900291465,33.1487937662396
14.2857142857143,-37.5378312871092,-40.9999643242679,33.8756625674043,35.4467286904772
15.3061224489796,-37.2156021846683,-37.4018796531915,36.471571100897,37.323381259657
16.3265306122449,-36.7999245644663,-35.1867980647258,38.0078575390365,39.5678758370132
17.3469387755102,-31.4269451060914,-34.3273006433871,40.6703243133792,42.290938110746
18.3673469387755,-31.737626419113,-31.794454165741,41.4375840808795,44.3135935554674
19.3877551020408,-27.4743884629177,-28.6652225158089,43.017021708092,45.6624367099249
20.4081632653061,-26.3819961649669,-26.4945682879103,43.7615724999453,45.8865916974442
21.4285714285714,-22.3448066205207,-21.4286932915422,43.2023737929422,46.0385472898211
22.4489795918367,-19.7062878627284,-21.2474342707599,43.8223189690446,45.1250772707666
23.469387755102,-17.8258428759326,-16.6454651429374,43.0111694902364,44.9025750088223
24.4897959183673,-18.1214844935215,-13.7688888459917,42.8973712655335,42.7228885464573
25.5102040816327,-13.1226756590897,-11.9532165600896,43.216329968235,41.3638212056215
26.530612244898,-12.2422874568341,-8.61447816156671,42.909078638555,38.695151516873
27.5510204081633,-8.8819179037273,-5.61369763037295,43.0497705921454,37.2035861288549
28.5714285714286,-6.677691937456,-3.71904240982972,41.1927567811256,35.2451863420095
29.5918367346939,-1.89358335608548,1.33919367294708,39.8951127536478,32.9555849790511
30.6122448979592,-1.24946488345746,4.06240433553999,37.3040797241344,30.2164295558346
31.6326530612245,2.03705348801968,7.86033051627469,33.8397080888592,26.4106054480278
32.6530612244898,5.30944536389854,10.5540756098993,30.1327460586826,23.6567790133855
33.6734693877551,10.1117414883115,12.16825900964,26.9948580279104,20.2873247712069
34.6938775510204,13.2478588588805,16.7975308660555,22.8048120749863,17.5390764104147
35.7142857142857,16.075838802589,20.4179316012577,18.8660895400743,15.3759475016831
36.734693877551,19.1726466579908,22.5817331402967,16.0668334912606,13.6235680750494
37.7551020408163,23.3826544062103,25.3230725136728,14.0334676454076,12.4400901980608
38.7755102040816,26.7780050107309,28.1100500865372,11.8510843190043,10.5614805806031
39.7959183673469,30.9979056397897,31.959275328898,10.5949931303344,8.64237210520541
40.8163265306122,33.6667375298153,33.8766067492773,9.16053470531641,7.25191140935833
41.8367346938776,36.1901317330238,35.7572621027835,7.64055474830775,5.74573202188381
42.8571428571429,38.0116355910126,37.4303146679506,5.65697445836424,2.09124917683132
43.8775510204082,40.4007493394429,39.635314607672,3.3218168359563,1.41408905168911
44.8979591836735,41.3554967492028,41.9930880963328,1.67578955477412,-0.933630518502036
45.9183673469388,44.6263637442875,43.8580705028477,1.20539157844825,-1.80479620479776
46.9387755102041,48.4451004886166,47.6045628305814,-2.11733685680565,-2.78113927902324
47.9591836734694,49.0225650007519,49.105229731301,-3.06021733797171,-4.26100946836409
48.9795918367347,49.2352790916462,51.8410007059441,-4.22440780381299,-5.70137267303949
50,48.8520523021934,49.0236650898412,-5.3629320152297,-5.37178832895894
51.0204081632653,48.4308221725955,49.2751842710185,-5.17376744783927,-5.88712635060277
52.0408163265306,46.9123509908771,49.6522263094926,-6.4261043559907,-5.56680589972652
53.0612244897959,49.9081905312283,48.8586451241056,-5.97267578631133,-7.0390191730273
54.0816326530612,49.5970655032926,48.4921659736663,-5.76764922482882,-6.18041154912977
55.1020408163265,48.5910095223836,47.7562501621329,-5.53028498569168,-5.35374261002085
56.1224489795918,48.8109281394182,49.2153589203079,-5.75012955199243,-5.3992623483461
57.1428571428571,46.8339766941604,47.9191302106956,-4.99801920380384,-4.81480664678234
58.1632653061224,45.4379789960457,46.3131213708995,-6.11855202787182,-5.80618129603767
59.1836734693878,44.662239753229,46.1612088583862,-5.6203766953937,-6.21469553654783
60.2040816326531,43.5707036698016,46.4423908982388,-5.89571595105371,-6.79461452871211
61.2244897959184,41.3986190178747,44.5323762803038,-6.42898376226807,-6.50862169986432
62.2448979591837,38.3098472812413,42.326728518115,-5.81627198998889,-6.9564572241029
63.265306122449,38.3245344480331,39.5677152793037,-6.61367674390237,-5.50211607297402
64.2857142857143,36.6509150174032,40.1966152194475,-6.75586290775019,-5.97943768159461
65.3061224489796,31.9408010753466,36.9558100507457,-5.7963552378286,-6.20597592461109
66.3265306122449,31.8205051187716,34.0218784312726,-5.9942476148258,-5.99889774673308
67.3469387755102,29.6254765743845,30.7779476999195,-5.07884932841232,-5.13642884117014
68.3673469387755,26.0936324774711,26.8574572864563,-5.84169434270202,-5.99321589485376
69.3877551020408,22.6420621456402,24.5388853057808,-5.31465276319279,-5.4648595242268
70.4081632653061,18.8172589004747,22.5270502211352,-5.42449501799502,-6.39115756668337
71.4285714285714,14.9185166964392,19.2313793036148,-4.67186703528245,-6.7795249216584
72.4489795918367,12.8827938241953,15.0106575798192,-5.64141064837574,-6.53974085102039
73.469387755102,8.87374201520673,13.2395234768861,-4.87309645326871,-6.26358951254487
74.4897959183673,5.43336428092643,9.86058367000163,-5.51641465883207,-6.28695309355688
75.5102040816327,2.58844095602928,3.24644389670673,-5.55668994900615,-5.82473072314294
76.530612244898,0.0473243512164738,2.31272136577705,-5.66422145428627,-6.33182164976716
77.5510204081633,-3.90992958796868,-2.10347254781534,-5.01471804810074,-6.2740534723007
78.5714285714286,-7.44713557678825,-5.56790119396679,-5.37168085083291,-5.53275869855168
79.5918367346939,-14.6966071962119,-9.79892993028441,-5.68260575912603,-5.25072587826708
80.6122448979592,-15.5095539039971,-13.3608739264593,-4.63491578282046,-4.24106091405879
81.6326530612245,-20.0834406867443,-16.4260215287635,-4.85540612805792,-5.06550248466232
82.6530612244898,-23.580091952231,-19.3894002561221,-4.21923171351367,-4.60245812753038
83.6734693877551,-26.3266781650616,-22.965677685889,-3.77731574701359,-4.89333311297581
84.6938775510204,-28.1705943277354,-28.0678101783773,-3.76180751116016,-2.66025897357148
85.7142857142857,-33.4291504778405,-31.7459310799603,-3.67602489084537,-3.07869915901536
86.734693877551,-36.3558648389979,-36.4677338665917,-3.24350614085842,-2.47481777083352
87.7551020408163,-38.488353587463,-39.9145339084915,-2.60851413772304,-2.07676666447826
88.7755102040816,-41.5761601158169,-44.9082072358103,-1.759204031842,-0.564682032179459
89.7959183673469,-45.8775460729358,-47.7580705707874,-0.580364445503292,-0.404105860046783
90.8163265306122,-48.9615886070139,-49.1217368880676,-1.10056445574033,-0.73581261612337
91.8367346938776,-50.5883108369771,-52.152305020235,-0.212317525180588,0.131757299489479
92.8571428571429,-54.273358312443,-56.2758678332605,1.2530677741869,0.927416117600281
93.8775510204082,-54.9939398049066,-57.7503071659711,2.14919884842858,0.878403758096838
94.8979591836735,-56.4187242165101,-57.5278477886564,2.44472949439107,2.27602359971668
95.9183673469388,-57.5650776763979,-60.5582486628586,4.14868093928167,3.34743667532769
96.9387755102041,-60.6376803531212,-59.6283976773459,3.10278751156316,1.85401427745333
97.9591836734694,-58.5225040565683,-61.5410544729647,4.06402888564694,1.98414866616981
98.9795918367347,-60.6377042734448,-63.8430203630518,4.13420395372314,2.7591123787892
0,-60.6268077317182,-59.9955426776357,5.79722614281612,2.76876460663889
1.04166666666667,-58.6456707538892,-56.6625122681859,4.81949179948264,3.25394625675431
2.08333333333333,-58.1851674246347,-57.4759592170838,5.79142539602845,2.91006335125462
3.125,-57.9027894540963,-54.971273468381,4.77242039644706,3.6354614807344
4.16666666666667,-54.4697867340582,-53.5096813118209,6.66179562580327,6.01934213525224
5.20833333333333,-54.3303536807673,-53.5056585492696,9.4250037460432,7.6026788249798
6.25,-50.1659032142133,-53.039568356321,15.200516502092,9.85594372606311
7.29166666666667,-49.1801763556191,-50.051618046074,19.4842850784707,13.6587160952225
8.33333333333333,-48.9116098490087,-49.7229051164189,23.1844346150693,17.4090498558715
9.375,-44.0220677651731,-46.0312511132397,26.1384516530088,21.9198584707361
10.4166666666667,-45.1444686726426,-43.732625699997,28.1459004146876,25.609172670109
11.4583333333333,-40.8495853624825,-43.1685752089881,29.7914764319734,27.0775580224276
12.5,-39.2012445923096,-40.6895506846778,30.0593740475171,29.6838205482328
13.5416666666667,-34.5279680007489,-37.1581074783896,31.3222760386815,29.463619437587
14.5833333333333,-35.1994438331927,-36.9240270761732,32.9848258415696,32.8687198843506
15.625,-32.436565145663,-33.8111269659048,35.348559688365,34.4702443492615
16.6666666666667,-32.2129868675816,-32.5534632082313,36.0108383311359,36.4025300018853
17.7083333333333,-29.6648365694219,-29.2970728729577,38.1620917178856,38.5913119540472
18.75,-26.19636138666,-28.5561922400491,38.7281399749026,41.1021986322224
19.7916666666667,-22.3154011503696,-26.2242059854818,40.0263976770068,41.897825153276
20.8333333333333,-22.603544746557,-22.3626054679132,39.6798302163115,43.7417245524389
21.875,-17.62073566901,-18.0938788496532,40.728698592549,44.6984243418585
22.9166666666667,-15.3872962377204,-17.0318203335724,39.7345284703549,44.5001948612934
23.9583333333333,-14.7709653181027,-12.6865588432209,38.7527743899281,43.0051635155013
25,-11.2169553338901,-9.26681748981072,37.4719987120959,42.6439383946819
26.0416666666667,-8.10464973707141,-6.25498385808387,35.9928510133304,40.6425611279454
27.0833333333333,-3.98707927374471,-4.16618448973411,33.8749641528321,39.6009290650894
28.125,-3.70442659187354,0.629329305530588,32.5098502825069,36.8091582525601
29.1666666666667,2.40792038992642,0.80805480221789,29.5793250141062,33.3434174101588
30.2083333333333,3.93866109587637,5.20570408088228,25.9901456265182,30.7098629376171
31.25,6.33932802348873,9.95644864026767,24.0980107772579,28.333812113181
32.2916666666667,10.3039868960729,12.6080249623369,21.892813572477,24.6161552404253
33.3333333333333,10.3541107800038,15.2361657982592,19.3951681756956,22.0018113256554
34.375,15.3104108692358,19.6736986043455,16.7113623970217,18.7266534280686
35.4166666666667,19.0340373668891,21.85255820847,14.2441205007209,14.6108760605411
36.4583333333333,21.7785810948143,25.8129358084778,10.025068229854,10.556261669819
37.5,27.1264798260092,27.0181979567442,5.78602159399628,7.71459301753999
38.5416666666667,26.0775053843442,29.3122084538062,2.81899031249406,4.48614000328436
39.5833333333333,29.4311182904705,31.7917702958249,1.40885220722597,1.09786771035256
40.625,31.3666698075786,33.9219259854154,0.0494803301701442,-0.932554681500332
41.6666666666667,33.6546218045603,35.9110199098965,-0.291907689407032,-1.69390029791177
42.7083333333333,34.2487605807112,36.6955723494619,-0.540895520221097,-2.09649291187617
43.75,37.4412551496765,39.0853708750241,-1.15955942459127,-0.765667167791703
44.7916666666667,39.3530658352237,39.9256224615391,-2.04345373156749,-1.90013940142467
45.8333333333333,44.8753400990961,43.5774135226484,-4.42154593728481,-1.69086113180393
46.875,45.6134161541564,48.6220819093633,-3.61235179737066,-3.72100228058022
47.9166666666667,46.1447583437707,52.2950249877159,-2.18338743044335,-2.69704220869014
48.9583333333333,46.4153424349185,50.0305721063844,-2.51037346099063,-5.53024906797511
50,44.9973525504753,52.4348508907402,-2.59721069344186,-4.45493134972503
51.0416666666667,46.0799311915905,52.0521836297786,-3.53621231502116,-4.27621293278442
52.0833333333333,45.1366483490925,50.8332236306957,-4.28496102477381,-3.37586791612091
53.125,42.299541326487,50.0977440455515,-3.1710296131605,-3.13994021952782
54.1666666666667,41.5343159419162,48.2766854596414,-3.3767938684771,-3.50959306863335
55.2083333333333,41.216450135262,48.6543826122359,-3.1225603116774,-3.21598110143536
56.25,41.2101271252365,47.1943614687681,-3.09657791110782,-2.72404741364671
57.2916666666667,38.5684281085594,46.9566408775246,-3.17840968901278,-2.03252192915225
58.3333333333333,35.4638759700973,45.0020551193157,-3.06058731886814,-2.65112144185398
59.375,34.7258961763423,39.5842771407804,-3.4955493857484,-2.5592889555474
60.4166666666667,32.7622396422215,38.5464784375687,-3.67226970498166,-3.24997728188677
61.4583333333333,26.1936525376531,33.8794834690261,-4.02606404301435,-3.22732910624783
62.5,26.9134394209796,33.7509787963541,-2.99440811871321,-3.224148236242
63.5416666666667,25.671219600773,31.8644013712916,-3.58305609601917,-3.20487954826931
64.5833333333333,21.5752518532324,30.1654009185721,-4.07035588309989,-3.26730501950676
65.625,20.5557508521644,28.0782304375193,-3.27074902238014,-2.66104194239661
66.6666666666667,20.3738775549963,26.5580288811668,-3.48923058272948,-4.07642598229748
67.7083333333333,16.1036757279837,23.5238195818436,-2.2998533640272,-4.37251745962171
68.75,14.1993631982143,20.5907301730502,-2.79416790510998,-4.66407049445618
69.7916666666667,13.1400174814157,18.6517280250605,-3.17960926639373,-4.14006360424692
70.8333333333333,9.28978548078557,16.8743585310218,-2.64788081049707,-2.77656083962391
71.875,8.31950952700565,15.7464394144177,-3.68367344472188,-2.34994312159309
72.9166666666667,5.82478972865666,11.5746964974211,-4.72676602060964,-3.12148889360861
73.9583333333333,4.42345221783903,6.50667897745259,-4.46845991766149,-3.0697105357859
75,-2.03095273586003,4.37920758141081,-3.55416912191714,-3.50457164709036
76.0416666666667,-2.99470957815545,1.91036024124978,-2.53618250261875,-2.71950835626662
77.0833333333333,-4.189911573156,-1.69392303944373,-3.92892195458643,-2.16992278255031
78.125,-8.64130329396419,-3.26008805626685,-3.60343315395155,-2.67937608214097
79.1666666666667,-10.7951248946104,-7.00356138316834,-2.56505998446461,-1.06577532194936
80.2083333333333,-14.6970459642196,-10.5252844884267,-3.59015890147989,-1.92935087037642
81.25,-14.9667585266937,-12.7423938278203,-2.95770319124904,-2.33103210355918
82.2916666666667,-20.0884430437137,-16.9786456473616,-2.32045192975437,-2.64672564495681
83.3333333333333,-24.4650453300335,-18.8112625124053,-2.18776693671665,-1.84174992799831
84.375,-26.3042632941834,-22.1015949933671,-2.52451629073849,-2.38505253743582
85.4166666666667,-27.358420248394,-24.1596758320186,-2.29511756423507,-1.50414580494094
86.4583333333333,-31.4205052420499,-28.3246419261642,-0.787999840907162,-1.81917000763421
87.5,-32.0566228688359,-30.085097999569,-1.24651952682505,-1.22520463788908
88.5416666666667,-37.8729628337525,-35.7383256183885,-0.46510775613588,0.480324459836972
89.5833333333333,-41.765902819903,-38.7630373935184,1.28123527013887,0.349951019901007
90.625,-46.0532693996559,-41.0008381792504,1.7665236204761,0.82353931747399
91.6666666666667,-49.7273800664432,-43.5763268491995,1.96517122519255,1.80605969482341
92.7083333333333,-50.6544618239675,-42.3178812153875,2.38325131365802,2.70354296020021
93.75,-52.7159630557825,-45.2497696100668,2.93707584980554,4.90414564753048
94.7916666666667,-53.5057227872553,-49.2904390528861,2.96878898587959,3.60869492540378
95.8333333333333,-56.52912991402,-48.0785541010813,4.5992626125815,3.34034543738066
96.875,-58.4823059655159,-48.367623167683,5.47406438703989,4.58231114797107
97.9166666666667,-58.5975155182367,-50.4582941122687,5.29451951788481,4.34929630024183
98.9583333333333,-57.9814933946062,-49.5004415106987,5.46639923274303,2.83258598108658
0,-52.147898798172,-57.2296564479436,5.24599813290296,4.26390773785989
1.03092783505155,-50.9034102186746,-56.8829219535625,5.83846377760969,6.43382812482713
2.06185567010309,-49.4331302782445,-55.2310888322356,4.31259467755202,5.31946837694073
3.09278350515464,-50.5006341143352,-52.832727942064,7.05302578332551,6.59741955564637
4.12371134020619,-49.2414210167419,-50.7548591535422,10.3764407027122,9.80652325522042
5.15463917525773,-47.4282043934207,-50.3296041970761,14.1900268572978,13.3988681096861
6.18556701030928,-47.3746327619416,-47.6755357300543,20.2636299176335,15.9862409462937
7.21649484536082,-45.5558800516582,-45.4252113517147,22.5418347024541,18.885012549484
8.24742268041237,-39.4385195622942,-43.9323178053931,25.1862502315695,19.5337841470702
9.27835051546392,-40.357714249586,-40.2569199675175,26.4147854025864,20.8416446053408
10.3092783505155,-38.6945803134935,-40.3305831844584,28.3080865680025,23.2864023383279
11.340206185567,-35.9021855542255,-39.4557050091525,29.7195569652461,25.1120135114562
12.3711340206186,-35.1047942369347,-36.0971573311478,31.7259690683379,27.216042681323
13.4020618556701,-32.0173904314633,-33.7021900467043,32.5263758674245,28.9427256191135
14.4329896907216,-30.7894538940057,-32.8481735842943,35.1354238369047,30.2632254124511
15.4639175257732,-27.4590115680173,-31.5350494742189,37.300977407287,32.3794419775219
16.4948453608247,-25.7060861630081,-27.367260015873,38.3006833454454,32.1374199864232
17.5257731958763,-22.1229158504324,-26.0782921690463,38.5662355465018,33.1982803419419
18.5567010309278,-20.7693901811745,-23.0703203673874,37.8217291051816,33.0440491689414
19.5876288659794,-17.5496816157887,-21.0545047000435,37.487423254335,33.5262644685036
20.6185567010309,-17.4044964958063,-18.4824561424129,36.8670108277466,34.8068372794541
21.6494845360825,-13.5575457922927,-15.4518196541025,36.693364815684,35.5893276494046
22.680412371134,-11.9302948667026,-11.6171296804005,36.599096637868,35.7819286137394
23.7113402061856,-8.94283329339463,-10.6541430220407,36.1998404366547,36.0558429048038
24.7422680412371,-8.25166636478818,-6.02188409221984,35.1090832763719,36.355682507215
25.7731958762887,-3.43471524431703,-6.11138692020122,33.6921465761643,34.8461303072125
26.8041237113402,-2.94586026148388,-1.48148876659255,31.1181958120152,30.6269597030751
27.8350515463917,-0.468430863098695,1.31852570197923,29.0871042863781,27.5691434427822
28.8659793814433,3.71776799927996,3.47240332563563,25.5551973624022,24.7222977864009
29.8969072164948,8.43164872580393,7.14490763593454,21.0104847698673,21.9159477694214
30.9278350515464,8.31062643464252,11.0909749462276,18.8137543546334,18.2901964821616
31.9587628865979,10.6961813611185,12.8429321830252,16.8857212410463,17.3958434554059
32.9896907216495,14.786620284194,16.3065877385073,16.7986524043098,14.0767209035483
34.020618556701,16.3415813331785,19.9511263755191,15.2814470486506,11.9545332164621
35.0515463917526,20.0538724289932,21.3324618241465,14.0003713028586,10.3829831083925
36.0824742268041,22.1079177848898,24.36502354046,11.5007353419024,8.97983800842293
37.1134020618557,24.7285002478702,27.7278526227704,9.50770703933845,8.57723161430244
38.1443298969072,26.4566509930691,32.0354962238116,8.97328285628482,7.8482551246124
39.1752577319588,29.4400633376539,34.7942241789203,8.57824975778209,6.216754313598
40.2061855670103,31.3500167107131,35.7388498349548,7.10218083925001,5.26051993925108
41.2371134020619,33.2980879383533,37.500541396062,6.40922664993814,4.53018025377682
42.2680412371134,34.5252768850052,38.6993559158063,3.54484962833569,3.36548661756789
43.2989690721649,38.6830098007955,40.4960373325629,3.8455077464975,3.01052701980604
44.3298969072165,40.2586836057341,44.0807833781971,2.31697043168808,0.959527564094019
45.360824742268,41.7826305430413,44.5696609468873,0.192119157364298,0.0621940366803035
46.3917525773196,46.2408992913916,45.1113047101665,1.01041153177309,-1.29729451693649
47.4226804123711,47.8009756102403,46.5372785293747,-0.997611323315274,-0.714330709542103
48.4536082474227,49.1178811653296,47.077927245472,-0.498655395091431,-0.68429950140437
49.4845360824742,50.3708804888656,51.1647096971034,-2.30877822419683,-3.04784905115572
50.5154639175258,53.2992946748475,54.3755086707601,-3.42500005241967,-4.91766869889213
51.5463917525773,55.1950774954519,55.9857346818162,-2.36702785185019,-3.43913435728422
52.5773195876289,56.8991066407469,58.6332962734565,-2.61096743957319,-3.39899808943891
53.6082474226804,54.8361710570946,59.1026686012109,-2.50888811433343,-2.74393848202664
54.6391752577319,54.9231970441315,56.2306715825054,-2.69893176090788,-3.77928572200044
55.6701030927835,52.1957152008552,57.0781444062769,-2.84731933360519,-3.68074723702431
56.701030927835,52.7524162908214,56.1288342801796,-2.81236283912759,-4.19263796747271
57.7319587628866,50.3061264076073,55.2965101858851,-4.15284128071351,-3.60452821426941
58.7628865979381,49.7635771707949,52.1723357127338,-3.57191036718476,-2.70271901313129
59.7938144329897,47.0577414607785,51.0037511935016,-4.32730805941911,-2.43845328935315
60.8247422680412,45.5760548393238,48.839621806979,-3.73164664174064,-3.94449973979321
61.8556701030928,44.536254358058,46.8231727032894,-4.09300449937758,-3.88782829322616
62.8865979381443,42.2243778362674,44.1916259509391,-3.12426986194548,-3.88614811513889
63.9175257731959,40.6690227148075,42.9470976692795,-4.15804450980409,-4.42913179745981
64.9484536082474,36.4144954093193,38.8233241894794,-5.15042871183634,-3.78957761146961
65.979381443299,33.0727308014484,37.0034773793345,-4.11278093787424,-4.33967482221504
67.0103092783505,31.4467231381569,33.7726974251881,-2.68122745633455,-4.11636991612609
68.041237113402,30.0620277387016,31.6672396270852,-2.93405585888992,-3.19135535107236
69.0721649484536,26.9900415757461,29.4385290308825,-3.57248824156464,-2.7036751917627
70.1030927835051,25.5639821705021,24.0806117690492,-3.76028606098633,-2.24773735727978
71.1340206185567,20.7678736904531,18.9606730119839,-3.58710081998629,-1.98712798483704
72.1649484536082,17.6192551638766,17.970613752558,-3.42374284833264,-2.87550717727616
73.1958762886598,15.4191939391564,14.1088131890702,-1.99544435911844,-3.49864745595154
74.2268041237113,12.7936678256631,11.2872571226855,-2.01908882371904,-3.25959838498527
75.2577319587629,7.87678414659165,10.2395903786927,-2.72223250326735,-3.31138707739715
76.2886597938144,6.10326999595847,5.62337205200369,-2.95194655168559,-3.86214581338771
77.319587628866,2.8432060445775,3.86484570633881,-3.03665579568617,-3.81287791664769
78.3505154639175,0.347888863529341,0.510657288827801,-2.81491395053993,-2.90320970518691
79.3814432989691,-2.25224820252132,-4.23800602711171,-2.48688030208781,-2.57951137633724
80.4123711340206,-7.47377531958357,-5.78295895491463,-1.91897502346863,-2.42649264075771
81.4432989690722,-8.23467894415431,-10.6520628770029,-2.85682316080005,-3.06015889215225
82.4742268041237,-13.0694450001114,-13.9778952566774,-1.77210515083691,-2.2398508551148
83.5051546391752,-16.1225040470547,-15.5060801272024,-2.05650994889217,-1.93545920826834
84.5360824742268,-17.7012861171381,-20.2892343279834,-1.24189758961859,-2.00508034169354
85.5670103092783,-20.0279853743935,-24.7507265208543,-1.95721070801921,-2.40715339930074
86.5979381443299,-23.4272245468121,-28.6144062082546,-1.15306211327447,-1.8554034675867
87.6288659793814,-28.5179023592228,-29.6956886068389,-1.41320134187777,-2.33828305531226
88.659793814433,-30.7764929476761,-34.2600030942799,-1.39404840853213,-0.718539403424825
89.6907216494845,-32.5546602839772,-38.5386867694285,-1.10898967202824,-0.252122660656646
90.7216494845361,-36.4686664142482,-42.475282791877,0.310338419601238,0.193098232519739
91.7525773195876,-39.7777348107748,-45.6248075891358,-0.0600569936733268,1.02904614984569
92.7835051546392,-41.8896241850615,-48.1922621977446,-0.0720374789644127,2.41670970470806
93.8144329896907,-41.777022464141,-50.0506306422329,1.89216708822922,3.18690180217544
94.8453608247423,-45.6253587442742,-53.2521635909972,3.23054522677974,3.75257442641483
95.8762886597938,-49.05018386188,-55.825893797033,2.59475910960969,3.25107990540881
96.9072164948454,-47.8304244716878,-54.1908519747122,4.76106727423547,5.80534356878528
97.9381443298969,-49.2267758519764,-55.8491996222121,4.83138038608912,6.02678641765382
98.9690721649484,-51.9206731077601,-56.7298884639095,5.97463211581343,5.0015726407498
0,-70.3242131868079,-65.7541077273051,4.41546589550806,4.00054257645872
1.03092783505155,-68.4512431698343,-66.7587055767401,5.36366484647116,3.4240043501196
2.06185567010309,-69.4028036645942,-68.1749697158904,6.74267111946149,3.02043963996034
3.09278350515464,-67.1275343100739,-65.3554095856169,7.24731448604866,2.52515874996206
4.12371134020619,-66.2190903292587,-61.7468048230761,10.0542725540916,3.60297034714723
5.15463917525773,-65.933819512156,-62.0456149291053,13.4715008583647,6.23396516262019
6.18556701030928,-61.1491986589614,-58.7088335766136,18.6855644238136,9.02405293167332
7.21649484536082,-59.6015468595459,-57.2148028540501,24.3565296410436,11.9813788550873
8.24742268041237,-60.2711441918975,-56.7528966614561,29.8156032408496,14.1241974708312
9.27835051546392,-57.053599174307,-55.1599563730353,33.7785377362087,14.9462975934131
10.3092783505155,-56.7274178019183,-53.5311665045056,35.3216221006752,16.6294227778167
11.340206185567,-56.2803598253546,-52.7188212845677,37.7227845898342,16.8665597153696
12.3711340206186,-54.0317229606888,-49.7075939264722,38.0788349990315,18.1874269804895
13.4020618556701,-51.1453137335936,-46.5420022161649,39.8799384533509,19.6900832072348
14.4329896907216,-48.4997894003518,-45.7721759503665,41.3094139720053,23.2938282086314
15.4639175257732,-46.1954925933125,-48.0247662070586,43.7246500271695,25.9439961788175
16.4948453608247,-45.0578638091344,-42.2008200887223,46.3799593012498,27.5993763203329
17.5257731958763,-43.7651812002237,-42.6414123669726,47.9648672185237,31.1452757210187
18.5567010309278,-41.1190255056714,-36.7273826917734,50.5486007534543,33.976892527943
19.5876288659794,-41.1320461753761,-39.0868555730211,49.3003812979154,36.6164813209559
20.6185567010309,-35.7512000030111,-34.0349759808409,49.6393668022716,37.4592048998826
21.6494845360825,-36.752244560534,-33.3088741204039,47.9385346516745,38.5740261202643
22.680412371134,-30.6410092911818,-29.9337248545484,46.9802278944226,38.1628930917196
23.7113402061856,-29.4042498150022,-27.0282013585852,44.8047612884749,38.8747150089853
24.7422680412371,-29.0226814776166,-26.4398745712987,42.329872749551,37.5351888958956
25.7731958762887,-25.2388510547096,-21.4515274662415,39.0380358245569,37.9699640809876
26.8041237113402,-23.1397355817243,-20.3517359584171,35.9781345524225,38.0270167046691
27.8350515463917,-18.4093750571494,-16.777862604174,31.778395266544,38.2524130637418
28.8659793814433,-17.4741966057572,-14.9284380439433,28.5800881690655,37.4869924229593
29.8969072164948,-13.9761823826462,-12.8470342997872,24.8990030209837,34.7180903789756
30.9278350515464,-11.3122997242771,-10.1330355152443,23.9363858855243,32.9236173475142
31.9587628865979,-8.61786470521225,-6.47337158436052,21.5423129447964,29.3527743861942
32.9896907216495,-5.85402689746894,-4.7964194668365,20.2850839918171,27.1873740043466
34.020618556701,-3.65467595572367,0.560207548332136,19.1739852939283,23.3151764183144
35.0515463917526,-0.649858279397106,2.92569470633403,16.4173643117009,20.7995636134844
36.0824742268041,2.61269027470687,6.12958149290621,14.4608064531483,18.5514144505544
37.1134020618557,6.47245645632609,7.99604831442467,10.9774377515215,15.0778691792648
38.1443298969072,9.19475357662791,11.7907775184348,8.76327076179084,11.6789703117398
39.1752577319588,11.8051959010423,14.1439330532956,6.21830546910122,9.34483943421096
40.2061855670103,14.8239508988343,18.2069742188507,1.83997424986157,5.98849203745581
41.2371134020619,15.483593013369,20.3327515037031,1.62423407980134,1.89009028721251
42.2680412371134,18.1737189396656,21.6456676195929,-0.614484675255198,-0.22852581842443
43.2989690721649,20.8418640650035,24.2300898065283,-1.91174342247955,-1.72374719902107
44.3298969072165,19.2292315805705,26.2208257680326,-2.55679984832007,-2.38601061604437
45.360824742268,22.5609424357121,26.1776621500208,-3.15575868434741,-2.58433832960526
46.3917525773196,27.4558443116592,30.0622197335311,-3.19042733649743,-4.55775915226731
47.4226804123711,28.7970002938773,32.6075134489306,-4.81678169753752,-6.0683721693522
48.4536082474227,33.8126135083047,35.6670347701441,-5.79996930544094,-5.9221243771666
49.4845360824742,34.5552797114129,34.9049825116764,-6.11694841133435,-5.96117501165364
50.5154639175258,34.8440663977611,35.1624942622763,-6.39069667308193,-5.92897105176893
51.5463917525773,33.2737039724404,36.9345472421896,-5.70557606606741,-6.11110685697019
52.5773195876289,31.8280519713561,37.1716678313982,-6.44368909167582,-5.99970164949286
53.6082474226804,34.8366444126419,36.2590979363195,-5.34887510201959,-6.00217565095667
54.6391752577319,34.2358821981741,37.0991880358469,-5.55264368952222,-6.52036931303762
55.6701030927835,33.9655988910106,35.1544591599996,-5.17971147005432,-4.90724292123418
56.701030927835,32.8182094053632,35.5682431446813,-4.81207163896149,-4.61934580185235
57.7319587628866,30.9220614871991,33.6173847868235,-4.97570908955334,-3.79756790978161
58.7628865979381,30.3848977841692,30.3081037175424,-4.4679427295953,-5.45393391174526
59.7938144329897,27.773779089097,29.399324005195,-4.56495522633669,-5.12126666726428
60.8247422680412,25.7740333976967,28.1770525113378,-3.41297935535448,-5.37170862993365
61.8556701030928,23.4484632596549,25.5435284153337,-4.60576322531595,-5.25049663401606
62.8865979381443,20.5850032030019,24.5031849855084,-4.76822585325569,-5.58636506299409
63.9175257731959,17.8180476608112,20.493817315813,-3.96603349628126,-5.04081622570572
64.9484536082474,16.8046871332494,18.928883757678,-3.77945619037532,-5.89663155922521
65.979381443299,12.2862386272912,17.2749619597452,-4.21047666128773,-4.99304701705781
67.0103092783505,9.13511538143629,15.0959038879198,-3.80038110541684,-5.07293569103433
68.041237113402,6.86088503143863,9.64098763835777,-3.74943683042231,-5.44465586761715
69.0721649484536,4.56062986807259,10.500420566464,-4.44659570524174,-4.31200415972795
70.1030927835051,1.41749484703252,6.68152930908144,-4.11738309930384,-4.74973579585149
71.1340206185567,-0.855133642408841,3.31737931426232,-5.10368997968662,-4.35711380034058
72.1649484536082,-3.88082597486471,1.87980304198794,-4.2497339646517,-5.48670060121257
73.1958762886598,-6.3251374567639,-2.26615391071344,-4.83080736060423,-4.94812461894186
74.2268041237113,-9.12172503067232,-4.46245756642979,-3.8989502895905,-5.18745470192313
75.2577319587629,-13.4431144388189,-6.8445454581898,-3.75186879855648,-4.34427329889228
76.2886597938144,-15.4790342826829,-11.0978084480726,-3.22815608499177,-4.84013736457101
77.319587628866,-20.5107113389975,-13.9396990153466,-3.88979068727083,-4.11531589340035
78.3505154639175,-19.9327554443205,-18.2583733087625,-3.59765209831475,-3.2411131758335
79.3814432989691,-25.9137158418378,-21.5682116602438,-4.13413873139658,-3.57377342918302
80.4123711340206,-29.4731680604079,-26.6536061133708,-3.56651730259943,-3.94701697480585
81.4432989690722,-30.5714717098521,-28.3584844613224,-3.26190001229275,-4.0664547118474
82.4742268041237,-37.1863594037746,-31.3439392006279,-2.86592435364796,-2.65213887439925
83.5051546391752,-37.1588869299782,-35.5832653472445,-2.15946161648604,-3.12564330505574
84.5360824742268,-39.6751878917423,-37.6372904230025,-2.38686712660021,-2.93291209578388
85.5670103092783,-43.1482876176482,-41.8257925896008,-1.59201398709878,-2.28741574117921
86.5979381443299,-48.1074659187156,-45.33287118346,-2.10699496020741,-2.02565463529138
87.6288659793814,-50.5429827377895,-47.0460853192309,-1.09824758573004,-0.914542753637311
88.659793814433,-54.123780431993,-54.0434689102391,-0.193900487870594,0.348615485028916
89.6907216494845,-57.5476566688589,-56.0790177942994,-0.943610919645093,0.0955336077748113
90.7216494845361,-59.1753036893733,-58.9066350250866,-0.464731785509181,0.696235755869233
91.7525773195876,-59.5637968386843,-59.5306285759753,0.332380068667359,0.569146488565439
92.7835051546392,-61.9996645719641,-64.1813488812,0.477906692558491,0.937089833930798
93.8144329896907,-63.6077997576556,-64.8711164088419,0.845907708421061,1.70980109357938
94.8453608247423,-64.6052103604156,-65.381444165501,2.96934357302316,1.29974796815335
95.8762886597938,-66.2703126207234,-65.510818272761,4.21642819740216,2.2754947225376
96.9072164948454,-67.1587157796769,-66.6300601296627,4.69339641566517,3.84801144846092
97.9381443298969,-70.2762386730586,-64.3376997293277,5.09654645614479,3.82673043463011
98.9690721649484,-69.1017658243477,-66.8877834908415,4.36848703994822,3.46322408233764
0,-43.3816204582124,-50.4883449793868,6.13082825272405,3.63045490168802
1.04166666666667,-44.0797292682054,-52.7310885828483,5.06774030864232,3.18181295024867
2.08333333333333,-42.1529583262508,-53.2148545226536,5.89553157727782,2.2746644156932
3.125,-41.7059073478558,-52.1938886303612,6.26556081512212,2.04632859333549
4.16666666666667,-39.765178563045,-49.9761466342911,7.81980682488514,3.97374887577277
5.20833333333333,-37.3586151144175,-48.4658150389303,10.1303681318186,7.35730544130652
6.25,-35.088745057847,-43.6461079898134,15.9767124333282,10.6209128395286
7.29166666666667,-32.5129361903465,-43.9647350861802,21.2539677134217,14.6438152754212
8.33333333333333,-31.2556157468477,-39.7625713685934,27.7991001790062,18.0447229370139
9.375,-28.3183235998479,-37.9843801020851,31.0865836492612,19.9292716456971
10.4166666666667,-27.8239667567348,-36.3369449484515,34.2922332632909,22.1819254578445
11.4583333333333,-23.9431204554798,-34.4195796196479,35.9374176626855,24.6094358263831
12.5,-20.3568740965359,-31.2912607894303,37.8362932110568,25.8819514523277
13.5416666666667,-20.2986984265254,-29.6473822064537,39.4689048604024,28.6559093846521
14.5833333333333,-16.1214246078681,-27.9800782263052,40.9175768781117,29.9310173782004
15.625,-15.9917522024559,-25.382488603859,41.8957760430343,32.2972357801276
16.6666666666667,-12.1978662994593,-22.3825131218211,43.7578975213305,34.4128120313903
17.7083333333333,-8.38346742261168,-21.3209818237332,43.2367930977657,36.2906878177621
18.75,-4.35471397436058,-16.5624149065234,42.7506680810752,37.5140897259145
19.7916666666667,-4.37761651892827,-14.5263637868555,41.9021007820807,38.638566835182
20.8333333333333,0.663910640836955,-11.2624868139123,40.6722370565137,38.0593249870585
21.875,3.82979594663901,-8.46786828289828,38.4927196574184,37.5841766774628
22.9166666666667,5.59746669672552,-5.75946085959416,36.3037687493182,36.3657572111496
23.9583333333333,7.98862115627736,-2.72656986171704,33.2453531449159,35.2947522115683
25,11.3392969144404,0.101918326524789,29.9503943999954,33.1023103391352
26.0416666666667,13.9391928120519,2.13030095447917,27.7136060004351,31.6593901987336
27.0833333333333,17.1205447416816,7.89289275583951,25.8730409780904,30.1457329722871
28.125,20.0687388358878,10.6687987429249,22.6175798975856,26.3478403115474
29.1666666666667,21.4423148413467,13.2122834048227,19.8451538961194,23.5326138423972
30.2083333333333,26.1624386041486,15.0094081551329,17.3483732708129,19.9257228773651
31.25,27.9608705009265,19.059609626251,14.0778373713143,17.6706982524591
32.2916666666667,30.4948151657703,21.3409109743233,9.64303028245061,13.6346469038457
33.3333333333333,35.5061017754461,26.2087884205231,5.86236636241206,9.02995606093106
34.375,35.7496311238365,27.8154348129991,2.02539512892561,5.26064148437335
35.4166666666667,39.8445105257082,28.3303728919674,0.384541046988675,2.52445704276413
36.4583333333333,38.9535585985351,31.9889465304823,-0.925852648414003,-0.0191591493204982
37.5,41.6316931650731,34.2938350729604,-1.99980587064712,-1.40936421090981
38.5416666666667,41.8799574779212,34.4246361630605,-1.86809350478128,-2.25742113821384
39.5833333333333,44.5840649982594,36.1571306425322,-3.14738378818429,-2.46309119205454
40.625,46.3502156824195,39.0938986314097,-4.18256351433995,-4.59151331892911
41.6666666666667,47.424684370844,40.9301018204499,-5.09787341887235,-6.36550297221777
42.7083333333333,51.5160639200775,44.1982167578894,-3.81538599384192,-6.14111863041359
43.75,49.7218434998083,41.9617911542276,-3.25677942509151,-5.18849881642196
44.7916666666667,49.3358081855573,42.429264752851,-2.77853995067625,-5.44711669020509
45.8333333333333,46.6457049536415,43.0790768720445,-3.79369683529678,-4.81063353208916
46.875,47.4767636549524,42.6698984135006,-5.30259564186949,-3.65488800098692
47.9166666666667,47.8667556152673,44.6471467884597,-5.52356648925299,-3.60855890066219
48.9583333333333,44.4703123325315,44.2414847898931,-4.29956199637645,-4.44968200171327
50,46.6507565357401,45.4515718415546,-2.04035292927992,-4.22776554262469
51.0416666666667,44.8898254600627,41.4623448694817,-2.45812005094619,-4.57643830915236
52.0833333333333,42.9940435362677,42.6310246883569,-3.46382086463464,-3.40916375230917
53.125,42.7912415097126,40.5087486526038,-2.15968023488543,-3.20671922690984
54.1666666666667,41.0049450074559,40.8887529027541,-2.99633640134062,-2.04197828016401
55.2083333333333,39.007567652922,36.6742148041793,-2.83563001612675,-3.98390482588775
56.25,37.6553588694651,36.6728280536436,-2.25699483722809,-3.36656987339271
57.2916666666667,35.124248946618,33.7469710316338,-2.82728414974431,-2.49680078817728
58.3333333333333,33.1896946035343,33.2035112934248,-2.49304383718043,-2.07699045684386
59.375,30.8228006702249,32.7221364664918,-3.00180146951661,-2.5128421494262
60.4166666666667,28.3442520510819,29.5342418001038,-1.80911493616997,-4.38146917288174
61.4583333333333,26.4484356635095,26.9529811214744,-2.07062006124353,-3.02417454157733
62.5,24.5963783571168,25.3313151691408,-2.56208069528344,-3.07856804575394
63.5416666666667,23.4806758282881,22.2202746120541,-2.46277684502103,-2.41497861194868
64.5833333333333,21.6528984659947,18.8472327611256,-2.8134908963694,-3.37823941603319
65.625,18.8740013156301,18.6548707394255,-1.46932032008494,-3.90491876340626
66.6666666666667,16.7892564812253,14.714990939551,-2.66853939857009,-3.87673383861605
67.7083333333333,15.402582143531,12.318005160351,-1.64135575535023,-4.22302236915064
68.75,12.2435191207942,12.1946977210028,-2.24769435908741,-3.02106175317586
69.7916666666667,10.7455122216862,7.15055200348727,-1.6147461351088,-2.70629765702683
70.8333333333333,9.06073003452458,8.14230382572749,-2.69318172405693,-2.42746999609219
71.875,7.88078892363879,5.14094924809175,-3.89595398340236,-3.43673177416732
72.9166666666667,4.50644056354004,2.80987070624732,-2.95238634779836,-3.01187159486406
73.9583333333333,5.02999606007616,-1.27021142997989,-2.74714419970035,-3.06442135463559
75,1.86091120263275,-2.32041753988423,-2.76180134034471,-2.89756729174537
76.0416666666667,-0.619199898773594,-5.52234109490135,-2.072639561167,-2.08749895752333
77.0833333333333,-4.51329812253945,-9.44906120848565,-1.80784690754055,-1.40113520121394
78.125,-7.71564442638105,-12.4301446529655,-2.08349474410946,-1.8706463650458
79.1666666666667,-9.77988247883132,-14.2568804991967,-1.61151145173079,-2.28662015200526
80.2083333333333,-12.4568402864883,-17.3287800053094,-1.42368825806369,-1.54872003856799
81.25,-13.7273791166045,-21.0515535858911,-1.66513889780543,-1.98638657209567
82.2916666666667,-17.6324408721639,-23.4621557570122,-1.3827447789595,-1.93243570331244
83.3333333333333,-16.4880282163169,-22.6226053661624,-1.57811507333044,-2.08070238702514
84.375,-21.9252554322847,-26.560812245971,-2.13404066239248,-2.84403426826349
85.4166666666667,-20.6043612550444,-28.8314268133886,-1.8075275594319,-2.49031179635725
86.4583333333333,-26.1775304297696,-28.6030694449191,-1.23860262904621,-1.35572833202295
87.5,-27.887170085876,-32.3281989594139,-1.26770979482133,-0.7068798305578
88.5416666666667,-31.4551200248331,-36.1658238217209,0.0416171178001652,-1.55677266155362
89.5833333333333,-32.3349967809083,-40.2411871268195,0.203208441523657,-0.970433683436172
90.625,-34.0898231182874,-45.3479225954687,0.874701727933159,-0.605799104769654
91.6666666666667,-37.8341173959296,-48.5254390282728,0.654036847946081,0.780974638021571
92.7083333333333,-39.1945899646315,-47.1833326519828,0.773911624291191,2.28727614356034
93.75,-39.7906429805624,-49.6512614221291,2.18153957540823,1.5607075843782
94.7916666666667,-41.0602763553891,-51.1045548439417,3.00713188016497,2.80779677585428
95.8333333333333,-42.2161630419474,-52.1350982284503,3.80422749625669,3.55628080008013
96.875,-44.0209279880093,-53.353001593301,4.42939144055457,4.13703528816902
97.9166666666667,-43.1126289734848,-53.879363614331,5.49402530172896,3.69339529551225
98.9583333333333,-42.4092027328599,-52.7619078666839,6.34406455240873,4.72980435312151
0,-45.4836060917357,-53.3216535715915,6.4221259442839,0.351268354888755
1.04166666666667,-45.0745791193231,-53.3191906874217,5.20740188162245,1.42170516914508
2.08333333333333,-44.8102917364484,-53.4078470610244,6.23425423317171,2.13638970341153
3.125,-41.6452200978077,-52.2970096812348,7.57992296079523,2.06097779452285
4.16666666666667,-39.5840413267837,-52.3589369405562,11.3814653997013,3.92313151740282
5.20833333333333,-36.5813818174897,-49.6125901661102,15.8003241280639,4.63961738990216
6.25,-35.8306419482773,-44.9595323687353,22.2237218530151,7.50880227520932
7.29166666666667,-32.8344959099382,-42.008120044942,27.5822604998794,10.4627505680324
8.33333333333333,-30.5061534376637,-38.1036168749446,31.3399797021426,13.9775352877306
9.375,-28.8279756400869,-35.8184833529418,34.4092411614533,16.024371876645
10.4166666666667,-25.516434620164,-32.7671530899976,37.3399618253393,17.7193062376097
11.4583333333333,-24.3424779689313,-32.304739495676,38.8482551994082,20.0703004885339
12.5,-21.1199690197725,-28.3356122137829,40.1546424801729,21.7648387990859
13.5416666666667,-17.7799806128173,-26.3034346364944,42.5663157686189,23.8327641019025
14.5833333333333,-14.2461071590718,-22.7290658813732,43.3689916148062,25.5964317095129
15.625,-13.3657244357639,-24.4286598530899,43.2450812944237,26.9800191002936
16.6666666666667,-11.6549559177653,-19.525230770418,42.2066621519497,28.0860289104269
17.7083333333333,-8.96283262830788,-13.8597814769987,40.98235489796,31.365568490738
18.75,-5.42057881067836,-14.4562777267223,40.0195608356052,31.3610037749672
19.7916666666667,-3.83404392619912,-11.9291815559916,40.507770434949,33.5373020793407
20.8333333333333,-0.712949080753259,-8.35893179719796,39.0434227833839,35.6199120300088
21.875,3.81209985320305,-6.45906030091984,36.0714887135365,36.2503393829839
22.9166666666667,5.56448612980173,-3.16856619920929,33.9929907721914,36.540678376729
23.9583333333333,9.24497841024127,2.05120369373495,31.8214759574879,35.6888057330027
25,13.1348599758643,4.3908386752836,28.6497958904871,33.6558022681598
26.0416666666667,14.094950181706,4.23697178808855,26.5360607733952,32.0225835671061
27.0833333333333,17.4556967187984,9.56172651632422,22.745526146988,27.9533674994816
28.125,21.4375671275838,13.6343033006756,20.4073507536686,24.6290539248175
29.1666666666667,25.1619012677696,15.8665519649929,17.3059774179877,22.3070194019474
30.2083333333333,25.7202195692477,18.2457304866653,15.2389379117427,19.2414549592866
31.25,31.0394167514857,20.5879992266063,10.547809635995,15.9240712127062
32.2916666666667,33.2163423277987,25.168522008056,7.35393348418635,12.3155929381538
33.3333333333333,34.6115591919766,26.6754398906967,4.56948190558483,9.27644147957436
34.375,37.8091740492842,31.2408260869642,2.59872671116648,5.33035421282789
35.4166666666667,40.052428781415,31.8942605731989,0.213289040744068,2.45959630998779
36.4583333333333,39.4576762780851,34.0313284612678,-0.778178225401607,-0.215420136318051
37.5,42.6960506220827,35.5344582091627,-1.20537278326325,-0.359578590982498
38.5416666666667,44.3718762748509,35.6462447966693,-2.87515924631293,-1.73842981652389
39.5833333333333,44.6843643987815,36.6657152840522,-4.83530015425501,-4.66485542771344
40.625,47.2656828537652,40.1035829023545,-4.24277204765503,-6.15549787001389
41.6666666666667,48.2379625390474,42.0072056838948,-3.73951013990367,-8.41814207486106
42.7083333333333,47.7202967758715,46.3035823970003,-3.14122233374921,-6.77022580590634
43.75,46.5877541397147,45.0579009442847,-3.84480386447584,-4.47324043423233
44.7916666666667,44.9551205663849,45.1997940518789,-5.07134793263032,-3.78964411160022
45.8333333333333,45.953436905432,46.2519250694231,-3.68702413691287,-3.47469999475746
46.875,46.5847074524217,44.3976780393932,-2.91394487231684,-2.08982937410475
47.9166666666667,49.4406024452514,42.9773730482089,-2.72878362629796,-2.13513285157567
48.9583333333333,47.3736329074647,41.8788555001072,-3.42817404466264,-3.86307858650982
50,46.164282174631,43.0289689405969,-3.1677918387608,-3.81480784179744
51.0416666666667,45.5971573497614,42.4172475572407,-3.32344860445237,-3.32659378198858
52.0833333333333,44.247250327168,41.5405392763685,-2.84640205153821,-2.5185305217936
53.125,43.0674928550001,39.4322922816889,-2.24820486182939,-2.26965122966283
54.1666666666667,42.1562840005992,39.0890009013766,-3.13958993665746,-2.5527798124755
55.2083333333333,40.4650359717287,40.1051198726113,-1.87189003859921,-1.6798449109842
56.25,37.9608966050186,35.4599282506187,-1.74541287404218,-3.50639576259719
57.2916666666667,37.8872197455261,36.3780949170146,-2.20264558361897,-2.97226354133469
58.3333333333333,38.6318378619755,31.8899381056283,-2.1960112475301,-4.00151264474129
59.375,32.7140765607893,32.3451225091884,-2.46359837443409,-3.98869751080997
60.4166666666667,30.5537252120569,30.5523505476985,-1.89375684582683,-3.89098329404179
61.4583333333333,29.3433447855144,31.9980448716681,-1.66295119931698,-2.81662686272432
62.5,28.9794521271356,26.5314346121602,-1.76277212319198,-2.91172984593179
63.5416666666667,25.9243939418211,26.3594274095683,-2.35263058109496,-3.92302609260592
64.5833333333333,25.3477600884105,23.6372477468133,-1.56665467260435,-4.43951057253319
65.625,21.7839442976506,21.5150713879008,-1.91313417313011,-3.4420876797058
66.6666666666667,21.8237010628068,21.6510921108324,-2.34747270458837,-3.16748246678742
67.7083333333333,17.8941537931241,18.2243189985682,-2.18440627130863,-3.55945795683448
68.75,16.4692046860717,14.98695990173,-3.14945351757984,-4.47635989972517
69.7916666666667,13.5753042920225,13.4161988444229,-3.15065646877362,-2.79710630658785
70.8333333333333,12.3548480794592,10.0795015732165,-3.44017664910436,-3.19162310516721
71.875,10.7403042199225,9.62309616943273,-3.04953106868185,-3.95996160972174
72.9166666666667,9.37498823397362,6.14305153420683,-2.89134305567043,-3.46036639616069
73.9583333333333,8.04122115629916,5.40041162549071,-2.90334565682089,-2.75856544071893
75,4.5100824647843,2.64660719080073,-2.02779885394944,-2.65040398240936
76.0416666666667,3.29641182814816,-0.550983356483379,-2.68424604606381,-3.3465387310045
77.0833333333333,-0.724966489173882,-3.35948509635925,-3.0751923382284,-3.14106312970757
78.125,-0.585357722306423,-5.86357314281983,-1.57317372866384,-3.81315815838093
79.1666666666667,0.179674390989348,-7.76328726459422,-2.39693948017989,-3.62628077500546
80.2083333333333,-6.43806032824926,-12.2975543201874,-2.07409267136487,-2.66904753815745
81.25,-6.03452816184576,-12.9209532801984,-2.24580133596158,-3.46822321214986
82.2916666666667,-7.89855452120965,-16.4024268366906,-2.71436630098296,-2.6536545626169
83.3333333333333,-10.9489907930732,-18.7315108949072,-2.29805494490245,-3.72403598501142
84.375,-14.6198333455329,-20.8184094288987,-3.05404918071225,-3.00568878845973
85.4166666666667,-14.9134220765808,-23.3028043446522,-2.77507051096146,-2.55771996956319
86.4583333333333,-15.5433468284182,-24.2342665644774,-2.2572094983124,-2.14084569624876
87.5,-19.0423974575012,-27.1284113517595,-2.63715290843842,-2.31687354342687
88.5416666666667,-18.210473775923,-29.3232993008417,-0.992984333105445,-1.36310514900251
89.5833333333333,-24.633754019209,-32.9834113201807,-2.11639715017636,-0.550549843792952
90.625,-28.8360797805228,-35.1743663814513,-2.0852129169928,-0.837251599945385
91.6666666666667,-34.5532441054893,-40.6877778811408,0.502762181561058,0.203042285434209
92.7083333333333,-37.1836952678168,-46.5996221749382,-0.313887977045548,0.571845824009925
93.75,-37.7414719085846,-49.8028836378681,1.28180791481528,3.59706687800561
94.7916666666667,-40.1273570335505,-50.0233636932552,1.85326626711838,4.69960782650441
95.8333333333333,-41.5882303024009,-50.6333131141162,2.24819066354057,4.75160705509737
96.875,-39.1702752909275,-51.7894583727093,1.78763729337534,4.77737953487246
97.9166666666667,-41.7643333427126,-52.8738039249032,3.10393500794043,4.44687320811964
98.9583333333333,-41.8196806001963,-53.8689720215753,5.66333402944684,5.63532427299059
0,-55.9678755763084,-59.0954257730145,3.96218515742195,3.44379676984182
1.03092783505155,-56.8642930767785,-56.1701655925901,4.33891909159465,4.31423706155992
2.06185567010309,-56.1466951950408,-56.0875512050299,5.64265771165061,4.33870119229546
3.09278350515464,-56.7999044358698,-54.2107609998889,4.76073495592994,3.03017145833921
4.12371134020619,-53.5614038992925,-55.6474638767955,5.49532993076104,3.71300609552133
5.15463917525773,-53.6908965401586,-52.9441154696833,5.7415187762551,6.1372657749096
6.18556701030928,-52.2226240053803,-53.5028787403077,11.0448004993221,9.71878578989196
7.21649484536082,-50.7690180804538,-49.9790252553288,15.8457563876966,14.2430642888831
8.24742268041237,-47.4798683834343,-47.0745492488815,19.5497122335003,15.5616641694285
9.27835051546392,-46.3091437047905,-45.5823302706351,21.3417267589527,17.1815364646763
10.3092783505155,-43.8463475189379,-44.4284170626087,22.2927156911922,19.6472372694473
11.340206185567,-43.8088648132789,-41.7762185252105,21.6547010595442,22.1862809106333
12.3711340206186,-40.6894844111291,-39.9558061235613,21.6900303794977,22.0636895145045
13.4020618556701,-38.9576287623183,-39.6120998698363,21.0301122282306,23.0025554374462
14.4329896907216,-37.828257024168,-38.3611690205041,21.5886155070196,22.8564973072434
15.4639175257732,-35.6287622586984,-32.8909415922097,22.1689288056667,25.1618044521076
16.4948453608247,-32.9989020262637,-34.0798501587761,23.5489158599406,26.7414138899165
17.5257731958763,-30.9185086511934,-30.2155305422316,25.4965967256949,28.0734967429779
18.5567010309278,-30.1204732459655,-28.2412485630212,25.7139018770415,29.5578909330485
19.5876288659794,-26.875221760638,-25.7880888398551,25.1089838637128,29.9134977912897
20.6185567010309,-24.4142853756566,-23.5498056901483,25.3459565860312,31.2694342458112
21.6494845360825,-22.4606138272156,-22.9079135988065,26.5563658042063,32.345857487952
22.680412371134,-18.0544794714472,-17.6177714237727,27.0341704979219,31.8541568842895
23.7113402061856,-19.8999954516375,-14.3829589802623,27.3134604038074,32.2566148313409
24.7422680412371,-14.5016390142301,-12.5371662226259,27.5063948141453,31.3490588381235
25.7731958762887,-12.2028285962264,-10.4123978523525,26.7042452945421,31.6280266177335
26.8041237113402,-11.2198230623019,-8.40584941914727,26.67796777604,30.4163996614194
27.8350515463917,-9.48600601495581,-6.74743862118728,24.7429611699139,28.5005245716635
28.8659793814433,-8.64809018548415,-1.20335123843542,23.2191355497575,26.3332065177579
29.8969072164948,-2.18782634184522,-0.0101441907448905,21.0127876764447,24.771761072239
30.9278350515464,-2.78661516975237,1.84973363424159,18.0960297832595,20.6020710909946
31.9587628865979,0.119498361068175,8.00844993773005,17.2229758247704,17.9195140215434
32.9896907216495,4.24738684919496,8.71224957107104,14.8526312852461,16.7632125824512
34.020618556701,7.0365209862054,11.5482237043543,13.2585395448196,15.1756346727065
35.0515463917526,10.7406488407171,16.1807632128811,12.9940691522721,13.7158214839922
36.0824742268041,12.4313562636368,17.0769125123535,11.7056478307573,11.7226771536165
37.1134020618557,16.6897255443935,20.2119167681729,11.1846018007073,9.83588917372352
38.1443298969072,18.0332008401813,22.7980734607956,9.22033207769274,8.32957711957276
39.1752577319588,20.7524788849811,26.9691169561318,8.25373666625117,6.63375230879364
40.2061855670103,23.6232092161149,28.1456002517175,5.98861079372818,5.80404930624068
41.2371134020619,27.1085445913137,31.3684522310022,5.12474043383836,4.5034758309405
42.2680412371134,29.0576007444294,32.0566573314084,3.81406462771902,2.6945312281241
43.2989690721649,32.4577222951642,34.5493849761316,2.09317644992037,0.075199980304512
44.3298969072165,36.1323448126752,35.2662755056446,0.573402664279825,-0.835146137231623
45.360824742268,36.0012923581847,38.7809894078335,-1.20676266432431,-1.87354731645613
46.3917525773196,37.4594861935728,38.1364159596157,-1.34561493788841,-2.08241773228046
47.4226804123711,39.9272001386366,38.5445984356934,-1.52834815344044,-2.32077803808857
48.4536082474227,38.3482764137504,39.6433697712246,-1.60883031884281,-2.43875851863396
49.4845360824742,42.6431643937302,43.3156617119441,-3.41833727569786,-5.51005749628395
50.5154639175258,41.2026888281306,45.6469975370397,-5.26068900889299,-5.46569225393081
51.5463917525773,43.8086083885697,48.2051421492639,-4.99916209429952,-3.95923856791322
52.5773195876289,43.6585076138208,50.0711646074612,-6.53571873475082,-4.07712294637108
53.6082474226804,44.0076722178457,52.1045657475326,-6.67046299490428,-7.68886700310637
54.6391752577319,42.7007959177003,49.8016470210634,-6.62145167949757,-8.1700856578331
55.6701030927835,43.2053894185995,49.7519659711421,-6.28386491569078,-9.14115750208719
56.701030927835,41.2880313576284,49.4055376255374,-5.82475260344571,-5.71019931199832
57.7319587628866,39.7013545629571,42.493936255497,-5.88070408559775,-5.69217040283863
58.7628865979381,39.1624760037391,41.1418356895584,-4.78152518472175,-6.01974525239088
59.7938144329897,36.5907435474136,41.5290317635397,-4.73754062435877,-5.62772894624689
60.8247422680412,34.5348015057956,41.038479983522,-3.69307340832204,-5.65508160155675
61.8556701030928,30.8751906507056,37.0947663920277,-4.74726258217788,-4.32469325535767
62.8865979381443,30.7437417475476,37.7352896595729,-3.74306282972806,-4.8333993249118
63.9175257731959,28.6266104911429,33.2900936169053,-3.4956949804079,-5.89028797296367
64.9484536082474,25.7147220752197,31.7333499524259,-3.95148226790852,-5.38998067214883
65.979381443299,22.3773764399473,30.4907326989099,-4.88740526716099,-5.26099720893867
67.0103092783505,19.7986194838503,26.5920541995639,-4.43429631226226,-5.01057708226465
68.041237113402,17.1401463505424,24.4608197177287,-4.35736339917956,-4.85080613915596
69.0721649484536,15.3104932783254,21.7069877707595,-4.32480535739317,-4.33555298912416
70.1030927835051,14.1389519165997,19.7588603632413,-4.42359929543837,-3.89668204923396
71.1340206185567,8.25875041966693,15.9295384434256,-4.07523131562781,-4.66922943751895
72.1649484536082,9.17308552149568,11.8904385634406,-4.41355915927674,-4.63217440226421
73.1958762886598,4.30740248177479,7.99832408012131,-3.84591280513111,-3.77753435413097
74.2268041237113,2.0630594968498,6.29244088493403,-3.82128608395679,-4.25259876707824
75.2577319587629,-0.300582995716467,4.39135150728199,-4.62292096521908,-4.61944489830908
76.2886597938144,-4.14006870223036,2.44904428184455,-5.85780709573158,-4.44049948096737
77.319587628866,-9.20735609443469,-1.84965109291395,-4.23075687172852,-3.5079035637668
78.3505154639175,-9.47916498435067,-5.86226813052059,-4.94310383771162,-4.48570757370878
79.3814432989691,-15.1608057541627,-9.65320487928793,-4.31887725681034,-5.10863766340009
80.4123711340206,-15.6447088716444,-12.1433581882225,-4.4936050802063,-4.41378917001524
81.4432989690722,-17.9395173541779,-17.590293335605,-5.41110436532433,-5.46566251349929
82.4742268041237,-22.0052960380741,-16.6555364812635,-4.12333561722279,-3.77871619176841
83.5051546391752,-23.7058051509495,-23.0689089049184,-4.30132129720025,-3.71070862284566
84.5360824742268,-26.9100607196418,-24.7323679710427,-4.29541400562827,-3.06040091687076
85.5670103092783,-29.5238923768513,-27.8868993005891,-3.06443339630091,-1.7326832416333
86.5979381443299,-34.2385012549358,-32.9972918847657,-3.06335864928024,-2.39380176169015
87.6288659793814,-37.8153196241661,-36.554652873138,-1.76898833291037,-1.6832816106759
88.659793814433,-42.2442899786146,-40.0241010644831,-1.08729757701893,-1.06607824430193
89.6907216494845,-43.2056961027149,-43.9863256888897,-0.832534264664842,-1.50446511384301
90.7216494845361,-45.8056758157619,-44.8464453919814,-1.21313439818362,1.85109958093015
91.7525773195876,-48.6217076454557,-47.5288351123651,-1.30493926139532,1.24803626694815
92.7835051546392,-48.9480652525169,-48.1843100459859,-0.156870461113016,1.14941003101323
93.8144329896907,-53.9109327374745,-51.318973367419,1.2170453782022,0.628056141422306
94.8453608247423,-53.8860249424207,-53.3553469434831,3.44238039004393,1.85223602292571
95.8762886597938,-56.4688808036201,-55.6300777295537,2.69960155383399,1.57182125957723
96.9072164948454,-56.2389139506556,-54.1905901478848,4.03248928403028,2.05466773245611
97.9381443298969,-56.944253663725,-56.2465979169229,4.79970680737449,3.71828094128378
98.9690721649484,-59.3239717361654,-55.2996364169247,5.32166622973652,3.52592634349639
0,-51.1398856055355,-59.3312349321375,7.47346895663782,5.88719571928525
1.02040816326531,-51.0796978583553,-57.0621907631639,6.91568020862112,5.51755499024546
2.04081632653061,-50.0808989034229,-55.7832769068063,5.39686739698215,6.08962035385027
3.06122448979592,-50.8791202137205,-54.9235988229711,7.39970169379577,7.52462311745668
4.08163265306122,-47.569555457828,-51.8244115895184,7.07296959213555,8.66395110464723
5.10204081632653,-46.5628923507983,-50.1141340199618,11.3341156764109,11.5917329056029
6.12244897959184,-46.79069929702,-48.7511981400244,16.3323558177334,13.8351794902456
7.14285714285714,-44.666832779183,-46.113455629026,18.3148400471105,16.1505347813073
8.16326530612245,-43.2081025390209,-44.5530044872675,21.6257409829052,18.7213047080767
9.18367346938776,-41.5499377392976,-43.1882107817847,24.8605636572226,19.8646757158809
10.2040816326531,-39.9666708571084,-41.2850904896567,27.7085205636504,21.4789428060282
11.2244897959184,-39.0112504031967,-40.7128404101011,30.0083298241692,22.8700926857855
12.2448979591837,-37.1865912805749,-38.0996561952709,32.1164474920236,26.4776685793529
13.265306122449,-33.9539744948401,-37.7092235188575,33.620282679321,27.3937326295708
14.2857142857143,-33.3485317340473,-32.9666306780223,33.7017534905836,29.4432074563206
15.3061224489796,-28.6110758391314,-30.4934667353579,33.5635747175905,30.1816448906937
16.3265306122449,-28.3218742685001,-30.0049596713369,33.5779215892665,30.4478886537094
17.3469387755102,-26.3043147265564,-26.9758816156586,33.8564311245166,30.475186341473
18.3673469387755,-23.379463811397,-24.4651232838866,33.5294117050953,32.1703152039882
19.3877551020408,-23.289352617253,-22.6039509058845,33.6997272265595,33.5847852791837
20.4081632653061,-19.2409627604718,-21.4115846152642,33.6136412107344,34.4537696517013
21.4285714285714,-14.1829688807801,-19.4661895400551,34.2875391990957,36.5698272853436
22.4489795918367,-13.4379347757094,-15.0326643855922,33.103727548003,37.1137891311436
23.469387755102,-11.866275278109,-11.8829132423876,31.9984176877418,38.095098826979
24.4897959183673,-8.18700993958356,-9.20674655739057,31.817998906748,36.6669441728948
25.5102040816327,-7.57577015324863,-6.7606870526399,30.671534033821,35.5990039777241
26.530612244898,-5.09633917683747,-5.63631611192255,28.2284795701707,34.3063265333525
27.5510204081633,-2.86729876170105,-2.26534616023411,26.9301414249341,31.8153327909872
28.5714285714286,1.24383551815302,1.19179791211464,25.5989116637901,29.5803186176859
29.5918367346939,2.36814287752504,4.4872332445405,22.7751193516671,27.4701960260803
30.6122448979592,3.96610081434417,8.10748354083388,18.6724509600607,24.3388005518051
31.6326530612245,8.2190134822279,10.7271384142373,17.0363790112472,22.8197641664716
32.6530612244898,9.04246702890008,14.408945037629,14.9844906086409,18.3330631009192
33.6734693877551,15.3016789891741,17.7233310866612,14.0317564748918,15.6824427845424
34.6938775510204,16.2443790044498,19.8908837862322,13.7989374828886,13.3741161201026
35.7142857142857,18.7843260347424,23.8783790551513,12.4451919667004,11.7225754070798
36.734693877551,19.6392384470824,24.2944359298619,11.0821464889203,10.6511298496983
37.7551020408163,22.4881909025104,28.9500413379121,9.77994869332731,9.2456899485151
38.7755102040816,26.9043729904823,30.3866425344176,9.24763358927229,7.54396888763029
39.7959183673469,28.0580384819204,35.3791489304294,7.67112515905013,7.27922286814073
40.8163265306122,33.0956480064771,35.5092716820841,7.89662622755109,5.61053428582769
41.8367346938776,33.5624875071965,37.3936585025508,5.30805126052669,3.87729532361689
42.8571428571429,34.858687842229,40.0093436287985,2.50070897407306,1.30716426796594
43.8775510204082,39.388444275023,42.1305919555207,3.02628429945755,1.33902427212687
44.8979591836735,40.2838044001471,43.4782007559044,2.0989497968188,1.27226078551548
45.9183673469388,41.2231800257275,44.5536530752984,0.684650939870207,-0.373389694210471
46.9387755102041,42.8509511711371,44.406892330049,-0.475025928515873,-0.263361315857377
47.9591836734694,45.8576454501636,44.0677799628848,0.212805707640841,-1.37660827711232
48.9795918367347,48.5536248244458,48.9637447535066,-0.958856362035872,-2.06809749137519
50,49.5301822595495,52.1141775156785,-1.44067990491194,-4.15366035240641
51.0204081632653,54.4555772868157,53.8853917758936,-2.5848945547341,-3.40722367244808
52.0408163265306,55.7513290298619,54.4465107771598,-2.438481865694,-3.74731777095181
53.0612244897959,54.5062413340045,55.921587354302,-3.47710034227786,-4.46770847814343
54.0816326530612,52.9668768220691,56.241931237221,-4.62287393463992,-4.15875843152802
55.1020408163265,54.0990671730534,57.1700941363576,-4.85218940000322,-5.08763461318351
56.1224489795918,51.5310074876626,55.5997024318152,-4.76655276345492,-4.4335372525844
57.1428571428571,49.1739059268745,54.9639143284059,-3.22718490123347,-3.50754992374769
58.1632653061224,48.5350640385144,52.7087518667439,-2.04209109429377,-3.50275958607146
59.1836734693878,48.6748038602454,52.4092857803216,-3.1993185691475,-3.18477171717137
60.2040816326531,45.2746525232012,49.4009800373722,-3.44070956742553,-3.51669169988803
61.2244897959184,45.2519812436774,49.7858849177705,-4.44971728304304,-2.60702807282533
62.2448979591837,43.1686321796414,47.0383492679941,-3.60516332860861,-2.56955975922183
63.265306122449,41.3554879293775,44.7558059562585,-3.47448321804744,-4.02866547199077
64.2857142857143,37.8257065565691,39.5802469132327,-3.95240940891641,-4.04679588520731
65.3061224489796,36.4712377052044,36.4423266496448,-4.48856272297586,-3.85601446002839
66.3265306122449,32.6725038975414,36.6982542751362,-5.37980191642692,-3.95203231694719
67.3469387755102,30.4549083917706,33.6322455332179,-4.81711741230631,-5.13081020534837
68.3673469387755,26.8857123639463,28.2083769949258,-1.85529669327643,-3.45557612722183
69.3877551020408,25.2370493676059,25.6257939474854,-2.70782469262783,-2.93430936959375
70.4081632653061,24.4104562250301,23.9244371468637,-3.52299103048309,-3.1876751220729
71.4285714285714,21.7573533125668,20.9769162336522,-3.15437310605993,-3.44675102328388
72.4489795918367,14.7161928351435,15.7481113565934,-3.11277209445765,-3.54563138564711
73.469387755102,13.8570305481581,14.1251971122591,-3.31225475426833,-3.96524922861946
74.4897959183673,11.2286624958827,10.4147828978577,-3.79751408761829,-3.37976001351332
75.5102040816327,10.0194712871914,7.19895526948171,-3.48664029854067,-3.60410240018547
76.530612244898,4.21357279216325,5.90847929303433,-3.11706590674965,-3.36220973132001
77.5510204081633,1.43643072534017,0.112172382673003,-3.15034490154263,-2.54190526354054
78.5714285714286,-0.198143036982026,-4.16859872079716,-2.70994879455856,-1.78406561222398
79.5918367346939,-4.31006182113999,-6.25927477990637,-2.64750180802168,-2.18740232561607
80.6122448979592,-8.22643006738631,-10.6210103024087,-1.92595868088053,-1.88936950047961
81.6326530612245,-12.0966011704313,-13.713410870428,-2.20793707071398,-2.18532513341805
82.6530612244898,-12.9472536619235,-18.4360147905507,-2.0085636410602,-1.90934462715391
83.6734693877551,-15.9666844469222,-19.6664005286581,-2.18136774993891,-1.84800900543252
84.6938775510204,-20.6849729666032,-24.2691358498424,-1.85570065942242,-1.18262716967913
85.7142857142857,-22.703199732361,-26.5933548300607,-1.72404510678648,-0.502448555364964
86.734693877551,-26.1667909637658,-31.694151225953,-1.81763229839438,-0.669887672744018
87.7551020408163,-26.4781340762418,-34.8432698282888,-1.82792150670336,-0.211424476357117
88.7755102040816,-29.3827878430056,-37.4963057247847,-0.735025034060599,-0.198557608022206
89.7959183673469,-35.3550288447717,-40.9425190008989,-0.558663720046855,-0.0873213706939386
90.8163265306122,-38.2103413072611,-44.7983322966834,0.837938385328539,0.807353002944967
91.8367346938776,-41.7926785806563,-45.5381481524295,1.76102937351478,0.581944016577125
92.8571428571429,-45.8888292755775,-47.2052203989572,3.9161883351094,1.49359049184401
93.8775510204082,-47.0437723148149,-51.9079540767384,4.10778051614788,2.44595009041733
94.8979591836735,-48.4662698679248,-52.2359901245684,4.20894178551933,3.6658876313063
95.9183673469388,-47.6273939632007,-54.2616478995309,4.89006646238553,4.19815412772722
96.9387755102041,-52.6073564009365,-54.3388657063786,4.94365176483037,4.0522191448473
97.9591836734694,-51.4561190623735,-57.1873024178799,4.74445313595884,4.17991346036998
98.9795918367347,-50.6016352631553,-54.9572082141551,4.93769025177914,4.62660503531099
0,-58.4339667558121,-70.3016336110744,7.52459055894645,4.49787693922578
1.02040816326531,-57.2202784140293,-69.7891348987854,7.36055088262924,5.40890917657224
2.04081632653061,-58.6050665350838,-71.5710161776098,6.39773195758973,4.42000367563955
3.06122448979592,-55.1755203666564,-70.1183093351212,5.4657089825903,5.08499234258332
4.08163265306122,-53.1643538403607,-69.8476837802218,6.49660761216437,5.23520545307111
5.10204081632653,-52.6477665152866,-69.0050544937862,9.48141053306718,6.25961788685358
6.12244897959184,-50.2017095951764,-66.3754564154224,15.265597500345,9.32462880235772
7.14285714285714,-46.2358322571896,-63.7200872306679,18.856826733404,12.5396706237373
8.16326530612245,-48.6883640963009,-61.5424999222613,21.2948084807373,15.7815062824101
9.18367346938776,-44.3368264314063,-59.793506300093,24.0322133974973,17.6132134700086
10.2040816326531,-41.8641004926738,-58.4528438589007,25.5086564344777,20.2748097703613
11.2244897959184,-40.776259715815,-57.1041124785288,28.2059536396814,21.7737652018386
12.2448979591837,-39.8843541259498,-55.5665088202155,29.4961620033612,24.5926225012521
13.265306122449,-37.4826870829332,-52.0099498905849,30.3641060909751,26.2665853997855
14.2857142857143,-35.9481255287696,-50.4914969780927,33.0222892660385,28.6855361233177
15.3061224489796,-34.7220793210405,-49.934301854865,33.5787854528637,31.0870944666205
16.3265306122449,-30.2765894309615,-46.6001102457962,35.5173431696377,33.4748585475479
17.3469387755102,-28.441158570299,-44.1990066309276,37.2269723684311,36.0635342548043
18.3673469387755,-25.8421211506,-43.0945308287139,38.1864198760365,36.698865933738
19.3877551020408,-21.8257499255795,-39.1284653502416,39.130837335105,38.4098786778365
20.4081632653061,-20.5829793948399,-36.9852153491301,39.4429951649074,39.5664069265101
21.4285714285714,-18.7915811524834,-34.7175604107062,39.7650963455142,41.1902147640498
22.4489795918367,-19.7965605316432,-33.7479217202178,37.9988752200332,41.6610854761321
23.469387755102,-16.6118040799423,-28.5271881848018,37.7655875791637,41.5879823825485
24.4897959183673,-12.5661519282637,-24.3885048516475,35.7288125842587,39.9591355481775
25.5102040816327,-11.0623306340855,-23.276089658118,34.6590578111341,37.9372938568615
26.530612244898,-8.38472823255603,-20.8129616466352,33.432654124889,37.9304418262999
27.5510204081633,-5.4073833159221,-17.8191498725334,31.4788031830975,34.989368832203
28.5714285714286,-2.88064899591208,-16.3570404917802,30.4195129496304,34.0841572409971
29.5918367346939,0.785309010408149,-11.0290291215324,28.1422179804554,31.434531264791
30.6122448979592,1.90337351335984,-11.406580141806,25.981695071907,28.7234094916466
31.6326530612245,5.96867444144431,-6.02816498483087,24.7408237663096,26.4492574977503
32.6530612244898,8.45978753869068,-2.64796453487738,22.824474577233,25.5456346449714
33.6734693877551,12.0893935703015,0.789975946705381,19.9265566881365,23.3481653338836
34.6938775510204,14.8211476867877,3.00172052034203,19.5725553470899,22.3849380042422
35.7142857142857,17.9671934566245,6.54833090761688,17.4356881152474,19.3876608074063
36.734693877551,24.0128894213901,9.54169866614943,16.2067501409394,16.1812190351429
37.7551020408163,25.4793335998035,13.7367575264139,13.4669975728377,14.4547591095717
38.7755102040816,27.8640587952431,16.620223936287,11.1166919707554,11.0354271218063
39.7959183673469,30.2754869593815,17.287731256282,8.08761065021143,8.03849707632868
40.8163265306122,33.6124798056535,21.7009785618523,5.35920746006593,4.08299222811853
41.8367346938776,35.7862729587463,23.2885483157279,3.55256595862241,2.58001530720083
42.8571428571429,37.2773363113722,27.9341325335985,0.992309199691948,0.393695574839205
43.8775510204082,38.4647888815098,27.5003130664002,-0.716105191740453,-0.320352174281307
44.8979591836735,40.5412677535809,28.242224388374,-1.21326203814171,-1.18230428677839
45.9183673469388,40.909937404576,30.0673873512788,-1.64099527032332,-1.65600891695237
46.9387755102041,42.4785492540784,29.3156985492799,-2.67586292505567,-2.92368852427526
47.9591836734694,45.9838861371145,33.2400259684865,-2.6811955041979,-3.00069940815016
48.9795918367347,45.8672625940655,34.3664263249546,-2.00084916612842,-3.85021360634143
50,45.1927009753013,35.0004544600807,-2.84939113610156,-3.68447942631252
51.0204081632653,46.6153315705406,37.8678218190203,-2.052087878218,-5.68085002234981
52.0408163265306,45.8121609021641,36.9617964429195,-1.94744841879317,-5.62898416812065
53.0612244897959,44.033262074538,39.6098212290471,-2.351468136633,-5.09909640365106
54.0816326530612,46.5967937172102,38.159446122732,-3.08873524743709,-5.21335802509342
55.1020408163265,45.5924254672289,38.1946948670582,-3.68870318426363,-3.48074298506425
56.1224489795918,45.0315909315515,34.9462947290108,-2.87024112501129,-3.12168914299899
57.1428571428571,43.6226807704861,36.1806246244341,-4.1028935790336,-2.6733782233301
58.1632653061224,41.8436510534786,36.6181055863203,-3.20429297753865,-2.63173073538823
59.1836734693878,42.4193015842865,35.1588430017733,-2.49856458293231,-3.72072575447609
60.2040816326531,41.6460440131332,33.1945781031001,-2.91545162510754,-3.46294491553076
61.2244897959184,39.7467053221083,33.5287565880774,-3.0832888056562,-4.03665029112288
62.2448979591837,37.1846947523101,31.7665426324941,-2.97839032354242,-3.5888988450946
63.265306122449,35.491010033575,29.6505719899047,-2.67899690628738,-4.11919503879211
64.2857142857143,31.9355354424644,28.154424657749,-3.63606331416871,-4.32343275210255
65.3061224489796,29.7699870447246,26.7038816491567,-2.30999577729497,-3.74485472854693
66.3265306122449,27.0754634332224,25.4885723387115,-2.23000228695997,-3.81996573256476
67.3469387755102,24.9231444502359,21.912703676567,-3.07846460877988,-4.06405442905469
68.3673469387755,22.0625617366709,21.0396301505556,-2.81703172949706,-2.94398341911777
69.3877551020408,18.985597385337,16.2176927550361,-3.0855365074121,-4.11445846165976
70.4081632653061,17.2771238112458,14.0700987128527,-2.49671330944722,-3.06201309763526
71.4285714285714,13.26284059777,9.23847442764316,-2.20124983286068,-3.5100801905163
72.4489795918367,10.6715883753368,4.77547158396462,-1.99680631002515,-2.52026866676262
73.469387755102,6.90680175401998,0.861814208576837,-3.9450988594143,-3.51166903046325
74.4897959183673,4.1860774059125,-1.48183663703552,-3.14832145507858,-2.57791345404398
75.5102040816327,1.48228471433404,-4.6430619578716,-3.32050118725216,-3.25974284389348
76.530612244898,-1.15786016854839,-7.15997830541461,-3.01966239010448,-2.47617913456136
77.5510204081633,-4.00898378755384,-10.5068453937146,-3.1704516604331,-2.81312951933421
78.5714285714286,-7.3481600612615,-15.7063862431267,-3.44687896331523,-3.35159534986654
79.5918367346939,-13.0578436210665,-16.3139287898502,-3.16000076854447,-2.87337443164906
80.6122448979592,-14.3619333599276,-20.0501494753714,-2.84158540619187,-2.76409271709865
81.6326530612245,-17.2553593180547,-21.9552595983717,-1.66606869797841,-1.97931783484858
82.6530612244898,-20.7980294175174,-26.7995459565291,-2.84754788404655,-2.56436360810066
83.6734693877551,-22.9062612882944,-28.1474538818763,-2.28619186741381,-1.57278132469576
84.6938775510204,-26.7717392437361,-32.4890341286294,-0.664764608556977,-2.18423242596545
85.7142857142857,-30.5740362602894,-36.5900298310166,-1.54621284225595,-1.14296312033272
86.734693877551,-35.1036748137103,-39.4359160918375,-0.813284998679001,-2.04030661334296
87.7551020408163,-37.2503280790015,-43.1828971539405,-0.154759588204275,-0.697125306752345
88.7755102040816,-41.9271881159756,-47.5649035310811,0.190412977788963,-0.711334382414165
89.7959183673469,-44.3639180612431,-51.6087451400897,-0.0215621747750931,-0.709428974312364
90.8163265306122,-45.9978409397501,-53.3069754376263,0.511231694983451,-0.521556876859391
91.8367346938776,-48.2507544093492,-57.313275501226,0.817607950349648,1.23721377441271
92.8571428571429,-47.6867846924099,-64.0536438532176,2.27706625849547,0.540102475278035
93.8775510204082,-53.5382598494047,-65.8058742702733,2.1899154911971,1.85922110175559
94.8979591836735,-53.8936736552066,-66.684571830543,4.04064765242869,2.84284821033967
95.9183673469388,-55.8912523590272,-68.0076723374684,6.04393527974617,6.46200169151182
96.9387755102041,-58.2099874660637,-68.7330022391827,6.2207527558655,5.60182229589325
97.9591836734694,-56.5669694964557,-69.8437469425949,6.36391671453843,5.49147632988078
98.9795918367347,-57.4674017076564,-72.3457445960386,7.93749224661258,5.83899016992264
0,-58.9867115627216,-63.0078561881454,6.38578281260901,7.53443228581668
1.04166666666667,-61.5423570224166,-61.1732001582006,6.66079959395914,9.2052966274965
2.08333333333333,-59.5538819014971,-63.1192021168443,6.05310849059407,8.90308178539793
3.125,-57.4752352765713,-61.5274396126135,6.65461575726846,9.61573066080955
4.16666666666667,-57.8127979934641,-57.4956866792039,6.10984035656857,13.4715444461639
5.20833333333333,-53.5547851476384,-56.044502597663,9.14118615639384,14.7332354073744
6.25,-52.9393616001086,-54.6591976374513,13.096092505251,19.635117970515
7.29166666666667,-51.8708942680983,-52.6761083168019,15.4349138411292,20.7078432146824
8.33333333333333,-50.9479723734721,-52.9891093297594,19.1608247119951,23.0468915407438
9.375,-48.21408781779,-50.4978442048445,21.1900479871715,24.7649898174903
10.4166666666667,-46.6218576476377,-47.7005153463884,23.4968956158803,26.2493417677923
11.4583333333333,-44.1264312923,-46.9940629956032,24.3382864632836,28.4198343204974
12.5,-43.3249499293944,-44.3631719412488,25.5192186089121,29.1220298799091
13.5416666666667,-43.170260961397,-41.7020568189376,24.7308505294076,30.2184524402728
14.5833333333333,-37.6926851225514,-39.4706090046183,26.3319314885085,30.305494107326
15.625,-35.72398726614,-38.7761868732367,27.5155356902252,30.9714068571889
16.6666666666667,-35.5839516478453,-35.5671410422112,28.0998252051072,32.0604498251339
17.7083333333333,-33.0167379315413,-34.7455586691513,28.4041445187363,32.3370330702556
18.75,-31.0498764961372,-32.187999520495,29.1414934085001,34.0415666195325
19.7916666666667,-30.340076658573,-30.730393597712,30.2378175021599,34.1692231242547
20.8333333333333,-28.0236038515417,-28.1576132781437,30.268140527583,34.4756094103434
21.875,-26.721998660561,-23.3264845324103,32.0609218004744,35.300932977234
22.9166666666667,-25.2346926275514,-20.2913277727569,32.8182508883309,35.4857973649684
23.9583333333333,-22.7675733415572,-20.1183221348317,34.6985083514216,35.6886497315989
25,-19.3363200226459,-17.0935594287707,34.9449876894069,36.3662372162802
26.0416666666667,-17.7012917431563,-12.4218973926911,33.7836149765438,35.8879459996546
27.0833333333333,-15.7580151174174,-11.1254871130455,33.4835369821546,34.0464675742804
28.125,-12.7754097174761,-8.69924442413698,32.030390488533,33.1455352525324
29.1666666666667,-9.4076594169087,-5.21477196169859,31.1691006470485,32.3481577381922
30.2083333333333,-7.82444281946912,-4.03761519187623,29.1752947091668,31.1691349459122
31.25,-5.4154407303057,0.0168911305736484,28.4462396285878,30.3576031295728
32.2916666666667,-1.70389178115787,5.47461791280897,27.3315706447687,29.1810866085786
33.3333333333333,0.0784766316675072,5.75106088112473,26.6838974072774,26.7570459834933
34.375,4.04373651306107,7.58572910471642,25.2072478582785,25.2699951950584
35.4166666666667,7.32926837935492,12.6757021095839,22.9505292796968,23.0399473635251
36.4583333333333,9.65945488117507,16.6613409189463,19.8780766839674,20.1412346473342
37.5,14.075598787573,18.543048461745,17.5791897336146,17.4378786328312
38.5416666666667,17.6639570759328,20.3158964553393,15.8276716594761,14.7801755610933
39.5833333333333,19.5107689178271,22.4871465550608,14.6196017657682,12.0093915848874
40.625,21.3154118241808,26.1430710806193,12.5368006128577,10.1700669141851
41.6666666666667,23.79266489951,31.5272987931634,10.664018782165,8.67038742331395
42.7083333333333,27.7236018579936,32.652789760125,8.42032812003309,7.46161239967385
43.75,29.7852524833168,34.2136806285659,7.3957385623214,7.57570151853827
44.7916666666667,32.887498672921,36.1938056269348,5.46733672170997,5.24205002327699
45.8333333333333,37.0674244749753,39.0054876977352,3.33727013663746,2.61381201936019
46.875,38.2876468950062,41.0517758896083,1.56990099871802,1.11481963757362
47.9166666666667,39.4186115039571,43.3824309573728,0.0167696560595585,-0.244644682484207
48.9583333333333,39.7697000146647,46.0516145191234,-1.23362321242494,-1.2862739179422
50,42.3385513418802,46.8492885857432,-1.2591331073842,-1.12250153734264
51.0416666666667,41.6796868010262,47.6388136837132,0.212280287356027,-2.17611859567978
52.0833333333333,42.0083102168089,48.0079388945769,0.795775533262447,-1.83493193406923
53.125,44.4725109777236,48.1346163983617,1.94325755380582,-3.62697205746483
54.1666666666667,48.7569208517074,49.055480154538,0.804335946151359,-3.87055268451473
55.2083333333333,48.557288659886,54.3457668596947,0.696196194778837,-6.07760255822832
56.25,51.2023450789466,52.3656242299102,-1.52985074397931,-6.16833442323908
57.2916666666667,49.680470070486,53.7511608297113,-1.03859501835443,-5.26066628687833
58.3333333333333,49.7753335651109,55.0199692043088,-3.53593708823809,-5.24969990380582
59.375,50.9013454221768,53.9730004340066,-4.15064303103978,-5.79150628993201
60.4166666666667,49.5215943960169,54.147291787027,-5.64769291946559,-7.00941703663907
61.4583333333333,48.5110205419697,51.5836016069615,-6.375377220963,-7.12748498684326
62.5,45.5402535291435,51.228659989689,-6.23515467706077,-6.28295243834112
63.5416666666667,44.3900625032018,50.3009479421545,-4.66601889841291,-5.89819402289843
64.5833333333333,42.1099183097532,46.9194357875689,-4.19942726150582,-6.52973553878907
65.625,38.6113177081763,44.2578331113845,-2.60350896977636,-6.07973658354984
66.6666666666667,34.8825532158125,41.6774368281578,-2.80666953666079,-5.31871521766555
67.7083333333333,33.0429168101366,37.7820711097921,-2.38206697617367,-6.73741807991482
68.75,30.7732991312793,34.9896864783068,-2.99648052988425,-5.88041728600834
69.7916666666667,27.1173869096308,31.3120227224504,-3.71952552041874,-6.04339474243483
70.8333333333333,22.9418574161407,27.6723686965269,-3.71070795524984,-6.09912646708161
71.875,19.9412547657309,26.3590446724643,-4.58099607337718,-5.40982466599702
72.9166666666667,13.5289325337636,19.9377309684314,-3.83067469398107,-6.37651604039176
73.9583333333333,13.7442135457501,16.8847197776555,-2.90212126737078,-4.8430974260976
75,9.523172421819,11.5920898844156,-3.21237246860174,-4.50610547811228
76.0416666666667,5.804624885384,9.32184755626528,-4.13217746118789,-4.97998459515136
77.0833333333333,1.6948397812644,5.43038640898283,-3.97778978960904,-3.9798764018586
78.125,-3.28058592931199,-0.136397944775154,-2.93331214496126,-4.03309786291345
79.1666666666667,-3.51775938232426,-1.98066223250775,-2.90246865299394,-4.0524382147916
80.2083333333333,-9.02727162151919,-5.65348290288083,-3.61557731172838,-3.10985745307512
81.25,-13.1383381833219,-11.541589014918,-2.08400360728727,-2.60509839456091
82.2916666666667,-18.8180936944644,-16.7880498308777,-3.2040127916706,-3.02495869126571
83.3333333333333,-21.6919089183911,-18.8905635591474,-3.4526783215743,-2.01269163122651
84.375,-23.5660400980557,-24.2164338858076,-2.62002442821434,-2.2020233715736
85.4166666666667,-26.4896473048834,-29.5978069560154,-1.18078408244343,-1.25806460645907
86.4583333333333,-32.6195852104621,-33.41189119286,-2.55020307157003,-1.41134290154864
87.5,-36.1546747623077,-34.7023847678961,-0.83361063029591,-1.05958249068536
88.5416666666667,-40.9198836988966,-38.723452515796,-0.0182119658318299,-0.0842363055955855
89.5833333333333,-41.1529227232755,-45.6391249751645,-1.03439534154803,-0.507171084685377
90.625,-45.762920281396,-49.1360829709371,-0.852369101071288,-0.823509984107053
91.6666666666667,-49.0162555308411,-48.560037797171,-1.93065524391885,1.89471807097468
92.7083333333333,-50.2549957145603,-50.8223868435175,-3.74842748139164,1.9331823763385
93.75,-51.1910638310828,-53.2059244815992,-3.33312097645709,1.70735687062943
94.7916666666667,-55.0721446516175,-55.5584776314399,-2.02415461973727,3.14853386924051
95.8333333333333,-56.2331708450664,-57.5632024479862,-1.18307365745425,3.39308586112861
96.875,-56.268785181913,-59.4377755544068,-0.280518275248623,4.29091241534325
97.9166666666667,-58.4252627896524,-61.6587506777673,0.685259773626377,7.09853301429502
98.9583333333333,-59.9815727866114,-60.3057135510564,3.49117782377125,6.89956011062342
0,-66.520140228218,-65.3911194442547,3.05125688151278,3.5772690539472
1,-65.3587675069275,-65.7710389788379,3.49610220724365,3.67914446178288
2,-66.0407285255026,-65.7788241144189,3.6617810890022,3.638657732727
3,-66.4783405798252,-63.8337085016639,5.17731831919616,3.10739388249903
4,-67.9842714652595,-64.77182631768,5.99031274041403,5.02308036040194
5,-64.9232359977482,-62.7962018353733,7.79555598182732,7.86450175245188
6,-60.6030582181144,-60.6708272164022,11.0778717731183,9.93672341456033
7,-60.715242894209,-59.4950871997197,14.5823625318163,12.5847238203822
8,-58.0309138297392,-56.9111512588547,18.1842997489851,13.9725205695793
9,-55.4221017122535,-56.6853121818229,22.1970666420623,15.3582895057704
10,-56.7483484872195,-55.1525989316916,25.3619684088146,16.8268190010896
11,-53.4559395352838,-52.6176200268488,28.8816631520133,17.2306361065549
12,-51.4206850754174,-49.7456976826256,30.6432869616708,19.1650012023583
13,-49.0017339536948,-48.5140122617789,31.9876639794301,20.7428250011899
14,-49.5583723307485,-48.7354318066075,32.6370367516064,22.4125358871488
15,-47.589697205847,-46.8120183065626,34.5895915244649,24.9547362754063
16,-45.1501012438565,-46.4969796358588,36.8627486856549,27.0117342985933
17,-41.567208636685,-44.1461434716784,38.489032480248,28.9672806623013
18,-40.2683273476097,-40.420723100283,39.3918054850446,30.9303192750145
19,-40.1738291860823,-38.8462015007479,40.1552858711451,31.9334084625531
20,-36.5942402994415,-37.5493376852592,41.5612186647336,33.1117010171547
21,-36.0685675056732,-36.4697515411954,41.7829321992643,35.1604763281035
22,-35.7836961448645,-35.2836361483389,41.2344361388258,35.4322882838315
23,-30.2114062987639,-30.7226725583823,39.5393081136246,35.475500165575
24,-30.6900510626412,-28.8301083063538,37.9042991285441,35.3299450722662
25,-28.5484098654223,-28.0005711102538,36.9226979129693,34.3134587078153
26,-28.1242302423808,-23.4095617199571,34.8952857147709,35.0129955381374
27,-22.6220084638134,-21.6531214675295,32.6428519571674,33.9571618772848
28,-20.4999165006175,-19.3996979569589,29.7265767505795,33.1399994002506
29,-18.8406622881574,-17.6784111133579,28.1529763939989,31.6003189620384
30,-17.4369305880512,-14.5875681901819,24.9045916271999,30.7089615001613
31,-16.3170603877187,-13.3681190464109,22.4449570611918,30.4658068895412
32,-13.4152681260555,-8.97028275442878,20.4017962388614,28.9613971453871
33,-8.5867756642557,-6.20793044643876,19.2485756045392,27.1051319856916
34,-7.055247715109,-3.07731357768186,17.6371426667285,24.7845388091933
35,-4.93538870472012,-0.551215927697773,16.6268088926953,22.5239878531977
36,1.47518327740381,0.605289734076971,15.2131111651692,19.7296037451725
37,0.0314524649537027,3.57833823521672,12.611252202822,17.6541667364861
38,3.16657097554063,9.24390433714614,10.2354974652552,16.2322433452336
39,6.60691286849087,10.5985580178522,7.84646223065591,13.899664230831
40,9.23602353718241,13.8510692989447,6.176457726964,11.0412772207928
41,13.071244277099,16.3442414357263,3.40632973740663,7.63620131913554
42,17.1731189154385,19.8479561550894,2.64033225890823,5.03360533933518
43,17.5088177923613,19.8646135565052,0.671370398832233,1.98501421238941
44,19.0884810522995,23.4955287229224,-1.14270880015973,-0.349627884587922
45,21.8309892967227,26.3603852958254,-1.84063802233903,-1.62066321653591
46,21.5262882551695,25.5000189603762,-1.4072147097682,-2.35084477539672
47,21.9017286050587,27.2039694025607,-1.52888283065982,-2.34522721663691
48,24.7584625228941,28.4698260888955,-1.97323727714914,-3.30348752414916
49,28.013104698004,31.015039524092,-3.96973159701182,-4.48316352520978
50,31.4346204908204,33.0696596188868,-6.38401986188376,-4.90852788634607
51,32.0836382780229,33.6137526302649,-6.71775490005571,-5.16816525153444
52,32.1319685414295,33.6836554687559,-5.60970778919054,-5.71315327430023
53,33.0464058794934,35.1085223527912,-6.88296276012498,-5.76919526068993
54,33.1864517697806,34.5004452367683,-7.17489938918514,-4.78393764746325
55,30.690601299876,36.633378672471,-7.14073446493717,-5.50781690834619
56,31.2654897469205,36.0818816243089,-5.5555325609946,-6.94533978740027
57,31.9429623463483,33.6757299636476,-5.353115609934,-5.40025868837705
58,31.1958514745875,32.7681262466345,-5.02034185002543,-4.50600883819661
59,29.42940855562,32.4156465033033,-5.51842028167719,-5.1981605384017
60,26.4364543287175,30.1992550680774,-5.88225468842156,-5.74916581785785
61,25.9213979211434,29.6551927346444,-4.97987644632797,-4.6220130957086
62,24.2419369430652,27.6263835065136,-4.25710028514417,-5.40618436391128
63,21.9109358911681,23.7547684609669,-4.75533265672757,-5.10510275945973
64,18.6995986353759,24.7649069971713,-4.81081919982459,-5.56444262829099
65,16.3740640258472,20.3600532556761,-4.08038000559591,-5.4930886783879
66,13.9759089911441,19.2961907678311,-4.84447428627765,-5.24600946292074
67,11.1075995379881,16.7469605279974,-4.13097715113701,-5.66908245105959
68,9.248241890644,14.1937167476245,-4.64849047005767,-5.53877697505401
69,4.74705174331332,7.90213281231702,-4.29544047175113,-5.48102428911192
70,4.52317422884287,7.50247269979008,-4.68878833231542,-5.21619158570317
71,-0.807632759761091,5.35960174731466,-4.4986159618073,-5.22423821260411
72,-4.04662768656819,3.58434352975121,-4.63694144495258,-5.37641609470955
73,-5.04298817035064,-0.757263550644837,-4.06137109512618,-5.16658746332576
74,-9.16862948988721,-3.65383364439478,-3.94433347312591,-5.18060273974166
75,-12.3526484209502,-6.96598155860519,-4.08800928853611,-4.51642069467127
76,-15.3650186035464,-9.85094223214551,-4.43652837195062,-5.34636745364998
77,-16.746839214944,-13.965726016072,-4.59416701873473,-4.97160616085103
78,-19.8001644724582,-16.562288215107,-4.54365903761704,-3.73561804955411
79,-23.3328941013808,-20.6577143560592,-4.27161068047643,-4.15977804679896
80,-27.2289640167496,-24.5583532717097,-4.17411532386928,-4.88145460796579
81,-29.6101274766228,-27.4661063763085,-4.7349621505039,-4.19377945141718
82,-32.3924895244365,-31.8126128660885,-4.4941841123253,-2.47858739102524
83,-37.5333693593437,-35.2074750765654,-3.16018665625289,-2.17509631942248
84,-38.9526189720374,-39.7765888579338,-2.61616394704082,-1.82740494790639
85,-45.7295403069554,-42.1491784279217,-2.19006915140942,-0.866450552326888
86,-45.7669878832703,-44.1611609235871,-1.57286394264592,-1.68214492687249
87,-52.2056381412023,-47.772772376768,-0.759829193038419,-1.54879543061098
88,-51.753034406138,-50.3059560664496,-0.559711454039625,-1.26916593788301
89,-57.1675730849654,-52.6053273957102,0.487251292741247,-0.734204156131858
90,-57.1971789700148,-53.8520180843015,-0.44092964939978,-0.215388148232894
91,-58.2753236028504,-57.6090706880315,-0.0781414992795751,1.1902630315407
92,-60.2028870959155,-58.4847572303815,0.842355648007272,1.60163475438699
93,-62.8579899091868,-58.7395314193679,1.82803773326262,1.62427323457836
94,-64.5816068558701,-61.9794867948128,2.16204196655495,2.26769943423465
95,-63.8663983304927,-61.5010777433188,3.73919561709049,2.03795330944371
96,-65.0339779347888,-62.2178420377041,4.39169690017723,2.8623103686372
97,-66.8343675795577,-64.8774687085386,3.81374466411854,1.68692157351811
98,-68.6405904106196,-63.3179548881218,4.50374351726874,2.31601949234357
99,-69.4665694935873,-62.7317457288289,3.37304646361969,2.25133752348054
0,-47.9460688973031,-56.952964648503,5.64418521333804,4.51942968277666
1.02040816326531,-48.2696581731852,-59.0444624224126,5.28129834890921,4.5960433306218
2.04081632653061,-48.8197811258177,-57.290451991849,4.65484060030631,6.23485423470349
3.06122448979592,-51.0009489484372,-53.2800502067202,7.31589577849244,9.58197130799005
4.08163265306122,-46.2132951304401,-52.1470856630103,11.4698018395081,10.7563962070842
5.10204081632653,-47.7102122402051,-50.8243139249113,14.6988750362086,14.816089921819
6.12244897959184,-43.0813042702654,-49.0927532433161,16.8349593127639,15.8616175331498
7.14285714285714,-43.0278274431009,-47.4415579114376,20.3505005677673,17.7857456398919
8.16326530612245,-40.9786428100664,-44.3537879391676,23.8954922925959,22.3937089986888
9.18367346938776,-39.6873409002626,-42.620564410504,27.0471713795475,25.0988190801757
10.2040816326531,-35.8364941668096,-39.9472535801686,29.7636032382637,26.9392045722488
11.2244897959184,-33.6376423021683,-36.4589369675707,33.0842317982237,27.3141777402834
12.2448979591837,-31.806237554452,-37.3432918920392,35.5108799608618,28.9972557577949
13.265306122449,-29.4973581070685,-32.9092754524437,37.1131053076796,31.3360768288191
14.2857142857143,-27.9669583199235,-32.2313871406345,38.2043911540166,32.0858977276744
15.3061224489796,-26.0892474138536,-31.4272137664822,39.1004688337134,32.7873482923566
16.3265306122449,-22.762876299411,-28.2789775689748,40.1851737528136,33.3143479889336
17.3469387755102,-21.0957331381482,-24.022571349879,40.5411224615287,35.6005735395098
18.3673469387755,-16.7937764228322,-22.6886648824543,40.8112978056424,37.836199934371
19.3877551020408,-15.550987953992,-19.0256532584833,40.010384828147,37.8002120100974
20.4081632653061,-12.9752988148182,-17.0682940841065,38.1420114908049,38.1152237212462
21.4285714285714,-12.1875959982469,-14.8455685932454,37.1590552506702,37.7277617922439
22.4489795918367,-7.71965141096949,-8.91782549282514,35.3381949156173,36.9821341213604
23.469387755102,-6.77745969435804,-9.45902319173917,35.0551247255333,35.4385171684924
24.4897959183673,-1.28270172125196,-2.81742289628973,34.1525466742452,33.5724113531868
25.5102040816327,1.03451593442292,-0.203092430158517,31.9317602333908,30.1139331677975
26.530612244898,1.98293210806158,1.51166150698263,30.6717409452152,27.2646116521959
27.5510204081633,6.77565577221252,5.71866077300415,27.2384705066836,24.5407448564098
28.5714285714286,10.6164751072286,8.19143208603598,23.297786317575,21.6436661486002
29.5918367346939,12.4461146709419,12.8751180034665,20.526973719166,19.3980412969721
30.6122448979592,17.1272197473941,14.9632326084239,18.2606013509881,17.0497412786009
31.6326530612245,20.3595293876516,19.5432783648909,16.9582910369727,14.9586789514953
32.6530612244898,23.7168288833758,21.2511304289394,15.5773576806209,13.8500138716639
33.6734693877551,25.303000266199,24.7640303574573,14.2601626871207,12.7470094882428
34.6938775510204,27.097038932345,26.62947162103,13.921895688806,12.4412576014217
35.7142857142857,30.2619406604157,27.9758688981179,11.9555509420979,9.27651012992896
36.734693877551,34.4173958204329,33.1475174544271,10.3631482585581,8.65199803156936
37.7551020408163,35.5274802382884,33.9476199601126,6.86024860182676,6.25246858450171
38.7755102040816,37.2316527486627,37.1586881696572,4.69835823067806,4.83357785345321
39.7959183673469,39.230066222067,39.2389362398052,2.96223175237533,2.76423501148199
40.8163265306122,41.6546358145044,42.6723044594674,0.996934370847949,0.717975739739836
41.8367346938776,42.5441532428838,43.5580394120505,-0.301382209922169,-0.22767220441
42.8571428571429,44.6305945061322,44.0110789912635,-0.950976213992703,-0.966300076413261
43.8775510204082,45.4401251059326,43.9888573142963,-1.7300843317023,-2.43989391550709
44.8979591836735,46.7744800099046,45.0605624651098,-3.79427869422457,-2.23446531862603
45.9183673469388,48.1403595787825,47.8938374795131,-3.63868176220936,-4.3863787292925
46.9387755102041,48.2741302171647,47.9258046345733,-3.31036902074205,-4.62031235798114
47.9591836734694,47.0515626838924,48.9595819953584,-4.15558667029325,-5.14737368546022
48.9795918367347,47.8839088740485,49.0648682754329,-3.49858579937874,-4.79059770155862
50,48.4971995780693,48.1092509933681,-4.3561446321208,-3.81034455869004
51.0204081632653,47.306873045307,48.9267422780253,-4.28052816615286,-4.81001485478012
52.0408163265306,47.3878085897789,48.4535682197064,-3.92469460591269,-3.73727631415886
53.0612244897959,46.428748438159,47.764904037424,-3.16318392966621,-3.56774267671915
54.0816326530612,46.9528777261927,44.8666844391947,-3.28254920721185,-3.685920123767
55.1020408163265,44.5016341854712,43.4159687064855,-2.89869808687302,-3.52605903808192
56.1224489795918,44.0947748141553,43.8792543562053,-2.37168550490292,-2.73284482741581
57.1428571428571,41.7922601408985,40.775965435404,-2.32198457544025,-2.87972965560056
58.1632653061224,40.4667675629714,41.941860939782,-2.61421832501137,-3.24520459985457
59.1836734693878,37.8539963303132,37.5751281799547,-2.28656803724472,-2.58394333310014
60.2040816326531,35.9636026520514,35.2391690959003,-2.3814207140364,-3.13686147243469
61.2244897959184,35.0185811400926,32.8359663114198,-2.0210835271709,-2.60090290981941
62.2448979591837,31.0184049461272,29.4582850247706,-1.8911352665134,-2.48380430061982
63.265306122449,32.3491234717119,27.3186188377908,-1.625274372474,-1.62917096761371
64.2857142857143,26.6979429976752,26.4382483322286,-2.4248679899433,-2.28466401584233
65.3061224489796,26.4541393435502,25.6250505141676,-2.54736348643626,-2.20405334445731
66.3265306122449,23.447396514605,19.2904588995554,-2.87318830248767,-1.07311069520878
67.3469387755102,20.7506921024762,17.4183950721619,-2.20758272738038,-1.87324715101122
68.3673469387755,20.0071061374649,16.7332176246644,-2.35078985080801,-2.92054356762265
69.3877551020408,15.945735810623,13.070311291985,-2.21652187223618,-2.39226338316916
70.4081632653061,14.8089451416337,12.4074634097805,-3.42683773888825,-2.47355669213883
71.4285714285714,10.7993152467893,9.61696276231458,-3.33554380552009,-2.90190428845518
72.4489795918367,10.350265387587,9.1320878128341,-3.40277706019939,-1.91942853724773
73.469387755102,8.65154187028105,3.28208436014288,-3.0323679497841,-2.26850887887613
74.4897959183673,5.61193321364857,3.26023629818043,-2.38049712898035,-2.36344875659456
75.5102040816327,3.89370835735255,0.102472115532471,-3.40596558285775,-2.19208265833489
76.530612244898,-1.78561023404777,-3.18111105447263,-2.56796836823337,-2.32032128532487
77.5510204081633,-1.66719511949573,-8.06797812736931,-1.90901201480236,-1.27860310611693
78.5714285714286,-4.81477025181155,-8.01835280091421,-3.14031475652384,-2.62383358327566
79.5918367346939,-7.07040548858475,-12.6298573493075,-2.73915686163509,-1.71015203062733
80.6122448979592,-8.67537391457903,-13.7942506849566,-2.23344892071577,-1.97425256940438
81.6326530612245,-12.0225087411424,-17.2702092243391,-1.16507165931233,-1.81499041155406
82.6530612244898,-14.7927108265629,-20.6276779845799,-1.00193348186051,-1.56432276099906
83.6734693877551,-17.4911174953136,-22.4845053632681,-1.28076217928688,-1.16052171577779
84.6938775510204,-20.2730953571439,-26.2684579353514,-0.613664240997111,-1.70426090426604
85.7142857142857,-23.3708640898677,-30.4466311859524,-1.38551134437624,-1.04810170313344
86.734693877551,-25.137427871724,-32.4247545533418,-0.507982517123435,-1.09938597833434
87.7551020408163,-28.0365913777026,-34.2710047393157,-1.15264215010233,-0.701014272257747
88.7755102040816,-31.1734043651725,-38.6075003621544,-1.13719279511458,-0.389793725117013
89.7959183673469,-34.5250712544268,-39.3983743746358,-0.719309936003201,0.589720895131238
90.8163265306122,-35.8944603309804,-42.0429510523784,0.0775109949172416,0.859458736768284
91.8367346938776,-36.6909652108884,-44.9912835730649,0.409537918650457,0.47141279184996
92.8571428571429,-41.8978873228704,-47.9230373570453,0.943072876329721,1.24982478236387
93.8775510204082,-42.8020690304281,-49.8804770532483,1.62391167033199,1.4206284898079
94.8979591836735,-47.044694093911,-51.7701151965531,2.16634437702767,1.96059427840386
95.9183673469388,-48.0064100382959,-52.85676436911,2.70408171671545,3.52792092878986
96.9387755102041,-48.5253826853513,-55.1496859722629,4.67647080492979,4.64839921724419
97.9591836734694,-48.8133436901973,-55.8797411523086,5.08915384211335,6.16228224777053
98.9795918367347,-47.6319439792896,-57.3764348589663,4.85305214251112,5.70494237787171
