"Normalised.Time","Stroke_GateAngle_1_sim_junior_25","Bow_GateAngle_1_sim_junior_25","Stroke_GateForceX_1_sim_junior_25","Bow_GateForceX_1_sim_junior_25"
0,-44.673226283229,-54.4760015824557,8.74468032166708,7.7141661862889
0.99009900990099,-46.7345458119059,-55.3453621920112,11.2854808410435,8.70292158936103
1.98019801980198,-48.0653301184096,-56.0931807836312,11.00363710838,9.46440704918808
2.97029702970297,-46.3370779771038,-54.5957856465173,13.9979384973272,10.4365577710592
3.96039603960396,-45.1010364111494,-52.4049361043986,17.7850444427566,13.463204276659
4.95049504950495,-43.7184582990576,-49.6172204202186,23.6902038997488,17.6808342911119
5.94059405940594,-42.3101789748333,-48.7858309884499,30.9241416702863,23.0302870421916
6.93069306930693,-43.0114352837691,-46.2537898888738,36.9654760456287,29.1861649246672
7.92079207920792,-39.4403678838973,-45.0802925025987,41.2189443736932,32.3618808025515
8.91089108910891,-36.3242835208491,-43.4967638446007,43.91529868796,34.9421087250119
9.9009900990099,-37.78310772482,-42.5369874954459,44.9036680900906,36.5785539908664
10.8910891089109,-33.3519904047819,-39.8990190058512,46.5916358412344,38.1034913051853
11.8811881188119,-31.2635390335831,-39.2921622354742,48.1816302169571,39.3188060185889
12.8712871287129,-31.3981461715834,-36.7820553989156,48.5516961409163,39.8250077746719
13.8613861386139,-27.2153329336934,-34.6798980640449,48.6716335419203,41.0013846566664
14.8514851485149,-27.3909241455448,-32.1419675918215,50.1691998642198,43.4224359335921
15.8415841584158,-24.309380267805,-32.035202617313,50.518468130233,44.5954915404691
16.8316831683168,-22.159148203323,-30.1842502507643,50.7413967328046,47.0198226791989
17.8217821782178,-19.0020533602357,-24.8591854895277,50.6257430173903,47.4649454655644
18.8118811881188,-16.4822009222496,-22.4973610751899,51.2434976403171,48.0757567461415
19.8019801980198,-14.386189499611,-20.7581312866263,50.022955049972,48.9322465640782
20.7920792079208,-10.3611039875109,-18.720445175949,47.9093817695373,48.1845917398531
21.7821782178218,-8.7962278189397,-13.8443595021025,44.4603881636531,48.3913607889656
22.7722772277228,-7.65768338246762,-10.6966693301054,40.6416406475605,45.2887315407442
23.7623762376238,-6.72446465647769,-7.22220069856233,36.1082097460224,42.4513215982901
24.7524752475248,-3.2665441730991,-4.43567256697056,31.03350458069,37.8402290990844
25.7425742574257,0.983827624273409,-4.26099711435722,26.1876624439355,33.7279404677498
26.7326732673267,1.47435529778215,0.549432118254391,21.7637461499987,28.2640759202272
27.7227722772277,2.95779135303014,2.53612674433469,17.9903489046722,23.9673092394985
28.7128712871287,6.48179537140584,5.9582537534935,17.310870427186,20.5396450016622
29.7029702970297,8.85500777289251,8.45645464426358,15.1741004903692,17.4365257793452
30.6930693069307,8.78039309672371,13.0835554914626,14.2473138868151,14.9562167629986
31.6831683168317,13.1430124539523,16.160049921841,13.3216983669389,15.9821498928747
32.6732673267327,14.9836581732002,20.1375243415814,13.1300367797317,16.1581258011008
33.6633663366337,17.8056726268589,21.2080223332507,13.4157898645298,15.4261720008973
34.6534653465347,22.8012609212797,24.4451427752696,11.8579674829069,13.625182322244
35.6435643564356,22.182470953703,27.0221897845097,10.9560161153142,12.044815475827
36.6336633663366,25.737147269802,28.556883697393,8.90061331150539,9.729241257086
37.6237623762376,26.1898591759855,30.1775305949178,6.5350348647954,6.73756629183822
38.6138613861386,28.3408114697688,31.343254755307,4.86420066714389,3.22123288214178
39.6039603960396,32.1921840440094,31.4570193481875,2.73123212238819,1.40747777279781
40.5940594059406,33.7473002721519,33.2470842784311,1.3990226541958,0.241199917776059
41.5841584158416,34.6117973189393,35.5723751687775,1.37160169659295,-2.64479708909521
42.5742574257426,37.9149545277405,36.8342742638141,-1.59244307962255,-4.1464335452791
43.5643564356436,35.4118267254535,39.5662472105496,-1.83033588632322,-3.44293193255336
44.5544554455446,36.7522335323603,40.8435969542806,-2.48467255451448,-2.89125450256349
45.5445544554455,37.7287993847521,36.4725733836836,-3.81012552713701,-2.5842841407592
46.5346534653465,36.0070441361198,40.0192119150062,-2.09609470052,-2.31826573412916
47.5247524752475,37.3854800634357,40.1142040856453,-1.691905191793,0.273004858170711
48.5148514851485,36.6120259620716,42.4227491666146,-2.34814709117252,0.145371331350422
49.5049504950495,35.2278335441513,41.3122624721893,-1.39659349801491,0.116896867193921
50.4950495049505,35.6077845273442,40.2959458480209,-1.30698473668745,0.313073376118181
51.4851485148515,35.6757742364461,41.2218037982633,-1.75052829884172,-0.0431205665781847
52.4752475247525,33.5703558845511,38.2836624510285,-0.588110104510866,-0.437139219630641
53.4653465346535,36.3867688670236,38.1117599817702,-0.601978573106113,-1.94589326770845
54.4554455445545,35.3091320734583,39.6119421922919,-0.846351199527979,-1.8354124302534
55.4455445544554,32.5396728840312,37.2751302902223,-1.2294411555978,-0.525521144604629
56.4356435643564,30.4770153525151,36.8323988896451,-0.496084108733444,-0.55398816524828
57.4257425742574,28.1349602550111,33.3903049444888,-0.950438034421785,-0.296518167640839
58.4158415841584,27.5254844349038,33.2852148342386,-1.2758410250863,-0.295129317176365
59.4059405940594,27.200318450353,29.8781507911594,-0.819029197679228,-1.13668724689659
60.3960396039604,22.9038283463508,28.6131663294001,-0.0212005886088174,-1.55406864689378
61.3861386138614,22.6909782988443,25.0883849888986,-0.695060284872207,-1.19697412449924
62.3762376237624,19.021024745851,23.1058619104584,-0.311110500215045,-0.648408324531229
63.3663366336634,20.4297483609713,20.495169687683,0.0264757784614816,-0.30011784979675
64.3564356435644,16.2287322283432,19.6999399879086,-0.388424923715625,-0.624445610448858
65.3465346534653,14.735185247112,15.8630813149272,0.679258349414114,0.508295683748992
66.3366336633663,12.2863825519788,14.7972283871591,-1.71583002664547,-2.62335983844701
67.3267326732673,11.7600006307148,12.0836157692343,0.0342225420687032,0.402161968758275
68.3168316831683,7.81298157018527,8.61121910046603,0.248423129656965,0.928285001365002
69.3069306930693,7.9851753554223,7.26039746205191,-0.06247179349348,-0.324616976063586
70.2970297029703,6.97608150614242,7.8887996817404,0.429076022933671,-0.0376820642856116
71.2871287128713,4.94956888750495,2.26235595296172,0.41348738318368,-0.597495640530367
72.2772277227723,2.48167798085344,-0.578135804575262,-0.133561918554449,-0.326448669367143
73.2673267326733,2.72964814864262,-0.126390736650668,-0.406908690177416,-1.14162763692987
74.2574257425743,1.51137240270555,-3.28925368061312,-0.397510647819795,-1.2021877854688
75.2475247524752,-3.74396105254215,-4.04885851319256,-0.744306169796242,-0.58183057313415
76.2376237623762,-4.48906983616224,-6.79515642033976,-0.625040845872436,-0.902376938610279
77.2277227722772,-4.77926890061166,-9.13283065205739,-0.696646431071583,-0.385361571805145
78.2178217821782,-5.14176374035926,-10.9859120947768,-1.75219717489263,-1.14109729230907
79.2079207920792,-9.40568804587331,-14.1159072120113,-0.609783056334789,-0.268625704318228
80.1980198019802,-10.6569443567739,-15.1679327475097,-0.759614645103114,0.13818182506728
81.1881188118812,-13.5413430023847,-16.2731794499414,-1.2224012833785,-0.915032428975214
82.1782178217822,-16.8648351395046,-22.0518430999626,-0.556277948204422,-0.863025712049546
83.1683168316832,-17.7850621240966,-21.8399381098003,0.332422167430205,0.336358749864291
84.1584158415842,-19.3098746207339,-24.2834987058002,-0.280594050755475,0.177266857674818
85.1485148514851,-22.7949935582908,-26.2988481544726,-0.455191706799822,-0.734779867841318
86.1386138613861,-25.8165902827022,-28.3957107030591,-0.0840625575173949,-0.190715187819716
87.1287128712871,-26.7407066147881,-32.496142440128,0.589422678735491,0.195628063626458
88.1188118811881,-29.0604944465963,-34.5233416740891,1.09333421972876,1.23539781404299
89.1089108910891,-32.7908938848688,-40.3364350565097,1.64952632979303,0.833176858729389
90.0990099009901,-37.0244283529293,-43.5512089050915,3.57805429480751,1.19651992038543
91.0891089108911,-36.6183392778861,-45.0811170818717,3.65492673570878,2.11933675374666
92.0792079207921,-39.3654044884226,-48.6635748607258,3.01314960467531,3.00793941342439
93.0693069306931,-42.4239445153982,-48.5798144407261,4.77499746130559,3.38896304531414
94.0594059405941,-44.4954330708912,-49.9341601406782,4.54175869646462,3.32803408634649
95.049504950495,-43.6466447612764,-55.7247380988523,5.16356654618524,3.59256965751045
96.039603960396,-46.0789229705343,-55.364492165618,7.15734243663345,5.89761075386222
97.029702970297,-45.6270077232842,-55.3799835087455,7.03351516396286,6.09313843533605
98.019801980198,-46.5587584557576,-55.6323249275875,7.38180446445467,6.2296873621637
99.009900990099,-45.2523433649415,-56.4485856086682,9.34855646660319,7.21439969224234
0,-57.4338032872556,-57.0368042135877,6.81014919604082,6.8269347660297
0.99009900990099,-55.4664824698208,-58.5063707104118,6.79174415163492,7.94776050234069
1.98019801980198,-54.2233574288795,-55.0464965830961,8.39116670659232,8.23872625537588
2.97029702970297,-53.0352011387026,-54.2101592540923,6.6987220687654,7.39228883256277
3.96039603960396,-53.0896763170188,-52.0353923142771,8.47497768645281,7.15952577152103
4.95049504950495,-51.4912052065157,-52.4822440373949,11.5044733755439,10.3490955194074
5.94059405940594,-49.1405517902172,-49.5003333660443,16.0704157793839,13.2268182676248
6.93069306930693,-46.932548461446,-47.3723900469577,19.3235431315819,16.1693108077119
7.92079207920792,-46.3697921631228,-46.8491449685622,21.2691067698682,19.6412987204416
8.91089108910891,-43.5542490581223,-45.4857895796056,21.8276435998685,20.7486651908002
9.9009900990099,-42.7402087536327,-45.178374345901,21.4477317402465,22.58372647604
10.8910891089109,-39.5380643160223,-43.5973163193907,23.0648662605763,22.6587396560744
11.8811881188119,-38.8642203189585,-42.3812561513825,23.8102301281129,23.5676335380598
12.8712871287129,-38.8693344141278,-40.725771836314,24.6251491752031,23.546443790297
13.8613861386139,-37.7377234375914,-39.0737846452666,25.2640022646711,24.6504134982469
14.8514851485149,-34.853374811386,-36.9784264409308,26.5315676019054,26.4110341371463
15.8415841584158,-31.7493825638058,-33.499975447138,27.0423455095684,27.2428146636008
16.8316831683168,-29.9128175288918,-32.3621207387225,28.089763387564,28.7371842562985
17.8217821782178,-29.0204341706616,-30.4636061262209,29.0251062736768,29.8110501107685
18.8118811881188,-27.9585252605969,-30.6258328488288,29.2903956998061,31.365411569728
19.8019801980198,-23.6854817893603,-26.7831745054648,28.9038436745756,31.4456467707706
20.7920792079208,-23.5603718776126,-24.544882789094,29.5856760740514,33.2746382564742
21.7821782178218,-22.1880313954047,-21.189019415649,27.1157211298893,34.9405963357505
22.7722772277228,-20.9163771414645,-18.3618839431494,27.6635401827598,36.4366792191813
23.7623762376238,-18.2652340020606,-15.9457766431655,27.2304631995064,36.6653420175876
24.7524752475248,-17.0549113725047,-13.5642844719632,27.4896883906588,37.0933212789244
25.7425742574257,-14.5661963181784,-11.6609821556299,27.0881571169858,36.288487733322
26.7326732673267,-10.6305524740808,-10.3069649992498,25.4720985117197,36.0906105098046
27.7227722772277,-6.34021486856423,-8.22171010764799,24.2333287485979,35.1395667414764
28.7128712871287,-5.1202678434844,-5.60141682451638,21.2001892373433,31.4264769563868
29.7029702970297,-3.42429301956954,-2.10172783185333,19.3006263369361,28.6451521930617
30.6930693069307,-2.12010828349751,-0.620945200877491,16.9983489060269,26.3852372894377
31.6831683168317,0.141201853326313,3.25574080211633,14.9738863078784,22.5116110008504
32.6732673267327,3.3829227235847,5.96062161312432,13.3030853140586,18.6751779276929
33.6633663366337,6.70144543635089,6.9155305237506,11.741494673723,16.1113094587001
34.6534653465347,8.85736181690942,12.2110305901337,11.0954626524466,15.1031319878487
35.6435643564356,12.7457991144729,13.2166076775207,10.0415786066548,12.1599803555668
36.6336633663366,13.351305538873,16.0185852755607,9.04914580143593,10.679673702187
37.6237623762376,14.4033637227517,19.1347227382357,6.98139009841914,8.6149111601207
38.6138613861386,18.6914660012268,21.6479100528817,6.56069388460502,6.51729616243328
39.6039603960396,18.6256419435003,23.4915946126127,5.03286126998899,5.49095222432853
40.5940594059406,23.2309190541982,24.1608752338113,4.47005715743838,4.05506655829735
41.5841584158416,24.6627581953928,29.7433588787619,2.74615163686793,2.16971594461625
42.5742574257426,28.8823867445332,27.054027300975,2.32095676131383,0.327750906067402
43.5643564356436,29.5624612547302,31.4590990647647,1.33401458868581,0.230916054128494
44.5544554455446,33.0867912072737,31.6795446417315,0.0324055199622378,-0.110774561222425
45.5445544554455,33.0361025048971,32.0194604573811,0.168472622696766,0.0469833793166732
46.5346534653465,34.5161528350244,33.5449586236551,-0.285676414216522,-0.93613547944122
47.5247524752475,35.5992018198348,33.8188728412976,-1.87487854511671,-0.266784561565819
48.5148514851485,39.7486445399888,38.0606988690087,-2.58564867931066,-2.26208057678409
49.5049504950495,37.3391483714492,39.0208625259792,-2.52258983115555,-3.54373424591413
50.4950495049505,39.4271265914147,41.1254258150704,-2.7556112862652,-1.33372626071439
51.4851485148515,39.3082114642143,42.8556159148728,-3.67062424182447,-2.10916423050776
52.4752475247525,39.0088077202309,40.5493352526456,-4.41882288418554,-2.18483540209318
53.4653465346535,38.5023203521396,42.2633690539621,-5.27308254893793,-2.54807457726711
54.4554455445545,37.2942581844721,41.8322235312903,-3.92214556406343,-2.29271843040914
55.4455445544554,35.8293938901695,41.1940294015564,-2.46981170357792,-4.08576613065402
56.4356435643564,34.2890090689211,38.6885642306498,-2.80046695903221,-3.81050865303443
57.4257425742574,34.2682909780783,38.1167586148122,-2.59106786498773,-3.96888872457756
58.4158415841584,30.5491487964236,35.7233111081399,-2.65325842941082,-4.04995791002204
59.4059405940594,30.9668735709876,34.9147114166334,-3.18742910375799,-3.40362653653365
60.3960396039604,26.4785441865702,34.9565885874904,-2.36563891327552,-2.96534850122499
61.3861386138614,25.7935959541681,33.1086142300571,-2.45379101864274,-2.47706258583759
62.3762376237624,23.6434522733878,32.2125730619616,-1.84548409070211,-3.2386754829922
63.3663366336634,22.4896515810798,32.3233423620892,-1.60425841965312,-2.52506203948119
64.3564356435644,19.3028190634982,25.3050007918151,-2.91915021549495,-2.75902029905764
65.3465346534653,16.7979241381726,26.7382512131172,-1.89818664049457,-3.01438348982707
66.3366336633663,14.3487272503233,25.2366939524287,-1.90508744235345,-2.70678020272726
67.3267326732673,12.8561684440536,21.025086802362,-2.40105773288045,-2.08169895844054
68.3168316831683,10.4239607879265,17.8101406016159,-2.18335095851359,-2.67862761437557
69.3069306930693,8.33217866011326,16.3309275742363,-2.11697550459969,-2.69258615486504
70.2970297029703,6.21912099247701,13.3986453870448,-2.29994032350088,-2.91278021221625
71.2871287128713,2.2182496212599,10.5996642079877,-2.46738398551813,-2.18781510242645
72.2772277227723,0.192046760587197,8.15013047865052,-2.48893365838725,-2.83505422747367
73.2673267326733,-2.69536252174343,6.30731806808573,-2.30117065014293,-2.13787391294748
74.2574257425743,-4.26257556461221,3.84340154142609,-2.9993644494564,-1.27071896300955
75.2475247524752,-5.16720581640954,0.216090599143066,-2.17087026701877,-1.42947523644342
76.2376237623762,-9.67548237029035,-2.89140539222653,-2.29765992625457,-1.12790661893861
77.2277227722772,-12.419819491293,-4.96783066111549,-1.69015564218127,-2.02109552915742
78.2178217821782,-14.3131923134793,-7.76442593262313,-2.78732091223082,-3.00583720562576
79.2079207920792,-17.5913813484049,-8.20640463640636,-3.10275704424456,-1.43640120194227
80.1980198019802,-18.1908372826669,-14.0497120383101,-3.30352756591256,-2.09236024856871
81.1881188118812,-21.1737247924571,-16.3491833043436,-2.73443219769745,-2.18474473117689
82.1782178217822,-21.9808228272336,-18.9940188252658,-3.0720003814961,-2.05682557214201
83.1683168316832,-27.3354823860493,-22.2320793187897,-1.23832438036066,-1.62380138964549
84.1584158415842,-28.3719205940983,-25.779786639497,-1.36712900936032,-2.48376375080278
85.1485148514851,-31.1883997066092,-27.4961665850273,-1.73252802666153,-2.20541562261351
86.1386138613861,-33.653932167402,-31.4026946496162,-0.696961384990775,-1.55032681250108
87.1287128712871,-37.5739309450197,-34.75312440745,-0.0015298706155874,0.368802593243646
88.1188118811881,-40.0258285950307,-36.8099835414044,1.85595713725461,0.563118216884711
89.1089108910891,-42.4356997867042,-41.0498346726355,2.36190969042847,1.21062337371571
90.0990099009901,-45.1135147509657,-44.0018137578349,1.47630232328102,1.09636571838473
91.0891089108911,-46.9629100568077,-46.2398772190048,1.19599440536898,3.11730420367772
92.0792079207921,-47.0465351109423,-48.9039134587017,0.972275058218861,4.80501950484345
93.0693069306931,-51.1694845358692,-49.7701129111439,2.93676904647022,4.66107137528434
94.0594059405941,-52.1602912212362,-51.2287484243709,2.57828576374161,3.3894764206065
95.049504950495,-52.9733642355295,-53.5264622426182,3.71937373551159,3.86306647668697
96.039603960396,-52.9750291398499,-53.1248598351511,5.18328501847573,6.46816490771425
97.029702970297,-54.9490501884387,-54.775469535763,5.31339773055917,6.51262243548645
98.019801980198,-55.6197056892403,-55.6644868174102,4.81506142724211,7.12336306584931
99.009900990099,-55.2613984492073,-55.8158078790035,7.79056585954281,8.33001244074666
0,-56.4549803723913,-60.598975783973,8.23876808385065,9.65406186351919
0.980392156862745,-56.1715558252084,-60.4514986342044,8.81206156904052,11.0291629420504
1.96078431372549,-57.0811450798579,-56.8047148832074,10.0254208124492,11.2271432844392
2.94117647058824,-53.760942367825,-57.6745201608168,11.8300212790791,11.7287873426356
3.92156862745098,-52.340592699145,-54.9653774547436,11.6766116507127,13.2526560637825
4.90196078431372,-52.3065392935145,-55.2941929588755,14.3408152113122,15.6143889657822
5.88235294117647,-50.0441704809635,-49.7741568347412,18.9622844950019,19.7489976809637
6.86274509803922,-47.5617259207714,-49.8311897156588,23.4349625699443,24.2171217219447
7.84313725490196,-46.297919490843,-48.7772842455851,26.1329846590129,27.2429554328089
8.8235294117647,-41.2529731331421,-46.4845183013791,27.9390122292535,29.3462174589651
9.80392156862745,-41.7786359093809,-43.9694632096969,27.041515361118,30.577201552849
10.7843137254902,-39.4815126676459,-44.1002094905092,28.8991478792418,31.651547953741
11.7647058823529,-36.3520392320463,-44.0525235386865,29.6889767589068,34.2769377331772
12.7450980392157,-35.8151220991929,-41.2342324614256,32.1891183818279,34.8121260385279
13.7254901960784,-34.4541294557285,-37.6037772074651,34.3041971565232,36.8988815154289
14.7058823529412,-31.922018028144,-34.3652776237696,37.0746981209856,39.018179516724
15.6862745098039,-30.3925605524671,-35.0489586348285,39.8816002586935,40.6968246332177
16.6666666666667,-28.2212571847371,-33.912165415594,40.5150096729707,42.6318252076797
17.6470588235294,-27.4231456065751,-30.9815744411245,42.0910570059977,43.8097747618065
18.6274509803922,-25.1082442848331,-28.8171801206725,41.891170795204,44.8736616806236
19.6078431372549,-23.2350672819549,-27.5396249107746,43.1240828275034,45.2121471849993
20.5882352941176,-18.8021159461254,-22.9222410749992,43.4252593606832,46.31576160588
21.5686274509804,-15.9586110942078,-20.8272329505355,43.0145219942496,46.7964704923296
22.5490196078431,-14.1006201873378,-20.3137356561105,42.4377623977987,46.6381026200628
23.5294117647059,-12.0082068326444,-16.1538844309566,41.6841278596442,46.957738737545
24.5098039215686,-11.5868154498035,-14.6329326356506,41.205328247399,46.8109841076861
25.4901960784314,-8.31149958017501,-11.8919383616072,39.3603457473091,47.0446595440278
26.4705882352941,-5.51202673178196,-10.0625637498032,37.8961153243311,44.8287724673839
27.4509803921569,-3.58595201187907,-7.43420889700677,35.8752248344219,44.5875324025367
28.4313725490196,-0.243481597186073,-4.14427016268217,34.3430945607535,42.119667256333
29.4117647058824,0.888641636039683,-0.707140173023567,31.5061118804284,38.8899554308574
30.3921568627451,2.68725112821294,1.95435517198693,28.9720920523793,36.7100166987757
31.3725490196078,6.10343067575015,4.52587000519864,26.6895882709402,34.2862719340784
32.3529411764706,9.44958837285939,6.74432773694003,25.9400212036644,31.1525529480669
33.3333333333333,10.8840220193609,8.96768416925955,23.7378588700509,29.2811390987656
34.3137254901961,13.4863148290506,10.304899291494,21.391437056641,25.5994333259567
35.2941176470588,15.3572918706376,16.0190343502708,20.5467897994112,23.791079501693
36.2745098039216,19.7453715868817,17.9767819276468,18.3728325038302,20.9985036368643
37.2549019607843,23.0011914653838,18.8890982067054,16.979808062138,19.3350095645083
38.2352941176471,24.4050955604811,24.5760070321701,14.7081487494677,15.9334152268969
39.2156862745098,26.3647175169024,25.0325000637257,11.5682997602295,13.6345715026438
40.1960784313725,27.9059666280375,27.0540109340863,6.26086724984048,12.5953494412603
41.1764705882353,30.3836881439868,28.0049537890362,5.0290380416484,8.82650436990784
42.156862745098,31.6524938652343,29.8473874645667,3.84947593784042,5.41976742516848
43.1372549019608,32.5004093074337,32.7516048531686,2.93425812199696,4.47433261356201
44.1176470588235,33.9919186703469,34.1579619376079,2.31956520096403,2.38992391456288
45.0980392156863,36.0675578554117,34.8858444149727,1.05622922769579,1.56993759557311
46.078431372549,37.5860252368044,36.3242350621959,-0.054910129279679,0.738350624526466
47.0588235294118,38.4103644339503,36.6178209390939,-1.65844534573559,-2.25118047839041
48.0392156862745,38.7024737922116,41.6083109488407,-1.48537874036678,-3.90126073474894
49.0196078431373,38.8507511005069,40.8025092267497,-2.69295780115372,-2.38371704633928
50,39.0222134726205,42.6532759612832,-5.5204436810606,-3.17841613258984
50.9803921568627,37.665565617375,40.4031636057376,-2.41690618466379,-3.40216476689919
51.9607843137255,38.5387771584974,42.731836346463,-1.69684753364209,-3.26716500545512
52.9411764705882,40.2495398376295,40.9011909318351,-1.58474563088503,-1.53665563367619
53.921568627451,36.8897242910804,41.417055963868,-1.43335610890659,-1.50942851570207
54.9019607843137,37.0766068173427,40.5477777167895,-1.56438822333841,-1.49233057918917
55.8823529411765,36.7767796361735,40.45536911398,-1.74673005864393,-2.14148583966789
56.8627450980392,35.8880125069944,39.4568638182929,-1.46992869951782,-1.7909495321062
57.843137254902,33.3405052819655,36.9253087716635,-1.40935770550684,-2.24189021365791
58.8235294117647,31.8743966428869,35.9522262430324,-1.43060476466896,-3.0678186965792
59.8039215686275,30.0511653547261,34.8735190468111,-1.92701813225317,-1.34190426488258
60.7843137254902,27.2872895500801,30.9358596823828,-1.36779955345318,-1.21464184380653
61.7647058823529,25.7340928562414,27.8862144970953,-1.62737271561974,-0.628180740994185
62.7450980392157,22.9641283974448,28.0698685880206,-0.813142748528498,-1.87651069807943
63.7254901960784,19.7815494876839,25.8000762748215,-0.339733889133582,-2.23586895942034
64.7058823529412,18.3699488404092,20.240647216412,0.0881984342601836,-2.03997795507651
65.6862745098039,14.7626597875297,17.9796311884919,-0.558405908847406,-1.24147019914395
66.6666666666667,10.7877558687004,17.1923789787728,-0.742549316703306,-1.4561743481527
67.6470588235294,10.8077973495105,15.6719699341565,-1.11144430443256,-0.39384974890945
68.6274509803922,9.01538687591515,11.77268125167,-1.009198520435,-1.43049200009323
69.6078431372549,5.25735347320468,8.55887963069326,-0.0973828680859846,-0.265004609551389
70.5882352941176,5.26477138647372,5.33515451305923,-0.865476477287941,-0.685208808895015
71.5686274509804,0.0706282095708387,3.27747320417014,-0.505086853902147,0.173108847800368
72.5490196078431,-1.07168480452699,1.33226610853238,-1.00247169060184,-1.37112566557929
73.5294117647059,-3.94853822734147,-0.436395279344453,-0.99393055979163,-0.949325796725313
74.5098039215686,-7.82835322559568,-2.96887393516848,-0.611214213250391,-0.110492677714675
75.4901960784314,-8.38711740054272,-7.27365100042836,-0.712996335422423,-0.600501895383064
76.4705882352941,-12.0080205537162,-8.99183173266802,-0.352314001416277,-1.03864319083488
77.4509803921569,-14.7537870579036,-10.2917476332894,-0.576495636868268,-0.0205159467906217
78.4313725490196,-16.4004321753787,-12.730422436124,-0.462402515175691,-1.51821925963705
79.4117647058823,-19.685127612445,-15.5132071816805,0.0621966834875761,-1.74356006343447
80.3921568627451,-21.8470086739405,-17.4558042271704,-1.28058450976637,-1.57857259424784
81.3725490196078,-24.5510004702401,-21.1434642271017,-0.0922881935290342,-0.440054816647326
82.3529411764706,-28.0076845554447,-24.1616317093245,-0.49412013936313,-0.540089795958572
83.3333333333333,-26.4452507107779,-26.6986074270793,-0.117516035716892,-0.446535161643297
84.3137254901961,-31.0028779706416,-29.724208510523,0.321666346462454,0.831495521040296
85.2941176470588,-35.07866223978,-32.6764647161491,0.849046983824332,1.49537595193102
86.2745098039216,-33.9641184647099,-36.6588089865922,1.47364584956552,3.59028350905276
87.2549019607843,-38.2807997888147,-37.8135806990653,3.09725140990213,3.66505931406965
88.2352941176471,-42.0259356323302,-40.1009064329793,2.35051395280001,3.51004373483833
89.2156862745098,-43.1709474277527,-44.6535463934299,3.2010932158475,4.37994663474654
90.1960784313725,-45.7656029331104,-45.3746624516409,3.56670468610707,4.66549333414473
91.1764705882353,-47.3681133001137,-48.4500165026541,4.31902183634378,4.9265484334028
92.156862745098,-50.2180529307049,-49.9556719609258,4.59131921024597,4.75774877055573
93.1372549019608,-49.6497660286389,-52.96235873091,4.64510724464548,4.78426020151102
94.1176470588235,-52.2350736909803,-52.811037126915,4.45224717595841,7.37340418447178
95.0980392156863,-52.1586235817977,-53.9652623842132,5.4252018045704,6.84435631292041
96.078431372549,-54.0046239299059,-54.6730147015307,6.28792474637095,7.99843512550471
97.0588235294118,-59.2385361652157,-55.8896369378542,6.50771707491777,8.31999106510338
98.0392156862745,-54.8090100109236,-58.745795151603,7.68012591654984,7.41745347423583
99.0196078431373,-56.0315279689794,-55.9221413648571,8.21025484648077,9.03720131714394
0,-42.5940101215447,-50.7740780486435,9.38954220077371,3.41885151308326
0.99009900990099,-45.1164388169893,-53.1439737857439,7.75597815299594,4.28926093523336
1.98019801980198,-43.8636942282005,-51.7262901933116,8.87880402761501,3.09322669390307
2.97029702970297,-42.4669457894344,-54.103284946492,9.96997980201159,4.33022917846364
3.96039603960396,-39.6873308702461,-51.4053984476805,12.6771702095157,5.3411855936441
4.95049504950495,-38.6691297174467,-50.853941966007,17.4042628081422,7.32010508961643
5.94059405940594,-35.047487963988,-46.1572658922585,22.5330553498997,8.78600123557998
6.93069306930693,-34.1878387649844,-43.3506178122365,29.6930414777353,13.4621556054813
7.92079207920792,-31.4005700932016,-38.5846796752753,34.8380192084471,15.3358314827764
8.91089108910891,-28.7895240161489,-36.0019045057902,38.4330763021835,18.2605366475207
9.9009900990099,-28.8661382769156,-35.2378006146431,41.5811435151283,19.9686026273957
10.8910891089109,-27.7597423789694,-33.6087310208058,43.0495610139461,22.6358040606496
11.8811881188119,-23.8413132281997,-30.6011239245663,45.614655455135,23.8043573303673
12.8712871287129,-20.6743921847194,-29.5650806258866,46.7519645073689,26.2002222612102
13.8613861386139,-18.9494198261675,-27.1528306045148,48.4562301555271,28.3324185463417
14.8514851485149,-17.0227307500699,-26.2850471010486,49.0606251745775,30.9287551659374
15.8415841584158,-13.796898718074,-25.3759530166163,48.6640286554518,30.7155719244777
16.8316831683168,-12.8171574749406,-18.6153149333815,47.3956774323842,33.1584196554346
17.8217821782178,-10.4006261465882,-21.1014183665338,46.3022140485967,35.2360328854202
18.8118811881188,-8.8697468681063,-15.6455279047285,45.4363442303485,36.7869408622929
19.8019801980198,-6.27881553198409,-15.6634998464366,44.9909268109482,38.4470060933915
20.7920792079208,-2.48044154449918,-13.5021444256895,43.2319848449098,39.9642667248468
21.7821782178218,-0.227165609618072,-8.83181064573654,42.2671218427777,41.7662973591347
22.7722772277228,1.39304820488216,-7.23858386454082,38.9195239971223,41.3554043913409
23.7623762376238,4.0971511116414,-4.82104295569989,36.0970144343221,41.1917530997943
24.7524752475248,7.21751648573266,-2.38316991156847,33.5657954745093,38.2727177945118
25.7425742574257,9.8281552400939,0.534238039345535,31.4356972630884,37.3414194536989
26.7326732673267,12.5782489812455,3.79763515317289,29.0173488856129,34.5616310617148
27.7227722772277,16.512313441172,6.04588562669944,25.2617653427658,30.6889142774202
28.7128712871287,17.60663073454,10.1510243155032,22.9936105049932,27.1724076352444
29.7029702970297,22.2027886959403,12.9456250974485,20.5120923183651,24.1013805738836
30.6930693069307,22.8281973771721,14.3808852149221,15.9522233677336,20.5576867504299
31.6831683168317,25.8499269666573,17.147419897614,12.8075385487804,18.1590995359672
32.6732673267327,27.9375247608825,19.4375174976804,9.19105901460899,14.1174399871416
33.6633663366337,31.7909884881747,22.4460597975096,5.97933422851658,9.54460455334752
34.6534653465347,30.8522321919123,23.9943865906244,2.65463418686723,6.25555729599529
35.6435643564356,32.2995167034659,26.122995565038,1.15217310214166,3.71011202689747
36.6336633663366,35.9430206094855,27.3674380350812,0.655941919471781,1.52062202716893
37.6237623762376,36.2842550984168,29.7746469520938,1.14797562027316,1.04437932796241
38.6138613861386,35.8448548998696,29.959449821542,-0.953232591432126,-0.206664167225688
39.6039603960396,39.7655689467408,32.9239041970042,-2.47972545567197,-3.82391159979603
40.5940594059406,40.1571304294594,33.6933741988881,-2.47672395158752,-4.12813840534044
41.5841584158416,40.6333792079928,36.2687109581458,-1.50264600248625,-5.94397203019121
42.5742574257426,40.6848789641102,37.9135738954606,-0.921168834265271,-5.46042950692331
43.5643564356436,40.0171181598135,38.4347810344782,-1.14123910918387,-3.50810966632927
44.5544554455446,41.378613322804,38.8115664342632,-3.16132596929239,-1.39785708281009
45.5445544554455,40.552477285841,38.3308202307109,-1.77845272209838,-1.99344572861082
46.5346534653465,39.3115450641336,37.9765804152809,-1.23605426786516,-0.60098535879355
47.5247524752475,41.5833532569555,38.7800567090949,-0.704413710262052,-0.550144789767398
48.5148514851485,40.0196996950264,38.0291435045979,-1.65094947655294,-0.657266621287648
49.5049504950495,39.183584807636,36.4576496746242,-1.33830440986798,-1.52272787152138
50.4950495049505,39.7783794245855,35.8551777413121,-0.705585366460764,-0.6424633526509
51.4851485148515,37.4897092921062,33.9917207343139,-0.854816060183132,-0.58301405716799
52.4752475247525,37.6102210635539,34.5048867294974,-0.284345350511557,-0.786993070858952
53.4653465346535,35.3079899475684,33.3378395219334,0.423534728442795,0.009857445562236
54.4554455445545,35.9804760497586,30.346279612233,0.16833699898108,-1.28156828014466
55.4455445544554,32.4068051916834,30.9686931014781,-0.16957569057803,0.187142950305956
56.4356435643564,31.2023693322223,28.1811832712492,-0.274447322569579,-0.690964319824464
57.4257425742574,32.0993840886571,27.1464139522514,0.285136377602564,-0.0225226465767595
58.4158415841584,29.9180338377551,28.9502000464425,0.318978365006897,-0.854549862599771
59.4059405940594,27.8792321098119,25.8092593293894,0.386404916433458,-0.879004106591096
60.3960396039604,26.3355896782259,24.7446440823213,-0.422779342751896,-1.70110341486498
61.3861386138614,25.1662779846194,23.9949318158837,1.21354220478862,-1.32692585884845
62.3762376237624,23.2426823067225,21.6199097851132,0.641188269966091,-0.929104340327666
63.3663366336634,20.4031442126452,20.744493792417,0.0106412168211041,-0.270962328062892
64.3564356435644,19.8134329841415,20.129810113691,0.645534481435382,-1.30816196415242
65.3465346534653,18.3936074203036,17.1125420919397,0.431005369970218,-1.18860808938798
66.3366336633663,16.4870794672066,14.8868084720987,0.347893112241129,-2.14037752594624
67.3267326732673,15.8148868456517,13.6499894836919,-0.0876964350409312,-0.682439187520221
68.3168316831683,13.9733755343925,10.6614063212988,0.0288171862300445,-1.63816866645186
69.3069306930693,13.5852390252938,9.57151666191844,-0.45019031873264,0.51308472366315
70.2970297029703,11.6388063834983,6.25174143943563,-0.119689177025704,-0.699658455301884
71.2871287128713,8.90932308026114,6.01710153479413,-0.907838161598264,-1.04516604383143
72.2772277227723,7.31781676510802,5.17442689944029,-1.06337264240606,-1.01878202215523
73.2673267326733,4.99253597146572,2.05105297062875,-0.768082412421,-1.4487127310089
74.2574257425743,1.94374936137642,0.693430274017293,-0.40244738570261,-0.560500875965207
75.2475247524752,-0.0926791442495518,-3.25908134339407,-0.228279328384377,-1.49875182387551
76.2376237623762,1.19314879373478,-4.56986993294938,0.0714348037869942,-0.255659160442028
77.2277227722772,-2.56990679742548,-5.62978009805811,-0.986155977759434,-0.709947322628549
78.2178217821782,-4.81943379573713,-10.0497461566222,0.618966110383631,-0.751266080793698
79.2079207920792,-5.85932316618062,-11.8527507660493,-0.499566577421724,-0.710219027442805
80.1980198019802,-6.97708918385366,-14.1247245586901,0.150663580873834,-0.0824559677083863
81.1881188118812,-8.07409263993136,-15.909373422039,-0.465096708526146,-0.230736378905658
82.1782178217822,-12.8657103716224,-19.1365906140151,0.0356855416808487,-0.812533759215904
83.1683168316832,-12.5783798422803,-19.747356140632,-0.0150836712870421,-0.747800703392779
84.1584158415842,-14.6234179267697,-21.6887079776895,-0.0594925821834766,-1.52303891995705
85.1485148514851,-16.920395701273,-24.2871849627456,-0.138934853420513,-0.686092578696735
86.1386138613861,-17.7532154889061,-26.8853893564113,-1.02705264011635,0.241060567484229
87.1287128712871,-19.3844394422344,-27.4326439394125,-0.0431083432350264,0.490694355725061
88.1188118811881,-21.8770069065444,-28.458161208583,0.27226026328698,0.00943551027795342
89.1089108910891,-23.1427432561178,-31.3712222793365,2.45170554766606,1.26368605029548
90.0990099009901,-27.5163933397334,-35.1580140110425,-1.08613099665534,0.755855161239032
91.0891089108911,-31.8075525098053,-39.1434624084868,3.07335833892793,0.928263247676001
92.0792079207921,-34.89576570484,-43.2687792735839,2.56630774876525,1.94265369864569
93.0693069306931,-38.2764781440576,-46.8001452557682,0.880177264163033,2.57401729963908
94.0594059405941,-39.606200778914,-50.7684193386321,4.82227528879884,7.03381167728822
95.049504950495,-38.9312489528259,-50.9687970880872,4.31388575249819,7.19792019275404
96.039603960396,-40.6624862883126,-50.0781741274698,4.21927223828206,7.14811713892516
97.029702970297,-41.156619086728,-50.4750909979478,5.23074198956751,7.68475739312338
98.019801980198,-43.6051351360459,-52.036809351809,5.35003719536242,7.00813536763893
99.009900990099,-41.9430393028991,-53.2416351529911,6.92068520263,9.3425505248444
0,-56.2222661337865,-56.4238311199886,7.35385998541741,6.34905807662795
0.99009900990099,-55.3638178982677,-55.4889300885676,7.87561462293363,6.44731333033381
1.98019801980198,-56.9286048430348,-57.5387083689226,7.58059319884093,5.17960176732847
2.97029702970297,-54.4997512423154,-55.0539180399871,8.977145106853,4.82355540879589
3.96039603960396,-52.9996078343585,-53.5635031418338,8.43051797181382,6.79263356805055
4.95049504950495,-53.6382493661369,-49.3690708406259,12.3855058156278,9.68550890687805
5.94059405940594,-50.2447177321175,-50.6956710527284,15.8923677764917,14.7588503751685
6.93069306930693,-50.4702826997759,-49.4187102147602,19.409962556412,19.1488005006251
7.92079207920792,-49.5039323764159,-47.333621400776,21.5834132756659,19.9526802216248
8.91089108910891,-47.4976016425347,-45.7927049826596,22.3657642105858,21.33535050146
9.9009900990099,-45.4390154328181,-43.3049689312993,23.8883596757865,22.9965178044222
10.8910891089109,-44.5272259880858,-44.5118605980654,23.6979250042963,24.03831476242
11.8811881188119,-43.7586608310803,-43.0335476968486,23.4563338554925,24.2933143927192
12.8712871287129,-41.4306516306527,-38.3185987245799,24.6248528631449,25.2248073920837
13.8613861386139,-38.7176607235718,-39.2011858360034,25.7158553047154,26.0142492109966
14.8514851485149,-37.8943602711513,-36.6122541391686,26.8052591594071,25.6037513106418
15.8415841584158,-35.4571740289958,-34.4636885050831,28.9197624347857,27.8170632246457
16.8316831683168,-31.6033993351508,-31.0352405743455,29.9090550843329,30.1263055215448
17.8217821782178,-32.3238790506705,-32.8658498425251,30.3352321152492,30.6322012826127
18.8118811881188,-30.7655332483516,-30.9755582948895,30.4979117887662,32.0667414776026
19.8019801980198,-29.3769696116244,-27.6080995829679,30.8311103122811,32.5830054293264
20.7920792079208,-26.463785737122,-26.9628123918444,30.5214449681697,33.9528022766709
21.7821782178218,-25.8875737966829,-24.9523554094439,33.0095519627254,33.8313393113024
22.7722772277228,-21.8276394271266,-20.2410315476914,32.1089940347791,33.7340243881488
23.7623762376238,-20.8381778668947,-17.2027020786878,32.5389657762571,33.4008180530145
24.7524752475248,-18.4126561642984,-17.4911984320347,32.1937615155304,34.6106338805468
25.7425742574257,-18.168092615517,-13.9081955462245,32.5244286380511,34.2078552562892
26.7326732673267,-13.0577308086358,-11.1427502917588,31.4389360467151,33.7768963894852
27.7227722772277,-12.8575304983042,-9.68373123744712,30.5449291464348,32.8978445174049
28.7128712871287,-8.71317799379908,-6.42275122083721,28.9689999170066,31.2150974146488
29.7029702970297,-7.20503924658264,-5.01963355784,25.296116370447,29.4852437762445
30.6930693069307,-6.8011059031312,-1.57835740001092,23.1786482058122,26.6794440209917
31.6831683168317,-3.64072485666371,-1.21019586328434,20.8022646514912,24.6428557980291
32.6732673267327,0.77533909337939,3.61225755920216,18.3669904752406,20.608352486494
33.6633663366337,3.36135679312391,2.12996963058369,16.1829430373566,18.4684881762361
34.6534653465347,5.7880774204075,9.58114303200402,15.0092321767098,16.8189622144197
35.6435643564356,6.59574634861357,11.2365550363724,13.7316854441563,15.9479943506185
36.6336633663366,7.06210206123298,12.3281828095429,12.545162261881,13.9273069851629
37.6237623762376,12.744112076508,16.8567792205066,12.3585659328515,11.9404113714949
38.6138613861386,15.5307027898498,18.1560016021419,10.5699728478282,9.98433874774518
39.6039603960396,17.4070131723584,20.2531528292981,9.2049002769547,8.50589353461461
40.5940594059406,19.0939269997781,22.5968935801788,7.68404536683241,6.51998686896937
41.5841584158416,21.7020638613692,23.6907113820181,5.679337815676,5.62940383605067
42.5742574257426,22.9683550065885,26.0279113038912,4.04224291295453,4.90615905455439
43.5643564356436,24.4810203742199,27.8116341280311,3.16718088819973,3.03057546875731
44.5544554455446,28.0318514758241,29.0755166151775,1.37076081172928,2.07994791170049
45.5445544554455,30.078954288262,31.5573308185428,1.62105717838222,0.923432580733571
46.5346534653465,30.6870652442873,32.4459005441844,0.815669760468775,-0.0274513863913705
47.5247524752475,30.310354380816,33.4780347977563,0.140337558904503,0.0169085203645242
48.5148514851485,30.3456025258654,33.4734321023126,-1.50233184352247,-0.135597071849869
49.5049504950495,34.00862194301,37.122545470024,-0.909006506386941,-1.7464654834103
50.4950495049505,34.1358269513258,38.6729743567383,-2.64678853641254,-2.70691232069712
51.4851485148515,36.1407626118974,39.1401795528277,-4.25014264476085,-3.93860665734255
52.4752475247525,36.9935354656778,42.8724566738045,-4.87253769029688,-2.27512294144325
53.4653465346535,36.6965516109873,41.59183220283,-5.91881359306275,-1.5425360239524
54.4554455445545,35.8100102175429,42.001958831031,-5.64591221058997,-4.27197784583836
55.4455445544554,36.0948990614521,42.0210389490783,-4.23344143567037,-4.4958105588322
56.4356435643564,35.8277925319324,42.0937511217617,-4.46781998153562,-6.7223908694211
57.4257425742574,33.2683140138607,36.7437524336695,-5.09145462436419,-4.02064649948883
58.4158415841584,32.9434724773978,34.8071208145099,-4.8777764091257,-2.74292180670264
59.4059405940594,30.5615800930619,34.3845544746591,-3.27794016750664,-4.94787629981774
60.3960396039604,29.4275293027343,36.6121263990835,-2.26570890866767,-2.65958595690096
61.3861386138614,27.0725592370849,33.1559639758263,-2.13098833999392,-2.53202660354354
62.3762376237624,25.7429710330647,31.2865841820513,-2.54403435182569,-3.86558430625211
63.3663366336634,24.1566167459299,30.128325673039,-1.75093460410985,-4.20203724582437
64.3564356435644,21.2579423066336,27.7090891977184,-1.7131595777307,-3.7415656085674
65.3465346534653,18.3447183835163,26.2656367756088,-1.88000923596616,-3.80938946978192
66.3366336633663,15.8544017256383,25.2432670212904,-2.35484668357908,-3.09148558430053
67.3267326732673,14.6297119241591,24.2503125834193,-1.96973793217684,-3.20616411991673
68.3168316831683,13.1025577447056,19.9753841921791,-1.77662960237151,-2.88382399927754
69.3069306930693,11.2999076515112,19.2205100632013,-2.16402377924605,-2.48639707860041
70.2970297029703,6.27541881253325,15.2744378379117,-1.85154952850111,-2.75374296105207
71.2871287128713,6.25203518044934,11.9836333517758,-1.5024145758046,-2.64565194454622
72.2772277227723,4.63252306004348,10.2914128844281,-2.48778127072058,-2.27836232349826
73.2673267326733,0.584221083400132,7.30757735129346,-2.99732719499794,-1.20568727861693
74.2574257425743,0.149807732504444,5.07537286857616,-2.9022775697296,-2.89495558395712
75.2475247524752,-4.94483149656025,1.25689373097757,-2.49625992632247,-2.7284928920893
76.2376237623762,-6.34578888353569,-2.02992989619985,-3.01556176165482,-3.09015553596828
77.2277227722772,-9.36224752724418,-4.57633812457311,-2.81910490033564,-2.48459781498879
78.2178217821782,-10.3019954160766,-6.81417669670152,-2.71000980431814,-1.78389727865295
79.2079207920792,-13.2207587634552,-11.3441809554086,-2.97294957692092,-2.13444538980442
80.1980198019802,-17.6469740325741,-11.7575676148481,-1.49037354613497,-1.96627346493769
81.1881188118812,-20.3431437159099,-15.721536910416,-2.86567771939559,-1.97615568593441
82.1782178217822,-23.6088261439811,-17.1113663938702,-2.56763293348839,-2.80805287899442
83.1683168316832,-23.7745026282436,-22.2413930398915,-2.25400067276434,-1.77345933052101
84.1584158415842,-29.1057927351934,-27.2994904168766,-1.54674336639881,-1.47234093797128
85.1485148514851,-30.9928983986139,-28.4505978074617,-1.72386607728171,-0.802779829651412
86.1386138613861,-33.980324873993,-33.3160670025417,-1.97527525237896,0.0861505476340469
87.1287128712871,-37.8406640043431,-34.8423504749572,0.603775816107517,0.863126222181773
88.1188118811881,-39.0864071634778,-37.7255388600633,0.938116733554087,1.35131900978242
89.1089108910891,-41.6475361450369,-42.5245433662776,1.67855627318801,1.73549195370657
90.0990099009901,-42.9873828765338,-46.586215608786,2.07261987725001,3.59913436196238
91.0891089108911,-45.2545099057175,-47.4120464178044,3.34134078022692,3.56250265211814
92.0792079207921,-47.3904181743711,-48.5739477362186,2.80843062743425,3.71537850787946
93.0693069306931,-49.0046214312488,-49.6743298102433,3.3398355847465,5.14681497987236
94.0594059405941,-51.7157045670744,-53.0210870430648,3.95623842039976,5.05678277720219
95.049504950495,-53.3719816691014,-54.6483812474931,3.54171574406787,3.79152869930048
96.039603960396,-54.2743578192899,-56.3567266453609,5.73888096979362,5.37355421701792
97.029702970297,-54.6147835293321,-56.1471055094063,6.79387039450684,6.89037070883398
98.019801980198,-56.5957534678063,-55.827540374186,7.30788390848302,6.90316118471449
99.009900990099,-57.6268596149841,-56.7982625571856,6.60811121299297,7.40275869656671
0,-55.8071122189429,-53.7646441023852,7.08745126233033,7.60209303527692
0.980392156862745,-54.5077983762828,-53.4527316757038,7.69558452279382,7.4007288261174
1.96078431372549,-54.2737869777859,-53.2949711115937,7.38564110745492,5.6270383845266
2.94117647058824,-55.1874809362476,-52.7203834022629,8.66814548936841,4.95472826947494
3.92156862745098,-54.3657407941308,-51.8747490207962,9.18827917259658,5.91226840708003
4.90196078431372,-50.3380305838124,-48.5361203413536,9.41250712829224,8.99938926972931
5.88235294117647,-50.5946996924623,-47.9884225258602,11.9852796602882,11.472399865972
6.86274509803922,-48.9530761018393,-45.9873105269727,16.9179906558546,12.6268454021771
7.84313725490196,-45.683424470655,-46.2435628580835,21.1195541537773,12.5558703473706
8.8235294117647,-46.6839250728567,-45.1913998278939,25.2555148253238,11.4817632565613
9.80392156862745,-47.0375056628377,-42.449176463713,27.9769661731665,11.3961815580849
10.7843137254902,-42.8898598756801,-42.0942857890293,27.6637804479076,10.5198707898952
11.7647058823529,-42.5119959371882,-39.9962446840516,27.4082070083766,11.0721030552862
12.7450980392157,-40.5756405202813,-39.294415657975,26.7118230883841,11.3649274193066
13.7254901960784,-36.4516111239194,-37.7002828572385,28.4128983107949,11.5823226906533
14.7058823529412,-36.6176551849113,-37.2148665545258,29.3046154823455,11.3545944865479
15.6862745098039,-32.9016225048884,-37.5868493587109,30.042275497949,11.2011822578879
16.6666666666667,-31.430016894579,-33.875727261164,30.0721345162131,12.3728906242473
17.6470588235294,-30.5151952933837,-34.0454170753818,30.8179611634237,11.5825626286404
18.6274509803922,-28.792171983326,-33.4593523587491,31.5580438152065,13.2327656617448
19.6078431372549,-26.2719466503944,-32.0214438907287,31.4694613877667,14.6146388981847
20.5882352941176,-22.8666509071975,-30.0591549797773,31.8641460040027,16.6560359623241
21.5686274509804,-21.0219822422653,-26.5974695710961,31.4806398470058,17.3274747121203
22.5490196078431,-18.4685294477254,-24.9980456676417,31.9803227679066,17.792945207672
23.5294117647059,-15.7992842930343,-23.5098871552201,32.7718506524348,18.0337464221101
24.5098039215686,-13.9815245942364,-20.6398484220287,32.1543349714464,18.7165717861481
25.4901960784314,-12.0486255202943,-18.9576476453567,32.4019767065002,18.9600520637385
26.4705882352941,-11.7319660725318,-17.2481191196146,32.2198895148704,19.5898104147298
27.4509803921569,-8.4673701383903,-15.1494037783034,31.583416163408,20.3187319378316
28.4313725490196,-6.61960040048688,-10.3908172716393,29.6947355156826,20.2038406141068
29.4117647058824,-2.31039062875961,-9.92561846397919,28.231641364099,19.505706009829
30.3921568627451,-0.945342305761459,-7.07945212165888,26.5520457225071,19.1857468199592
31.3725490196078,-0.0102969077155868,-3.77046809623927,22.4690246025808,17.5934549422491
32.3529411764706,3.97927279579254,-3.33297410899246,20.3768725776067,16.5817657260654
33.3333333333333,5.14842265280318,-0.915563427882022,18.3164648088864,16.6724909919072
34.3137254901961,7.87000699413354,1.38715020429977,15.9177251866546,16.0916148947158
35.2941176470588,12.1072878951195,3.41036464874037,14.221949846482,15.5042798946918
36.2745098039216,13.9702946088897,4.94985228790616,13.1882381686865,14.581061615528
37.2549019607843,16.7529380533421,7.76095259873577,12.2446467961575,14.3084097951016
38.2352941176471,18.1308189312073,11.0972868189278,9.82734966617056,13.538010547964
39.2156862745098,20.5541997874385,12.7400220232442,8.71910646980499,11.7416550075441
40.1960784313725,21.2984901453069,15.6937497951883,7.13299060410321,10.0545972597462
41.1764705882353,22.6009649311683,16.9278865979177,5.95448883365738,8.43358482490139
42.156862745098,24.797429409377,20.722250296068,4.67371430161334,7.1965019741122
43.1372549019608,27.9656794335264,21.2555797288068,3.0834674744632,6.14343899898466
44.1176470588235,29.2601977519506,23.1848222560902,2.14473123534466,4.73959974094539
45.0980392156863,29.7692027739723,27.6359362684415,1.80637688908746,2.94480248150051
46.078431372549,32.507204636943,28.5866849291204,0.792648048668601,3.19059153288116
47.0588235294118,32.9595550236653,31.2261344104327,-0.0994325007896966,2.68334773382379
48.0392156862745,34.7094760930939,31.4300818473453,-0.916579525909146,1.56308451563894
49.0196078431373,34.5941236844214,33.5057413130336,-2.68933977470799,-0.231352587238897
50,35.90533719892,34.8051762421581,-4.30590449003412,-0.450072238932457
50.9803921568627,37.3152996736179,34.924853211269,-2.58770310620492,-0.224960943809608
51.9607843137255,37.0368033805155,39.2908190745097,-3.52024939097815,-3.60470579797398
52.9411764705882,36.2615643237018,39.973757422684,-3.1394345187633,-4.83261297201597
53.921568627451,36.2318147641845,41.079500130043,-5.68201113833115,-3.07919613605678
54.9019607843137,36.0874017312113,42.3539572042057,-6.53504849251593,-1.41866383654456
55.8823529411765,35.7906857378921,42.9870474528981,-4.77739855910294,-2.80770291421366
56.8627450980392,35.4596306153949,40.0118554719587,-4.1742543913367,-4.19820168274039
57.843137254902,36.354023570754,38.7268794825471,-3.42468239757442,-5.90774279572101
58.8235294117647,32.6937497047002,38.1889232333057,-3.52923813274929,-7.07635966649239
59.8039215686275,32.4197981858655,32.5585875692207,-3.74739689890715,-4.72615933729429
60.7843137254902,30.1781415597887,31.5259536019367,-3.00777599517467,-4.88945893968742
61.7647058823529,27.2013175744026,30.2812878202011,-2.38910724924691,-4.29830399427552
62.7450980392157,27.7721302802252,31.5873734062778,-2.32696310274955,-4.58338384671354
63.7254901960784,25.1750213598251,31.2121906345536,-2.82807278186144,-4.37005975204822
64.7058823529412,22.079443894585,27.4765723378594,-1.85326539625906,-3.7578892477654
65.6862745098039,19.2640798805755,26.8125572731378,-2.5238396317005,-3.26830175396151
66.6666666666667,15.9452106243818,24.9136417229227,-1.02778593528954,-3.78492562742315
67.6470588235294,14.183516323218,21.7803634251248,-1.91956243184314,-3.08439667792856
68.6274509803922,13.6851218165974,18.6287663841758,-1.3755646497152,-3.21984029310133
69.6078431372549,11.3241746364582,16.2212420278432,-1.91973499136336,-1.79955811579258
70.5882352941176,7.46719081558284,15.1018574602809,-1.64005451476475,-1.97632389629405
71.5686274509804,3.89878502361081,10.3197755998268,-1.12250171913262,-2.37740359474412
72.5490196078431,3.26814979998535,8.4142727944711,-1.42081035032716,-2.43613688865502
73.5294117647059,1.56568639129945,4.69813471369138,-2.1720787808838,-1.40495176534561
74.5098039215686,-1.57347578819891,4.06521216972166,-1.20268890906979,-1.72881186818858
75.4901960784314,-4.60947574849354,-0.0737101782299402,-2.94251862709896,-1.43891849649137
76.4705882352941,-5.20878597191132,-3.09790029257499,-4.41465786969591,-1.94719239473168
77.4509803921569,-6.42463694930449,-5.84830035424917,-3.74512677448598,-1.68455627161685
78.4313725490196,-11.7884287718016,-8.99740773135321,-3.24278952003705,-1.79416840449933
79.4117647058823,-12.4693338399181,-11.9382592915548,-2.91388793647238,-1.59387534381462
80.3921568627451,-15.5656201695616,-13.452406806111,-2.49651283033287,-1.76487913479437
81.3725490196078,-17.8054568358548,-17.9548061804207,-2.5830977832297,-1.73840548898026
82.3529411764706,-22.1112365048055,-19.7210125442219,-3.20100977916807,-2.99847924719022
83.3333333333333,-24.2950098510503,-20.6707471463627,-2.27217016752219,-1.79532087718136
84.3137254901961,-26.1494295239476,-23.0091788114053,-2.14393846818515,-1.27765379095291
85.2941176470588,-29.4926220277287,-28.2323754666923,-2.12720453974384,-0.809060289878837
86.2745098039216,-31.0650423520654,-29.4664222658452,-0.489358176007561,-1.17077630391898
87.2549019607843,-34.8867180382795,-31.7065529133456,0.185885916120593,-0.786620547632959
88.2352941176471,-37.8874297461726,-34.4206434172583,1.04974209477192,0.489209291850487
89.2156862745098,-39.1900228710208,-37.7225271989138,0.74927339431021,1.12081966737809
90.1960784313725,-41.5683858077551,-41.6924227949682,0.949649953473697,0.770715119696375
91.1764705882353,-44.6972009782241,-43.0699413383172,1.79749643846348,1.87999978111263
92.156862745098,-45.7038381340261,-45.1578465279315,1.8135614102988,3.25220578458126
93.1372549019608,-47.3563976752018,-47.4158893126203,2.88396531599483,4.69844997500612
94.1176470588235,-47.8502316685122,-48.0263232772887,3.35195263908332,4.82046195982974
95.0980392156863,-51.5723775431219,-49.401799757548,2.91015913813773,3.82670467967419
96.078431372549,-51.9911389518274,-50.654631498184,4.89903150586587,4.76628420013009
97.0588235294118,-53.8124314721172,-52.7735996894896,6.37681683806083,6.54678405334171
98.0392156862745,-53.7834841897038,-52.2658650012549,6.18903216764375,7.17566999510993
99.0196078431373,-52.0069979624745,-54.2776841373051,6.67689461534331,7.86827452713963
0,-53.5516272068184,-53.0493833723677,7.51224272069329,6.46338111118145
1,-55.3524045572967,-55.2199610053778,9.21193237052016,7.33607973023575
2,-53.6607948257569,-54.0973628771634,9.23689566085074,6.42798406178162
3,-51.8968610726632,-52.258615998688,8.37145711039899,6.77816121301451
4,-50.4930149755765,-49.8406497730768,10.1206912738893,7.40178712001747
5,-48.1718115488216,-48.5261983986827,15.165980296331,10.2069597758306
6,-45.2803757995989,-46.9715571464402,16.7100476566527,15.0625003330316
7,-46.7325933503892,-46.0382675076868,20.2436849179205,19.1477532844953
8,-44.8200056942079,-44.4671310732591,23.7823646470979,20.6292718161328
9,-41.7139308774894,-42.361355668092,25.7112194333414,23.254491846848
10,-39.4054834708267,-41.3499171480902,27.7389213455414,25.2881350084
11,-40.0893579153741,-40.4532312139587,27.0192037946848,26.6933131918895
12,-36.547306883956,-37.0649368347276,29.2052982457265,27.0220546125406
13,-34.6364197753333,-36.5771127977767,28.6628251152752,27.7057030380484
14,-32.4676543672642,-32.1292642141807,30.237225897132,28.5399971787857
15,-31.3363259011901,-33.7026900729123,30.7443883037279,29.2412400764525
16,-30.5183973544243,-32.121868637351,32.4253925999428,29.1187243833475
17,-25.9690350065714,-29.5992014270637,33.6064586463673,29.3074922422408
18,-25.991167787768,-27.4890175007578,35.2221863301772,30.3392199736008
19,-23.1633131673739,-26.5462184008618,36.5841731617038,29.9826925707354
20,-18.6008000382592,-25.0994985530495,37.4304756991153,31.0608295948701
21,-15.7082498067341,-21.8285064163978,37.7169885437382,32.3901654051714
22,-15.8811585147539,-19.1403122248593,36.6531149131868,32.9205135083617
23,-15.4433112764445,-17.5861469071703,36.7444542335616,33.2018367760828
24,-10.7641410745106,-15.9976599116816,35.7269185063807,33.0502122845449
25,-11.1493872430783,-12.8707725358965,35.8415005706826,34.3974744163435
26,-7.46979414567354,-9.72011004283897,33.6952812298243,32.8801536204073
27,-5.92948174644485,-5.79957234911725,31.6526091920586,31.8278086857175
28,-1.50522935234457,-5.74283553710162,29.3603117812662,29.694594863156
29,1.30802141408515,-4.30346035695671,25.8273361939705,27.4033256776967
30,1.89015063659152,1.33097059391604,22.2109609349014,23.9794475753153
31,6.16972761371964,1.38392758186081,20.7842457741898,21.5878352047779
32,6.988898514458,4.14181847506873,18.521572607214,18.4577454925718
33,9.82122516456233,7.59877602954459,17.5433252071356,17.5432193974123
34,12.3784706944668,9.73755442229957,15.8590101831542,14.936697844946
35,14.8951004809273,10.0593776453559,15.0148279669042,13.5941926606971
36,18.3299823365614,13.371211760206,13.1204459625952,12.7995705033859
37,20.4553159615152,18.6851077251615,10.6695805155609,11.0684778825403
38,20.7460545600981,20.2527420444941,8.88236861303495,9.39354299114314
39,23.0268204276686,20.9946923116949,8.42440251952196,7.75987899009129
40,27.3735304286904,22.3216699007305,5.88468790912286,5.09860423319695
41,30.128912053029,25.3473009838054,5.06521910436378,4.68142733079266
42,31.3442163155348,26.5810596369696,2.32660748609492,3.50350876071749
43,32.6356562429715,28.8979172015592,2.3540259764741,1.7859223460182
44,35.1590646668803,30.1211589899953,1.24482840607859,1.5619117348056
45,35.9954605282741,31.3963639859454,0.288282374836499,1.48248290364172
46,35.8457104162887,33.8723855734002,-1.05686117068186,0.167221399277083
47,37.0708830181923,35.0132108518015,-2.59417000307763,-0.761153752917773
48,38.9323355926575,37.6861242835627,-2.9598596381453,-1.03700406114217
49,39.389956521616,39.6663167227584,-3.06978716868622,-2.09714922452437
50,39.1286875008906,41.3984943796574,-3.73721620156131,-2.61851709408335
51,39.8793723808099,39.4383604874253,-3.91649160305063,-3.23920991354769
52,38.391733152211,40.077551888683,-5.22479163224058,-3.75529025406029
53,37.3385374986209,41.729942000013,-4.63320548697176,-3.93649289809611
54,38.050017496805,41.8671484233638,-3.62122090586635,-2.86914439650307
55,35.1962382838247,39.8627239532077,-1.86921967281371,-3.54243074562157
56,33.566486532536,39.2745910280171,-2.46599900434276,-3.46914621598421
57,34.4852144881318,38.6558099694279,-2.00037461505083,-4.38360677772584
58,30.4626383535188,35.4804348375936,-1.7665322041779,-4.48004082429545
59,29.0995909640523,35.3198060400952,-2.20213304729356,-4.72809423301487
60,25.7539985132556,32.5623688297918,-1.24948995545269,-2.79002312393302
61,24.3614189400578,33.0972894465358,-2.37008486288429,-2.8434668932665
62,22.2954060893335,32.9329319316293,-2.29543195985102,-4.40172582086956
63,20.0875836442091,28.3063561243451,-2.65552404588972,-3.57389832816336
64,17.8340059178623,25.1238556131807,-3.14683632987285,-3.97992353250818
65,16.018625965348,25.0943360518376,-2.6919900644589,-2.85250650427509
66,14.9635665109656,21.6714405369285,-1.6793371393808,-2.9029424185113
67,12.4826334177546,22.5103868691973,-2.71126903814601,-2.74010434478446
68,8.89365353586652,19.4110451884586,-2.2022235689783,-2.93995688998162
69,9.21417103795936,16.4708285150747,-2.63988302242718,-3.02052342026725
70,6.67231647383604,14.2114538312966,-3.06437400611739,-2.99062253782718
71,3.05006604419777,10.6424570356248,-3.28674580020871,-1.12942792265945
72,2.157416513904,8.76576499440205,-2.04980272183693,-1.97418958096998
73,1.04265325880067,5.47459327502772,-0.773776792378831,-2.08041540194044
74,-2.5144737509701,2.64673240798529,-2.16318413901823,-1.8573626306366
75,-4.18663365919859,0.992827161533657,-4.65564754973216,-2.21068729776741
76,-5.91461451730172,-1.8507870007749,-4.34733595220633,-1.37534793827605
77,-7.73088221236027,-5.68344362620154,-2.74254072606693,-1.71336698103767
78,-6.68984227506611,-7.98191040912882,-2.85006805248548,-1.76326772530223
79,-11.5407088127981,-10.4287112658383,-2.0343957989907,-2.80233448499847
80,-12.7603974911243,-11.3024053898314,-2.38331271708219,-1.53618140605255
81,-15.3482110385895,-17.1125242556646,-2.50353723696974,-1.48485432538451
82,-17.4416466324036,-16.9114419768365,-1.8532873686075,-1.04778032139838
83,-19.7943304683439,-19.7725627265052,-2.1111040775675,-2.39393386964955
84,-24.1911274152238,-22.0138106179348,-2.82121273773949,-2.47941468800355
85,-25.693444785922,-23.8162793680343,-3.05582353060723,-2.66916111020085
86,-28.9078044940488,-28.8707477950554,-1.8774242056374,-0.379599249583853
87,-30.4037926897023,-30.6779167462179,-1.62222827310301,0.498300477362596
88,-35.7119481394325,-33.2912477141182,-0.122941140181667,0.577620419449415
89,-37.3567665820527,-36.9312210511476,-0.987551549600509,1.87056236422316
90,-39.0706535930747,-38.0593148754012,-0.0263379052381329,2.0440024481961
91,-41.9859791898623,-40.4265073492774,1.10221294325476,2.31873048032161
92,-44.3814209378759,-42.5962060701227,3.15089044103654,3.07446569467712
93,-48.147679749427,-43.9028437565338,3.78040446384374,3.87210822912375
94,-49.0499751282932,-48.0383736260718,4.98866644483604,3.24981746657075
95,-49.7601630682565,-49.281928853293,4.32073692865105,4.80043401786279
96,-51.535463855978,-51.1031134540955,4.82660552427,4.81216201804128
97,-52.8138723613782,-49.8629700796598,6.9609661948734,6.30886254409073
98,-53.862545540046,-52.5974275175579,7.67798926299837,7.57620777365046
99,-53.5905607119403,-50.9365860947477,8.81966440581273,7.44110891225795
0,-56.3996684271838,-54.9680004637869,7.47729771754357,7.3412191220575
0.99009900990099,-55.9204476623167,-55.3097404118796,8.45761078230434,6.31446973849859
1.98019801980198,-56.1854030124516,-53.4205007152083,9.03150724836162,6.2136674128735
2.97029702970297,-52.1318722617898,-51.2536318087502,7.91592782400571,7.08180399875321
3.96039603960396,-53.5813543709886,-50.446361018245,7.79649683745981,6.11996567248545
4.95049504950495,-52.6867215704322,-49.2274063192004,9.8630899804994,7.97409053531301
5.94059405940594,-50.1233431690986,-49.2284640629017,11.7996992524559,9.98993549476016
6.93069306930693,-49.4439060981729,-44.9345092368103,15.915744992775,12.1067213794917
7.92079207920792,-47.0035923664741,-46.2078573773017,17.7901092289122,14.8767567520645
8.91089108910891,-45.4095405955481,-42.9415362334413,21.6559316522924,18.0808695294376
9.9009900990099,-43.0877787419029,-42.3852685746252,22.2761556735915,20.3400574367246
10.8910891089109,-42.1487263430023,-37.6923732969286,24.433118545778,23.021762991426
11.8811881188119,-40.0424276885409,-37.735690398661,25.3959002990163,23.278531042185
12.8712871287129,-37.9016247336848,-36.9549351893098,27.0831556648623,25.8888227174338
13.8613861386139,-38.1531016989931,-35.7937730718796,27.7610231558573,27.8136383440786
14.8514851485149,-36.3005212845469,-33.6228623040163,28.7822714004655,28.8886915562435
15.8415841584158,-33.2584326293149,-30.6841257729451,29.6696401855396,30.7384186016342
16.8316831683168,-32.9459999895048,-29.0704933372144,29.6596567286027,31.3246504445935
17.8217821782178,-30.8168910917513,-28.1565834124771,28.9572937597049,31.5856497216901
18.8118811881188,-27.3508727425948,-26.2967454369525,29.9951292951841,33.7544254786387
19.8019801980198,-23.9778081511051,-23.669104728805,29.499492780412,33.1647017444541
20.7920792079208,-23.3812031691053,-20.1473106880696,30.4475272638423,34.6212964052324
21.7821782178218,-22.5900273172577,-19.1312324800438,31.0303804091839,34.5519446894243
22.7722772277228,-19.9853456134418,-17.7524547920977,31.5024470673099,34.4880175114827
23.7623762376238,-17.1681526201045,-15.7767884511211,32.7143647245834,33.6827996930921
24.7524752475248,-14.4638649800903,-14.5108772496536,33.6503668755718,33.2738147692328
25.7425742574257,-12.944938062415,-10.5371253597068,33.6486100619052,33.5212720016567
26.7326732673267,-11.3539917424138,-8.85965522111187,33.3035884473958,31.7198369827878
27.7227722772277,-8.59016345314337,-5.23459130477041,32.1398635139131,30.024027378506
28.7128712871287,-4.920308608,-2.21888444173707,30.7839633178582,26.9634479099045
29.7029702970297,-4.04126549114531,-0.748266319035805,29.4882018681788,26.93941632334
30.6930693069307,-2.84822462556706,2.60946703292243,28.4637002704904,24.337102705299
31.6831683168317,0.0947106467400176,4.43254185200948,26.8243844605076,23.3147856021714
32.6732673267327,2.54770525835651,7.59190475521938,23.2125392919554,22.5711443921502
33.6633663366337,6.00468825781672,8.51459451091569,22.1940510355967,19.6709725240682
34.6534653465347,8.99159994254676,10.9662667952392,19.0487498779074,15.9889069998554
35.6435643564356,12.0833101843279,14.950712245663,16.5999528601882,14.4918636969792
36.6336633663366,13.9960922690536,16.3157702574408,15.7765682747273,13.4827186357909
37.6237623762376,16.7474834437821,17.9241270808682,13.734695634897,10.3999059150517
38.6138613861386,19.7464866487005,21.3718723506362,11.7105012013089,9.41008524346469
39.6039603960396,22.4667483468375,26.0332352940509,9.99562695736098,7.20074805414808
40.5940594059406,24.5243848171473,25.4189463694762,8.1300640158188,5.79472265560143
41.5841584158416,26.5493309930586,29.2528349150787,6.25137478185089,3.41696666233217
42.5742574257426,28.5441253848031,31.4465034453821,4.49976577490933,2.27804487962306
43.5643564356436,31.2057965554566,31.7270945944905,2.72775905323826,1.98027459797413
44.5544554455446,31.6135574838963,34.3291397211049,2.19208276656381,0.954296648052933
45.5445544554455,34.3061612773402,34.9772999602102,1.71166560914586,0.739737418143423
46.5346534653465,37.9852732748492,36.7829774078355,2.19380022436376,0.190983228096433
47.5247524752475,38.2886705397522,37.3834487868964,0.681740050473981,-0.41052755469847
48.5148514851485,41.0706148889946,37.6070051266283,-0.520900773325119,-1.61399595444677
49.5049504950495,40.1295969864913,39.1473938190522,-1.73042211472596,-2.08583386759279
50.4950495049505,42.1000279955982,41.4436872963136,-1.74502176999796,-3.77271421419039
51.4851485148515,41.1308528177974,43.7060127739213,-2.30827994877283,-3.07435101894837
52.4752475247525,42.3546403150334,42.6723678762139,-2.86374914272582,-3.7717480065329
53.4653465346535,39.7561118607571,41.2705392538129,-3.19656023415438,-3.06818504438429
54.4554455445545,41.0836724017626,40.3912126690991,-3.44782088039243,-2.85681002601408
55.4455445544554,38.7056195104995,41.6401168497276,-3.00668025598204,-2.27613761752012
56.4356435643564,38.3873562718434,41.9082698591958,-3.30688860989949,-1.87092854591473
57.4257425742574,36.5757602561939,40.2568661962985,-2.11230162665694,-1.99646710701818
58.4158415841584,36.7131837334536,39.922410863002,-1.29408941799899,-1.53776833760062
59.4059405940594,36.7509424927965,39.4709501928361,-2.75565627804387,-1.72600814121418
60.3960396039604,34.1870815970257,37.0256821073496,-1.37042883856175,-2.52638496725874
61.3861386138614,30.3144933652682,34.9952687357885,-2.18194622115888,-2.91987285444295
62.3762376237624,29.418388759142,33.7646307298681,-2.06630321089391,-1.73480910221178
63.3663366336634,27.5347381107318,30.8709245809585,-1.79984523205986,-2.97813577276857
64.3564356435644,23.8090608935785,30.6833205063896,-1.18603184550381,-3.34834720906972
65.3465346534653,21.3751506112291,27.122009399959,-1.91475947742394,-2.90987175549627
66.3366336633663,17.9729921816886,24.8705134887203,-1.80992578529735,-3.06243477388464
67.3267326732673,16.0225005219517,21.8121177108065,-1.26581222135441,-2.71226762016629
68.3168316831683,10.993388894928,18.6930149385263,-1.33485749451635,-2.62267077051611
69.3069306930693,8.82959863376883,15.5458821589564,-0.870554675709085,-2.26657944657281
70.2970297029703,7.22208036432636,13.2119846748311,-1.25281856416992,-2.64355379305342
71.2871287128713,5.32609272237724,12.2565747153125,-0.66001803158888,-1.84528885732258
72.2772277227723,1.4139159247719,5.77491485452067,-1.22920412093589,-1.80265192613245
73.2673267326733,-0.69689451298995,4.43002714294198,-0.228907332703389,-1.34139301708711
74.2574257425743,-3.62173599995946,1.66636826564383,-0.959681396418623,-1.71080427583731
75.2475247524752,-4.39632873687963,-0.895288650267735,-0.403787319266717,-0.80375337933968
76.2376237623762,-9.45216644761009,-4.35151391947391,-0.00415300297781862,-0.987892588047447
77.2277227722772,-10.7511610217313,-7.36236496810314,0.285567449017651,-1.18742260531033
78.2178217821782,-14.8478249913029,-8.60950821136828,-0.737883504505673,-0.578613955996935
79.2079207920792,-16.4428116918178,-11.9247333462545,0.569949717688452,-0.288709375425591
80.1980198019802,-18.9245868028482,-15.251053558293,-0.209495236704272,0.426259762976117
81.1881188118812,-23.8960053333586,-17.8237058115946,-0.32426346883178,0.0303251149645769
82.1782178217822,-25.444572277717,-19.6837896427132,0.475410595220304,-0.343722247178566
83.1683168316832,-26.2268998919116,-23.8621058263255,-0.270601767699841,0.246712402861789
84.1584158415842,-29.4261355271359,-26.5345124505227,-0.515378449772084,-0.273848802550532
85.1485148514851,-31.8957220722724,-30.0421013816018,0.107926783062938,0.705557353228396
86.1386138613861,-34.253921506993,-32.9259454871819,-0.60287429171022,1.33797468655764
87.1287128712871,-36.6965193206718,-35.5576343416429,0.771181377802133,1.2088048042257
88.1188118811881,-38.5216466898259,-39.4156543525632,0.751917721846617,1.54220138723505
89.1089108910891,-39.9073075401907,-41.6320529532735,1.29433510100494,1.19785729636648
90.0990099009901,-43.0624414484138,-43.1991719611166,1.31233065572514,2.20620155975199
91.0891089108911,-44.8684262378254,-44.8927613229791,1.97561982233333,2.31926933667468
92.0792079207921,-46.0888456982963,-47.3928727934565,3.1150437243013,1.22997564512654
93.0693069306931,-51.1471105618175,-48.9506024483113,3.12700803946759,2.10631757947958
94.0594059405941,-51.8027563906595,-50.7461341302399,3.43318279300655,4.29706399141706
95.049504950495,-51.1751359620878,-52.4221785943467,3.56184343212727,5.62508281461619
96.039603960396,-51.7189797133594,-54.4229768157537,4.97092958824666,5.97310953472079
97.029702970297,-52.3084192742993,-55.2491756072726,6.38321382020437,5.82130211645956
98.019801980198,-55.1900402451979,-54.9531697474371,5.94146164792676,5.96265791774809
99.009900990099,-53.3935177883257,-54.5322311579497,7.44015345457896,6.70787952531094
0,-54.6336573760867,-55.5398193565303,7.89541541962997,7.7456756990175
0.980392156862745,-53.7342010019673,-55.1540373409208,7.20723391242114,6.87044662846272
1.96078431372549,-53.9301408198705,-55.5754780203995,7.06342920874928,7.10973639341144
2.94117647058824,-54.4425865269668,-52.9497446196879,8.2472044777838,5.65434901106801
3.92156862745098,-54.2228013884786,-51.3412238161405,6.37497408338429,6.84860477301194
4.90196078431372,-51.8382741086331,-51.4069252404502,8.36250800575635,10.0010705256715
5.88235294117647,-49.3683356880645,-49.5485763486266,11.7582152696873,14.0819755710848
6.86274509803922,-50.038717371924,-47.9003976742376,15.5410003916548,17.4241766694473
7.84313725490196,-46.5201146729078,-45.9171878640308,18.4827164198289,19.1693060993264
8.8235294117647,-46.9088050056481,-46.6523335817419,20.1493729981694,20.4296455930376
9.80392156862745,-43.6791288457512,-45.1861219214255,21.1850839424796,21.6891321225047
10.7843137254902,-42.8611723873023,-41.0752473452385,21.8427399371775,23.7195641721029
11.7647058823529,-42.5871858463976,-41.9494852740411,20.8678415640724,23.9286953773009
12.7450980392157,-39.4859414227245,-41.8418004937194,22.257066351407,24.1798033377747
13.7254901960784,-38.3480821359881,-39.9817839068317,20.7220648818502,24.7089712721496
14.7058823529412,-37.162893053008,-38.7346996800573,23.5311279669928,25.4455644094037
15.6862745098039,-35.8449279149273,-36.111405614033,23.629427938689,26.4192926936281
16.6666666666667,-33.9243701971276,-36.2545517897879,25.0716517862837,27.6320775434424
17.6470588235294,-32.1193334460607,-30.4016250731976,26.2380617892729,29.0604128725028
18.6274509803922,-30.6982332361444,-31.8745041849795,26.6772590280792,29.2613817250126
19.6078431372549,-28.0862625465054,-29.065496942905,27.7987830557554,30.3404766278704
20.5882352941176,-27.8911296817249,-26.3969332422669,29.4439974768222,30.6135559731093
21.5686274509804,-25.2700889000351,-24.6747302630161,30.5474037041344,30.8751939844533
22.5490196078431,-24.6518598262664,-22.2726248758423,31.3348608724654,31.80588699001
23.5294117647059,-23.6316732503029,-19.5869600520885,32.7618541647251,31.5943310216447
24.5098039215686,-20.0075609602439,-18.6664658944323,32.373306245188,31.8602223355979
25.4901960784314,-17.4005679991159,-15.9736620207,32.123702339938,31.3935039517631
26.4705882352941,-14.0443083751142,-12.7638827175376,31.0267319281213,30.8656081721843
27.4509803921569,-15.4680545036787,-11.3156861233132,28.6826039965669,28.8144010011552
28.4313725490196,-12.2885194633231,-9.21688886727728,27.0880351761908,27.0144431182737
29.4117647058824,-10.2066759356337,-6.52544311132949,23.700252213387,24.8266200860257
30.3921568627451,-5.37092742203609,-3.54392034537005,22.3890489529277,23.008616512839
31.3725490196078,-7.75385778933416,-2.04016781773808,19.0928406575317,21.2429544604682
32.3529411764706,-4.07348922594836,0.514178282283119,18.2839985914189,18.8185942498512
33.3333333333333,-1.59334378315888,1.11957478599181,14.8458429279716,17.0244766344356
34.3137254901961,0.52959484433107,4.54928677909283,13.7528141391312,15.0252144245579
35.2941176470588,3.36185571137069,5.7550382657757,13.7263428043528,14.1650688504296
36.2745098039216,5.48353593975865,9.09839980856752,12.7554098013072,13.8354196920511
37.2549019607843,8.61429139686314,10.7525138591872,12.2990639801489,13.9016768435368
38.2352941176471,8.70231040010885,14.4333075984947,11.3510354724886,12.0554460992961
39.2156862745098,11.9179244418108,17.1739766593023,10.2330207429014,10.9041029618138
40.1960784313725,15.3443887157213,19.2828473633189,9.09645399336973,7.61753882132769
41.1764705882353,17.0531968463604,20.227742983828,7.37949962899496,6.47316986279988
42.156862745098,19.2698553858901,23.7901592849661,5.588653027263,5.44845374028244
43.1372549019608,21.2915014935399,23.4911995084141,4.93719910272908,5.06997898105078
44.1176470588235,22.3616683780697,28.2131484851546,3.18449808609074,3.63940517667199
45.0980392156863,26.0181699982264,28.7853199865892,2.74531895446944,1.79343908898078
46.078431372549,26.6548448462073,31.8093423179337,1.63241691700876,0.770121711788539
47.0588235294118,26.9458670505373,30.9535481482958,0.55318314606207,-0.238194680460323
48.0392156862745,28.8463287453876,29.5854600444225,-0.562793416734323,-0.910147156532161
49.0196078431373,28.2326119982157,33.5273928784253,0.290863882281298,-0.0561086116686106
50,31.8674852152093,32.512778946954,-0.102493473256127,-0.888976886371412
50.9803921568627,32.468842297841,35.1708390837584,-1.46191291324221,-2.22448128317701
51.9607843137255,34.8724128699842,36.8429485317634,-2.41489333984373,-3.86601638453957
52.9411764705882,35.1746157986856,37.3699063376823,-3.5452682611205,-3.51139651884244
53.921568627451,36.339641975117,38.7478978929546,-4.81661077140184,-2.39047494901496
54.9019607843137,35.9129431673385,39.3117386971664,-4.88605883180517,-3.25757784811128
55.8823529411765,35.4525103422319,39.1919278865518,-5.34560354257802,-4.26074375147921
56.8627450980392,33.7623711768337,36.9278008809806,-5.74007292304021,-3.52122396088827
57.843137254902,34.7540507886323,38.2512909145666,-3.93817797786368,-5.09192321859994
58.8235294117647,31.9292286976223,35.9756630958502,-3.27788684674281,-5.79414032976567
59.8039215686275,28.3092611439199,33.6244808272014,-4.17566930701867,-4.05803401813703
60.7843137254902,28.0880431164532,31.3624465343091,-3.37637168919883,-4.20206714825796
61.7647058823529,25.1760828944281,29.741677415981,-3.78090205089955,-2.64224346289504
62.7450980392157,26.1594327825934,31.7453780373484,-2.60848315177595,-3.34425654411955
63.7254901960784,22.6957570829458,28.8533869962028,-3.11169822002168,-3.27000785801049
64.7058823529412,21.0125130768692,26.4219912793258,-1.6480599413799,-3.77004062977576
65.6862745098039,19.0897605290441,24.565481219362,-2.25407422573956,-4.13777228417114
66.6666666666667,16.889864696754,22.1680682780895,-2.07271312313193,-2.96720136238795
67.6470588235294,14.4705352683926,19.3374571949936,-2.04240625675898,-3.08705255119589
68.6274509803922,10.8949216383512,16.9205212388056,-2.18598433020266,-3.44792200840357
69.6078431372549,8.5747544487203,15.2226565192415,-2.64016773501511,-3.10338033631219
70.5882352941176,7.34696448423702,12.5371483323573,-2.2808167272871,-2.5789796352094
71.5686274509804,5.98642790996137,8.39291173490899,-2.14439905893127,-2.87924895593205
72.5490196078431,2.19878749426553,5.70451632965186,-1.83229326823782,-2.46021433836026
73.5294117647059,3.35430153631569,2.92860882249949,-2.7056933179206,-3.60861119821884
74.5098039215686,-1.07632553414417,1.71218908719375,-2.605327254912,-2.92045068007605
75.4901960784314,-3.38956513016019,-1.35727613082507,-2.10496968422118,-2.2375459560483
76.4705882352941,-5.97055127997641,-3.50038375758726,-2.9105539706576,-2.71417125837628
77.4509803921569,-9.54374966608304,-7.68321357169505,-3.27737443258016,-2.25689628064106
78.4313725490196,-13.1383766935386,-9.65210144686031,-3.70229893136939,-2.27040950025588
79.4117647058823,-14.9926351297882,-11.9012337515672,-3.10429481665519,-2.28523205479903
80.3921568627451,-13.5615098678453,-15.0064649915207,-3.24477676993151,-2.33777267006318
81.3725490196078,-17.3177765513238,-17.2534884225033,-2.6049876006054,-1.92337520357521
82.3529411764706,-21.9772671375346,-21.6884896519945,-2.54084168767148,-2.84510972302847
83.3333333333333,-24.9605218914285,-23.3631150815577,-1.93668010638977,-1.50256571733365
84.3137254901961,-28.4105069774647,-26.9446280008898,-1.56029948570304,-1.41035060240995
85.2941176470588,-31.1560615874337,-30.4326901160998,-0.602263014199463,-0.00429782055228325
86.2745098039216,-34.5080324034894,-31.2688795490718,-0.800963008917374,0.795629348768436
87.2549019607843,-34.7385972681497,-36.4950447986066,0.895083383123257,0.686924595899779
88.2352941176471,-40.3565615498632,-38.2883732412287,0.650435182292766,0.624666727184282
89.2156862745098,-40.404731805466,-42.5085554812996,1.82608595188015,0.401188366804483
90.1960784313725,-44.6941252464333,-43.4474800020074,1.64030412774035,1.67638237891379
91.1764705882353,-45.2881604950458,-45.7211448549187,3.16714634109431,2.85900808741413
92.156862745098,-45.4901362750541,-46.7709292554023,2.13977499847619,3.94770568179375
93.1372549019608,-48.7745231693801,-51.2731476099968,3.04158031903771,5.42107380920549
94.1176470588235,-49.9727421996749,-51.9957603756677,2.70218493562728,4.98020671311839
95.0980392156863,-51.4151859259662,-52.3560860192094,3.24187638634265,5.33243034576924
96.078431372549,-53.3238471733624,-53.7138724351369,6.42269383179015,5.08689088603366
97.0588235294118,-52.8051188597976,-53.3598501871759,5.96806774243412,5.11861831379233
98.0392156862745,-53.4569322785967,-52.8097367305085,6.1882534781205,6.38461988626915
99.0196078431373,-54.3010814944752,-55.417532598348,7.11547474265548,7.73025188187881
0,-49.937089572843,-51.2502928833586,9.308930591308,8.26054604079926
0.99009900990099,-53.244552068182,-53.537086681934,9.48951229948787,7.35062445168183
1.98019801980198,-53.3145924543754,-54.1747717325189,9.29176241615361,7.88198538158359
2.97029702970297,-49.7700867609801,-48.5445596510808,9.21420782439233,7.8721440367522
3.96039603960396,-46.852405790997,-51.012253473206,10.8964753315416,8.12516157929339
4.95049504950495,-45.9656248637186,-48.6289222362633,15.1918850913169,9.72076088457392
5.94059405940594,-45.1988086666506,-45.2781234302243,20.1637205550638,12.3469768786884
6.93069306930693,-43.3680876231404,-46.3840804938765,23.4146808267421,16.1751671447714
7.92079207920792,-40.9020456535971,-41.809179665119,25.2750923317175,20.5739920494281
8.91089108910891,-40.4406370691226,-44.6302971413991,27.1475266374363,24.2970487400398
9.9009900990099,-37.8454236066602,-40.1521541470856,26.4477462000554,26.0600253465403
10.8910891089109,-35.4370433071802,-38.766878347509,26.9232748575009,29.1121987294446
11.8811881188119,-32.6041229656343,-36.5493842260179,26.3321064410272,28.7604547254557
12.8712871287129,-34.6513184819932,-37.0863346343063,27.191341382798,28.8887838924694
13.8613861386139,-30.2478159506257,-34.3899417592621,26.8106000589206,30.0052274806586
14.8514851485149,-29.2148129229881,-32.6615337179646,27.3652285636252,32.2420205389956
15.8415841584158,-27.7959880714103,-33.1049561536306,27.6893257232081,33.681386653414
16.8316831683168,-26.1821805305237,-28.2616381576817,29.6885562591289,35.2415096174268
17.8217821782178,-23.1675608084938,-25.1462492799941,30.6016449452404,36.708563281947
18.8118811881188,-23.1672233090198,-26.1761956314545,31.2884885394126,37.9250249410331
19.8019801980198,-20.6844555639441,-24.1340170813393,31.7925053709829,38.747866070822
20.7920792079208,-20.0228075383273,-20.9317024342892,32.0386664528156,39.4401002062385
21.7821782178218,-17.4706929311121,-18.0083260517811,32.11576629298,39.1330344127617
22.7722772277228,-13.9697504737576,-14.382331999333,31.2849663129096,38.3234719450545
23.7623762376238,-12.4406396995386,-13.9687455093743,30.5741440632207,39.6402677041353
24.7524752475248,-9.60587541574341,-8.24924139339694,28.3918446502064,38.9914404034674
25.7425742574257,-9.46705437259813,-6.81729175557112,27.4150863718699,37.9303040978817
26.7326732673267,-4.57628139103854,-7.15166109803948,24.4366762349019,35.6202195215409
27.7227722772277,-4.57846170748753,-3.21866896659582,22.9252069076344,32.937830417519
28.7128712871287,-2.07378651537766,-1.08319140655218,20.1614937597613,29.7916763377892
29.7029702970297,1.15414964294787,0.275825958119651,18.4532428462501,26.0026448840348
30.6930693069307,3.51175562373772,5.27001750835077,15.7816970379159,23.664695352071
31.6831683168317,6.07097936653038,5.45579246736229,14.7356310126553,20.8550188993471
32.6732673267327,6.32739406394596,8.04165890165161,13.2016833038258,20.0405134567215
33.6633663366337,9.08114030222587,11.7447477904238,14.0484613823326,17.2358115401417
34.6534653465347,13.0491408130163,13.0441531543425,12.7962713952403,14.5860521252151
35.6435643564356,14.0846936169915,16.039417595019,11.7012977171378,13.0087003682397
36.6336633663366,15.6584214913838,17.4184576252079,10.057565910426,12.250993399522
37.6237623762376,18.2288175866844,20.5175921602638,9.4233451735382,9.96830886765896
38.6138613861386,19.725702344411,22.4621093550919,7.97156676921111,8.528424270788
39.6039603960396,24.0934549483753,25.154223229713,6.11351139536949,7.89240694569839
40.5940594059406,27.0505686376227,28.481368546606,4.73839883665071,4.88455457004837
41.5841584158416,29.6546615767834,30.7491737923212,3.41190552901567,2.8316136695326
42.5742574257426,31.1279556884767,30.1178054002168,2.43723441054564,1.10174212132848
43.5643564356436,31.8238284910764,31.9391401012872,1.58292514879316,1.33356251724109
44.5544554455446,32.1272431051228,31.3835388939529,-0.0893682289297503,0.0579465838907605
45.5445544554455,33.7758066884338,34.7123921199637,0.145847558114634,0.0893931307000216
46.5346534653465,36.4468242196618,34.4424919817878,-2.27071475298003,0.134073536269726
47.5247524752475,35.6518064245574,36.6873718392731,-2.74279090681761,-1.45423601010758
48.5148514851485,39.3119264388645,36.6785818546098,-2.22202563652456,-3.27861943621639
49.5049504950495,40.2619346399696,36.6602129895137,-2.58668536520913,-4.43056614190141
50.4950495049505,40.1654541030774,39.1433604566349,-4.65761049020234,-4.21473741168166
51.4851485148515,37.9512066079926,37.3674675522899,-3.75630746927782,-2.91039213211759
52.4752475247525,38.1117879615187,39.6012509436448,-3.89615668397591,-3.48441594374003
53.4653465346535,34.433866376093,40.7339164204231,-2.91607151179467,-5.70434932029682
54.4554455445545,33.839704651877,39.3821657889124,-2.9357269834116,-5.02749378517149
55.4455445544554,32.1425916919178,39.5309621220953,-2.83134890144362,-4.84731305065899
56.4356435643564,31.0842857546362,39.8708004618966,-2.98778440986122,-4.81738562175128
57.4257425742574,28.019380699294,39.0836450223735,-2.67979316551786,-3.64440188888167
58.4158415841584,28.0708138908844,35.8813322889951,-3.71673219715944,-4.04333099109114
59.4059405940594,25.6764016998496,35.9677765992254,-2.6932247764075,-3.35658667269733
60.3960396039604,25.8490333344343,32.9865299717212,-2.4761338210768,-4.20307075421068
61.3861386138614,23.0882711447034,31.6138170413153,-2.13498482448833,-3.85720249611505
62.3762376237624,20.9292287489597,29.9461252111211,-1.54301402516197,-3.64907178109141
63.3663366336634,20.2649231523764,26.0342303154103,-1.77414572515852,-2.51399847373018
64.3564356435644,19.1590561286307,24.8612568546656,-3.11992597518979,-2.93704353140058
65.3465346534653,16.8543315983085,22.3658174833382,-1.98862945397999,-3.50961626257582
66.3366336633663,13.1608992954416,23.3610968986546,-2.57318871940671,-3.0603612610727
67.3267326732673,11.1117704380598,19.0906996902382,-1.48421982686312,-1.96505890433341
68.3168316831683,9.76552035831056,16.4610345158337,-2.43979006915322,-2.79413351888993
69.3069306930693,8.25011977450399,13.9138167704443,-2.53209988909005,-1.55056650426249
70.2970297029703,5.38449887315663,11.3512831347907,-1.744643389796,-2.10590274250815
71.2871287128713,3.28002007550948,9.24194873995018,-3.26439050541524,-2.45906911417896
72.2772277227723,1.63443291197371,6.78229885791673,-3.19593132465857,-2.54754464729846
73.2673267326733,-0.707903493785817,6.75644059450832,-3.34672071872375,-3.20195096398083
74.2574257425743,-1.3539734874158,1.76934188282098,-3.27452620388479,-2.94743671831919
75.2475247524752,-2.05024756902066,-0.347289480038511,-2.2193572989102,-2.22119275552283
76.2376237623762,-6.57632969515575,-4.53594163913889,-3.06732707455854,-2.91173539644721
77.2277227722772,-9.0612218464491,-4.82425295881328,-2.68798171402521,-2.83308088809292
78.2178217821782,-12.830850582465,-8.36923690063555,-2.4808342891608,-2.80486004750202
79.2079207920792,-14.9807974009464,-11.7312634881021,-2.05885972766947,-2.5112245316189
80.1980198019802,-15.5451921137649,-12.2654740945608,-2.85316278718297,-2.84272940192832
81.1881188118812,-19.1128489831295,-13.6740918496029,-2.05453184935006,-1.98653435291217
82.1782178217822,-18.9695234498053,-17.0601557541034,-3.02028253637701,-1.61668695887706
83.1683168316832,-23.6040316406042,-19.8277242926744,-1.70705219520763,-2.85448903246396
84.1584158415842,-25.0927262501238,-23.7089435710179,-1.94810533353065,-2.26366112051819
85.1485148514851,-27.4677546080321,-26.6975048275475,-1.40047787412064,-1.52322958362307
86.1386138613861,-32.339450766773,-30.2872967237689,-2.29411555424452,-0.387850755554124
87.1287128712871,-31.2669709527475,-33.1991484459255,-0.507452621493039,0.20502838597412
88.1188118811881,-35.7370750438444,-36.1689646097286,0.0863169445964021,1.05638973979132
89.1089108910891,-37.9684247067094,-39.4786107402825,0.220471346204662,1.48185993385162
90.0990099009901,-40.5404333690413,-39.4745901073846,2.07315871949412,2.55379549064141
91.0891089108911,-42.6433337815757,-43.3702705272151,1.30087188917332,2.96399554035237
92.0792079207921,-45.0081939699462,-48.5554342017444,2.65860525278736,3.35575212788018
93.0693069306931,-45.9577815171626,-49.1046327288395,2.74554223497856,4.16189004439299
94.0594059405941,-46.159222716522,-49.0093315946372,3.88322103715543,6.26140758171892
95.049504950495,-49.836715653389,-50.5195089576672,5.55975734375832,5.97006611096315
96.039603960396,-51.2804582476664,-50.3705959813772,5.24393845078785,5.39766881721746
97.029702970297,-52.1392209363207,-51.9724081963549,4.63606934252496,6.07608985376576
98.019801980198,-50.4892207232471,-54.2552358751535,7.08139910217923,7.76566944961913
99.009900990099,-52.7138044695867,-51.3544895436228,7.94393563892609,8.99044986707449
0,-59.9759536025782,-63.7309681115054,5.27352034396263,5.29433976338734
1,-62.5964799680904,-63.7480394115674,5.60864797848859,4.58710843337621
2,-60.4318017615331,-62.6227849210769,4.29595805783398,5.60258932594862
3,-58.3567759019268,-63.239316792556,4.56092403696193,6.50235703773056
4,-55.1202791658831,-61.4873839263572,7.90058154568193,7.31140506543378
5,-54.098234066617,-59.5704811651143,11.5870787867515,10.099974345267
6,-51.8978218591758,-57.3424316889976,16.4735203080472,13.5167709155137
7,-51.1472693871704,-55.4272970734719,22.4210775301011,17.1251223953638
8,-49.8779060993461,-52.8113373145463,26.368639905829,21.3136877510141
9,-47.8662489439509,-50.7834942121389,28.3747842252985,25.9892579607002
10,-46.2010560568499,-49.9871179216517,31.2994573945033,29.1378699819066
11,-43.2773590489407,-46.2945827871909,31.8845404677292,32.6625187815307
12,-44.6203986598558,-45.0958867430225,33.3918515951414,36.431049698722
13,-41.8447169596137,-44.4422303265346,36.3604180461836,36.6221455507973
14,-40.3793993845575,-41.0883125730806,36.4999963524099,39.3227829541328
15,-38.2266077005147,-38.8481661958705,41.2843185634356,41.0571085301486
16,-36.6207314782369,-37.2326383868202,43.4979336188209,44.8045319102242
17,-35.2076059609278,-36.4551997808348,44.6444145456922,46.3129088510662
18,-32.0505892804408,-31.7555680072785,46.4261914723706,48.6095565021002
19,-28.9475463394919,-29.1407605632015,47.4240636568042,50.2253918720292
20,-27.8943735080365,-27.0201464367617,47.9089176278394,50.9612160235443
21,-25.2173572334878,-26.2552234699241,49.3091652718875,51.4686275945899
22,-24.2145398695655,-22.5676533496057,49.0661533184347,51.4221861300457
23,-21.2320665144181,-20.5297851049195,48.6287765639254,49.5599201229651
24,-20.4567679490073,-19.0594454810596,48.7066139224373,48.8690038445901
25,-16.6984787351643,-15.6687298983623,48.4436381546467,46.5101043862062
26,-15.4112203555312,-12.5414064420738,48.9152657835697,44.9336225183693
27,-14.486208424709,-8.98436079985779,49.0060815330829,43.6549077662445
28,-10.2193739391204,-6.72381298433509,47.4516736374234,41.6584192061238
29,-6.63687575811322,-6.69184781757112,46.1647165221961,38.7942057161805
30,-5.3092285423046,-0.91847681846824,44.1058318571245,36.297932478793
31,-3.04591723777888,-0.404351192209489,40.6267011173887,32.3255788197081
32,-0.0966669797589035,5.15992595800039,36.9557562280606,29.2861287461434
33,4.67598558225359,6.71255560535086,32.6219067150118,26.1240759564723
34,5.37751279841665,8.9815306134303,29.3164854129037,23.5370855037807
35,8.56986404023949,11.1474839456019,25.0191591495648,20.2078968180311
36,10.6470280702622,14.8722083162291,21.2833937992749,18.6522836901536
37,15.4366226047317,18.8379632159656,18.4027036663678,16.8954580624795
38,18.3347993802393,21.0824541368673,16.2501625453921,15.1198084091174
39,22.4209071559839,22.7620888825138,15.6173896383403,12.8843367851222
40,24.6068377380086,26.5523132679551,13.7995718612877,11.8497712541549
41,28.0833766502647,26.5715078466749,12.6692078252777,9.55012665846161
42,29.2063817921277,29.9657080190435,10.2230062770564,7.85934421713815
43,31.719103879239,33.8586394595887,8.22693137332184,5.17503901143149
44,34.685994948532,35.4869696687142,4.10683442800636,3.51440114224253
45,34.9962476395065,34.7117479066009,3.09697082312956,0.904306695384403
46,39.5533005108771,38.1989315115045,2.16639072024417,0.0625559322584913
47,39.3041353535319,39.3792153371784,1.19225729469308,-1.0506394162638
48,41.4050544464568,39.4171511368122,-0.827010687542468,-2.43155917417747
49,41.4049914029312,41.894189054116,-1.94073756985173,-4.24679255344645
50,41.1913165774762,41.5839956947731,-3.27364340431126,-3.46171247312786
51,41.607880041482,41.9008037016129,-4.26927998917735,-3.67483601410365
52,42.0566214611599,40.3555995323468,-3.84955505035785,-4.12466451602323
53,42.865543669222,41.1305104498981,-4.46885162703108,-4.08281608793104
54,41.5820446532989,40.5616408618624,-3.80286697291741,-4.8012743210268
55,41.1114108435044,42.4921508827029,-2.89146595692757,-4.31698429858082
56,39.9590184545885,42.3114976626157,-3.36379034771454,-3.76757616598146
57,39.6929741491252,39.7110939183187,-3.64051377269802,-4.16208055874778
58,39.3766143986085,41.286369572363,-4.14408030616345,-4.05018098149536
59,38.5000179631381,39.07537659094,-3.65804189813722,-4.08390697884661
60,36.8293341078255,37.1842016894736,-4.5103207417862,-4.62321534495641
61,35.3764158895582,36.6845659237937,-3.63020461647948,-3.93600207398007
62,33.3676904992003,36.441727466482,-4.34586314292349,-4.25314690367677
63,32.6873117363089,34.0226943844734,-4.18731869842371,-3.91907592561784
64,29.2852632135489,30.8328296001485,-4.12970637794958,-4.08777200529154
65,29.035518840543,29.7707308663265,-4.87189810084447,-4.31329983698093
66,26.8683267664536,25.7146926483962,-4.33455944759479,-3.61237854039647
67,23.3364720848594,26.9315806819423,-4.08588729072917,-3.95670635913154
68,20.6056140277613,22.1213218147621,-4.0753210982639,-4.09205663156501
69,17.5174790441967,20.1915038829904,-3.58724358692532,-4.1324711018045
70,17.3061130051713,17.6204457848341,-3.81614797678953,-4.19306734590122
71,9.76637961998929,16.1954262842902,-2.39869451009459,-4.1374018901162
72,7.66977911944809,12.6417882654867,-3.98456087381082,-3.66896254235772
73,5.69669469965303,9.10709622282659,-3.49922109521772,-3.45209652506445
74,3.09852566751641,7.29811036287934,-4.4076360794428,-4.14576656094369
75,-0.121182488990099,1.90708356669719,-2.56894016165933,-4.00895819904711
76,-3.15173145659165,-0.00803317629158387,-3.12365491195182,-4.42249867375958
77,-5.05344628322359,-3.5013937524595,-4.23854407445908,-2.73206417397301
78,-9.52608688963396,-6.79355916222057,-3.13897643434893,-3.37872321493978
79,-11.9852205476888,-10.0215430319779,-3.13114260488103,-2.94968828751484
80,-16.1690189958683,-12.0990455182932,-2.44151444548551,-2.61393143488163
81,-19.7057003516253,-14.6961946860288,-1.80197679273581,-2.56594811612636
82,-20.959337352144,-18.4870060698286,-2.05169887838909,-2.22285089369205
83,-25.2615784101685,-23.5709240761366,-2.44253337219646,-2.5402382343982
84,-29.408947569814,-27.5190076204173,-1.78141407934857,-2.46130671342115
85,-32.1196465610588,-31.86319914833,-1.89054872071628,-1.0324355130876
86,-32.3649743066971,-33.1134576635083,-1.46972180290513,-0.753726137529833
87,-35.4108704498801,-35.8915943494379,-1.45570708330206,-0.0631654488900028
88,-38.6496731630299,-42.3317662415465,-0.309250640156106,0.826103175450638
89,-42.1989498648197,-45.4368036455991,0.10806426782461,0.8225265724042
90,-45.3229453338695,-45.6153191544086,0.482799749151299,1.52230234187877
91,-49.1268909960595,-50.0852917153719,2.11064741877592,2.52428694082677
92,-49.3363951258236,-51.6298389406359,2.34768467193663,2.16299082638185
93,-52.3266084960378,-56.7361150310252,3.48676578129155,1.74756175891519
94,-53.4082758409148,-56.9390954885196,3.07509736855229,3.20699920615726
95,-54.3886673130949,-57.0800387010431,5.9841866711499,4.56179878293382
96,-56.5145296754796,-59.5691995927511,6.9959129315101,4.80903783851625
97,-57.7028372348002,-58.4254732918217,5.11136090804488,4.84177494419439
98,-58.4623505452074,-61.3825365244256,6.19237857052645,4.84410120651273
99,-59.7316408036395,-59.8673580964547,7.39153797663759,5.56161602786665
0,-52.2985054071447,-54.8627085518715,7.50090463224422,8.0788986848893
0.970873786407767,-52.2834120513904,-53.5249279822029,7.93288658056393,8.2534456928993
1.94174757281553,-52.4476238722285,-52.1197096376259,8.08932902849041,8.71935234751976
2.9126213592233,-53.5724495584777,-51.2189148578725,8.58481211241283,8.31831857899026
3.88349514563107,-49.5138903908199,-50.1166264365452,7.73638925992644,8.24551502049971
4.85436893203883,-47.8094245921235,-49.975206183482,8.68364042711217,11.7057862738708
5.8252427184466,-45.8708797217143,-46.0800535148436,12.6641868131905,16.0604341656935
6.79611650485437,-46.4376048513172,-46.7810685674076,15.6433736505472,18.7156164147737
7.76699029126214,-40.8321403650708,-43.9650427092425,18.8574554939871,20.8428541947715
8.7378640776699,-43.8319205295946,-42.5596823931727,20.9864883477216,21.3221211940887
9.70873786407767,-41.511026987525,-40.0263438448618,22.3210153179296,23.097895400643
10.6796116504854,-40.0636784557877,-39.2277173149257,22.6792339428378,24.416424497713
11.6504854368932,-39.2959170913713,-38.8714069100215,22.0325199152671,23.9124721677765
12.621359223301,-38.0293179334575,-37.5550718057929,21.3751613453929,24.4648266920821
13.5922330097087,-35.3313241950963,-35.0356186651088,22.2882809409273,24.9705583045045
14.5631067961165,-32.7536816328747,-34.8903445697478,22.3079196548526,26.7676524763443
15.5339805825243,-33.9167209254004,-33.5449293409679,22.3721957532551,27.4939618850515
16.504854368932,-29.8623011348033,-32.9690286326932,23.9756348638912,27.6796526102444
17.4757281553398,-30.9573807206404,-28.6568424391105,24.7591351919873,30.3391626475581
18.4466019417476,-26.0784313013384,-27.5879078970629,24.4003149151286,31.2887812889541
19.4174757281553,-23.1025411390485,-24.4563570848718,25.1459320506428,32.2244618228023
20.3883495145631,-20.3796798044751,-22.7191851482861,26.103408489966,32.9062287475536
21.3592233009709,-20.7385685406896,-20.0755827108033,26.6185277762393,34.8933264855154
22.3300970873786,-18.02909083815,-17.4257587537508,27.3953849395616,34.7903973717084
23.3009708737864,-17.2036360827885,-13.2855021394212,27.9206177577653,35.6592111964259
24.2718446601942,-14.9278601556066,-13.5162623896634,28.1476770991253,36.1829566448081
25.2427184466019,-16.9048771051444,-10.9279256650725,29.2464515756367,35.6225781961975
26.2135922330097,-12.6461289053036,-9.61643207299342,29.1634234498612,34.0972199049144
27.1844660194175,-10.7010909188386,-7.26693353107892,28.4006971342947,33.3440037653889
28.1553398058252,-7.08162211409182,-5.33954935689704,26.9701532768249,31.3886298025255
29.126213592233,-5.45466241414568,-4.60309768899884,24.7707248197503,28.4573028663655
30.0970873786408,-4.67760332211918,-0.259815107760695,22.042343065216,25.1725534483382
31.0679611650485,-1.73662047081123,0.380470381467015,19.5519566412758,22.6466303731236
32.0388349514563,1.5557097088683,4.70708957363253,17.9286652523874,20.2749523580656
33.0097087378641,1.79775698567709,6.3923205420903,15.5282610039876,18.3734977703965
33.9805825242718,4.63540513225128,5.08598188908097,13.7792780052171,16.5470027636421
34.9514563106796,7.79951758401763,9.8243088147046,12.9670553112982,15.6913764646686
35.9223300970874,9.54335786257564,12.1752154754085,11.8988199600497,13.798096318528
36.8932038834951,11.2644306234279,16.7163053051177,10.6510020315121,12.2927700083029
37.8640776699029,13.3840970679346,17.5274296088736,9.6780339144726,9.93892969629439
38.8349514563107,16.9628303381805,20.6880323947546,8.21388838239641,9.42789924197566
39.8058252427184,19.9551126451655,22.3858316590914,7.41904548939383,6.75824678900082
40.7766990291262,20.9418270450952,22.1167444130519,4.99933308873353,5.94253290008191
41.747572815534,22.5491023788553,25.8336506501831,3.60718901008028,4.55302883227832
42.7184466019417,26.0172892624405,29.1796148100065,4.10421885680338,3.36552624475105
43.6893203883495,25.41140008731,28.9899015857677,1.74573141911465,1.33139909301543
44.6601941747573,28.2746448011315,31.3200284211651,1.59000878789623,0.0977331051592355
45.6310679611651,29.6669740971629,32.4409518396124,1.13163676867049,-0.43514107982413
46.6019417475728,29.7042740510591,32.3614104592177,-0.247381469917751,-0.757857180501788
47.5728155339806,31.7570809906523,34.7653165723327,0.675973175722572,-0.836997637909109
48.5436893203884,33.186560366399,35.0722333266185,-1.60420788482993,-3.08975440419826
49.5145631067961,32.7879562700813,36.9357009822485,-3.1561164761128,-2.31167386562963
50.4854368932039,37.4566239431995,38.0228836457451,-4.31881299132498,-2.45700612741706
51.4563106796117,36.1151864401741,40.8971172258599,-3.90075019692902,-3.20997110996544
52.4271844660194,36.1407456211673,40.707634292985,-4.6138703147281,-2.88292303065259
53.3980582524272,34.9169052122353,41.0806920676974,-5.46856226284831,-3.65403794937304
54.368932038835,35.3541619322274,41.3566884003243,-5.86776957231587,-4.68064521721524
55.3398058252427,36.2734220615548,39.7021041084327,-4.14392709652845,-5.36471174220846
56.3106796116505,32.8579896140759,37.5533185232253,-3.3023171375943,-5.68889538674165
57.2815533980583,29.8193269622426,36.3624344369566,-4.19264219902147,-4.14268570188429
58.252427184466,29.8382184110958,36.1028115308846,-4.16546300847143,-4.84437391507852
59.2233009708738,27.5062822352332,35.2926766235648,-3.26531308518815,-3.7419080059613
60.1941747572816,27.2693252025184,34.4862993479382,-1.89606275625077,-3.56190228008737
61.1650485436893,23.5976632128799,31.5430269441173,-2.32172965177099,-2.95160630880736
62.1359223300971,22.7128286967062,32.0208894870154,-2.46170549314737,-4.10152525017574
63.1067961165049,20.2817201490666,28.6574121108267,-2.77524316811247,-4.09747640169755
64.0776699029126,17.8538912968405,25.8517474354595,-1.8358890632197,-4.21061758964302
65.0485436893204,15.6343097847698,25.101979086426,-1.66152098726646,-3.90568652250451
66.0194174757282,14.912371359768,21.6889173939073,-2.442847732636,-2.02534222422295
66.9902912621359,11.8217146806959,20.8704862687153,-1.75683255870108,-3.49827676771173
67.9611650485437,9.85567112983044,19.1803120704167,-1.89887927555411,-3.11566250219274
68.9320388349515,7.65203783203947,14.8672264265313,-2.34092497646229,-2.94869622855138
69.9029126213592,4.75582467665548,13.285061468419,-2.97283392101755,-2.31200962287565
70.873786407767,3.08712502786853,10.1982075281241,-2.31641362992636,-2.25814410417691
71.8446601941748,0.898054911241005,7.28571420137339,-2.60129971254708,-2.60323230531788
72.8155339805825,0.138057405572749,4.42459013905337,-2.49491781590498,-1.54036511585301
73.7864077669903,-2.73358663813681,3.60358977059296,-2.9129308164976,-1.63089942336564
74.7572815533981,-6.65581753329036,-1.04305798736142,-2.89381245082659,-2.99640158987954
75.7281553398058,-5.84752511388195,-1.78407963375511,-3.0728249629496,-2.04726150794726
76.6990291262136,-9.02017959411367,-4.57563679123047,-2.6577789093511,-2.05490644963912
77.6699029126214,-10.6301215522876,-8.23798238348513,-2.52912243812102,-1.3371961651015
78.6407766990291,-16.0173397172704,-8.22382542321057,-2.23568605201011,-1.12922034021393
79.6116504854369,-16.0102402307993,-12.5602213935967,-3.22566581800995,-1.64999343336851
80.5825242718447,-17.5239131446468,-15.6653910525213,-2.9658102643602,-2.74282398722997
81.5533980582524,-18.3879926932545,-18.2358502036712,-2.50772819232377,-2.32344756198249
82.5242718446602,-21.6135614672891,-19.7362801491273,-2.94917236843662,-2.82751565503537
83.495145631068,-23.5122082382962,-24.3820445072042,-1.66001209317942,-2.7260691946403
84.4660194174757,-25.7821555371371,-26.6272359189974,-1.49719407871296,-2.46245803583643
85.4368932038835,-28.0546015208186,-27.6645910813888,-1.85949168580416,-1.19484277304763
86.4077669902913,-32.7862057156123,-33.7780822583873,-0.756470773146435,0.891727378115066
87.378640776699,-36.5396884519957,-35.1961223065683,0.397849063299626,0.817376098798051
88.3495145631068,-37.9109018816052,-38.1627752806833,1.51179913689107,0.647237636807099
89.3203883495146,-37.7657856142295,-38.942343502015,2.04066954391378,2.27971972279775
90.2912621359223,-43.4883105932367,-43.3864334756469,2.19304327195432,2.3391721191599
91.2621359223301,-44.4863409345748,-44.4386722891758,1.542553714209,2.79280439817037
92.2330097087379,-44.5332073328011,-47.8984134188116,2.49029642814187,4.74113558731528
93.2038834951456,-48.6444945682311,-48.7195492026957,3.66362991079368,6.10004631123114
94.1747572815534,-48.1376625986787,-49.1437153264913,3.53949148193344,4.27993915931169
95.1456310679612,-49.1704018438824,-49.764183144421,4.29867613292003,4.80778635124336
96.1165048543689,-49.8120193360142,-51.9726488220586,5.01158709982273,5.91389736283462
97.0873786407767,-51.794232812281,-54.6178918223817,6.02886806843557,7.65435120291667
98.0582524271845,-52.2549433681918,-53.382435606035,7.82304370680148,8.87741713955902
99.0291262135922,-53.8455286656122,-54.5537711566976,6.40407077047539,8.19482127945556
0,-56.8994017631358,-62.7388391007115,4.90248577931712,11.55835246883
1,-56.6550170031077,-60.909292498489,6.29305176626931,10.1429901239952
2,-56.6924263971003,-59.3930772127214,7.66300108869788,12.2372173923801
3,-54.7694503539852,-59.9910411723416,8.0557929968889,14.8605103275934
4,-54.6526727357415,-53.3473105023802,6.27703789108899,17.505856751119
5,-52.5727376446557,-53.7969484414633,7.41647665691968,20.1620803014013
6,-50.8874583012288,-55.0044106864989,8.91706803763286,24.0318686002769
7,-48.8866913158827,-53.0446468980559,10.9977626604598,24.4572347376322
8,-48.6351838810689,-50.3982260083347,14.4358122268813,26.2297208864988
9,-45.734755843109,-48.1597137874851,17.9150493976918,26.9574017071082
10,-47.8281757984591,-45.8208878459919,20.2940843498032,29.1921949338479
11,-44.2411707197579,-44.5851202473853,22.4097747297783,29.9849901295053
12,-43.5871829474664,-44.3885899737297,25.771556977778,30.8976383018025
13,-41.053396346382,-42.0049195467279,27.6605108556022,32.4507749204153
14,-40.9435620862353,-41.6578403918553,29.5575748301395,33.2221851563127
15,-38.7750408141781,-37.208069599258,31.639121949152,33.8051033963389
16,-35.3566629218548,-37.5763114847541,34.0694013639263,35.2530130345919
17,-34.7895906333638,-35.3490724116959,35.1825921385666,36.5438513573065
18,-32.5173894790656,-32.7153695752159,36.9931999064157,37.0276056806499
19,-31.4235454359922,-30.4158304451463,37.4302919500614,37.9838778143021
20,-30.7743113753694,-29.5232103262163,39.2417544054914,38.9515677534159
21,-26.53179065723,-28.0915004540093,40.3680299574698,40.0435264644114
22,-24.6735344958299,-23.8806444162039,42.4159188229854,40.3096617696554
23,-23.4929855080494,-20.4036461991493,41.5054996408061,40.5397849877019
24,-22.3435740352507,-18.066120910167,40.8890161736809,41.2979178581435
25,-20.6349674587057,-17.7670130126581,41.3407575128842,42.3853059888265
26,-15.8712995233312,-15.1253450647632,40.4888606974689,41.2870098276906
27,-15.3865451281433,-12.3054233192672,39.0115840927453,40.1388719674052
28,-14.6744395823739,-9.71176469177837,39.0225602634698,38.6956784397039
29,-9.2375406374017,-5.93704291967012,37.9523788192563,37.6428053413625
30,-8.57049785717324,-5.62065163315478,38.1884410020442,34.7069398755976
31,-5.52443459720732,-1.16712855592813,36.6578467348173,34.1735966636883
32,-1.98714921615268,-1.43477634195086,34.2904709644326,33.1371437885592
33,-1.47581899389196,2.33776190071492,32.0249315693073,30.4894589593058
34,3.30920940567623,7.60802959992313,28.4598243952081,27.1437058183252
35,6.40963773291149,9.79718932252877,27.7171073584758,25.1324394838172
36,9.32740881113954,12.9618749625874,24.0227574747848,21.5006849667906
37,10.3994493582295,14.3041428725671,21.8023874413853,19.5587883092712
38,13.3465359028238,15.4995001778552,19.6741391656543,17.148233084047
39,16.4318282286428,19.7717122498565,18.0051162016086,14.6860079743354
40,20.1211568818312,19.7733966941435,16.6024000731707,12.6518444687786
41,22.127120964995,22.3473077034674,14.7735255227664,12.945499190897
42,24.8131284395369,24.7830025366253,14.2022166229202,10.8085442572297
43,26.5292778912842,29.3576838302399,10.5113337127274,9.61515729332393
44,29.4210402773508,30.1304028396094,9.04172326707402,7.26016253085408
45,30.5592114979581,32.9045792234016,6.53036417373945,6.04967085686262
46,33.3162783888801,34.2465703956397,4.19285409395267,4.20300411334492
47,35.5390028615422,34.4757500551666,2.33623692675581,3.10085736716188
48,35.3141835530993,35.3565688308788,2.32264174459175,1.21029189369024
49,36.7347491183293,38.78009982765,1.143739854343,0.820260009305746
50,37.2409565814129,40.8546659668123,2.21152678138974,1.05248545206815
51,35.9856003204633,40.4370763360696,3.19894363355985,1.43416770592143
52,37.3799522091049,42.2308803830367,3.79385302321699,-0.220144305650015
53,40.4638573731099,43.5362846663089,3.9326061231177,0.0473791445814899
54,41.491613087849,44.5875305487163,2.96607377954449,-1.22867942634357
55,43.5263252411127,46.8768558247021,1.72925899811501,-2.42662635086169
56,42.8964200547161,47.1646511711207,1.71268842310197,-3.64269062307946
57,44.0003641787567,47.0839396410233,-1.50329378505615,-3.41117803406078
58,41.4578255122039,47.0413321279726,0.464141847731439,-4.80365724847814
59,41.41185263778,46.5559214452832,-2.45049542331836,-2.54197160301715
60,40.8749546514617,44.4418324767465,-2.51201016157345,-3.37908566037458
61,41.0804275047336,44.5868656331948,-2.79549505701589,-4.40859702298445
62,36.4389686351421,43.8387437725745,-2.01325156558361,-3.69350641863578
63,36.0376018348445,43.1395475251631,-1.55512040302597,-4.52079740829759
64,34.5154599768126,39.0677401606693,-1.99380073385513,-5.1585920825469
65,31.501190256369,39.617164760584,-1.45209085456551,-4.50095453640511
66,28.0596507678548,36.2755557411189,-0.610774936613027,-5.9791783728303
67,27.9614214436188,32.3118456496309,-1.84083001983896,-6.71726088520571
68,24.8420213414198,31.7430312757927,-2.0785078899602,-4.73652349261284
69,21.0567092168888,28.9299758505066,-2.5892438923196,-4.9575370814729
70,19.0837511200732,25.1405515598339,-1.88220406287027,-3.81088311506906
71,13.717362042886,20.779270694384,-2.13665202495658,-4.12311081822984
72,13.0317498098278,18.895757614483,-1.80942565723141,-4.21165594760906
73,8.20850598615917,11.9208123445278,-1.83807873062769,-3.14031332170712
74,4.76772659915986,12.0567462184092,-2.46473196376057,-3.88068551307366
75,3.29953196334154,8.93651303925896,-1.70209937095387,-2.30694877971228
76,-0.183142331265175,2.66018603207393,-0.303522480356846,-2.16879832357952
77,-3.98547551065705,1.77989519521985,-1.34127258238053,-1.3365533747543
78,-6.81411560217387,-3.40670176929329,-1.5824428841931,-1.75000734731112
79,-9.60694825211867,-7.22768846716287,-1.59778977583376,-1.32186381714979
80,-11.7552073904255,-9.03612397465374,-0.567447343704207,-0.132996089329446
81,-16.3470268022883,-14.2619809885228,-0.56569923232845,-1.04941376346613
82,-18.1345276010824,-19.831620239803,-0.420149927974188,-1.08091131934966
83,-22.2308522835827,-21.7411789215195,-0.868653085473787,0.399051505865807
84,-24.3880446084647,-24.7182700949174,-0.75020138277766,-0.998826523827463
85,-27.5520985708814,-28.0766595377732,-1.05400190362841,-0.17953068913312
86,-33.2680141712725,-33.8161982704145,-1.30429959581664,1.16298841962259
87,-35.1260203020878,-36.6402459671835,-0.901893461578222,0.711688552368826
88,-36.6836265406367,-38.7062631626618,-0.813321743392042,1.15899271234633
89,-42.7681896831207,-44.1248292476571,0.362121975074381,1.83280889408268
90,-45.514718277116,-45.6904895319651,1.86754504631536,2.23439700810881
91,-47.0578577480185,-52.7951782259287,2.11896951442936,2.65965182776439
92,-51.2600710460555,-55.7839933394423,1.47555831136688,1.52146819097572
93,-52.4199332916081,-58.370426536766,1.56633493533699,3.80063628766944
94,-54.9702019321692,-59.4434231844646,0.264423117912069,4.68498149545215
95,-55.4716055983976,-59.6384060878302,-0.288790365866777,3.78634610779322
96,-57.2749496941106,-57.9416130150437,0.0493681209443941,6.70147099921587
97,-59.2109778350612,-61.2128525577791,0.994807742568599,5.5503477970966
98,-58.2300943647918,-64.3739877879151,2.4817270329354,9.75602980064136
99,-59.4297031088104,-62.562026662789,4.04917227601152,11.465533404645
0,-50.1157114443009,-60.0806928681507,9.21147509506917,7.86258184358282
0.980392156862745,-50.5244506835159,-57.6171980838727,9.94249977653611,10.1767590600402
1.96078431372549,-49.4447523479546,-56.4283223854883,9.415063509049,9.18675324110145
2.94117647058824,-50.0933865741182,-56.8820661025767,7.93990326264177,9.17721212607513
3.92156862745098,-49.827310330071,-53.5948667631178,9.19786062949107,10.448170198645
4.90196078431372,-47.1100852872303,-50.5595666835641,11.7531049683063,12.8658971671337
5.88235294117647,-46.6550430230807,-51.2349074367142,14.9789415285824,17.6022603947796
6.86274509803922,-45.2648520384647,-49.6505902802145,20.1581001281114,20.3788805291137
7.84313725490196,-45.5067226149066,-48.6605250990065,22.795486586027,23.0393845734214
8.8235294117647,-43.0737007995906,-43.9451755791468,25.3125486545803,25.5225374470258
9.80392156862745,-39.5092067261968,-44.083555377949,27.1013916337306,28.8026361224603
10.7843137254902,-38.6376877668193,-43.3718739006283,30.1725341878143,29.0835950690596
11.7647058823529,-37.1044641849645,-43.3944050879466,31.9429193770604,31.7457675240082
12.7450980392157,-38.3790581354146,-40.7196643561136,34.0389989907032,32.6211011333994
13.7254901960784,-33.7465478774256,-35.6713609529836,34.8125680067281,33.1865955313538
14.7058823529412,-33.3405556247664,-35.8691448259255,36.9082601433516,34.3794330967161
15.6862745098039,-31.2894155203143,-33.7303493113463,36.7998540374279,35.1211007651495
16.6666666666667,-29.1824389549852,-33.1954650151054,38.419604871558,35.2883921387629
17.6470588235294,-26.7032511427413,-29.3041048573962,38.04815850996,37.1618574244944
18.6274509803922,-25.1991478899784,-29.2422229527657,38.6901975509307,37.9999580998811
19.6078431372549,-21.7453106038643,-28.039247361405,38.4754301921254,39.6479594996665
20.5882352941176,-22.469613664615,-24.8928135467679,38.0591782830386,40.4857744798597
21.5686274509804,-18.8575923497215,-22.8525341615293,38.9532998943447,41.8130145790036
22.5490196078431,-17.9752959952275,-19.8544573681631,38.429954969152,42.1399254337907
23.5294117647059,-14.3148162135252,-15.6083009475381,37.4154811432594,44.1850964747931
24.5098039215686,-12.341915217304,-13.8915539582328,35.7756681920305,43.0516763670822
25.4901960784314,-12.9841940264478,-12.4825624602853,34.580575765009,43.3110290014117
26.4705882352941,-9.43852977020114,-10.72105943842,32.9435719724673,41.6304184200127
27.4509803921569,-9.95309305744693,-6.99190963931869,30.0287846061706,38.0653550462841
28.4313725490196,-8.33218583871076,-4.58955437295394,29.073872995948,35.1785445527913
29.4117647058824,-7.12708838286174,-2.82493667851267,27.4939382272822,32.3361034733678
30.3921568627451,-1.79401320131855,1.29987611843829,24.5586452621765,29.2123339409134
31.3725490196078,-1.93021212890472,3.2865361819875,21.6103728563107,26.7483468366443
32.3529411764706,1.50087125078472,5.41977442246913,20.3146653135485,24.0545071024044
33.3333333333333,4.74610268029204,7.01702319928261,18.8644255754188,23.4714613314518
34.3137254901961,6.16016233054531,12.3452902180854,18.0744149253748,21.6499309192269
35.2941176470588,8.33972372680506,15.9722190499323,18.3303552067702,18.587276609901
36.2745098039216,11.8303288444907,18.1060405476465,16.714999665031,16.2017106172875
37.2549019607843,12.9607301724807,19.1105539829587,14.4363373498133,15.6457919411479
38.2352941176471,13.4426749103792,20.0931514052172,13.1065955733466,14.1263199526515
39.2156862745098,18.7485244301127,24.7626549654797,12.6201340222376,12.906708926532
40.1960784313725,20.1766243560735,26.773850700992,13.5498146205964,11.9503601905892
41.1764705882353,22.8060523577557,27.2261295197868,12.604216922465,11.4585459231707
42.156862745098,25.7336885328042,31.1449976154081,10.7177543230285,9.1360371427673
43.1372549019608,27.1633590331909,31.9999251116406,8.1727220502827,8.08694486608414
44.1176470588235,29.8668361243674,32.2374255041384,6.71294563887048,6.1779011046398
45.0980392156863,31.138870429849,34.0772161181539,6.23895565519984,5.24467961243081
46.078431372549,33.948935826853,37.7632131046592,4.76662465998494,3.06367743435379
47.0588235294118,33.7508838686497,39.7473072008448,3.46644766608968,2.75362300179825
48.0392156862745,35.7748865460515,38.1568450687083,2.40513087475217,1.98514419042008
49.0196078431373,38.0744313985243,40.2861324148539,1.3975063882916,1.55543638140693
50,40.7553345851103,41.9599810262201,-0.0105239661665888,1.65194624740156
50.9803921568627,42.3431942775651,43.8725277618254,-0.168559891913405,0.123741563215785
51.9607843137255,43.8084865271022,46.28692223304,-0.185122977094383,-0.783055561320159
52.9411764705882,46.4462478679591,47.9795053413409,-0.684353014884332,-0.945475411243958
53.921568627451,44.174444121562,48.5863306113832,-1.52228702375895,-0.994828751494992
54.9019607843137,44.783130717788,48.1798283229336,-2.238935268732,-2.49829843677281
55.8823529411765,43.9486977461795,48.0898625471614,-1.62050716361161,-2.94830934253698
56.8627450980392,44.7281420126843,48.9056963157911,-1.22761640258736,-1.99110486955359
57.843137254902,45.4507352822871,47.3858886964018,-2.30355465842076,-2.04139767302094
58.8235294117647,44.4879766842012,45.7780351247433,-1.47446631145202,-2.47601193340688
59.8039215686275,42.0516174761975,45.9472149005346,-1.74631073297241,-2.65286199859507
60.7843137254902,42.3652703188056,45.650546148388,-2.0191225415088,-1.97529720199849
61.7647058823529,39.1448628279122,43.815330930292,-2.47634144935851,-1.68280599672283
62.7450980392157,38.2453950238765,38.2657851681101,-2.35323353063602,-1.76242837217587
63.7254901960784,35.1770220527994,38.4710323872902,-1.50454642065509,-2.20524885250088
64.7058823529412,34.6794733542126,36.9076440618533,-1.44637480869678,-1.557773502459
65.6862745098039,30.7863966745,33.4817960941754,-1.79272546068999,-2.37914212967583
66.6666666666667,27.9848025654959,31.679053837493,-1.90758907791093,-1.36955663671663
67.6470588235294,27.635311823146,28.7476931977699,-1.95592308052473,-1.48971652643013
68.6274509803922,24.2668308484495,25.8335432504888,-2.3237372200934,-1.79950157060746
69.6078431372549,21.5664899757194,20.9964186217953,-1.16661386675588,-0.802520012847779
70.5882352941176,19.3203924317219,19.7473047809904,-1.17896831062659,-1.32401300369647
71.5686274509804,15.7300130911993,16.4156145765486,-2.75549751511416,-2.29155184491453
72.5490196078431,15.7020927959578,14.4181657334204,-1.95776896407366,-3.00079057069545
73.5294117647059,11.6720608471603,10.789935949826,-0.23570386035147,-0.839975316754116
74.5098039215686,10.6551856748045,6.67416543496941,-0.0551628165594115,-0.216849778816469
75.4901960784314,6.41919787032777,6.35923821076617,-0.860856066456308,-1.53846825820677
76.4705882352941,3.10085559188602,1.64960810949546,-0.78451095059054,-0.576345689280141
77.4509803921569,0.384426805037299,0.464347866071271,-0.185040753016603,-0.804589825613417
78.4313725490196,-1.96814088948088,-2.42080822970296,-0.642010797470638,-0.613376981919588
79.4117647058823,-4.12399043129162,-6.16187226130861,-0.0265002642100274,0.186906567474552
80.3921568627451,-7.04812161673901,-9.68815757021646,-0.39456067441003,-0.287682713435164
81.3725490196078,-8.3709874280735,-11.9568320508958,-0.157750847464,0.844801788076523
82.3529411764706,-13.5332857200088,-17.0319530359765,-0.358657617938422,0.148112450415073
83.3333333333333,-15.2781518830174,-17.5536150986151,0.385903693362261,-0.368976695053072
84.3137254901961,-18.0915160873038,-22.2389570262977,0.0134043716123105,0.129812376173182
85.2941176470588,-20.7362646409727,-24.4475376930517,0.593009830795894,0.46404586034267
86.2745098039216,-23.0331290178993,-28.5892038798261,-0.432415801282677,0.618345116943433
87.2549019607843,-24.9499016294439,-29.0675993551684,0.939968557631396,0.741149513112744
88.2352941176471,-30.3512056942582,-35.889922809653,0.784578713265779,1.08059085075616
89.2156862745098,-30.5619834267887,-37.2063946544128,1.37343289638707,2.41201787140359
90.1960784313725,-34.3423309373382,-39.5972595804975,2.38354696909658,3.30787479249886
91.1764705882353,-38.1624480940653,-42.8149165369391,3.23901027581315,3.78243987076768
92.156862745098,-40.8003466978895,-43.7239404759025,3.66222070833882,4.72929874565339
93.1372549019608,-41.8374498742188,-45.9037899773368,5.32083976020902,4.30659078209224
94.1176470588235,-44.1943143941856,-50.9645016244639,5.77921233144526,4.74528109575308
95.0980392156863,-46.3696742298054,-52.8610276530067,6.68960292337824,6.9086509368827
96.078431372549,-49.1234750986974,-51.2571027924493,6.42072505772835,6.61756974364684
97.0588235294118,-48.898775413597,-54.5932965749179,8.64320063400846,9.7840381307683
98.0392156862745,-49.7096884583072,-56.5754320229718,9.57804233892942,10.7433048401327
99.0196078431373,-50.5554235486315,-57.7074518485245,9.66750909689583,7.11320826007911
0,-58.0924427047848,-54.5723416874018,6.35969608269052,5.75839095370584
0.99009900990099,-58.6125003857179,-56.4915899156804,8.02763463693721,6.20281927769745
1.98019801980198,-55.5808108746883,-54.8720987478146,7.8058447821827,8.01939685632719
2.97029702970297,-55.541912204897,-55.93291048152,9.3689621273914,8.13037429293956
3.96039603960396,-54.6545976028522,-53.1175568597144,11.3688042900324,9.95930729238586
4.95049504950495,-52.1101040349522,-51.2096634307,14.8174771257772,11.9623740698885
5.94059405940594,-50.3369993732209,-49.7997866167998,19.7763507653272,15.8499576673282
6.93069306930693,-47.4138325860018,-49.4835274700758,24.6061513941309,19.9808974103405
7.92079207920792,-45.1865423116939,-50.2745137531422,27.8959031961825,23.3551645388748
8.91089108910891,-45.4451615859288,-45.1276828335527,31.995875510254,26.8406413812607
9.9009900990099,-43.2717647595739,-43.5136007144427,33.9511654051276,30.4719613636132
10.8910891089109,-42.0104054927479,-41.8727922780973,34.9816000679175,32.3183651294747
11.8811881188119,-40.5296788434053,-39.7556601525457,35.4654111956423,33.4542405090507
12.8712871287129,-36.8769537558076,-36.4607659132952,36.6271328684636,35.3454730333473
13.8613861386139,-36.1640567568549,-36.1782397136753,38.185904009838,37.8196473029505
14.8514851485149,-32.750185496335,-35.8368822141582,40.3223664362804,39.1427879626825
15.8415841584158,-31.097155907694,-32.3749462194593,41.8850980783785,41.750458920983
16.8316831683168,-29.1956942779393,-30.4468444073875,42.4266893840766,43.8989060072071
17.8217821782178,-27.4664060865622,-26.4920253323831,44.8093926959182,45.9721447404254
18.8118811881188,-23.9731183819392,-25.8931664477246,45.3573598495968,48.6589965644931
19.8019801980198,-20.7273663999307,-21.8691626649769,45.0118091835626,50.7077636418002
20.7920792079208,-19.2692245949232,-21.0915426949165,45.1124809849443,51.7900637180701
21.7821782178218,-15.6837053605973,-16.3450960291563,44.1641535818015,52.4265139010701
22.7722772277228,-15.4148761053491,-14.0425609447929,42.6249593847133,50.3163529014711
23.7623762376238,-12.2363661818148,-12.863724294821,41.0592236782464,49.5257512382801
24.7524752475248,-10.988513115994,-9.46267180620252,40.3423549392364,48.4229250708535
25.7425742574257,-7.84394032943575,-5.44512897755604,37.7530683200458,46.9270391459314
26.7326732673267,-6.32579089797284,-3.56845686593938,35.423753732575,44.1486751884736
27.7227722772277,-3.28453427206669,0.964139046685629,32.026417322582,40.4619054733487
28.7128712871287,0.695333343092861,1.70994234859461,29.0113708183968,35.6891985307668
29.7029702970297,1.64494462806668,6.15115606168676,26.8726382998816,32.4158502354087
30.6930693069307,6.35005992211097,9.29265063320636,25.6989907088244,28.3583443492246
31.6831683168317,9.72825171045695,12.0649500700927,24.7434063128019,25.6968098471624
32.6732673267327,11.9436327452531,14.7222058109824,21.6957348376554,21.886139464212
33.6633663366337,14.2713513768899,16.5986321883711,17.6204932834736,17.7444716874139
34.6534653465347,15.7362695237708,20.0414104094048,14.1766096757461,13.4437171811279
35.6435643564356,19.9793886625922,22.4337918177936,10.490402752396,10.3136149557437
36.6336633663366,22.9152503918284,23.8626061836232,6.02687662597055,6.86154047645441
37.6237623762376,23.8658992413013,26.9028628858468,3.52132261069575,3.6271071235297
38.6138613861386,26.7611607412098,29.7678525156107,2.10461386038378,1.1546391523673
39.6039603960396,27.3469281561356,32.4369773197013,1.79989416307779,2.0207995618443
40.5940594059406,30.0184045506982,32.7647398950419,1.15009914987248,1.63432386835067
41.5841584158416,33.2509246017507,34.5156239786676,-0.240035078537537,1.63598366838645
42.5742574257426,34.6238008239254,39.4240845906385,-1.94718310640562,1.68778681479135
43.5643564356436,36.7544799341428,38.8008965653407,-3.78017193538105,0.0305833495008516
44.5544554455446,38.1806127654232,41.3421932670842,-2.07724823681945,-2.25832291750894
45.5445544554455,41.5591045719637,40.2101763104346,-0.929138737678513,-1.59566510858897
46.5346534653465,40.5255860126344,41.1443379763618,-1.53324220467307,-2.38085065368079
47.5247524752475,38.8657056195434,43.7233985565058,-2.59587345969508,-1.93406239616234
48.5148514851485,37.9840038877369,43.2536450075085,-1.72512419861175,-1.95400174091188
49.5049504950495,36.5174006713696,42.7662516108082,-2.47200227993281,-1.88298267126232
50.4950495049505,38.113450673873,43.0960942812301,-0.489409995036762,-1.69634255129904
51.4851485148515,36.7631825085509,42.6246431314148,-0.354877696735203,-0.913577189052577
52.4752475247525,34.3350788947426,41.918813381742,0.465818661577025,-0.309966689487955
53.4653465346535,32.2560113957273,42.084712714975,0.802432976663269,-0.656429562104956
54.4554455445545,30.1673318758129,41.7963263268028,0.20376791210008,-0.930808039119156
55.4455445544554,29.0656505134942,36.7277969267012,-0.985608193294528,-0.586526982058634
56.4356435643564,27.9395489241178,38.2950290362482,-2.37234685730792,-0.862087561603769
57.4257425742574,28.1735582831313,36.2126429370661,-1.21825115371261,-0.667778811708133
58.4158415841584,28.3108434653155,34.1184170419237,-1.2255324365489,-1.23924202812502
59.4059405940594,25.7314561133582,32.1526008191891,-0.701754294678529,-1.11067331452561
60.3960396039604,24.6146800202817,32.5167402359201,-0.244557354105044,-1.05637804223871
61.3861386138614,22.3137192943926,27.7535516049163,-0.599250491332131,-0.456210976515692
62.3762376237624,22.5191673608491,25.6822310198605,-1.16187750385937,-0.501865732343671
63.3663366336634,20.2633582444861,25.3360884249269,-0.150171629128362,-1.11092417564964
64.3564356435644,17.8463031018568,22.8833979324267,-0.0901685217114041,-1.66805658892421
65.3465346534653,16.800875699743,20.9637801814357,-0.759410500481118,-1.02509471121879
66.3366336633663,15.0644752400028,17.269640699418,-0.809453811347001,-1.11832527026735
67.3267326732673,11.2197841112232,16.6898876994585,-0.388200172327594,-1.01407334879018
68.3168316831683,10.2010108455971,14.468399529756,-0.505793489319517,-0.966759027493122
69.3069306930693,7.9761327191532,11.2702701616447,-1.71136829451835,-0.712412005211842
70.2970297029703,6.31685573058173,11.6327577272699,-1.23883717733943,-0.744944127100607
71.2871287128713,3.53689724574068,8.2819335004486,-0.575165317360948,-1.00757330014541
72.2772277227723,1.94422423935373,5.97068631509275,-0.698964497633585,-0.983366477370626
73.2673267326733,0.00518520965497293,3.45485474722857,-0.939719612673767,-0.846327001337758
74.2574257425743,-3.13275690425402,1.98409903901192,-1.20521735741028,-0.959882292426249
75.2475247524752,-5.73403198572551,-2.17952501961735,-1.86631007076584,-0.907998471090714
76.2376237623762,-8.80763205011125,-5.05188408353433,-2.01638442700801,-0.292004421232559
77.2277227722772,-11.4012882528492,-6.79259756808846,-1.47751541639854,-0.996095149505933
78.2178217821782,-11.7301829158093,-8.5228404030414,-1.98890342931335,-0.695016671597691
79.2079207920792,-16.2335102311286,-10.6679599406303,-1.02681248435151,-0.67925045623439
80.1980198019802,-19.4054620494518,-14.1987532678444,-0.766985714805312,0.121860605583486
81.1881188118812,-21.2725138819837,-16.3958357643629,-1.83066779263158,-0.429313799624845
82.1782178217822,-23.7739782514031,-18.8351433712857,-1.18882751587629,-0.819187970043601
83.1683168316832,-26.8670289965745,-20.6671823885635,0.0268813630916317,-0.24195479918214
84.1584158415842,-27.793858014137,-23.3865954156546,0.615707134727026,0.168487701261541
85.1485148514851,-30.4728792864973,-27.9939372623235,0.706231342119325,0.166365011078136
86.1386138613861,-34.63710639883,-31.0729830742056,0.605382212715647,0.441616872358894
87.1287128712871,-37.5131681635506,-35.2916595080029,0.407187875550259,0.562119603600146
88.1188118811881,-40.9802655400973,-40.3841590822457,2.15068853854589,1.95737534843369
89.1089108910891,-41.8387813506847,-43.4112139461169,2.66087732479944,2.54451353159524
90.0990099009901,-46.1667932155344,-46.1234659789729,3.04611721135345,3.01544198572458
91.0891089108911,-49.4068570853024,-47.0311703113643,2.40494591820719,2.97141677432714
92.0792079207921,-48.7313605793474,-50.5626119492892,2.40056520806699,3.32612902710866
93.0693069306931,-51.9760802612322,-51.6414107593444,4.4205654906502,4.26568561928382
94.0594059405941,-53.1926086188294,-54.2484161263363,3.15236935702592,5.23861608628534
95.049504950495,-53.0734518964223,-53.8558920895377,3.5465999992103,4.93689493092475
96.039603960396,-55.1825028564867,-57.8310849580211,5.45301603930601,5.68992312656691
97.029702970297,-55.6942052833405,-57.6006449893572,6.45642558321245,6.62725243683844
98.019801980198,-55.1597232501106,-59.0531646782701,5.74900916024413,6.44962297110053
99.009900990099,-56.2291246273511,-58.6513253857139,5.59294944544983,7.15042580870525
0,-60.3059763748522,-60.9698971628045,6.77415736001802,9.52702042764874
0.961538461538462,-58.8386766355045,-61.9829399469894,6.8616341464953,10.83066161099
1.92307692307692,-56.6046750695194,-61.4220113261434,7.44430365645644,11.7644093963049
2.88461538461538,-57.980722543388,-57.4314337194756,7.72611310661353,11.9642310517325
3.84615384615385,-57.5081139562835,-59.0778627797314,8.28327225833844,14.6967416333848
4.80769230769231,-54.1489382050995,-56.4625512124479,10.1710801608337,18.3493163428359
5.76923076923077,-52.401421613926,-52.5863650809685,13.0673139346183,21.4999714180486
6.73076923076923,-51.5894375060558,-52.8612870507084,16.108959609787,24.7365596750048
7.69230769230769,-50.9866510922844,-50.4160110977422,18.7622661099803,26.5676133953733
8.65384615384615,-47.9862069374526,-49.9341553143805,21.2868072075552,27.9756517179128
9.61538461538461,-48.7632932985123,-50.1931073315159,23.1807558072392,31.8679665568813
10.5769230769231,-44.2756106732214,-46.1930029536621,26.2444175978618,34.4631391326676
11.5384615384615,-43.3898063545858,-46.3887832768277,27.2049490619101,36.493068783541
12.5,-44.1618472287068,-43.1431984803955,29.2608231601799,37.2477657339007
13.4615384615385,-42.3960923356089,-41.8347120491422,28.3526316025852,38.8470313017197
14.4230769230769,-39.9725045703809,-40.9977052355963,31.0070943370473,39.2576792915742
15.3846153846154,-39.300645736019,-39.1235941315897,31.2739170505132,39.1287615330264
16.3461538461538,-36.9405049862732,-38.8380171331474,33.6748835262406,40.0947595832327
17.3076923076923,-35.5488345227477,-37.1656797747994,34.2295448445421,40.1587013144898
18.2692307692308,-32.445947854375,-31.9660453838786,35.8528888027227,42.0605153262555
19.2307692307692,-33.8252849707966,-30.9436312141756,37.1447281508012,41.7327876607568
20.1923076923077,-29.7886688982619,-28.6264758252332,38.7836068043427,42.8118577360878
21.1538461538462,-30.3461207067861,-25.4801671570876,39.8297783483486,42.1486174796499
22.1153846153846,-26.867208067382,-26.8215200466216,41.7860664362726,41.7222990465958
23.0769230769231,-26.1818000213477,-24.1536839484205,42.192584555653,41.5455255114572
24.0384615384615,-21.6306110574227,-23.1423211699312,43.1841773993377,40.986192698798
25,-21.21809042181,-17.6804532741269,42.4746498332359,40.3842105355759
25.9615384615385,-19.3695573420366,-18.3250870298248,42.8828824928197,39.0299971827373
26.9230769230769,-19.7289570403506,-16.1945218610993,41.2316749280356,39.3843891362563
27.8846153846154,-17.3199503316894,-12.2430299012935,41.2938887450145,38.3358873099552
28.8461538461538,-17.1880243088339,-11.4943477273515,40.1027890233023,36.7567088964836
29.8076923076923,-12.557495987597,-9.40038371852521,39.4053642434845,35.6405315420313
30.7692307692308,-9.38709639196941,-5.25429861163661,38.9285313413961,36.1265533893723
31.7307692307692,-7.75547954318374,-3.62857557411184,37.5740369597628,35.8602015015782
32.6923076923077,-6.05369569447484,-1.64541016884783,36.1159232953991,35.0716744175166
33.6538461538462,-1.86275359031246,1.63174518861599,34.8012700940844,32.8326611748518
34.6153846153846,-1.40938864448868,4.53281502160958,32.8750617586828,29.9429448508644
35.5769230769231,1.44226771377741,5.44235833472353,30.5677262158273,27.5062172882317
36.5384615384615,5.5038415885476,10.5870805069266,26.7858667090336,23.9348349211988
37.5,7.60057597549684,12.0052394041583,26.2411129330805,21.0859368933636
38.4615384615385,8.29158826246631,14.7571034699532,23.2865444994448,18.2378634543918
39.4230769230769,9.910094903775,17.0832325769177,21.0054217231001,15.8626406679342
40.3846153846154,15.8280488204023,20.3959157161612,19.1000859582744,13.890579071373
41.3461538461538,18.2897268381723,23.6430812524453,17.2271005646515,12.8445079774667
42.3076923076923,19.9472430171353,24.7865350687084,15.5277797879951,10.5413288608944
43.2692307692308,24.038574757784,26.3113386491522,12.3813174612993,10.4924091046965
44.2307692307692,23.8748068073055,28.4432816660514,10.7821300288631,9.46552695900455
45.1923076923077,25.781247448055,32.1415558250038,9.03752165482814,8.40648433443434
46.1538461538462,27.126584928366,30.3496333602923,7.26369184198244,6.87988964579691
47.1153846153846,30.9261181143106,32.3645197733295,6.09957726196646,4.17376170218711
48.0769230769231,32.1457362984288,35.8884428597576,3.39461888312281,2.74846266571617
49.0384615384615,33.6907562530325,36.7588368965687,2.16806751382673,1.71591216925488
50,34.8806632808758,39.5489733906277,1.32857983158311,2.00986951025481
50.9615384615385,35.3025697922374,40.2841486837756,1.77850916422047,0.284941395318401
51.9230769230769,37.3505675077793,41.8266170303554,1.88208125306818,0.651964318731685
52.8846153846154,37.251061455629,40.3137330716267,3.11177179490009,-0.383872457774664
53.8461538461538,36.8512084438728,42.6557741460797,3.33297148500076,0.230919387295106
54.8076923076923,41.0473625266573,43.1312428275319,2.73915098690183,-0.819893508404447
55.7692307692308,40.2582033375583,43.3684015626988,2.10800992554165,-1.78671015891654
56.7307692307692,42.7378606930767,44.1479670763408,0.547328166788262,-2.68590391451213
57.6923076923077,42.6970441959914,44.9976785962658,0.354126087451469,-4.00120519715268
58.6538461538462,42.7772339184146,44.9560547830168,-0.691115353391304,-3.73206375337269
59.6153846153846,39.4163799150813,47.3920199629749,-3.2496825367881,-4.36291708703814
60.5769230769231,42.1039347873874,45.7825309055849,-3.25448931976049,-3.10881168465265
61.5384615384615,42.4167815186541,45.1448498172868,-3.95819958020564,-4.1890896150823
62.5,38.1397102900922,45.2535498295019,-2.90256799998191,-3.22778020378543
63.4615384615385,37.8870191608565,41.1243965029833,-3.25234342419103,-2.91865248209658
64.4230769230769,35.4461693226117,41.7003358075779,-2.18462198363727,-4.6462007111082
65.3846153846154,32.5302001535479,38.71133355244,-2.13530990142118,-4.19627810165649
66.3461538461539,31.8559711204849,38.4321892892884,-2.27510309452439,-4.34839184004228
67.3076923076923,28.8158718702565,33.1944817286085,-2.34650832751326,-4.70301651880887
68.2692307692308,26.4270832804583,30.9425105496137,-2.60474423777085,-4.71078594386423
69.2307692307692,23.6603045134995,30.215998950498,-2.31105879556818,-5.85416038661158
70.1923076923077,19.7440108875874,26.2332888294546,-1.9855983427595,-4.31370734505808
71.1538461538462,17.0136898018692,24.8173617152207,-2.22249901908159,-5.83405948462278
72.1153846153846,13.8974853380399,18.6800864782892,-1.33365860662252,-4.1901079677612
73.0769230769231,10.1527490726442,17.2866654316912,-0.761700548268331,-4.76654682095665
74.0384615384615,7.45534833863042,13.5895124381504,-2.04381314453597,-3.8481621391848
75,6.4593905223003,8.40729394394588,-1.01656007168106,-3.13310596623262
75.9615384615385,2.32662563814146,7.8176165395691,-2.27734796317813,-3.21078698178783
76.9230769230769,-2.53029475814788,5.18185789463182,-2.13318554689203,-2.54809228081836
77.8846153846154,-4.47458708595535,-0.521038776919333,-1.81095884856155,-2.52266952341896
78.8461538461539,-6.7440329853704,-1.45957306935714,-2.14082471468826,-2.77128754319457
79.8076923076923,-8.84886541458725,-5.88194593580893,-1.72254603778326,-1.73517939649243
80.7692307692308,-12.87902883524,-9.31298143705882,-2.24847668339919,-1.51588133097796
81.7307692307692,-16.3003057365484,-15.4569895277236,-1.34894223333434,-0.176771615939367
82.6923076923077,-18.8599889590844,-17.2605612795656,-1.00424257913932,-0.285360014630597
83.6538461538462,-22.3440155275199,-20.7617039458408,-0.763665042984684,-0.373786845182701
84.6153846153846,-25.1580644634527,-24.7602369368707,-0.509431703802718,-0.205223568621374
85.5769230769231,-29.1559840241734,-27.9752472265112,-1.1102030883379,0.235009916412474
86.5384615384615,-31.072547363274,-32.6622712290189,0.0147724399729709,0.211944094301131
87.5,-33.4311156479131,-34.1643813724831,-0.386448626349627,0.5528329643196
88.4615384615385,-37.4980225941798,-40.6728602909927,1.06328861327108,1.74464348456727
89.4230769230769,-39.1779544307737,-43.1161329813022,-0.107856985114588,1.99739980905428
90.3846153846154,-42.3596658285679,-44.9488448676751,0.576775218477886,2.29096323917772
91.3461538461539,-45.5370263922134,-48.676868059293,1.60523045033806,3.67703376857134
92.3076923076923,-47.9659331261831,-50.3937389882418,0.529028555531908,3.38355936085019
93.2692307692308,-49.866677649611,-52.7567413978704,1.2638066393841,4.8453439992068
94.2307692307692,-51.1292854737285,-54.456800963483,-0.145825371848561,5.57890083720379
95.1923076923077,-55.5087674247941,-54.2887731459129,-0.501089783583456,6.90241275513633
96.1538461538462,-54.9514849762751,-56.5147131874351,0.519515607971355,6.81689314893633
97.1153846153846,-56.6227956205152,-59.7542838477137,2.35787714870077,7.32532612604547
98.0769230769231,-57.0643810395416,-59.547233557837,3.49122607318972,7.62701184510512
99.0384615384615,-55.3810282436865,-57.6154750543896,5.38932691425867,8.6803720242117
0,-42.5019075624172,-49.2920153459223,9.55178530583903,8.03664819940889
0.99009900990099,-43.6267578824224,-50.2384509541932,9.89563251040516,9.93338670247654
1.98019801980198,-43.1815333261182,-49.6316382773341,9.87215404083023,9.87471164382856
2.97029702970297,-41.005800915862,-50.2430879212159,10.5277680563374,9.09758206470438
3.96039603960396,-38.3660778879404,-47.8988533732543,12.8333366356314,9.65121552635328
4.95049504950495,-39.5342977982756,-45.5953150666617,17.2560011106529,10.5536252993508
5.94059405940594,-34.3128510138162,-43.286522018881,20.2996746665176,12.9481353996344
6.93069306930693,-34.6385498721628,-42.6167401239177,25.0941173391226,17.0325008315957
7.92079207920792,-31.0213701450342,-38.8492988659825,26.711420285815,19.4298134649582
8.91089108910891,-29.5341710461623,-37.5496989105164,28.421234532215,22.0382564184384
9.9009900990099,-27.4957785307541,-37.6942321452908,30.9885159593014,24.9133961102722
10.8910891089109,-28.3785302702036,-35.5091356889053,32.006282551275,27.3135786271636
11.8811881188119,-25.5186365180654,-32.6885773201378,33.8310486446328,28.9060182620183
12.8712871287129,-24.1644500080441,-32.8179153470941,36.1700992235153,31.2777239374936
13.8613861386139,-20.5433668623763,-29.8251733406047,37.4980438901973,32.9392423428439
14.8514851485149,-19.341790317631,-29.6077141936542,38.6414891425127,32.8579077950332
15.8415841584158,-19.0866673837701,-27.50364188841,39.081728307732,36.1710553338016
16.8316831683168,-16.2335432402572,-25.6149149153549,40.0248533047242,37.8684973276966
17.8217821782178,-14.5096681112148,-23.2093531944926,40.8899262105289,39.3854646435314
18.8118811881188,-10.5968345738606,-20.7771882873362,41.2432718165564,41.7817595579582
19.8019801980198,-9.70623343572416,-19.6307703370774,41.878093424937,42.3438569999762
20.7920792079208,-8.04010949597276,-17.9278854535582,42.1490800747408,43.5889885420719
21.7821782178218,-6.05080244920925,-14.1398857321781,40.6908573931233,41.9027655489364
22.7722772277228,-3.56481552126556,-11.8010500281206,39.5126328447089,41.2182773332198
23.7623762376238,-1.69326320049716,-11.3425562946445,35.6146998197914,38.6578989590127
24.7524752475248,-0.182758280518654,-10.1409681544849,34.1217781253993,34.9560647384218
25.7425742574257,2.44439245303557,-6.21199800407672,30.7347574475254,33.301373006043
26.7326732673267,4.20528490310406,-4.16362517524641,27.151806860314,29.2312095834126
27.7227722772277,6.61824961654019,-1.10946966162229,24.5108102934995,26.2066261089769
28.7128712871287,9.04195134925465,0.741692564400804,21.419380966149,22.694328065434
29.7029702970297,11.1191032608955,5.53007108447131,20.1330559028782,20.0169418403308
30.6930693069307,13.9991397814964,5.20963694251993,18.3157138378665,19.2634903024949
31.6831683168317,17.5091773916754,9.73320986492155,17.4583723892577,17.2371590790996
32.6732673267327,18.5578636177597,12.4030463727476,16.0158606483471,17.3445168929421
33.6633663366337,21.2933813013131,12.8615125029818,14.1716312319124,16.8110595608642
34.6534653465347,24.0728611102591,16.5037639030006,12.1252456750908,15.5971979436158
35.6435643564356,25.2797927390972,19.6138272981576,10.964928364008,14.6228733430603
36.6336633663366,25.3156564002842,22.0615087540914,10.3555011140055,15.0417211429651
37.6237623762376,29.2266038562659,23.6270593631798,7.8600279329947,12.4191163259976
38.6138613861386,31.9919507499856,26.5680108187504,5.87148242598279,11.8153849091652
39.6039603960396,33.2652311163873,26.6076131292272,4.68719032441998,9.99683910453185
40.5940594059406,34.1924576670975,30.071949366338,4.42902518668075,8.38278912862409
41.5841584158416,34.7677998287293,31.6118533624953,3.02978932159357,5.48995117135969
42.5742574257426,38.2934190137521,33.140809167567,2.353397653779,4.24597432220974
43.5643564356436,38.9751124027188,34.2306021691771,1.91544794380317,3.54377109991881
44.5544554455446,40.7745966233158,35.8297921377348,2.29430388895951,2.47803561017739
45.5445544554455,42.3177736837662,38.5964277866867,0.834650276774117,2.37379064497916
46.5346534653465,42.5231857572189,38.746821549608,1.33729481021971,3.12392531283145
47.5247524752475,43.6513305942256,40.1045341582578,0.830349816194646,1.23253194244845
48.5148514851485,44.4514901607987,40.5409235467445,-0.320603026506466,1.10420459883375
49.5049504950495,47.4649503166243,41.1296898128255,-0.923023067119594,0.439796197255956
50.4950495049505,45.4497992507452,42.3101872326587,-1.40047814263059,-0.595640448301145
51.4851485148515,44.8526952215442,41.7652619011652,-1.6815224320771,-1.71396038504628
52.4752475247525,44.3112374617047,44.6211378640467,-2.77195324006053,-1.77446699110012
53.4653465346535,45.560212217981,44.4766704990359,-2.98366126486388,-4.31977645313638
54.4554455445545,42.993194970367,43.0330612020483,-2.61050574587724,-3.41915935585219
55.4455445544554,42.3300146726225,44.1370647208897,-2.60781915036756,-2.20800314989701
56.4356435643564,43.083294048362,41.8435645416063,-3.76984002582537,-2.53529478621275
57.4257425742574,40.8603878374454,41.9227252050444,-2.67168706410252,-2.39299459321763
58.4158415841584,42.7490381837045,40.4852393105484,-1.98408499860985,-2.10964548195384
59.4059405940594,39.7726632467771,40.2382367721234,-1.664263476079,-1.26251487688534
60.3960396039604,38.4649715769518,36.9468926487519,-2.07872988955223,-2.11931316602201
61.3861386138614,36.6579744106179,36.1148893628082,-0.524023705581989,-1.33785921009229
62.3762376237624,31.3104143416207,34.6779381116287,-1.52155364802225,-2.16342663369795
63.3663366336634,32.1590935796098,30.7342190535103,-1.37387071565295,-2.59720483383067
64.3564356435644,30.3009182075275,30.5999131292452,-1.09592590316359,-1.77822981593982
65.3465346534653,26.9495015106239,25.9510345250734,-0.61605042303831,-2.03764008511923
66.3366336633663,25.6152654219073,27.8865724532781,-0.808391294128479,-1.66187967039177
67.3267326732673,22.4175993018055,25.2832127028791,-0.863368791058897,-2.72677534530794
68.3168316831683,19.9398412099922,20.1000206795669,-1.04221004886237,-2.4554745820524
69.3069306930693,15.5160289102438,19.1911614193932,-0.940316871381144,-2.08225350355777
70.2970297029703,17.1867547829637,16.664305568091,-0.622781291585152,-1.14288977696187
71.2871287128713,12.8588990749751,13.7776144004354,-1.41449364987618,-1.24603483246305
72.2772277227723,11.5944753618339,9.13213053266956,-1.38673804686418,-1.00115574967729
73.2673267326733,7.97009920556955,8.12964211927968,-0.457941124175232,-1.59357363105409
74.2574257425743,5.24811491046537,4.93671836725565,-0.905346365414968,-0.954487138841009
75.2475247524752,2.29760154797258,1.85407101314539,-1.42718208862189,-0.701940206072518
76.2376237623762,1.20985347773742,-0.703657761024343,-0.541795117383828,0.306132562168225
77.2277227722772,-1.95634444678114,-6.20882372868171,-0.987153775391485,-0.621034396757461
78.2178217821782,-3.76860335328588,-4.91211620653335,0.247133176666512,0.156892304166019
79.2079207920792,-8.11802939463778,-9.63020277570093,-0.128230840906186,0.64765289411262
80.1980198019802,-10.3893652725832,-11.3841937748127,0.240627626796678,0.298701476373187
81.1881188118812,-9.24657013704841,-15.6015431265956,-0.61561272615258,-0.235755509109352
82.1782178217822,-12.8335752037209,-17.0825448511511,-0.0746830931082765,-0.114868525750465
83.1683168316832,-14.4444488035064,-18.8237115145234,0.256105093598513,0.0730119289000122
84.1584158415842,-16.4055977828985,-23.1115134060491,1.09994501518673,0.88645128759188
85.1485148514851,-19.5277272471476,-26.7388986515014,0.00716324043836086,0.608536605353831
86.1386138613861,-22.8420743518193,-29.3124001528946,0.900673793271453,1.13022370154859
87.1287128712871,-22.6559460877253,-32.0975651722269,1.81158655927748,0.82907954366115
88.1188118811881,-29.3466964185638,-34.7218854163839,2.43417001247536,1.71109269841955
89.1089108910891,-31.5275402851983,-35.7253698578781,3.22418673297276,2.99737213420436
90.0990099009901,-33.7701107322933,-38.6463212006222,3.84808813352304,3.64885771589516
91.0891089108911,-36.8387638116077,-42.274907655685,5.70757381213034,4.14141177263348
92.0792079207921,-38.2761416547455,-45.9039113670122,7.16532998396457,4.30347428885611
93.0693069306931,-38.3828156197076,-45.3093601373258,5.64404466630385,5.33619905478562
94.0594059405941,-38.7915245383479,-48.7514036262412,6.62174432897602,6.56246459284035
95.049504950495,-40.9711721560379,-49.3702958245582,8.43171248895635,7.23809302428962
96.039603960396,-40.3748302421086,-51.3881305478662,7.58045029318121,8.37917978164717
97.029702970297,-41.8929673928345,-51.8322852453519,7.61110276678566,7.92939290343151
98.019801980198,-42.3718665349134,-52.1759602126072,8.98077568719919,10.014272848929
99.009900990099,-42.6432442506952,-51.2992662212659,10.6729610214339,12.3618983263146
0,-58.2001313532674,-56.2881982583606,8.39686195957738,7.14269233984394
0.99009900990099,-56.4076338652218,-56.9995421101418,7.41410775526162,5.69493115588827
1.98019801980198,-56.3390297676938,-56.9505565527173,8.41303831029839,4.89904641365747
2.97029702970297,-54.9680555256651,-57.0755548868866,8.11531443043832,4.6811000007001
3.96039603960396,-55.6134568154265,-54.5953895958517,8.40964708204679,6.4133823346918
4.95049504950495,-52.5039806366607,-52.3602770518822,11.6667021101175,9.50658623443481
5.94059405940594,-50.6047037360904,-51.3087240389985,15.7959273835866,14.3926951237173
6.93069306930693,-48.9764031782871,-49.3583167486835,18.9364470019186,18.6060708075487
7.92079207920792,-49.0644567527969,-46.8807556261215,20.2306681817605,19.5490617360486
8.91089108910891,-46.2769494196206,-46.5103663934897,23.8043709175618,20.983531580573
9.9009900990099,-45.9522028913714,-45.761110250514,23.6530287094775,23.2672165667972
10.8910891089109,-45.0521824104048,-43.624209200525,24.1649339537586,24.0185153872387
11.8811881188119,-41.2962729742222,-40.9441755026422,25.1531607938888,24.6297309660659
12.8712871287129,-40.6673320238229,-40.4033793249645,24.085763074533,25.6983395462412
13.8613861386139,-39.0273886441574,-38.1021269585957,25.0619910405791,24.9030745859335
14.8514851485149,-36.130459747834,-38.3851961731305,27.5366624865439,25.8196027147134
15.8415841584158,-37.1629464480038,-35.3018244678291,28.9593417621767,28.0521246253663
16.8316831683168,-34.0174290177381,-34.6241136168278,30.1514675853517,29.128570699853
17.8217821782178,-32.8529341717625,-32.278992475326,31.9348935123879,30.6979623313838
18.8118811881188,-29.6367058326084,-29.9145569719703,30.9893949540938,31.353975097169
19.8019801980198,-27.7339667817385,-27.7317727354338,31.1851259703345,32.2539947486587
20.7920792079208,-27.786344039206,-25.9537158478503,32.0633889503039,32.7230179551329
21.7821782178218,-24.2386466455221,-24.2308672021825,31.8271790684725,33.9146567691642
22.7722772277228,-22.3056025488714,-22.8180728202976,31.7862389048177,34.3097745042233
23.7623762376238,-22.8890298663478,-18.4335794698359,31.8026832882555,34.0641823400921
24.7524752475248,-17.2048332997968,-17.3510947355088,32.6601236227228,33.6365852130512
25.7425742574257,-16.0142431883779,-14.7855180383842,32.3085859949332,35.0010866920262
26.7326732673267,-14.9409057641081,-10.6582617421859,31.5548803643608,33.1127455088304
27.7227722772277,-10.8565414267722,-10.6607507054213,30.0706629625425,33.4331901046612
28.7128712871287,-7.58524139223006,-5.37448623696734,27.9749014152184,31.2701806451967
29.7029702970297,-6.02487381248186,-3.94926999296094,26.7478533511044,29.9173635350339
30.6930693069307,-4.34149284565663,-2.14622957232156,22.5269490547692,26.8986306619768
31.6831683168317,-2.89178251018456,0.274060445932951,20.8165518665579,24.7514019817342
32.6732673267327,0.958046609452081,1.52815643933301,17.7743793783898,20.7487833848041
33.6633663366337,1.43644429968373,4.86230538792828,16.308202030348,19.0718204617341
34.6534653465347,5.27753886070301,7.63024309109804,15.3784386333299,17.2840435549629
35.6435643564356,7.10267916862742,10.5736007254339,14.0639137923253,15.0712494545329
36.6336633663366,9.49653395358208,11.3775723458649,12.7763985622647,14.1200673564675
37.6237623762376,12.5596409815502,14.9847786447001,11.6813117333298,12.0532854219751
38.6138613861386,15.0084447459796,15.8359796897021,10.8197641767982,10.018095451606
39.6039603960396,16.1104808622052,21.5892093031437,8.57310605803508,7.7972035705456
40.5940594059406,19.0708904957144,20.9170365254496,7.97283461548552,6.66484937685421
41.5841584158416,20.2871947095758,25.850422862666,5.44336510803173,5.77692480486328
42.5742574257426,24.8574131117449,28.1579285220361,5.32150189968867,3.61732890984392
43.5643564356436,26.7851711035023,28.6051662832328,4.18656518974666,2.35595671050805
44.5544554455446,28.4544685127624,29.469196626813,1.34102483880941,2.44140526397191
45.5445544554455,27.4524081074277,30.3289491052851,1.65018950974333,0.202922521371963
46.5346534653465,28.7682200905191,31.7163631713472,0.894861829596248,-0.493710935097697
47.5247524752475,30.9356219873657,32.4563503523456,0.586982294844838,-0.384829858043382
48.5148514851485,31.7203137059404,34.2464670433143,-0.223887468673556,-0.504506564861058
49.5049504950495,33.4090819254504,37.9995784623338,-1.50931844788084,-1.16475223709868
50.4950495049505,34.2351315292244,36.9982190573298,-3.53039111198566,-4.00255641409872
51.4851485148515,35.4025576987322,40.3642032556675,-3.26352430235129,-2.60307574381131
52.4752475247525,36.0852461521804,41.8081181075809,-4.06710764582707,-2.22882654540154
53.4653465346535,36.0154405881174,39.9525088622014,-4.63799267948996,-2.42960637570023
54.4554455445545,34.2965587054252,42.8155253632424,-3.8017965488775,-4.96589627542697
55.4455445544554,37.2689016409381,41.9453043713613,-3.88336835939809,-4.35971609425999
56.4356435643564,36.0681704427395,39.9448214880675,-4.48742699764011,-5.99917615799758
57.4257425742574,32.5197709546588,37.8592998627387,-4.51659703649836,-4.52852612010202
58.4158415841584,31.6354479922293,34.5671003611508,-4.77648379605842,-4.08274865131265
59.4059405940594,30.8331034139712,35.516236833339,-2.96976954227056,-4.43524147960693
60.3960396039604,28.3444281653898,35.4278997578948,-3.34063860795847,-2.74454895130105
61.3861386138614,25.5624688564363,32.0788582000708,-2.17959443809916,-3.45981993614166
62.3762376237624,25.1255666965947,34.9366263833237,-1.83241099413719,-3.76662966073251
63.3663366336634,23.7356430298551,29.3136049007353,-1.82438658450516,-4.27554791332898
64.3564356435644,21.8160179474399,27.6538649447474,-1.23114520385834,-4.92702192215948
65.3465346534653,19.9217024644041,27.1661786001545,-1.77271751271336,-3.55647858958821
66.3366336633663,17.2301912899033,25.1846724743864,-1.89964928982733,-3.3974529652376
67.3267326732673,13.2763190414225,22.7000867010573,-2.33844833770569,-2.81900076353266
68.3168316831683,13.7005691461752,21.0982078779148,-2.03041931771699,-3.21355111088201
69.3069306930693,9.00360500147461,16.1520024647075,-1.85827860882015,-3.08035718869992
70.2970297029703,8.56599438668268,14.513580199469,-2.88986999999663,-2.68452169888968
71.2871287128713,6.78954198339386,11.062478920299,-2.1270764600491,-2.87713072007166
72.2772277227723,3.15093681522429,11.3331197756244,-2.55191924189857,-2.64826923574513
73.2673267326733,-1.84897891054066,6.48719141424369,-2.04966720908517,-2.39897861608224
74.2574257425743,-0.279139558338516,4.26185674658493,-2.13907810707427,-2.89922070515126
75.2475247524752,-1.98746098671441,1.40389690608177,-2.27570189760124,-2.40428298035628
76.2376237623762,-8.3955383365232,-1.53640582706676,-3.65181194429108,-3.09709137292804
77.2277227722772,-8.28144996677297,-6.12520522400274,-2.11868763735186,-2.84640589771127
78.2178217821782,-12.0003583491932,-7.27084698513755,-3.59940969442784,-2.75994941683044
79.2079207920792,-13.6062443762174,-9.35617448756727,-3.65932564669739,-2.67492507270426
80.1980198019802,-16.9890021843139,-12.7024138203139,-3.14852505476465,-2.18716732693568
81.1881188118812,-19.8383631193953,-14.7418716335903,-2.48162026118679,-2.4383152840258
82.1782178217822,-21.0661530583201,-18.127213346138,-2.31751520026108,-2.33649358352402
83.1683168316832,-23.2175009161311,-22.7288087827354,-3.12705884478944,-1.78672748605957
84.1584158415842,-25.8936548139474,-26.1421631539617,-2.04868335435893,-0.95875531831428
85.1485148514851,-29.0689923191665,-29.7874793356388,-1.28894082387814,-0.512134758644605
86.1386138613861,-32.5549074168554,-32.350827635449,-0.4375410450543,0.283141514743523
87.1287128712871,-36.7979267493568,-36.1307901889099,0.364880288396155,1.95431447909512
88.1188118811881,-37.7312536664868,-40.0255994261016,1.47891156507918,1.70716735678552
89.1089108910891,-41.4299523375415,-42.5074148926584,0.757017990666775,1.76912233935663
90.0990099009901,-43.5725465469052,-44.4936810920766,1.586120529712,3.11021031461798
91.0891089108911,-46.5211102875061,-47.4218251304809,2.74404719009435,3.91791851163373
92.0792079207921,-46.2276152853822,-51.3967488752362,3.24458793726974,4.22701930135017
93.0693069306931,-49.817280286095,-49.7349741682599,3.59687694747418,4.34878404815748
94.0594059405941,-50.5202129139204,-50.2183991098792,4.40257560786278,4.87866027679751
95.049504950495,-55.3680278517848,-53.1923604735428,3.63006569460404,4.06734408815705
96.039603960396,-54.4941447112388,-55.0346093249294,5.97338798325062,5.24136521113322
97.029702970297,-55.5580783556015,-54.4439788867701,7.26311873939412,7.43856112803753
98.019801980198,-53.8739777150881,-56.6954701962782,7.862178104755,7.71652213396994
99.009900990099,-55.5462679127919,-56.5875214847312,6.70172661336541,7.06515161549791
0,-56.2294413146041,-54.0846680537018,8.39813954075613,8.60364037333417
0.970873786407767,-56.3055151463311,-55.8934011952997,9.03959373854842,8.56513807564762
1.94174757281553,-53.3762177446316,-55.0925086927935,8.73563659798927,8.91852356498397
2.9126213592233,-52.7585015744705,-52.0320643216353,9.29533996688117,7.73775096910022
3.88349514563107,-51.8658827747069,-50.6026937373526,9.55315598974995,8.71597356159299
4.85436893203883,-49.7834469492133,-50.1858774520414,13.4999955980927,13.1876458477499
5.8252427184466,-47.7026149374411,-49.029148519996,16.452018774018,17.2828437111594
6.79611650485437,-46.1002541660168,-47.1019556079133,20.1994498572772,21.373895109433
7.76699029126214,-44.5951354837834,-44.9794806311515,21.9377178154494,23.9127231665969
8.7378640776699,-45.3329931425943,-45.2861749960233,24.1917262780985,26.343426564192
9.70873786407767,-43.0188939721716,-42.544159815975,25.8196923658071,29.0216508930436
10.6796116504854,-40.6757115459229,-42.2289171808001,26.5954416479374,30.4469254234655
11.6504854368932,-39.6983592483221,-41.0569298521721,25.771999758751,30.2702379282489
12.621359223301,-38.105261786759,-38.7824470717758,25.9289997744278,31.4058165875621
13.5922330097087,-36.579874720167,-36.5802490103247,26.9410092561672,32.0515951936928
14.5631067961165,-33.1012987640862,-33.919960477784,27.799822390855,33.5893206583231
15.5339805825243,-31.4264980170676,-34.5837098695634,28.8658738119433,34.6893942361745
16.504854368932,-31.9072306200059,-30.1911740664974,30.932032121648,36.5529621347197
17.4757281553398,-28.1781368313625,-30.5186639998332,31.7391622926832,36.344825609728
18.4466019417476,-26.6572049616555,-27.344702727391,33.2019705952712,37.093437871406
19.4174757281553,-24.1954048163715,-24.5629818246907,33.9277182897661,37.4218004579335
20.3883495145631,-21.7499458570104,-22.881498654896,34.1036471042087,37.4733370965069
21.3592233009709,-19.9061378418343,-21.6981628995884,34.5100130965171,37.6151681941303
22.3300970873786,-18.3439291938481,-20.0792839426417,32.9564018673964,36.1521730876493
23.3009708737864,-19.5864408082958,-15.8808104491299,33.0720632806018,37.4469629600887
24.2718446601942,-13.9295017354163,-11.1509142450613,32.6153868844605,36.0508762544691
25.2427184466019,-13.5613976744921,-10.6433388658851,32.2119870197753,34.6882774633952
26.2135922330097,-12.0008732004889,-7.25986077543369,30.1536814314015,34.351205514968
27.1844660194175,-7.58685961028259,-5.85895255616066,28.0219562108655,32.6314457126004
28.1553398058252,-7.0190570780047,-2.48221134108418,25.8714340058883,30.6899748831458
29.126213592233,-2.77795888520185,-0.26172327342425,24.5482553134549,29.6997911982785
30.0970873786408,0.217097986621069,3.35105145134015,22.1879513452434,25.625745745701
31.0679611650485,1.52468443538496,4.92953915885547,20.5639359516978,23.6001148689547
32.0388349514563,4.49163944223557,9.1290450256571,18.2988969740204,20.8927113647665
33.0097087378641,6.18496093113499,8.97494630389972,16.4098865354745,18.6106519952224
33.9805825242718,8.49185413593523,11.9099601779676,15.343222644108,17.5418878682932
34.9514563106796,10.3674301414258,14.6531182402035,13.7752657235284,15.3884126117498
35.9223300970874,14.6898992462451,17.0626076583427,11.8382669892968,13.2906133310334
36.8932038834951,14.6344497239135,19.7952635400943,12.3270508958806,10.7469667242236
37.8640776699029,19.1416877101857,21.5627031466943,10.045314732335,8.92223418203208
38.8349514563107,20.9933699132695,26.043508043446,8.0394464720938,7.73736875428465
39.8058252427184,24.064649212519,26.618013666559,6.30023067481188,6.32043303523945
40.7766990291262,26.0622021253932,30.3396162274523,5.55355580211682,4.45627701665284
41.747572815534,27.9775556181249,30.5749980110015,3.35132742379261,2.53460728008329
42.7184466019417,28.8405405335976,31.3531691880725,3.82095282600875,1.15035219798561
43.6893203883495,30.4866927506636,33.4265893282014,1.34266339989015,0.37980316070168
44.6601941747573,33.1880160028509,34.3739558152347,0.996776823080263,-0.75239288139576
45.6310679611651,35.3822506260621,34.5552599937852,-0.118418255078347,0.0800411102602277
46.6019417475728,36.3317618079709,34.2026012315698,-2.4006545462324,-0.688369936593226
47.5728155339806,36.7081543953504,38.3779870196261,-2.15814068449482,-2.010575737172
48.5436893203884,37.8734220522418,38.1993937225244,-2.93421599082823,-3.85436099988838
49.5145631067961,36.3239158905712,40.214469546558,-3.55138270441314,-2.87399760265307
50.4854368932039,35.9454743253613,41.411375654226,-4.19233918210557,-1.80172549151461
51.4563106796117,36.3094747300416,44.4925653636021,-4.91334390895897,-2.74913288701501
52.4271844660194,37.5453860193492,41.9722504680086,-4.9637002546909,-2.1714098364458
53.3980582524272,37.808146040427,42.7164797528556,-4.57470165009798,-3.64021079397025
54.368932038835,35.9652594908079,40.7672776980435,-4.368587802749,-4.47726679745695
55.3398058252427,34.5491257268329,39.893160155095,-3.77667981406443,-4.95908012528924
56.3106796116505,32.2183097302182,38.2400913191369,-2.85512118952324,-4.20374492148917
57.2815533980583,31.7085385670385,36.8070063069033,-2.68396055332793,-3.30258301616824
58.252427184466,29.86893557961,36.2327313648389,-3.23675889374146,-3.27708810816317
59.2233009708738,26.9493487618279,36.3276281585716,-2.99495487374491,-3.70477853433412
60.1941747572816,26.3239901889395,32.2498767854978,-2.305761028179,-2.64610904494235
61.1650485436893,22.4571763076365,31.4988520513828,-2.31095375005363,-4.03180135540684
62.1359223300971,21.5526695369469,30.0964140850112,-2.53175623367872,-2.4648960123432
63.1067961165049,19.9241096216396,27.6365867642723,-1.65309188580242,-3.27685346714436
64.0776699029126,16.5414431622782,24.5491697041659,-1.64612490302674,-2.95870260137202
65.0485436893204,14.8374406866993,22.534698188719,-1.29973421145177,-3.47454367742153
66.0194174757282,13.3592122763667,22.2015532026227,-1.7206647170776,-2.96490642482588
66.9902912621359,9.60952334063539,16.9026594939532,-2.33826068069726,-2.69432617591946
67.9611650485437,6.86121593447944,16.6408454082725,-2.83423641609282,-1.71945853217915
68.9320388349515,6.29107514749757,13.1682425018115,-1.19273884043355,-3.18975411691849
69.9029126213592,6.25370775100884,9.59550526079723,-2.15840767401212,-2.44782945686678
70.873786407767,1.19583489351456,9.53656045524157,-2.0664379274067,-2.53541272585294
71.8446601941748,1.25099763327089,5.16083960518556,-2.42541356619848,-1.6881818698069
72.8155339805825,-0.175003668737052,1.74513687079001,-3.39844290486717,-2.0144206483638
73.7864077669903,-2.74571776156736,1.99008924111018,-2.52408146155384,-1.94286994415981
74.7572815533981,-4.97204792448723,-0.142913103214053,-3.50538185203545,-2.01340074559563
75.7281553398058,-7.00499379726803,-1.679546115745,-3.19086889282517,-2.89743637382187
76.6990291262136,-9.16756812464744,-4.65014456274304,-2.14312370827778,-2.53567808259906
77.6699029126214,-10.2386084840508,-8.20549219362747,-3.74641633242548,-3.2185327055468
78.6407766990291,-15.0114501121587,-10.3336764438738,-1.6606996446752,-3.32329905112879
79.6116504854369,-17.8807736276004,-13.6311122655199,-2.95091027147382,-3.1637427021471
80.5825242718447,-17.9484324119494,-13.6632988898004,-2.57611675371476,-2.74965372332776
81.5533980582524,-20.6050219095133,-17.0375732196222,-2.36376131354878,-3.089419890582
82.5242718446602,-23.8853483746481,-20.4854438637274,-2.67897436165895,-2.56960348920747
83.495145631068,-24.1787077487715,-23.8383910225529,-2.14620648263767,-2.30753652735035
84.4660194174757,-26.7364947032354,-24.8737222135372,-1.85499153346982,-2.15635895647343
85.4368932038835,-31.4771888200755,-30.3665734968542,-1.92336755505365,-0.792691739732211
86.4077669902913,-32.6671195878261,-31.9287922074917,0.359189350213236,0.17828363843615
87.378640776699,-35.0301445910102,-34.9909147097219,-0.202875179646351,1.0708438798288
88.3495145631068,-38.2077927730833,-38.6628597795791,1.13636512068053,1.53650818280755
89.3203883495146,-37.6305743260734,-41.6838792570473,1.33289768686648,0.537149544393836
90.2912621359223,-41.959711529483,-43.0771507842542,1.44812184202474,1.11605911144845
91.2621359223301,-43.5816747659544,-44.6794064209,1.73382338728083,2.81382658733241
92.2330097087379,-45.6704841356724,-47.1026628312824,1.32315728377616,3.85534195851339
93.2038834951456,-45.1666542540448,-51.2132367728694,0.541880112898357,4.25852834718569
94.1747572815534,-48.6506410646374,-49.7975591693657,2.07960719986857,4.85630204641719
95.1456310679612,-49.4445930490643,-51.4202473951496,4.81787324006495,5.95803916450603
96.1165048543689,-50.0867598802272,-54.1447273670837,5.74733517946998,6.31815584565108
97.0873786407767,-52.6495438080307,-53.2463836966107,5.26764919084128,6.50027856498709
98.0582524271845,-51.8232234698667,-54.9265095486027,7.23090487046832,6.93725486820253
99.0291262135922,-51.0483788807945,-54.5208844827159,6.4050465298634,8.48519562064442
0,-58.6708281155543,-58.1873948348214,8.00528242068277,10.5215335110245
0.980392156862745,-58.5300182097256,-59.5469771411815,8.70921310318817,9.60151012514585
1.96078431372549,-57.6770892200161,-57.9285077640887,8.75502812722728,12.4327398765718
2.94117647058824,-55.1182244032855,-58.5041085409095,8.54507754706186,11.2888675913943
3.92156862745098,-53.3157336408069,-56.5653214895749,11.7328793083096,12.7148252840813
4.90196078431372,-50.7209872521478,-54.7666155005353,13.1629971714447,15.7489344861663
5.88235294117647,-49.2166134937945,-52.4924607987747,18.0209945782581,19.2184680460904
6.86274509803922,-47.6417450699495,-51.0553584765252,21.3544661879834,21.2235224025623
7.84313725490196,-45.8503171982284,-48.1547068913073,24.0279953080152,23.0133154514812
8.8235294117647,-45.5822754745895,-49.6111971740937,26.4817656053754,24.595862253582
9.80392156862745,-44.3594085870456,-47.7132422050784,27.9896419725393,24.8780083340062
10.7843137254902,-39.6931901863791,-44.2761454971363,29.8482981632702,25.7935868414678
11.7647058823529,-39.8067603927765,-44.7311287003079,31.0306515334879,26.5788022475729
12.7450980392157,-37.3505467857267,-42.6154696825617,31.8479619051973,28.5172944271739
13.7254901960784,-37.4414576791514,-41.4617205172439,34.5545573149984,29.7997651720724
14.7058823529412,-34.3481387675156,-38.5941999303272,36.575117133012,32.8256298189514
15.6862745098039,-34.2948615726053,-37.4979717076621,39.8126540954298,35.3639424775152
16.6666666666667,-30.8247828318302,-35.5633452097329,42.0095207532955,38.3669455532982
17.6470588235294,-28.6555435918022,-34.3097157955034,42.892224521871,41.3482490949259
18.6274509803922,-25.9451078538132,-31.1272443548381,44.9350314331373,43.5055151426991
19.6078431372549,-23.3085879859529,-30.5871444277059,44.658714556248,44.2033636126939
20.5882352941176,-20.0623166536824,-26.8397407776938,43.7221658629625,43.9582468462495
21.5686274509804,-20.2413313886086,-24.8058513985834,44.1521871481553,44.0427042640149
22.5490196078431,-16.1762945350296,-24.2933334581339,42.316624180706,44.5781071405117
23.5294117647059,-13.4689058448383,-20.8236330897362,42.7248048223224,44.5011628834937
24.5098039215686,-11.3885470721488,-16.5824039505386,41.8855247439901,44.772572052284
25.4901960784314,-10.2083128061992,-16.5885958390231,41.4853880790975,46.0283132607055
26.4705882352941,-5.9613077387751,-12.6688005950938,40.1025445397392,46.6780683260963
27.4509803921569,-3.73185480202818,-10.5361731730947,38.7293325821342,45.877728826668
28.4313725490196,-1.66587083350693,-7.72259775756136,37.161165891299,44.5557260651019
29.4117647058824,-0.751130334855249,-4.59777655001601,34.2765762866457,41.3774510039367
30.3921568627451,1.91201772192088,-1.03008064027388,31.8549853725149,38.5415451859086
31.3725490196078,5.32436581830044,0.454969543812782,29.3078868151987,35.2247105946886
32.3529411764706,8.00557060709751,1.44235029003755,27.5674728857655,33.2811892978121
33.3333333333333,10.2165995564285,5.57111914858384,26.1757387052783,30.3435884956923
34.3137254901961,12.091552049276,8.54534140630085,24.1277496308275,28.4447897687612
35.2941176470588,14.8857189901413,10.8859036530386,22.5914477169835,24.8546144594318
36.2745098039216,17.2014364369263,14.1971304353973,20.4307462141251,23.5062644670658
37.2549019607843,20.7351369858577,17.0186590448265,18.177005045711,20.6459892593235
38.2352941176471,22.3345870718121,20.7130352785093,16.8157815333338,19.4403369209479
39.2156862745098,26.3223399386854,22.9401273659812,13.9728044571352,17.1341846471874
40.1960784313725,27.6823169631504,24.9861668665554,11.0933874953845,13.6854876760326
41.1764705882353,31.0005726010861,25.7520609335753,7.14430936566443,10.6542906459243
42.156862745098,30.261597170802,27.8653234821923,4.47047880441088,7.08481055473879
43.1372549019608,34.6990661043477,29.5334212455641,3.69908567028547,4.97324569784184
44.1176470588235,33.4910557440237,32.3167357274762,3.28118650403432,2.75371778202706
45.0980392156863,37.0979627741577,36.000271996911,1.45967360725766,3.22722515095881
46.078431372549,35.5630145895279,34.9409992725605,-0.896558781788092,1.61929517583306
47.0588235294118,38.2477675998965,37.2712452070774,-2.7210335585819,-0.415445033526976
48.0392156862745,38.805053669763,38.8111062100129,-2.42329595941211,-1.94000778968094
49.0196078431373,37.9082637637382,38.9984092445401,-2.37521452139005,-2.53359696630971
50,37.2182581832716,40.8962782315306,-1.02537677109485,-0.586173224597644
50.9803921568627,37.1263607625843,42.486840264918,-1.59849808838453,-2.15789191670815
51.9607843137255,39.4875538588272,39.0347879643989,0.692567590564211,-2.1197961341762
52.9411764705882,36.1502745974055,40.5344786009338,-0.792934422260354,-1.02109393700056
53.921568627451,39.0729330778797,38.9449494017909,-0.472059534162474,-0.570221030686768
54.9019607843137,37.33230791849,37.9527797465775,-0.366588096379203,-1.07459582448865
55.8823529411765,35.1646277522727,37.8636475701217,-1.26611887745729,-0.916067329190667
56.8627450980392,35.7377475214182,36.6770503837244,-0.877255510230256,-2.12555730498421
57.843137254902,31.4015386702198,35.8609611718932,-1.51523018870979,-1.6500990104056
58.8235294117647,33.6437042779885,30.8764363041077,-1.26941970601024,-0.924559099781767
59.8039215686275,30.6394989420973,29.3954826235445,-0.25448040699026,-1.41907148378886
60.7843137254902,29.3059114718062,29.6359345642328,-0.335416402378735,-1.54854182188273
61.7647058823529,24.9011157525858,25.7704304766741,-0.37725827958804,-1.55270099121716
62.7450980392157,26.0916398971899,24.8739817740812,-0.602071486747827,-0.765966759451399
63.7254901960784,22.5677960040125,23.6640557070615,-0.681133488615408,-1.30975994503792
64.7058823529412,19.0623699749898,20.2780271754516,-0.445902460334298,-0.811747555934303
65.6862745098039,14.9657036315462,17.5534920499117,-0.976326002930912,-0.768744042222838
66.6666666666667,14.8909812534591,16.3993914948077,-1.06175956680349,-1.59847851637687
67.6470588235294,10.965623834704,13.8809297076966,-1.17149478643088,-0.524457812397019
68.6274509803922,11.1649156350249,9.87968143980954,-0.703046436324906,-1.14272880995488
69.6078431372549,7.32637978494704,7.20841819085905,-1.10740829983408,-1.2055812806459
70.5882352941176,1.91102980780264,5.06707365132697,-0.947671203124999,-1.99350713320537
71.5686274509804,0.338443504999993,4.50789739810539,-1.50509849934646,-1.25409534955919
72.5490196078431,0.500742934213669,1.42838530050063,-1.339950380594,-0.75727511763265
73.5294117647059,-4.59553255543575,-0.296588788158085,-0.891854312875563,-0.616646055266137
74.5098039215686,-6.62685946151165,-4.39480276239271,-0.539060094749404,-0.405525815640264
75.4901960784314,-8.62935270449469,-6.07224633110032,-1.21316794954289,-1.33295960384799
76.4705882352941,-11.5642221535945,-7.30014755607486,-0.853853040006853,-0.768185657039102
77.4509803921569,-14.2261632037993,-9.71038588711132,-0.465426485748174,-1.68800552813351
78.4313725490196,-16.8565023124616,-14.2622799069536,-0.917056369567763,-0.632008751360916
79.4117647058823,-17.4386353889412,-15.1205179185545,-0.0835749876948622,-1.68913985706366
80.3921568627451,-18.6498373060583,-16.8777847984847,-0.933205868447498,-1.98841019541897
81.3725490196078,-23.5283609339733,-20.1358223216547,-1.57368780819814,-1.66352436089793
82.3529411764706,-23.1054563349179,-22.6794532773716,-1.94566591155889,-1.03333381846486
83.3333333333333,-27.0731262586931,-25.7878574015222,-0.519316680169256,-0.524835518760925
84.3137254901961,-30.5633010925205,-29.5993453682535,-0.451841176534873,0.582534540238792
85.2941176470588,-32.7992522319491,-30.8991349477574,0.180054730179093,0.474826981497792
86.2745098039216,-34.6543390929759,-34.2649792489733,1.3068240798429,1.482701611989
87.2549019607843,-39.7597609763499,-37.5286676310595,3.79447593652794,2.66393286955715
88.2352941176471,-41.4837313186909,-41.9587053780024,2.17147169260757,2.58261444065781
89.2156862745098,-45.2647457685436,-43.4062479969123,3.52355437036731,2.22614981437144
90.1960784313725,-47.6510904049371,-47.1647429307662,4.32848168576332,3.23590145384541
91.1764705882353,-49.0846944531241,-48.3897398712356,4.68558295607297,3.61726926797716
92.156862745098,-49.5178410083776,-48.7205699534769,4.67417211740895,4.04452604900589
93.1372549019608,-51.8168288274423,-50.4082330316659,4.31802413215624,4.31291332638387
94.1176470588235,-53.6437707852426,-52.769237781689,4.28009774936401,6.1260870503325
95.0980392156863,-55.3426757503506,-54.9427664589988,5.4133021718656,6.45425311252807
96.078431372549,-55.7117898135609,-54.8194081799508,6.8038809493122,6.37753441804904
97.0588235294118,-56.6797014963659,-56.2718124964326,8.20656434735473,7.03056355439215
98.0392156862745,-56.4629120994192,-58.4674440741541,8.27028336531687,7.81112828455698
99.0196078431373,-58.212314695083,-60.7157031813038,9.87637384160367,9.92682716608499
0,-44.435562849591,-53.7463009160106,8.27829431084733,6.10616978102852
0.99009900990099,-43.1186363894919,-53.2758551646337,8.2521715538337,4.80590060616076
1.98019801980198,-44.4878977818525,-53.4203617555156,7.13392239206932,3.55613785094441
2.97029702970297,-42.2877284528413,-51.1504059752914,7.14042587103624,4.51731860673073
3.96039603960396,-39.6809448939715,-49.5023596810256,8.47717559662428,5.4614066106632
4.95049504950495,-39.0602378387178,-49.3903919488473,11.3684914785453,6.9101478612266
5.94059405940594,-37.2391314651906,-46.7613614295247,15.7946135597725,9.93767098757109
6.93069306930693,-34.7498936170001,-43.2169767982977,20.7794080175382,13.3296956585466
7.92079207920792,-33.5929416122177,-40.9209645443618,25.3188017860185,16.7982590472662
8.91089108910891,-31.1310151501711,-38.5357933843501,29.9297686491809,20.2661839400736
9.9009900990099,-30.7885417740473,-37.7539585891206,32.9636530424222,22.9327995069752
10.8910891089109,-29.0836463098828,-36.8593602718447,35.083033016159,23.7492733684793
11.8811881188119,-26.9751646040931,-31.9041672896586,38.6395832892764,26.3979586758271
12.8712871287129,-25.1108575736778,-33.7084291777798,42.7037082947197,27.5397359899523
13.8613861386139,-24.0710951362647,-30.2872530917771,43.7118549399093,29.6497436335733
14.8514851485149,-19.3632729634163,-29.7427043548303,46.2562155058709,32.5533409680037
15.8415841584158,-17.8340003109815,-25.9352769971002,47.5900632969721,36.0393095150677
16.8316831683168,-14.44967601027,-24.8932382879666,48.6047670724618,37.6603733162662
17.8217821782178,-12.822629569078,-22.9929742854984,48.2468881089845,39.1814352762454
18.8118811881188,-12.1925064166657,-20.3781550222962,48.7585729375598,40.8170992425716
19.8019801980198,-9.69586284411109,-17.0036140189541,49.1939873110897,41.6132289782104
20.7920792079208,-4.98935035453823,-16.3613709532217,46.7535909043227,42.4121058820944
21.7821782178218,-4.07266857656134,-12.7597092373685,45.6370840561617,42.6037494303856
22.7722772277228,-1.60444941293712,-10.6351507958975,43.1705902218942,41.763415404998
23.7623762376238,1.20295951603196,-8.24398884884413,41.1295286215118,42.5522596093428
24.7524752475248,5.18653130922927,-6.95030601205719,37.9497796884513,41.0187575999221
25.7425742574257,4.32130616651949,-3.88129088058425,35.273079334274,40.632711018117
26.7326732673267,8.25137730944221,-1.60106897614332,32.2512175497185,38.1307119964717
27.7227722772277,9.25199767030202,1.34097772475603,29.2238096585435,36.7564916570178
28.7128712871287,12.5471577711482,3.49695039764872,25.8220443135576,33.6815597098107
29.7029702970297,16.4059195767989,8.39249497435725,23.3288215185158,30.6722274071274
30.6930693069307,18.2166260446494,12.0934821984761,21.7633534368502,28.6851248844529
31.6831683168317,22.5770366597539,13.8178922794644,19.7633019659851,25.4705518402175
32.6732673267327,23.4650114064603,15.2955016775955,16.1914000273165,23.7605611862829
33.6633663366337,26.4227408114694,17.7176224884356,12.5193204634114,20.2107542233689
34.6534653465347,28.9742572213484,19.0355706622213,9.90343416099477,15.7636013253423
35.6435643564356,29.9519693835108,23.3720948544121,6.55868709825785,12.9650386072395
36.6336633663366,31.0957242461235,25.4511714902616,3.62195342402781,9.16129158005047
37.6237623762376,33.3948471504654,26.2713452880498,1.95861382933349,5.44170868944261
38.6138613861386,37.6638391969815,29.0413434989887,2.22163637068369,2.47472336082837
39.6039603960396,36.04637786814,31.9584908712629,1.62803081681352,0.751533830148135
40.5940594059406,40.9597746466566,30.2800718497832,0.922078120494371,0.483792247916385
41.5841584158416,39.6908408647279,31.1419528794357,-1.37811774622963,-0.267196496487776
42.5742574257426,43.5383578389802,33.6021437926336,-3.63719967512567,-3.57726365378485
43.5643564356436,42.8061077058908,34.0685058987464,-3.21749762389094,-6.69777833569874
44.5544554455446,42.335107505764,37.9889671996002,-2.39091622626032,-5.06747630072346
45.5445544554455,41.7995097988051,37.5956179507251,-0.25090420926203,-2.70436395232365
46.5346534653465,40.5094371377022,39.21504676156,-0.154104345726422,-2.45348485296332
47.5247524752475,39.143702888257,35.585372911529,-2.74757577321911,-3.24834419024248
48.5148514851485,40.6616518985089,36.8083999971198,-2.66310353281274,-1.51250029815061
49.5049504950495,38.5969872977906,38.0742671651475,-2.2443306953636,0.0407977746122203
50.4950495049505,39.3960228119167,38.011868407706,-0.787214139473476,-1.3322712698347
51.4851485148515,40.2702420633166,37.1052769151581,-1.16503962746572,-1.57425371539101
52.4752475247525,37.4644079077639,35.6821425419731,-0.425496625726591,-0.85893479198618
53.4653465346535,37.5476363627976,34.3600504181293,-0.430167506646855,-2.15268436668299
54.4554455445545,35.9045524851141,35.1060413268074,-1.06922134465692,-0.473273572525519
55.4455445544554,33.9641869844657,32.5453846602936,-1.12622445065786,-0.325468489460076
56.4356435643564,33.6351815946996,31.8192153503316,0.752542341384077,-0.902840191968234
57.4257425742574,31.3143262541388,30.2998790968238,0.173708553364985,-1.17008410106518
58.4158415841584,29.7926447470947,30.3136085648064,0.0438527118108581,-0.749524161008345
59.4059405940594,29.5232869936703,26.3438614882183,-0.546730817885329,-0.723124188336329
60.3960396039604,27.2101692297691,26.9924831411886,0.525709262812276,-0.773461226751532
61.3861386138614,25.093009418143,24.7045217405933,-0.315436695121608,-1.18581813590705
62.3762376237624,23.1642616527169,23.2003532350294,0.247503513495134,-0.991735008209904
63.3663366336634,22.4290073317981,21.2815939022315,-0.772320949063198,-1.11877454502607
64.3564356435644,20.7587259239586,19.1682349806514,0.043401563315042,-0.374762020606985
65.3465346534653,19.0860973288663,15.6220737742948,-0.974773428301915,-1.74672188085459
66.3366336633663,19.4934216851386,14.6162831595783,-0.87886514047035,-1.12423909531125
67.3267326732673,17.9871168487715,12.766794525187,-0.932799478969731,-1.06706656130914
68.3168316831683,14.854533331939,10.8560173091495,-1.18755615289086,-0.435059986578576
69.3069306930693,12.7112002490989,11.148669957225,-0.913637480517297,-1.69167482744234
70.2970297029703,11.1288599646481,7.29767480042741,-1.15096413091758,-1.25336124701003
71.2871287128713,8.86601535897138,5.25971064898319,-1.20916283292774,-0.571233820246646
72.2772277227723,6.62953094015339,2.72684065314102,-1.38390775126776,-0.889131370307475
73.2673267326733,5.4789275843985,-0.721001078289321,-1.14946727336471,-1.19031359132387
74.2574257425743,4.75063222103473,0.282729567561838,-1.00706997083383,-0.524497016583888
75.2475247524752,0.171815081614519,-2.88943216187283,-1.0504929303824,-1.48916520092016
76.2376237623762,0.0161115285907445,-5.21528743550302,-0.775711492820032,-1.09520314152407
77.2277227722772,-2.32205150424311,-8.10769164550809,-0.734910019597624,-0.27931770026692
78.2178217821782,-5.54636845522309,-11.0768394961952,0.40324933312954,-0.723469376685083
79.2079207920792,-6.5256263351107,-12.4128272628924,0.0473813133375097,-0.454987339430358
80.1980198019802,-8.78659149407886,-15.360579350514,-0.734825533015413,-0.939937256167591
81.1881188118812,-9.59783390766003,-16.2504002151103,1.05565773645537,-1.23952473803156
82.1782178217822,-15.1042495821813,-19.4266805025796,0.469014655887862,-1.25026179508233
83.1683168316832,-16.6066645297354,-21.3627276695453,0.214902306864188,-0.797048304260289
84.1584158415842,-19.0312004139841,-25.4473781423755,1.06991811442799,-0.847952360963358
85.1485148514851,-22.282905207139,-26.9413325871,1.13501209729984,-0.355258427170097
86.1386138613861,-24.1035392270373,-28.8197823967526,1.73599000975462,0.42868140853262
87.1287128712871,-26.6430971101484,-31.8573773276576,1.19839258712037,0.218973565822511
88.1188118811881,-26.6530288797521,-34.2839558480962,1.14359322930357,0.503343882711289
89.1089108910891,-28.9712369234548,-37.9972151864867,0.901753684596881,1.23282808382022
90.0990099009901,-30.5089518265869,-40.85075836644,2.53748301513551,3.05569653833597
91.0891089108911,-33.6897345408439,-43.2844086970427,2.98253118424178,4.07993194197323
92.0792079207921,-35.4820209968254,-46.0618317545452,3.14176452648039,2.64204027917438
93.0693069306931,-38.1571907040782,-48.3887052188938,3.87582358876966,4.10175607377295
94.0594059405941,-38.4573664572267,-49.3014588789632,5.92898018215707,6.79428762236746
95.049504950495,-39.0207011705696,-51.4164288734519,5.25002080624196,7.1976859084801
96.039603960396,-39.121149398779,-51.5500043155858,5.08561322069633,5.99031335321997
97.029702970297,-40.0741531537521,-51.2569530097541,7.87772248017806,6.88765286255919
98.019801980198,-42.4785092295755,-52.8383383911724,8.17458573022527,7.88162267955558
99.009900990099,-43.790571590188,-52.9426434941458,8.03623282214232,7.72804928842028
0,-58.6846760621732,-59.9678618600834,6.35478357679542,6.28985240801118
1.01010101010101,-59.2202913516598,-60.9153713159294,5.01673522669037,4.60942770334935
2.02020202020202,-57.2123427266034,-62.2591239141661,4.87338113764996,5.11945903707281
3.03030303030303,-57.4193151964274,-60.8167637177792,5.07824949566565,5.67300096162469
4.04040404040404,-56.8736683855479,-59.8468095796242,5.83826955874728,6.39601728264584
5.05050505050505,-55.8022644108821,-59.1451628105501,6.18050046123472,7.52030927392924
6.06060606060606,-52.9383289834492,-56.1277898273383,8.94224213377559,10.4567994386801
7.07070707070707,-50.4749718923274,-54.1417170134517,13.1235638095472,14.9458966698132
8.08080808080808,-51.3581835524599,-52.3856206376943,19.2477532940417,18.5606905507935
9.09090909090909,-47.3643607982426,-49.3880486057184,24.1980674657253,22.1846471882296
10.1010101010101,-47.2128891827957,-47.8553082519209,29.0073031914667,23.4178105226319
11.1111111111111,-44.3708562798944,-44.8501430117172,30.6678673617714,25.9974571541417
12.1212121212121,-43.3178647954015,-44.700652139037,33.0865742319142,28.3794086498285
13.1313131313131,-41.190377470902,-44.23115295573,35.1302301294482,30.7346549646849
14.1414141414141,-39.538358607192,-41.4157111217779,37.3209372852815,33.2038618555316
15.1515151515152,-36.6462490401357,-38.7391516094877,40.7682187232551,36.6976723150916
16.1616161616162,-34.3072607182871,-36.0328978306157,42.5222748226046,38.4063568698484
17.1717171717172,-34.2076561184883,-35.9106054730762,46.3227571605968,42.2348869833167
18.1818181818182,-31.9511738604847,-30.3819652645775,48.8665260828489,45.1799522926274
19.1919191919192,-29.6296452095168,-31.7719962534883,50.6864946951498,47.5523451051588
20.2020202020202,-27.0579852662835,-28.2744361631079,52.7352775931647,49.9679507822996
21.2121212121212,-26.1447927936692,-23.9339574574515,53.0862353176263,52.2977215955421
22.2222222222222,-23.0522878096908,-22.9431078045013,52.2528922987695,54.0976114908852
23.2323232323232,-21.0374687577991,-20.2694763603803,52.7494921761457,55.006259667121
24.2424242424242,-21.3944718194405,-18.412237758405,52.3749928843586,52.4503477936613
25.2525252525253,-18.4783154763707,-15.5935913987059,51.3279873695725,52.7662552909469
26.2626262626263,-15.0999637971527,-12.7360847402838,51.8758539938497,50.0117314468524
27.2727272727273,-13.0410093488353,-8.92390257063008,50.7507544739697,48.0433642397878
28.2828282828283,-9.93321399936377,-8.5630651018927,49.6150787315442,47.0167927552583
29.2929292929293,-5.42046198860992,-3.87004586938621,49.01343598015,43.7114214079143
30.3030303030303,-4.28944763939518,-1.56398178070428,47.4691063550424,41.0163802835004
31.3131313131313,-0.726680911083683,1.74402280078389,44.2267549039425,36.1559693407028
32.3232323232323,3.82860796479734,3.76187177992086,39.4742524652983,30.7314117974809
33.3333333333333,4.39482115899295,5.49175026794619,36.8661362086933,25.9548412396636
34.3434343434343,7.11439640693044,10.5765345697473,33.7471775566949,22.4258430419019
35.3535353535354,9.77179249800936,12.9151290606296,29.7384604613442,20.3952114238744
36.3636363636364,14.2294091639935,16.487170197694,27.3944114526976,18.2778699327955
37.3737373737374,15.941446804905,17.5716770620418,24.4535897012872,17.2063858468846
38.3838383838384,18.2759659952998,19.9924112790079,21.2347399463872,15.76032287745
39.3939393939394,20.8571690054769,22.4440701052186,17.8631362619318,13.8733907507533
40.4040404040404,23.5795132554977,26.2374791572958,15.0925178260742,12.1291407605214
41.4141414141414,28.4777235390639,28.3110515062078,12.2079525669567,9.75258518165792
42.4242424242424,31.9218824650057,31.4675576634125,10.2763445041315,7.93145462993365
43.4343434343434,31.9280993594749,31.9728775945745,8.59823089865696,5.92059918327576
44.4444444444444,34.994008647207,33.1466172188185,6.79384844746226,3.26792751717886
45.4545454545455,37.1934610104455,36.1033519975727,4.104371952897,2.38115307680875
46.4646464646465,39.5105144787072,36.9865601300706,1.49244037572813,1.77874228373959
47.4747474747475,41.3974845207721,38.8213044721365,-0.0979543603824125,-0.0370460492187064
48.4848484848485,40.8303826294884,41.0326595482857,-0.487249251845875,-0.759151960611013
49.4949494949495,40.8768907657973,42.0508130711338,-2.33392746046322,-2.69774146652891
50.5050505050505,41.4480137453401,39.1503920252974,-3.49044758456643,-3.36444461469188
51.5151515151515,43.7087793670177,42.5838676087448,-4.44009573149166,-3.98809025129864
52.5252525252525,42.0711760428693,42.1026686074964,-4.80644855156959,-6.0429798629387
53.5353535353535,42.3416237576336,42.5847840778426,-4.67343573464568,-5.8585257347094
54.5454545454545,42.1008150123451,43.7611309142641,-3.87650610427329,-4.85928647511794
55.5555555555556,41.1670793742723,42.3627361619682,-2.29299978801607,-4.30412453642302
56.5656565656566,41.1296099090872,42.4035449425427,-4.15952653760066,-3.77814984676745
57.5757575757576,40.2319660259957,42.3724801655093,-4.09701882874004,-3.21508499005507
58.5858585858586,38.6601142343585,39.2019907779155,-2.94705855735562,-3.97312006619658
59.5959595959596,34.568065587278,38.7663821810979,-4.31330762652099,-3.29550395606745
60.6060606060606,35.2987780856938,37.6712366628471,-3.62496505811326,-3.99988735271961
61.6161616161616,33.0614165991209,35.9424556340653,-4.0194974212635,-4.4085560578128
62.6262626262626,32.5537480444823,36.3930392653892,-4.25557116784841,-4.43839689350144
63.6363636363636,28.8505726491033,33.7290051046158,-4.35333005037719,-4.00268756850824
64.6464646464647,27.116318953888,31.6856149100565,-3.10315998922607,-4.58740132669561
65.6565656565657,25.6772731984722,27.5846506555743,-3.62483984166142,-3.57470652406252
66.6666666666667,22.340797468357,26.7285124689701,-3.65425974019011,-5.6079233221766
67.6767676767677,20.0853865612444,25.2165637278578,-3.63506239764386,-4.3245549095456
68.6868686868687,16.5227407999303,21.9184062473853,-3.29354015867207,-4.09019016917355
69.6969696969697,15.0268396652735,18.3703022530712,-3.61036487046966,-4.3381047090875
70.7070707070707,12.3219702137263,15.1248175175247,-3.17396898404539,-3.19762961108179
71.7171717171717,7.1864259781495,13.2331266109071,-3.26252348345384,-3.34399955239747
72.7272727272727,4.63830257848003,9.63737830367267,-2.84060872084404,-3.83735502712278
73.7373737373737,2.5995545285178,9.28174877664024,-4.25033241057974,-3.76682352825848
74.7474747474748,-2.1444852515215,3.37444086751179,-4.24682657160573,-3.2994981580807
75.7575757575758,-3.74022582160144,-0.425394147899015,-3.15446075492528,-3.84019904168145
76.7676767676768,-4.79355295079341,-1.30339347349922,-2.98657674313955,-3.24949477047339
77.7777777777778,-8.65370206217266,-4.73396691356642,-3.16439586797696,-2.66179286936275
78.7878787878788,-12.5134521140434,-12.0541348917503,-3.50631746993303,-2.50283447523493
79.7979797979798,-15.027147373435,-14.055783665695,-3.39311383045318,-3.06795254874132
80.8080808080808,-17.2169776082059,-15.5302316891959,-2.29058628665144,-2.62068288060734
81.8181818181818,-19.4839720314928,-21.3570536378556,-2.59131268518916,-2.02298140748631
82.8282828282828,-24.3478543784358,-23.7380450007302,-2.89227213788807,-2.6272948014154
83.8383838383838,-28.3206439123639,-28.9402524678812,-2.00579025081243,-1.3281537508565
84.8484848484849,-29.8336659682297,-31.1141239944,-1.93136362521225,-0.651688027178562
85.8585858585859,-33.4189791911119,-34.9964116926726,-2.65958921679077,-0.975586314032428
86.8686868686869,-35.8689452779597,-37.7406821329158,-1.36118657086551,0.279654183309288
87.8787878787879,-38.8546199924082,-43.5118822661259,0.0969630198939923,-0.392177198330508
88.8888888888889,-41.9442122864339,-44.3491150835298,0.356936479484633,1.77226927761809
89.8989898989899,-43.2515047443619,-47.1355491322852,0.420190584693763,2.26666713832264
90.9090909090909,-45.8503741787095,-52.0440089664688,1.63759608638939,2.31551935290578
91.9191919191919,-48.9697673477044,-54.117174779972,1.34276651332131,2.07140220835935
92.9292929292929,-52.0868963664435,-54.9721244679356,1.0477379328451,3.17164993834824
93.939393939394,-51.6446457081164,-58.725635000897,2.47618184978376,3.16532755063773
94.949494949495,-55.1156166974444,-57.893648410216,3.47913035733629,3.83370734520955
95.959595959596,-54.0318609847797,-60.1898855103922,4.95700011476427,3.88519509523958
96.969696969697,-57.5025472872472,-59.5936929794427,5.63576223310951,4.55140404135529
97.979797979798,-56.9874207939418,-63.4829825698259,6.84984820862645,3.83508259527209
98.989898989899,-58.2644595143975,-61.6636917770019,5.86572636206094,4.85819008455375
