"Normalised.Time","Stroke_GateAngle_1_sim_junior_16","Bow_GateAngle_1_sim_junior_16","Stroke_GateForceX_1_sim_junior_16","Bow_GateForceX_1_sim_junior_16"
0,-51.0385274947101,-56.4223765828799,7.9388749384341,8.17657168105234
0.970873786407767,-50.3498494657079,-54.9560419481735,6.97681315844689,9.14590438225117
1.94174757281553,-48.7915435237248,-55.429407065648,8.26082942468631,7.50042636959279
2.9126213592233,-48.3962032321103,-52.4633950621411,10.092322124664,10.7404847355697
3.88349514563107,-47.3136191999898,-50.6008340804776,13.8366436469588,13.0091123849946
4.85436893203883,-45.7996436335446,-50.55296156325,17.1861601961084,17.3603061995869
5.8252427184466,-43.3959148573494,-47.4997983990855,21.5675537236995,20.8716678688284
6.79611650485437,-42.5450552236401,-47.9171758753471,24.9203643001649,21.5421053102817
7.76699029126214,-40.3311777957926,-46.7044475557649,27.8105633097366,24.8258056436305
8.7378640776699,-39.4760916125987,-43.928578814002,29.9434587957762,25.5151836145899
9.70873786407767,-36.620078546196,-43.2318890335786,32.3227861758176,26.6801218892287
10.6796116504854,-37.5559007537552,-39.3086648243291,33.2002614240008,27.9743020439493
11.6504854368932,-32.7285904767552,-38.0712722575584,34.218920433272,29.5432240598904
12.621359223301,-31.3237918136391,-35.7495519545512,36.698103924722,30.4721618615784
13.5922330097087,-30.9407645928784,-35.4222582789239,38.2661484342757,33.560167928887
14.5631067961165,-29.1409746768745,-35.3203344080488,40.8435397091479,35.7092501218198
15.5339805825243,-27.4155053105842,-30.0947521071981,40.5937893225417,36.3770725024589
16.504854368932,-26.4145106918184,-29.0877371348567,40.6884505751832,38.8998799283868
17.4757281553398,-21.7877098741457,-25.7115870559379,41.7201994060881,40.0490453950123
18.4466019417476,-21.140854287647,-21.180838409121,40.1875292319336,40.6686271141193
19.4174757281553,-17.9594930207926,-23.3715809635735,39.1349850745451,41.2542511965524
20.3883495145631,-17.2297638627189,-19.0811757489154,38.2022064558754,41.8830434067292
21.3592233009709,-16.3234247751259,-15.8410739894917,37.4456563471117,42.3104742519031
22.3300970873786,-11.8034332121978,-15.6375722655574,36.1958311608494,42.1514406535985
23.3009708737864,-10.1018367512368,-10.22314153069,35.7599143899089,40.9932793256898
24.2718446601942,-7.5091276858371,-8.26850376997618,33.6093782813854,41.901678292404
25.2427184466019,-4.92433875653072,-6.05101476818121,31.6851501816096,38.7174183779912
26.2135922330097,-4.48662963926306,-3.98468866036168,30.5862410813578,35.4403508036417
27.1844660194175,0.680154084253554,-2.95133358737423,27.8843429376509,31.2563486941289
28.1553398058252,0.539248712766171,1.36261410218521,25.3914000313253,27.7402837718687
29.126213592233,5.35033973832891,3.37255516523031,22.8559959997428,24.4818320603362
30.0970873786408,7.53318134882025,7.8983796064908,19.943912781822,22.016683618538
31.0679611650485,11.8781096219474,9.11141763980541,18.2531717164699,20.0370020389607
32.0388349514563,14.0699726606062,14.2938250479517,17.3447171221301,17.5904299344937
33.0097087378641,16.6082686821541,15.250072458581,16.663745490863,16.431460931618
33.9805825242718,19.4480665295706,19.8175210917274,14.9142286444209,14.4431304514888
34.9514563106796,20.5960426329516,20.2836844359368,13.7648419849466,13.3145335549594
35.9223300970874,23.1117408992733,21.77182468555,12.1689247591838,11.3379706554601
36.8932038834951,26.6642847620798,24.7696478370431,11.203166955453,9.55685338051576
37.8640776699029,27.112747956016,28.187639397091,9.0544028294038,8.32125034131499
38.8349514563107,28.3141112891344,30.1978852196283,6.30778575487644,5.67908660189918
39.8058252427184,31.4737891113849,31.2435772277845,3.36565631533098,4.26222255973392
40.7766990291262,30.6134748337392,31.844628163948,2.45908351528843,2.22797140599555
41.747572815534,36.0551943030069,33.0702972384035,1.65444467758707,1.78866314933647
42.7184466019417,36.5575441264133,35.1344316489317,-0.077256875897227,0.429475675380893
43.6893203883495,37.8407488172326,35.4346749292035,-0.787427349623649,0.117826484289839
44.6601941747573,37.3333462121578,35.9119313870873,-1.81055442843208,0.029432729817742
45.6310679611651,36.1273634977619,35.2450623241375,-2.42016405398272,-1.20042926177482
46.6019417475728,38.6202895967785,36.6666574533203,-1.64955442814885,-2.408300480084
47.5728155339806,38.1254667456002,42.3887345439867,-3.36679802727756,-4.3044583539071
48.5436893203884,38.9386495678188,40.3838372322959,-2.36262360751962,-3.92020085912998
49.5145631067961,37.5288516538333,39.6471649853355,-1.78041830723772,-2.72061921561142
50.4854368932039,39.5692362349147,38.9092716116088,-2.32429069744254,-3.34179289683407
51.4563106796117,37.0719205157494,39.4224966075988,-1.98619061819855,-1.3537067676272
52.4271844660194,36.3701763049101,38.0910689932705,-2.7905222823772,-2.08963950345674
53.3980582524272,36.8420834984299,38.8039043444373,-1.76083876292771,-1.24528522784013
54.368932038835,36.4499076102344,38.8312911240258,-2.28430088827989,-2.15764791089786
55.3398058252427,35.5948394321577,35.4787907067454,-0.571726764081796,-1.35429110336778
56.3106796116505,32.1939359010031,35.6705035904232,-1.78032251548553,-1.05205940564708
57.2815533980583,34.0426853924866,33.0831252450206,-0.276324434803725,-0.909771407234427
58.252427184466,31.3440980512785,31.032336382693,-1.85001297506491,-1.42343674788401
59.2233009708738,30.5615769160161,30.3646677346328,-1.34869303818995,-0.946732677286392
60.1941747572816,27.8865890251222,28.3886803579042,-0.60852098070708,-0.356372385790828
61.1650485436893,25.3431307849691,26.9178149234728,-0.732066647680038,-1.06363428519937
62.1359223300971,25.286114001133,24.0533307013086,-1.31869385040811,-0.763143525091614
63.1067961165049,22.269968018319,21.1384860168,-1.05487229088436,-1.03466572176062
64.0776699029126,19.7922283543474,20.6907914946943,-0.347794456758923,-1.47733218031005
65.0485436893204,19.193640769749,16.617189959308,-1.16075775568135,-0.474804090854468
66.0194174757282,17.0896968530527,15.2458284238984,-0.033457363889109,-1.16841654382681
66.9902912621359,17.0154109353214,15.1479087945835,-0.154099646430086,-0.990880839143545
67.9611650485437,13.8460523536918,13.9587180079304,-0.578080752956472,-0.730233822427801
68.9320388349515,10.9879895780691,11.1775826893383,-0.364146619413116,-1.06941951777124
69.9029126213592,9.79443757281813,6.83666922366175,-1.13924149648221,-0.24825434520097
70.873786407767,8.61531798243922,5.2160025244197,-1.09794230515023,-0.627078470659901
71.8446601941748,5.89029084016894,4.59457854247344,-1.14436212993632,-1.07718020281278
72.8155339805825,2.35073978211066,1.44689387944645,-0.743624762321498,-1.10917031934099
73.7864077669903,1.7947624865431,0.622275143424941,-1.70103788276658,-1.50865419385124
74.7572815533981,-1.70391100608898,-0.574956388055273,-1.05520298986973,-1.22673653224409
75.7281553398058,-3.12794563430488,-4.50210880774961,-1.11702551739678,0.443684655196208
76.6990291262136,-4.5092209226815,-7.20075257122677,-1.38448964076259,0.119530466609499
77.6699029126214,-7.02571215698749,-11.0766579014918,-0.896949952635387,-1.02685052224192
78.6407766990291,-6.86989969269974,-11.4954566306365,-1.36923673774472,-1.78905331181788
79.6116504854369,-10.690903258168,-14.6556841202201,-0.544787387440272,-0.81505305194235
80.5825242718447,-14.7194303425329,-15.0090278435145,-0.447447543758852,-1.34778988221695
81.5533980582524,-15.0408901524445,-18.9560941697887,0.256309480587841,0.0107496071658816
82.5242718446602,-18.953160304092,-23.2686148410883,-0.237190971348711,-0.045055724129173
83.495145631068,-19.5972645070356,-23.6706194103328,0.138547679306589,-0.455627537346324
84.4660194174757,-22.9630057709221,-26.3723785534799,0.782100327411256,-0.325846571271347
85.4368932038835,-22.6155665598035,-28.7471017035089,0.694971149491953,0.0444679137069022
86.4077669902913,-26.8083118380153,-32.228281445303,0.682717096234712,1.42540396829674
87.378640776699,-28.9481599148471,-34.2186983274426,1.38445603129826,0.0787837753419869
88.3495145631068,-31.2830204668897,-36.3501299829891,1.14346049309367,1.22176539922803
89.3203883495146,-32.3764129643244,-38.4131795764635,0.501954402304631,0.743375444311517
90.2912621359223,-34.0040774364295,-41.6409430128443,1.15918657132267,1.77877121662196
91.2621359223301,-35.8416993375612,-43.3530479104244,1.78812203084093,2.22259791041662
92.2330097087379,-40.218054659515,-44.343768123826,1.49694893058155,3.18634510733472
93.2038834951456,-41.3409002125446,-47.6075953784826,2.92653603891215,3.6113161211016
94.1747572815534,-43.0820562446559,-49.0392614926786,2.42976752617341,4.12116043002688
95.1456310679612,-47.7538913351975,-52.2734797764241,3.97935060760905,3.54823745448515
96.1165048543689,-47.8350046633768,-52.6932376032192,3.92363945135437,5.36031276044622
97.0873786407767,-48.6713583527925,-54.8282191622757,5.10102095971051,5.88315041947749
98.0582524271845,-50.3325778170785,-54.8128141689916,5.78392094783279,6.89455299970965
99.0291262135922,-49.3481901759915,-54.9415115318438,5.78602182131117,6.2360393980215
0,-45.362054429903,-55.9099743442468,6.99322241837528,7.02193081122368
1,-47.190646420607,-56.2592921178505,8.13906759163674,7.87599840604254
2,-45.5040694846475,-56.5207748575895,8.51966272405839,7.4199446272954
3,-45.4652811844726,-55.4118509304025,6.98910498002017,8.96595423628487
4,-42.1048440528177,-50.7842105151703,9.77875027245275,12.8023701336625
5,-43.2365393841629,-48.1052026866022,14.4678857989432,17.0358695920539
6,-42.9105900352947,-48.4456323199868,20.2260906393766,20.553207121967
7,-39.7155553075402,-46.3321247422368,28.4705568551823,23.5780684556564
8,-39.4506814193839,-44.1439435683968,33.1541679905615,25.2747142272475
9,-37.8026056312104,-42.0687261903775,37.7046073618335,27.2469279912422
10,-36.6495399461594,-40.5108906454427,40.3417993957608,26.9282207685746
11,-34.3660746562181,-38.7674523294963,41.6556648503592,28.9486701347005
12,-31.9535809478838,-38.4315160561298,42.9199736335426,29.8489650030978
13,-30.1909678473752,-35.6407680129018,45.0557128249552,31.6305336720825
14,-28.1124133006367,-34.126178348216,47.6433727719533,34.4512559212518
15,-25.6793103543053,-33.3304496605536,49.5203732107833,35.0763157340754
16,-22.3183099450675,-28.1432925151035,49.1568701652866,36.0428872670072
17,-20.675310306288,-28.5923409080472,49.0738652671917,35.7985512788668
18,-19.8195343944609,-24.9370653465153,49.323900209498,36.2503728365002
19,-17.6579119200131,-22.20445039131,48.6850333090111,35.9132797238226
20,-13.2859177744497,-20.963910011121,48.4101271056154,36.2580811899514
21,-11.0895139494409,-16.4849786229787,46.6589000437043,35.5763729265148
22,-6.16144247038932,-14.4228624288567,44.3542062362321,34.2777727372243
23,-5.32774926515846,-13.222585808665,41.0616250300341,30.7113065807988
24,-3.49959835200941,-10.9888001420526,37.1525960569235,28.5342589517917
25,-0.689920292293446,-6.23781754721066,32.4982595092456,25.7684011999133
26,1.03429352099752,-5.48275586540387,27.3544223169494,21.484251981255
27,5.28883893120139,-1.9767189737499,23.1201793335056,19.4324145019996
28,7.97585346056715,1.00594312829467,18.5489837465663,19.4851221232495
29,9.87122602307605,4.23632463126757,15.873142677103,18.6760556598071
30,11.2339251377958,6.5735201642292,15.2336610030284,18.4017543688401
31,13.834012361474,9.1694447250211,14.4796789006493,16.5710476785429
32,16.1976584945709,12.9504588637608,13.460626619505,15.3628534152098
33,19.0841875532131,15.0566156511053,12.4856730942317,14.0925052739297
34,20.6454893083369,18.0269660001572,11.0938016718749,13.2672832769688
35,23.4991636785502,21.543695466991,10.6549493064406,12.8116307461578
36,26.6945901168436,22.8511053540427,8.25770562084524,10.6145468750207
37,28.8263145481701,25.0408383108612,5.06902956889615,7.80536044114527
38,32.8881596893444,28.2054342701048,3.2785608710727,4.68364745412636
39,32.5110373708883,27.1171263442705,0.307468412511029,1.84295962375196
40,34.933477165659,30.9867003581831,-1.53186187052827,-0.0649125646987309
41,34.9035028222292,32.483213587824,-2.00286424408946,-2.21363636276584
42,34.8186043417247,36.0088445071698,-0.938253128116252,-2.76401198951534
43,36.7098795181378,35.5828552422619,-1.36450141438455,-3.72920160302073
44,36.1790886321455,37.843061394607,-3.41482735199149,-3.41996429036753
45,38.2583081584533,37.0876211810241,-2.65193890866229,-3.14042908345301
46,35.9762147834671,37.3071140448367,-1.60323850851515,-3.00618732479528
47,36.5842004930621,36.3010513611864,-0.697648053259212,-3.25144916211397
48,35.6976836143283,36.9299300325057,-1.25087816824798,0.0696916276326355
49,38.1699792160962,38.4749743787645,0.231374508873157,0.102516395325923
50,37.6795801930562,38.9778570886179,-0.204668274663853,-0.464439549483861
51,36.7872753646384,35.4882337559641,-0.44462141703457,-0.259054497788965
52,36.4682723378467,37.7034939734504,-0.950945295631505,-0.641433095686326
53,35.4714002625872,35.6255696687466,-0.759763953021682,-1.10771448453343
54,35.9907868888007,37.9389939653831,-0.410689845188359,-0.879634073056721
55,33.559612705965,35.4622985393618,-0.985907832661258,-1.74330397162573
56,31.6071303542294,34.4813828429607,-1.85397050452502,-1.87089068937212
57,31.7764718971921,33.2458099713042,-2.54614511471413,-1.88293266174192
58,29.1208817445348,32.4682187504401,-1.89876131922524,-1.63745479283662
59,27.3672257857421,31.0551599787099,-1.25867817575502,-2.03894482152657
60,27.7260891608988,31.2465513349656,-1.03662892178666,-1.93322681894781
61,25.7102770393077,29.2307062989877,-1.01748462115314,-1.45791331416956
62,23.4516974779257,26.9066040975996,-0.0414388618461865,-1.63922356876747
63,23.8372014377526,25.9919380594226,-1.70163268446762,-1.27821312714059
64,19.7083259690249,23.8118484776996,-1.39120525076602,-1.28250381401508
65,18.2032677022441,21.1336698069289,-1.17066054853251,-0.4426700134239
66,16.6502671711218,17.8272857919729,-1.42651444466342,-0.544548095666174
67,13.0165503650859,14.9950988236387,-0.402283897149687,-1.29900898847703
68,9.58836261984305,13.3943503201046,-1.32213691185795,-2.10640796679293
69,9.75177942635537,11.2178509559986,-1.43851410007751,-2.03829406893778
70,7.92830446900125,7.72869584649774,-1.77117405596457,-0.637738401325913
71,6.81702422120239,4.88097388193642,0.279862918289276,-1.2300755342392
72,3.56730558150711,3.02454206721564,-0.369904563096777,-0.489808765523132
73,2.09367384604935,2.80216658465073,0.100239822149176,-1.09161177042202
74,0.965875210320769,-0.601570987386847,-0.430415379309834,-0.0594021041263322
75,-2.51329542614244,-4.17806532921371,-0.599995686417661,-0.643699208569379
76,-4.39298128834149,-5.81606111959076,0.0505366391114153,-1.06689892066132
77,-5.51176875114986,-8.20938424337381,-0.326279551759939,-0.329986555447187
78,-10.1923499656006,-9.98939294705912,-0.672727447302019,-0.0880460328080005
79,-9.14084051623274,-12.6011160420358,-0.654953837134869,-1.86840263653891
80,-11.8786397776778,-14.2532162175293,-0.534168634118352,0.113858624326499
81,-13.4300335370607,-16.7453885156739,-1.78636942760633,0.276922371446019
82,-15.6439607874726,-18.6866215371089,-1.01663492609064,-0.437825075214144
83,-16.9612135324156,-21.4454242045709,-0.146605462128483,-0.487828657816891
84,-18.0060874321452,-23.716668672628,-0.806911497985341,-0.322641810153731
85,-22.3527361665996,-27.4659727769346,-0.399119083852158,-0.535624826920764
86,-23.2821079991635,-28.937260508025,0.0782575853486146,0.105626159737935
87,-25.0760232386934,-31.8510661786588,0.553408599496603,0.437744028055891
88,-29.8094783652022,-34.0172861839991,0.902331328268146,0.330178175039507
89,-30.9259800120472,-35.7172678335155,1.3938095212496,0.0364182022299315
90,-33.582244067171,-41.0205627520285,0.789065308960359,0.467844973314629
91,-35.9947431872479,-44.5078429194368,0.875636750377795,0.737955385745598
92,-37.0015912986887,-45.7387304233517,2.33118815473231,1.18047507002952
93,-41.4382721745851,-48.7601219928667,1.19651685620407,1.5423615422447
94,-42.1522939168904,-50.3865071743481,2.74287179827697,3.49671790434511
95,-42.8614468743984,-51.9697477908267,3.041288695375,5.96715362781929
96,-44.3521381705448,-54.5256489946495,4.18835578778332,5.0505604338991
97,-44.5139203739599,-54.6662297273801,6.00272823066565,4.73034457990634
98,-46.3997017469763,-56.2993919151218,7.11670510593906,6.22846094835638
99,-46.0014365673097,-56.6081453940721,6.95951083239829,6.71848074301679
0,-45.8127485454615,-53.4486521095255,6.07319506838498,6.10329251058813
0.99009900990099,-47.2778147966086,-52.6385929749076,5.76821025285669,5.53450331084908
1.98019801980198,-48.7963925508611,-55.0186551067457,7.98215794216487,6.19209145219445
2.97029702970297,-48.4338938605719,-51.3857315714885,8.0175836286037,7.22186157003242
3.96039603960396,-43.8746823958447,-51.470924213353,6.32206255641347,8.71469551397613
4.95049504950495,-44.7361801927273,-46.9135424118472,6.37627910473585,10.8524203757418
5.94059405940594,-41.6169131695222,-47.2145880022345,6.61462896025881,10.2961356086766
6.93069306930693,-40.6630036540158,-47.0594680518313,8.64064400855742,13.1215777532116
7.92079207920792,-39.1381524011028,-44.4727764948619,11.9853684386579,16.1738131012824
8.91089108910891,-37.0528529014416,-43.1675440267008,14.2570375868323,17.8953612104468
9.9009900990099,-34.4191097564116,-42.5623204028883,17.5175919203951,19.9002200724848
10.8910891089109,-35.7589668923665,-38.6588583573873,18.6395796372403,21.1359564974701
11.8811881188119,-32.3076853640166,-38.6286165337973,21.989540949335,25.3422785215034
12.8712871287129,-32.5622766758139,-35.2091537682669,22.9931870056142,27.5722141489862
13.8613861386139,-30.2665139233574,-34.4592833293553,25.3880035339785,31.0860195674334
14.8514851485149,-26.0515914552306,-34.3914164176342,27.2124376043504,35.0365040848789
15.8415841584158,-25.293315016099,-31.2729148645935,29.3267734570847,37.8423384084094
16.8316831683168,-24.8976937762341,-28.0953146099834,29.6649831254643,39.9865740813867
17.8217821782178,-22.4785375468231,-26.8520313561018,30.6160618026575,41.5897136885911
18.8118811881188,-16.759013239348,-22.7165343901847,31.4717626611573,43.4694701135834
19.8019801980198,-16.4252730797239,-23.648106019439,32.0815416273332,43.7338069609394
20.7920792079208,-13.5345286239066,-19.4575677239606,32.8430280864712,45.1262541835916
21.7821782178218,-12.5353611139758,-19.0363472228929,34.1064251154707,45.1239007678335
22.7722772277228,-9.45538024561763,-13.7470917030596,34.1774640205962,46.0634999227762
23.7623762376238,-8.45287735219361,-12.3138329489185,33.23802536111,44.9255323808395
24.7524752475248,-5.32953157208849,-8.6902784532255,33.5865089621286,43.4795016041093
25.7425742574257,-5.44323684213606,-8.56643045974519,33.5405041376641,41.9822645096973
26.7326732673267,-2.2438863773307,-7.01932789120995,33.9175014727045,39.6428325820373
27.7227722772277,-1.22885666855059,-4.63435844861443,33.8099414288433,38.0473921553956
28.7128712871287,2.63347728722721,-0.199608004382032,31.4285876078219,36.5867422693537
29.7029702970297,5.43064031416342,1.81731307342492,31.3703652160676,33.9297258648713
30.6930693069307,8.05308012223912,3.15074126739995,28.1914963298384,32.4529553444075
31.6831683168317,10.3984288231666,8.35565461775429,27.1884341013664,29.4960412457339
32.6732673267327,12.5158970742227,9.01166207632355,26.1110370798084,27.1199260053807
33.6633663366337,15.4226701773788,13.8205459278739,25.1133881255285,24.7645807061871
34.6534653465347,18.6139401908707,13.8365372633006,23.1134423735128,22.3480200151772
35.6435643564356,20.0937718998838,17.5701260990008,22.8262147031114,20.2104621307901
36.6336633663366,22.6095514472068,21.1237841929618,19.2541280701892,18.6172955945093
37.6237623762376,26.3339206954769,23.5211179599216,16.7112887002045,17.2347811064128
38.6138613861386,26.933044981273,24.7955167338965,13.367220929386,15.4868915323633
39.6039603960396,31.3244517983054,29.0379091363637,10.4282071646874,13.7431494782611
40.5940594059406,32.1837975773513,28.3649315898985,7.53352938256638,12.6829819007863
41.5841584158416,34.4965756217374,32.2260208446691,5.42605649065923,11.0544537398485
42.5742574257426,34.0068616174384,33.1756833273777,3.13222453180813,9.15713366252942
43.5643564356436,39.4355647438247,36.033884175049,2.4641392602155,6.77272779216655
44.5544554455446,39.3090096851728,37.9064571631725,1.86908684846184,4.82293193862652
45.5445544554455,42.9018202107278,40.6118476622021,-0.244178957668015,3.04019000280956
46.5346534653465,44.2840601286429,39.181772783958,-1.33468987300851,1.41608005409967
47.5247524752475,45.9990168788794,42.0565632937113,-4.57341472112434,-0.0819301912516685
48.5148514851485,44.8196910494983,42.9977224945415,-4.6417352591599,-0.649033031172049
49.5049504950495,46.3233667114675,45.679090483378,-4.1632483536554,-1.4979196333964
50.4950495049505,44.1695397715664,44.8479640081849,-3.27181552258922,-3.50148822830567
51.4851485148515,45.1730889127144,44.4667020631763,-3.33172233735483,-6.57478500600632
52.4752475247525,42.2915763488272,41.6506265843216,-5.51645248862567,-6.85967131533608
53.4653465346535,41.2312900912894,40.6651656976955,-6.48081619300056,-4.1295107751026
54.4554455445545,41.0432987122327,37.2305826442551,-5.71147426598257,-2.35074873208734
55.4455445544554,36.4441659052924,36.6647417859094,-3.72602273615986,-4.60519463010275
56.4356435643564,35.0469191556991,34.9933590272644,-2.94059365549551,-3.30385255032929
57.4257425742574,34.7337117823717,35.8441645692885,-2.0971949363268,-4.01567130018664
58.4158415841584,31.5980128346274,33.6150807657131,-2.0644849946097,-2.68306769695941
59.4059405940594,29.4122945504259,34.3739862330045,-1.97004502872697,-1.79054033175206
60.3960396039604,26.8770694706464,31.1216508270639,-1.10960288483278,-1.77601000660795
61.3861386138614,26.6072980741419,29.0110809983287,-1.86875993541215,-2.66685756840985
62.3762376237624,21.8178418941904,27.1639622065861,-1.81747686914984,-2.2595001349234
63.3663366336634,19.6860863020825,23.6441353361042,-1.52820073566087,-1.367820429199
64.3564356435644,17.8389276655127,22.8526370771614,-1.88133992321568,-1.83974784843139
65.3465346534653,15.3883625521773,19.4475321624681,-1.37595581510638,-1.4930053815849
66.3366336633663,12.895278645532,17.6749933153574,-1.37949713859232,-1.5807702259812
67.3267326732673,11.3633983925907,13.5585966357618,-1.15271522007104,-1.4859582596247
68.3168316831683,7.62741786594426,11.1384999530577,-1.32038175429985,-2.19427679256178
69.3069306930693,4.06909466245222,11.8717156239262,-0.582005057269009,-0.68590229564325
70.2970297029703,2.4764672832313,5.61854733917629,-0.759285999158111,-1.45044959014747
71.2871287128713,0.177157425588124,2.5405792644177,-0.628161290192033,-0.37195778773788
72.2772277227723,-2.72125699748502,1.36120012273881,-0.132497889206637,-0.405554153327187
73.2673267326733,-4.43353142674793,-1.82137556517722,-0.440154670888262,-1.14752147635688
74.2574257425743,-4.69326135539639,-5.44026204807242,-0.943596729311087,-0.0804901041426933
75.2475247524752,-9.46174470362703,-7.97154962528611,-0.250781736140741,-0.542529599430632
76.2376237623762,-7.51327253524313,-11.0692649164257,-0.445531314329015,-1.10051946666638
77.2277227722772,-12.398613945102,-13.3292636256013,-0.191133146693965,0.335924198699943
78.2178217821782,-11.8759704937548,-17.0947242714857,-0.790836259245725,-0.00787554639821883
79.2079207920792,-14.7917011236524,-16.6499663380167,-0.317996514168781,-0.123973265491343
80.1980198019802,-16.5814223476968,-20.2923520803477,0.337347337640324,0.698225193704941
81.1881188118812,-19.1187245582993,-20.5826783747024,-0.6455035670276,0.0141560164192779
82.1782178217822,-20.8588578539092,-25.3048422755026,-0.88233336975652,-0.146934965019799
83.1683168316832,-23.4108987669444,-26.6930510669299,-0.357652298518217,0.155071060883256
84.1584158415842,-26.6271264133745,-29.5458570154471,-0.826726601451512,1.30339876657987
85.1485148514851,-27.7702571187203,-32.4302903895152,-0.261707065107025,0.386065860793455
86.1386138613861,-30.1506299723301,-33.5838514700759,-0.286799014914384,0.914720534493614
87.1287128712871,-31.3483842602334,-35.9505607306593,0.819522637372905,1.4920070066726
88.1188118811881,-33.7019036131153,-36.9578325112376,0.497187056713013,1.84621364778027
89.1089108910891,-34.4237671522897,-38.2032454552642,-0.502020112934422,1.62675454859037
90.0990099009901,-37.6660387965664,-42.0426253862483,1.04790661195401,1.96578064211748
91.0891089108911,-39.1627667095667,-44.7536932552229,0.962631034823424,1.84158217700243
92.0792079207921,-41.6293040813861,-45.7688617718479,2.26898029826205,2.97567365712966
93.0693069306931,-43.1742735064911,-46.6970111082644,2.63657169911939,2.56220629000807
94.0594059405941,-44.7798359978058,-49.1808612530403,2.67302446653782,4.81933012381775
95.049504950495,-45.803262421767,-50.7918843275455,3.4839359962001,6.55840074410036
96.039603960396,-46.9653483222494,-52.9178564318018,4.32093794363012,5.69984659769583
97.029702970297,-47.1955160902773,-51.7281529191157,4.54361280689611,6.93369140024417
98.019801980198,-47.1477227331271,-51.7393433642968,5.33486856348139,6.18537903174126
99.009900990099,-47.4880685522765,-52.4492973684315,4.94568180139134,4.7632551635894
0,-50.815936269954,-57.2293678274888,8.92243221692129,7.00345308259339
0.980392156862745,-50.8332278587745,-56.8609510767571,7.84510850806839,7.83233818535551
1.96078431372549,-51.0516938685517,-54.3766873297867,6.98428225816523,8.38646397001033
2.94117647058824,-49.9985590134802,-52.3690853886404,8.67687998013402,8.4311243408712
3.92156862745098,-47.9192837008518,-52.0167990512995,12.9547041279016,11.1360408218593
4.90196078431372,-47.2675666011132,-50.0849311742962,16.0635616615579,14.6425264215435
5.88235294117647,-45.3832557585224,-48.5080698931341,20.7728906096186,16.5550660446056
6.86274509803922,-45.1471613028957,-46.3985650781676,23.4025589173531,18.8149473206981
7.84313725490196,-41.8298264214622,-45.8510144746598,24.8500380229816,21.0467652810537
8.8235294117647,-41.0214120881239,-42.7924182818725,26.8738723109844,23.7311118853463
9.80392156862745,-38.2396822675545,-42.0691876753011,28.5393706489479,25.6337384690284
10.7843137254902,-38.0600274527163,-41.4496431462055,30.3125818702615,27.6946900164529
11.7647058823529,-37.7422553845864,-37.2720512142319,32.2897604848548,28.0748297277829
12.7450980392157,-35.2456074398046,-36.8866776938445,33.7295890791108,28.1758688280507
13.7254901960784,-32.8385907250194,-34.3144072666152,35.3870440769781,29.0041470330072
14.7058823529412,-31.0496908975306,-33.4927609969094,35.7090943532266,29.5873295755486
15.6862745098039,-29.4832054190729,-32.320362313118,37.5331867259486,30.780266883014
16.6666666666667,-28.6904669179981,-29.8805264414861,36.927556962141,32.3141289130909
17.6470588235294,-26.3402644776617,-28.6405326606643,37.1577681691723,34.0381145986849
18.6274509803922,-25.6513436224215,-25.7441945946974,37.5200539296851,34.5707774076967
19.6078431372549,-22.4903125498918,-22.9719227170682,38.1241869975265,34.8385083262073
20.5882352941176,-19.6869158410842,-22.4646056826931,36.7687211260136,35.7976708588734
21.5686274509804,-18.1289887758041,-18.8112906950074,37.4760792620241,35.8019129232206
22.5490196078431,-17.3973892381321,-17.0494416595119,38.1642444091712,35.4562337404051
23.5294117647059,-13.4323578332008,-15.2020469979906,37.6251017797664,34.8675349992485
24.5098039215686,-10.5558681784188,-12.9231107185865,37.5600088082804,33.6642339619209
25.4901960784314,-9.97759521822602,-9.23872130781291,35.5824930610515,31.7837860476523
26.4705882352941,-8.30918711899528,-8.55285816812106,33.3702666618588,29.7888774127165
27.4509803921569,-6.37235470804689,-5.81245930128113,30.6152751541322,26.9556618177546
28.4313725490196,-2.97906910347149,-1.75729045587936,27.448338898157,24.0045156982579
29.4117647058824,2.76978391588439,0.881657265669229,23.4563483685243,21.7812716509126
30.3921568627451,0.071591107833884,1.0323358612081,22.7366406652517,20.3480554318599
31.3725490196078,1.29533179611984,5.18517236833312,20.6754708839829,19.663710668873
32.3529411764706,6.8581434822684,8.14272671941464,19.5033086285983,18.7604056980798
33.3333333333333,8.18246932051693,11.49364195357,17.8989831625324,18.2227243556087
34.3137254901961,11.1079993718767,13.3806292647299,15.8979077072597,16.7526014774863
35.2941176470588,12.1318091641213,14.4812522040524,15.1775837849813,14.1120896744481
36.2745098039216,14.976899954214,17.7721029248199,14.5011005948452,11.7678737527835
37.2549019607843,18.5631196604624,21.3987098317641,13.0284734170026,10.2271370374417
38.2352941176471,21.1796731328009,22.154278182671,12.3490533703751,9.53043434893974
39.2156862745098,22.0606160544227,24.0892173946609,11.3421648518108,9.53761204198993
40.1960784313725,23.2296146743512,28.4812659906092,9.75960872013328,7.34363771175709
41.1764705882353,26.748298983642,27.7216156524676,8.77777683863112,5.58461961501936
42.156862745098,28.5091320220104,30.2853213866829,7.83857148723162,4.41954629038088
43.1372549019608,30.7575088999215,32.1827474200569,6.56343769729919,3.34744658122704
44.1176470588235,32.6624675298997,33.5656484207205,4.68605136959788,2.45157537638702
45.0980392156863,34.2412342492366,34.9697203938439,3.0161510555014,1.46226374582264
46.078431372549,34.9282126059341,34.326688557223,2.98797718772773,1.6697593276803
47.0588235294118,38.3610376734901,34.1138730346308,1.49860467150426,1.21437159844752
48.0392156862745,38.1225323482546,37.6007360326149,0.569561626806289,0.681856763650902
49.0196078431373,40.6538041606459,38.6753718701571,-0.831106379048928,-0.463462172752016
50,43.6601696397417,41.4071957237761,-0.740817461481565,-1.38844039796615
50.9803921568627,45.1970691591265,44.2506344110749,-0.674544776989018,-1.77789668663185
51.9607843137255,46.8159219570547,45.7868004045301,-0.26223481867995,-1.7848968230543
52.9411764705882,44.6296201735413,43.9504551591309,-0.667623705777936,-2.53327811655191
53.921568627451,45.4997510630686,47.4931683334728,-1.17612802857586,-1.69782745956235
54.9019607843137,44.9712457267412,46.1910621320237,-1.6487545667952,-2.568081461134
55.8823529411765,44.3436603533672,44.9328372546973,-2.48213193039526,-0.740881943021643
56.8627450980392,44.5590478262327,44.1872673653849,-1.81717826773222,-1.73145156178039
57.843137254902,40.7545562603893,42.5084432900694,-1.53024800193361,-2.45280392710068
58.8235294117647,41.6308174497491,40.8952442951571,-1.36871428828566,-2.09965816270902
59.8039215686275,38.7385961398224,40.1638482617383,-1.59878089069033,-2.24450220591765
60.7843137254902,36.9700259441033,40.5336413556544,-2.47951813985215,-2.93625476751846
61.7647058823529,37.6619596123411,38.1466345451988,-2.2525078846089,-2.03282572778012
62.7450980392157,35.1508341807156,36.1806453841722,-1.91764115313626,-3.07597832090223
63.7254901960784,33.3948352158714,33.5017838579192,-2.48732187221787,-3.28218927705209
64.7058823529412,32.2177424786193,33.6078168795215,-2.66633108813279,-2.28559608948977
65.6862745098039,29.0739710063231,31.9046338294274,-3.79741406880512,-1.92533758267193
66.6666666666667,27.1785554899997,28.1911081278566,-2.31546547781415,-2.32041502998708
67.6470588235294,23.2270989039726,25.6745026829051,-1.29798930101767,-2.82937547327631
68.6274509803922,22.4298616487706,23.2340259132372,-1.24655270364928,-3.01428291514697
69.6078431372549,18.4041929871941,18.5637529195162,-1.63554338907914,-1.42370803232064
70.5882352941176,17.9518049915414,16.9334040099592,-1.30445413878929,-0.953032304275246
71.5686274509804,12.7062868166917,14.5418875396311,-1.06125109543053,-1.49842577840538
72.5490196078431,12.0174168767503,10.9430542175447,-1.47486216956899,-1.19598704774964
73.5294117647059,7.77720089931269,8.43058875458381,-1.2588698152977,-1.13851868604853
74.5098039215686,8.21212279781439,6.31734643129174,-1.34284205859539,-0.833581654394257
75.4901960784314,3.47894299095567,2.41298284905284,-1.35448168800437,-1.22164597148677
76.4705882352941,1.41060456596979,0.534346394990577,-0.67705787736491,-0.823363776691593
77.4509803921569,-1.74230357460153,-5.43906418397939,-0.988212694352919,-0.401466096024682
78.4313725490196,-6.56183441115068,-6.03337019084645,-0.939475671026393,-0.675035478453546
79.4117647058823,-7.92462233067098,-8.7107901635061,-0.179640511068859,-0.610459941621303
80.3921568627451,-9.38772080492456,-11.0631977483538,0.36452245434078,-0.103475109992619
81.3725490196078,-13.9089216654497,-14.9930126531292,0.0349960741331679,-0.466804297184535
82.3529411764706,-14.2628143761245,-18.3211506898429,-0.668474071433021,-0.710069931819257
83.3333333333333,-17.0919333821163,-18.8469822158963,-0.768930129496109,-0.0652012175627066
84.3137254901961,-20.0158970863719,-22.833717907428,-0.0578882579798083,-0.271035823872897
85.2941176470588,-22.6437004363076,-26.0837350827714,-1.04709713369915,-0.381414763350761
86.2745098039216,-25.2034601036161,-28.8846997244938,-0.237782149207579,-0.260570777868689
87.2549019607843,-28.7648214848638,-32.889308049329,0.161763434435197,0.389224274350278
88.2352941176471,-30.5944986009781,-34.7558734448737,0.245024458852548,0.590717627729085
89.2156862745098,-33.7130008898534,-37.88544287152,0.98521408485636,1.41325685785387
90.1960784313725,-35.1098027427824,-41.9279735385885,0.855091224434906,1.71234417829571
91.1764705882353,-38.2808495534065,-44.3988151691424,3.52935697289663,3.02811470982336
92.156862745098,-41.5896168406121,-47.6700466648389,3.63084937343605,2.31829426386723
93.1372549019608,-42.2891506215504,-50.1979587342399,4.58685218737889,3.82576335097306
94.1176470588235,-47.2482433551444,-51.2617917786055,4.44549346260494,4.31403195754652
95.0980392156863,-46.9358415772823,-51.7979740428816,3.92965413537059,5.77128809849003
96.078431372549,-46.9111051534428,-53.1635383824046,5.59067701020559,7.44550323003212
97.0588235294118,-49.4425898920673,-52.4654379706355,5.87653633161821,7.70824963764686
98.0392156862745,-48.4278176806991,-54.8798839647021,7.10632519104487,7.80956621284696
99.0196078431373,-49.944611643893,-55.184453224742,8.4294855015174,7.0292288087801
0,-53.3831932914407,-54.4923166189784,6.73409189725492,6.97996226835677
1,-52.2928051428887,-53.083866375863,6.45201498594725,5.59081075590875
2,-52.5343178084094,-53.8557330489479,8.68698423167966,5.97008362542765
3,-51.0805707915756,-52.1037143829003,7.32131581737538,4.84742166775118
4,-49.0078820071585,-51.1669840388377,8.62707265563557,7.27621244327527
5,-47.2975436387636,-50.9956481031863,13.914682712447,8.74953523761749
6,-46.0449219991729,-47.1755254140692,16.1408819560603,12.4083514060057
7,-43.7135101804734,-43.7377076114818,19.2398772076883,16.463404430884
8,-41.2404473557053,-44.8975551653167,22.5054635000916,19.3163791681884
9,-41.4052180637943,-42.4411840131812,24.0834426891076,22.5812065959114
10,-38.1393414429972,-42.9239679232777,26.5116963360866,24.1372993036153
11,-35.0123963104632,-40.3207889104174,25.4965960851153,24.4185138070774
12,-38.32524951414,-37.3449559788067,27.521266946615,25.2217311538297
13,-33.1508738851728,-36.0117718327271,27.1573207084311,24.9625809026682
14,-32.9967440925597,-35.122624198534,27.9645862523145,26.0740299340691
15,-32.1966579380466,-35.2565726435065,29.2027496086609,25.9708658660475
16,-30.2505948969991,-31.8659083477766,29.7469835207799,26.8446412164234
17,-28.656072037424,-29.3567573631855,31.2132152185498,26.2197925293958
18,-24.7640978410507,-27.7488816121758,32.7477531560206,27.4225553698665
19,-23.6957134815515,-25.4586453401133,34.2759372793373,28.8495797217413
20,-19.5028316826715,-23.3471746749241,34.4691545256093,29.9303456019885
21,-18.7156329532853,-22.2460436689504,35.6154710526453,30.5826631579515
22,-18.1312810727846,-19.2806792773312,34.5575006129834,30.5765173423603
23,-14.5886205012692,-18.0110595891907,34.6588338874283,30.9129988568115
24,-12.23831745025,-14.581279871607,33.9635255302437,30.9421233551725
25,-9.90167717822146,-11.5046270995844,33.683974199698,31.1791174900438
26,-7.97922814331014,-11.7213544517195,31.5934600617015,30.4069775898262
27,-4.72430758946718,-8.0022980598201,28.4754631146034,29.5972527867258
28,-2.19267409661004,-4.86801942788025,26.1777813789499,27.6362930571361
29,-0.887954686314081,-2.92740165218867,23.8592272380049,25.1357914799408
30,1.90757272613437,-1.61074757212566,21.1136367583058,22.6004831405652
31,4.41958866085602,2.6328359318149,19.0936926493415,20.1799837565293
32,7.1569087832535,6.79675643744767,17.2354467998614,17.2319268342412
33,9.33189972542947,6.13964239357819,15.5947531562721,15.1329616417807
34,10.11079998502,7.25485076377932,14.379214258591,13.7108845734518
35,13.69253362459,11.4549364083673,13.4298485108364,11.8619483680669
36,15.91835506339,14.7919143607419,12.1347189441434,10.8224603562755
37,17.2279857796044,16.2903744576775,9.70710915233706,10.1244755588724
38,22.6061002872455,18.496608265679,9.08438452963942,8.04384090285116
39,25.9681294932169,20.8322169034084,7.23414233264277,6.34512130524232
40,27.1553588872957,21.7229641084436,5.62664528077295,4.80826518695895
41,28.1039910415539,24.4362676047223,3.54614353827157,3.77406229907582
42,30.3861059173277,25.8218220365171,2.39864425895245,2.92200341055302
43,30.2848885648356,27.0837629700636,1.79204493778329,1.19901839982194
44,34.7094817482112,30.3324628342721,0.345143109334385,0.748425447814265
45,33.2940765133812,29.3247490860322,-0.185689718109513,0.129018920043284
46,35.8904296439838,33.3141651759206,-1.402577022622,0.73645318845708
47,35.5814187737494,32.2288136409769,-3.20620772815321,-0.928488425427682
48,37.7358413098847,33.8262879353081,-3.54141480550146,-1.12503841866665
49,38.8454085243982,37.1833143635604,-3.70072805885838,-2.39227690353264
50,35.6183940113521,36.0743977818788,-4.46833828329496,-3.6195668932017
51,38.7728825021416,39.4815225939583,-4.21337516469966,-3.19168910050583
52,37.5878684440378,39.5198750272499,-5.3745649123488,-4.56711473311858
53,36.0850886407327,39.0270239739664,-4.55980194055234,-4.89028029332405
54,36.8378287462194,38.3575179072298,-3.11431100349401,-3.98304808449288
55,35.1904709692839,38.417063742116,-2.95065799308908,-3.4022418010541
56,32.655337241891,36.6275357205264,-2.40662930576498,-3.54422183175954
57,31.3246842810158,35.2511729451185,-2.85747819690145,-4.35550724506124
58,29.1668836116983,33.9651621770954,-3.04873529413236,-4.52765855639965
59,28.652010249636,33.8970060361924,-2.11617944375942,-4.73586833767695
60,27.0972492494381,33.9789402816007,-1.54980339624655,-3.10682451005064
61,23.985883308829,31.8474171193169,-2.3826559788501,-2.49733371293754
62,24.006929813295,29.1600584206035,-2.00326845163081,-4.1038747342118
63,19.6439257593401,28.5535861876583,-3.09096770154892,-3.75614126691494
64,17.1656171428486,25.9216567064783,-2.21857941662315,-3.30535345386565
65,16.631444694009,22.9641410808593,-3.57319822334467,-3.48436950787906
66,13.7546808986983,23.0893746182362,-2.57527770277279,-3.43380561962536
67,11.8844935019904,19.7939373370796,-3.07496166474795,-3.56970826037687
68,8.82532606875616,18.3350696933131,-2.67335697991653,-2.90944112374365
69,6.76731694124455,14.510438630537,-2.65889308211554,-3.10106553193467
70,3.95511321275899,12.5257907519276,-3.52935619618526,-3.03812230444013
71,1.64277634316777,12.2154418720195,-2.73380429664858,-2.19117256385269
72,0.733323677205218,7.6891631453298,-2.18875242272772,-1.89540909546323
73,-0.338164475892565,5.52012242284764,-1.43837387130855,-1.31719167213197
74,-2.92170247794102,0.121397457770693,-2.92697487126649,-2.09502755425593
75,-4.44146923200382,-1.57259696111044,-4.91182919303036,-2.19296621006785
76,-6.64289738360644,-3.52530809365913,-4.41709436371539,-2.00790163659014
77,-7.04210126259826,-3.9193768622893,-3.71816977426694,-1.6301082226499
78,-10.2178412405734,-8.48153283058264,-2.97462982129227,-2.51058955677127
79,-11.2705091187455,-11.5649308258738,-3.11911450714766,-1.81285341466133
80,-12.1217241516402,-13.1022466482895,-2.76090315262415,-2.01405599277174
81,-16.4015747541854,-14.4814018868061,-3.74503767910266,-1.93639906847006
82,-16.4948936761806,-18.5200745710924,-3.20692428333311,-1.81978000694502
83,-19.8525083322072,-20.0974014251082,-3.04966608640251,-2.90315754923037
84,-22.1048141708838,-23.4166944553773,-3.23787285181842,-3.53440709635063
85,-26.7847437882647,-25.8719359067342,-2.01572002712979,-1.17488189874685
86,-30.3442443590025,-28.5346643115605,-2.93210892824632,-1.48886499779064
87,-31.5611270989736,-31.687827916277,-2.3379936740945,0.214225628340537
88,-34.0179655470229,-35.6963790653807,-1.40899318449884,-0.309179107865971
89,-36.0937667059977,-34.9343438108888,-1.25011166199591,0.669735243199164
90,-39.6775389100084,-41.2493135702145,-0.688658156937107,0.873013663160894
91,-41.9877050179377,-38.8373414648988,0.771251809489275,1.20369760784472
92,-45.2858655719505,-44.7372798081019,2.8008275666886,2.44482903691477
93,-49.2786890651993,-48.6740666391094,3.0958981424652,1.74288233395312
94,-49.1923512506614,-46.5047707669771,4.28221188724694,3.9614132287953
95,-51.0637771903859,-48.6121500573337,4.21536203964338,4.33156916316428
96,-53.7360900812741,-48.0428446127079,3.84827257766978,3.44373112754924
97,-53.7588558588845,-49.9984587933673,5.92524274828559,5.56154618904053
98,-53.7767485461505,-53.2599914462984,7.24022323075689,6.26294460508
99,-55.0022739159769,-52.7101285623999,7.66646326088743,5.92846104328353
0,-65.0831490686721,-63.619367265267,4.98329730366724,3.96322677722212
0.970873786407767,-63.4347937409747,-63.052368719508,5.68868921699666,6.20829443809628
1.94174757281553,-62.0590231430373,-63.6154039630542,6.47948310408614,6.09758555797373
2.9126213592233,-62.3382454858717,-60.6741403475585,7.41669500684582,6.61192178668843
3.88349514563107,-61.9866298470362,-61.4016091204231,9.5298464305909,6.05789796150522
4.85436893203883,-58.40373967514,-59.0716574067488,13.2799549682955,7.59083638211072
5.8252427184466,-57.7939790062021,-55.8174424720393,16.9907113309174,9.63529330157867
6.79611650485437,-56.6357533470732,-53.6044526068913,21.4879988211405,14.0781020960866
7.76699029126214,-55.0910516455546,-53.4638674571455,24.4156472313956,17.0046718109963
8.7378640776699,-54.3443900627293,-53.5221520067713,26.7857861551241,18.8225760577044
9.70873786407767,-54.2964240307931,-51.9146027247223,29.6463466260666,19.8787845617091
10.6796116504854,-51.6357199854482,-51.4885805173467,32.2110047507886,22.0699252238555
11.6504854368932,-49.3247560455964,-48.6794728407059,34.6619349280483,23.757660244208
12.621359223301,-48.1802748572258,-47.793427932251,36.2984209644025,25.0345098328756
13.5922330097087,-46.8387151229043,-44.9040491851099,37.4847084976427,27.3640040706078
14.5631067961165,-45.8336029874689,-44.3046576522742,38.6145479748195,28.2067027082014
15.5339805825243,-44.3482808177144,-43.7368334436562,40.0105980842287,30.7091821980765
16.504854368932,-42.2906625021017,-40.2090906083286,42.2044957862346,32.0587052896855
17.4757281553398,-42.9198855624883,-41.2136109425789,43.1999242882687,32.7640445282502
18.4466019417476,-37.7078091782823,-37.2732844828787,44.5459757440585,35.1484792713877
19.4174757281553,-36.8057372355413,-38.0813429278459,46.2849035395161,35.6274179291379
20.3883495145631,-36.7164970569868,-35.6256984987762,46.7513300057675,36.79395035555
21.3592233009709,-33.7762477254662,-34.0605489913971,46.2312177553361,36.983031126313
22.3300970873786,-31.5759880473735,-31.3263228171107,45.3778204780728,37.2928082200148
23.3009708737864,-29.9296074791017,-28.826192117783,43.7486305906087,38.1525072823187
24.2718446601942,-28.335117908871,-28.2927062119128,41.8654322150794,37.4248022160857
25.2427184466019,-26.6014389676458,-26.4027537292939,39.7533927062078,37.3797553961949
26.2135922330097,-24.9296630422429,-24.7105226099591,37.9976464744729,36.6570185521074
27.1844660194175,-24.7004303025418,-23.7205429661473,34.976163855139,36.3490840977958
28.1553398058252,-22.1920915468439,-21.5132840397519,32.0057430929729,33.9623507843253
29.126213592233,-20.3321666587361,-19.0027376679725,31.5085900779165,32.9290691599151
30.0970873786408,-16.6289501390194,-16.4963641233927,28.9854726243387,30.6783033196116
31.0679611650485,-16.0802587774262,-13.0121838199351,27.2922214360989,30.9728243230252
32.0388349514563,-11.2706895311241,-12.5407846053191,26.7160645159525,29.9118898102687
33.0097087378641,-8.81648697692969,-9.88414987254099,23.5394866626317,27.5216128335727
33.9805825242718,-8.72647576380484,-4.79007103429236,21.7923913120023,25.7308935365436
34.9514563106796,-6.44329085395426,-1.96737909738459,19.103876912229,22.1548771650953
35.9223300970874,-1.91688813340447,-1.18397801703736,16.8397510018027,19.3812236981728
36.8932038834951,-1.80770396458403,3.34400214788635,14.6679349690676,18.550014126697
37.8640776699029,1.74578208188914,4.38612345136094,12.4511361626588,15.3396084368015
38.8349514563107,5.86494695964598,6.04351185563893,8.85891373872316,13.6472366761321
39.8058252427184,5.08887372828922,10.2526973019766,6.97340230839175,12.0613390180629
40.7766990291262,10.3248933099171,13.4760293210231,4.06297237580711,8.43641672748386
41.747572815534,9.89626975326292,14.6140552125918,3.29056811525782,6.01957148377559
42.7184466019417,11.3865484431597,15.3383097918913,0.991661202145293,2.75738804398809
43.6893203883495,14.8567720007471,16.7017620339304,0.268074321143422,0.655812100633746
44.6601941747573,15.74319660703,17.6481027869906,0.874080039006677,-0.296577252185671
45.6310679611651,14.6438542791596,21.5866856062384,0.130408709319253,-1.014317565393
46.6019417475728,16.5828607414995,20.4476730161917,-0.981395647402724,-1.4287719452314
47.5728155339806,18.523826026871,23.3836658949965,-2.58867636312308,-3.55880836929302
48.5436893203884,20.6154004217317,23.3524834379523,-2.77476671202225,-4.22947749716323
49.5145631067961,23.5872046926031,24.9743957540728,-4.66416494781862,-3.41624862771202
50.4854368932039,24.1688537471552,26.6360728331394,-4.35006424205935,-4.16849767082598
51.4563106796117,25.87811026868,27.0184678730795,-4.78944638830743,-4.73907594673096
52.4271844660194,25.7560046362148,26.827732239458,-4.46219754199964,-5.12948159754415
53.3980582524272,25.689033467752,28.4311103489625,-3.77879913904919,-4.53398390931772
54.368932038835,24.7253995440636,27.9819249445772,-4.12480915356018,-4.10335633227839
55.3398058252427,23.8857485999144,26.7808220719439,-4.51280238435758,-4.31152378870776
56.3106796116505,23.378653870727,25.6357323762478,-4.98604103156166,-4.301614184661
57.2815533980583,21.3600334696757,24.6510685463644,-2.97954725992196,-3.52168817241828
58.252427184466,20.281831032764,25.3315225869928,-3.1583833304898,-5.02426066216606
59.2233009708738,18.4752955371128,25.5921669721068,-2.43846030762066,-4.24197900285227
60.1941747572816,16.5497002779823,24.2787222352568,-2.19560781448325,-3.54323732527587
61.1650485436893,16.9744959386718,20.6130932785382,-3.1355107871969,-3.67573582034303
62.1359223300971,13.1390678618326,20.9303974282283,-2.9091344755859,-3.65182494049734
63.1067961165049,13.17138225081,16.796613602438,-2.93634492953323,-4.01580164594979
64.0776699029126,9.02062743279817,16.636847498568,-2.43496712748485,-3.97211383623907
65.0485436893204,8.53365499880141,13.3337790261463,-2.83195135843387,-3.51230733411237
66.0194174757282,5.00935662203405,8.84011991786412,-2.12125450087137,-4.71671909070337
66.9902912621359,3.99547134419223,9.43332999662507,-2.427925849965,-3.81194052548291
67.9611650485437,0.222897629500246,5.08339510430248,-2.9569594959475,-3.28249458786715
68.9320388349515,-2.23820862084367,2.93397053266777,-2.70309596467656,-3.16993777009022
69.9029126213592,-2.86059496045876,-0.315066840585785,-2.29602926717083,-2.92765061856993
70.873786407767,-7.03502283944099,-1.37322479802033,-1.96588280746579,-3.53451138878984
71.8446601941748,-9.65587517782576,-4.5251799769533,-2.73091851786529,-2.45651751563581
72.8155339805825,-11.4505062934987,-7.1205653401354,-2.20791092785875,-3.27003047895089
73.7864077669903,-12.1160434119339,-7.7221971442138,-2.58516625027287,-1.69330358554389
74.7572815533981,-17.469043640598,-11.9048315133336,-2.76663301810514,-3.03926903825653
75.7281553398058,-17.6752011502877,-15.9150348895903,-2.72501164952608,-1.77515977975514
76.6990291262136,-20.7872639532075,-17.6449481558647,-2.21070722731839,-2.04026447187485
77.6699029126214,-24.7962264506004,-22.2202574791506,-2.42720921039263,-2.16669890783826
78.6407766990291,-26.8270624120986,-21.484149022727,-2.74869835969586,-1.91798252219771
79.6116504854369,-28.8188526779411,-24.3694010652115,-2.57783113998426,-2.38918166656442
80.5825242718447,-29.9394065274532,-29.387402987538,-2.563957053874,-2.6864617080983
81.5533980582524,-34.5668844727994,-31.6996343498391,-2.52503319095552,-1.64757454691837
82.5242718446602,-36.067825570152,-32.4948015302394,-1.75814162971627,-1.59622927572751
83.495145631068,-41.0279912981496,-38.0772847250382,-0.885443080245432,-1.62514705088887
84.4660194174757,-41.5921822151054,-39.7540646978706,-1.01218421543749,-0.492765188447742
85.4368932038835,-43.9744487875508,-42.5709336074775,-0.61492026617381,0.80379548732715
86.4077669902913,-47.466667135702,-45.7688828137191,0.260317918793103,0.329810088884404
87.378640776699,-49.2421685696481,-46.0337512021419,0.671567734596033,0.278710678573182
88.3495145631068,-53.9997823232638,-48.9574236800284,-0.0529871764758258,0.882623682615165
89.3203883495146,-53.5494596227669,-51.2943656121654,1.21684802811813,1.40917266386305
90.2912621359223,-54.4895727563078,-54.3070802866954,1.81608626207023,1.86950018906548
91.2621359223301,-58.5378259193595,-56.7976415949922,1.89319549757133,2.28148178229065
92.2330097087379,-60.3870946080973,-58.1161715890744,3.20862945448342,3.76055267326382
93.2038834951456,-62.4534063207077,-56.2815919467406,2.3381651060451,3.62620979227965
94.1747572815534,-61.7617903711109,-60.6931143480491,3.80947884011865,3.60465906757432
95.1456310679612,-62.1905481192945,-58.563089747174,4.39042390808052,3.67427007686789
96.1165048543689,-63.1980726292652,-58.6342652705498,5.15074037047914,5.0605338200856
97.0873786407767,-64.8891477553752,-61.1810188585277,5.59380418287966,5.23198879857692
98.0582524271845,-64.2588972343099,-62.7257090636148,5.5590142133181,5.54255923831289
99.0291262135922,-64.6224813953388,-59.0264037703983,4.71029017413433,5.92700712397761
0,-43.4705284953337,-53.5520097600462,6.78381588204464,7.23057509860337
0.961538461538462,-43.1842725215453,-54.5190545169711,7.27785474338237,8.22295490923837
1.92307692307692,-45.607546906465,-52.122622249277,9.43640814950136,8.24824258481803
2.88461538461538,-45.2304984472052,-51.3973605154919,10.4821726420897,9.07907806721881
3.84615384615385,-43.9728317988131,-50.6285106962548,11.9016567270412,12.8377709005421
4.80769230769231,-43.3926830166431,-47.8603175770959,15.8085317930784,18.8958517165741
5.76923076923077,-39.9230716440188,-46.0691743964602,22.2643177799564,24.5764856133688
6.73076923076923,-38.3991586429197,-43.3302579048281,27.4171507186104,28.8838270635345
7.69230769230769,-36.1855410591062,-40.9747482029849,33.6021495801785,31.0363306757487
8.65384615384615,-36.3337353732092,-41.2570383127424,37.9837298926125,32.7373106208375
9.61538461538461,-33.7480085329644,-38.6107520828986,40.5209540081156,31.777446113776
10.5769230769231,-32.2609553376958,-37.2654289394071,42.2063184252641,33.1355592993996
11.5384615384615,-29.504444813541,-37.3274155705047,44.8265810897513,35.0538727016734
12.5,-26.9433776099189,-34.2818272415051,46.7141581221956,35.9907552901875
13.4615384615385,-24.9347828305794,-30.4428080600773,48.2096275113417,37.5446569607823
14.4230769230769,-23.2838531056421,-30.451862744432,49.4626136355658,38.6502979657059
15.3846153846154,-22.5957304419502,-28.4269133493709,49.9341542142794,39.0497006566499
16.3461538461538,-20.5073882931737,-24.7597592583393,49.3133973770357,39.5501144574612
17.3076923076923,-16.8150983296334,-24.9587883972688,49.9261876890193,39.323595118641
18.2692307692308,-14.0105659520679,-21.8132923447669,48.9202389251862,39.9544173439965
19.2307692307692,-11.3581799511408,-19.8664282142649,47.908408475928,39.6738190536885
20.1923076923077,-9.94492898477238,-18.0797321665852,45.3518595878919,37.4399900097993
21.1538461538462,-7.91482737113832,-14.510862800633,44.0056720507594,37.0969687166454
22.1153846153846,-2.42347760429226,-11.5861309341133,40.6183195222605,35.5016273522045
23.0769230769231,-2.5268341806722,-8.61329310629597,37.5562561289616,33.0381532129082
24.0384615384615,0.161880981586805,-6.10838367981885,32.9230153283776,30.1367549341739
25,0.994892161252082,-5.36693322869074,28.6635872680389,26.5026059860156
25.9615384615385,4.51335724873168,-2.51581825800201,24.1553435060465,23.2679945556371
26.9230769230769,6.24934841966592,0.751307220529533,20.677645633655,21.1849859600909
27.8846153846154,7.99741193022844,3.20267230001571,17.9236588732957,19.3108376646729
28.8461538461538,10.4698376172464,7.3250797179933,15.6054667878398,17.1154833944226
29.8076923076923,12.931428291769,9.41710406147092,14.131123254538,16.5448677903954
30.7692307692308,17.8594028596855,12.4838270482979,13.7941076279454,15.3918662840112
31.7307692307692,17.7018756308452,15.9034161882117,12.8473236520629,15.143087165722
32.6923076923077,20.3852256362405,17.5219864300136,11.3223109317576,14.7476854525931
33.6538461538462,25.1104583372376,20.1481237284125,10.9381639111606,13.8631824468104
34.6153846153846,25.664170473959,22.6527704839602,10.1070566368978,11.9478835257194
35.5769230769231,26.1211886530836,25.0883694685912,7.91592055006321,9.99663384688841
36.5384615384615,28.8310908278001,26.8174543835397,4.77307852496394,5.98062638899766
37.5,32.4260651881852,28.7038394804976,2.69202838418118,3.14636387432965
38.4615384615385,32.2826916738202,28.9233994657013,0.453436655227903,1.17305278871684
39.4230769230769,35.6488193830406,31.8989253143573,-0.134593201546909,-0.696412702113591
40.3846153846154,36.2103394598593,32.0055191164139,-1.21970992987136,-0.341058289401054
41.3461538461538,35.5994596585068,34.0859759706013,-2.19935277120968,-1.94702306890669
42.3076923076923,36.4331389576069,34.5932073275881,-1.69144498610655,-2.26574084372017
43.2692307692308,35.9490748692437,36.0074083966067,-2.05723882612774,-2.7476328767574
44.2307692307692,34.8936404089909,39.2884748662422,-2.3046233695587,-2.73826263897599
45.1923076923077,35.8358125599444,37.4631032733633,-2.0930578633673,-3.00564473396096
46.1538461538462,37.8543633895401,38.0796555877351,-0.84087574443494,-2.5913907550339
47.1153846153846,36.0367141329552,39.4570904790051,-2.13700202481897,-1.18578243166315
48.0769230769231,36.3739517534682,38.061565299996,-0.70796575835929,-1.37292962075714
49.0384615384615,35.7903161665227,39.0576595386299,-0.177687851632954,-0.520877880094786
50,35.7217364338942,35.5232032029916,-0.0342244873315684,-1.65058221409136
50.9615384615385,36.3360265636389,38.1857591490648,-1.03826638763529,-0.812091406909219
51.9230769230769,34.6982752471205,35.3287702134393,-0.869289658445728,-1.15483085256359
52.8846153846154,33.0313953036705,37.6259738497612,-0.895890909397188,-1.16514996964792
53.8461538461538,32.6872174190434,36.7196823504686,-1.54519902926575,-1.23876752066883
54.8076923076923,29.0838271552318,35.1626603084256,-1.94615408689534,-1.10394176325071
55.7692307692308,30.0151390404006,32.877527442485,-2.97179621624774,-0.736132930632645
56.7307692307692,29.1944905851284,31.6427241716473,-0.801237957160865,-0.813918278202787
57.6923076923077,27.8350945253,28.9124086439688,-1.04541719551468,-0.748320271705157
58.6538461538462,25.9779535044493,28.4922096993292,-0.662662261396064,-1.16022157950597
59.6153846153846,23.1371197680342,26.858823444257,-0.459407307751375,-0.937141531822991
60.5769230769231,23.2020121064302,24.2846318325534,-1.6568796345091,-1.51685028189068
61.5384615384615,22.1358114529419,23.5458331437348,-0.587355837696421,-1.7268600692716
62.5,21.0157236387523,23.4040176920449,-1.1430211170753,0.0081242090875201
63.4615384615385,20.4101281904195,18.1613623761049,-1.11532370633829,-0.899282796661992
64.4230769230769,18.2789725839696,17.1656617060969,-0.850156857843899,-0.0033083699598494
65.3846153846154,16.0075784933691,15.610006434395,0.0391962204077948,-0.345443527408914
66.3461538461539,14.2939014052561,12.8083781236719,-0.223088454250723,0.723008057304417
67.3076923076923,12.3766903955684,12.1734297113111,0.402904825708022,-0.147626318016367
68.2692307692308,11.2327222419109,10.3361442525134,0.453170869429077,-0.967541161878616
69.2307692307692,7.29404000893083,8.75141776431408,-0.847461457413548,-0.269316488450184
70.1923076923077,6.78514342027398,6.07352552458585,-0.487153307061827,-0.0941422736777952
71.1538461538462,3.79217987914707,4.04490759473199,-0.54885475316763,-0.704975987961451
72.1153846153846,1.86797083757475,2.36480180485691,-1.246060024896,0.112160703797728
73.0769230769231,0.611291054184481,2.08087473350251,-1.08385947463965,-0.958481873681703
74.0384615384615,-1.8404913675659,-2.08875589257467,-0.518161408970623,-0.428014219832019
75,-1.74735840697128,-3.14036899130441,-0.572551900299191,-0.15085425333572
75.9615384615385,-5.12015217520407,-5.12111372311592,-0.604782214000304,-0.652417241086241
76.9230769230769,-6.15332306677806,-7.23988891483874,-0.463272819205665,-0.429910723605109
77.8846153846154,-8.48452367601054,-10.7341368615539,-0.542564394949872,-0.991656402768647
78.8461538461539,-8.05954258857404,-11.72370688056,-1.59020677093434,-0.191320901439438
79.8076923076923,-10.4148895632574,-13.2819774842306,-1.71326004320476,-0.282368308738887
80.7692307692308,-11.9796637543746,-15.7643282564111,-0.777990025894444,-0.910361415437836
81.7307692307692,-13.3997527055202,-17.7562709310404,-0.466831395529971,-0.708421176500516
82.6923076923077,-17.2194049679034,-20.8994180321848,0.113953530503584,-0.738819712611056
83.6538461538462,-19.4379594690523,-22.5403898600783,-0.587365540687597,-1.27997276040359
84.6153846153846,-19.6380263343006,-24.039692956676,-1.70036348677194,-1.48509477642484
85.5769230769231,-21.087040943629,-24.8770220140432,-1.08367733006829,-0.565315190775292
86.5384615384615,-23.405002076666,-27.4786444651355,-0.453070000786877,-0.0194236622412466
87.5,-26.4117254854995,-29.1213327066943,-0.180653610495759,-0.419481676337143
88.4615384615385,-27.4742085030225,-30.9433241882718,1.03946405392636,0.534177078261299
89.4230769230769,-33.1524371979891,-33.7482623215763,0.858872583601886,0.566926795171886
90.3846153846154,-34.0797782204465,-38.2295171025226,2.0022129807906,0.806708851069203
91.3461538461539,-35.9368865640063,-42.4990925756521,2.65070726693188,1.05694655556429
92.3076923076923,-39.4272847135099,-47.4343458342783,2.33796701589992,4.59413497791424
93.2692307692308,-41.1069464720579,-49.9864892123404,3.32241096333878,4.59131365193231
94.2307692307692,-42.5186186424626,-50.5190409303998,2.2748607292812,4.16980093429324
95.1923076923077,-44.8092676479224,-54.3069437543156,3.58609301890263,3.05646751132044
96.1538461538462,-45.5385858663914,-51.5952710543686,5.47458234221731,5.88130494285808
97.1153846153846,-44.9019839057306,-54.8629001929209,6.08894420060641,5.81258750225483
98.0769230769231,-45.9562980478161,-55.9338213718302,5.78553833854932,6.71633151304102
99.0384615384615,-46.4823096021821,-55.4190289828715,9.23278798025555,7.53383623757108
0,-52.264169589654,-57.9649886516161,3.63986170229682,7.62697979822355
0.980392156862745,-51.5349282355124,-59.9592125958861,2.46915916232535,6.86606171304481
1.96078431372549,-53.5937669466217,-57.9536232156658,2.64165723657482,7.95969395434366
2.94117647058824,-54.4464848440601,-57.2433733219535,3.35332322108567,6.96673410396277
3.92156862745098,-52.0813732232321,-54.2471045172804,5.11030073173845,8.5158548562631
4.90196078431372,-49.7387443468572,-52.9774487648303,8.15298295294009,8.9627053825517
5.88235294117647,-49.2207470329743,-52.0826827471958,11.1543820543097,10.0211068846667
6.86274509803922,-43.3982483564586,-50.8093160348777,15.4975297508337,15.197295876997
7.84313725490196,-42.8000551732849,-48.9050319122027,18.335002994437,19.7480391532211
8.8235294117647,-40.2168701270164,-45.3016174754466,21.5723841725547,24.0401682264416
9.80392156862745,-37.4289371745335,-44.0798174844865,22.6263129074361,28.0973759483537
10.7843137254902,-35.7358683619667,-43.0266546329655,24.4984269899954,30.1063739005398
11.7647058823529,-35.7473869366173,-42.0752897767267,26.5485429142878,31.527766951052
12.7450980392157,-33.1919158626327,-40.1183361364411,27.4145379168152,32.0152979819583
13.7254901960784,-31.5653647845163,-37.0267820862659,28.7632959643658,33.1125670462948
14.7058823529412,-29.2225317905349,-36.5242665379645,30.6993518756864,35.1868412702131
15.6862745098039,-27.9297792323157,-34.1967616513813,32.4234100541531,40.0116641934883
16.6666666666667,-26.5313189805216,-30.8098582217984,34.5404021571485,41.8461417160694
17.6470588235294,-23.0235338445244,-30.6062507385459,36.2493336820491,43.5422444357894
18.6274509803922,-19.7211774532085,-27.7053152770687,37.397162421014,44.6439641298881
19.6078431372549,-19.5047851495567,-22.0028081587307,38.4441285325885,43.1710866553235
20.5882352941176,-15.8048307962873,-21.5332249736209,39.6005542110125,42.4729401722228
21.5686274509804,-14.4569985829653,-21.555724745141,39.9841619322029,40.9147413399623
22.5490196078431,-10.996990234363,-18.4739831286129,40.9707592715403,37.6990918630983
23.5294117647059,-8.6698564797419,-12.018375850777,41.1109699818467,37.2406717916805
24.5098039215686,-5.77816507859865,-12.4368018001042,40.3424592292004,35.4088297155713
25.4901960784314,-2.69914577265551,-9.63930099134261,40.8196623061488,33.1182493028381
26.4705882352941,-2.19889488815702,-7.09875979109826,38.3013877102387,30.0629681389424
27.4509803921569,2.40326900623459,-4.3683269310834,35.2834532634602,26.3210996108332
28.4313725490196,2.69534540514438,-0.985100828939155,32.0598062852101,24.8186563067344
29.4117647058824,6.46339712667599,2.68685505593207,30.2841943287483,22.5801785911226
30.3921568627451,9.86632152110206,4.81877244765853,26.7355679487408,20.5046750911105
31.3725490196078,11.4364443565967,5.71887745020915,22.1493036285725,19.174902537652
32.3529411764706,15.5554465644088,9.57717459420411,18.0625611459183,16.5664192814866
33.3333333333333,17.0395907336286,12.4726098007057,14.7949675595657,14.9756599942332
34.3137254901961,20.0529625830378,15.4444492342946,10.6102768161438,12.1820836566956
35.2941176470588,22.9712528732051,16.3260149922168,6.39751424048148,8.56374017815471
36.2745098039216,24.9348084919329,20.3019466032114,3.36658211797511,5.72863306603723
37.2549019607843,26.6390099878463,24.181982662533,2.1706041147421,3.52084332284996
38.2352941176471,27.0955849578365,25.5172946701098,0.520817337607592,1.44823999538334
39.2156862745098,28.7193621985871,26.3346559207178,0.43324497997622,1.59065755368178
40.1960784313725,30.4529474118883,29.3409735863758,-0.990229411405292,2.42008742418571
41.1764705882353,32.9338834141299,33.4705799131751,-2.40420625231175,1.77552837023209
42.156862745098,35.1742755967683,32.1509903247024,-2.34967470375072,-0.0256533247185642
43.1372549019608,37.5444877657238,33.5781465921398,-2.35744630457719,-1.92147821714292
44.1176470588235,37.06133994962,36.0706351865327,-0.770407319026761,-1.22725481633948
45.0980392156863,36.6072355066194,36.3994772278015,-0.812502613235535,-1.53350620367184
46.078431372549,35.3837992146732,37.8333860258816,-1.8556196467746,-2.27626896537901
47.0588235294118,38.3402042855778,36.970933394412,-1.67018369947105,-3.98191879184091
48.0392156862745,36.9953713130518,37.6557464008609,-1.92933105287663,-2.26801485292264
49.0196078431373,37.6881574099864,35.2000222749525,-0.742679732950813,-1.51386455542194
50,35.7007687074476,39.1785950087753,-0.833265015569157,-0.618346080335255
50.9803921568627,35.120876344479,35.6365284088436,-1.11308093987548,-0.947823519201292
51.9607843137255,33.5043551762091,37.1388281666678,-0.415552147124126,-1.61954303800731
52.9411764705882,32.4849501856217,37.6991179773993,-0.890510426443544,-0.492921158289126
53.921568627451,31.5418675014869,36.5522405852968,-0.356280080945846,-1.42672298883795
54.9019607843137,29.3691654463877,35.9935400626437,-1.10199683289508,0.109653069930632
55.8823529411765,28.8726316708596,33.3034254797385,-1.20520318885467,-1.23798005978227
56.8627450980392,25.6709647554497,31.4810950712278,-1.13781709935134,-1.35108138247944
57.843137254902,23.8923799051787,30.2941315506192,-0.72894006183154,-0.745416495379334
58.8235294117647,22.1285661905353,29.6360950813804,-1.77247622335959,-0.962712767655494
59.8039215686275,21.6271302928191,25.6332476728433,-1.78355565398194,-0.55277734168426
60.7843137254902,18.8094497749667,25.5334490731415,-1.26868848684468,-0.592968985733521
61.7647058823529,17.4350709142249,25.6638176892893,-0.998245209710956,-0.932915941535672
62.7450980392157,19.2143145279677,22.6435737202108,-1.81553658083083,-1.23213330448789
63.7254901960784,15.412967601742,19.9059857342309,-0.846553640777733,-1.64150291161259
64.7058823529412,13.314345264505,20.7741509035255,-0.70709656513723,-1.40073038923073
65.6862745098039,11.4947048080997,19.5181457220193,-0.124362148262105,-1.64609283965463
66.6666666666667,10.3912913410801,16.868768557858,-0.925957088985737,-1.63849352033887
67.6470588235294,8.32569726238897,14.9957200876111,-0.493261188369158,-1.44679101922366
68.6274509803922,3.82549470890167,10.7684212432724,-0.969431249798749,-1.04216758145193
69.6078431372549,2.36646787018894,12.4246872187208,-0.781622353234863,-1.40166488849371
70.5882352941176,0.764386687327365,7.29150370614493,-0.646127696368112,-1.79775191081013
71.5686274509804,0.922328590480914,6.15244907814844,-1.32719749398218,-1.60607852662799
72.5490196078431,-2.52802399751856,4.09859014041898,-1.20746793304957,-1.74382995848561
73.5294117647059,-4.70460297824516,0.46891556280404,-2.75349487496897,-1.18095668352
74.5098039215686,-7.35017167714532,-2.27229785079093,-1.05724360191509,-0.600830974570071
75.4901960784314,-6.73964356297826,-2.50706001576074,-1.85771278880213,-0.523434235846759
76.4705882352941,-10.610443606617,-6.30344840083408,-1.73067815718568,-1.25372690377428
77.4509803921569,-11.3050247970645,-8.67624128334601,-2.76651751185132,-0.311977307974084
78.4313725490196,-16.2441081413468,-9.76920916341848,-1.8622556431789,0.853935764055941
79.4117647058823,-15.7996480387895,-14.7555766159863,-2.41310588751805,-0.787962110167217
80.3921568627451,-19.5806888066106,-17.3349614635881,-0.971820638361932,-0.765366955398261
81.3725490196078,-22.0568223090912,-18.8478215913956,-1.67772507980979,-1.52796387231046
82.3529411764706,-23.380514250604,-21.6195701455923,-0.747666880299658,-1.11147161671426
83.3333333333333,-25.295469772386,-23.0107806854727,-0.600838721432501,-1.0001449914098
84.3137254901961,-27.0524155002722,-25.1234564268838,-1.19401449551379,-0.109419404093824
85.2941176470588,-30.083574914455,-27.3730813632215,-0.645643248888392,-0.023964247962164
86.2745098039216,-35.2999364805992,-34.8343307857652,0.460845073305725,-0.121426724864627
87.2549019607843,-38.9077281405911,-36.7163685697278,0.538055791113613,1.2376046884171
88.2352941176471,-42.2816161248844,-41.4269483486606,1.74732759056972,0.70828882038468
89.2156862745098,-44.5449523365125,-45.0681450768009,2.70303907791121,2.58728972152863
90.1960784313725,-48.2557930089057,-46.4202156470065,2.55385016019973,2.46001215406027
91.1764705882353,-49.5203494280897,-47.774619937784,3.41146657322465,2.56995705221731
92.156862745098,-50.3823781769661,-49.4772551727377,2.05566350053486,4.08711706826333
93.1372549019608,-51.6031097760549,-53.0596873454068,2.93772177629761,4.17044498180677
94.1176470588235,-55.4967413877003,-54.3949409941987,2.87334636518727,4.32027953810372
95.0980392156863,-54.4570799613976,-54.600660147025,3.77938341845035,4.44300923597321
96.078431372549,-55.9926116045878,-54.3803814923947,4.33149828248649,4.52712112742095
97.0588235294118,-57.9919914808488,-56.9757992796744,4.36335481487981,4.51202054518639
98.0392156862745,-58.0452642806432,-59.6253353441575,4.9453653869537,5.62417140037893
99.0196078431373,-57.1807981340523,-57.5767081725468,5.74886807225115,6.78510021217565
0,-47.7486377404888,-54.722386863326,9.52952577332463,5.8433885828229
0.99009900990099,-47.6665877649163,-54.4058754577098,10.3857094638322,6.34692618698868
1.98019801980198,-46.6632217988716,-54.2780485156722,9.48973593361225,6.7324427350228
2.97029702970297,-44.7034692585881,-52.9588895595985,11.1579518568803,8.04241559954512
3.96039603960396,-43.4267809580403,-51.7279903401016,14.8266181099637,9.70511321592158
4.95049504950495,-43.7992104520005,-49.0184634405799,20.3677444827118,13.6899788098562
5.94059405940594,-42.4571167618349,-48.8364302874608,26.2816868335991,19.3019708699031
6.93069306930693,-39.9344828202331,-45.7059277104567,31.4046150738664,23.9149513167305
7.92079207920792,-38.3642509316698,-45.0835163068795,35.5712311725516,29.3602264893387
8.91089108910891,-36.7000274207633,-43.0410106303042,39.3236074380249,32.3878652619134
9.9009900990099,-35.3370084367026,-42.185346360236,40.538420283832,34.6229026822431
10.8910891089109,-34.086904278504,-39.7968693414907,43.0953350330655,37.0843581296667
11.8811881188119,-31.7123791077392,-38.8292192552348,45.0634197253905,38.2482270779526
12.8712871287129,-29.4308112214578,-38.0150254640444,46.4699627197451,39.0563248756242
13.8613861386139,-27.4771060428636,-32.9732595786371,47.4230855014026,39.4160064888146
14.8514851485149,-24.4256853949085,-32.7909436339577,47.9106802934385,39.6679496792409
15.8415841584158,-21.7971923249038,-29.6388280377211,47.9281488115706,39.2913160609565
16.8316831683168,-20.8710727713713,-25.9876196595115,47.4532516430793,39.7917604146461
17.8217821782178,-17.1030752986813,-27.4139003930286,47.8253366227755,39.3501517066874
18.8118811881188,-14.4029614462687,-23.6555539927872,48.0567618062033,38.7514826612114
19.8019801980198,-13.3476228531251,-20.8950856729144,47.7137216508449,37.2827883187087
20.7920792079208,-11.1822860236504,-18.4958815891964,46.4886856601601,36.3893612901011
21.7821782178218,-6.89104961390196,-13.3659124551961,45.6566368684665,34.4451129263485
22.7722772277228,-3.54558130879389,-12.745639886814,41.5762406636343,33.001222169327
23.7623762376238,-3.12304108226904,-10.2844946915133,37.8942980138257,29.8369537183665
24.7524752475248,0.698533633432573,-7.15520226005625,32.8551822865959,25.2928703980381
25.7425742574257,2.29125326659494,-4.66664847550809,27.5597611939317,19.8538204976164
26.7326732673267,4.27462168279262,-2.36461457710359,23.3620280116522,16.884019689713
27.7227722772277,7.59611605192822,-0.0508388240208884,19.1131016218672,16.3997641339142
28.7128712871287,7.82618606931144,4.0364231843436,16.4455565711783,14.9322038519302
29.7029702970297,11.6455907027477,6.08773079561179,14.2329399236475,14.7392591767504
30.6930693069307,12.7424235402945,9.14300582125028,12.9433162429968,12.5525862760721
31.6831683168317,15.5671795125834,10.9790923589809,12.9258861644191,12.1608155645609
32.6732673267327,19.5469927999868,13.9917704883136,11.7472594392958,10.7439606342455
33.6633663366337,21.2180365794382,16.6038015988285,10.5456775067859,9.93876457300635
34.6534653465347,23.8764802925627,20.0206336604986,8.23847972113344,9.6323580109888
35.6435643564356,24.8270756100954,22.1938714507281,7.07952781107994,7.57556593522759
36.6336633663366,28.5421671942147,21.7423880589019,5.23352106536248,6.41090145961364
37.6237623762376,29.7407613968675,24.4773520785765,4.24900004915215,4.44828601161406
38.6138613861386,33.3279412497971,27.1608355530516,2.82941256991079,2.5969477313881
39.6039603960396,32.7135080863462,27.9263032856078,1.36650891895622,0.325739090528113
40.5940594059406,36.0244573863555,29.5048664842615,-0.93764724554592,0.22711562561648
41.5841584158416,35.4326183953298,28.3523181572465,-3.57980156711941,0.0245949444043001
42.5742574257426,37.1889991368143,30.4817754713466,-2.63607735868489,-2.22746686796119
43.5643564356436,37.3279122185885,34.4549171810304,-2.86120361977381,-2.9548021538148
44.5544554455446,39.1436407164615,34.4938761460988,-2.77393326708072,-3.01399339920196
45.5445544554455,38.1143812842662,34.4449552266361,-2.40374530455278,-2.54738579067642
46.5346534653465,37.8085200079767,36.2914239641046,-1.62042041622539,-2.37103753628091
47.5247524752475,37.7737056144512,38.3189000601087,-1.48235938859455,-3.83666903646373
48.5148514851485,37.6432317722776,36.5776071497302,-1.69454945526307,-1.92717481797513
49.5049504950495,38.622185273062,37.7941503040431,-1.43924835692977,-0.882747982838965
50.4950495049505,36.5239102664847,37.6148980698369,-1.50503820195238,-0.12014783702126
51.4851485148515,39.5074159728143,36.9849134024624,-1.33868799436533,-1.55047682522404
52.4752475247525,35.6992853347617,38.4038969202345,-1.91380522724403,-1.0087489749256
53.4653465346535,34.9886888865249,37.0495915837524,-1.39204032028093,-1.2865793104505
54.4554455445545,33.3192912876906,35.616276481793,-1.49565158233607,-1.19128430241801
55.4455445544554,31.3085247757877,33.9930298523498,-1.32472177105494,-1.0867979789818
56.4356435643564,30.7848480005504,35.8517583927964,-1.05143300007936,-1.12112222278738
57.4257425742574,28.2814612354169,32.5389686177536,-1.39325475615113,-1.42558426217177
58.4158415841584,28.9969725184864,31.8495146730353,-1.40675268831678,-2.00537475001781
59.4059405940594,23.7741858204121,28.4842822382562,-0.711732344705742,-1.84977899466597
60.3960396039604,23.2836246290997,26.8113932185343,-0.489431644487814,-2.45140827876408
61.3861386138614,21.1880149402041,23.6545480446765,-0.479864135631853,-2.16894068353892
62.3762376237624,19.4958644458207,22.9339866391119,-0.235529010890429,-0.957060043467633
63.3663366336634,17.4913039307978,20.8051519920522,-1.19824489771136,-1.01776799976497
64.3564356435644,14.9207830345355,18.8287249816711,-1.65521465480929,-1.78861351581704
65.3465346534653,14.1719205602161,15.2229562126757,-0.274302100807858,-0.867045920618971
66.3366336633663,11.5631426098021,15.5804856548279,0.149438447990989,-0.790597184744935
67.3267326732673,10.9576107800037,11.0409555541933,-1.19036157906333,-1.4245068984804
68.3168316831683,7.6338018508849,9.90068585380443,-0.0396390167756029,-0.805508776771942
69.3069306930693,7.21219915296657,9.23306004079162,-0.902552981489754,-0.0848991177406236
70.2970297029703,2.44940265601689,5.75603324482171,-0.74253676843907,-0.712325650314071
71.2871287128713,0.546256747575357,1.96477295679199,-1.37897921551387,-0.071933283862008
72.2772277227723,-0.0161637518044426,2.6995184419888,-1.69315905714807,-1.35504666114915
73.2673267326733,-0.204582194063595,-0.898100240095151,-0.833378506733279,-0.414121862244166
74.2574257425743,-1.30483410966998,-2.85109788356861,-0.726410950276914,-0.671662613858607
75.2475247524752,-3.9782104622665,-5.56067446543262,-1.15118609029496,-0.609302200756593
76.2376237623762,-6.97749130628388,-7.84355895081626,-0.869132548796977,-0.386616674935635
77.2277227722772,-7.51667746619271,-9.59778369078709,-0.273931567706685,-0.452255469092934
78.2178217821782,-10.0457028293771,-10.029287371582,-1.06365799851301,-0.378513616039805
79.2079207920792,-11.5548408455153,-15.421959219589,-0.721933626724244,-0.194843500371476
80.1980198019802,-12.8791860843705,-17.4432639438762,-1.95032639096932,-0.601420656190036
81.1881188118812,-15.0014035219968,-18.067650125824,-0.516264950227338,-0.859084008571125
82.1782178217822,-16.0594723435266,-19.4607113568917,-1.56372387037905,-0.968923565091688
83.1683168316832,-17.9981005859904,-21.1379468356174,-0.388427475522786,-1.79452879506851
84.1584158415842,-19.9953107416836,-24.284139465029,-1.06436927091068,-1.75622269897424
85.1485148514851,-22.702955868141,-23.8363990977429,-0.74784408528002,-1.66369517066567
86.1386138613861,-26.8565179419545,-26.3885878732458,-0.407721308022759,-1.07118667938877
87.1287128712871,-27.6912820795748,-27.0335175596411,0.153513034429624,0.00270472841371555
88.1188118811881,-31.2247770587461,-30.5653032857578,0.192163501645662,0.306882837717377
89.1089108910891,-32.4753160493054,-35.8763551251067,1.0072239238558,0.734970482708307
90.0990099009901,-36.0095417300596,-40.3656774007555,2.27443212625422,0.0885245999467823
91.0891089108911,-39.4884438601801,-46.5240580934017,2.38035572389103,4.50188685533107
92.0792079207921,-43.1335405982541,-48.3550113057128,2.06954359921167,2.73367110779446
93.0693069306931,-42.5640057134365,-49.1310202661239,2.7516104311545,3.34282734929822
94.0594059405941,-45.4770791197382,-49.2125023684327,3.53808757396494,1.98248785795072
95.049504950495,-43.3146048438632,-52.8574943369354,3.50050916274659,2.09972167449773
96.039603960396,-45.177212698766,-53.6540877209897,5.76578790688146,5.19808946124985
97.029702970297,-47.8589424901054,-55.6858141679505,7.55521361515552,5.00896675409082
98.019801980198,-46.123161200251,-54.2464024615686,7.24176013323867,5.76224977968086
99.009900990099,-46.8298891938274,-55.3628896096859,8.04388106517207,5.56109965316654
0,-47.328973897106,-51.8952405701105,6.22774820525702,6.46219480820287
0.99009900990099,-47.2763338409171,-50.1341688237816,5.72035752642333,6.12086661070161
1.98019801980198,-46.7582350507595,-51.4451697655582,5.07704772627322,5.24273163275528
2.97029702970297,-48.3991526490112,-50.7211213007086,5.49438861455977,5.98704630202038
3.96039603960396,-45.2327293757289,-49.9858592271782,4.97133666447743,6.39351017909355
4.95049504950495,-44.9860004771085,-47.9975254744612,8.27584340358709,8.67061611751406
5.94059405940594,-44.1043131555296,-44.4222290439938,8.78660257314233,9.97858885989797
6.93069306930693,-39.9218384065833,-44.151821009124,10.1675131950601,13.1474360960437
7.92079207920792,-39.6449440008474,-41.9906733599271,13.0241095393606,15.2980014447166
8.91089108910891,-36.7593472690562,-42.1260802073436,15.3393707269206,16.5891070536908
9.9009900990099,-34.446209403942,-40.4185155656589,17.5992093540553,18.0764165890141
10.8910891089109,-36.2372612837426,-36.8426626254457,18.4639953795294,20.0128786641178
11.8811881188119,-32.1010858374158,-38.3242396304367,20.0054928876304,23.1619086514696
12.8712871287129,-30.1237352403319,-35.0202466380013,23.4502687670766,25.1565766241966
13.8613861386139,-27.6424012206859,-34.0029457656291,26.2176734315466,28.934795880572
14.8514851485149,-25.9777888603395,-32.3874397732857,26.9642296852635,30.1293271829107
15.8415841584158,-23.631198911507,-31.0911933737335,29.0365892427078,32.2177659653687
16.8316831683168,-24.385122586588,-26.2841690669942,29.5334920840344,34.6883912664981
17.8217821782178,-20.8595278948944,-26.5350199460508,31.5792081657069,35.4772907646423
18.8118811881188,-16.9515704214746,-22.9198939125526,30.9512919072165,36.4830646496485
19.8019801980198,-15.6507742707288,-22.6848423663193,31.0962630808571,37.2712733669997
20.7920792079208,-14.9955290003608,-19.7178259688128,31.2332784343776,38.1096045690787
21.7821782178218,-11.946623619221,-16.0526041697391,30.9427343171464,38.7323441555307
22.7722772277228,-10.0514035808985,-16.7691564432188,30.9102896923834,38.5421770728685
23.7623762376238,-7.61662876915229,-13.1262248293672,30.3639295538423,37.6900207194146
24.7524752475248,-6.12961580148611,-11.4523799678344,30.4595636396784,37.7594378610066
25.7425742574257,-4.32483627979718,-8.76204145981226,30.2172974052002,36.0273410452268
26.7326732673267,-1.39689472905315,-8.50186101136903,29.6306290938086,35.0633511740751
27.7227722772277,1.83510888826276,-4.25076375847362,30.2737274910454,33.6018580589345
28.7128712871287,2.7806895257324,-1.82393491896589,28.4148401587124,31.0871048887864
29.7029702970297,4.77396781952642,1.23928236205669,29.0152596806747,29.0169456173809
30.6930693069307,7.64599270185982,4.95337263016499,27.1636455594416,28.3284547395064
31.6831683168317,9.89649471341719,6.8760251398429,27.514101401801,26.3208197578189
32.6732673267327,12.2089084326277,8.610545575636,26.0609582807616,24.2337955351482
33.6633663366337,14.2364746178444,9.52010364885554,24.4123358890906,22.1269664520738
34.6534653465347,17.2595676159287,13.3225461386225,24.1318410664785,19.6441148075573
35.6435643564356,19.8138273826955,15.2350682657429,22.495876913742,18.515180979887
36.6336633663366,21.8764224249806,18.2187153988288,20.3232326616971,16.8945222912609
37.6237623762376,24.6976011198115,20.7586596507031,18.4512509969173,15.4018866769763
38.6138613861386,28.183507789385,22.4271327696996,15.3157125271988,12.7561427307977
39.6039603960396,31.5164581463296,25.6614239571116,13.2418336363992,11.9111854592313
40.5940594059406,32.8411113826105,27.1074583982983,11.2304066511413,11.2269193943982
41.5841584158416,36.8035965595161,29.8683002597871,8.61637953851222,8.73041988736648
42.5742574257426,35.3135591644052,32.8503384064023,6.18891989226207,8.1911447018647
43.5643564356436,36.607518157797,33.4845751797872,3.53538534626772,5.56295396454494
44.5544554455446,38.5343330615344,35.8273644185393,2.18626295233854,4.29974705548734
45.5445544554455,41.0332117825671,35.6850280368936,1.34040145509874,3.05337019228171
46.5346534653465,41.6184835744463,38.622701864935,0.915553999741895,1.9407858639661
47.5247524752475,44.2473720090227,39.2397652238345,-2.01985679196522,1.00329377532513
48.5148514851485,45.445082076748,40.4075141177344,-2.05989476249851,0.216137222779887
49.5049504950495,44.3995034093017,43.1241589230604,-4.97242928783819,-2.25453716024605
50.4950495049505,44.5856062512801,41.7585578576301,-3.86193720977549,-3.41268690655866
51.4851485148515,46.3166855989539,41.4124300391538,-3.75344860111684,-3.58183164767606
52.4752475247525,41.8791948307871,41.5083561459609,-3.89697560112233,-3.9669064707236
53.4653465346535,43.1482070844528,41.5327594926338,-4.24263537436612,-5.16135036478394
54.4554455445545,38.768765898936,39.5332572281792,-5.6111811810131,-6.16026724947811
55.4455445544554,37.3964963535314,36.8911304411429,-5.04017774529225,-5.55008135472111
56.4356435643564,35.0168935919149,36.5880735739565,-5.65802768393992,-3.72222286213226
57.4257425742574,33.900086124976,37.0463561161746,-3.51981571799788,-1.5932554272938
58.4158415841584,31.8216991781148,36.8232090217295,-2.44960131663806,-2.16881796055982
59.4059405940594,29.5766625639792,32.756612629093,-2.06465563844026,-2.2592925870099
60.3960396039604,26.8245040235956,29.7071546161602,-2.65220752403982,-1.98607257019157
61.3861386138614,25.5493513287602,28.8343651209464,-2.47700963629734,-2.09034023303132
62.3762376237624,23.2439798747384,27.659144640848,-2.89168927368191,-2.07038504329081
63.3663366336634,20.9839312202832,25.2034264937501,-2.77148782418893,-3.47673015973668
64.3564356435644,19.7074404908142,20.587663043383,-2.16826992095129,-2.57233519031375
65.3465346534653,14.7130783771739,20.3917926174405,-1.29193393105129,-2.24634588941528
66.3366336633663,12.1255540897765,17.2415487854893,-2.04036210131513,-2.45786331582797
67.3267326732673,10.0259933504161,16.0635855061298,-1.15079545660949,-2.67917101579634
68.3168316831683,9.35288055376058,11.1329266205703,-1.47913163409484,-0.598040329724751
69.3069306930693,6.54678642130796,7.43242476835877,-0.49585316363558,0.0150238763600699
70.2970297029703,3.44028677134828,4.31884071212623,-0.518319781104857,-0.828215309320814
71.2871287128713,-1.3678200256306,3.81284884122186,-0.169206241690025,-0.286679599906404
72.2772277227723,-2.82774982360509,-1.83232581335027,0.0294459021808594,-1.28618463065508
73.2673267326733,-5.74567795445731,-0.948128356843637,-0.451064101802867,0.385263353317827
74.2574257425743,-7.30838245315458,-6.3744055926651,-0.35529443969778,-0.120127951337356
75.2475247524752,-9.14135685082934,-8.50247826992523,-0.809901958686992,-0.688768683896486
76.2376237623762,-11.9799058773539,-10.2681932738332,-0.159159348389756,-0.406391976722634
77.2277227722772,-14.8649200965555,-14.3238836586799,0.017119957745475,-0.175140605928367
78.2178217821782,-17.8885547950473,-16.1956426845807,-0.502341412501342,-0.169403229336539
79.2079207920792,-16.8540568080186,-19.3237069854088,-0.99392042904202,0.318750404774192
80.1980198019802,-20.2927407579617,-21.9038371265049,-0.239559154374255,-0.819459752447315
81.1881188118812,-23.4764894918319,-24.1769682855584,-1.10028781411751,-0.477603955747384
82.1782178217822,-22.7507003510315,-25.9273352656632,-0.352342325963409,-0.363985626404473
83.1683168316832,-25.1413745825862,-28.8837396657382,-0.604834897729065,-0.338138327721166
84.1584158415842,-26.2782016789201,-30.0866830201145,-0.257197585084716,-0.35976388758251
85.1485148514851,-30.6801762669552,-34.1151482363091,0.0703617487384746,1.08576927691071
86.1386138613861,-30.8247958519761,-36.4063584498781,0.73946556667272,1.59857800137524
87.1287128712871,-32.7963321253466,-35.7211521725878,0.713648967753748,0.967361414644145
88.1188118811881,-35.951964921252,-40.9760744371149,0.781547498669699,2.30227026064974
89.1089108910891,-37.2669628259418,-41.285097001822,0.940196484109002,1.69628454759551
90.0990099009901,-38.6759351567112,-44.1919145838121,1.20515893314159,1.19674090364691
91.0891089108911,-40.5076355465882,-45.2127916310249,2.43821558320223,3.33077355602296
92.0792079207921,-42.4508682006367,-46.7616581829973,3.11738428026538,3.93127682045341
93.0693069306931,-44.4599014569107,-50.4224837758549,3.26322320430928,2.53433352405396
94.0594059405941,-45.4080878512619,-52.8637103414705,4.17145232410059,5.94375883649682
95.049504950495,-47.6821510568067,-51.4133106618598,4.12104419361628,6.28462436026137
96.039603960396,-49.016949596761,-52.6333249316467,5.19994477060563,5.84159094915019
97.029702970297,-49.1587630094143,-51.7023653723243,5.67935746439459,6.4624658174042
98.019801980198,-49.5089521848958,-53.6879002243,6.8153329361879,6.92240043584042
99.009900990099,-51.315624850663,-53.0190740126771,5.56711887158202,5.67700152948961
0,-57.1118905115718,-58.5013179303776,7.48331648600545,8.28767284405309
0.980392156862745,-55.4962636774778,-59.0463269675837,8.8223118573945,8.57290094604905
1.96078431372549,-56.6837112780255,-58.8028077972305,8.60690393768668,7.54885059689588
2.94117647058824,-57.4404799276726,-57.5660708893605,8.67392133140542,8.28138504912831
3.92156862745098,-55.1039211225628,-55.8280666911207,9.61742645071838,10.4068261576487
4.90196078431372,-54.6391045306062,-54.1302623750624,10.8213452242347,13.3121354665627
5.88235294117647,-50.1973207450725,-52.5210860733784,13.4342016496352,15.9006555996836
6.86274509803922,-48.2998469130754,-52.712606884903,17.0163675777368,20.3938952038288
7.84313725490196,-47.4183615208124,-50.2761936823786,21.3335895790911,22.0420022887156
8.8235294117647,-47.7149591468437,-48.8463418085542,23.3896874032035,24.5597296351961
9.80392156862745,-44.3388997295957,-47.7752774509062,24.5579946146864,24.3143897788332
10.7843137254902,-43.1651626332682,-46.1800563453713,24.9115163829644,25.3755287264797
11.7647058823529,-41.5485483943446,-43.9623905934541,25.1397319051729,26.1847674431199
12.7450980392157,-41.0495133941335,-41.8877189755845,27.8313829362581,27.0913535904828
13.7254901960784,-38.6439936234872,-40.4336530006729,30.2016386765969,29.2290753949279
14.7058823529412,-35.9137058039392,-39.5712264368679,33.5111078771772,31.9186451682027
15.6862745098039,-34.1063715453319,-38.8848110967578,34.7752215586552,32.6157781663117
16.6666666666667,-32.110118499234,-36.1651788519764,36.0626985876477,34.0428758069277
17.6470588235294,-30.5027646135956,-33.5712169640934,37.6283061076047,34.6121119172709
18.6274509803922,-28.1351084662305,-31.4026652437739,39.2608468600279,36.5982192259795
19.6078431372549,-26.6673627555053,-29.7976135968005,39.9996117350354,38.3992545799668
20.5882352941176,-24.0372400292111,-27.1531077583708,41.8773867271386,39.3156389424464
21.5686274509804,-22.9472286390317,-25.8549906936493,40.6807903713543,40.4958480449319
22.5490196078431,-20.2488133898328,-24.2945567463886,41.645536437791,41.4807217951083
23.5294117647059,-19.6955246861035,-21.6321304511874,40.8783844307548,41.0078228401138
24.5098039215686,-17.0442891520004,-19.995183663425,39.5806317602274,40.7986736862939
25.4901960784314,-13.2862071117965,-17.7325619894219,39.4474129328113,41.224521434325
26.4705882352941,-12.3804994050968,-13.811531276529,38.3905736304536,40.8672320472067
27.4509803921569,-9.59596773257189,-13.3057857323851,37.4364179802317,40.3742123527733
28.4313725490196,-4.82791147676614,-9.62848775370671,35.6841845495032,38.9361829811269
29.4117647058824,-3.75616613687344,-8.29404193235236,34.5345058562928,38.8070259716578
30.3921568627451,-0.836396491702478,-4.34258268796872,32.5863507654109,36.5489251142243
31.3725490196078,-0.209315788287735,-2.8709861899753,29.7799227681149,34.4788438702992
32.3529411764706,1.81189640314419,-0.798538529176438,28.2116147767817,32.0707676668451
33.3333333333333,5.74363818203557,0.459012970880768,24.8858079778385,30.8069869937542
34.3137254901961,9.37581118195975,2.87401228942887,24.9898935232217,28.035363589222
35.2941176470588,9.69307886999591,9.15823503961315,22.4235788675695,26.0830200185099
36.2745098039216,13.7179088815097,8.22748110507948,20.7978223024468,24.2443762470532
37.2549019607843,16.0165570778594,11.179066533481,18.7112822163981,21.8942958962572
38.2352941176471,16.6007523693628,15.8693239922081,16.9590129971267,20.1169303279174
39.2156862745098,21.6079862622459,17.2183817689552,14.537174718928,16.9595564175905
40.1960784313725,21.1230796663584,20.919226991853,13.1889546348348,15.4146306110879
41.1764705882353,23.3938813867942,22.5799323234212,9.98190981615909,12.6513945602683
42.156862745098,25.8870008475833,25.8619554073946,7.41267527748634,10.0109804279797
43.1372549019608,28.5917815941202,27.7744081714815,5.2108979785719,7.44982807554843
44.1176470588235,28.4900093800069,27.8645690069382,3.46969376601968,5.52298351468772
45.0980392156863,30.4755432311099,29.0947974598958,1.24089696507593,2.86247008307018
46.078431372549,31.1538492384685,32.9148944571997,0.854880281819174,2.30301452841493
47.0588235294118,33.0255646641037,34.618353980572,-1.59084898480946,1.07327693024466
48.0392156862745,33.6067760727148,34.0188737737529,-1.3473480438972,-1.10207027754577
49.0196078431373,36.4313243060367,34.8782359558633,-2.86867963472949,-3.54948338854847
50,37.1734604058397,37.8399463239416,-3.81486518636999,-2.52559793681085
50.9803921568627,37.5482757511965,38.5254447030525,-3.40216693601753,-0.554008015736873
51.9607843137255,37.4690974797097,39.0673719877137,-2.21905657262776,-0.487933904613945
52.9411764705882,38.1654931879958,39.8312905298258,-1.4991874400296,-4.14369657132761
53.921568627451,37.8172481581722,40.3828889838397,-1.69944928122225,-3.80821563026075
54.9019607843137,38.3707495042703,39.2770279195494,-2.01915082983209,-1.94494932499352
55.8823529411765,35.9622253695165,42.0497370990364,-1.93427145919482,-0.636875180231474
56.8627450980392,35.4575862449062,37.42850946409,-1.46083778527036,-1.56320144177106
57.843137254902,34.0614834788828,35.2479793461805,-2.49805504977016,-2.59118367971243
58.8235294117647,31.3675021831017,33.1979550272821,-1.97504348824312,-2.36904539080981
59.8039215686275,28.5369199374437,31.6470971517632,-1.13219303073609,-3.2204665139043
60.7843137254902,28.1491879057532,30.4378703326035,-1.1559322154981,-1.81816865049038
61.7647058823529,27.0391643677639,28.2429469407048,-1.08387459448082,-1.79315415140483
62.7450980392157,24.0749659026556,25.7509315607883,-0.721989773203977,-1.02203935532926
63.7254901960784,22.8255384367606,23.3442814069671,-2.52329318634681,-1.95823540483959
64.7058823529412,18.6444928470724,20.873984875405,-1.56558474479362,-2.55895277586616
65.6862745098039,16.2945230215804,20.4126212690833,-1.9886277434334,-1.3080926767244
66.6666666666667,14.7188031840885,19.0739118075972,-0.881654968012589,-1.04620969004194
67.6470588235294,12.7705094772992,15.2264084584879,-0.903166551597526,-1.36535814732514
68.6274509803922,9.51341412974954,12.0837683651358,-1.85320213402269,-1.2618260635043
69.6078431372549,6.01579474763973,11.1875287962847,-2.08495274268544,-1.76302301947453
70.5882352941176,2.56278581116377,7.46928935761842,-1.81392585276997,-2.62395508849656
71.5686274509804,-0.268293563273686,3.53696852521464,-0.695970988018569,-1.54220161360716
72.5490196078431,0.812779470772765,5.28254377731994,-1.39622907415155,-2.34178481052191
73.5294117647059,-3.61064046097278,-1.92718095083711,-1.26005366564369,-1.61686143674075
74.5098039215686,-6.79382074449085,-3.75364356697408,-1.67163994591689,-2.68912200965248
75.4901960784314,-6.44917350891446,-4.95356403961799,-0.821403761315811,-1.36752304490768
76.4705882352941,-10.0904688138817,-8.95471889284051,-0.881819223963117,-1.09417558546009
77.4509803921569,-12.4999190020266,-11.6625892740403,-1.58600617675213,-1.39829838559571
78.4313725490196,-14.6152592161721,-12.1674315302351,-1.86284200787705,-1.57708116187109
79.4117647058823,-16.8043205565147,-14.2665256673439,-1.87542978466112,-1.87071036586484
80.3921568627451,-19.6832348431414,-17.4099047464566,-1.10094612757489,-1.18906832902022
81.3725490196078,-23.1096767454404,-21.1269645569253,-0.927512598901224,-1.59143278689162
82.3529411764706,-25.9074767207441,-22.3752791441931,-0.21762133048687,-1.29054176857011
83.3333333333333,-28.3764762424729,-27.2976335645532,-0.0477482984427321,-0.874461755200821
84.3137254901961,-31.1893969068604,-26.9678331522553,-0.959240587876589,-0.0745121971473303
85.2941176470588,-31.0708454969601,-30.8435627843874,0.277801066589485,1.49654935439813
86.2745098039216,-35.051947191158,-34.1364532972368,0.865405230488679,0.973785067877161
87.2549019607843,-39.4287721741706,-37.1064382014265,1.66892128295221,3.23394152576187
88.2352941176471,-41.4250447015316,-38.9384566744656,1.42438420350107,2.84257611575588
89.2156862745098,-42.6468750512969,-43.6617639680966,2.80112804994618,3.7511135539898
90.1960784313725,-46.6047751175101,-45.2580415488283,4.27280076989101,4.32983131195258
91.1764705882353,-47.5491555829973,-49.6835366314514,5.18532539835642,3.92557394941314
92.156862745098,-49.6831691085892,-50.1385158978796,3.89040058011094,4.72817157616993
93.1372549019608,-52.0478310934849,-54.6315646483137,4.03922552167153,4.51633267662256
94.1176470588235,-53.0695981085486,-53.1565828184409,5.23432817322039,5.69019286195013
95.0980392156863,-54.3529648404395,-54.0742362000175,4.46242069049329,5.65137268520869
96.078431372549,-56.3770561683189,-55.5304712883585,4.50333975580883,5.0800007645757
97.0588235294118,-57.2090052941372,-56.6771348830993,5.03989441567284,5.79791110924142
98.0392156862745,-55.5142849541645,-56.9454672510949,5.8072047946653,6.3288185894703
99.0196078431373,-56.3180647565322,-58.4167673812154,7.39839301956863,7.50364568335317
0,-51.5328153865611,-55.741952093429,9.10798153236957,7.09682774697873
0.970873786407767,-50.1634523230084,-53.5111892501373,8.77419574576753,8.09128061666116
1.94174757281553,-50.5747599190117,-55.0057799184256,7.74054308347519,8.17685244738579
2.9126213592233,-49.085769375192,-52.9668141482159,8.38232819530379,8.19848814446289
3.88349514563107,-48.9352827897973,-50.1902033341709,12.4696598829728,11.0429107498323
4.85436893203883,-46.6792509695703,-47.8403590758465,16.8662279329262,14.821936694956
5.8252427184466,-46.1530303371532,-48.6798381566479,20.3850651193645,17.036877942478
6.79611650485437,-44.7122566713802,-46.2575094049671,23.6348690883947,18.9083910432676
7.76699029126214,-42.8563667755391,-45.4104953893939,23.6301660506428,20.3290570935846
8.7378640776699,-42.3164558832786,-44.7537073891218,26.9153971096637,23.0278100872987
9.70873786407767,-39.6836479595678,-40.6834234854172,28.9747194092271,25.4300996528445
10.6796116504854,-39.254283262604,-39.5537502914671,30.7183630524141,27.8305173165033
11.6504854368932,-36.0017008800113,-38.3763432904785,32.8950128189295,28.1033847857259
12.621359223301,-35.3842440950525,-38.8401011116995,33.7785164608674,28.3121535813393
13.5922330097087,-36.1296228517199,-36.7038980105933,35.5019727249696,29.0418914645886
14.5631067961165,-32.872291323498,-33.120589998767,36.4807551106842,30.0007263454665
15.5339805825243,-27.7612721953744,-32.4025798172496,37.3452447693412,30.7271753109504
16.504854368932,-28.0450391885145,-28.6187642149056,37.8633185393515,31.7045400893242
17.4757281553398,-27.7668169925713,-28.0035030650858,37.9246957210712,32.9400337735381
18.4466019417476,-24.8387469672709,-26.1896296276236,37.1559637792284,34.1750752683972
19.4174757281553,-22.4450911520972,-23.8584399888705,37.4330251285362,34.7983927907373
20.3883495145631,-20.3661562625538,-22.1407972483843,37.7382157521733,35.3771802147354
21.3592233009709,-19.0820120588369,-20.7822566499794,37.9647655516833,35.9379061802136
22.3300970873786,-17.6947655175023,-18.5904343875433,38.6122295252197,36.4385928268641
23.3009708737864,-13.8942024363295,-16.7188307584161,38.5363278554093,35.1102568941895
24.2718446601942,-12.9583291362435,-14.6349917675983,37.3540402880461,34.2843099827556
25.2427184466019,-9.80345941204108,-11.8761367545113,35.922237843125,32.0214261506308
26.2135922330097,-9.54242757520237,-8.25945536281437,34.7548261701295,30.4583711038839
27.1844660194175,-4.26999818670194,-4.83868010552864,32.0567340504931,27.5427217884401
28.1553398058252,-4.80211518535411,-3.22278505419599,28.4567405730675,25.055850162563
29.126213592233,-1.79810477660051,-2.90692489036551,24.4639637938235,22.3903449714717
30.0970873786408,-0.958267652478191,0.196601578789894,22.4980217683487,21.2661802679963
31.0679611650485,3.00464126229013,6.73011651658944,20.2894503547953,19.9370299373909
32.0388349514563,6.35006841863234,8.11345594432445,19.2908658829119,19.312707257817
33.0097087378641,10.0191383458668,10.3822580583004,18.9152365901886,18.3769651558464
33.9805825242718,10.9410159778343,12.9982049864725,16.918859197853,17.2996395936657
34.9514563106796,12.6531476783145,14.609787223428,16.0508354233943,14.0383674617407
35.9223300970874,14.8573411456935,16.4908890589702,15.2732582889968,12.4165065771682
36.8932038834951,15.6139100760192,19.2069390850131,13.4551392022184,11.3124973600043
37.8640776699029,20.1829736047947,21.0688037164544,12.7025330863805,10.9750823159092
38.8349514563107,23.0814543781588,24.0398899656607,11.9595919379761,9.71720378773495
39.8058252427184,25.7844938783858,25.8353380517558,11.1710287995434,8.51106957669956
40.7766990291262,26.7033226291254,27.5663436982,9.56318032046312,7.00326659395863
41.747572815534,29.2444200456015,29.3613678005766,7.8508991438504,4.67744020474465
42.7184466019417,28.4919289498481,31.8586403196073,6.52027840242431,4.39896796403731
43.6893203883495,31.4472247951337,33.2124253378668,5.11212728337878,3.42264964179185
44.6601941747573,34.0597390736058,34.7019378710259,4.02842710250193,2.46974674592117
45.6310679611651,34.0475477201391,36.7316424519899,2.96848409518298,1.4703294947862
46.6019417475728,36.6290503275534,35.1508201526702,2.00071929872309,1.00157585564852
47.5728155339806,39.5152826960333,37.0946046505982,1.72842023338978,0.973065526136662
48.5436893203884,38.8456171269027,36.1389902025548,-0.138122781839876,0.275785326997825
49.5145631067961,40.8517797156592,39.9418876013997,-1.21667127949746,-0.720371296707186
50.4854368932039,43.4899245738228,43.3899637790081,-0.725940244571552,-1.2605307732531
51.4563106796117,42.9431801456791,42.2213974814748,-1.37187333672864,-1.56390809035823
52.4271844660194,45.3057282488718,46.3468965220933,-0.879018141954453,-2.1228036880215
53.3980582524272,45.6869118815549,46.0477201655649,-1.40656821914501,-1.96231610537577
54.368932038835,46.1771267794367,45.1487468947359,-1.04095039008757,-1.58971423531349
55.3398058252427,45.3939608356698,45.8022681417628,-1.79814389188445,-1.35761494478894
56.3106796116505,43.1949753671852,45.7867156377268,-0.989986094756542,-1.99329386609269
57.2815533980583,43.6864748856202,43.2370818316008,-1.83958497694873,-1.34459595096136
58.252427184466,40.9580398566069,43.5468216951568,-0.529389591310539,-2.12172540592189
59.2233009708738,39.0030599331642,44.4070604765603,-1.57568651304138,-2.99183198478975
60.1941747572816,38.5103830857461,41.55228948429,-2.60035877622183,-1.66237839746758
61.1650485436893,37.2226882858697,39.0280469518717,-2.80719649095323,-2.31931082377859
62.1359223300971,36.2210843200623,38.5172603038584,-1.74869639857394,-2.26727786419861
63.1067961165049,33.8113893185361,35.9047198523212,-2.82648537707935,-2.2465593768961
64.0776699029126,32.0191999248879,34.8186837088549,-1.8688395271163,-1.93560874169695
65.0485436893204,31.0695129985905,33.4930455198187,-2.80671846193444,-1.87038326415859
66.0194174757282,27.1780614355529,30.7013003125396,-5.67142717767458,-3.48690472251112
66.9902912621359,25.0049474931905,27.2947965381913,-1.30731067471388,-2.53485970734047
67.9611650485437,24.8125901023847,25.4953507635847,-0.952927675872952,-2.14313206034859
68.9320388349515,22.3874960409162,22.9068418157087,-1.90087868073034,-1.37948537249876
69.9029126213592,18.4910119153505,19.4992354793925,-1.96304454848425,-2.03451921007344
70.873786407767,15.2353067378527,15.4965435645154,-2.64508529537023,-2.18261325435148
71.8446601941748,11.020495876268,13.1084569810503,-1.68149823888538,-1.69451514434662
72.8155339805825,9.43207389717453,11.6609026069497,-1.13342391459192,-1.52882682815212
73.7864077669903,8.1824176391809,6.26056398547328,-1.30614191588937,-1.83709022261882
74.7572815533981,3.36721695373866,5.61902330864518,-1.33274826525892,-1.09918976576329
75.7281553398058,1.51487637157812,2.47879054733783,-1.11026297846115,-0.827534015656312
76.6990291262136,-0.171587116054804,0.513626376751532,-1.19563209605072,-0.830358381618299
77.6699029126214,-2.80001274120297,-2.51968198595064,-1.2668021894794,-1.08444090754078
78.6407766990291,-6.74784442777035,-7.91477644296594,-0.878696999283413,-0.658216740018051
79.6116504854369,-8.24264742087944,-6.75354142570329,0.117397597839407,-0.565452203155394
80.5825242718447,-9.60472534460951,-13.8738554129931,-0.214531911785686,0.0039829829848137
81.5533980582524,-12.9600474518947,-14.9676887870866,-0.206114076338307,-0.690479648734573
82.5242718446602,-17.0616043076382,-17.8163768172108,-0.313368324815865,-0.772854222219681
83.495145631068,-17.2464899854471,-20.5392608362662,-0.576602466832995,-0.215375786370812
84.4660194174757,-19.70004301774,-24.2391488385167,-0.371426509555038,-0.618311216706922
85.4368932038835,-23.3109688437752,-25.9681654814164,-0.270459796946497,-0.886599232695334
86.4077669902913,-28.6454476191415,-28.5282726591932,0.685040797115823,-0.720249275313689
87.378640776699,-28.5671670667507,-34.8911716517167,1.11139516494096,0.273089470756109
88.3495145631068,-32.3146461106447,-35.6969009429638,1.00792253505861,1.31056447256848
89.3203883495146,-34.3937974566952,-37.9137925843671,1.3363453084796,2.02852459159985
90.2912621359223,-35.9433510007811,-42.0451468565554,1.15545645669097,2.7927606932508
91.2621359223301,-38.7993262363664,-44.2016947883061,3.13032490792277,1.88339453689021
92.2330097087379,-42.2165424910304,-48.5781972973514,3.317739877454,2.45119064320748
93.2038834951456,-44.0651400513964,-50.3163809743788,4.32059304260969,3.66415053773642
94.1747572815534,-47.6673869894915,-50.5547325750097,3.58219146069303,4.39498598273711
95.1456310679612,-47.5185626930739,-50.7583304391034,5.22433826510309,5.31076316847362
96.1165048543689,-47.6018483378779,-52.6545676278274,5.72729721727083,8.01581483082053
97.0873786407767,-50.0783781282688,-53.2863545846934,6.0290469325302,7.80085924858999
98.0582524271845,-48.9726497413944,-56.1354769045402,7.85779427864584,8.2149840944047
99.0291262135922,-50.1192044966449,-55.3782117870588,8.20488658019592,6.42216052917811
0,-43.0413232859013,-49.3571160462782,10.2036654760279,8.26281133973051
0.980392156862745,-42.3157199836645,-53.6185660937962,9.32804140161318,8.88019016466556
1.96078431372549,-43.6575161545635,-51.1142532430805,8.74044831110843,9.65062849009875
2.94117647058824,-41.0344118655207,-48.7927944524494,8.71789348946677,10.1966785112428
3.92156862745098,-40.4303780268479,-48.652315158879,10.5605446687508,11.1624268735697
4.90196078431372,-40.9042441667471,-47.4540268830605,13.3038360315275,11.503835691023
5.88235294117647,-38.1310526168694,-45.7832767525995,18.7840613056994,14.7518060150564
6.86274509803922,-36.7081094674705,-42.6172274191158,22.4387779287509,16.832284754347
7.84313725490196,-33.7408618465026,-40.020383346732,25.2045063400632,20.2531393454582
8.8235294117647,-34.2320042994639,-39.3710942549316,26.2425115481437,22.8184482806559
9.80392156862745,-30.431254245418,-39.2879590214993,27.5473075302059,25.125172561866
10.7843137254902,-29.1617066367018,-36.9739535103485,29.0306137996558,27.1473589043691
11.7647058823529,-29.4592815192168,-36.0764442303046,29.3466005986687,28.859078081679
12.7450980392157,-24.8480126031246,-35.8205968061763,31.3853750217188,30.3607174586229
13.7254901960784,-27.3388875599074,-31.3181867633732,32.7362023440413,32.0406070118415
14.7058823529412,-21.8981138627533,-31.8745693908942,33.3217929570818,33.7309187956722
15.6862745098039,-20.1285843897457,-28.2400891939783,34.7403547113401,34.3252668043041
16.6666666666667,-18.8543115846271,-27.0097579745151,36.6927086894937,36.4440078455731
17.6470588235294,-18.4049209096156,-24.3183180057599,37.2540072071493,38.3533828301303
18.6274509803922,-15.2991953132953,-23.2107281484188,38.1651782264799,39.7053249221329
19.6078431372549,-14.3921263704234,-22.2993779236123,37.0394140062019,40.5751869788039
20.5882352941176,-11.9200798145457,-18.9072318431829,38.4800610884216,41.1194210346681
21.5686274509804,-9.33097292409552,-16.3783083698761,38.3036290751773,40.7107796418168
22.5490196078431,-7.11389593900689,-16.3175595602131,36.3974572367022,40.1509764878717
23.5294117647059,-6.83605196272259,-13.6242771645951,34.7234789236627,39.5759358214011
24.5098039215686,-4.71336845888264,-10.2854680869447,31.9169577166771,35.8733015318056
25.4901960784314,-3.05788244007558,-8.794272840147,29.8562171797943,33.0744187836134
26.4705882352941,0.471087846628034,-3.85624835184947,26.2832236943422,29.5673172237863
27.4509803921569,3.40547465895431,-1.46136967495466,23.4384232654678,26.3809108776471
28.4313725490196,5.426192718637,-0.557047948049519,19.9923260558231,23.4249577359208
29.4117647058824,6.83527234079129,1.76006482266047,18.6591767362908,21.0180593156321
30.3921568627451,8.22389902561774,6.9024528581144,17.0688222180851,18.8425270504368
31.3725490196078,10.6381750697358,8.29574145713359,15.8596808320803,17.7646191191292
32.3529411764706,14.4928208174797,10.457361230826,14.3942422933792,18.3623613742389
33.3333333333333,16.5139302742995,11.7878972750499,12.9024581835768,16.0215422257784
34.3137254901961,18.9743675410794,13.6459565594245,11.7528923092525,14.9230987158553
35.2941176470588,22.3532168741857,17.3015666215046,9.82738763181123,14.2007687961214
36.2745098039216,23.4431922114805,19.1874427357336,8.93225668544633,13.5672228702439
37.2549019607843,24.6951329759588,22.2025250500255,7.61866144561063,12.0371546118297
38.2352941176471,27.2395111026357,22.8484578509372,7.29432541273267,9.93644690259976
39.2156862745098,26.738626600465,25.2053385558507,5.04082238483456,9.19572737388563
40.1960784313725,28.3909084062317,27.6360776085266,3.9009642667614,5.86227727601392
41.1764705882353,28.6606783750867,28.7317996454659,1.9643717591295,4.79664428867178
42.156862745098,33.1451133590326,31.2486365609576,1.06502895699148,3.20993030606523
43.1372549019608,34.368317076727,32.5153083659282,1.06039106303273,2.771550847402
44.1176470588235,35.1079596556006,32.7682551972857,1.04986291573118,1.23870935139034
45.0980392156863,37.9281019316707,35.3307012039077,1.86960253916103,2.28514169018999
46.078431372549,38.4501187503099,38.0794405096478,1.44883382680447,0.731940309579643
47.0588235294118,38.7032515326682,40.5176030408022,0.911997174095589,0.594528371535877
48.0392156862745,41.2626615655796,40.5836888924497,0.534956634043073,1.44000924352565
49.0196078431373,40.9591817844748,39.6576629448597,0.346155476091794,-0.581023155388872
50,42.426662085923,41.7502989191163,0.00799338920132448,-2.99610165882534
50.9803921568627,42.8898662362042,40.8161644168997,-0.382936689406934,-3.10301743361317
51.9607843137255,42.8901473171671,43.3086535640313,-2.44815723972659,-4.17660643001045
52.9411764705882,42.622583383409,42.6724912803598,-4.57014883404618,-2.98522905213873
53.921568627451,42.56644054715,41.508896084637,-4.40997520394528,-4.02081981078444
54.9019607843137,41.289496688529,42.3861743407063,-4.7198713843484,-3.91749096622968
55.8823529411765,40.2436713977132,40.6315110807134,-4.62179547643311,-3.54721479147158
56.8627450980392,37.6277619552353,40.1186484287457,-3.56374589956224,-3.3090942161024
57.843137254902,36.8177442769639,39.9569004944236,-3.35462010649461,-3.32407935360695
58.8235294117647,35.4630749021795,39.7979094664535,-3.21634513962073,-3.08705692881358
59.8039215686275,37.4666170006035,37.8420716620387,-2.72284076031223,-3.70365317020152
60.7843137254902,31.9736080320011,37.2253112724429,-3.2620771716254,-4.18752991283592
61.7647058823529,31.2577125583063,35.3199218650551,-2.38465692536584,-2.81350478994068
62.7450980392157,32.218098762568,31.5324150312276,-3.40974651848426,-3.32874389309329
63.7254901960784,28.1403950619714,30.7726914406095,-2.52830457210433,-4.13592364546063
64.7058823529412,26.6424620980147,27.879345198127,-1.90348734075486,-3.16472647328187
65.6862745098039,23.6279049437067,24.6626607105048,-1.99312503895968,-2.71495843680879
66.6666666666667,19.9981442520634,24.0869054785335,-2.24267207240578,-2.08689735958545
67.6470588235294,20.0267381061915,22.1548410988011,-1.60899141779882,-1.97036426193123
68.6274509803922,14.1981975778844,18.958776513367,-0.44845288778484,-2.59861255221314
69.6078431372549,14.2503512221461,15.4331430259447,-2.1811664465998,-1.44551755396182
70.5882352941176,13.8977652477269,15.1723990084865,-0.473380897287259,-1.04976422825908
71.5686274509804,9.50519654855231,10.6720554322676,-1.1508898953272,-1.76192661987053
72.5490196078431,6.27476249296559,7.23624371612576,-0.299307210810474,-1.49258710163996
73.5294117647059,3.85150315741959,5.83319393455154,-0.81376496678676,-1.22676012847054
74.5098039215686,1.36188454304524,3.40754716474596,-0.185904273081875,-1.3736258407705
75.4901960784314,-1.45985845285283,-2.62351638313043,-0.381628965333924,-1.14357175593963
76.4705882352941,-4.42142199383525,-3.49376352756935,-0.644986238687916,-0.636877377435551
77.4509803921569,-5.47625026650278,-5.3680506596079,-0.623882228177947,-1.04279433823976
78.4313725490196,-7.87343585961127,-9.54734558801718,-0.0378318286703713,-1.00962925138058
79.4117647058823,-10.396190508952,-11.178168202668,0.174473618738984,-0.38810019284587
80.3921568627451,-11.158054213802,-14.2608178663356,0.0300894550202906,0.0386855772542793
81.3725490196078,-15.9294869972383,-15.6925538164659,0.488679192661423,-0.14990358583348
82.3529411764706,-17.4961680316821,-21.339563271969,-0.14506556047507,-0.402846310081889
83.3333333333333,-19.7210809178356,-22.215899044626,0.563872879016341,-0.427504177795116
84.3137254901961,-20.5015316045415,-26.157775941635,0.542478055689148,-0.680752370485664
85.2941176470588,-21.903295833026,-28.8813051337816,0.656746035744565,-0.24681602863039
86.2745098039216,-25.5485202916418,-31.3168500239754,0.770063906113773,0.432584173863541
87.2549019607843,-26.9829695376622,-34.2197473703333,1.10544556392101,2.24925017252804
88.2352941176471,-29.3583530408228,-36.5352956872466,1.77231718669878,2.01417560946304
89.2156862745098,-32.0639655143396,-39.2763646181113,1.7744077145214,2.88041930410403
90.1960784313725,-34.7002759236493,-41.5834968409238,3.71724671466269,3.0656016594399
91.1764705882353,-37.2104276896111,-41.8001443841151,4.56533294685739,4.27767605114722
92.156862745098,-38.0575067253048,-45.5555545633184,4.72748927020205,4.65917034801777
93.1372549019608,-38.848384516707,-45.9238183512474,5.18137272613775,5.39319867936666
94.1176470588235,-39.465471520777,-49.301249373572,5.56257346029068,6.03877963044311
95.0980392156863,-40.6093021322887,-48.2126988923619,7.24856947790292,6.94310850307176
96.078431372549,-42.3886624044036,-48.5497013028309,6.82872938439601,6.61339806299422
97.0588235294118,-44.3858046025151,-47.4705676926025,7.24131877129933,6.83274002522702
98.0392156862745,-43.2892763804787,-50.2592491695631,7.64024010581363,7.52555198198502
99.0196078431373,-41.8492682972792,-47.377571020238,8.19379595772137,7.61977518679111
0,-57.3710986761049,-61.1448443268286,4.67155522378045,3.7679309941873
0.99009900990099,-55.4552705636378,-62.6785499495556,3.6901610736878,4.56247261084681
1.98019801980198,-54.540222535831,-61.4040885580535,3.97737253384828,4.6172760216929
2.97029702970297,-53.393704238585,-61.754344211352,3.88039069389077,4.3108938525599
3.96039603960396,-53.6361056096602,-61.6089831656941,4.44672189848559,3.49173373182576
4.95049504950495,-53.5347520589669,-60.7421249136128,2.79663903449016,4.11949751832584
5.94059405940594,-52.7174071693569,-58.8733292256723,4.92380188877059,6.26186875752086
6.93069306930693,-49.290992301861,-55.5052293250703,6.24672414724748,10.4189139221636
7.92079207920792,-48.501806260922,-54.718660446372,8.6467290472588,15.3574881003109
8.91089108910891,-49.6498401701318,-51.6956805112047,11.9857075184983,18.6816859378465
9.9009900990099,-45.0883084079979,-51.0962599914814,14.8625780156285,21.9277225630845
10.8910891089109,-45.6713090381614,-49.1348216365398,17.9057063429845,24.3338624918499
11.8811881188119,-43.196080697486,-46.4842069758041,20.3582956154973,26.2035425632083
12.8712871287129,-41.0631599292727,-45.8003022797441,24.3692040349176,28.6012397674178
13.8613861386139,-38.9383170487796,-43.8321987470187,27.0644383768577,31.0950016304167
14.8514851485149,-36.8814267128436,-41.3565139533342,31.7924352542133,34.9146561578045
15.8415841584158,-36.1906442312289,-38.6412041122427,34.1679806480753,37.4964728736951
16.8316831683168,-32.3805522230811,-37.0805677654247,36.5736668122107,40.7546767167993
17.8217821782178,-31.4017827095497,-35.3942286762387,39.9093816441951,43.7283616144176
18.8118811881188,-29.7267232170604,-33.2136942142391,42.4710734955219,47.0286247290872
19.8019801980198,-26.8458652440911,-30.379090886616,43.9941671359315,48.1892852934432
20.7920792079208,-26.6157079802751,-27.1237278850091,46.0593293593127,50.1905414916399
21.7821782178218,-20.6792071366247,-25.4875904102459,46.81357383039,50.4905801436427
22.7722772277228,-20.830115968443,-21.427382026649,48.1942927385565,50.4052918743294
23.7623762376238,-17.874770320347,-21.6081045258629,48.2612104292431,50.455664105947
24.7524752475248,-17.2309021027216,-16.7104947582671,47.6427649121972,48.8424633314838
25.7425742574257,-14.9331338620388,-14.3575575178779,46.5024555091059,47.8936331437678
26.7326732673267,-14.9087201902633,-10.5523574251623,43.4218669403988,45.7288342091391
27.7227722772277,-12.5483876931295,-10.4283531606695,41.6940108741366,41.7903444249042
28.7128712871287,-9.09522798245768,-6.83682362415616,39.0036322494323,38.800642199545
29.7029702970297,-7.69017965348144,-5.11535476593191,36.8045061961114,34.2810365240535
30.6930693069307,-2.0792094268527,-0.943081463195037,34.6065016175725,31.3338768198865
31.6831683168317,0.121594476094913,0.315061466049615,31.3559062808195,27.8125436103421
32.6732673267327,4.53874912375701,4.00993494196632,29.1080288781238,26.8316927199783
33.6633663366337,7.52388438176951,6.55997514383239,27.4895912199278,24.6250020872231
34.6534653465347,10.2848500145642,9.54795524395482,25.5487332854341,23.3589920958599
35.6435643564356,11.4105746172071,13.6866434697952,22.1705361726533,21.4201364458004
36.6336633663366,13.4797077340952,15.9009496895075,20.2112590714295,20.5013279061989
37.6237623762376,17.1158750041144,17.8646729045624,17.0270376523544,17.9382496160348
38.6138613861386,20.4434382662055,20.0876708383132,14.2709930336251,14.9902148116282
39.6039603960396,20.8190377004218,23.4828273342054,12.5134976235852,12.6036298884158
40.5940594059406,26.8886636959464,23.7234316740031,9.65156501040801,9.96353485984537
41.5841584158416,27.2775578966835,27.2270194608279,6.21298122997777,7.68683224053938
42.5742574257426,29.7953222643363,30.6173887889967,5.12693620087931,5.77722761380354
43.5643564356436,33.0977937545383,32.4460248133879,1.11878856728,4.15532925220173
44.5544554455446,36.4291081960895,33.2912297838514,1.71909446101383,2.16386155549313
45.5445544554455,38.4235666300132,34.6072044164559,-0.754316757090767,1.22040627632273
46.5346534653465,39.4399077577225,37.630449816061,-2.24944321326638,-0.218065022804655
47.5247524752475,41.1980017132923,37.0397445176919,-2.52996039295052,-2.80698411510452
48.5148514851485,40.7188005806284,38.9736021799628,-3.54144409997816,-5.23556738722055
49.5049504950495,42.8402379273836,39.0572455892285,-4.01103382888837,-6.22261605029983
50.4950495049505,42.695812546007,39.9575200935669,-5.13260179054679,-5.90254734903239
51.4851485148515,42.6241887687521,39.534506974337,-5.34738238713713,-5.35313099780528
52.4752475247525,44.0721381577782,39.7909817559257,-4.95215558763814,-5.84362529485543
53.4653465346535,43.6643428925968,39.7283262929426,-3.23719552008735,-4.91071082457392
54.4554455445545,41.4573581821707,39.5916622076758,-2.66607931034708,-3.29048478527287
55.4455445544554,42.337001593315,41.7565597215489,-2.22959901301037,-3.24686278482416
56.4356435643564,39.2135641545459,40.2623195720393,-3.89661580256618,-3.58899448852591
57.4257425742574,39.6417150895468,39.3411668505999,-3.05005912216781,-3.17430069882486
58.4158415841584,38.8185808093646,37.4902327046454,-3.69428644383897,-4.04829602734572
59.4059405940594,38.4956927372654,37.9030156616983,-3.68279331501137,-4.1221559294239
60.3960396039604,35.8954913825896,37.6934779179244,-3.84049582774271,-4.47439044411867
61.3861386138614,35.5361670480389,36.463750087176,-3.88936903812932,-4.90813648636397
62.3762376237624,35.5517159048383,35.1234286316107,-3.57170738395872,-4.89197729905617
63.3663366336634,31.442930997732,31.9075740173702,-4.01278966257108,-4.44316401659293
64.3564356435644,29.6340974689796,30.2712133688996,-4.57903860609812,-4.788679268125
65.3465346534653,30.1367633378109,29.1935996912445,-3.63684015396631,-5.12242002649484
66.3366336633663,26.5585132374318,26.1143615224328,-3.56234894841144,-5.21611772033019
67.3267326732673,23.4191260005267,24.7564955502319,-3.8645244852237,-4.05248405699735
68.3168316831683,22.652900576793,21.8478004949514,-4.98267782137522,-4.5672411798887
69.3069306930693,20.0950541834577,21.4353185506366,-4.52494540093202,-4.06023350448681
70.2970297029703,17.1408961886952,17.8997868334129,-3.68782135117864,-4.69605632557608
71.2871287128713,14.6774074470598,14.9522088716675,-3.97156011003085,-4.00312703986441
72.2772277227723,11.9179556852883,11.90822838606,-3.99780414930638,-4.34279605716893
73.2673267326733,9.90339605631862,9.34078939620918,-3.22611838142993,-5.14799673320616
74.2574257425743,4.71621070495133,6.14836427150964,-3.26328278918273,-3.95997594785329
75.2475247524752,4.20843243584293,4.04885935501734,-3.96995361106733,-4.8686193253506
76.2376237623762,0.846029690888246,1.26844029697579,-3.79637397425234,-4.02089711068228
77.2277227722772,-1.48451102935762,-2.88394291600592,-3.47429298937651,-3.92174817255754
78.2178217821782,-4.64144769329184,-7.25232279197511,-3.87596020169728,-2.56623547720267
79.2079207920792,-8.92189142327226,-10.1332357787185,-3.06472285809571,-3.27248829692024
80.1980198019802,-11.9227382361904,-14.812387516619,-4.35380247619551,-3.38819347387376
81.1881188118812,-14.9819978183825,-15.6719244362745,-2.87094518830112,-3.2765503398839
82.1782178217822,-21.823281918939,-20.8900075263186,-3.37472368391509,-3.09666323692182
83.1683168316832,-21.8342444974325,-21.1736905752869,-3.07622381323918,-2.94694019121382
84.1584158415842,-26.7817286700115,-25.3552738390791,-2.05496244575108,-2.58675932153844
85.1485148514851,-28.703881140891,-30.3342408022478,-1.76607397462053,-1.75025760500251
86.1386138613861,-32.5569076375056,-31.7152475066793,-2.07895184924437,-1.4994783816942
87.1287128712871,-35.5369110643275,-35.7997421855889,-0.871970277176324,-0.814275392414013
88.1188118811881,-38.2148260883706,-40.4154069935333,-1.69036318675004,-0.0349334072065021
89.1089108910891,-41.7396365972298,-40.6333918516183,-1.34719892624625,0.314956575384522
90.0990099009901,-45.8091014157114,-48.0304190256585,-0.905793843160804,0.271946390733064
91.0891089108911,-47.6788727721599,-50.2940533063497,-0.104859813012762,-0.222517184525286
92.0792079207921,-50.4818153367875,-52.7783067492377,1.0521032854367,-0.0644130522258691
93.0693069306931,-50.6146548664397,-56.4050571872031,1.5757723209767,1.34723420246567
94.0594059405941,-53.9095010402037,-56.8655057944836,2.20644717974522,1.88128559249664
95.049504950495,-55.6443027037017,-57.9915211939978,3.0214501784705,4.15992977418077
96.039603960396,-56.6501688803338,-60.2932226671022,4.48180494194933,4.50432810642028
97.029702970297,-56.7973736100249,-60.4595012895561,4.88432784771841,4.60827843966513
98.019801980198,-58.8041814693112,-61.9405980084419,6.93627595971029,4.31809309162779
99.009900990099,-60.0613986636805,-61.6931893459357,5.80464382869719,4.5670398940761
0,-54.7558346002078,-68.5000103893494,8.94503135314637,6.87156027636255
0.980392156862745,-55.6196417774324,-66.4722968845089,7.04346869177839,6.11043739701984
1.96078431372549,-53.1435056185298,-67.7332015342787,7.19768049255745,6.06375448861245
2.94117647058824,-53.565867433121,-68.380568037014,6.7638938164945,6.05095065768664
3.92156862745098,-51.749510678958,-63.5935446864901,9.11594236267573,6.33285713394947
4.90196078431372,-48.1803193849508,-61.8422282175472,11.8799149729785,8.98437349788378
5.88235294117647,-50.366788680913,-61.8599897793076,15.8555665354213,11.6946453936852
6.86274509803922,-47.3074596154099,-59.6316961594299,20.4536683700677,15.6415738638939
7.84313725490196,-47.6212491840715,-58.5481914585879,23.0397568906391,17.6164750705614
8.8235294117647,-42.9848866449349,-58.6546521382753,25.7332895295141,19.9957631472508
9.80392156862745,-42.2604151451394,-56.3959595891476,28.4473433826424,21.4946055452835
10.7843137254902,-41.1450508925873,-56.5204353078026,29.9672140715133,24.0954170552083
11.7647058823529,-39.8192171971039,-53.1847384173443,32.8451188975972,26.9416004410691
12.7450980392157,-38.4941790713719,-51.6353001304616,34.3108150682995,29.0543110752106
13.7254901960784,-37.1847069672822,-48.7248510952644,35.8174431037504,30.3777451840446
14.7058823529412,-33.3643574817409,-46.2493964088918,36.416614749937,32.0556102985601
15.6862745098039,-31.9264120660456,-46.4127271502989,37.3708818244791,33.0037332644973
16.6666666666667,-29.0866636891522,-42.5850015128941,38.615124686715,35.0069851317949
17.6470588235294,-28.5572373163233,-42.069611281154,39.8905311772784,37.8004964918816
18.6274509803922,-25.5074682629626,-38.9122928128811,40.872092918834,39.504498819467
19.6078431372549,-24.8688157009666,-36.7884075549147,42.1849064629221,40.4311504960048
20.5882352941176,-24.6885528500202,-35.476803339516,42.4628144896644,41.8936610604811
21.5686274509804,-18.5912445208312,-33.3950546784326,42.5688096915604,42.3479352713016
22.5490196078431,-20.123749346494,-31.2464319440029,41.6562436542015,42.4560213717289
23.5294117647059,-15.0816276482493,-27.7434560163689,39.6858637590859,41.6781160371031
24.5098039215686,-16.8964963443036,-29.2832964623386,38.4639408324973,41.2330921956362
25.4901960784314,-14.996868858497,-23.4568283404154,36.4305469515233,39.8952431438568
26.4705882352941,-11.2960817504551,-21.4905370879916,34.6177155103371,38.1394527159523
27.4509803921569,-8.65363191213908,-18.5961371931847,33.0127840880604,38.0180567021504
28.4313725490196,-3.86329467588308,-16.2280401345633,31.1906006116322,34.6841544642438
29.4117647058824,-3.7750743517657,-14.7393839310945,28.6296181175289,31.0913236385324
30.3921568627451,-0.29122672542166,-12.2055452216798,27.4117289483053,29.1371621666102
31.3725490196078,3.169031965644,-9.47965682745783,25.9597695023305,27.4286206510633
32.3529411764706,3.29149736082753,-6.08298044807701,23.5421713624837,25.6448387843698
33.3333333333333,5.91261526583198,-4.15968505033657,22.9088941886917,23.8603587797105
34.3137254901961,9.8555602023997,-1.15222499835543,21.2214375479234,22.1088832839145
35.2941176470588,14.0105518842855,1.48987218918058,19.0855327545163,20.9089945131926
36.2745098039216,13.9945202021229,3.13414564056467,17.0211198826982,17.7396767216516
37.2549019607843,18.9046610035991,8.04398016943657,15.285053343604,15.8713147716525
38.2352941176471,19.3350197294721,9.51917660982476,12.283271493221,12.2219096645256
39.2156862745098,22.2306423268845,11.8419254512215,10.0301812069492,10.9384218650417
40.1960784313725,23.8304027277348,13.1291338914815,6.82689563106034,7.98385954184055
41.1764705882353,26.850456617178,15.6556247775463,4.32136496087307,4.37355436317942
42.156862745098,28.2704175783312,16.1542147965831,1.97677062279838,3.40244916798882
43.1372549019608,29.7847502521166,19.6348918484974,1.75238621748168,1.40065969853675
44.1176470588235,29.4952087702943,21.5748318570629,0.536885926967175,0.354631176017816
45.0980392156863,32.8666326812974,22.0607553334023,1.5544532260486,0.686063211392609
46.078431372549,32.7530580895935,21.5916283965124,0.631304278675426,0.0145958858921581
47.0588235294118,35.5044449663941,22.8498890066086,0.0017986038376792,0.79408916026835
48.0392156862745,36.4054060811414,23.000522503579,-0.916533136856036,-0.882782061054066
49.0196078431373,36.1254612846524,25.6248096806567,-1.39440289546476,-2.1013575224955
50,37.7238923736434,26.0512174217679,-1.40945791256218,-3.32997696077877
50.9803921568627,36.6337522711325,26.9533286631638,-1.96475217392027,-2.57739671529934
51.9607843137255,37.9458331934287,29.6747369426939,-2.69349129298795,-3.35638757500346
52.9411764705882,35.327569930687,31.3482184818544,-0.778453891028972,-1.74677826623538
53.921568627451,36.8820081966343,29.364124610082,-1.11071128542648,-1.88547020122093
54.9019607843137,36.9997698598855,30.5877522440537,-0.852551719385312,-2.18727300414402
55.8823529411765,35.7895852797446,29.2204909591321,-1.31271755697731,-1.37874235170623
56.8627450980392,35.5863001703849,30.9825220375742,-2.08716291042808,-1.63597014836819
57.843137254902,37.2857145908381,28.7207125702017,-1.48196553414869,-1.85209782401363
58.8235294117647,34.3009698154362,28.3404740835582,-1.69200614667068,-1.94337351103778
59.8039215686275,32.6983797213089,24.6418711305576,-1.50379192767452,-2.20143723518169
60.7843137254902,33.3090854929988,23.0328914879553,-2.27727600670354,-2.19017740236596
61.7647058823529,30.4854889299449,21.3576836652032,-1.85034470449935,-1.55618658444485
62.7450980392157,28.9839754646217,20.0790793387396,-0.0126320795317505,-1.21693056810707
63.7254901960784,26.7510411517028,19.5654226294785,-1.57790210265902,-2.13772399139045
64.7058823529412,25.2737239308709,17.2710037628751,-1.48095356896692,-1.90885310845434
65.6862745098039,23.1762008125066,18.3924248310815,-0.721854054834684,-2.0165972669718
66.6666666666667,21.104008181309,16.3185104648606,-1.13654030560404,-1.94840007434635
67.6470588235294,16.8288653586427,13.5972675506437,-1.40509608405792,-1.79713498496775
68.6274509803922,13.9318503993789,10.3887000580949,-0.725621175251458,-1.39444581497408
69.6078431372549,13.0234757268182,9.07736220562957,-0.342806504553656,-2.02037842451116
70.5882352941176,9.98671574389974,4.61513355096509,-0.782974833538778,-1.34438628173201
71.5686274509804,9.50284669364128,3.44598205055464,-0.957075089747753,-0.72437825872284
72.5490196078431,3.40852981288354,2.57353784700768,-0.392884585861917,-1.29089896153949
73.5294117647059,2.47501690312792,-2.24399858079665,-1.01314739768265,-1.65155663086625
74.5098039215686,-1.06903372834589,-4.43515233266227,-0.369437464895595,-0.741899742316762
75.4901960784314,-2.88065963072642,-7.01688421672178,-0.430762549810424,-1.78560635360811
76.4705882352941,-4.8376711315641,-11.8044611704436,-1.39048002681617,-0.975125718250814
77.4509803921569,-7.39915504127028,-12.6889991610066,-0.909903415681168,-1.20342360704772
78.4313725490196,-9.96973662442005,-16.5170052964263,-0.499100014467823,-0.954017266209655
79.4117647058823,-13.8559689709501,-17.1855151095329,-0.148585635374405,-0.873974629956885
80.3921568627451,-14.1923546736523,-21.8890252496499,-0.569090564749468,-0.353873900525939
81.3725490196078,-17.2161250276486,-21.3561349964625,-0.804851923336166,-1.62340540492023
82.3529411764706,-21.1523704512246,-27.7369483184572,-0.827043803589047,-1.05905385549995
83.3333333333333,-24.0820895651133,-29.3121017222027,-0.59779129801163,-1.40937416574217
84.3137254901961,-26.6957343555327,-31.9792955551045,-0.625292969174314,-0.462307430872636
85.2941176470588,-29.1609504568854,-35.161460804356,0.188415295685102,-0.346450595430678
86.2745098039216,-31.31596210012,-38.5560269095073,-0.338855595056496,-0.59109193118056
87.2549019607843,-33.7245328877918,-42.9629639725071,0.174811332223844,0.580749490302322
88.2352941176471,-39.0578869579439,-45.4021789906843,0.121285579394771,0.487254364149654
89.2156862745098,-40.0721934906343,-47.9735257861646,1.27906266904701,0.335937753513859
90.1960784313725,-42.8611436157685,-49.8860061025552,1.50563975239287,1.45231932784764
91.1764705882353,-46.0222647443953,-52.9195109288538,2.19142301307582,0.97124331522446
92.156862745098,-46.8348981216326,-53.8890320307389,3.16695181838819,0.977043009947073
93.1372549019608,-50.0660625178886,-59.7502616139523,3.00767161013016,3.20943352300731
94.1176470588235,-49.7616473291445,-61.6173309471618,3.94955134232403,3.89707863782728
95.0980392156863,-52.1680668629973,-64.4892400618613,5.4918785735468,3.45180728577828
96.078431372549,-55.089098621027,-63.3936622897898,7.45493317053419,5.33184752945454
97.0588235294118,-56.3252348920656,-65.5986470720504,9.8212332756112,7.21124077431403
98.0392156862745,-56.8955096171374,-67.842861632908,9.24772004484888,7.88807248857974
99.0196078431373,-58.2671301536673,-67.0090321086568,9.10538038755455,6.70081147638521
0,-59.490066688886,-57.8039027318614,7.150938230844,8.9551973209711
0.970873786407767,-59.2443581305141,-59.0768184629588,7.83343302167641,10.2546021650491
1.94174757281553,-57.7322672778386,-58.4678101945316,7.15977775479927,10.4957946692872
2.9126213592233,-55.3774461792069,-57.1779114826571,8.72057584548209,9.94959249093331
3.88349514563107,-53.3313199653092,-55.817778496341,10.2342219761964,12.0715590019645
4.85436893203883,-48.9903326952282,-53.9247616631354,12.5836302550355,14.2844517022979
5.8252427184466,-49.8076182341166,-53.28762195988,15.6509959078321,16.1694680186933
6.79611650485437,-48.0416535314975,-52.3257296521781,19.5905300440706,19.9268661118177
7.76699029126214,-47.2980415586668,-50.3249645537861,22.7166808280211,21.2015024088935
8.7378640776699,-44.8774592540884,-47.9833111573641,23.7062814871841,22.5639370290749
9.70873786407767,-45.076408261566,-48.5472921297041,26.7533589414159,23.5264071319758
10.6796116504854,-42.0268084306804,-44.6865066024708,27.3193258419508,23.2561209371459
11.6504854368932,-40.1374850373172,-45.3807030931369,28.4580539318791,24.2818458513672
12.621359223301,-38.7034295003658,-41.6603350119665,29.7065751063343,25.9681243857978
13.5922330097087,-36.3352286426762,-39.9789434770909,31.151806816408,27.7379578831482
14.5631067961165,-35.2746377163465,-37.7880925292535,34.1238206533121,30.169094961267
15.5339805825243,-30.4408039363866,-36.8142528164157,35.3678750636699,33.2678605860414
16.504854368932,-28.5861671535332,-34.8597338949705,38.5503930532859,36.2992359258096
17.4757281553398,-27.9536504595534,-33.189552543419,39.1093384645218,38.1881624493339
18.4466019417476,-27.1112646538125,-32.2363420057412,41.1813241006901,39.9621567729444
19.4174757281553,-23.8072199428174,-29.754766536614,41.5360649836684,41.4877815342724
20.3883495145631,-21.3274976514791,-28.8228320750967,41.7168188879238,40.8824306621926
21.3592233009709,-18.0037704637523,-25.1378698457436,40.6350577044785,40.9698706936707
22.3300970873786,-18.6358003188187,-22.0036410118763,40.7567892540447,41.4753375115186
23.3009708737864,-15.7718436944995,-19.472294548995,39.2387737030357,41.9754416033171
24.2718446601942,-13.5808520489533,-20.1859399784738,39.0924445510657,42.7415426704242
25.2427184466019,-9.04743176655467,-14.7655005769821,38.7530765669734,43.8867638671436
26.2135922330097,-7.62069188677848,-13.6243518972023,37.1762489182548,44.2593979706272
27.1844660194175,-6.1013362405453,-11.5117142477916,36.5228188364677,42.8865214018631
28.1553398058252,-2.91352587453411,-7.05746853198752,35.0637059936207,41.9041032726164
29.126213592233,-2.33940553940391,-6.11531292439382,32.5144067030948,40.0600630640315
30.0970873786408,2.24147823743157,-2.78007469769767,29.7664011480273,36.4674212979713
31.0679611650485,3.75657451415476,-2.01166241350567,27.8765496931762,34.1333683778881
32.0388349514563,6.81137343505263,1.40359228786782,26.3400011503793,31.5502143968534
33.0097087378641,9.28665087277411,3.10996235382894,24.7444422568014,28.6029041739861
33.9805825242718,12.1147859159368,8.01423463523604,24.0262898045533,27.072635801835
34.9514563106796,12.4709779227643,9.54375173172931,21.4528916250001,24.8807561983871
35.9223300970874,15.5930332179951,15.5083242291376,20.2475927962491,22.1304234299225
36.8932038834951,19.3620814538109,14.175407792217,18.0698012026049,21.0440625627741
37.8640776699029,21.375019163632,15.73294745109,15.8052827716542,18.1477287601364
38.8349514563107,23.27880901299,19.8502944850428,13.7063613121341,15.5256138527407
39.8058252427184,26.3481227355175,21.4099277439164,11.0407634592441,13.4368211961726
40.7766990291262,28.8682098262876,23.8420563192016,8.16759406953594,10.251142484945
41.747572815534,30.3246498674111,25.4564456876346,5.29281421920414,7.98921198394088
42.7184466019417,33.4363262893641,30.2298761864207,4.06019703073339,4.12589625362722
43.6893203883495,32.9619127689378,28.300027188589,2.50854341195872,3.15742428499422
44.6601941747573,33.1750727286781,30.6341541016346,1.58871004733301,2.00472349947976
45.6310679611651,34.4584773674586,33.0405942919718,-0.60914105671068,1.72118899223717
46.6019417475728,34.9126168413914,35.0033132457891,-2.45875336155843,1.2933043729623
47.5728155339806,37.3140019997446,37.2735203624213,-3.48951894116209,-2.03472343123678
48.5436893203884,38.560225703242,37.3898559463047,-2.66876333029524,-2.67299928753272
49.5145631067961,36.7668641524034,37.8185437134201,-1.10481295240178,-2.23636918754925
50.4854368932039,36.7872288657439,38.9985901306992,-1.9208690549378,-1.18262776351028
51.4563106796117,38.8932878884524,41.8096057022816,-0.815133325675672,-2.80257989127404
52.4271844660194,37.3647185812566,38.1647657750948,-1.05167450544649,-2.44761315805147
53.3980582524272,37.9711559599616,39.037744018112,-1.20060524451865,-1.85608907530321
54.368932038835,37.8713608033504,37.5409879520267,-1.00729023678427,-1.82110122784213
55.3398058252427,35.7700448355334,35.5774877043328,-1.5650344346335,-1.29097015010822
56.3106796116505,34.5361964947806,35.5609150724384,-1.46155136739495,-1.99574748822916
57.2815533980583,32.0234263747613,33.8140467139086,-1.6449103072595,-1.99155596534988
58.252427184466,32.0733926861339,32.0409314529515,-1.04201249185289,-2.39938649753237
59.2233009708738,31.7943254794266,29.2830832508438,-0.867653662862347,-2.33866418681111
60.1941747572816,28.5804595771724,29.2263886217321,-1.49955832541875,-2.05216781680698
61.1650485436893,26.0784671011467,27.1743641089008,-1.75805721598479,-0.702503993345402
62.1359223300971,25.3343893685394,24.3746391084473,-1.63271771743715,-1.94064802028724
63.1067961165049,20.3202667928523,25.9827553567321,-0.993441468486333,-1.6558644348342
64.0776699029126,18.8474342658124,21.7411591861949,-0.579155248878077,-0.980790469497524
65.0485436893204,17.1462148725083,18.7819360767042,-1.2746561913062,-0.897179123011959
66.0194174757282,16.0544920954805,15.3062570866575,-1.52639953296615,-1.41274637287391
66.9902912621359,11.9603457860252,13.2114319536338,-1.58319931565507,-2.02485264104425
67.9611650485437,9.2159285062228,10.5838045281606,-0.569468577620449,-1.21868737529189
68.9320388349515,8.15141956596924,8.17194700256226,-1.10259652806921,-1.52266198115186
69.9029126213592,5.02560147618731,6.65741959206927,-0.922271810732728,-1.06419047344085
70.873786407767,2.72703954647949,2.32540307583466,-1.25437959972462,-1.83080643182094
71.8446601941748,-1.98118788781787,0.922979819829873,-1.93506476035257,-1.00660576597051
72.8155339805825,-2.29707506565266,-0.0659570027950344,-1.24772148659972,-1.00441663102081
73.7864077669903,-7.87017867827269,-2.97940462611959,-1.95614451691007,-0.821188311810973
74.7572815533981,-6.68544977100199,-5.15909501426129,-1.69843821018272,-0.323513244232007
75.7281553398058,-11.2435209229941,-8.49287551613076,-2.08677856395437,-1.71617478019423
76.6990291262136,-13.6824954096191,-8.61513406798893,-2.26531716814542,-2.23709569596157
77.6699029126214,-13.7241478117411,-11.0111697048215,-1.21278529366336,-1.18690259331484
78.6407766990291,-16.4422769913292,-13.0828625914521,-1.48658561913366,-2.8064341995589
79.6116504854369,-19.7985065481604,-15.8487054434365,-1.93706398638723,-1.32590332643348
80.5825242718447,-19.4723465932037,-19.5611098065931,-2.62215806751947,-1.11803149975658
81.5533980582524,-24.6090672853542,-21.2427211720184,-1.51357929853871,-2.87130510601066
82.5242718446602,-25.3409624783503,-24.211827586496,-1.52668484491869,-1.33155661960514
83.495145631068,-28.7989779963458,-25.772935469792,-0.828181394702273,-0.892877938348251
84.4660194174757,-30.6398629571931,-29.6158113527064,-1.01052420562295,-0.428171568230221
85.4368932038835,-33.8049456128651,-30.8736461568786,-0.249895550950792,0.785412817874619
86.4077669902913,-37.3138878866355,-36.3274420163844,1.28151156483757,1.78326921859145
87.378640776699,-40.9455400487741,-38.4098326422264,3.0653090538258,1.7417002898557
88.3495145631068,-41.961103495381,-39.2146788470523,2.99519747352174,2.26778840275242
89.3203883495146,-43.2216392176397,-42.5411536678367,3.80108566549978,2.78114477961934
90.2912621359223,-47.9411823259743,-45.4530026284684,2.97821084310998,2.85925163777252
91.2621359223301,-48.5554162756752,-48.9243782208416,3.2231826275474,2.97759677984341
92.2330097087379,-49.1562925206779,-49.7438643385134,3.72203097615938,4.27351013250559
93.2038834951456,-52.2724197369467,-51.8749379681569,3.03129718648619,4.7416372574604
94.1747572815534,-53.1484370448926,-52.7827471498729,4.37822372081949,4.99446743695975
95.1456310679612,-55.4637210947042,-53.6399915523504,4.52478530339144,5.27528103729108
96.1165048543689,-56.1122785518023,-55.1275613886169,5.76154366157058,6.78113771905576
97.0873786407767,-56.6982037772696,-59.1706868456905,6.49205508081642,5.91399263716809
98.0582524271845,-56.7848172573437,-57.9459174449542,8.20945177829891,7.14336114195544
99.0291262135922,-57.7768049961719,-59.9267572500786,8.66342610305189,8.26962630399446
0,-58.6935214708049,-58.3584433623105,6.23736040643229,6.35252449136772
0.99009900990099,-58.4186132497703,-56.3534597142909,5.06052453492169,6.08036905830336
1.98019801980198,-57.4307858607856,-59.5900978246348,5.69288271387831,6.29376020303322
2.97029702970297,-54.909729191495,-56.1946021722332,4.96053653017471,6.52170149484805
3.96039603960396,-52.5674623814926,-54.0049399579577,8.65229649856393,7.73628991447023
4.95049504950495,-51.6968169526202,-51.702900465138,12.5447109887221,9.97467982713033
5.94059405940594,-50.067595256818,-51.8387809698682,17.8583592708722,14.0595111340153
6.93069306930693,-49.0330499010924,-49.9459078994079,19.9592285578097,18.9609793699773
7.92079207920792,-45.8229427495741,-47.9624533548109,25.7007621715748,22.8063739240045
8.91089108910891,-47.2227080848838,-46.8505715307077,29.2102044392421,25.8638008370528
9.9009900990099,-46.5431588311395,-44.1786007794588,30.640986823884,28.8675291793143
10.8910891089109,-41.9588466516447,-43.4861988128289,32.6866557417455,30.7003434583452
11.8811881188119,-41.1977789791595,-42.8734884298858,35.1378372846534,32.5763909497569
12.8712871287129,-38.6391394712714,-43.0095200238546,36.4578527717043,34.0293053768785
13.8613861386139,-36.1684989095145,-37.7988188490566,37.9025526659094,35.4351462862277
14.8514851485149,-35.1982750191088,-35.6148973093407,39.836859097833,38.4642331096363
15.8415841584158,-32.3257309783085,-35.4966831892627,42.9823836825754,39.8110659294627
16.8316831683168,-30.6400855093307,-32.4636651886938,44.6417369453541,41.6599956694007
17.8217821782178,-27.4342750080711,-29.2778883009782,45.7493010970932,43.1690730481808
18.8118811881188,-27.3811168331638,-28.303841536374,46.4874929381396,44.8069536464977
19.8019801980198,-21.8473176395807,-26.3437516657713,46.9555984581216,46.7270578984499
20.7920792079208,-21.5644593249015,-22.9769500498521,45.9790153698947,49.1761379301293
21.7821782178218,-17.6692814609687,-21.1961707809971,45.3678065295616,49.7644240035483
22.7722772277228,-14.3730910832737,-17.8602829481624,42.3310237616547,48.9408622667501
23.7623762376238,-14.562946575684,-15.7553760826652,40.0551221849366,48.3540272727391
24.7524752475248,-12.3204338708023,-12.9513486797277,39.7786220341545,47.2861015295693
25.7425742574257,-10.1917418952965,-9.09400329253798,37.1382743245392,45.1764104402442
26.7326732673267,-7.16264540362794,-5.37912330637149,35.6407883680418,42.8414248140275
27.7227722772277,-3.16353237222967,-3.69618793182415,31.3186037306103,39.9293210525356
28.7128712871287,-1.42258274579558,0.820938846161987,28.6708173148444,35.9679502041684
29.7029702970297,2.75101220832612,4.99520266712832,26.7811281037991,31.1281701123807
30.6930693069307,3.91973306863162,6.82750051404474,24.5352456518652,28.3276983341381
31.6831683168317,3.47804696098458,8.72967659292827,21.225849161154,24.0231605082218
32.6732673267327,8.6007280628427,11.7045163871813,20.8964950508862,20.7961304629002
33.6633663366337,10.3289156204405,16.3305432375168,20.5113736830094,16.8361415320657
34.6534653465347,15.7196738572195,16.5105343913407,18.5760907246402,13.0266722614209
35.6435643564356,16.2784736665786,22.4308555146341,14.7237086288047,9.32436539186829
36.6336633663366,21.3047966394589,23.7112150205125,10.8319741620463,4.84677983280239
37.6237623762376,22.4482884700158,28.1486371860199,7.33737905131437,2.35351580789506
38.6138613861386,23.7550188862847,26.9409740603563,4.89929142881027,1.99098574546816
39.6039603960396,26.4992254108868,30.4343929363709,1.84469615051491,1.79159868270405
40.5940594059406,27.9109795238933,32.107267636115,0.896446443653496,1.62916243581943
41.5841584158416,29.3145529827026,34.8381159770079,0.213056238078808,0.689181759300718
42.5742574257426,31.9036735177408,36.44250986374,0.174515124902795,-0.01696709482897
43.5643564356436,36.7505519666367,35.5308217019716,-1.98899934264515,-2.00074435605493
44.5544554455446,36.4377473747577,38.5628929901963,-1.90687553571107,-1.75488012654321
45.5445544554455,39.8521107783524,40.298493198431,-0.695250324322013,-0.743878877493357
46.5346534653465,38.8063861621759,41.6478792405205,-0.842685457089419,-2.21718062709698
47.5247524752475,38.6750249386125,41.5778229603257,-1.96243873574085,-1.77383638826513
48.5148514851485,38.1278504121768,40.51138403844,-2.66346084513086,-0.212190759609694
49.5049504950495,37.930987986815,39.6524595116436,-1.86356487596884,-1.7447076178097
50.4950495049505,35.6859551248201,40.0153287264316,-1.84115603129529,-1.15065497149954
51.4851485148515,33.3245246541556,39.6743291105873,-1.45099907561749,-1.67135169220195
52.4752475247525,31.8534976450978,37.6841059964473,-1.21531649866324,-0.965722895598938
53.4653465346535,31.7869204208139,38.7490874671556,-1.13739856360038,-1.00845777105331
54.4554455445545,33.7216639451518,34.2477441547047,-1.0224913251334,-0.339083957358736
55.4455445544554,28.4709688072126,34.3942529593382,-0.332230392043307,-0.448726599179282
56.4356435643564,27.2071050876082,34.1241828054966,-1.1759614726699,-0.879535846711098
57.4257425742574,27.1692495141946,31.3202717229011,-2.02592545412739,-0.836012132866694
58.4158415841584,23.1821877118513,29.7162940385373,-0.83342316215557,-0.195400639396154
59.4059405940594,23.5206261423002,28.1636900945315,-0.745763089026455,-0.302486715168444
60.3960396039604,21.596877288786,28.140548636876,0.104471531948788,-1.16253287846439
61.3861386138614,19.129871415793,25.7836516705317,-0.78650323294977,-1.39125774089365
62.3762376237624,16.3545617135687,25.0723149210548,-0.766788013029243,-1.33266592851081
63.3663366336634,16.1225944716462,22.6515965560396,-0.0241422810014783,-1.12387492401255
64.3564356435644,13.0014475108236,21.7746328754081,-1.11105649987317,-1.61674900041078
65.3465346534653,10.7548286292538,17.9398065584891,-1.20513889298934,-0.717144663979122
66.3366336633663,10.6782335907336,17.5078920801209,-0.83279682320701,-1.83360030935904
67.3267326732673,7.97553086482327,14.5157036054721,-0.732489747469384,-2.75505601700176
68.3168316831683,7.92394018544644,13.4427352318627,-1.00641428947421,-2.0296508745662
69.3069306930693,2.43167952935685,10.7885783609303,-0.825830775574017,-0.948813908916506
70.2970297029703,1.61178222894818,9.59723602897984,-1.2532164442265,-1.30185909648105
71.2871287128713,-0.33378374662228,6.73012637978823,-0.935448435108548,-1.91991477139085
72.2772277227723,-2.13396915993558,3.03069400466467,-1.59466390164299,-2.53296105515108
73.2673267326733,-4.49883476629167,2.50809435327281,-1.967312389018,-1.8966004772695
74.2574257425743,-4.95809059479687,-0.11535970855981,-1.74940301899498,-0.736762429786882
75.2475247524752,-7.8747626344601,-4.10722485087516,-1.20911786641162,-1.49153357085411
76.2376237623762,-10.6470914730758,-5.30263035318614,-2.86876260938448,-0.638488588188039
77.2277227722772,-9.868117375699,-9.63565815934255,-2.97583056518938,-0.737447770173034
78.2178217821782,-16.1155977929685,-11.1964851724056,-1.65007449663758,0.0798082871295408
79.2079207920792,-19.3011613201098,-14.924656179726,-1.67467770433006,-0.731143301519911
80.1980198019802,-20.1630906574145,-16.4389745185021,-0.903598735044684,-0.566347208606164
81.1881188118812,-22.7080510901883,-19.4196375954068,-0.278137972891992,-0.48602367804907
82.1782178217822,-26.2069639163062,-22.0123040211094,-1.81839263562598,-0.00286122671845231
83.1683168316832,-28.7292819162069,-27.4569429602203,-0.0160675511696299,-0.809488875786819
84.1584158415842,-31.3570190339638,-29.6377509937401,-0.157979488389223,0.0675902204686391
85.1485148514851,-35.4251475592744,-31.7672114759177,0.447441376374292,0.176214596977079
86.1386138613861,-36.6465547593388,-33.7184837288209,1.38742425978322,0.887275763450987
87.1287128712871,-39.263911134283,-35.2704747321881,1.56174886325814,1.44318892849911
88.1188118811881,-43.9013676817208,-40.0222022747945,2.16216521178901,2.10550642178704
89.1089108910891,-46.9153712320336,-41.9535874023599,2.14980632048892,2.36867064336998
90.0990099009901,-45.8164770839815,-47.4781551806011,2.28281839164432,1.53475496305909
91.0891089108911,-50.4441229865095,-47.7152784884434,3.07674718820653,2.73109554809103
92.0792079207921,-51.8012113580354,-48.5878287337918,4.22341870998079,2.4045229874356
93.0693069306931,-51.9262310731029,-50.3413822712649,2.81063747798527,2.3327556350262
94.0594059405941,-53.7003315767617,-53.0554779378524,3.13292712072351,4.10658428708818
95.049504950495,-53.5363733769275,-53.6684196454196,3.89289883027014,4.66200814594979
96.039603960396,-54.5175663561793,-55.7463314403656,3.78171990146584,6.09880861759525
97.029702970297,-55.6732390232279,-56.3091235873265,4.40858067500001,5.79482425673249
98.019801980198,-54.7503141445471,-55.9303434846608,3.24515958776259,5.76972969373376
99.009900990099,-57.9826492183675,-59.34557572315,3.83115409194105,5.35639042292564
0,-62.1342046756688,-60.0087954124499,6.15901845529217,4.18528999702439
0.99009900990099,-61.1075808294708,-60.6229547048336,5.27333919992948,2.81979746861577
1.98019801980198,-60.7783889598034,-58.1476530242634,4.88482661913967,3.40381525693461
2.97029702970297,-57.8453155859962,-58.8133342207122,3.64678698675957,3.21792934495511
3.96039603960396,-56.7046930675888,-57.3059198151598,7.20358359531826,1.88797276463411
4.95049504950495,-55.6380548294473,-59.3621287853487,7.71759511864917,1.42368791355401
5.94059405940594,-54.0664486367648,-56.753720741192,11.113011914531,2.75777197830333
6.93069306930693,-53.2033214325273,-55.7917916223887,14.7728129460322,2.84986928551639
7.92079207920792,-50.0283201584264,-53.3975028883874,18.0205665441262,4.83414235212082
8.91089108910891,-49.6460004600398,-51.8530521037438,19.5189242692861,6.97593844058643
9.9009900990099,-49.3686205007075,-47.9300608465641,21.3818242641998,10.5859275959481
10.8910891089109,-47.8525534167675,-48.7617420388266,22.980019757849,13.3597625304851
11.8811881188119,-44.8661965647091,-44.2178783960077,24.8336993267928,16.3578728851993
12.8712871287129,-42.1074631977149,-42.5476248565985,27.5149839085639,19.4533714791328
13.8613861386139,-41.2697542347621,-43.5588102862029,29.1112477517516,22.588528793754
14.8514851485149,-37.8496502156685,-42.4124857117177,31.8670631660907,27.0037689963949
15.8415841584158,-37.240385269083,-37.3895639948718,34.5589831607516,31.2975175360235
16.8316831683168,-34.8823076608618,-36.9385892074189,36.9059488505634,35.9827017004515
17.8217821782178,-34.8770183033924,-34.1822631979065,38.3411931746802,38.7112074590067
18.8118811881188,-32.3815995762364,-33.0257449119421,41.9890769117787,41.2474393242955
19.8019801980198,-30.2624541637104,-29.4072507279724,44.1540543677255,43.6559215336616
20.7920792079208,-27.4567465444973,-28.7546233158322,44.6238659391065,45.3379525195017
21.7821782178218,-26.3338422988284,-25.7929623924687,45.2633605823762,46.6561980729778
22.7722772277228,-23.5462011262145,-22.5039458936931,46.5924839577887,46.7037867165019
23.7623762376238,-21.1153412172994,-20.7244368494458,47.8237036650732,47.1728941924531
24.7524752475248,-19.0132071284124,-16.595765199626,48.9118544785887,46.3868377817963
25.7425742574257,-18.9687148162204,-14.0868290979721,48.2839490175264,45.3439876624891
26.7326732673267,-17.001093427779,-14.0737195016783,48.069551011086,44.2191155339804
27.7227722772277,-15.1682134069687,-9.10420355001127,47.9229439200364,43.0791584592759
28.7128712871287,-11.1338245376602,-6.35176362306708,47.6788951397503,42.4662466804253
29.7029702970297,-7.69362900602583,-5.6466185768632,47.6003315275111,40.9193988084751
30.6930693069307,-5.73990170860173,-3.08278015821352,46.0435495162766,36.1459527173234
31.6831683168317,-4.18192454809322,1.15151067595118,43.860844551539,31.7693115532332
32.6732673267327,-1.35618237073929,2.34980380137858,39.5354132621671,26.4762975643937
33.6633663366337,3.72746809887126,5.29183309180299,35.1447153116402,23.251790035488
34.6534653465347,5.45280431876257,7.90226650175095,31.2529255253287,20.7868036514217
35.6435643564356,8.88136664681321,11.2899674056813,27.7678566669424,18.8293483810498
36.6336633663366,13.6266934346165,14.4119632451885,25.7315904530349,16.4698160225887
37.6237623762376,14.7192821945839,14.7119701385214,23.5154179072001,14.986158829809
38.6138613861386,17.2063586841305,18.8213673545247,22.5429511577585,12.6368161569087
39.6039603960396,21.3637168141944,20.6347306744848,18.9385476595878,11.0592116722467
40.5940594059406,23.1689425571698,23.8576176102834,17.0253643477897,8.19803872092786
41.5841584158416,25.4699478161137,25.5728916042896,14.3091176241209,5.07294780698364
42.5742574257426,27.7083201149433,29.464061015621,11.6679904516974,3.92729189195587
43.5643564356436,30.2530871864038,28.9868728774965,10.1225065741808,2.10436951855894
44.5544554455446,32.4516550903118,33.3912551731774,7.45475461854645,1.65234490651556
45.5445544554455,34.5381765732209,34.8429000814492,4.05821940293441,1.55221197575369
46.5346534653465,35.3159396416116,35.9378791635403,2.61045461826949,0.836821485070401
47.5247524752475,39.3133976940821,38.0839513641296,1.36921924843441,-0.923067075106854
48.5148514851485,39.6034351757322,37.9109251036749,-0.413233037337809,-1.83807027935917
49.5049504950495,41.3030244080557,38.2332078210367,-1.39714228371987,-2.52662980712161
50.4950495049505,38.7905976872805,41.2992030519224,-3.80806398273273,-3.76945419933619
51.4851485148515,41.3652870186902,40.2525370297194,-5.08723617310305,-3.91156546982932
52.4752475247525,41.1229970325893,41.8115661061038,-6.86405325943614,-6.94303069254012
53.4653465346535,40.6659666808668,41.160270456335,-5.40799803787591,-5.97800057103711
54.4554455445545,41.2429348967733,42.4147838057347,-4.75908667012179,-4.92240722621958
55.4455445544554,41.1649489830336,42.6667045210811,-4.20128348184442,-4.82163441317628
56.4356435643564,37.9005637634648,42.0164803124708,-3.41784347336289,-3.72182487240741
57.4257425742574,40.6898976514739,41.7171453143127,-3.59557131235502,-3.54071983379344
58.4158415841584,37.5372855262983,40.0651826874105,-3.74109773512568,-3.63399668010918
59.4059405940594,35.7970250942431,39.4699566248502,-3.72256057205751,-4.36825424088417
60.3960396039604,33.8425894140405,37.7720373495868,-3.94388358342304,-4.60507915817641
61.3861386138614,30.8916835828939,37.7010847708822,-4.97695122695077,-4.60255384412065
62.3762376237624,30.1313465796351,33.9594792883959,-4.09707915876379,-4.20850150363693
63.3663366336634,28.3571105133631,32.8136498206109,-4.2697329509518,-4.51529621716525
64.3564356435644,26.2220072641193,30.1667874648155,-4.67847745117359,-3.21669600279174
65.3465346534653,24.0143842028288,28.0897339323164,-3.24159056051028,-3.2207860467761
66.3366336633663,20.7662196247708,25.2190236055822,-4.13507850837715,-4.80594703217586
67.3267326732673,19.2609667740203,24.380408422442,-3.75860530425928,-4.12149389737903
68.3168316831683,16.6600173148952,21.1466745065968,-4.42814580502339,-4.206664536459
69.3069306930693,14.8935286310348,20.7266967841791,-4.4763694572598,-4.77030865405154
70.2970297029703,10.9470500946007,17.094907029222,-3.88001134239102,-4.47105949162031
71.2871287128713,11.0189072540938,15.044168566786,-3.25348139122295,-3.69320927164128
72.2772277227723,7.63815802399052,10.9758924231558,-3.74765043115267,-5.16636829417654
73.2673267326733,5.70915833114503,9.22510071757752,-3.47110634607432,-4.22060785977998
74.2574257425743,1.58736996343416,5.63434348384331,-3.07124404882157,-4.56578308482179
75.2475247524752,-2.44732718560651,2.81736007031857,-3.66731614434137,-4.06829397787559
76.2376237623762,-4.90896671274731,-1.04945953408739,-2.72009056124964,-4.05714109372401
77.2277227722772,-9.63722685425425,-5.62758888873839,-1.57880003590572,-3.17577405261881
78.2178217821782,-12.4056703440412,-7.62159603655265,-3.38699756647556,-3.38522163624928
79.2079207920792,-13.3502774082508,-11.8230579828926,-2.91547951373424,-3.47953025868412
80.1980198019802,-17.3972820312994,-16.6586190698798,-3.50981622288075,-2.46212014294936
81.1881188118812,-18.906321855965,-17.724231880016,-2.24832332673949,-3.07683533097682
82.1782178217822,-20.481174582843,-20.8245072105492,-1.70597688093031,-2.78179926559268
83.1683168316832,-22.1521889903463,-24.1389098635472,-1.27269796552442,-1.87307914105659
84.1584158415842,-25.2314275622857,-31.7738890220153,-1.50891254502252,-2.0849562689875
85.1485148514851,-30.2551235128121,-31.1552717526524,-1.96927312538332,-1.70933666476681
86.1386138613861,-33.1810597495593,-34.6655371342359,-1.15110330299688,-1.3682849086598
87.1287128712871,-37.5470393552414,-38.5760945353114,-0.821258185818894,-1.01138584246235
88.1188118811881,-39.811062832179,-41.9960883829737,-0.288056784336126,-0.255230368265175
89.1089108910891,-43.7184688482982,-46.2796008512009,0.149024576822181,0.282576613694179
90.0990099009901,-44.0026063744653,-50.3774807070489,0.310282143895895,0.289894164274827
91.0891089108911,-44.681472762698,-53.1556689679082,1.62436160263683,0.635551499008065
92.0792079207921,-50.149019133141,-55.1680769378139,1.0225459875388,0.580921325055823
93.0693069306931,-51.1316070812966,-57.0149881105165,1.23227143553337,1.30667926546479
94.0594059405941,-51.0178851136049,-58.5506707398682,1.40161071850091,3.83243877514256
95.049504950495,-53.7872829011049,-58.6806381989811,3.08002035479156,3.71078816264033
96.039603960396,-56.1801005090131,-57.9654099714154,4.27801361809897,3.85558735206172
97.029702970297,-53.1796530914822,-61.0122620102436,5.69965216575939,3.21369875205965
98.019801980198,-57.1686878204798,-62.7139252202497,5.20290262498302,2.96824697448571
99.009900990099,-56.2059530488019,-64.1097999351512,5.2400985592526,3.98601880648354
0,-50.967246559307,-56.195761285756,7.25814516303342,5.89348695905235
0.99009900990099,-50.7510517867191,-54.4680962794861,7.24136849971627,5.08514872394608
1.98019801980198,-49.9697199756186,-53.4166169803276,6.84795581718026,5.05371108624491
2.97029702970297,-49.535229765615,-54.8963722607099,7.90969412886912,5.40292199225524
3.96039603960396,-49.2853365293958,-52.0116416941437,8.3449351449801,8.17031486235047
4.95049504950495,-48.6314273816046,-50.9835432901657,10.9863557908892,11.0254226904664
5.94059405940594,-46.777865116548,-46.9079263707109,15.0775398567573,15.4853726675864
6.93069306930693,-45.3492884301804,-46.159337865876,20.734185172431,19.7640570993293
7.92079207920792,-44.0881628626005,-45.7456109693522,22.4967340544394,21.6506723038044
8.91089108910891,-45.5391338293742,-42.0425488760354,25.1744404058472,23.3961837543117
9.9009900990099,-42.3335723405486,-41.97615550584,27.1768251125238,24.7581252380252
10.8910891089109,-39.8294491842698,-40.6111236910972,27.7658296553031,27.0722403415456
11.8811881188119,-37.4032491444364,-39.6527590137825,29.1683258886704,28.0541754825547
12.8712871287129,-36.0936577457644,-36.5651896783395,31.2127090935747,29.2958839970066
13.8613861386139,-36.8218424138198,-34.6436853548193,32.7522248480394,28.4052337004357
14.8514851485149,-32.9766696969538,-33.7634259510705,33.2056285268324,30.2030890735023
15.8415841584158,-31.5529608422134,-30.998549402346,34.3302313164368,30.9629308975604
16.8316831683168,-29.2655547839064,-29.7696022345071,34.3618280503732,32.2269207636193
17.8217821782178,-28.8182691503847,-27.9447745746737,35.1561553384488,34.0438116355371
18.8118811881188,-24.187908380843,-26.0770962625761,36.4473589402206,35.2517126163343
19.8019801980198,-22.9547321932586,-23.4302954879034,35.8928674518064,36.5817107655576
20.7920792079208,-20.2999160182938,-19.1271377446607,36.1906738966174,37.1501780452106
21.7821782178218,-19.9242078142595,-19.333096537502,36.4824500522717,37.2950878031015
22.7722772277228,-16.7733832432464,-16.7791247888703,36.6571472818142,36.66465507459
23.7623762376238,-16.4016443193978,-15.2703567709289,36.2119684831516,34.1834372914792
24.7524752475248,-13.5754848998741,-12.6086289649678,35.7940107022982,33.1915217198454
25.7425742574257,-11.7747650140408,-8.89058602705639,34.7051906940837,31.7537842117183
26.7326732673267,-7.33518973362488,-7.35718472818514,32.6112181247995,28.0336940484766
27.7227722772277,-5.03819058072134,-4.28096014944202,29.6805285798831,27.6160738226627
28.7128712871287,-3.06239432994129,-2.03218863729496,26.3956630121177,25.996014295146
29.7029702970297,-0.789675499009401,0.791462282873473,24.5696524615552,24.7934988291595
30.6930693069307,1.65004366098165,3.08002034438208,22.0194568018255,23.0027011022982
31.6831683168317,2.96574172416699,6.21913440664658,18.9943953515984,20.9458816605757
32.6732673267327,7.38753348757501,5.43749824809534,17.8287963363923,19.5934914301395
33.6633663366337,9.88605760399262,9.63088588117123,16.2358504270645,17.86323293114
34.6534653465347,10.9709886510907,11.3139889604729,14.8832214809369,16.0768711343667
35.6435643564356,13.2496647536582,14.4826310462709,14.0364280800839,14.4183375244214
36.6336633663366,16.4123870141047,18.7607063080873,14.7186823713185,12.7760458287262
37.6237623762376,17.2871521157275,20.5247085477004,13.8352338613431,11.4435382686721
38.6138613861386,20.004412285694,23.2958876473759,11.5861803506423,11.0713572802216
39.6039603960396,22.7403022820496,25.5717385793407,11.1684694208264,9.46773266754218
40.5940594059406,24.9337496603516,25.8667447577963,9.50444056344871,7.80908584441477
41.5841584158416,25.540882363681,29.1807647297204,8.94150609716108,7.39029128922734
42.5742574257426,27.6973744493721,31.823078396715,6.91751710190979,6.50948405261351
43.5643564356436,31.8326910256472,34.0208995100556,5.62451295441863,5.80734949308871
44.5544554455446,31.8946114201729,33.9729927765553,3.94745231822772,4.31483007296879
45.5445544554455,33.9748025674836,36.3627419397881,2.96834044050404,3.57325942417272
46.5346534653465,34.8506789439456,35.3989290389103,2.64508144617164,2.420696112131
47.5247524752475,38.1008323980446,38.917430173213,1.24518672025874,1.8035524056116
48.5148514851485,39.257955446926,37.8161153144335,0.104577349068221,1.45219654107598
49.5049504950495,41.0959198058303,39.6443887153727,-0.531142685019217,0.0492541936783141
50.4950495049505,42.474476165704,42.8393377043584,-0.460802360924551,0.021387148106799
51.4851485148515,44.3078127726068,44.4622353244568,-0.972221043382435,-0.948535796783228
52.4752475247525,43.8282178782855,48.721869939224,-0.369837220338037,-1.79630793476538
53.4653465346535,44.2178961929012,46.3626890068608,-0.78540194311169,-1.76871588736879
54.4554455445545,44.0754455365037,48.7146374329718,-1.49168434464043,-2.28378048598666
55.4455445544554,43.7182379842145,47.7932498199923,-1.34849770566839,-1.85472009255015
56.4356435643564,42.1710159775309,48.1586975146812,-1.34747359042348,-1.77036116320016
57.4257425742574,41.5050164116754,45.6408371903956,-1.92594610284815,-0.618996647198341
58.4158415841584,37.6951964194189,43.972310462969,-2.28057607318794,-0.924737505901175
59.4059405940594,38.6636584400844,41.956145212554,-2.33195326623041,-1.25015621097229
60.3960396039604,34.6828622367448,40.6028026463402,-2.69322700569514,-3.35489800825336
61.3861386138614,34.9264353821431,37.5608998684437,-2.77469389633122,-2.04317130135051
62.3762376237624,33.651542012525,36.1526069008816,-4.72393977328113,-2.81334988285244
63.3663366336634,30.6990107363563,34.9225440161113,-4.09295546439262,-2.31958700682198
64.3564356435644,29.8046218544369,32.8625902094688,-1.88421275206378,-2.65924673910475
65.3465346534653,24.073416880595,28.3332141288829,-1.25295030308545,-1.91550268317601
66.3366336633663,23.5327802078767,26.1042621014469,-2.93706631185652,-3.11361252378411
67.3267326732673,23.6770511627537,22.9275734733151,-2.5214750162725,-1.83296007377077
68.3168316831683,19.221495572241,23.051901136653,-1.99127338505138,-2.26327634749946
69.3069306930693,21.8701392799164,20.1264647416414,-1.88000933320853,-2.70402094412784
70.2970297029703,15.8175516778713,16.6094273625451,-0.927283268273757,-0.41661039460696
71.2871287128713,13.7504032811305,14.7423768223033,-1.87782142217802,-0.47538471167823
72.2772277227723,9.88992982673516,10.7105784888821,-2.68161617859172,-0.832587652815396
73.2673267326733,6.9084246267299,9.04483345617324,-1.05325124898779,-0.524521496557252
74.2574257425743,3.85720218783989,7.4486748166995,-0.938027079754768,-0.223819005580352
75.2475247524752,4.5772435009198,1.13051271293383,-1.25659755848523,-0.528749682960688
76.2376237623762,-2.20488747570163,2.03793662460691,-1.47293878869586,-0.586987995403262
77.2277227722772,-2.98737509230824,-1.9306620990464,-1.77606100760414,-0.526448374892851
78.2178217821782,-6.33912100219035,-5.73816926053976,-0.824976237225231,-0.457477763293715
79.2079207920792,-8.26266858192064,-10.4202771638146,-0.727691563864223,-0.751109945267681
80.1980198019802,-11.0749312775756,-11.9037086586398,-0.497927327774929,0.675826578136477
81.1881188118812,-13.4984722739659,-14.3510499176603,-1.5757961365557,-0.98755102055691
82.1782178217822,-15.9852117411912,-18.4995335236469,-0.212129604714507,-0.63644487826377
83.1683168316832,-19.1044267576598,-19.3143497748483,-0.11950594272063,0.380062443177301
84.1584158415842,-20.785231718684,-22.9669869528805,0.136718952085617,-0.823117658099027
85.1485148514851,-22.8395815492939,-26.3227259082895,0.346452187893518,-0.946505209202684
86.1386138613861,-27.1758953284423,-30.2116596685068,0.125084483811112,0.15079420804599
87.1287128712871,-29.6589071602647,-33.1721517373799,0.407375357673426,0.519654669984649
88.1188118811881,-31.6634571659479,-35.273393502475,0.89670354204402,1.72767137265374
89.1089108910891,-32.8768344175455,-36.7687698616648,0.986763146613073,0.579061139347842
90.0990099009901,-37.3681316079798,-41.1516957835032,1.68554347910409,2.34786352603919
91.0891089108911,-40.809176427263,-45.6961246771084,2.38802083019975,2.91117017780854
92.0792079207921,-40.8145102852071,-46.5071645779444,2.76897489229562,1.95450911151399
93.0693069306931,-46.2031588693136,-48.7839669304437,4.7592385926349,3.39136214158469
94.0594059405941,-47.8222289930634,-52.2474187942616,4.83581998337092,3.54163833887951
95.049504950495,-48.5845498155541,-54.4467644803788,5.98874890999858,5.00223772828682
96.039603960396,-50.1123523511913,-56.9254314440906,5.91188269362787,6.71845984373172
97.029702970297,-48.5980976757678,-56.0091775177375,5.8767386608642,6.95535207965659
98.019801980198,-51.2475623359159,-55.7075286707162,8.30519669155843,8.49127500170544
99.009900990099,-50.8759208132601,-56.376762843115,7.86430985678987,9.05783741493215
0,-56.3000843696656,-61.7418112800351,5.17739768155133,4.19442760003125
0.99009900990099,-57.0783840743164,-62.8335888961198,4.64647867059896,4.12679479478421
1.98019801980198,-55.9979012721347,-60.7376214947016,3.38837724985378,3.12259152984088
2.97029702970297,-55.5925910024134,-62.4748593496537,4.11776104148805,4.65927566938211
3.96039603960396,-52.8637895347345,-60.4589843261586,3.79542415281045,3.15222733900318
4.95049504950495,-51.9181240440499,-60.1587090503007,3.87090795543028,4.16795330729501
5.94059405940594,-53.0200429930227,-58.2881858051271,4.65809148573964,6.68766420490032
6.93069306930693,-48.8943345599263,-57.2142486466856,6.30301406323016,10.6722052089457
7.92079207920792,-49.2055564231617,-52.7992134512234,9.24946145484591,14.4693292598001
8.91089108910891,-46.9208529998295,-51.8275757401251,11.9817875782753,18.6385723569027
9.9009900990099,-47.2248988564822,-51.3040640793243,15.0357741796836,21.8708799162754
10.8910891089109,-44.0673680773273,-48.976570391989,17.4122908731422,24.0628701611641
11.8811881188119,-41.9083293194987,-46.5280086058022,20.7510673008429,26.6777872520739
12.8712871287129,-42.029874615703,-46.2837085506727,24.5202313868507,28.9029438768749
13.8613861386139,-39.8736026442383,-42.301638536209,27.5365503570743,31.819611847387
14.8514851485149,-36.8444604907371,-42.0874332757676,31.6784496755492,34.6423268929874
15.8415841584158,-36.544888741182,-39.2286182392226,34.6561298449927,37.7254209433772
16.8316831683168,-32.434946297528,-37.5224905529857,36.4837066427386,41.5775523949954
17.8217821782178,-31.045848211968,-35.3054930579822,39.5875127618377,43.3498563105887
18.8118811881188,-30.0003271057607,-31.9004987304866,41.8504948332858,46.804562453008
19.8019801980198,-29.2343260163545,-30.6836752434739,43.7424077114249,48.3397352356768
20.7920792079208,-27.0096733421687,-27.8812717397445,45.7468929015101,49.7098753937325
21.7821782178218,-22.8692875673585,-25.7551383712988,46.469265459376,50.5779006351861
22.7722772277228,-21.6879039769211,-22.5769797185476,47.9853991878483,50.3496271909685
23.7623762376238,-17.8464169387703,-20.9176564994522,48.3082754275712,50.7059870179108
24.7524752475248,-16.8299906079976,-16.6678000649116,47.5514740120093,49.6513825282777
25.7425742574257,-12.1404575113795,-16.0337205416916,46.2657117071711,47.3875269153881
26.7326732673267,-13.5183351931269,-12.9982101338554,43.9810282252795,45.6132458083838
27.7227722772277,-10.9187048972746,-9.32612048724144,41.5406166520947,42.6601046079418
28.7128712871287,-9.4674071522548,-6.60986914831174,39.2623497351677,38.3185486766476
29.7029702970297,-4.60117981500016,-3.51796091642784,36.2162522318233,34.7086074212952
30.6930693069307,-3.45069874385781,-0.532919319356529,33.498169820422,30.9698643972545
31.6831683168317,-1.03979286009084,1.96332980220028,32.3361277163239,28.6740670964022
32.6732673267327,3.03206817505713,4.08571183993165,30.0714215360802,26.487565534311
33.6633663366337,6.74283831317373,6.74258224466561,28.1679042726902,26.3342297218819
34.6534653465347,8.98879044695563,10.5331678461996,25.1283208701293,22.7628642870675
35.6435643564356,12.1407535606808,11.2668267303307,22.3016656274461,21.6681911795715
36.6336633663366,13.548390446309,17.2789727482138,19.3547232003265,20.0375071587776
37.6237623762376,17.2410216120419,17.381154753911,16.806964253672,18.3253020803954
38.6138613861386,19.5560647531064,21.0337772102882,14.1648942965938,15.2435358714135
39.6039603960396,22.4617572460139,25.2378111224849,12.5329230912931,13.2614772802645
40.5940594059406,23.8944389775609,24.2223332251374,9.53514978310189,11.5803294907134
41.5841584158416,25.2494243965932,26.6478046398683,7.25068476708693,8.93842525081898
42.5742574257426,32.7278208119482,29.3835884316079,4.00840100879911,5.83921662856366
43.5643564356436,33.2139268749692,32.1136953593299,2.23307902681943,4.24182040923781
44.5544554455446,33.2011998707989,31.6469498915379,0.620393275921377,2.20844922717376
45.5445544554455,38.0601480493446,33.8397642247919,0.176586337626734,0.802694268208119
46.5346534653465,38.8139785863588,37.4526132174649,-1.13074975031414,-0.240216632080116
47.5247524752475,40.5753026802985,39.4612962998105,-3.19397622424145,-2.94697805187357
48.5148514851485,40.5278820386695,40.5589075496092,-3.28781152920651,-4.78477691185169
49.5049504950495,41.0472619549441,40.1608586248764,-3.98588365469446,-5.72941117415252
50.4950495049505,40.120080446147,41.3895529628955,-5.47888927708431,-5.55645141391355
51.4851485148515,43.5724554524698,40.1278428791145,-4.5781372924766,-5.46075208235082
52.4752475247525,44.1493116094331,38.6786814553158,-3.94103888495236,-5.33056685157106
53.4653465346535,45.1966085653778,40.614105569246,-4.15940112314204,-5.03540567934053
54.4554455445545,42.7010872076133,36.9832246364321,-3.46385403568854,-3.41038661761219
55.4455445544554,42.2120163017686,38.1029297285261,-2.4243038847132,-3.66469803379965
56.4356435643564,42.960910851493,40.2417819436957,-3.19217537491306,-3.70330489507014
57.4257425742574,39.5878883259674,39.9261979115738,-3.372312605899,-3.495426381268
58.4158415841584,39.2915488757938,38.4253551269981,-3.44398050910988,-4.2142639169513
59.4059405940594,37.9005104296347,36.4958811822444,-3.5952640124311,-4.76014907207299
60.3960396039604,38.8812484645628,35.8428457957322,-4.19510743525161,-4.61055604114314
61.3861386138614,34.8757875383288,36.451176031875,-3.18157987946748,-4.5937237416418
62.3762376237624,33.6240475976499,34.6415600968408,-3.92140008096467,-4.51269553482712
63.3663366336634,32.6409358732845,33.6666735171672,-3.58748139104709,-4.81170459153406
64.3564356435644,31.6993808087882,31.3305267205191,-3.97434033308715,-4.90074067765801
65.3465346534653,29.421131958333,28.4678956234647,-3.47091724350981,-4.52392370800089
66.3366336633663,25.7885644824523,26.8043712493342,-4.49954431667178,-4.44177853247027
67.3267326732673,23.5088477960538,26.2344973945008,-3.49066294094816,-4.49368076139162
68.3168316831683,20.7034774787803,24.9649261572568,-3.51761044191562,-3.78104681006067
69.3069306930693,19.4866700475609,20.6392068455293,-3.74977615436608,-4.00480442475027
70.2970297029703,15.4323101259888,20.243580454982,-3.33418562585617,-4.2046631984906
71.2871287128713,14.5530186960188,13.8403902633875,-4.47666977074772,-3.66456475468013
72.2772277227723,11.2481144647722,11.8258954075581,-3.20980293245726,-4.57661539536758
73.2673267326733,8.41511405410346,8.0763880746948,-2.92283083053527,-4.82205137635471
74.2574257425743,6.48398812888795,5.07780584111504,-3.86126192159781,-4.11798379541208
75.2475247524752,2.94427297423586,1.73193373054086,-3.87255006102308,-5.15766217675178
76.2376237623762,-0.106942687163793,0.829466880157639,-3.13961462408543,-3.82839848363795
77.2277227722772,-1.70980178826554,-3.1887468219357,-2.92919097795803,-3.61370887298313
78.2178217821782,-6.47705354630035,-6.28689084350663,-2.96931267086746,-3.5779759191166
79.2079207920792,-9.54871934998367,-9.47202233050486,-4.21084715755344,-2.63776350755347
80.1980198019802,-13.5737813431795,-13.736632318309,-3.92828244797731,-3.19612413263435
81.1881188118812,-16.9812781173193,-16.9598471948566,-3.0232317953114,-3.16311991164502
82.1782178217822,-20.2842176292778,-21.041343693603,-2.48544616427114,-3.63807924993499
83.1683168316832,-20.3288995846722,-23.1530297826101,-3.07074824354067,-3.41747350753338
84.1584158415842,-25.5896114686763,-24.8228563571576,-1.97348020159875,-2.97265616960983
85.1485148514851,-30.9625056423861,-28.8199432757188,-1.50967987383503,-1.79404051390216
86.1386138613861,-34.3092437855508,-32.6509885050308,-1.07459316837594,-0.720188660103125
87.1287128712871,-35.4024880854683,-36.9512231809101,-1.27677190519017,-0.576048938380931
88.1188118811881,-37.7427825137927,-40.4084072735807,-1.6478713856234,-1.04605706989695
89.1089108910891,-40.2138210902611,-44.2786025774374,-0.60048199955831,0.570712047724626
90.0990099009901,-44.4369799576052,-48.5083059158753,-0.174445289745045,-0.0240234100000024
91.0891089108911,-47.5591042846767,-50.3057268402705,0.288178476128051,0.418704475199175
92.0792079207921,-48.2466012420759,-54.6858045777672,1.18696815477275,0.437630177480055
93.0693069306931,-51.7684810944841,-54.5536798484405,1.95521698371691,0.555640572219148
94.0594059405941,-53.4859674496101,-58.1747629563534,2.28346317618392,2.75482913888342
95.049504950495,-54.7691611858176,-57.3944230830228,3.54230130021674,3.92883526906415
96.039603960396,-55.4284590845695,-60.0267378951197,4.37233029800056,4.83126057763414
97.029702970297,-58.2805184592605,-59.879686322422,5.90537336162651,3.81200519439266
98.019801980198,-58.4678681010353,-62.1629674431108,6.56803617624186,5.04462858811371
99.009900990099,-60.3756579608614,-61.4507541833176,5.8204681828118,3.9424683885998
0,-57.4826441848595,-60.9420956067945,5.07898637838724,4.44393052610038
1,-59.6791385458858,-61.4991091651101,5.13308866048325,4.18148478571575
2,-57.9285219358919,-60.6249392815585,5.66587051301872,4.59256498756911
3,-56.6648164619832,-58.1784720971755,6.1320265642335,4.95815617625124
4,-56.2450045511074,-58.9515770004705,5.97160166675119,5.02334143906338
5,-55.3104631831999,-59.6127993197823,7.01652179661649,4.78111868239363
6,-53.6612052536897,-57.1525820088343,10.6564845823791,7.38701663425742
7,-49.6805241396301,-53.6613528520034,14.3429744653366,10.2293574000402
8,-51.3214249380277,-51.4879790350679,19.1486969292737,14.5568724810622
9,-47.7228282951579,-51.5326003465009,22.887676701576,17.9723484482634
10,-46.2877804956548,-50.5240510296399,26.7071423188637,21.3580901169906
11,-45.1210201024695,-49.2960396611173,28.3331961763582,25.2171902649139
12,-42.9945665451771,-45.0529942909036,30.4378443699984,27.1088282142775
13,-40.9307418007933,-42.0008078726154,32.2399260910311,30.1897601018549
14,-40.2324837501139,-39.1808021426291,34.0930680927024,33.6492686942665
15,-36.7124069638358,-39.9770324242076,36.9259202906531,35.5249447534761
16,-36.1614262953359,-36.5675912953648,39.7345626444353,37.2910089849367
17,-35.0253695636546,-36.7069347704566,41.3925508854235,40.0031201341261
18,-31.2467073395855,-33.9346027060693,42.823797242547,41.9585865517836
19,-27.7386794245895,-33.2991071893678,44.4001560637225,45.9700078549183
20,-29.8797785805814,-28.7436855125838,45.8329889699561,46.8699547722638
21,-25.0269982532705,-26.9697588562226,45.3332767388187,48.8583225105718
22,-26.4133380166326,-22.6854635425531,43.8135592753382,50.1618662155019
23,-21.9883531743139,-18.863322985742,44.8915096904773,50.2092696975364
24,-21.5530978709933,-18.1099351778084,45.0679779134513,49.2641902204207
25,-20.2270426315156,-16.0855446142119,44.032452693775,47.909355876628
26,-19.4502935219172,-13.7296829346735,44.6939799558387,46.691595025216
27,-13.4915988814081,-11.007777246434,43.9403493655906,44.6593039303904
28,-10.4361102288268,-7.21047493811211,43.5884765139153,41.8895176639059
29,-8.00314588350475,-5.35022953155273,42.5886831224025,39.0442687114026
30,-6.39892567781814,-3.4607966066448,41.0692690050073,36.1736116463145
31,-3.67986020796805,-0.040864894263945,39.7807033174979,32.797146880559
32,-0.20652116336544,2.0296977141452,36.3913461481762,29.6009206127676
33,2.39329003546258,4.61413706334828,32.1456795839274,25.8122640518111
34,4.87099891179437,7.9707949594819,28.0391267718828,22.348751531007
35,6.79962962309032,9.73979569791878,25.2800021923066,19.6415650848161
36,12.5521579472903,13.7196897362992,23.6089939915387,17.5285722533924
37,16.0338543689992,14.9308420760776,21.6672580171654,15.9245454899269
38,17.5879512270818,18.4671162446399,18.6985729681322,14.1623379324366
39,19.9540159230772,21.7686592633942,17.1448977760181,11.9001213520468
40,23.7440888766413,23.7433864878802,14.9269413082752,10.4676523312544
41,25.6791735104968,23.5665511492815,12.2421069670662,8.7280922884173
42,26.712555296027,28.5437331549304,10.3433058111484,6.97951379674377
43,30.21579611994,29.4339945417664,9.35830367299309,4.95750010208204
44,31.8253439208602,32.1969274080356,7.38400223049568,3.69252110478047
45,33.3723521373036,32.8378561407972,3.69997187187918,2.52281400880149
46,33.709298941467,34.9479362166838,2.07939162274839,0.719591103174487
47,36.9840764680128,37.3411565404169,0.604973162457647,-0.675323647972252
48,37.7200063286778,37.9194588175581,-0.787377819481505,-1.62542456919346
49,38.5030415717736,38.4125776612567,-1.65234266141334,-4.07351836000971
50,39.116199696328,40.4501594329504,-3.92256796888963,-5.33315554087161
51,40.6142145091902,39.6241662770674,-5.58089169602609,-6.16697024896431
52,41.897702438139,42.2112955892152,-5.74646590151884,-5.22283959423251
53,40.3043273358086,38.4536792208888,-5.33363127344775,-6.23023705914496
54,41.8160409950704,41.0461261397783,-4.80342849414739,-6.32264199086841
55,40.60866891896,39.9530049829075,-4.28611372227198,-5.02941935950722
56,41.3094642437031,40.8596071822192,-4.35751438025494,-5.600979800557
57,38.6493216707023,40.8861685851141,-4.6642816969062,-4.37101591040803
58,38.3582755514238,39.2544690589971,-4.37386902307956,-4.03365042471276
59,37.0256938741124,39.2413074929319,-3.5606702040068,-4.45625184918942
60,34.4629449130893,37.2005838827287,-4.45351650073639,-3.91171461969937
61,33.3800606781801,34.9062380759688,-4.30098458755665,-4.72740421234788
62,32.4407066947809,32.6963146183939,-3.95249017222477,-4.77600050295551
63,30.2284802875961,31.3926859352862,-4.22476548869461,-4.10501588346314
64,26.4213778366514,29.2865527783168,-5.52449249680979,-3.74441576404391
65,28.041675799697,28.036092123658,-3.43100188666901,-3.58961991397646
66,23.000313648391,25.3593405508047,-4.34432788130316,-3.6704669056328
67,20.8204332460358,22.3193419122226,-4.08901156363622,-3.85308324952018
68,16.7448718153647,20.6296820916405,-3.195335540949,-5.06071822107281
69,16.0526296968529,15.4261260560726,-3.62618620117219,-4.56567150015209
70,13.2248013023828,14.9849263897811,-3.59655041493056,-3.69897884598261
71,10.5542089272844,11.470848498816,-3.81777725535783,-4.50878547385765
72,7.95760033206067,11.2453446174864,-4.33440969208609,-4.48807821056478
73,2.06950827154592,6.84363376199517,-4.09732187396141,-3.49587174058281
74,1.98251187033473,3.44359291589404,-3.74762179449637,-4.17185696088438
75,0.898306056601728,-0.159961477890456,-3.65452030461678,-4.91363607061945
76,-6.40596129570489,-3.48058532934893,-3.50324302915539,-3.45584005175286
77,-6.96194392948685,-4.80607365948454,-4.27875394483502,-3.88979119116453
78,-10.7187361819953,-8.71841638580143,-3.21993478093585,-4.06485170203144
79,-14.2683258024551,-12.0229388772061,-3.53454775585973,-3.65493479207685
80,-16.5736707372691,-16.3584628311325,-3.01524581733148,-3.39005362987052
81,-20.6450020932764,-20.306963396424,-3.9560751134102,-2.2677773261305
82,-21.3390994747952,-23.7084764412353,-3.04338747968239,-2.8184190660372
83,-24.6833087075361,-25.9099435879404,-2.9853904901673,-2.2380791665031
84,-28.6875043068073,-30.4138260690291,-3.44235311734035,-1.8887190617915
85,-33.2107689208561,-34.3971334214772,-2.82130890876113,-1.0930647978083
86,-34.9691035072935,-34.7301366212793,-0.618391435711752,-1.40587727100309
87,-38.6996204391635,-40.6449381697456,-1.45748036814937,0.168982661045775
88,-41.6108015361617,-42.307458403582,0.442740236412211,0.10210781009892
89,-43.1066667774741,-45.4696526829369,0.972185431296311,0.920586918603533
90,-47.7959404885811,-48.2949762537042,1.02281508707296,0.379357666522332
91,-48.6338432135828,-50.222508753705,1.17696370118837,0.200737540170522
92,-53.2341567245664,-52.8453557903961,0.364539064735506,0.441087580521587
93,-55.2278597199777,-55.1135034541673,1.83896771085511,1.08928737513685
94,-54.5184635855594,-57.8662380554296,2.96112118560058,3.30253756922103
95,-57.4948550030889,-57.8589847632639,3.90546979106217,4.02018065973197
96,-56.9290888231486,-58.218174926445,4.88243087800174,5.57344448379192
97,-54.8920678469524,-59.5677363786167,3.72113946749863,4.32672489385845
98,-58.6358920039241,-61.3936890782799,4.77017856573152,3.68617305153103
99,-58.7719865852686,-61.361813735838,5.04868172620954,2.93312751413205
0,-58.8900829578276,-59.4070277528377,6.01134242944729,3.68571909231012
0.99009900990099,-58.7688081738954,-59.4026939882154,5.60171950476808,4.80173537841537
1.98019801980198,-60.2884782065733,-61.4450189069102,5.56572061756809,4.79379439227695
2.97029702970297,-59.0327047418927,-58.9874886748318,7.01620155407979,4.04376487145518
3.96039603960396,-56.3754663894703,-58.5788110458838,6.45339256231046,4.07239450527193
4.95049504950495,-56.447200349912,-56.9289603764393,9.97341937028426,5.35509804785495
5.94059405940594,-53.9252387865178,-55.142888965818,12.0852563490854,7.72586010797092
6.93069306930693,-52.218534157074,-53.762263977779,17.4693912221573,10.5580569772224
7.92079207920792,-50.165028945493,-50.6738733544635,22.106147940158,14.3796457840209
8.91089108910891,-49.1284286356057,-50.7292848669154,25.66906220827,17.2170433151597
9.9009900990099,-49.0770468656613,-47.5367805249927,28.6334491252794,19.4217393229737
10.8910891089109,-45.8558251000341,-46.1757977997277,31.3524058592317,22.0106708895118
11.8811881188119,-44.4948374993023,-44.9819620648108,32.8467968544545,25.0055187434061
12.8712871287129,-43.7493919891723,-42.3898905333945,35.4278521314214,27.6100312654156
13.8613861386139,-41.129425193351,-40.6353068656723,37.1455052007934,30.5823322708588
14.8514851485149,-39.4523748326259,-39.0538945885669,39.7488511945361,33.4547643412504
15.8415841584158,-36.7657802591965,-36.8940869930634,40.1940460562947,35.6009891329935
16.8316831683168,-34.8560128698816,-34.8099156201906,42.8079169971489,37.6251724640918
17.8217821782178,-34.0725773522307,-32.3321682455383,44.2114743160538,39.8470657771961
18.8118811881188,-30.7095936202921,-29.0328359199641,46.3692290437943,42.6442520208854
19.8019801980198,-28.6706270559467,-27.8063928914253,46.9323012865658,43.3690150441678
20.7920792079208,-28.8176284013772,-24.7263887957802,49.0802319512182,45.0654723765997
21.7821782178218,-24.2148072720793,-24.4614354829671,49.3598152643463,46.3768230841224
22.7722772277228,-23.8138442018073,-21.2953647265586,48.9614276617336,46.3906309639435
23.7623762376238,-23.4736486873282,-17.6504774253186,49.184885885464,46.1407647033308
24.7524752475248,-20.4281199475974,-16.3701942274087,48.3750330681316,45.6245956639435
25.7425742574257,-17.6233160135967,-13.2913361339974,49.2925184964644,43.7246633470515
26.7326732673267,-13.1595607938867,-10.8152578938277,48.9274985207259,44.6170999644819
27.7227722772277,-12.5886380844331,-7.85232141293055,46.84035035628,40.7805419109324
28.7128712871287,-10.5640971240006,-5.38894479095577,46.6833383872145,38.4114963751603
29.7029702970297,-6.79350227094104,-5.42929101905423,44.5767979710659,35.5115013886343
30.6930693069307,-3.46986170636149,0.795691563049117,42.8824033816657,32.7325305163616
31.6831683168317,-1.3791718083562,3.40344204214676,39.2309526339995,29.9859910189161
32.6732673267327,1.21255234249786,4.48865521626673,35.9680825103462,25.3994879789783
33.6633663366337,5.20767779719851,8.70372619069187,32.2914408239132,21.9019773391056
34.6534653465347,6.77358314975075,11.843137607791,28.1971819401017,20.2584036082818
35.6435643564356,10.5882197769044,13.1916489866891,24.2254759286005,17.1411582998521
36.6336633663366,13.1485874425404,14.7619297086383,21.1434446815058,15.9643074436968
37.6237623762376,17.1277112768363,18.9259679618717,19.5493200561437,14.6359303742068
38.6138613861386,18.5883158152971,19.3166543406738,18.1938032161573,14.4172758691198
39.6039603960396,21.8365930553716,26.3668296540583,16.8250040212223,12.0754686486541
40.5940594059406,26.373837941228,23.9807040539108,14.5687198545528,9.85964944955884
41.5841584158416,27.7055469666408,26.2120873546851,13.324185416655,8.26325608508954
42.5742574257426,29.6667900335125,27.879009167654,11.2287211796221,4.85718552331329
43.5643564356436,31.8966836188848,33.210521150054,9.6330486417542,3.35416167721105
44.5544554455446,35.4908956912953,35.867144698131,5.34840086345504,1.02767324084489
45.5445544554455,36.5839683006924,35.618243698483,2.7247991542321,-0.0887029404560465
46.5346534653465,38.0876369468336,35.9412301347634,0.358337695956163,-0.0604676645653602
47.5247524752475,39.6988447719418,38.9429638734944,-1.28803775862107,-1.84743091715435
48.5148514851485,42.0125556765914,38.4948316642383,-0.0346873826121784,-1.41615321691485
49.5049504950495,40.4915762453234,39.0130326776804,-2.76305923814471,-3.23566143135063
50.4950495049505,40.5055574836402,41.4730864782335,-4.15263628894266,-3.4791348944154
51.4851485148515,39.9556645407668,40.3613959954526,-4.93786490912311,-5.20473968066087
52.4752475247525,42.4284982041074,39.0019998832211,-6.32959500770382,-6.05875786872903
53.4653465346535,41.9689110940512,41.7738279649651,-4.70912430311182,-5.89554004435621
54.4554455445545,39.6548218346865,43.4317272287035,-4.18321617295536,-4.12541171593294
55.4455445544554,40.6466878225039,40.7306846974,-4.23550929540142,-3.8710546877021
56.4356435643564,39.837937443382,42.092553053571,-4.03190620200405,-4.72613304151857
57.4257425742574,38.4050165697031,42.0472653168662,-4.46381842827941,-3.80293195138185
58.4158415841584,36.8679099311084,38.8550932033658,-4.20740559065208,-4.52751322872511
59.4059405940594,36.5472395218784,37.0613260366468,-4.81569567669163,-4.12796148387231
60.3960396039604,34.9568439068526,36.1993075880783,-4.89995027598185,-4.48397433023877
61.3861386138614,31.7271824199205,36.2238494390819,-5.04451402888777,-4.66049313197784
62.3762376237624,31.4703500374444,33.5152327863949,-3.90378848768434,-4.72206899732289
63.3663366336634,30.4942841372959,32.1412723763823,-4.48859281306143,-4.63490662216633
64.3564356435644,27.0360820569219,29.6753188102971,-4.24475336673291,-3.14237194526463
65.3465346534653,24.5091385524998,28.2723256120534,-3.37938665679011,-5.34045392754889
66.3366336633663,21.9795055335246,25.5191522070595,-4.29685879650942,-4.47135447434014
67.3267326732673,20.5246482050863,24.0191309785357,-4.52403611748598,-4.40327262850474
68.3168316831683,15.6984754798665,21.3420577979691,-3.15637364294317,-5.25457317491511
69.3069306930693,15.4233868958248,18.8542983097029,-4.44220847384203,-4.19267824892233
70.2970297029703,11.3544405778673,15.6843830423141,-4.44709979408404,-4.23987866672466
71.2871287128713,8.82396870692323,14.5088554869063,-4.61147437593962,-3.84807328677123
72.2772277227723,6.7043739475226,9.3883806622705,-3.43965019403354,-4.29751474374902
73.2673267326733,3.56543952029933,4.15045877529882,-4.09823279641586,-3.54724557816404
74.2574257425743,2.71236870437,3.69766757305561,-3.52457033130452,-4.03837792473414
75.2475247524752,0.887103252575931,-0.746167505686942,-4.26930701381493,-3.57323370755938
76.2376237623762,-4.35850667107411,-3.65068816409848,-3.96257640656139,-3.69544832731087
77.2277227722772,-6.58375549711082,-7.7962916469939,-3.39319230909435,-3.05538539550525
78.2178217821782,-10.467441772347,-9.71156092644255,-3.51389871702288,-3.8570223411057
79.2079207920792,-14.0244916990024,-14.3997014593958,-3.18901469310562,-3.79117660520341
80.1980198019802,-17.3919594948537,-14.6447858187556,-2.56912180170387,-3.12852818208834
81.1881188118812,-20.5166437916448,-19.641362894017,-3.22039770621953,-2.82385605542922
82.1782178217822,-22.1220192351178,-24.3807561420253,-2.42470103609889,-2.52146815664369
83.1683168316832,-26.5871947485916,-28.053200508685,-2.47454124991807,-2.93557739752119
84.1584158415842,-30.7538402359621,-31.3757925885737,-1.99787687380205,-2.15580003264669
85.1485148514851,-33.6710242287727,-33.9051347205581,-1.32336514036635,-1.44829799967587
86.1386138613861,-36.2351758060316,-36.558021010601,-0.52586617604297,-0.908173092491037
87.1287128712871,-37.7160305242059,-40.2968061107026,-0.807579273965286,-0.723766018951617
88.1188118811881,-41.4886656608689,-46.1548708182524,-0.455777551585352,-0.0253762205714064
89.1089108910891,-43.7140240992041,-47.6435463624591,-0.139939167107434,0.581599095344689
90.0990099009901,-44.3665500714082,-51.353221274213,0.236346948847535,0.0534354541848372
91.0891089108911,-48.267384716022,-52.1769268654585,1.07771013584945,0.862936346318828
92.0792079207921,-51.9385893047165,-53.6759822977942,1.19051693036736,0.641085641019198
93.0693069306931,-52.439617503899,-57.6175068026149,2.53806021645573,1.78970577437428
94.0594059405941,-55.4476634859852,-55.9785955344605,2.50140424381631,2.88876714420244
95.049504950495,-56.2505771492247,-56.3697566216393,2.82476921902803,4.33033820205723
96.039603960396,-56.6606752495202,-59.7552437330717,4.82253535234366,3.43033295327378
97.029702970297,-58.0879225848436,-61.5957901873391,6.98354443866461,3.49358925175547
98.019801980198,-59.5023328937783,-61.2201162465362,6.99509988725084,3.14776332132006
99.009900990099,-60.1600880417091,-62.2128889693021,6.58360320080517,4.29756639416816
