"Normalised.Time","Stroke_GateAngle_1_sim_junior_17","Bow_GateAngle_1_sim_junior_17","Stroke_GateForceX_1_sim_junior_17","Bow_GateForceX_1_sim_junior_17"
0,-44.9640969220233,-51.9792117448224,7.15476537069383,8.41792335615026
1,-46.0374374469091,-51.4259101696335,7.22442220007341,7.73321857377763
2,-46.205560155326,-52.185737135085,8.15512753353764,9.27913878281952
3,-46.5166546929182,-48.5442911223546,9.89162844127384,11.7505109698944
4,-43.2911238359191,-48.6353124451904,14.8810675477577,15.9312780162984
5,-40.7465335558648,-44.7825912724576,19.338582578189,16.2318702074026
6,-38.3253483958767,-43.120130869202,20.4185633441664,18.1080354744704
7,-37.5702342537977,-43.1640168257352,25.3494112147213,22.0224538108846
8,-38.0799749471346,-41.1790073085118,27.8306960230004,24.8638682114173
9,-35.3411648935646,-40.4286350776504,29.1041254546981,27.466057646244
10,-33.193396895965,-37.7411067355044,32.2699569309341,27.8741336761135
11,-31.4207863287791,-35.2601544673383,33.424552339251,29.9739677800361
12,-30.1285365548738,-34.9573294942256,36.168141380254,32.0527676581795
13,-28.7954277986917,-32.0724070814208,39.0512623665914,32.9730132622544
14,-25.6315377881981,-30.3001530790769,39.6260584053493,33.8386147489314
15,-23.73499618851,-28.240157849009,41.2633513311266,34.4387060978512
16,-22.6922902274402,-28.1520037540988,42.439911486053,35.3048167918656
17,-20.3052008398544,-24.9535335065748,44.2687445108296,36.63047738195
18,-15.8048912562246,-21.0853197606095,44.1492420752975,37.150804569612
19,-15.5607652709219,-18.5785846963335,43.7882624437941,38.8943232109351
20,-13.4802564258835,-17.8892807605025,43.3213092084278,39.0922451842368
21,-12.2666907930014,-15.2074947175222,42.6923276345284,39.7305378427392
22,-10.7206865026441,-12.0199076953252,40.5571493503451,39.7721424320042
23,-7.96597754948152,-7.67301471567519,40.2369416862553,38.6796903975318
24,-5.19264629398785,-7.82677404988451,38.8922146235037,38.7851246121606
25,-4.47333349100124,-3.60100989761137,36.7146903108952,37.4402275954222
26,-0.268620430811143,-2.61528976704549,35.5030815911713,34.9980044910398
27,1.21592106778163,0.217992494019815,33.4692858239722,32.6443261934078
28,7.31843374097761,2.18386917248616,31.2952255752603,28.919618437006
29,7.05157619563836,6.56980851499872,27.5678875415609,25.543522147115
30,12.5189162651834,8.57644948231861,24.368709421224,22.8723424580795
31,15.1968492621415,12.2051711624483,21.075735864171,20.4678358750139
32,14.1934411148757,13.2570556561694,19.0972719308761,18.6380462283251
33,17.2558284196064,15.7589749445551,18.2819213688731,17.8308827424754
34,20.9061725994077,19.3809137743544,17.6905965427586,16.1104499069829
35,24.9292676651891,20.7175246870363,16.7550957074682,14.6056374729509
36,27.4756355787317,25.2995901038683,14.8550162961788,12.2516091043596
37,28.5005733278772,25.1997119656533,13.4628983920039,11.3665023764757
38,31.1200773536748,27.5944651452879,12.1097953125067,9.12783282181556
39,33.3157543802722,33.2987708039543,8.69352546307435,7.61296286805491
40,35.6606475740861,31.4623811259346,8.06627661918735,6.20319499563424
41,36.295598932551,34.7298680183486,4.3182411897394,4.93043970098467
42,38.9909577798744,36.5475586394127,3.25609139318242,4.39365950643216
43,38.5583465223607,37.5525387405299,2.08355644012374,3.74372271005292
44,41.1984951845161,39.0561670993591,1.06301022223285,2.46955748350722
45,41.220447898017,40.1750735421973,0.584814361200197,1.37912584739549
46,41.7568717362054,41.071185493941,-0.646496310469496,0.547687312639465
47,43.1116703642725,41.6095442167947,-1.2240070855941,-1.80004898685284
48,44.4250935679646,43.5029635020637,-1.65665984973607,-2.32226467776193
49,42.3974701165133,44.4881478318277,-2.64427355261256,-2.81678155938416
50,42.4283842427906,43.4470063963521,-2.2514493003029,-2.32047045271085
51,43.1133174502386,44.0481957222498,-1.91065722612056,-1.81880844030728
52,42.8495420808384,41.66675825219,-1.80310720435915,-2.01347370923099
53,41.7490637817364,43.4257860884543,-0.783155733987306,-1.67655864071802
54,40.878809458454,42.0263172331817,-1.65132497057858,-0.668687000093637
55,40.457206729962,41.1636209375918,-0.921475666377795,-1.3271254152504
56,40.2965139215358,41.5640774540232,-0.396244528926287,-0.283937258265144
57,39.8009128371536,38.8858812750071,0.27305830955917,-0.926988073880017
58,37.3992958223624,36.5601461023228,-0.697133034116793,-0.382124326817489
59,34.6734421418139,36.1420702155209,-0.906105934586436,-0.594237615738319
60,33.7857953692709,34.1211800147334,-0.13691729020196,-0.599558446657929
61,32.3747072267288,32.5101004569478,0.146816990591045,-0.552482513547427
62,30.5196356710604,30.3043470883146,0.221930095812795,-0.116296049537875
63,29.3444420284004,27.4235305508773,0.667002675957835,0.438840302411367
64,26.1479608037048,26.0466506719326,-0.590521489294469,-0.543942182847636
65,24.9837545065434,26.7162521120803,0.920366734936301,0.72810545732016
66,21.1501691513164,21.5813422697924,1.01536443896938,-0.228619282427733
67,20.2011670422044,20.440738285152,-0.280298430275864,-0.139519365045801
68,18.0776925940656,18.0692983002269,-0.438356689219259,0.353424880172747
69,15.6012140846174,16.0231029776269,-0.588093013536487,-0.110212492522214
70,14.3522605307431,12.5595753442992,1.0811122663001,0.550598797792722
71,13.4650381876908,11.9667176464355,-0.525805209434181,-0.406285504071464
72,10.7516731447908,8.31333721960484,-0.186781829918553,-0.393287502694646
73,6.76712143210146,6.91495444951642,0.141002128294729,-0.287511137884315
74,5.53361414076556,5.79151323589992,0.0898898720865955,-0.137038984570272
75,4.40493262027523,1.02496355898,-0.766508359201856,0.195499868100614
76,0.405775104991744,1.05554244698545,0.300924079411582,1.16370488642528
77,-1.41886698840199,-2.10918300558701,-0.240603087050918,1.16419292191448
78,-4.54258598536496,-4.17491451725991,0.791172086726787,0.766784537901651
79,-5.98867430965195,-7.52936181278918,0.79011681966001,0.21088784853446
80,-7.34478687340728,-8.24807891701621,0.0142644663760018,0.560661074766533
81,-11.2795026307351,-13.4498149590297,0.0518071777022576,0.735131144731693
82,-11.8017996898843,-15.259230516635,1.08610438174243,0.805012875655316
83,-14.3651659326702,-17.5151363913783,0.727944763403423,1.224455140732
84,-16.0828559946273,-18.6189834304255,0.842046291067105,0.865495692059286
85,-20.3868119065797,-21.6041208668202,0.607130888732826,2.20539557050508
86,-21.1947638986757,-24.9156531752176,0.946018303251714,1.22039790721703
87,-25.3188169283394,-26.5035228144632,1.26865688168164,1.23333375884396
88,-25.6475333910303,-31.8411694201259,1.70207727884427,1.84011611496428
89,-27.6427050286215,-33.585413438166,2.65092735918172,2.35009803966611
90,-31.4026193189293,-35.2490890975078,3.22319976242378,3.25527872685714
91,-34.3914291612355,-38.8835782063977,3.74257633339554,4.48365584233523
92,-34.2089982544288,-40.3014390965009,3.81657514474306,3.76026341103462
93,-38.5769480901969,-43.3777170452225,3.49050381767658,4.83836998404568
94,-38.8929919129494,-45.9241480611843,3.37475218156325,4.7363613827854
95,-42.4402318849696,-48.7943698735806,4.71802563044603,4.95994328632535
96,-41.7914757434553,-49.422225121079,5.75769339809661,5.79318618834284
97,-42.1429999362326,-49.9201781923233,6.48961106992462,6.30438863608804
98,-45.5364253001517,-53.6353059078074,8.2209829257769,7.84875910671382
99,-43.6018535875576,-51.3491437153359,9.30181879003625,8.08791976347764
0,-52.1897398013615,-65.1643015566535,9.01969952242731,7.16143377609165
0.99009900990099,-51.3798321687878,-64.9689038922476,7.90218036134022,6.01873049779126
1.98019801980198,-51.5395008285615,-64.1639068597769,8.61504614983566,6.88212709025996
2.97029702970297,-51.0967561413731,-63.1386533956034,8.01425776048107,6.05060387144984
3.96039603960396,-50.1075904480046,-62.0355328674814,9.54504569350304,7.10698170536412
4.95049504950495,-49.446434841739,-58.6174298290808,9.89390674559511,8.39183681940872
5.94059405940594,-45.9997542819082,-57.5947714663088,12.6839275350213,11.7103103787722
6.93069306930693,-45.8257180977757,-56.8728457217849,15.6801814793764,15.5625047203522
7.92079207920792,-42.1945026377388,-55.9490781841826,21.5686801617345,17.6526698530749
8.91089108910891,-39.2924882806788,-53.3023643403545,26.6569834525671,18.9842991238758
9.9009900990099,-42.1191692522226,-51.8462224558086,30.6153356417251,19.9206466289284
10.8910891089109,-38.3184351504816,-52.02713417504,34.6363871475137,22.1898590545331
11.8811881188119,-35.8270382250865,-49.565795729121,38.0790770456869,23.0604368724612
12.8712871287129,-32.9406034861476,-48.2430879001558,39.696484663169,23.850687791933
13.8613861386139,-32.5309189906885,-45.4902304751988,41.1488326234579,26.0185129640012
14.8514851485149,-30.6699516630285,-43.105771517099,42.2146301273391,29.1530916249491
15.8415841584158,-28.7581416018852,-40.1670732071547,43.5213463146869,31.7671899829293
16.8316831683168,-26.3310181013843,-39.9493925246292,45.9200335741648,34.6986282740145
17.8217821782178,-25.5690425432096,-38.1301917801618,45.5682069567707,36.4770690024175
18.8118811881188,-22.1686762735498,-34.5415670402769,47.2475911122796,38.235280768811
19.8019801980198,-21.1304562590024,-34.0869845771297,46.8475130090915,38.4326587155712
20.7920792079208,-18.5224873233536,-30.7117650716949,45.7223402480949,40.776693161275
21.7821782178218,-17.405135945165,-29.0838194473574,44.9841912169652,42.2374198451927
22.7722772277228,-15.3046942682297,-26.1314399160011,43.8070924022801,43.4645305362583
23.7623762376238,-11.5741261659419,-24.0951376714682,42.8872482852767,44.244550780849
24.7524752475248,-11.1031102722886,-20.1659054230477,40.786567095527,43.655127916277
25.7425742574257,-9.98955753172109,-18.3958272145293,38.2919507765178,43.1169559957345
26.7326732673267,-4.23470413340917,-18.0520889107044,34.5380770502348,41.6113555714255
27.7227722772277,-3.13456683692682,-12.9907472253366,32.7446488364737,39.1781666101838
28.7128712871287,-1.66601901780695,-12.3759656970361,28.7702041788533,36.5160533647677
29.7029702970297,1.51771610227204,-9.32490047054454,28.1375850001974,34.5410790414414
30.6930693069307,4.24066595646709,-5.59763594178587,24.9194669717527,33.2352848563488
31.6831683168317,7.7283755128542,-2.32577156547419,22.9859726861972,31.5120907168584
32.6732673267327,7.89248330320811,-1.39553050334737,21.1963064222725,28.2504152752
33.6633663366337,11.8166760446629,1.49493809920257,20.239416038382,27.7726247069225
34.6534653465347,13.7389921738586,4.00517542233166,19.8824323181309,25.1489342502976
35.6435643564356,16.7929474620864,8.47932814452908,17.6856641939087,22.7176512325022
36.6336633663366,21.4237342552511,10.9028353409076,16.5491926984188,19.793605166457
37.6237623762376,23.3116511408951,13.3118403914779,14.540179334045,17.8503339911462
38.6138613861386,23.5473362104244,13.5281109429897,11.6188052351962,14.9201394154485
39.6039603960396,27.5506067095238,17.0131335959124,8.59323855601167,11.9548576972377
40.5940594059406,28.320662952176,19.9621984510837,5.69582741634145,7.74384334274114
41.5841584158416,32.0190309352891,20.5299764823503,2.96788425238396,5.12287103512047
42.5742574257426,34.305897584327,23.2858498504093,3.09595335476418,2.4591281713673
43.5643564356436,35.0513855462925,24.8570664512194,1.40521579234411,2.21160830017346
44.5544554455446,35.8277889872589,24.9123617671058,0.652643317547113,1.92870102993557
45.5445544554455,38.4324349376193,24.9007252498169,0.820453451236468,0.902725050270582
46.5346534653465,40.7383026020391,27.2977369502285,-0.431210448735604,-0.476823609996331
47.5247524752475,40.9341378047883,28.2745438395733,-1.60197302679029,-0.765049336246286
48.5148514851485,41.5760564294723,32.052248724341,0.094861772441041,-1.66363893175735
49.5049504950495,42.411720309178,33.568964152674,1.11030176037778,-1.44194361958153
50.4950495049505,40.550000912917,31.8289344935019,-0.26207957242388,-0.606715370840877
51.4851485148515,43.2066820392033,32.4507699597103,-1.11340696899587,-1.79947083284048
52.4752475247525,43.3966320611876,32.5448680875004,0.798690744649497,-3.18465576575647
53.4653465346535,44.1359306801003,33.0112918807632,0.608403244597786,0.0790365140632305
54.4554455445545,43.6415786259644,35.5366323417445,-1.61135228524859,0.194816587770097
55.4455445544554,44.9158151166747,35.067374451591,0.41095345754741,-1.02011358937046
56.4356435643564,42.465162868665,34.7219644596411,-2.12036570413385,-0.719651743060443
57.4257425742574,40.0647546092484,32.9177261899203,-0.512646645004351,-0.742900342567118
58.4158415841584,39.2651901083396,31.8344132651861,-0.446250688458446,-0.828626704967482
59.4059405940594,38.7709639595191,31.7476489781454,-1.0203640095823,-0.530134223466561
60.3960396039604,38.7052938783457,25.6487504015805,-0.148224110860933,-2.97838813526204
61.3861386138614,36.5068629889735,28.1623326967165,0.0780083681837281,-2.15966658153521
62.3762376237624,33.5820502225377,25.3192422252029,-0.302057983425394,-1.02027810148863
63.3663366336634,31.1074217963047,24.4549968913454,0.00883756638733391,-1.01075804289495
64.3564356435644,30.7423018298406,22.4516689433856,0.254028158492792,-0.0236198866953177
65.3465346534653,25.8886577647166,20.9278269891978,-0.528701475796689,-1.13375777129104
66.3366336633663,24.0459898390867,19.9119254754359,-0.484447050973601,-0.998129386728377
67.3267326732673,24.1851283950905,18.5027626388007,-0.787073104818952,-0.0133739783763049
68.3168316831683,20.137060902246,15.2998950123197,0.579872580137258,-0.54897453333876
69.3069306930693,18.2785851897538,13.4414563133022,0.167866914879256,-0.895381538374336
70.2970297029703,13.1717401900446,10.4442309728588,0.100995952280605,-1.34737717419461
71.2871287128713,14.2431645926463,10.2889022845283,1.0052501560349,-1.18904127894241
72.2772277227723,10.6286863541256,7.0361042892805,0.337244962094369,-0.906084188844326
73.2673267326733,9.74916005053881,5.48039072813782,-0.574405336548333,-0.884243591553155
74.2574257425743,5.39540846407932,3.16995204686143,0.362023514128044,-1.68094608917848
75.2475247524752,3.92089768406083,-1.07191677726109,0.1132707445985,-1.06929905301126
76.2376237623762,2.05034883624211,-3.25222839900728,-0.212309932242117,-1.57549506990046
77.2277227722772,-3.42246937153987,-5.93050916977919,0.179226278904963,-0.0289572544820724
78.2178217821782,-4.98538280010546,-7.42875524199384,-0.375176497152222,-0.22990477896653
79.2079207920792,-6.0615919920737,-10.4487636281769,-1.13871854751897,-0.142066949157327
80.1980198019802,-10.0123161033824,-12.9076748881561,-0.248869160483783,-0.943652006119412
81.1881188118812,-15.5402435501658,-15.0394276133087,-0.0777601222746038,-0.209810184378318
82.1782178217822,-13.9098058352804,-20.1379562140639,-0.859541768964144,-0.860744893015098
83.1683168316832,-19.7122449176528,-21.5459404569754,-0.120766235240839,-0.920142770268462
84.1584158415842,-22.8734885530987,-25.8900750730836,0.0731920993046486,0.202495205734745
85.1485148514851,-25.3443918470942,-27.5698426185084,0.0739869304543523,0.236519034139831
86.1386138613861,-26.7948788420903,-31.66445464696,0.772245471520753,0.198095703094048
87.1287128712871,-29.3628556396533,-35.9552225578389,0.725185194186655,0.775401169514921
88.1188118811881,-32.3360546874454,-38.1631952395322,1.27507315281344,0.61400696996273
89.1089108910891,-35.832388156719,-42.0099294275236,1.68423753060209,0.787214401783129
90.0990099009901,-38.5210831953236,-43.7578879279941,2.13700774857889,1.86999146512858
91.0891089108911,-39.18161605166,-46.2204205033241,2.64143688034065,0.53961945679358
92.0792079207921,-43.630939872547,-48.221856458988,2.61853680187638,1.9993898699465
93.0693069306931,-43.382292798793,-53.3659737177739,2.74347501052336,4.03658879786886
94.0594059405941,-45.7085029691034,-56.0424802341652,4.16164411767201,4.96330492823383
95.049504950495,-48.5507553930804,-58.5548754579129,4.74912678126727,5.44053281756622
96.039603960396,-48.9154639652178,-58.8725883197903,6.15867840497327,6.66395271311696
97.029702970297,-51.537286154373,-60.4651374853465,8.2351333185122,7.11305096645438
98.019801980198,-50.995418007446,-61.2762607511427,9.58458214202081,7.8151189774855
99.009900990099,-53.4789651849228,-63.5362448641817,10.6804884060616,7.79075935627693
0,-43.5856740547539,-50.6354842132199,7.66975244068097,9.08984495743423
0.99009900990099,-44.2131107729639,-49.0315129036712,7.06456882692939,9.64660956390373
1.98019801980198,-44.154884310663,-50.3339224600865,7.1265850840448,11.0028035052254
2.97029702970297,-43.2483702583224,-48.3342959483078,9.1106230414682,11.1595248014781
3.96039603960396,-42.8825625968189,-46.0456402153951,15.013010462414,12.7025263885708
4.95049504950495,-40.9447297247293,-46.5122723567981,18.9953903182429,15.7371833990825
5.94059405940594,-39.5163567604,-43.6409874544209,21.776622634936,20.1208532255644
6.93069306930693,-38.5193617470948,-42.0979120248453,25.7818337307624,22.318408206927
7.92079207920792,-35.3259587484858,-39.8752815307076,26.4933720860765,26.0405304933796
8.91089108910891,-34.9680516937081,-39.138981937591,29.3224559129276,28.2992382321199
9.9009900990099,-34.700130387896,-40.3029075703872,31.9387719244621,30.1762215415376
10.8910891089109,-32.2010846542317,-34.9391616243034,33.4412633535359,30.8687977786801
11.8811881188119,-30.420978688698,-32.8293687838833,34.8046164780749,32.0912395739004
12.8712871287129,-27.5505396826258,-30.9149473998029,36.1922996924678,33.6453220959647
13.8613861386139,-25.478445392531,-31.3877030973357,38.5990837170832,34.7941131477498
14.8514851485149,-24.5377510674611,-29.2800604884749,39.6891564482312,36.5516178190275
15.8415841584158,-22.7851781512585,-25.2857489842123,41.7122447496977,37.997279848706
16.8316831683168,-19.2452125363313,-23.4940257029504,41.4839749206244,36.6770256995358
17.8217821782178,-17.471367750411,-20.1469932730721,42.6428635513935,37.9639112469535
18.8118811881188,-15.5018523088196,-18.1356040205733,43.0819296007022,38.8682674118273
19.8019801980198,-14.7074523227986,-16.6530874270216,41.5078014646834,39.1967978454095
20.7920792079208,-10.9478929230325,-13.4653957651412,41.7516631600356,39.4228872575051
21.7821782178218,-11.5925467124605,-10.8877691462771,41.1456749145952,39.0899486062992
22.7722772277228,-8.35416475973068,-8.57755567167469,40.9518531845106,37.8109781315951
23.7623762376238,-5.73870266680562,-6.25480037039908,38.9651656309351,37.327640392622
24.7524752475248,-1.76928815285523,-5.21261457031868,38.4563159296562,36.8491075078308
25.7425742574257,0.641916194719313,-3.40498794747058,36.5399203919403,33.5423102003332
26.7326732673267,2.1142449333796,0.122187030292527,33.6192113803542,29.5880903157271
27.7227722772277,5.17521690749704,1.68010553446774,31.2603015940982,26.695297890723
28.7128712871287,8.82016444139833,4.13259996519395,27.1343970917297,24.3359203000633
29.7029702970297,10.9163290055893,9.06071942639546,24.6657904814091,23.1245077048218
30.6930693069307,13.0537524799008,10.0688371521324,20.252721211363,19.8998687166656
31.6831683168317,13.2146611026739,14.5033469764768,18.7035087125284,18.3609686913864
32.6732673267327,17.7920823119058,16.1142774653716,17.3109668386484,15.9029580125072
33.6633663366337,21.0591316989633,19.2300980771048,17.628144490918,15.0313543106079
34.6534653465347,23.5364044953949,21.7802566615836,16.4095611342664,14.6018885581864
35.6435643564356,25.7953429653718,23.0157758493954,14.7088680687265,12.5464377395253
36.6336633663366,28.2044793447437,26.150658364238,13.450460600875,10.1213098548561
37.6237623762376,30.4876936795687,28.6301279096299,11.4899384213001,9.105180349715
38.6138613861386,32.2364075662383,29.2061823160483,9.61828935863994,7.98160853408228
39.6039603960396,33.8625200320735,32.0858011041102,6.72203504926629,6.60755950547729
40.5940594059406,35.0061241284862,34.800582145587,3.95404202071106,5.54352660756897
41.5841584158416,37.2819066101518,36.7791231411837,4.10665455840134,4.610815702889
42.5742574257426,37.2107453628955,37.7029921238947,3.41358354525619,2.10365740199491
43.5643564356436,38.0151719166045,38.5307904516052,2.14336584028785,1.8186471225012
44.5544554455446,38.8930171752307,38.3281396836002,0.151532203052682,1.45796782590334
45.5445544554455,41.2903736913538,40.5792896514887,-0.740837297517974,1.03386923694312
46.5346534653465,43.2339831443499,41.9054133684626,-1.87817946183484,-0.538153261686817
47.5247524752475,42.5914022910939,40.6738903555004,-2.2012905076574,-1.92946070632598
48.5148514851485,41.7477587559954,43.6814120059666,-1.90518621512593,-1.79630066059282
49.5049504950495,44.0809680109705,42.8980703263797,-0.916729943439962,-1.27901838699573
50.4950495049505,42.5670501702337,44.1504199126871,-1.34938912301727,-2.51028802070341
51.4851485148515,43.0755968949555,41.3055315853467,-1.93038156119526,-1.50347879026766
52.4752475247525,42.9598651025662,41.9772963966187,-1.80947737893223,-1.27676785351827
53.4653465346535,42.2206343335305,42.4904991173551,-1.92363240104541,-1.26442720142375
54.4554455445545,42.5243240928003,42.8430894074748,-1.04942429251573,-1.2853547107097
55.4455445544554,41.867477225099,42.184506251503,-0.883534616033182,-1.34804261432512
56.4356435643564,38.1983791404129,40.1204053262168,0.100897758598522,-2.43888086680329
57.4257425742574,38.5406997299799,39.3494942899935,-0.963181572119022,-1.34690914940744
58.4158415841584,34.8037740643982,35.4352807700145,-0.940731609312794,-1.56875360870251
59.4059405940594,35.0442605485528,35.1878250379296,-0.215225314934846,-0.932817979654818
60.3960396039604,32.006831562402,32.7401520230109,-0.850028212477697,-0.0710564172737665
61.3861386138614,31.4084314512053,30.4076625672198,0.0396715890735488,-0.725295848961384
62.3762376237624,30.8240718512141,29.9239173765212,-0.241522539173573,-0.434556064917897
63.3663366336634,29.5407912031369,27.1117269030089,-0.833035602898037,-0.677874355702476
64.3564356435644,26.9353747708866,24.5544039247038,0.0301196558918911,-0.500820550262969
65.3465346534653,23.800916315374,23.2978857523628,-0.130234367442001,-0.336863403803547
66.3366336633663,20.692876752573,20.3295597401395,-0.0933701189424861,-0.883097470544721
67.3267326732673,18.3200391490882,17.4050673859801,-0.502888767197372,-0.0882214566729184
68.3168316831683,16.1039731464107,16.6469812465087,-0.374650280314799,0.290270349867933
69.3069306930693,13.3099725469244,14.245670231766,-0.598714109612451,-0.424333977373435
70.2970297029703,12.9706884561064,12.2508586177421,-0.270091320663601,-0.27844103392381
71.2871287128713,12.8320294140191,9.23814062995061,-0.372102926260838,0.743381824358501
72.2772277227723,8.91996031104484,8.31723969155617,1.00459799247284,-0.129174838257258
73.2673267326733,8.35619263942441,5.11583363331878,-0.0205486662080329,0.284245010674931
74.2574257425743,5.44692573642621,3.9294071319147,0.189331052884915,0.337972159708335
75.2475247524752,3.60052839103967,1.03192806343268,-0.622015783666575,0.320445882868106
76.2376237623762,1.03348842738637,-3.8142065403771,-1.24035221213919,0.658927917284841
77.2277227722772,0.147541111535387,-3.13321882403442,0.223005432084275,0.60308019581
78.2178217821782,-4.31805131081065,-4.56310872152739,0.708413494590051,-0.147702291919569
79.2079207920792,-5.29397604369669,-7.76297679234147,0.250502286386184,0.920735848610843
80.1980198019802,-9.45668202044281,-10.2611259839793,0.155407362858065,-0.026585070856498
81.1881188118812,-10.9046090702486,-12.7077692183569,0.636818724814417,-0.232029057648081
82.1782178217822,-11.9540529520666,-14.4437141598314,0.985340994693217,0.384108496828555
83.1683168316832,-15.3581239051902,-17.4630454177272,0.385124549600036,-0.124811719271279
84.1584158415842,-16.139799917817,-21.5812330701155,1.39851338866133,2.07462556000084
85.1485148514851,-18.6268735356583,-21.5838656538364,1.85723974975318,0.709320732170729
86.1386138613861,-20.8808106038592,-26.9467785018242,1.49664894258786,-0.0755280409404582
87.1287128712871,-25.7758078601251,-27.6123955852112,1.73725906638269,1.71292295005934
88.1188118811881,-27.5645382747179,-31.1063740718666,2.35893446180843,1.69630678438349
89.1089108910891,-27.6479087437618,-33.5640918530555,1.79998371705754,2.002240321531
90.0990099009901,-30.8561170149539,-35.1077349059618,2.32287556083527,2.44552449917741
91.0891089108911,-32.2382427749516,-38.2240544504505,2.88570391892091,3.60107202075297
92.0792079207921,-34.0228589390492,-38.8550929320125,3.07437689517308,3.14400323605764
93.0693069306931,-38.2429720385794,-43.5204451185006,2.81084131580462,4.6510141273414
94.0594059405941,-39.3877730955388,-44.8328103368153,3.61846030924151,4.333962341944
95.049504950495,-41.922934190117,-44.2553531698913,5.23077632542287,4.14546306749954
96.039603960396,-43.2835349312835,-47.0708497795253,6.07601078307962,5.90200929349413
97.029702970297,-42.2716867861796,-50.1160829865818,5.74278316463356,7.24315947848219
98.019801980198,-44.9706726629109,-49.5574277746965,7.26559294616157,8.48703303414707
99.009900990099,-45.6627826470775,-50.4111086080153,8.98783920086604,9.58739108776616
0,-48.0555069375226,-50.6064412290376,7.34634393082393,8.39473084901508
1.01010101010101,-48.6584972138425,-49.7397521954116,8.64178650285598,7.07842960641803
2.02020202020202,-51.008387946601,-48.3190815174178,8.60351467851489,5.32354200702439
3.03030303030303,-47.895506413655,-47.8584121506782,8.68844166460899,4.94173005130695
4.04040404040404,-49.3518873073817,-46.1588675868111,9.06892235819017,6.41479006365721
5.05050505050505,-46.6338418639178,-43.8435530756251,9.90672514562227,9.35252917290134
6.06060606060606,-46.2730336378884,-41.7370427731096,12.6673722280105,12.1012152834682
7.07070707070707,-44.6496136392199,-41.446571351288,17.6650387569242,13.1199412776287
8.08080808080808,-42.1176338642533,-40.6502235980948,21.1245090660783,12.0855249879835
9.09090909090909,-40.9138077754833,-37.9495199310592,26.6925531248261,11.2422033578157
10.1010101010101,-40.2285533439337,-37.8666633319008,26.4356797687002,10.8452886207436
11.1111111111111,-37.1212670845644,-37.4294146880014,26.5166902408819,9.76760040198299
12.1212121212121,-35.4789247103938,-36.507180152808,26.351050647521,10.5477902215227
13.1313131313131,-35.2148442172244,-34.586033701882,25.3272611275142,11.0446191945253
14.1414141414141,-33.7947417122653,-32.7949203175866,26.120213900693,11.348213717233
15.1515151515152,-31.3259579658103,-33.8944041119111,28.6281631101833,10.5697120308108
16.1616161616162,-25.9487109058835,-29.5368767296025,28.6177822719985,11.1566109848493
17.1717171717172,-26.5907445570779,-31.014666180197,30.1642320002984,12.0192337366096
18.1818181818182,-23.8711979224168,-27.3380047765167,30.031150346887,12.676593167236
19.1919191919192,-22.3872970818555,-27.8253889249671,31.5420038135322,13.7908266324604
20.2020202020202,-20.4181602112922,-27.7613044462732,30.8858485503217,14.950254840157
21.2121212121212,-17.6499787828483,-24.2991466903714,31.2449532449196,16.4530986907423
22.2222222222222,-13.8668567414495,-22.7942628560696,30.1435051339071,17.561688862023
23.2323232323232,-13.4001060892484,-23.2028445141379,30.856369415593,17.9820360741241
24.2424242424242,-12.2516596346608,-16.7013515459523,30.8218316333746,18.7089239642535
25.2525252525253,-10.2437059428786,-14.0303979048317,31.0418400027642,18.3756412337848
26.2626262626263,-4.72881661504864,-15.0215133782748,31.1087983341057,19.4702834913385
27.2727272727273,-3.49905469262923,-11.0879013862388,30.1455348611884,20.1301873693615
28.2828282828283,-0.857061302859613,-7.49474569311559,28.1228687580908,19.5745705893182
29.2929292929293,1.71852507822813,-5.33465004543981,27.0576869348679,19.4002788689482
30.3030303030303,1.4570782265787,-4.25962234020957,25.0894079297338,18.3325867617743
31.3131313131313,3.67401953172716,-2.21391356518849,22.1550031861797,16.927193176296
32.3232323232323,7.69649188792405,-0.113295452452769,19.5674683254717,16.6879361849578
33.3333333333333,9.51197925998792,0.737147855064308,18.536846107971,15.3603200738067
34.3434343434343,11.4825386042153,5.4073307000574,15.5476550502503,14.4659363099546
35.3535353535354,14.4562704385545,8.54969243741779,14.8641214667995,14.575651845855
36.3636363636364,15.8070036910494,10.4936571112232,12.8942723955116,14.0369759768062
37.3737373737374,18.9190938205879,10.6200390085021,10.5737547678451,14.0066808027998
38.3838383838384,22.1093878898199,14.4847051427638,10.0014265391095,13.0368214958803
39.3939393939394,23.9711021266636,15.8186450739465,8.5263336614234,10.7595494543105
40.4040404040404,25.6746299756662,18.2733715819803,6.76449421419236,9.3833870727115
41.4141414141414,28.4612361552096,23.1023946767966,5.31571359051405,8.65590821804728
42.4242424242424,27.8757133318704,22.8038056687062,3.85749348653717,6.34088358793933
43.4343434343434,32.2399779022563,25.891797713122,2.6901446465081,5.28618339507097
44.4444444444444,33.6493558083672,27.8799186765104,2.07083303889422,4.24483704063203
45.4545454545455,33.9701514179198,31.1303508107201,1.32525644135887,4.30489709809286
46.4646464646465,35.3768326606472,34.0166910611955,1.0537044422083,2.12451068456634
47.4747474747475,35.9810396251041,33.3778220885449,-0.223544675341825,1.67596819974375
48.4848484848485,35.6727781932427,34.1692691767704,-1.26666895130964,1.05163540905135
49.4949494949495,38.7921664805017,35.2718504599214,-2.74694090613802,-0.285172305417341
50.5050505050505,40.5816202637361,37.8660794000129,-2.96240683611612,0.604765617142164
51.5151515151515,38.614736691742,38.6754299622066,-1.69042962909991,-1.45745281691797
52.5252525252525,42.1913387738742,42.8636864092595,-3.3641759077714,-3.90645508278164
53.5353535353535,39.6355151635034,44.1049121475804,-4.07366625839994,-2.79351553287427
54.5454545454545,41.2619116931776,44.3883181473095,-5.88316399243929,-1.49020405996911
55.5555555555556,38.2315209602108,44.9696833997826,-5.54700628742586,-1.78336794039043
56.5656565656566,39.6515881171907,44.7187117377106,-3.25880647802976,-2.61460700937168
57.5757575757576,38.924721572241,44.3794429988572,-3.35353859670693,-5.1605643610848
58.5858585858586,35.2926768053217,39.0289936974499,-3.29869214569893,-5.94696860929657
59.5959595959596,35.6135624426154,39.3388135824584,-2.43621920309608,-6.37915326938942
60.6060606060606,33.1187128013789,33.6551318418067,-2.68355239774943,-2.9538022364322
61.6161616161616,30.5174379045475,32.4328832586014,-2.36100883581619,-3.61982760689057
62.6262626262626,29.6817391166706,32.4423347177159,-0.961153652408482,-4.24162200425882
63.6363636363636,26.9102746105948,32.7731986112994,-1.20974336991947,-4.92484763912699
64.6464646464647,24.9184074191446,32.5212578198967,-3.06243722435241,-4.27226561721088
65.6565656565657,22.347884669187,31.5785799270474,-2.87554038029129,-2.93007213193496
66.6666666666667,22.7031414706097,28.3430023917077,-1.67954794521102,-2.21672233438416
67.6767676767677,17.8517717493252,26.4915093214264,-2.75028721398187,-2.00409396325077
68.6868686868687,15.6299425556158,21.76252275271,-2.55227538012719,-2.71280381029724
69.6969696969697,14.904458624987,20.9455542966337,-0.838123810141858,-2.36964591826454
70.7070707070707,11.6311699830031,15.8571866839792,-0.754324648559554,-0.972868905722414
71.7171717171717,8.0943638224124,12.8633381363827,-0.612637031596721,-2.01889572925636
72.7272727272727,6.73234968316544,10.9752691671243,-1.26542906723379,-1.70801252128063
73.7373737373737,4.59961409472581,7.22644878667952,-1.34726853992391,-0.945494354118454
74.7474747474748,3.74058908870291,5.21040610175316,-2.66757086668887,-1.56097710105129
75.7575757575758,-0.822188379309218,2.107570776346,-2.13943131649349,-1.41356433841789
76.7676767676768,-2.9571613785614,-2.17730864380479,-3.80544856939005,-0.969244336285912
77.7777777777778,-4.58084712953241,-3.25195340781896,-2.93728871541567,-1.18643911387205
78.7878787878788,-7.00396110232263,-6.26405682648099,-2.17421423399662,-1.52758595860889
79.7979797979798,-11.2090632291222,-10.0332546395161,-2.50306246775614,-2.14614851856544
80.8080808080808,-12.6507843194056,-10.0332460587896,-1.97416816942991,-1.54590252914488
81.8181818181818,-14.5561587145454,-12.48237590474,-1.45101773684393,-1.42021571591193
82.8282828282828,-17.7987390060902,-15.3654366583066,-1.60396489489503,-1.43852887368389
83.8383838383838,-21.2446453233048,-18.8050581571882,-1.5676082033527,-1.45241751334771
84.8484848484849,-24.3560605960189,-22.338940265839,-1.13510422221679,-1.03847196057704
85.8585858585859,-26.4043036971203,-24.1744808740688,-1.17520554761215,-0.545465159243713
86.8686868686869,-28.3716249162355,-26.3083491245137,0.64489960141986,-0.572554323134312
87.8787878787879,-31.2854926539466,-31.6509146507401,0.372646879037807,0.895731023129318
88.8888888888889,-34.3035540962925,-31.7181725975844,2.19340777041521,1.04044428559505
89.8989898989899,-35.4433707385836,-35.1760697568271,1.77326546855688,1.70112943863163
90.9090909090909,-38.8502659961873,-37.7716840540266,1.9164827288181,1.56642431950132
91.9191919191919,-41.1743666247035,-40.2342085976826,1.68606041299028,3.76675620606079
92.9292929292929,-42.4812742950269,-42.5219115190892,3.84732513663803,4.19671394329321
93.939393939394,-44.5040414947069,-43.4576786740114,3.83048509502618,4.99590627437273
94.949494949495,-45.1067967253652,-45.7767326466843,2.05693384433749,3.74816139638007
95.959595959596,-46.0781823059044,-46.3877946819279,4.43651877464125,5.28603882251884
96.969696969697,-48.7727085433481,-48.1560142986558,6.1644396758834,6.73051208267387
97.979797979798,-49.0243316860368,-47.3340644876869,5.63902130593115,7.39417524598344
98.989898989899,-49.2858223647943,-49.1299413476433,6.24305481912571,8.08019434243984
0,-51.5437093775724,-52.2561723395739,6.98149936738317,6.02315006388826
0.99009900990099,-51.8299584616085,-51.6163477791797,7.58533937559011,6.83275836179857
1.98019801980198,-51.1156587480307,-50.1549682862868,7.52665418339794,7.3989347786839
2.97029702970297,-51.2641169537569,-50.659961951329,7.73575820650526,5.60247544710036
3.96039603960396,-50.6643000297763,-48.4097594710484,6.871940342951,5.67084947503077
4.95049504950495,-47.8988404356656,-48.2998163348477,9.08484990441923,7.96126509910261
5.94059405940594,-46.7017942072232,-47.9837661169564,13.3329634824824,11.6376301218465
6.93069306930693,-45.2160842168786,-46.4254515104773,16.4422178018675,15.8180983115212
7.92079207920792,-43.3776053812584,-42.3260079961681,21.1207780704227,17.1569946664846
8.91089108910891,-42.0150906097868,-42.6293061390753,23.2298229031282,20.0952534350708
9.9009900990099,-40.2715978381007,-40.5316388116588,24.6576011955983,21.9690127054568
10.8910891089109,-37.459906709586,-37.7463061366088,24.6092948162669,23.8894530083865
11.8811881188119,-37.6412088912501,-37.0397262434293,25.0829521782542,24.5027330779221
12.8712871287129,-35.506672974066,-36.6693477527032,23.5897733946115,25.4969478739608
13.8613861386139,-33.4911616232675,-32.9089617586474,24.193036209024,26.2218488301998
14.8514851485149,-32.5772953726074,-33.1290019771152,25.2915711639934,27.0074910485054
15.8415841584158,-30.6586644753434,-32.2694812802785,26.8100798216888,28.9250306055184
16.8316831683168,-29.1074388531855,-28.9738861209058,27.1527893051772,29.4749963226018
17.8217821782178,-27.0712100263388,-26.9304228305323,27.8005817853318,30.3430064858879
18.8118811881188,-24.3861673001409,-24.2274843758023,28.7742483066633,31.8346016914154
19.8019801980198,-23.5729422542683,-24.7323324159192,28.3704609410508,33.9912204212701
20.7920792079208,-21.2341559821959,-21.6812713842305,29.6039132508012,34.3595988262519
21.7821782178218,-19.3005581305466,-18.533654083889,29.4193281504069,34.9370457074854
22.7722772277228,-17.3945290247762,-16.7156439605115,30.8432055625405,34.7764978254849
23.7623762376238,-15.7313939219305,-12.8748522063869,30.2944017509765,35.2579778614953
24.7524752475248,-11.6777425514836,-11.6251603942027,29.9846731246642,34.1069420472072
25.7425742574257,-10.9787011714685,-9.74246650395839,29.3358930266607,33.8722468114036
26.7326732673267,-9.4456709161927,-7.91465025073862,28.6651044705878,32.4547710224724
27.7227722772277,-8.47422386985826,-4.69456818416481,27.5811185691209,32.1881526926722
28.7128712871287,-5.91501224746461,-0.399724438904766,26.5815786859681,29.442554856903
29.7029702970297,-3.29399412110666,0.801031992764888,24.5158225075514,27.7323472917885
30.6930693069307,-1.6547547533905,3.41092229184271,21.3125393872374,25.0123980288814
31.6831683168317,1.94990571978585,6.39515747542329,20.4620858903764,22.0734570203134
32.6732673267327,5.2172876747438,8.62855954059858,18.331809998453,19.6112988695856
33.6633663366337,6.9522145328204,8.63808826555787,17.7895911062272,18.129312264777
34.6534653465347,7.77424379894457,14.6402211339905,15.5010135538711,16.5784773462442
35.6435643564356,9.71641737005372,16.6762249096872,15.0972800424956,15.8800097774455
36.6336633663366,13.9905471793966,19.5067889390167,14.4857479425867,15.1782723629986
37.6237623762376,18.3179555451478,20.4002668068668,13.1976340703446,12.1726178459869
38.6138613861386,19.818770521932,21.1709647283338,12.4134724358602,10.9656030251967
39.6039603960396,21.327182539255,23.9883899043447,9.87942007673591,9.07057460308809
40.5940594059406,23.7350394570966,26.7152203871564,8.66693370850284,7.47107935133244
41.5841584158416,27.094522982739,28.4643788314775,6.39664454124296,7.15223281303138
42.5742574257426,25.9142650683548,32.493570656253,5.70401249386882,4.23219447449163
43.5643564356436,29.8965800316286,33.0878604694047,3.70537387205837,2.98613021653747
44.5544554455446,31.7666876350287,35.3595787624266,3.09183763933172,1.8350669869083
45.5445544554455,33.5308015033496,34.4481578437372,1.30200930194434,0.229046673251847
46.5346534653465,34.2179015158937,34.8994169190351,1.26715848095925,0.131177388687555
47.5247524752475,35.5930002698489,37.5819031167535,1.25729733854714,1.13304637986821
48.5148514851485,36.2862595895306,37.0751783393854,-0.0977888402161667,0.063945917828491
49.5049504950495,39.0130451343039,38.9046429559631,-1.51681225107145,-2.91431016831051
50.4950495049505,39.0775615677472,41.0503601556764,-2.21297725285894,-2.9533044721826
51.4851485148515,39.4614524082455,44.0497983236885,-2.64738679607731,-1.81170931857981
52.4752475247525,40.9586353999198,46.0852025981034,-3.8301020278596,-1.3101212614835
53.4653465346535,41.848247208206,45.5327741057873,-4.06308745648895,-3.81408727609659
54.4554455445545,41.7304567418502,47.3138059805427,-4.98256514362855,-6.08971832299545
55.4455445544554,39.3376781013306,46.4017108536695,-4.14093442946684,-5.03246697740323
56.4356435643564,37.5859855789914,43.5103054479368,-3.05668095882797,-3.87763232389479
57.4257425742574,37.5712663359634,40.2704476126397,-3.46183286426835,-3.33376268959409
58.4158415841584,35.3648203832393,38.2724923102722,-2.84465233648944,-3.49306073614739
59.4059405940594,35.0762784494578,38.2095171559185,-2.23540443865402,-3.15010541217709
60.3960396039604,31.5309460930774,38.2444585115703,-1.63435794896899,-3.08020401012873
61.3861386138614,30.2859265770928,37.2397704422147,-2.39910562368225,-3.41179720936647
62.3762376237624,29.1481001047358,34.2426516662506,-0.567983023590019,-2.38840259286692
63.3663366336634,25.2103905205962,34.5136775764608,-1.13565076591876,-3.40812527513522
64.3564356435644,24.9628121255333,30.4813375444476,-1.41553899891598,-3.30694622478001
65.3465346534653,21.6831127600961,29.1559281066626,-1.66345856298765,-2.83794624567367
66.3366336633663,21.7335841559569,26.5899060463397,-1.75771861342107,-2.34577513076843
67.3267326732673,17.1890123096537,21.7169648399016,-2.84163815287294,-2.11690316639705
68.3168316831683,16.2727006698874,21.401176296209,-2.14566763334384,-2.80073896968652
69.3069306930693,15.0390983945044,20.5591822965852,-1.40146050200593,-1.67280950615303
70.2970297029703,11.2967802759888,16.4996596965975,-1.79462429624528,-2.2244083467827
71.2871287128713,8.93572742935706,14.3030943818853,-2.00904916642472,-1.57694810877025
72.2772277227723,8.30110047455467,11.5366799765958,-2.30991645237219,-1.64189733943583
73.2673267326733,4.00140692727362,9.18139991476525,-1.07138790429896,-1.67653767741486
74.2574257425743,1.48959070525257,6.33213731106381,-2.18525930148365,-1.78030245197793
75.2475247524752,-1.58652933986546,3.04264961820543,-2.29929735236891,-2.983244494418
76.2376237623762,-3.95933098761964,0.381558926587295,-2.26850342490537,-2.72863819183331
77.2277227722772,-4.97897075890146,-2.94272405651372,-2.88374628592037,-1.14175763275768
78.2178217821782,-9.05910789626911,-4.91677049225481,-1.78009159541745,-0.255924803245953
79.2079207920792,-12.6390823795006,-7.42888132478239,-2.59557321903994,-2.8198103102563
80.1980198019802,-12.217531095844,-9.60438065323461,-1.75810752161093,-2.28881354262091
81.1881188118812,-15.4448434702174,-11.6426518362221,-2.26394093456542,-1.13770655425222
82.1782178217822,-16.1726050409275,-15.7388002153687,-1.7387400705888,-2.18162548071465
83.1683168316832,-19.8538816085959,-15.9483976169972,-1.36842294513544,-1.33996217225588
84.1584158415842,-21.507534824569,-21.5957048794094,-1.50244258850346,-1.49594702769239
85.1485148514851,-25.7573866302776,-23.1152874352075,-0.784925681532504,-0.0741607685105337
86.1386138613861,-27.6994878647247,-27.2693292951266,-0.694670637028712,-0.0549988532288759
87.1287128712871,-30.542910051334,-30.5651722817516,0.134294811714587,1.26437454309897
88.1188118811881,-33.4859765900109,-33.2296721946324,0.801697984509969,1.77751070323198
89.1089108910891,-34.9170132270936,-36.4976448638708,1.30896375117331,1.29181470395975
90.0990099009901,-39.3540043937339,-37.6510070186876,1.78822241291839,2.21224610171262
91.0891089108911,-42.5707179768252,-40.1551345125984,0.878602290724786,4.35786214007041
92.0792079207921,-41.8688151180926,-42.6894567063922,2.45738499358589,3.95814909399894
93.0693069306931,-45.98245124113,-44.3851767980437,3.13754719242427,3.81599335934351
94.0594059405941,-47.7920377000925,-48.6648279777868,4.55360715771583,3.12541656277613
95.049504950495,-49.4119164238762,-46.4593894085305,5.55181362080045,3.58583517889849
96.039603960396,-49.7903065425655,-49.6094920690668,5.76099937636,4.1033860018395
97.029702970297,-50.2102443485444,-48.3387089710014,7.22417853000362,4.73110223000242
98.019801980198,-51.3465928838721,-49.6935226264403,7.24529576870201,6.03306527007433
99.009900990099,-52.3025949430907,-50.7723819749252,8.68146748862344,5.57438340227164
0,-44.1814205994047,-50.7913470612955,8.49507792849601,9.19721325720674
1.01010101010101,-46.6690145999482,-50.8099247129074,9.36923861276923,8.94867197055265
2.02020202020202,-44.2137789834088,-50.0364678150825,8.67390058221352,8.98283463964155
3.03030303030303,-44.1708713322605,-47.9206613129771,11.7479691366105,12.4208533581967
4.04040404040404,-42.5045365813312,-47.0514518473242,15.1195555187093,14.531230664769
5.05050505050505,-39.3125545590273,-46.1544574770697,18.067065896625,18.3324648896728
6.06060606060606,-38.8090848659784,-43.0304964354984,23.8449082698967,21.5651351703242
7.07070707070707,-37.6515985270565,-40.4634355322161,25.9151511320364,24.2691781395221
8.08080808080808,-35.0237240154468,-40.1720981051135,28.3055268613336,25.4322243293522
9.09090909090909,-36.5575212643326,-39.6972045350127,31.299908252847,26.8985471449588
10.1010101010101,-32.9472510296629,-38.2346607317167,33.5737376238212,28.803762536811
11.1111111111111,-30.3995939834228,-35.2695124573927,35.4780923518288,29.5210102306751
12.1212121212121,-28.8212476490825,-33.6025413508136,36.8734371378291,32.3975841954472
13.1313131313131,-26.5652679695919,-32.2125348817737,39.3993651622476,33.8399555970633
14.1414141414141,-24.1935346757599,-29.5733734327588,40.97597887049,35.4895960170553
15.1515151515152,-23.4646029485641,-26.6374799419608,41.3979248109621,37.155981801633
16.1616161616162,-20.4173525293235,-24.950239998974,42.1699006303438,38.5789410261842
17.1717171717172,-17.8413897295528,-22.9044649462802,42.5862987585192,40.3750311449166
18.1818181818182,-15.1316254093484,-20.4360130083456,40.6930396186468,41.6500061828357
19.1919191919192,-14.9513525354864,-18.0947370628058,40.782783621515,42.657051358626
20.2020202020202,-12.3168772564188,-16.4492992391422,39.0641893899934,42.4297056037123
21.2121212121212,-10.8658637825169,-13.5404975610472,39.139975476041,42.9662849110952
22.2222222222222,-7.77646482402933,-12.2052059222165,38.8926311743513,43.7850561533539
23.2323232323232,-6.19717902806354,-8.57038713877321,37.2024050613833,43.0932155356312
24.2424242424242,-4.13289016898622,-2.14076349799688,34.8830645690484,41.8768495036716
25.2525252525253,0.72332735127902,-0.79965300493363,32.098300834976,40.0854209083212
26.2626262626263,3.01828529710186,1.87134158977794,31.7733648432111,36.6017128150492
27.2727272727273,4.36151743592871,3.88416135711473,28.977101569389,30.7271498939975
28.2828282828283,6.25117957345284,7.27622809598815,26.6788898138996,27.275244463033
29.2929292929293,10.1212000161247,10.7755979904628,23.2697651780643,24.8060814000967
30.3030303030303,12.1029351319117,13.4435326219985,20.795313010666,22.3200911811115
31.3131313131313,16.0092624014727,14.5437347537894,19.2059167434976,20.5143822993983
32.3232323232323,17.8768378135995,17.1244992750907,18.8282772406257,18.8387546438756
33.3333333333333,20.8899680444604,21.3401045165052,16.3576694365536,16.3081234128926
34.3434343434343,22.7568375415475,21.6893618059369,16.1365724994156,15.0395904114429
35.3535353535354,27.5776032233334,26.5231827227096,13.6919619214573,13.8340320091721
36.3636363636364,28.421228156968,28.1879043433324,12.0235626468001,12.1590496943362
37.3737373737374,32.1215811687754,29.7429088836549,10.1462748911337,10.3432369083996
38.3838383838384,33.9363218467718,32.7385651110744,8.47601208721663,7.59246831733112
39.3939393939394,35.2666578895275,35.9419971883289,5.67650603044773,6.1447909575053
40.4040404040404,35.8300652882633,36.9205757762435,3.43293686749538,3.58123839395292
41.4141414141414,39.0898857967226,38.7508121984878,2.46912519676259,2.40540619299824
42.4242424242424,39.7568864307867,37.7460786139872,1.56616203320871,1.41180660757886
43.4343434343434,42.298469568262,39.6592633655736,0.0403168818930467,1.46797807834376
44.4444444444444,41.5673426690979,40.463842668907,-1.30196155301077,0.59806313067645
45.4545454545455,42.0141724849417,42.3257728615061,-0.835410130780181,-0.871210646425431
46.4646464646465,43.9942959792151,43.7019400691813,-1.04888336052949,-0.844202316707731
47.4747474747475,43.0747766769931,42.9328364619773,-2.29250937323707,-3.59674736408151
48.4848484848485,41.1877661338957,45.0475054550678,-1.74438696100192,-3.48832398182006
49.4949494949495,43.8847431745433,46.4700745696937,-0.699137777945233,-3.21493647875695
50.5050505050505,44.5510325460401,44.8439113293898,-1.54170871315041,-1.20207532313105
51.5151515151515,42.5369496725957,44.3466167877778,-1.32779640060109,-1.48789881894181
52.5252525252525,40.5800834887347,43.6671204919528,-1.40440929622268,-0.46767312566338
53.5353535353535,40.6385165716218,43.7121448648621,-0.319708567780528,-0.755014549044114
54.5454545454545,41.694325831132,40.6779692173764,-0.928811507628344,-1.17338174198908
55.5555555555556,39.2378116338933,41.5707869091952,-1.35832422598883,0.0204519841750174
56.5656565656566,37.4480680773158,36.9064961255573,0.0558713648629612,-0.829822373785819
57.5757575757576,35.4339537925023,34.2718685297904,-0.927714627728979,-0.405654688483
58.5858585858586,35.8698759947454,36.53108678151,0.385033798697878,-0.135960333547027
59.5959595959596,32.4189982570461,34.5935305009199,-0.237577066090708,-0.616685949118256
60.6060606060606,31.8286204997433,30.3172233571292,-0.402059652563149,0.393429596678896
61.6161616161616,28.53484808429,27.5689370373024,-0.843813276879317,0.458200489067056
62.6262626262626,26.8452419480452,25.628536613535,1.15841402472234,-0.805915872057054
63.6363636363636,24.8001913351138,26.6384075854674,0.466847636946233,-0.107707659390678
64.6464646464647,25.0918633484298,21.7672103607337,0.563316420841414,-0.443730485745214
65.6565656565657,22.7300948419682,23.4127643361515,0.575506458040649,0.778429855934028
66.6666666666667,20.0312168450444,18.4384920776541,0.492400862317059,-0.232563545309147
67.6767676767677,18.0611533097004,17.5113092969462,0.487533720863602,-0.514569193443781
68.6868686868687,15.852140250223,15.3638515225774,0.268591373757451,0.47263234533994
69.6969696969697,12.9192256940785,13.5915903142318,0.573648179413251,-0.0576022044842146
70.7070707070707,13.0690919830087,13.3630412997044,0.777306788346868,-1.00368194866566
71.7171717171717,9.26957465880896,9.47501603361081,-0.349108191886301,-0.384817559223681
72.7272727272727,7.8556365167308,5.47157446800199,-0.621136877195735,-0.397854016832254
73.7373737373737,7.23058863623448,3.64807590429823,-0.86021263599915,-0.100937839389193
74.7474747474748,4.26564343437123,1.15068189532408,-0.168100829355267,0.28841657859178
75.7575757575758,2.66514873732725,-0.134554670928104,0.181565339898515,-0.112924499004009
76.7676767676768,-1.09653786249711,-2.70842526383723,-0.0926843810313826,0.0365347774336353
77.7777777777778,-2.7478076554964,-6.09964643164798,-0.595581728967745,0.0140640379260746
78.7878787878788,-5.12803004957566,-7.04090740348702,0.013857930150739,-0.545125673249102
79.7979797979798,-9.76850245888918,-8.46325402058937,0.379921097757553,0.185117754697005
80.8080808080808,-8.18657650859882,-12.060834030102,0.710732460514805,-0.84392265122673
81.8181818181818,-12.1674164699858,-15.9921578779114,0.499199664493497,1.09448400925707
82.8282828282828,-15.0548284211505,-17.1404929276204,1.09519053742513,0.494201912558872
83.8383838383838,-14.447658022375,-21.0867487488288,1.34464521611252,0.253022478483984
84.8484848484849,-18.5924397347587,-22.6317457432149,1.3065883732366,0.413930410638224
85.8585858585859,-21.9205580286587,-25.4841845091077,0.841559725193462,0.927600663988127
86.8686868686869,-21.3859313388766,-28.4450005429689,2.59453487854369,0.884152256227391
87.8787878787879,-25.4705045558894,-34.3868412985686,1.05831051582353,1.65461837745283
88.8888888888889,-28.7914152922736,-33.1945822839454,2.52811526160824,1.25827041632202
89.8989898989899,-30.4927370963273,-35.2840379047966,1.92683577117844,3.29585269997292
90.9090909090909,-32.2999938322211,-39.4403279372654,2.52211122535727,1.95538921670217
91.9191919191919,-34.3055765118936,-40.626658956598,2.52123254584154,3.38631626751685
92.9292929292929,-38.844151481094,-44.524531302153,2.99386785943077,3.94822201827699
93.939393939394,-38.4904804054964,-44.2181856332577,3.63301368439056,3.83437927012916
94.949494949495,-41.576640996078,-46.7686963861044,4.33692316684677,4.81249973186486
95.959595959596,-43.7141138176453,-47.6235457490585,4.73950530393144,5.03969001107072
96.969696969697,-44.2458543778669,-50.1800566406528,5.90580642048802,6.2090735857664
97.979797979798,-47.6893294592445,-50.4271816057288,7.04417278361717,7.48918420674508
98.989898989899,-44.3190997070491,-50.637818745545,6.4080975096123,7.24474446086596
0,-41.9874713968711,-49.666553661729,6.8227107458714,6.62075129037881
1,-41.6713293061651,-51.0658290876771,6.56856948121199,6.45776282558316
2,-40.7213891944321,-47.9618082055899,8.43084118905145,6.52018315858181
3,-42.645352742117,-47.1043654911164,8.41158071191817,8.14895095983107
4,-41.6501109651481,-47.4068636986213,7.17571246866008,9.33208726325725
5,-40.5215584293944,-44.7490467751414,7.32195191177352,11.7338236299408
6,-37.8985694023172,-42.4751988937958,8.41055692602165,11.3838932015609
7,-34.330687709766,-42.3139418735018,9.89340367647961,14.0224344018835
8,-34.6354225913439,-39.7401735589049,13.3231743693795,16.9523277647943
9,-34.19469649305,-39.1475080177173,15.0340827464887,18.3591047227424
10,-30.3762391893556,-37.5106946990657,19.611214750189,20.8098636564977
11,-26.5826064624046,-35.4765717561496,19.7794772764132,23.9891057185164
12,-26.731579409112,-32.993996370111,22.5515154324675,25.6110939994648
13,-26.017149599385,-32.1280407350072,25.8513304645267,28.398924501536
14,-22.6416522322462,-29.7861902696455,26.8404571619422,33.5805778520772
15,-23.1396610616215,-26.1820906045246,28.7018368208763,35.6429675066419
16,-20.7122510951077,-25.3541530478733,31.0799396752926,38.8976531720077
17,-18.3808704465275,-22.4954673017054,32.1056677924935,41.8639624600994
18,-14.7398784999451,-21.7165619351067,31.6281861748321,42.9811112240567
19,-13.3507381886729,-19.4498650764459,33.7366363411987,45.3272304454048
20,-10.7351823309423,-16.2530579521325,33.5242304136336,45.6241027509609
21,-9.09534263745599,-14.4508227770248,35.092452098163,45.9616424971773
22,-8.3558904755827,-11.894347472182,34.4360044060027,46.6854167229137
23,-5.46164362862897,-10.3703353824087,34.1828977506574,47.036903944145
24,-2.73008189655767,-6.52798876948368,34.6805386774107,46.7465327710909
25,1.18805697080638,-4.20184235012821,34.0154805066355,44.667039438478
26,2.14416743868521,-1.32216518321557,35.0041238849176,42.0074066923544
27,2.17120296883884,-0.571301024767717,35.3342221187151,39.8189512692128
28,5.8028011545976,2.71681114056014,35.0013180146158,38.8444466121266
29,8.17699009904995,5.95036776793272,33.0252196488535,36.903138501861
30,11.1502181674931,7.45607362645665,30.6433896481877,34.8639046356925
31,13.0530160322567,10.5466614662733,29.2201905865451,32.6210346796823
32,15.6433169005138,11.5148784189445,27.7493751160592,30.1315763913402
33,19.0236287520452,15.5364428471289,26.558330657594,26.7916234093537
34,21.1545663936713,16.2124853139952,25.4728560995646,25.0893733291145
35,22.4189098745403,19.1797051881501,24.9105801046038,23.0937324965574
36,24.7520749462886,21.5659051811435,22.4111157770577,20.5756344369321
37,28.6853477212427,26.0859647193369,19.0208450232207,19.5308437071784
38,32.6150934693972,27.1766365858397,15.6021893859257,17.9934920910057
39,32.8937235336327,29.8439597859346,12.9084724436438,15.4061507118173
40,35.7357599491832,32.59840512281,9.71556130601258,15.2303706892454
41,36.85725381921,33.8484013242324,7.20018948539025,12.8455391436514
42,41.1480704009782,37.7471621978347,5.9271989885245,10.5230289988611
43,42.416288193346,38.2377559856552,4.7193621219835,7.90407399811983
44,44.5226265001989,42.3215829218121,2.75396245365416,6.23099261549773
45,45.6759808889239,43.3142556323663,2.04783742128785,5.06500885453378
46,47.6666819360496,43.5260006477397,1.07133730648021,3.46233151906962
47,49.8751327512213,47.1278468456464,-2.67389016392932,1.37267252184042
48,49.9976613682313,49.8966917631731,-5.19603187868981,-0.844293951807535
49,49.5846167021845,48.0654851132154,-2.87485101604478,-1.2332154268736
50,50.4854633334193,50.8438547902468,-2.35827512442316,-1.47530787428765
51,49.1255784512636,49.0788708932874,-2.61115890460542,-5.41896837707332
52,48.3379523626535,47.0066092399401,-2.09602873814531,-5.92262515380208
53,45.9511093992951,44.253718154982,-5.02341383827996,-4.86984606347316
54,44.9941620240583,41.6624535956644,-5.82600933083081,-2.35837292438873
55,43.20076691269,41.0612319486661,-3.38586451797382,-2.09972286335229
56,41.9544786927595,42.3825257898604,-2.28210280184346,-1.84075852573473
57,38.7529418506491,40.6337984682123,-0.520998606769855,-3.6517127872491
58,36.3713513879439,42.1089089683172,-1.65152448744507,-1.43762235423806
59,34.9865088649145,37.2001770996222,-1.31497501352781,-2.09376325131933
60,32.9149585148649,36.7042219815522,-2.23763512711374,-1.55068350472624
61,32.0752597568183,32.7333362750808,-1.30741576210015,-0.890055601306362
62,27.4687342829461,32.6235109471542,-1.04176437781458,-2.76527264618796
63,28.0520713388329,30.1628748666073,-0.768211030685444,-1.64918609145254
64,22.162607224719,26.9677452665579,-1.06118686405406,-1.21518906226425
65,19.5493863871921,25.2561273949538,-0.984582496146601,-1.12269600743413
66,18.8659355820626,22.757311482213,0.0616221583852691,-1.09629800389446
67,16.6518132540654,18.3731271800231,0.0835711491415544,-0.37813999513536
68,12.2779319510156,17.1351676654223,0.505103731434207,-0.686273977217671
69,10.8202435938015,14.7284157936901,-0.0195636335473303,-0.662834562773668
70,8.84929709051129,11.9369548285858,-0.0986894156341947,0.0678240539536665
71,4.88246968487806,9.68328652367384,1.25262734887814,0.45962819532527
72,3.81622285487719,6.4826747118861,0.989859344627647,0.864300979366663
73,-1.06525897741439,3.31562121828449,0.0578263534524824,0.165248399408717
74,-1.04193390824052,0.784109822731557,0.789328584182537,0.62239396190595
75,-2.15561130396235,-2.65781283186014,0.366032101241224,1.13808984709243
76,-4.01495584387117,-5.5774163635644,0.307063124346777,0.834486871243269
77,-5.90869629592405,-9.30442938909512,0.493352316613098,1.22900192791747
78,-8.82097135716532,-10.630746936175,-0.0790322921976547,1.35361818885484
79,-9.09538952238721,-13.1502031966927,0.47910721838575,0.694850138455445
80,-10.1560749488225,-13.4658112276721,0.0961545714066579,1.10053920316353
81,-14.2070167663733,-17.7273834160664,0.269557629761372,0.370524412879941
82,-17.1118714180307,-20.0300458129967,-0.112225149935871,1.25009468621492
83,-18.2891371790722,-20.7278180451294,0.31298789656207,-0.356877725643924
84,-19.3303574920978,-24.9130498054454,0.492789242630418,2.08967667450053
85,-23.0194691189736,-26.816942823744,0.65896688955842,0.848573543140313
86,-21.8542735392628,-28.8650543871517,0.967116945649703,1.35033615372353
87,-26.7635350966425,-30.7943681890517,1.64497173369453,2.26468971753206
88,-28.7292500043639,-33.1991375771901,0.661240641631592,1.99027529867492
89,-30.4265435100215,-36.0380721531055,0.629092460346957,1.97079880847477
90,-33.0730346969885,-37.5785681425201,0.711853029124502,2.38543672166975
91,-33.1960247351961,-38.6223173264434,2.45589436583599,3.60240016850358
92,-35.738347580634,-42.6782767353429,2.73644268071428,2.92678162020274
93,-38.4170861523377,-42.472757120079,2.9084710741563,3.60106033116225
94,-39.6156848804568,-47.0300310074273,4.66429759604356,5.1961093498366
95,-40.8881167283202,-47.6615390409013,4.19988311673038,5.84873664905918
96,-42.5179529299411,-46.161201055731,5.58333349153856,6.24950350165961
97,-44.1561643127115,-46.9572013249826,6.97536898909837,7.50967031569401
98,-41.5333959402737,-47.5645782393613,6.89906872794698,7.40439769207572
99,-45.6295360138798,-50.312031290377,4.85503859240812,6.15593781020635
0,-54.819645356243,-57.789529168743,7.26320730711384,11.0474548927996
1,-54.3847907086288,-57.858820880637,8.70857466544438,8.97393123147104
2,-53.5927207686064,-56.273619351333,7.19766455844409,10.0182603758924
3,-54.5646644134719,-53.2562825819525,7.43396096111941,11.7871164325301
4,-51.09382999248,-52.1183500006283,6.68121398989879,16.8717846801897
5,-51.1769351230824,-50.4502273452941,5.79875297208164,19.8240624374462
6,-49.2501838330307,-49.3812621274273,8.35102532687919,23.3743447605483
7,-46.6821231298279,-47.387545263532,13.209432638015,24.8185817210027
8,-44.5888360111629,-45.0297066998836,15.875897353357,25.3670081820028
9,-43.6657435196789,-44.425018845569,19.7408382320378,26.2909514388366
10,-43.3354813884749,-42.2230613520863,21.6421287548919,28.3417763474864
11,-40.0314122490127,-41.1028098125852,25.1793461217644,29.8352653116187
12,-38.7352629010243,-40.105111955864,28.1091769982592,30.9818100068414
13,-38.7953499079237,-39.3605495508028,30.5575245255946,33.4132363907991
14,-38.4868007094771,-38.0741297009203,31.5669841308749,34.1902818809032
15,-33.6452041977052,-33.3908114634176,32.2297128532301,35.2793343901038
16,-33.6740450576875,-33.1979208869865,34.5292346108347,36.3507162371821
17,-31.2986887904267,-32.1043047683735,35.5596893280594,37.7552314172369
18,-30.8912200072204,-29.9552263775483,36.2175874879949,39.5280438898697
19,-27.348019148946,-27.8262955159577,36.7167565797008,39.9594355207673
20,-21.8195544745165,-22.5785346219624,38.0594451477463,38.7360466833631
21,-21.7839423942469,-22.8155196438097,38.0957832349071,40.5256246929888
22,-21.5292376398689,-17.8365652819821,38.7168456156851,40.4915886390024
23,-18.8171285468189,-19.7405520304218,38.5721395885847,42.3214328145657
24,-18.412434429891,-16.7239342085764,38.9660777403205,40.4175657987663
25,-14.7933403531082,-12.0468292649305,38.541297138945,42.0482425997918
26,-12.5412914606478,-11.9786059570913,36.9999941063569,40.8474310106684
27,-12.2343151018398,-8.64567181701126,36.7290498588589,40.0001114617438
28,-9.72462991652884,-6.1883304522983,34.6111846196898,40.0617785072902
29,-6.34107104358839,-4.38453851282982,33.5656794027102,38.2658748364448
30,-3.68385711792862,-2.11119469244287,31.8900807597029,36.4939749259126
31,-2.2987588547464,-0.00442908536084796,31.2093075274088,35.8784831301607
32,-0.197659367822526,3.59506540547455,29.707566888493,33.8750521222927
33,2.4358915884128,7.14454389268099,28.1263117302827,31.6540459131361
34,5.13995268548745,9.25715764000763,26.7105647036616,29.8604099744106
35,8.93253164631298,12.2110978665451,24.9069343286422,25.1329558096198
36,10.4350289863132,15.1710684411474,22.4941224768892,22.1888102586419
37,13.0727736562187,15.9825759259622,20.5731732250242,18.8450135375445
38,15.6003282577375,20.0323318907139,19.6041868252888,14.1126857856595
39,21.10406500151,23.8845762242136,17.3120363603711,12.9171531117741
40,21.4186562418573,24.833612512902,15.5061613138784,11.6434828280089
41,25.2318212755841,28.2283563921449,14.0950098704314,10.8408575030206
42,25.8877926203098,28.5848491119471,12.9810290084708,10.7869120937184
43,30.4194243712105,32.0135359688838,10.5223041064107,9.71646281366935
44,30.4634765908936,34.8943943442026,9.94677221071605,8.17608133490349
45,30.8602803745265,35.8649025737615,7.82217409468763,7.07851983086795
46,36.2146641584385,35.8100427779375,5.22106794758673,4.80647955221062
47,35.8351861757799,40.1628268570327,2.7020174780235,3.60109327499675
48,36.8368816288225,42.5562354550928,2.02181166598027,2.53987040603982
49,39.5055816916595,42.453419110175,0.605301037662304,1.95610685900464
50,40.6132157490598,43.7626577449712,1.25618686365915,1.07679491013338
51,39.4582938254639,44.5655612599316,2.66617606053746,1.48300803539021
52,42.3556004759777,45.4144630689954,3.07380915460079,0.82427717089339
53,43.6142978977703,45.4354377462431,3.47828459478628,0.926081215202382
54,43.1874787429248,47.8318808927334,1.79389207518767,-1.1161975427398
55,46.5921290897636,48.9370227220481,1.68582369606929,-2.58699030051207
56,45.3775779541986,50.0529788355197,1.47969254482886,-2.43872598606262
57,47.4724852862188,46.8930257237151,-0.133440939975293,-2.14214064258853
58,44.7029451790318,47.9904497582348,-0.606078905576569,-3.21749028935375
59,46.7323736996561,50.1244722762508,-2.70494253490019,-4.19580479140442
60,45.3479444307954,46.4666987856164,-3.53004179847766,-3.21230324358318
61,45.1217006695473,47.0327215463594,-1.60778282191276,-3.85617412884077
62,41.4803732037145,46.6650131476321,-1.07835164073585,-4.62524586161745
63,39.2809007682991,46.0705842253486,-0.738315832489333,-3.53981478220508
64,38.2041850262335,42.1588224812966,-0.00413541067531775,-3.77868461204955
65,37.0345468117576,42.4382872569313,-0.538955380017545,-3.15696404207662
66,34.3300078602466,39.8556807450432,-1.06247537469975,-3.49387155899369
67,31.8512049520085,36.2520468206344,-1.11082327199019,-4.37191561118999
68,28.4366715128324,32.6681328280661,-0.967396848454656,-3.78601664657304
69,24.5045756868086,31.0144176520379,-1.18721739349836,-4.29907523434908
70,19.7317751499918,25.448915172419,-1.75989101322226,-3.7942612143919
71,20.9283112558386,25.2298361286203,-0.428306370365125,-3.71654985198683
72,16.7294684974147,20.9021928678616,-0.705512102567584,-2.54918079415148
73,12.1387428150686,15.3951826556951,-0.598804829866798,-2.05421329026268
74,10.2507418992856,12.5098678673303,-1.63909281043831,-2.01654710482962
75,5.41081692229064,9.43441356070708,-0.431703187116781,-1.71710154947892
76,4.10416875343518,7.36263075348573,-0.689765054791841,-1.95177499527289
77,1.55548851062571,2.04019343280016,-1.40518021684079,-0.408392105884325
78,-2.53863467765114,0.528747978502171,-2.01011856529109,-1.10037224912396
79,-4.63972513242178,-2.01864128208141,-1.06631454259466,-0.999881455689585
80,-7.15439014590351,-5.80601753612898,-1.22419534983934,-0.0156637827515318
81,-12.7165949775606,-11.9405495392968,-0.453737254276643,-0.444526493183079
82,-14.2966877239013,-14.1086935773929,-1.36339741344076,-0.0537972497464995
83,-18.680624753048,-17.9286223074857,-0.840698678659815,0.236438795690583
84,-21.5538036004554,-21.6259679766765,-0.551615183263759,-0.406654656315438
85,-24.3869970062625,-25.5877642081498,-0.447168254328291,0.083319095188192
86,-28.828547725908,-29.504448181689,-0.0675381971532148,1.55683670221167
87,-30.4562500971732,-31.0597692652106,-0.029971536755776,1.06264704011851
88,-34.1276642282574,-34.1063653867253,1.01068884063713,3.1203016455316
89,-34.8944318388359,-38.6211144518268,1.50111291729758,2.22869917597842
90,-40.023288928586,-41.5995378770689,2.61727989849717,2.9488165898906
91,-43.6153205940495,-45.6644690387045,1.92829648688302,2.89573060210105
92,-46.3514781284775,-48.3162206781818,2.4733104685652,3.03277312534074
93,-46.0421424874237,-50.6646433409589,2.08051230801055,4.4937902974787
94,-49.2311960969979,-51.8528432294379,2.21257697460173,5.1346694108838
95,-49.486574579997,-52.8934481870433,1.96679551390974,6.24748024470476
96,-52.4984400653643,-53.1152464268149,3.45694824989568,5.95567512725105
97,-52.9289820834352,-54.8820348268841,2.80983010002747,5.88662355377308
98,-54.5158962979978,-55.9170315052061,5.30180319557539,8.05240745728131
99,-56.1884907298481,-57.1847059247023,6.51141644035901,9.64767107666444
0,-43.9454259293723,-47.1344575260963,7.82691866814666,6.80904006479851
1.01010101010101,-45.8958212402971,-47.9407418813725,7.98058977310114,7.03102877196265
2.02020202020202,-43.9843420516421,-49.2790416622451,7.22286818881711,8.07416830900781
3.03030303030303,-45.6303791872675,-48.7433856700071,6.45093476742578,5.78477172886134
4.04040404040404,-41.3305469212108,-45.4480240014712,6.04127738586005,6.93897750118829
5.05050505050505,-40.3894635801536,-44.922784418778,7.49636389992489,8.41533873606233
6.06060606060606,-38.5022037776356,-44.5303485339807,9.32274940649187,9.07280506414603
7.07070707070707,-38.5879932707958,-42.0093955376247,11.5784587885356,10.8729189827957
8.08080808080808,-37.4896899607893,-38.9411041627027,13.5681706305525,13.2894985910704
9.09090909090909,-33.2287247481048,-38.3132979859497,15.890702967085,16.5129087572675
10.1010101010101,-30.9765724863574,-37.4285038061184,17.034240742661,17.6024110809041
11.1111111111111,-31.5851785021478,-34.361447819001,18.3726288660543,20.4967422637509
12.1212121212121,-28.7501058568886,-32.9581855168114,20.2395640538105,22.1394162925127
13.1313131313131,-26.5618776718506,-32.2283533615872,24.5019937250459,24.7064369930536
14.1414141414141,-24.0816779437542,-29.7122812767344,25.7459902768516,27.3430779365162
15.1515151515152,-22.066431262994,-28.211933858088,27.8262957254547,28.7661262694124
16.1616161616162,-20.5401541341214,-26.846878391724,30.4815609942981,32.8712563139865
17.1717171717172,-19.6347840338127,-24.9817236768525,32.1686770853591,34.3465228764833
18.1818181818182,-16.2493026133886,-22.1863428422962,31.7815623927545,36.4175288776967
19.1919191919192,-15.4066090215691,-21.4787266615974,33.2565256797856,37.2080012723228
20.2020202020202,-12.4507381641423,-18.9305352496384,33.7172926776306,38.4364770714693
21.2121212121212,-10.8913615612245,-16.7733669450717,34.1462778527253,38.9393727703851
22.2222222222222,-6.78681329946825,-14.1483428803603,33.4404595902428,38.7560803200881
23.2323232323232,-6.30539165583217,-11.0024092578466,33.7173807945034,39.2165499307852
24.2424242424242,-3.65258271820027,-9.0173997499393,34.1923437774962,38.9104786021118
25.2525252525253,-0.585569648521162,-4.82694906014368,33.4936060938857,38.5164732697371
26.2626262626263,1.44578692274279,-6.33282933656732,33.4565333774286,38.0672756828179
27.2727272727273,3.4453582080159,-1.26303731853675,32.7546585002554,36.3972535125149
28.2828282828283,7.06690026278765,-0.90186720142935,31.4113300800245,35.1376094574364
29.2929292929293,7.60190417256663,2.66988947118879,32.0408358677635,33.9834066609989
30.3030303030303,9.79674533887406,4.43712437998586,31.8038179891853,31.767902839996
31.3131313131313,13.6410336663137,9.85189946120958,30.5235966996912,29.8517881062638
32.3232323232323,15.6150576340597,11.4518276036392,29.525282776071,27.3594942304327
33.3333333333333,18.7882245403307,13.980976775952,28.0095455163734,25.4152747194631
34.3434343434343,22.1390684014038,15.4456817106676,26.2893953773573,22.9755615755012
35.3535353535354,23.1829338070302,18.6654567497438,24.5227824378749,21.2132174214629
36.3636363636364,27.924906445872,21.4683555406595,23.286346204939,20.2545988092198
37.3737373737374,30.1236909745703,25.6522137224825,19.3871356228654,18.4127683696728
38.3838383838384,31.0012694671109,26.1038953536533,17.7697105369062,17.3132232808014
39.3939393939394,33.8113548062847,29.4030680994342,14.969938075441,14.5055884289513
40.4040404040404,38.2394766388192,31.8422450221091,11.3599659630116,12.9678908515967
41.4141414141414,39.1200178748939,33.9897842281064,9.73336121058279,11.2916926879755
42.4242424242424,42.4185828466633,37.2874649837656,6.76873868034197,8.30591699545753
43.4343434343434,44.073847812936,38.2231751215644,4.45820198820667,6.4207701432622
44.4444444444444,45.6691200615479,39.4416579231194,3.27167813596687,5.47859593320022
45.4545454545455,46.9466129776285,41.9285964900879,1.71846853895527,4.18256696229416
46.4646464646465,47.5277731118337,42.3907372722539,0.819029629334432,2.71056225226334
47.4747474747475,50.3277977754414,43.8557343282273,-1.457580716866,1.75607471320358
48.4848484848485,49.7571268374811,46.9890197701897,-2.54715642516041,-0.1483517150179
49.4949494949495,50.6510735965427,47.4742056625949,-1.06435004042408,-1.11780061749115
50.5050505050505,49.9180358602581,47.5280075351136,-2.44367976554814,-1.41872983496779
51.5151515151515,48.5374046385039,47.4879874367261,-4.09814545224697,-1.73603534852727
52.5252525252525,46.7719654166445,45.3893962388656,-4.3470245117821,-2.57882859510114
53.5353535353535,43.2411255935878,47.337055033544,-4.53286455573096,-4.81325934144106
54.5454545454545,42.5352480510959,44.4089604286927,-4.99346863000189,-4.77768242005034
55.5555555555556,42.0452936015708,40.6281703228473,-3.65243738286515,-3.46396023472373
56.5656565656566,39.25283137977,42.0402282640279,-2.61858143367933,-1.01313350205391
57.5757575757576,37.7468386188478,38.7352191857062,-1.73143399628075,0.233667687999619
58.5858585858586,35.479394593086,37.8423522348202,-1.76946295741307,-0.899757434061605
59.5959595959596,33.2615454159129,35.5774306736759,-1.3444022724098,-1.28018741243109
60.6060606060606,31.5135947722969,33.2698931337975,-1.32607110308593,-0.559746792052564
61.6161616161616,27.8795463296509,32.3884578449075,-1.21188407366883,-1.57246519210608
62.6262626262626,24.5625956515195,29.7264034080926,-1.07989042104138,-0.96723567393615
63.6363636363636,25.3664431424074,26.2672056445847,-1.86741107548157,-1.15103750501354
64.6464646464647,20.8188438530462,25.1188866794505,-0.882054416216876,-0.427223530288295
65.6565656565657,16.5204219614376,21.7211264017126,0.239967453972592,-2.11933175938379
66.6666666666667,14.1394592027865,16.0261970347921,0.0658850336371218,-1.14369807879868
67.6767676767677,12.9063271366301,16.7807045299264,0.200957655541021,-0.41968622334824
68.6868686868687,10.7519093876664,11.8790016422026,0.196444968389339,-0.156351784787348
69.6969696969697,7.78937434791854,8.12196619993336,-0.354587304555655,0.435919412505581
70.7070707070707,4.57031921969178,9.24354885446428,0.480164146575785,0.761186906824627
71.7171717171717,3.36592077025723,5.3503991161249,0.830279072372288,0.113625451384338
72.7272727272727,1.50492509200815,-2.06537193946736,1.32404456244664,0.95670410301096
73.7373737373737,-1.89468682302863,-0.905167185444247,0.510972607037929,1.51932376686228
74.7474747474748,-2.97641058865391,-4.65233012897882,0.547831292300646,1.36215639372769
75.7575757575758,-6.17568015299477,-5.30708542114461,1.15181617438172,1.10859596387866
76.7676767676768,-7.45794934439475,-8.25689077724068,0.0992415271219923,0.657359670208477
77.7777777777778,-9.2736715746698,-11.0582685291099,1.26231215301188,0.63227022190757
78.7878787878788,-10.976518669732,-11.8231203440248,0.84458405766461,1.34401004088044
79.7979797979798,-15.4367369315499,-16.5428984403005,-0.0432991794597813,0.748165963275191
80.8080808080808,-17.8368079739332,-19.4961296049262,0.357922495846813,0.899987790910673
81.8181818181818,-17.8815745904813,-21.3682294222156,-0.0452087408840056,0.190341691505999
82.8282828282828,-20.0629433801266,-23.9502186127659,-0.384212474969246,0.761437243353688
83.8383838383838,-20.2463753857959,-25.8956604277369,-0.100480965939855,0.581006961967529
84.8484848484849,-22.2436584947999,-27.2306514554017,1.41789931542142,0.328945978085998
85.8585858585859,-23.7639038150062,-30.883949793172,0.860230093964744,2.08892891135153
86.8686868686869,-27.9525705347934,-31.3671557655916,1.57107662700656,2.19509480373799
87.8787878787879,-28.2546195927293,-35.3503594255512,2.02967702227163,1.89673705326428
88.8888888888889,-31.1607009388239,-36.3511624540461,1.73911848774144,1.66056186243484
89.8989898989899,-32.9576771949331,-37.6331022795314,2.17775551338784,3.28636124142984
90.9090909090909,-34.9543711273985,-41.5191205055925,2.73602117036829,2.68066091206801
91.9191919191919,-36.2818676494362,-43.0274296531292,2.98340253167598,2.16430474290091
92.9292929292929,-38.8104935776581,-43.629436007892,3.35997337163679,3.3282771849703
93.939393939394,-42.5608679976633,-44.4818803845623,5.42185850310269,5.44955975579959
94.949494949495,-42.4178196946075,-46.7756401275759,4.72323642532888,6.89889005212291
95.959595959596,-41.5911091388511,-48.744289667196,4.85500485307226,7.17088610223446
96.969696969697,-42.4569319350893,-46.7421890571053,5.70924366777535,6.39188891450355
97.979797979798,-43.6038461391331,-48.4417761440176,5.9750044348534,7.69224154598779
98.989898989899,-42.8413371836674,-46.4924700168878,6.6069247480401,7.36601201500872
0,-46.648595811945,-51.7246359142008,8.48537945390984,9.09418204251653
1.02040816326531,-45.5639153012247,-51.3289799656299,8.15068860947416,7.88845920575369
2.04081632653061,-43.9256056431771,-51.3009991745365,9.0096407596188,8.29219060224094
3.06122448979592,-44.6405568297016,-49.7680548732548,11.2266570581908,12.4000780417723
4.08163265306122,-41.6261130813246,-46.0801627526344,15.6992170602725,15.0682814984471
5.10204081632653,-40.5377229375504,-46.3326355621465,19.2863390710493,19.3236784695685
6.12244897959184,-39.050138840884,-42.3747042274828,23.1368282636611,22.240502127456
7.14285714285714,-37.2767386650373,-42.0017560377899,26.5855487823445,24.7533558927645
8.16326530612245,-37.2988994277459,-40.7070384809652,28.9881198439494,26.6052985373974
9.18367346938776,-34.3671901107827,-36.3072602675044,32.4984685649037,27.3211949786356
10.2040816326531,-31.7051303888477,-37.541115177055,33.3464848338921,28.4917887430382
11.2244897959184,-28.9277342441779,-35.4298363689085,36.4093025317847,29.809731429424
12.2448979591837,-28.4475164881835,-33.1425034652296,37.0104157712589,31.86517989975
13.265306122449,-28.0382494113009,-30.3100623330195,39.8699280208695,33.547243395966
14.2857142857143,-24.3023099527517,-30.3535923962087,40.9010669283397,35.456171845117
15.3061224489796,-22.4038555043563,-28.1477014574309,42.9949776149031,37.2800921758614
16.3265306122449,-20.1677725353328,-24.6713788321718,42.5780493469463,39.8166100824526
17.3469387755102,-17.8533903053892,-21.9086256708754,42.6244253320727,40.5667894151406
18.3673469387755,-15.1663614455976,-20.2142217884895,41.1401969461698,42.5388164049029
19.3877551020408,-14.0941721987682,-17.6069493261774,40.2683085232366,43.0419185450772
20.4081632653061,-10.5090501557557,-15.8135784998734,38.8136418367716,42.9420389527119
21.4285714285714,-10.5701358229043,-12.0111285139255,38.8340420570219,42.6527664678283
22.4489795918367,-6.1733307583449,-10.5280316045769,36.6814839978333,42.7537242445779
23.469387755102,-4.27447083483128,-5.88327339890133,36.1787091826077,42.2913963235461
24.4897959183673,-3.61400600680291,-2.60405303056381,34.1345779072248,42.2674995709244
25.5102040816327,-0.257594103622411,-2.68159073245174,31.5315966788119,39.033416725193
26.530612244898,2.64634294878359,0.0389479368826893,30.6677315363803,34.1020103224174
27.5510204081633,6.61646347785361,3.44385071483402,27.9646823212574,30.9679879106838
28.5714285714286,8.61720444364158,6.71058325519517,24.7622190431417,27.0797703687632
29.5918367346939,11.204414361263,10.4858183818404,22.1774817072102,24.0474808249971
30.6122448979592,14.8692967329312,14.4654426279781,20.5222947765813,21.7589821336016
31.6326530612245,18.0248401214958,15.2966610661002,18.6254744688952,19.7548672351218
32.6530612244898,21.4934593483704,18.9178672368613,17.9520336469952,17.7561982906073
33.6734693877551,21.9253072405683,23.7173277236584,16.1906039809724,16.1826903916278
34.6938775510204,24.9307095351632,25.0229634394195,15.8434218578819,14.4790809405411
35.7142857142857,28.3229417378968,27.8672833870247,13.3426119473039,12.4408940553415
36.734693877551,29.5542000235037,28.0910222546623,10.8741749945323,11.2720446411962
37.7551020408163,32.1009070560087,30.6752146369563,8.8793777006849,8.89743909464381
38.7755102040816,34.8073781178352,31.7479570797555,7.0938923761137,6.46381502952842
39.7959183673469,35.4188116707028,35.3082436994904,4.4227926058967,4.90300319060745
40.8163265306122,37.7124388532158,37.8137630329187,2.87306517964164,3.60807287183934
41.8367346938776,40.430698514467,37.5285035261163,2.096912326299,2.09095790255297
42.8571428571429,43.4863851095138,39.6102679494848,0.910353246207268,1.63288431973692
43.8775510204082,42.0305205982784,39.9500018711888,-0.875519722300861,-0.0543525540556372
44.8979591836735,40.9067001808715,42.3475019093468,-0.805927920045879,0.0493444699941689
45.9183673469388,41.4890780608314,42.1087407095806,-1.37532129402789,-0.679777613929068
46.9387755102041,43.0501962221288,42.6228169862769,-1.57335758675185,-2.81430061727286
47.9591836734694,43.0835315405201,45.3736680049371,-1.36161522845341,-2.88930782942565
48.9795918367347,43.0784114079481,43.4845172654816,-1.18770460483261,-3.01353692810795
50,42.7555164732248,45.9986251634098,-1.26384819875432,-2.38741952134425
51.0204081632653,42.9544730438221,44.9227268035969,-1.25242653503304,-1.63332440163864
52.0408163265306,42.3873708122253,44.000736313626,-1.47537055532354,-0.203624238272327
53.0612244897959,40.0018875685572,43.356837645299,-0.510284411460314,-0.945040927841946
54.0816326530612,40.9577623705857,41.5743665230745,-0.604898268641546,-0.510656793047159
55.1020408163265,39.9476840093978,40.7903164267658,-0.422340765699368,-0.468751380538721
56.1224489795918,37.910472518322,40.2885797983654,-0.452507254754149,-0.697942627671833
57.1428571428571,38.1848197794534,36.817866011026,0.367914841576959,-0.174111482449693
58.1632653061224,34.6593885033245,34.8951498093408,-1.52084904409026,-0.351206308433108
59.1836734693878,35.4958932742168,33.2581471334763,0.0496356850641374,0.543386457090355
60.2040816326531,32.5957495491285,31.3903538626677,-0.0314472590694667,-0.449265366846848
61.2244897959184,28.6688861971168,30.6996415295625,0.00808516869197871,-0.32394999098876
62.2448979591837,29.0177304810856,28.1166331963494,0.206279247297998,-0.389951300155496
63.265306122449,26.7789871466659,27.3542174370654,0.65525478065335,0.638126221841871
64.2857142857143,24.3566666744951,24.0228322138441,0.681146684141567,0.0562503210689199
65.3061224489796,23.583882665284,23.7630898621506,0.191026594439286,-0.336952339559247
66.3265306122449,21.3246189178722,21.4312776096359,-0.377507558059982,0.231368595817825
67.3469387755102,17.2738593112614,17.6919850788021,0.793668118832887,0.525129217290913
68.3673469387755,15.5686098819542,15.599675947109,0.223413223335458,-0.550851837654821
69.3877551020408,17.1824738490602,12.6829759149497,0.459869500450388,0.480248719151503
70.4081632653061,11.0551474138198,12.2803942768035,0.161079001152588,0.248124518107293
71.4285714285714,11.6258816579587,9.81585214613439,-0.0440104927533832,0.186761364393232
72.4489795918367,9.122278308389,8.27779964950065,-0.0752290090729349,-0.716438987557763
73.469387755102,7.22780099525085,3.61474613609083,-0.853462046961329,0.14608747963952
74.4897959183673,4.23148875841527,4.39073413207049,-0.528891993730968,-0.0800740033147026
75.5102040816327,2.45314276913367,1.08894016064336,0.288773894106353,1.3400643345014
76.530612244898,-0.110473960696289,-2.93831160322954,-0.105606808371991,-0.0179280328008137
77.5510204081633,-2.36916955863963,-5.48580133209212,-0.147158878244411,0.072833134228578
78.5714285714286,-6.48608399121472,-7.85759311447704,1.22598946492778,0.992455553647797
79.5918367346939,-5.94596215186454,-7.43280578506501,1.17855450266424,0.0199284129509616
80.6122448979592,-8.92655218556623,-13.2718774367871,0.453170078252968,0.692504060326917
81.6326530612245,-10.2495193283957,-16.6687037792457,1.39963269382783,0.158739587167685
82.6530612244898,-13.2303138990781,-15.9599815640874,1.01893878429971,0.21841368130697
83.6734693877551,-15.4884400492974,-19.5581672760753,1.70971145263092,-0.258725894995818
84.6938775510204,-17.4208663866217,-23.1166913712729,0.603508548420199,1.08495410837977
85.7142857142857,-21.4046604025378,-24.0269174739777,1.87209388780486,0.678755251856232
86.734693877551,-23.0631538039879,-29.7466896136494,2.06244669639108,1.06689104994329
87.7551020408163,-24.8054306588494,-31.2498370799365,1.90062016342296,1.42373166813725
88.7755102040816,-25.3529571479937,-32.2812597795339,2.68242241240438,2.49060837225053
89.7959183673469,-29.5620680056164,-35.1738471362409,1.89997541867714,2.542117790677
90.8163265306122,-31.1255311154519,-37.2634744958402,1.85293834499467,2.54412969882277
91.8367346938776,-35.7531094686991,-41.5737983924764,3.03980409631546,3.30642956248203
92.8571428571429,-37.613104197326,-41.5233411261213,2.35241819725084,4.03629737869585
93.8775510204082,-39.7214946190263,-45.2185137445232,3.89957774732859,4.2003715295513
94.8979591836735,-40.1002418520191,-46.256644542435,4.04643382085165,4.62544177032182
95.9183673469388,-43.3671122527145,-48.623059236605,5.51062749032765,5.23103597285417
96.9387755102041,-44.4433771383636,-51.7232151599743,5.39158195565971,6.54421852530639
97.9591836734694,-46.5856704630484,-52.0098850745341,6.15889793475633,7.0229336960353
98.9795918367347,-45.424569976277,-51.3773796618462,8.04845839474888,7.34825286695606
0,-38.2304291279211,-44.0766979095442,9.07187853754502,8.84254365297363
1.02040816326531,-38.4631044109976,-43.7798855691061,8.70897376944879,8.76647769985735
2.04081632653061,-37.8266417074369,-46.3789532818766,10.3297401987396,8.57304435930376
3.06122448979592,-38.9146603419759,-45.3342506902338,11.5301936759831,9.2535451959927
4.08163265306122,-35.2898999993708,-42.1895428171979,12.281002066083,11.6704446043816
5.10204081632653,-33.6413769284611,-41.2619298644969,16.1142426228188,12.8796991213458
6.12244897959184,-33.1163585705486,-35.9903612777005,20.9104853664659,18.7403917988632
7.14285714285714,-31.449296351579,-37.4549494084882,24.622479762319,21.2589732845452
8.16326530612245,-29.1935817283614,-34.2754969417943,29.0432783268847,22.3405058311413
9.18367346938776,-27.8567466973294,-31.6749081037658,31.4886747445949,24.7249957391449
10.2040816326531,-25.7077709361405,-32.5918714315017,34.3555560244618,27.2839243080246
11.2244897959184,-25.1230316703116,-28.1676933998087,36.3339086588743,28.6092780492353
12.2448979591837,-22.5769469079719,-30.3066767898835,36.5684287695659,29.9873567697206
13.265306122449,-21.6531213800293,-26.5412326576742,36.7451897250065,32.1619746400579
14.2857142857143,-19.7662800196572,-24.6852276085495,37.8735055551278,33.2947536705912
15.3061224489796,-17.7740311663249,-23.046258144173,37.1129011332385,34.7340539380358
16.3265306122449,-14.7277147153995,-24.0519805016127,37.4160379906723,35.7350294847309
17.3469387755102,-13.8551370595367,-19.7378482474952,37.1087233499938,36.2113938675273
18.3673469387755,-10.0523145991344,-18.7464609530191,37.2194018783821,37.3971386991996
19.3877551020408,-8.0954542048386,-16.7296051291478,37.6274334955348,36.9763416742195
20.4081632653061,-8.1967346647491,-12.3508274593581,36.293752629632,38.884908244
21.4285714285714,-4.53922877949023,-10.6113855721906,34.9675790520756,39.3742542074955
22.4489795918367,-1.15819621587532,-8.53675508658809,34.674215042308,38.1932688509765
23.469387755102,0.532207893138806,-6.55233371536434,31.7186461186013,36.639247225673
24.4897959183673,2.01832597745313,-4.2138719740872,29.2496313251469,34.9323190047831
25.5102040816327,3.04358927357749,-3.41383690112874,26.3011372254281,32.622207094946
26.530612244898,6.1259457014235,0.296186337302055,26.103791068089,29.3015014082109
27.5510204081633,6.31373151879849,1.81860065414845,21.5813154406854,26.230588827903
28.5714285714286,9.65678233283022,4.1871939795026,20.3186636681517,22.556306975923
29.5918367346939,9.8197143027569,7.32446372395435,17.7591622761842,20.5176310475726
30.6122448979592,12.4231457477852,11.1738282159853,15.3087917977243,19.1107949744522
31.6326530612245,15.1395519668036,12.7951701646234,14.9812768501912,18.1716529071809
32.6530612244898,15.2945085233713,16.587592106508,14.7483524949867,16.3675584772543
33.6734693877551,19.7927021225677,19.5229428543488,13.7300493002013,15.1949126247717
34.6938775510204,21.9938883384951,20.9234546242289,12.6870060502331,13.0776534700736
35.7142857142857,22.9845892296081,22.5885178657351,12.5472063765332,11.8236827902698
36.734693877551,25.2819965212198,25.1860551257142,10.5445595152661,11.0082827344003
37.7551020408163,28.8799692037071,28.2326251169657,9.84559012828889,9.14956010615122
38.7755102040816,31.7999856113976,30.6855875006225,8.14271616095442,8.06414154317499
39.7959183673469,29.1515480049732,31.3033895175273,5.49155516383904,7.47645889309219
40.8163265306122,31.9088928901339,34.4445280587708,4.7253131115395,5.90002221426763
41.8367346938776,35.6403603343494,35.8598934387264,3.74787748515081,5.01878073106277
42.8571428571429,35.648127522586,36.8737754556238,3.46723790351139,3.65560148587925
43.8775510204082,37.6889107753308,38.6030722978822,2.46784672153374,2.6136126993182
44.8979591836735,38.0227306600674,37.7409172905447,2.4973920700409,1.39457691153886
45.9183673469388,40.6664515287497,40.4098627325086,2.56943094774521,1.3683682927953
46.9387755102041,44.8348480348961,39.7709083392549,2.63893648580839,0.411275671901426
47.9591836734694,43.8080109167129,43.0177443979005,1.91990462435418,-1.06583927416806
48.9795918367347,44.3445070835482,43.7110418156005,0.931448921034412,-2.15261892717241
50,46.3903294121407,44.76701235831,-0.339969744854945,-3.20591148730616
51.0204081632653,47.2931460979829,46.6061314240284,-0.632470293634407,-3.82742400112234
52.0408163265306,47.6613064080168,46.5319995199495,-1.8380639096905,-4.01771857281862
53.0612244897959,47.9386309446637,45.9291082974769,-1.32401420199576,-3.624606086854
54.0816326530612,48.715901803593,45.2704925066306,-0.784837782365685,-3.3486529517496
55.1020408163265,44.1343541955676,45.7225939609218,-0.659526131811175,-3.0777286394481
56.1224489795918,43.1397854649745,47.2570159704764,-2.60583481772112,-1.88312220897638
57.1428571428571,42.7793135387405,46.8141951500107,-2.4218875698787,-2.62380254640025
58.1632653061224,41.383041106892,45.6936598053182,-0.70624460579494,-1.63845518707388
59.1836734693878,39.4003565496238,43.7132371092822,-1.59239967286493,-1.44021115076054
60.2040816326531,39.2465329918404,42.5090226258836,-1.02228797732804,-1.73914833191878
61.2244897959184,36.9810299793543,40.8065622964065,-1.84740780211955,-2.49310884026922
62.2448979591837,36.0548596613195,38.2514803798091,-1.52086466351325,-0.675397572283026
63.265306122449,30.3403144380267,35.8240255238958,-1.44735612003034,-1.32996985954949
64.2857142857143,32.1601243068358,33.7617347917305,-1.03681290589733,-2.40663219523597
65.3061224489796,27.9461315295369,31.109313905195,-0.893315480918629,-1.36761406907345
66.3265306122449,25.9642589999444,30.4299650842114,-0.990036047472663,-1.77535021109261
67.3469387755102,24.0074863758726,27.6641551103969,-1.19825960861189,-0.717169573893881
68.3673469387755,21.6627340926118,24.9049916068855,-1.44727946169846,-1.98918878428654
69.3877551020408,18.8449328918188,21.8324848126008,-0.969563643155245,-2.21981606702695
70.4081632653061,19.0461069076624,18.2205343081126,0.177580519304986,-1.68100105880285
71.4285714285714,15.2019216145368,17.8812535478293,-0.675388783420408,-1.62761636065529
72.4489795918367,10.4821588534355,12.8984664576973,-0.873714672506508,-1.30168725472424
73.469387755102,7.78987786630287,12.6292270206718,-1.6983550134873,-1.04694010875113
74.4897959183673,6.73913684783678,6.71624801148902,-0.436798285268348,-0.748710865902164
75.5102040816327,2.96838744974384,5.2335513287063,0.388628815607122,0.301911321009134
76.530612244898,0.705544138111984,1.62098113238013,0.621472898661452,0.261059212624114
77.5510204081633,-0.194251417908423,0.946792753169997,-0.573938225487983,-0.0977466567973307
78.5714285714286,-4.23455326855497,-3.62512811853268,0.258427898350751,-0.160598981810824
79.5918367346939,-7.67743033664717,-6.97177808243922,0.610180897003111,-0.543417595659922
80.6122448979592,-8.39636437423086,-9.57693671749892,1.05502493115186,1.21015115411497
81.6326530612245,-9.87539724122262,-13.5937354879273,0.671082473924195,-0.0334705774491594
82.6530612244898,-11.132162880777,-16.6693327736656,1.23647480706705,1.37644490700537
83.6734693877551,-14.8384388543637,-19.4833429042738,1.04779502310913,0.867788964880775
84.6938775510204,-15.8865887041272,-20.5212441034061,0.934274011819041,1.2024384829358
85.7142857142857,-21.9905742068923,-22.3202653023133,1.37283913707766,2.19796541729803
86.734693877551,-22.8361709857481,-26.4789217817654,3.22888449852353,1.68809496178628
87.7551020408163,-26.4996816616851,-29.5705144441142,3.47501894658446,2.33670878196391
88.7755102040816,-26.905604636084,-32.5683216759828,3.46678821199474,3.15306308705613
89.7959183673469,-30.2104898075706,-33.4730073831783,5.59343683203328,4.0975509406405
90.8163265306122,-32.0277041972008,-37.9330348435939,6.0393280700904,3.99694034337196
91.8367346938776,-34.1289274464279,-41.6234150873536,5.81804088801435,4.96987204209081
92.8571428571429,-35.8835812941494,-41.6600700908274,6.30130849338926,5.80194046689539
93.8775510204082,-36.0962887244685,-41.4288764409073,7.5853602885911,6.11794275036385
94.8979591836735,-35.6263119841279,-45.4000715632315,7.39108549473106,7.21870617671089
95.9183673469388,-37.792443434669,-45.4635041418695,8.22560802347661,8.38194506984061
96.9387755102041,-37.961218828821,-44.9690418094684,8.61966270023975,7.02025302758963
97.9591836734694,-37.5255976947642,-44.5117458069375,9.98983003353147,9.04846192837153
98.9795918367347,-38.2636301686379,-45.1475819853424,10.7147420269645,10.6620203034001
0,-49.2397991832883,-51.9471926500423,7.11999258248397,7.12298502330352
1.01010101010101,-48.9082781026323,-50.784047921032,7.38514132745364,6.72641327348592
2.02020202020202,-51.4918070808728,-50.9931777772085,7.09653514085116,6.84623676086937
3.03030303030303,-47.613387241109,-50.5193529699924,8.0030053187952,6.72500191022398
4.04040404040404,-49.1734584752305,-48.3754830196577,7.77254046271278,7.25274020738846
5.05050505050505,-45.836990865938,-45.4628274560125,7.58262370839084,8.85880628469355
6.06060606060606,-45.0576986815968,-45.3163510362474,10.0711032196427,11.2852010372931
7.07070707070707,-42.4423836698186,-43.9446570866982,12.4962528714868,14.8347172258184
8.08080808080808,-43.1473560476345,-41.0175457733375,15.6963763113683,16.9755975839701
9.09090909090909,-39.3252819583625,-38.4759122790833,19.5653124296688,18.0507816388707
10.1010101010101,-36.8118260542841,-38.8336251102035,22.4557992407303,19.8147513249013
11.1111111111111,-34.4274671048653,-37.8626781134754,23.5884284153758,20.9989625982759
12.1212121212121,-35.6453416812479,-36.2375458555567,25.1835884680085,22.7482393909467
13.1313131313131,-32.0725112764809,-33.0357820992447,25.2747334900798,23.9568390556546
14.1414141414141,-30.2950149276931,-32.8664566645887,27.1517038528144,25.2542788665997
15.1515151515152,-29.1766503611141,-31.595092519723,27.0019788657426,27.1395910901589
16.1616161616162,-27.5696134055331,-28.7376653863796,29.0783595631327,28.6818013590962
17.1717171717172,-25.7375094039473,-26.9351571616054,29.0197898638597,30.6843189902666
18.1818181818182,-23.5168895045034,-24.6418116443212,30.5401857802302,31.4891063424005
19.1919191919192,-21.5688580804224,-22.4149805460853,29.4722466158665,32.5673928508428
20.2020202020202,-22.0830694116425,-19.3499426752166,29.1348521962791,33.1317452746173
21.2121212121212,-17.2543300985664,-18.7348141745153,30.4441828454933,33.5122950592154
22.2222222222222,-16.8557875498834,-16.6097359988463,29.6575853788314,34.4742364429826
23.2323232323232,-14.5895279624116,-12.9300964836013,30.1268581443055,34.1894909271461
24.2424242424242,-12.1737885819642,-10.8201593008431,30.8406997192736,35.0215661380237
25.2525252525253,-9.36971542434528,-7.3841232710823,30.6975280892603,33.7802774948111
26.2626262626263,-8.81689550837961,-3.83749593015556,30.7214031592747,33.5215297539702
27.2727272727273,-5.67941407916173,-3.89181270943646,30.3006922136742,31.625010245253
28.2828282828283,-5.83408284130304,0.0370922600631514,29.5748019297741,29.9424014405429
29.2929292929293,-1.93520283677893,0.385663971189391,29.1607459140336,28.8664227841987
30.3030303030303,3.03484138679767,3.87374571300006,28.1667546431221,28.435166407972
31.3131313131313,3.78742488197065,6.34912168650204,25.8864399064515,26.2242411600236
32.3232323232323,6.68214794662475,10.9420641487141,24.7413018794813,23.6567977746496
33.3333333333333,9.8975660832372,12.4328539820239,22.9851715731236,21.4397525346498
34.3434343434343,12.7384395573043,13.1655452441241,21.6383173707195,18.5699830179694
35.3535353535354,14.7830567224153,15.700169340732,17.9504463034328,15.4419812694101
36.3636363636364,15.8942090738974,17.0760029993294,16.7187307474834,13.1988360275408
37.3737373737374,19.4938021710284,20.7893112770905,14.9870287589277,12.0938168827566
38.3838383838384,23.0578254715856,23.9116414687697,12.4542651039067,11.2174019066959
39.3939393939394,24.0546421578037,28.1687929525071,10.0993002327356,8.84809881460563
40.4040404040404,24.7223708703744,30.4020506551389,7.98728091929032,6.98905032363468
41.4141414141414,28.4713738804526,29.7804847690031,6.07908086623715,4.95901691707593
42.4242424242424,30.6470135064048,32.8762565231978,4.55171209384011,3.62940638687584
43.4343434343434,33.2011890541594,35.8582850736991,2.62256441246425,1.35221264804293
44.4444444444444,35.8571390168108,37.485591653151,2.15814803396307,2.3137377192061
45.4545454545455,37.3220156272095,37.2383383394086,2.01841707157491,1.32881678268281
46.4646464646465,38.4152286009713,38.8336133866124,1.54940567355179,1.52404565247317
47.4747474747475,41.321746679878,42.0848401064098,1.75342406319062,0.943125919160285
48.4848484848485,40.299675292752,40.769028046437,2.47985651765869,1.22552828615868
49.4949494949495,42.1701713854822,42.9547432467977,-1.05528758210654,-0.895834005541457
50.5050505050505,42.2165484036711,44.8117602026965,-2.38873785191727,-1.76040170200465
51.5151515151515,42.2979849926596,44.1623538506731,-1.62275317250229,-2.1891750979704
52.5252525252525,44.8320829475828,46.170735310911,-1.32161275710037,-3.26317362601804
53.5353535353535,41.9659531370081,45.1221532610415,-4.7077013635245,-4.73878835583037
54.5454545454545,44.4957616736049,46.2616283691046,-4.54409847599717,-3.88918691172282
55.5555555555556,42.0805132509874,45.97022199125,-1.72085798236321,-3.42757959145943
56.5656565656566,40.7831891743044,44.1881922041226,-1.83114487538986,-2.06563662156629
57.5757575757576,40.7103353274864,46.3810362224026,-1.55945957366334,-2.39815224044621
58.5858585858586,37.6828066015365,44.9109657961307,-1.19065181846764,-1.97150024259108
59.5959595959596,38.5960515746383,42.7270745859787,-1.82272918097253,-1.01100803768388
60.6060606060606,38.4127578480703,41.9908086243799,-1.47469159730374,-2.48677439548102
61.6161616161616,34.2992803872269,40.6139808482845,-1.35759123550157,-1.73830205628775
62.6262626262626,30.8588500472907,37.7394549187117,-1.00054833793344,-1.74178038476103
63.6363636363636,29.2167772802819,36.193040349215,-1.34065004480041,-1.9745728062323
64.6464646464647,27.3297330904209,33.4011011470248,-0.243376416985985,-2.58487809198291
65.6565656565657,24.236299318067,31.3429292362975,-1.36974527395996,-2.99316641094135
66.6666666666667,21.7163313145504,29.9732649916003,-1.64932598406143,-2.70078508258033
67.6767676767677,20.3872142082323,27.560720075928,-1.06082170630862,-3.38586680262196
68.6868686868687,17.6128603412393,25.9246743847137,-0.60228534008216,-2.11027913904108
69.6969696969697,13.747938867832,20.7058064805851,-0.991469472044143,-1.90714426521636
70.7070707070707,11.2505848682184,18.3017124104364,-0.560211128312003,-1.43976959125552
71.7171717171717,9.35949470649801,15.8370381189147,-0.477711472610321,-1.96813112532258
72.7272727272727,3.93328955940651,13.3940316292582,-0.36699329134117,-1.75789486059977
73.7373737373737,1.96183255041606,9.25971847500197,-1.1118399322659,-0.887958935160171
74.7474747474748,-2.35876297242783,7.39624082664862,-0.420902085509139,-1.43678863528655
75.7575757575758,-2.73772218617584,4.98005490731602,1.23233676753,-1.380466348295
76.7676767676768,-5.43195243930368,1.2350220563853,-0.578561632559491,-0.725791616595885
77.7777777777778,-7.4880678055148,-1.58029976689443,-0.28627032473711,-0.772222312090847
78.7878787878788,-9.94420356232718,-5.45176969805953,-0.207595989210056,-0.179071204135172
79.7979797979798,-15.1309266052479,-8.14958919642473,0.627511696105828,0.0903756151481877
80.8080808080808,-14.0961827413764,-10.1095924116515,0.279483510382313,0.222286647580598
81.8181818181818,-16.8249734932299,-12.498677996234,0.220087884766773,0.273310396131991
82.8282828282828,-21.135528762119,-15.237368839189,-0.0503644165437401,1.13371042712058
83.8383838383838,-23.0634183190671,-18.5529347913015,0.28721749630487,1.21806517310332
84.8484848484849,-25.0325147073716,-23.733047062038,0.713166923204305,0.343369475217929
85.8585858585859,-27.8739291794722,-25.5048714466451,0.450498202629273,0.83657548022037
86.8686868686869,-29.4733719985685,-28.6302030421457,0.431801499358166,1.74230030487097
87.8787878787879,-32.1621267834639,-32.9058099450023,0.784187826361314,1.43464220365364
88.8888888888889,-34.9504802704645,-33.405062649826,1.79469816783762,1.57896390902871
89.8989898989899,-38.294984454522,-39.6912512434978,2.99396669778755,2.79915707118112
90.9090909090909,-37.9390807522922,-38.7387472660893,2.92136934771913,2.77743024595496
91.9191919191919,-40.5659498957303,-42.6053982073735,2.43450714011418,3.55189762570331
92.9292929292929,-42.9542101760408,-43.5301054549214,1.55660086302887,3.15816262275173
93.939393939394,-45.4035928979006,-46.9126204885316,3.0838720807507,2.65332637835716
94.949494949495,-45.2616566548261,-47.7746555433972,2.77296211417088,3.97537370037323
95.959595959596,-47.1268510619485,-48.7534738325933,4.01529066968838,5.03212246849717
96.969696969697,-47.5602669076349,-50.0787847128054,4.34662573368596,5.59845497972855
97.979797979798,-49.0870222321963,-50.2697187160371,4.67986193326337,5.90601343294369
98.989898989899,-49.8487921519754,-51.1869759457452,6.09456876765936,7.29060863437254
0,-55.2293506037863,-58.3542889051923,4.80312825794301,10.7694937640095
1,-55.1565715672985,-57.9014370920142,6.10132650976099,10.983843607405
2,-53.6824175131406,-56.8843020332558,6.78238322286503,11.4863452635936
3,-54.7763062349485,-54.1536901028702,6.09511753825015,12.6187047252123
4,-53.4098542485447,-52.8405108120384,7.4130143394452,15.3865111523728
5,-52.0930937528442,-50.8160473394082,7.2099364252808,17.3993327248795
6,-49.0173577150098,-49.6954035864242,10.4918501685648,21.4475877586533
7,-47.9384565847982,-48.9563209340533,13.8576482823675,21.7400010032124
8,-47.4600417726415,-47.574370512051,16.8824638994835,23.3580827793677
9,-45.7108254098236,-44.3342645652197,18.3986548790694,24.6633949531929
10,-45.2394095930099,-45.0690548982638,21.1157859902673,27.5281092507549
11,-42.5853552750089,-43.1229590033836,23.8007291774927,29.528173046319
12,-38.9062162181633,-42.4264165515946,27.0076213152087,30.2110910274395
13,-39.9061973758959,-40.2351995402127,28.7024633736433,31.7891093767881
14,-38.7000577117681,-37.2209004334973,31.0054841329893,32.5824636945986
15,-37.0196878066689,-36.5257491425885,32.0963345035855,33.7450184453783
16,-32.9220576847432,-34.1874481416765,33.4872057387661,33.8368271847282
17,-34.2860861163933,-33.9946796165105,33.999824822439,34.9416356494437
18,-30.868691829472,-30.5780862154724,35.9631631510449,35.8472066016669
19,-28.5619626460006,-27.4954793748331,36.8823160599287,36.7198486313386
20,-28.5323071106962,-28.6444546310745,37.8065353783725,37.005921599128
21,-25.4870326676469,-24.8917905919523,38.7023621066014,36.1476241684793
22,-25.6064662387708,-24.17009881815,39.4719849446675,36.7256126679804
23,-22.8643584063793,-23.4310218804868,39.2406482338867,37.2148803137785
24,-21.962786353726,-19.8410609894731,38.8447492809001,38.3023247743967
25,-17.0104308770866,-17.0694260175334,38.8996199897387,37.8595586286665
26,-18.443744488841,-14.3826433519188,37.8305616369569,38.1251466047839
27,-14.4864027311968,-12.9829387489685,37.1732845239507,38.0063560675711
28,-13.9101567071879,-10.0199807191338,36.0009290848377,37.576413880946
29,-11.3244714229833,-7.35186558304525,35.1733273817875,37.4573294502233
30,-6.19833436831014,-4.06039268477752,34.0928745034505,36.4904871092231
31,-7.1892139113484,-1.41051685015673,32.4247993660277,34.633368226106
32,-3.09415211456284,2.96564318849822,30.9213708697602,33.543513251709
33,-1.81120080653846,3.92777457188228,29.9066918387687,33.3049463600977
34,0.840656908342619,5.03020388583742,28.9701131476426,31.2586330266739
35,3.44248631510167,8.51769364140616,27.3669148279922,29.3634234715712
36,7.00095194022136,11.1219129003345,26.2538355646038,24.8253311010491
37,8.18768439798439,12.806761059527,23.6378626270048,22.8076734887129
38,11.4306027568503,15.5185727265919,22.4816050351073,19.0313007077489
39,15.4021640890389,19.6443286948464,21.1533999971559,17.1439596054381
40,16.3345542542728,21.0909783837792,19.4342006766835,14.4998916890175
41,19.4505863739111,22.2875509837521,17.5254235771174,13.549981070232
42,21.1790662765128,25.5875251856369,16.2375864054359,11.9958246702724
43,26.0744761424669,28.1353402434837,15.3712174286872,11.9061341132359
44,28.4862584061002,30.9915619949603,14.1761400756222,10.9932585900383
45,29.0662881960664,32.8180689009718,13.3033150038134,10.2941000771788
46,33.4708271254851,35.1843939247479,11.2963525249974,8.53463764900382
47,33.6788282412106,37.247847259679,8.59495397483787,6.86001705260035
48,35.8926454018326,39.1381627604018,5.60583600797835,6.07248479151461
49,37.7982576270457,38.5834559049703,3.86757958880866,4.04108516600545
50,39.4122348343548,41.8127614679321,2.9885231521159,3.39520439452679
51,42.2470256354961,43.3531690885151,1.99462654461984,2.11803948585168
52,40.8800908520244,46.362987839714,2.9170127779829,0.607934263370567
53,41.3193685679288,47.1276918494866,3.32621259135463,-0.247898235230885
54,40.3367142111573,47.4653465838771,4.45546353662333,0.731255353570468
55,43.1781185974269,47.0787075758953,3.47650928324395,0.305205192446529
56,44.6242770690424,48.1478684475987,2.58422071623599,-1.96733468835854
57,45.6595042366736,49.5153118957095,1.02298192893591,-1.82124428299477
58,43.0481131849976,49.1551844862114,0.158460137875365,-3.14322551299704
59,44.8459660616521,48.4238538408762,-1.42267290697299,-2.22645503139299
60,46.0042041779283,49.1081974678413,-2.33299117140403,-2.18727298544684
61,45.0182386347033,47.3344024061148,-3.72113480601205,-1.82950510448302
62,43.1288372737895,48.9704230169437,-3.71778521526819,-3.84472558791103
63,43.1389872864795,46.6398427997768,-1.24959350125624,-5.03413310558934
64,39.2834062650956,42.738875920817,-1.94825642151548,-5.02762944793762
65,36.2565333241417,43.1865978212613,-0.486582524716106,-5.29506692604475
66,33.9315194451386,41.1224648945367,-1.06966348999386,-5.03375340692495
67,31.0987005219085,39.0221545377287,0.215832242258435,-3.06102928643791
68,30.468987515879,34.8288038289176,0.305188668163675,-4.4989734368171
69,27.2785385679108,31.532324737345,0.183380262104347,-4.24736997342777
70,22.3006913832065,29.2016888956064,-0.170611032571644,-4.40126255747547
71,20.2916236326073,26.171819478975,-1.0673849842515,-3.3579285472122
72,16.5465848144643,23.8537346391736,-1.8713541035455,-2.69118985494924
73,14.9330150412977,17.9318482726027,-1.63579844270049,-2.15772855578986
74,12.3821072703021,15.5236928003072,-0.774006446516382,-2.32524244276948
75,8.58472597445177,11.7807935304486,-0.775712139702813,-1.4374163432753
76,5.48998392602419,9.47777933372591,-0.0494376888613336,-1.88494564901134
77,2.0151577955664,5.91325686129043,-1.04336867086105,-1.85085025964109
78,-2.46074677291031,2.43006707457341,-1.20475061562648,-0.302919047092487
79,-4.8224916277992,-2.12994345531723,-0.21497639534961,0.0345118782152707
80,-6.69769798376986,-4.34900234312213,-0.404903278869509,-0.382630082060536
81,-10.3913955259887,-9.00046657258405,0.32916447034407,0.235649847629466
82,-12.5497142416679,-11.8624815657125,-0.342410087781409,-0.343322398892669
83,-17.6372610210018,-16.1781549698489,-0.271722805734701,-0.11152716196534
84,-18.4566002324421,-18.6940918842105,-0.104781450175664,-0.27604880264959
85,-21.4197700021869,-22.4139887474567,0.157606656189628,0.4903298237038
86,-25.9121773049373,-25.4771252580256,0.457728912318395,1.48025345832252
87,-29.0467280166242,-28.1469717395252,-0.351622956363525,2.15509265975465
88,-30.7733756003181,-33.2518132587733,0.488605999874959,2.8530298194337
89,-35.3703631787708,-37.371779059936,1.25443916147576,2.98546779626351
90,-36.7255116303319,-39.4919694709208,2.54307967863488,3.37768363169985
91,-41.9311102909695,-42.8563699557319,2.70109153884918,3.37112181952283
92,-43.897507581307,-46.726203851824,1.85938084705615,2.74248532531174
93,-47.162619709767,-47.8577326121101,2.26065094617099,5.40254845724016
94,-49.383833563308,-48.9570598038702,0.249949431015852,5.80068316246636
95,-50.758146271673,-52.8128330818558,0.0780260352214103,6.7290736107775
96,-51.6358453977666,-52.5429384109259,1.54682123633227,6.23689346110253
97,-52.2839149849854,-55.3558683055187,3.77201194683454,6.65300182964724
98,-52.1582754949837,-53.9776073183679,5.8860555353006,7.9619755200792
99,-55.5997409882953,-56.7091698908366,7.93966058576741,9.594697829906
0,-53.6381891784431,-49.0756904339851,8.59359822749389,4.22589087701227
1,-53.4618958849281,-48.6056326609466,8.18589419372159,3.53496782267401
2,-52.7657264648652,-48.7445387840959,8.00952141809062,3.50397039865765
3,-51.5016072618666,-50.4712198060104,8.48098260076269,4.86349492188551
4,-50.1487182766351,-49.8806384785231,10.4341644383649,6.00649202370301
5,-47.7587341527216,-47.8130384334498,14.8928941998386,7.36907952236143
6,-46.9778425873216,-44.0431125424378,20.2986625111873,10.0839785970696
7,-44.6780318396988,-41.6358378871802,25.0489764553501,13.4029704554021
8,-43.9639339152618,-38.5869359239993,30.8925266720433,16.1474020001217
9,-40.0170766611165,-36.6809244118235,33.3268138563687,19.6483003599638
10,-40.1747687910402,-35.7303732162474,35.8113764861784,21.7103072359871
11,-36.5669295009737,-34.4035200374982,38.6473127241675,23.6053701630153
12,-34.9167806939402,-30.7723278833773,39.3406768942837,26.4845654104461
13,-31.3355990042622,-30.4849833412693,39.6743131131235,28.9883992879958
14,-29.739802976772,-29.6675029543096,41.0019850902424,31.5481736310952
15,-27.079265651966,-24.7705503763361,42.5998594246724,34.242247013004
16,-26.3399819573637,-24.092399617102,42.5804012903714,36.1425132900895
17,-22.846131633329,-19.9826392720436,42.6749264695367,38.3826118565886
18,-20.7139382924271,-18.9905659045885,43.5191345242237,40.7373277819267
19,-18.3576954570483,-18.2471718780412,43.1444479119648,42.1052891219088
20,-16.4249381215013,-13.7117558661078,42.9719146441453,42.6616596894192
21,-13.8204643994938,-10.633104057201,41.1992579698274,43.0558859076981
22,-11.1898062648458,-8.1123206281586,39.8480221268373,43.4829978545396
23,-10.2515763656574,-5.20694626674199,38.3857083057966,42.4426540322981
24,-7.81001141325593,-0.775093333548027,34.7870291533506,41.0899890857573
25,-3.12441287411566,-0.196653680838124,34.1243293436236,37.4023851644421
26,-0.793508923723562,3.72267431952259,31.6314989387012,34.3580083343499
27,2.04425240817935,7.20827132995518,29.883883284618,30.7687111353433
28,6.23657622753881,8.45697935633478,27.4363378052871,27.2662443071364
29,8.77749185061092,11.9719059998241,24.9996542617532,24.6707121482777
30,9.19726427939252,15.7180407810526,24.2144930822468,21.4241069993707
31,15.9465623004675,16.7571642796825,21.3065715891542,18.016568122116
32,17.4769119037439,19.5558029588212,18.0003144680426,14.6113621558098
33,18.8642738508386,23.2996240780954,15.6318871008734,12.2721071950261
34,22.802861511394,26.6884695015585,11.4615666029979,7.32813995476664
35,25.221299564068,29.2790500376571,8.16380319433821,4.39975310066486
36,26.6916625902426,32.4926907271044,4.94279239467795,3.28835154573524
37,29.3264802474181,33.5528638556165,1.90739448410956,2.11691352080277
38,30.1597361891599,38.6287776844426,1.68794325473725,1.66100682754803
39,33.1284402058276,37.7656599369305,1.99178226583113,2.11679966172927
40,36.3936906631997,39.0347493290369,0.142620600194086,1.41680270443924
41,38.9592520357184,42.9412268940945,-1.04254573878508,0.346891600011424
42,41.6187224145915,43.9315419697576,-0.973976116593316,-0.614611559233954
43,42.0846466344827,46.0712034366525,-1.82298216616152,-1.04747116499223
44,43.4560132048691,45.8142803699681,-0.0739305956994489,-2.37994843808419
45,43.8294145397495,45.7784731406159,-1.1434332807035,-0.966919118955492
46,44.4409120364257,45.7035200492664,-1.24578930711051,0.372022859512312
47,42.1822973863561,47.3392464496034,-0.706722517847634,-0.65977390793854
48,41.1660304474396,46.2606424558317,-0.741065319133178,0.49027861293046
49,40.2979481291481,44.7382497913449,-0.206894788669353,0.334255383851732
50,38.5593410355524,44.955077955778,-0.814309967593536,-0.55227326212604
51,39.2399823012302,45.7115533117728,-0.0212126470466099,-1.02951252646201
52,39.5091195913658,42.7323863740535,0.238069214126468,1.62048320773355
53,37.8311401156728,42.2625597704598,1.64357581055984,0.127541478692563
54,34.28543218203,39.2340730268608,1.15720487923534,0.216953270101745
55,32.7235628632709,40.3807814098019,-0.635839087983216,0.559975964379244
56,32.5056059485541,38.647388132441,-0.364784355813357,-0.271399053528371
57,32.4173760379515,38.5335407201042,-0.246096485692317,-0.189468212146536
58,30.006166778465,35.440045275527,-0.208108936602299,-0.613750035556751
59,28.0400595501963,34.8087259677615,-1.09288922796372,0.314884632412608
60,28.6504413691405,30.7909555634664,-1.42063342589879,0.695928422428846
61,25.5753443022184,29.5594902029429,-1.42765521293288,-1.15240850541222
62,23.3031975132613,26.1899481122321,-0.246465708859156,-1.64347714041065
63,20.8561617607626,26.4893004976789,-0.434615553433267,0.56992197059968
64,20.3866452177901,23.9234219283616,0.608847019667988,0.942488421590229
65,20.4350893076129,22.2696889117405,0.403204015450864,0.600304266636585
66,16.7795561953224,21.57840353622,-0.538601532658542,-0.573281161202922
67,14.064283543444,19.7586065534132,0.620936636698613,-0.924818417136076
68,13.432460413015,16.6409237052041,-0.124830791593726,-0.0851638333413162
69,14.4802559136623,15.424203221479,0.72804793929748,-1.40512586061458
70,7.23125801002134,16.5523172939894,0.931057779459185,-0.985877081131565
71,6.99746036361918,10.2715816274417,0.48834768372421,-0.71338936532957
72,5.94716464797279,9.95722825139872,0.0426792390950431,-1.53616571340409
73,2.15737952602143,7.44773976476629,0.226558848029319,-0.569997454018854
74,1.64391006593744,5.44658016418618,-0.431736384538885,0.0178990729747345
75,-0.30495450374248,2.55002757571152,-0.918765639693605,-0.176005865251102
76,-1.36739465902427,0.0778804309501743,-0.797171859202089,0.872555335488322
77,-2.71101647062232,-2.38397082310188,-0.625419379701135,-0.27071498790747
78,-4.95836905601224,-5.51944579908662,-1.45399201413084,-0.385054797316393
79,-7.06363841604072,-4.55309788562778,-1.36454850274851,-0.344613506622605
80,-11.0713371787475,-7.48097710711156,-0.256743431620511,-0.361374863033368
81,-15.053914606333,-11.286161390225,0.0511913433220514,0.389995565792972
82,-16.3796119150882,-16.5093259472669,-0.059878983232568,0.0822441968591013
83,-21.509468262099,-15.5848641845894,-1.08671010033422,0.246646154988252
84,-21.0189675070719,-20.4368551214323,0.785991524155373,0.779731406332422
85,-24.1431160055403,-19.8784838184744,-0.130129447984502,0.930771300312158
86,-27.0241379990645,-27.1249550510424,0.82068656641878,0.941221975866353
87,-29.9210775387449,-29.1876924295215,1.15810596837149,1.3199879073726
88,-32.1074085052394,-32.6560608314838,1.74711703885543,1.26646314628229
89,-35.8710899594751,-36.6829143492267,1.96691532401683,2.60303744033534
90,-38.6262215975604,-38.264152591092,1.7577043729212,2.93380710333336
91,-43.6738048107118,-43.6897367634092,3.50903070161618,3.51099548614446
92,-45.4298272025501,-44.8679583407547,3.27729118904847,4.23202649419098
93,-46.9780224884297,-45.3765908884841,3.7581579057151,4.52407172217266
94,-48.8623758711188,-47.3344912260836,4.74196088792048,4.86995808429059
95,-48.4657689699349,-50.9714035904801,4.91499996441735,4.84717888580223
96,-50.2665709157487,-51.0274812682195,6.13733369725788,5.41402680999707
97,-53.2160768257459,-51.2804882879635,6.19880659109244,5.75496697052014
98,-52.5351589703774,-52.9794047356619,6.22224504471089,5.76709659861781
99,-51.7231604746518,-53.2844249204587,6.80493528471756,6.31469316931626
0,-54.9602539101437,-56.4036316958515,5.46341550684489,4.72255035855832
1,-54.8072638699483,-56.8283406545213,5.65158758289148,5.22750644064566
2,-56.5762143256104,-57.0084869373347,5.46017297992051,4.46743354627679
3,-52.3555690199521,-54.9751790274023,5.43004469609066,4.15197346585049
4,-54.1541150863383,-54.6320417974846,5.6135733351647,4.69724742477301
5,-50.8208539068124,-51.8265287825675,5.6275463692051,4.13388765085567
6,-49.86881875768,-51.1627056215854,7.79235982099718,7.97599741722488
7,-48.2300485381817,-49.9688114954054,13.3247078722791,10.7462624957745
8,-46.590817594981,-47.8286963198128,16.3236976211461,13.6814420130634
9,-45.8729504228147,-46.9472447450655,21.2982245597948,16.6565546743347
10,-44.2047888071183,-45.2567140342454,24.0550828902653,18.4534079167864
11,-42.1286238027554,-40.7443751062693,28.1516329679947,21.5139958714582
12,-37.6876235353876,-40.2712157734115,31.6685029416727,23.3820104217823
13,-38.3736932239236,-37.0448478550668,34.0300900515625,27.0709535604519
14,-35.5681954803359,-38.0407799114102,37.106845178998,29.7704550236873
15,-34.5348514987886,-34.8505083601251,38.7484914292735,32.4154697926367
16,-31.4320981408743,-32.0916189413098,41.6673331360229,35.3130874853421
17,-30.7697732620399,-30.1441296107975,44.2642272311169,38.7336599108876
18,-27.2091800362329,-28.7565088727714,44.9655366153715,41.1273777114057
19,-25.0706862012275,-26.3505700698249,45.9071425438658,43.0572253315913
20,-24.1109810826226,-24.0567422530025,47.9345425237931,44.3592172857825
21,-21.1235298367309,-19.6112664513492,48.4903733038248,46.0245961258444
22,-17.7616300563905,-17.5893274498879,47.7706444029708,46.923332599642
23,-16.326766800474,-17.2360181291552,48.03398665325,47.4325270591763
24,-15.8256862020477,-10.9952963671893,48.2198040916666,47.3315728613905
25,-13.653659535148,-10.0551770654766,47.9028183416879,46.9029962044277
26,-10.6649027933297,-7.40909770772988,48.7466567882268,45.7431139766406
27,-8.67401613142144,-5.55151221949204,47.6471535207074,43.5590862559351
28,-5.64449221460501,-3.60927479224494,46.3878677178291,41.1065662570251
29,-0.449046427947432,-0.603877835197535,45.8688204666204,39.2289898694773
30,-1.95370667107505,3.38783223178425,43.2401032343546,35.3688930529176
31,2.29631388207156,7.07060203663629,38.909765572264,31.2888323451678
32,6.10193764475459,9.47673846783872,35.8571088867241,27.590778239002
33,9.57998564789273,11.3372507694091,31.8400853772045,23.6666588555288
34,10.1793767446787,15.0138203704944,27.1420457878404,22.5252637345696
35,13.9163610235013,15.4198506950998,23.0450227953953,19.6731275356985
36,19.4782436353166,18.9598713292883,20.6604608883824,17.493523806236
37,18.9200126136612,22.3459220548124,17.1239164087779,15.1260199228339
38,22.1255339195165,23.3887457402102,15.1773753206881,13.6980963694211
39,28.843237295012,26.0100347896256,13.281440397426,11.1320458040688
40,28.7095698987616,29.6150638275971,12.4695501509289,11.07391425951
41,34.0665166964819,33.2165955966428,10.8254843936853,8.10529241513674
42,35.6343911636454,34.4763360928733,8.08865253138297,7.32137455966281
43,36.546953947822,36.1900313695978,5.51404976853598,4.50208934350099
44,39.652391074915,36.9853449659151,2.74301866246718,3.19531695865795
45,41.5856343301169,40.8032718178247,1.62551444602753,1.77248123212735
46,44.2205658057568,41.9640812299362,1.12903665190348,1.0297886365177
47,45.2901649950848,40.2699329074216,-1.07014288811005,0.0416749697690454
48,44.5602021767798,44.1494165195094,-2.31808345950735,-1.37905950183171
49,45.184724946319,44.4512227495239,-3.9549928950831,-2.83453092611904
50,46.5397510691591,43.9941962871011,-5.37421465611276,-5.265675283364
51,46.1508471690452,44.1170349834318,-5.60967685026499,-4.00278925020977
52,46.9247259176825,46.0809970144289,-5.06705214319049,-4.16938637104492
53,46.2879094744815,43.6424700155717,-3.01887488760733,-3.84334917633892
54,47.8198444781899,44.172820368297,-3.01666332932378,-3.15392763385631
55,45.5618386947473,48.0592609543102,-1.9379574928765,-3.30996918471995
56,45.1508492494254,47.2093847324257,-2.78674277962651,-4.00296098800247
57,44.489907294262,43.4254467344987,-3.27699815479563,-2.97638591827396
58,41.1730201861847,43.4948792618054,-3.52259380444641,-2.74060498877915
59,45.8104569327145,41.3602426039359,-2.87870506858588,-3.44522287694422
60,39.4072963997124,40.8528747131669,-3.76145001703893,-3.03927118012157
61,38.8212506640372,37.2642929328053,-2.9818337712644,-3.5525630582519
62,35.5282717054682,36.0945653158379,-3.17414118485651,-4.99327688025137
63,32.5525633410747,36.0022228687569,-2.78814778347519,-3.49520863531827
64,32.119460197597,34.9156389344179,-3.13916462212929,-3.10828517365406
65,31.189149109555,31.6306303980708,-3.41183128710411,-4.37332099789981
66,27.7344493594577,30.0581969649922,-2.27475857521462,-3.31220692710998
67,25.6951658168368,26.5026352915489,-2.74466350877384,-3.61760446644544
68,22.9641387047348,27.078214670492,-3.16292585776944,-4.20629139761535
69,21.3596950174472,23.639677210837,-2.81066597821266,-4.47828980511704
70,20.4189965117869,20.937790971468,-2.61226320953226,-4.83753434604788
71,15.6764248830978,18.9049426884391,-2.65984836420825,-3.76413928026629
72,12.4700844384079,14.706485455779,-2.58628462841082,-3.95996875853009
73,10.2452013915559,10.9619553396279,-2.76584519900693,-2.7473889681024
74,7.41952580795483,8.5572380182408,-2.87198223368064,-3.75246454174992
75,3.38242292796014,6.48741219244311,-2.9064742627829,-2.74401040618368
76,-0.682102343634176,3.08101208610524,-2.94287822806821,-1.82056807248213
77,-2.05673924547288,-1.38409427516873,-1.81904426643405,-2.86856219750934
78,-6.23098285323653,-5.07343331134114,-3.06644877868201,-1.82225572150304
79,-8.39415494411605,-7.66017981437667,-2.40817852627551,-1.63900514016476
80,-12.9092120837961,-12.6200973378556,-2.08277798514159,-1.20945548069952
81,-15.9151650629381,-14.6050952977191,-2.33734523292592,-1.40961617845309
82,-15.7354155428864,-16.4667169858918,-1.821765864775,-1.31107439822589
83,-22.0488214829504,-21.4609162963976,-1.31409576950432,-1.66567293942158
84,-25.0413977170592,-24.31305317022,-0.835242362557788,-0.462558443540074
85,-26.3684265800137,-28.0159197562616,-1.33016089962036,-1.21900752378203
86,-31.2721330828071,-31.7604638299844,-1.07087409548683,-0.73750809703924
87,-33.0955432953676,-33.8801210227599,-0.400920996571481,0.107173940775468
88,-36.4660794984762,-35.6660056020653,0.909302261085346,2.04754591728636
89,-39.692094181275,-40.3582055352627,1.09503112921059,1.31028398038801
90,-43.3971311843232,-43.6366963493631,1.04932317044378,1.14264023294121
91,-45.6287739909546,-45.0217832751099,1.80755654765454,1.71049789286769
92,-46.8103568556173,-50.292979862986,2.28709317912853,2.3804794268773
93,-48.512735205887,-49.5993621905645,2.67077684141981,1.86149914520805
94,-51.4377252623602,-50.1659630207245,4.59678766828336,4.2291205340594
95,-51.1919722952742,-51.8091527187469,6.07094791827267,5.43977687458487
96,-51.6622653063558,-54.4944316581711,7.01225328956596,4.54448363922683
97,-51.8721556688944,-52.9674238528979,6.71232615249713,4.62719551364325
98,-53.9769045934392,-54.8760364848442,6.76014423889824,5.51604826425726
99,-53.6939781534556,-54.6015433302501,6.26616681506903,5.16781249212944
0,-60.6434194062387,-57.3155108855158,6.78501637242488,4.14352289798796
0.99009900990099,-62.0759193367925,-57.106211365996,7.29334444419103,4.47377511694397
1.98019801980198,-60.7033300348984,-58.205893606613,7.66050396993012,4.57556709794878
2.97029702970297,-59.8337745136356,-57.8886514368206,10.5263813026995,4.64086288214353
3.96039603960396,-59.6046861763608,-57.6302166922618,13.121538659837,5.37466629034194
4.95049504950495,-55.0398208091633,-55.4657458272675,16.7802328913775,7.12698859822367
5.94059405940594,-55.9215006317431,-53.4689432500818,21.9862247785791,9.07283207825637
6.93069306930693,-54.1982117059388,-50.5385479663329,25.5250270180529,12.1961572315327
7.92079207920792,-52.3818168886374,-50.3245807690079,27.4330238140376,16.4932656803878
8.91089108910891,-51.7329209167057,-48.2526036002887,29.2705186025096,18.641765105738
9.9009900990099,-50.3414618480306,-47.4292529821801,31.6414919491468,20.5871926853286
10.8910891089109,-50.5845375558737,-46.7438436033452,32.3433124154357,22.6124073019639
11.8811881188119,-49.2608383174809,-44.3731247204923,35.5243445538895,25.0091330431282
12.8712871287129,-46.6265539616181,-41.9788882769303,36.8222440986353,26.5735647817614
13.8613861386139,-46.6259277778107,-42.8810360097958,38.4620493838648,28.6078915560664
14.8514851485149,-42.8036183930732,-40.9554902171328,40.0948479796202,30.808335737569
15.8415841584158,-42.0272598426376,-39.5856033325599,41.4327263214015,33.2304781332239
16.8316831683168,-39.3807997411115,-36.6875323404207,44.1005197608263,35.1898941994711
17.8217821782178,-38.75808943883,-34.9580170455229,45.7301593816171,37.3645840425169
18.8118811881188,-35.9382805363143,-33.3449840628268,45.459162071853,39.248161324543
19.8019801980198,-33.9535813885805,-31.8783756955931,45.6342937947596,40.0439636330419
20.7920792079208,-32.0083753033331,-28.8579201509641,44.6112709433455,41.2938211656177
21.7821782178218,-31.0178361280847,-28.2692686876246,42.8361883397209,41.1734856481752
22.7722772277228,-31.8393266971681,-25.6882367764892,42.4934659631974,40.8697019071371
23.7623762376238,-28.0345201052476,-25.8218939008478,41.9769274104812,40.5974568025166
24.7524752475248,-26.4449687645167,-23.0912433458405,41.2349273353899,39.589647487129
25.7425742574257,-24.4295697600836,-19.3539543177408,39.9047623838687,38.6329489937264
26.7326732673267,-20.918309058993,-18.51140901259,38.5491698891612,37.4783857084484
27.7227722772277,-18.2557448767518,-15.166548780468,36.9235618642019,36.2884136425901
28.7128712871287,-17.6128370443482,-14.300913512905,34.419828932564,33.8820747103975
29.7029702970297,-14.4009358597701,-12.3113455697062,33.1648928783087,32.7473017594788
30.6930693069307,-12.2132961504693,-8.23178104580304,32.0317250013513,31.0754812607668
31.6831683168317,-10.5304575682564,-4.19513672868684,31.0710093850595,29.2086720481939
32.6732673267327,-10.0519249931947,-2.67967072621263,29.9619570144691,27.1109041189081
33.6633663366337,-7.77944116742579,-0.896451104451328,26.6820547630411,24.9938981857623
34.6534653465347,-1.87763333902567,2.9007139584448,24.1158494547756,23.0351068238273
35.6435643564356,-1.64202730342922,3.31569128561918,21.5016772095568,19.3821544830944
36.6336633663366,1.57379207516503,6.85674427825895,19.9559956455466,17.254374804043
37.6237623762376,5.99425515761063,9.29415379735402,16.9637337339554,13.1675076323611
38.6138613861386,4.97682884091144,13.6932351072774,13.131114917444,10.9602678793523
39.6039603960396,7.20661790454867,14.6161076211224,10.5194637431987,8.80483167561579
40.5940594059406,11.2251332966885,18.0504549220284,6.67217830790522,6.48763353177777
41.5841584158416,14.1648615068995,21.9319072826284,4.14091876152747,4.43249272169779
42.5742574257426,16.149507199296,23.7037158508585,3.5339207739561,2.67034330756088
43.5643564356436,19.651667017771,23.5782383842556,2.21210317159224,1.64382715632254
44.5544554455446,21.5685506794146,25.6986223848913,1.49590785494093,0.210687916682573
45.5445544554455,22.2842389085323,24.3292548302839,1.26203863828642,-0.299692801681503
46.5346534653465,23.9505562801246,27.1296487815024,1.28662270202154,-1.00821350661189
47.5247524752475,24.3922476283041,28.4753687147881,-0.0565695309554773,-1.57219162598207
48.5148514851485,26.1581987837399,30.1863961715497,-0.503945277548369,-2.37532667383245
49.5049504950495,28.0755343338793,31.7220188249533,-2.41554663438567,-3.34466059438411
50.4950495049505,29.119448977082,31.7159468753197,-2.60462086654492,-3.94456373659732
51.4851485148515,28.9333267115845,31.5856836401342,-3.27637878273991,-2.6093854134883
52.4752475247525,29.7510289188556,32.7748197536799,-2.81526415500736,-3.39504416051563
53.4653465346535,30.8326989102034,34.9051623467732,-4.57866858226975,-3.88657250336042
54.4554455445545,29.9849339133919,33.9135516705722,-3.85254767994253,-5.31286865336768
55.4455445544554,29.4483757787971,31.6087794645814,-2.81982300939009,-4.26553922528026
56.4356435643564,28.9856226129202,32.1064176843829,-2.46959869788521,-3.29545239845142
57.4257425742574,27.9100097561126,29.5098272390357,-2.43941331443177,-2.40725367593049
58.4158415841584,26.1658294950455,29.5010944648234,-2.7767887687755,-3.32013570709999
59.4059405940594,27.4516148552139,27.9916244496171,-1.84422970790385,-2.83122653096872
60.3960396039604,22.3120072537238,26.4489725005099,-2.3757214721213,-2.81765547627815
61.3861386138614,23.9216705553481,26.2537706957908,-2.03612018120501,-2.01592109998127
62.3762376237624,19.4608566697183,24.7043778457691,-1.86207860930037,-3.71124746212721
63.3663366336634,17.7431748566396,22.3295715665495,-1.41151264617245,-3.33564077431098
64.3564356435644,16.5077202928367,20.7837733948352,-2.54301219458174,-3.44696139449006
65.3465346534653,13.3474456131083,17.9929335904947,-1.72093358427773,-3.06865168852519
66.3366336633663,8.58597830827704,17.8163695035259,-1.92827965627244,-2.70119902079205
67.3267326732673,9.34190310507223,13.5688358806529,-1.23169330509148,-2.46057244040238
68.3168316831683,5.60258586258723,11.882169532912,-1.51936296998263,-2.62945894336975
69.3069306930693,4.00049588825924,6.13285628808977,-2.36442566001293,-2.27898654750383
70.2970297029703,2.44032691053339,6.27145430628328,-0.590247737186778,-2.00574076598472
71.2871287128713,-2.12808581523947,5.54803481029852,-2.85409912234811,-3.23536825385511
72.2772277227723,-3.55656421588563,0.870104358787017,-2.06832851637612,-2.1706398492809
73.2673267326733,-7.64364690080997,-1.98162353482482,-2.11705282602421,-2.60567945208916
74.2574257425743,-8.42030192791026,-4.48082974839355,-1.83665936775968,-2.35853846008547
75.2475247524752,-10.7477127101646,-6.71885595531897,-1.68193186219821,-1.53668460582648
76.2376237623762,-14.9989911687622,-10.0930344420464,-2.04300273238396,-1.82591149422409
77.2277227722772,-16.9962834558165,-12.0788648919752,-1.53301927521392,-2.21634583643547
78.2178217821782,-19.6105817588835,-14.5537319932692,-1.44644498686832,-1.77747063046333
79.2079207920792,-23.0305059016293,-17.8038100078433,-1.67438895899461,-0.94672609630193
80.1980198019802,-24.4045673370978,-21.9343997678282,-1.89865821837106,-1.24090096631623
81.1881188118812,-26.4959580462796,-25.299815520531,-1.21930956110506,-0.563575729080685
82.1782178217822,-29.0440167062878,-26.7304502400773,-1.11688307809557,-0.00670451827808694
83.1683168316832,-33.566773439709,-30.2228836451573,-0.0933293950794315,0.00772711137334919
84.1584158415842,-37.0594641386342,-34.8249165391064,0.481095306474967,0.412671937119622
85.1485148514851,-37.5943452058746,-37.7484717614885,1.75309537845575,0.486720710254616
86.1386138613861,-41.0822848993847,-38.2114575252038,0.90823533680016,0.780820617427486
87.1287128712871,-45.3074324845459,-41.6387525339411,1.04581395527487,1.17493118812641
88.1188118811881,-46.2759868593038,-45.5615317805635,2.35426012417443,1.46160985520364
89.1089108910891,-47.6131036443433,-47.1203028452234,1.66030387278211,1.74814184364888
90.0990099009901,-49.4577422067553,-48.9232565891229,2.66351195135829,2.09940343555065
91.0891089108911,-50.5930073519558,-50.4649585902398,2.02930281392714,2.54413609327635
92.0792079207921,-52.9881655132155,-51.4437278647364,3.06028293609266,3.30759923773696
93.0693069306931,-53.2560247510113,-53.1403536002539,4.31619029062678,3.72453816290228
94.0594059405941,-54.8432091608211,-53.9603179891141,4.82807618610864,4.05886058283074
95.049504950495,-57.2211392830241,-56.5206763277396,5.39777075316338,4.06256011070713
96.039603960396,-58.7231433823202,-55.7752904757198,6.3259670496937,5.24160113691823
97.029702970297,-57.4426097321102,-59.0166823453576,6.1372504159968,5.43755470374833
98.019801980198,-58.8971960576544,-57.5784289632308,6.37061595916665,6.18016878622649
99.009900990099,-60.8070767321435,-59.348268166704,5.36171616262057,5.45448848586009
0,-52.5781663859748,-53.5274111535048,5.88863194357354,7.09154760074219
0.99009900990099,-51.9216288494585,-54.1574063931634,6.62967763743834,8.13372177858269
1.98019801980198,-48.8114192378079,-53.4052867555429,5.76185202859955,7.84722114312988
2.97029702970297,-49.2812750139441,-52.8866389965422,5.36755780551594,8.34983856059494
3.96039603960396,-49.616258554786,-51.6290517073593,5.66050290363413,8.81007824469013
4.95049504950495,-47.2079085701597,-50.577099210459,7.71075274578007,9.97357498601437
5.94059405940594,-45.3437660385591,-49.5809847243082,10.7090114145079,12.4667665623806
6.93069306930693,-43.0049457409683,-47.4135560261676,14.9298733289298,17.0104059756153
7.92079207920792,-42.3486035773076,-45.7862036568701,19.3259463932141,22.814940302865
8.91089108910891,-41.7891500570786,-42.8954319680179,22.1796470887961,26.9618833289627
9.9009900990099,-40.0305684853435,-43.3901377017702,24.4231240054858,31.0836243881086
10.8910891089109,-36.9856607882847,-40.8770920579683,26.1542343362681,33.8604590144293
11.8811881188119,-34.9162948174691,-38.2464630353656,28.1997848824964,35.1480446609167
12.8712871287129,-32.6968003361619,-38.1315111113813,29.9392083784256,34.9595735771855
13.8613861386139,-32.1940629654217,-33.8541017965045,31.446431402458,35.9881182938609
14.8514851485149,-30.305446385466,-33.4272699938483,34.5931314676399,38.2762030618003
15.8415841584158,-29.2692478227581,-31.8122106462083,37.6840408918539,39.5986527295633
16.8316831683168,-26.4367568686579,-28.4934936596003,39.9506173200589,41.4413486624644
17.8217821782178,-22.186239083517,-30.2057360638485,42.8142647201912,42.832598594651
18.8118811881188,-20.0154670728669,-24.0149174649007,45.2122509535163,44.4186917213844
19.8019801980198,-18.7771448078866,-24.3587497853151,47.4458489692189,45.4164780733504
20.7920792079208,-16.2750129856328,-19.2430171053794,48.9993428388121,45.4434570600503
21.7821782178218,-13.6728512876196,-17.3314867073332,48.7378398573594,46.4678606000201
22.7722772277228,-11.235279032921,-13.21935239054,47.6426220916936,46.3598107751929
23.7623762376238,-9.58787261724524,-12.7248942080488,46.7982458790185,45.0592576127986
24.7524752475248,-8.07105023177657,-10.1967188918541,44.8685479314412,44.5080148299924
25.7425742574257,-4.77364854791344,-6.36311092308666,43.2574327837162,43.1504883925335
26.7326732673267,-1.17566485071009,-3.63040166197423,42.0963921990348,40.9511816030097
27.7227722772277,-0.201744792959813,0.223585789399494,39.5436213052515,40.3244963248446
28.7128712871287,2.27255054906861,2.48273935495907,36.0516399527775,37.93882750512
29.7029702970297,5.66612928719702,5.58012356861684,32.0921953320763,34.1315324504529
30.6930693069307,10.6385152023669,8.92520959013495,29.5728377407137,31.693606659937
31.6831683168317,12.1018398802645,12.037623194317,26.9056676168718,27.8385429220699
32.6732673267327,13.0526386002425,15.5512921420002,23.876204554744,25.3953524022567
33.6633663366337,17.5688986846378,16.9629380879259,20.8275837429916,20.5355974788002
34.6534653465347,19.5373877260526,19.1437813289414,18.5437025168822,16.513812801521
35.6435643564356,22.2332356001114,20.6093564039559,13.915642967291,12.3858933317911
36.6336633663366,26.0557281835922,26.2338935486632,10.8202401302148,10.1488691367751
37.6237623762376,26.4089131320012,28.8417657342785,7.41105873272724,6.76747679825854
38.6138613861386,28.3274654840884,30.6333602681812,4.51631324856283,3.80007067039734
39.6039603960396,30.8383539574888,32.5569296254103,1.95789320505783,2.28262944450469
40.5940594059406,32.176344294835,34.5680074393132,1.74421993355785,2.68988586631848
41.5841584158416,33.3348260224107,37.5298548529722,1.40697058667343,1.72595508856139
42.5742574257426,36.3475560222461,38.4014504782185,-0.618073864763546,1.70861706696348
43.5643564356436,37.3488091952705,40.4185715410166,-1.38671912885975,-0.896094865397315
44.5544554455446,41.3492719385978,43.0927172117065,-1.45177534979584,-3.17088513882589
45.5445544554455,42.463294773925,44.7848705015498,-0.945807568907643,-0.868800181269916
46.5346534653465,42.3483903235645,45.5016906160691,-0.343616628024321,-2.46133663620316
47.5247524752475,43.7799289257343,46.6073599238366,-0.369985185821418,-3.22657570460261
48.5148514851485,44.0422175104323,45.7453415791951,-1.50203850367896,-0.919124826340783
49.5049504950495,43.3320377725742,45.8404761014625,-1.15771218424686,-1.20038076592009
50.4950495049505,41.6848031218254,47.2723624210589,0.421196096629434,-0.917939658642152
51.4851485148515,38.9621925528515,43.85227883049,-0.517679372001116,-1.22852872493539
52.4752475247525,37.9999378716185,45.8915997031123,-0.69916136990274,-1.16626306386349
53.4653465346535,37.4308839582311,43.3142205129992,-0.477463861499617,0.109241692184907
54.4554455445545,36.8602617302744,44.7334727881049,-0.294832819803967,0.35875966353123
55.4455445544554,35.2518530833886,43.428541457918,-0.889985639213236,-0.196186350845178
56.4356435643564,34.7505457717427,40.2044322592017,-0.974292101638385,-0.363815509785312
57.4257425742574,30.4446147050019,39.8196661814495,-0.660955672433325,-0.786414262938936
58.4158415841584,29.7964829993844,37.7678316399606,-1.72711958928119,-0.432003943106257
59.4059405940594,27.4107808077296,36.2477424517461,0.207110972773207,-0.05031351054108
60.3960396039604,28.2188964168877,32.8070814933645,0.112434945939721,-0.352482895211166
61.3861386138614,24.4224387951173,31.743322363143,-0.430191529494705,-0.0966603454617478
62.3762376237624,23.5143563348975,28.7877127015269,-0.379802237850057,-0.646542876113867
63.3663366336634,20.930032655466,26.8874302809683,-0.550038816346741,-0.4023084929675
64.3564356435644,19.4505425384056,25.0187978266005,0.0475875354814721,0.0699408954315826
65.3465346534653,18.3853555385462,25.1220704370253,0.934183197750738,-0.377713655752201
66.3366336633663,17.2133641125934,22.6068812288298,0.0849509443820356,0.406837755405591
67.3267326732673,13.2004217668632,18.5315305286937,-1.27239317016565,-0.0770087835342844
68.3168316831683,13.0493751804058,16.7577947328453,-2.17739397704766,-0.156093327046586
69.3069306930693,9.56436196945486,14.9641684475002,-0.939698837557218,0.0663488665959373
70.2970297029703,7.17062678288602,11.3862748277485,-0.294150869933378,-1.20382461554868
71.2871287128713,6.66486396322001,11.5614291726052,-0.493253255679429,-0.437057172680307
72.2772277227723,5.84215935468297,8.51703117366989,-0.284974149561292,-0.147885934929533
73.2673267326733,2.07685546639086,5.89035234163931,-1.104171286767,0.366478575875402
74.2574257425743,1.22809502159712,4.46049598177871,-1.53326448505815,-0.519862982992079
75.2475247524752,-2.94851468502686,0.941639629190006,-1.27774751227122,-0.0816561918195203
76.2376237623762,-2.37707374447391,-2.25279407022193,-0.9772882745809,-0.88744698835631
77.2277227722772,-6.05707690495634,-5.88360913222534,0.105767238385794,0.260245912989297
78.2178217821782,-7.37454749523679,-6.18176273490049,-0.452991593627644,0.416396794625974
79.2079207920792,-10.3558138317208,-8.83880960321115,0.289802353134438,-0.478997101632171
80.1980198019802,-10.007907913068,-9.27347826937112,0.131968916318089,-0.0258445742053403
81.1881188118812,-12.4287749433864,-11.7742189005648,-0.16386506981443,-0.473493266730544
82.1782178217822,-14.2907374467167,-12.7072451688597,-0.15858234979609,-0.306528943074179
83.1683168316832,-15.7389555691592,-14.0786757575374,-0.62463116483638,-0.554162159118877
84.1584158415842,-19.1799326205575,-17.184836856093,-0.0364905140950184,-0.285221777032335
85.1485148514851,-22.3703940015877,-19.7578681146601,-0.211786040526973,0.800962925366216
86.1386138613861,-25.5178583038452,-23.8089142049432,0.755602265919704,1.05355139617011
87.1287128712871,-29.287242745389,-28.8086055513332,1.17028998424687,0.974294950227408
88.1188118811881,-34.7177059036009,-32.8777516409806,2.12627548891503,3.21913002120754
89.1089108910891,-38.2179092289383,-34.7195440258385,3.35093199505156,2.68156834204691
90.0990099009901,-40.7480822839053,-39.3862620007399,3.56000923479674,2.97198435467491
91.0891089108911,-42.9897712739719,-41.1493824688968,3.21206594588104,2.85487004212054
92.0792079207921,-45.261026465492,-42.4317516049703,4.02884121721635,4.26887483466123
93.0693069306931,-45.8130658686806,-45.070512629781,4.48971684143108,5.89057021057325
94.0594059405941,-47.0156283606116,-44.5931483452854,4.37902518660658,6.30201691866194
95.049504950495,-48.9797519688832,-47.7571293865347,5.27350293481285,5.74934397784953
96.039603960396,-52.462497198248,-47.0876513319473,5.41881067086468,6.93572770746642
97.029702970297,-51.1863878604423,-46.5937740411815,7.07974500433055,7.63317799913505
98.019801980198,-53.5242341743325,-49.3260198242486,7.48796939859694,6.57489720323898
99.009900990099,-52.2475433387187,-48.4849476774365,8.03853094582349,5.90796622523728
0,-54.6589361860069,-57.2065119869277,7.14991655689796,10.5263772867847
1,-54.4367563905412,-53.4702286815439,8.61978719598703,9.20455609740056
2,-54.3801086486514,-56.0115067310799,6.77653533935625,9.99279790938886
3,-53.7682394287907,-53.0280570939548,7.90616926077568,11.8913619384422
4,-53.3744561576919,-52.6696197229079,6.69474676136958,16.9946725290788
5,-51.4456309903473,-50.3627987237489,7.03556830279397,20.2459519303739
6,-48.8457375727486,-48.7112320605693,9.28299387730157,22.2444110873613
7,-47.4194975780572,-46.9805487251481,13.0760372326453,24.4171794414364
8,-45.8322532337477,-45.7616582990145,16.4826657208133,25.4967109150834
9,-43.427751928124,-43.8475608741373,19.2399960499314,26.3676997489286
10,-41.3242625619062,-42.8712994189511,22.9028020737656,28.1163164106261
11,-42.2342192042289,-40.2685871947227,25.5154803563501,29.7431656601259
12,-40.7725422397362,-39.8706182445918,27.9352870307127,31.2507342576145
13,-36.6227459235292,-39.4653470837404,30.2985675744196,33.167176931759
14,-36.2837894007329,-35.8266140013011,31.098433291562,33.8109269592554
15,-34.0451433558959,-34.3811835482146,32.8150661924691,35.4077285332921
16,-30.9763713705795,-34.8723655197926,34.7302672292736,37.7235856524073
17,-33.0904119882749,-32.064529621233,34.9032528265874,37.9356101119225
18,-29.3271450758201,-29.5085256441617,37.0463144931469,38.6893544433774
19,-26.2193566914632,-28.4319123231123,36.7846819393403,38.311453754453
20,-24.7327985800706,-24.7003496149724,37.2732304100485,39.8256249150342
21,-23.6989648243746,-21.6100423887036,38.3339417279509,40.5236750718159
22,-22.3377590450418,-20.583157920086,38.7478127791079,40.7106149285119
23,-20.7212662482385,-18.1777451933641,39.2723443068801,41.3096997463085
24,-16.939758802509,-15.7535551549503,38.3988172528345,41.4944639113285
25,-19.0358622790506,-13.6329121441146,38.5368919964307,40.8621128929533
26,-13.1119867503225,-12.7690560487315,37.4473333543966,40.6858515600125
27,-12.4871584657167,-8.51048602590476,35.8731398997411,39.762226904903
28,-9.43133509578272,-7.64879003256132,34.5496531252433,38.871640223136
29,-6.24800633330248,-5.33231382983747,32.3725394524698,38.0055212175922
30,-3.84068967856073,0.136990549585181,31.8530632556264,37.3800400559379
31,-1.5717607603073,1.0282368378375,30.194656136406,35.496976625658
32,2.40444047517209,3.01575505542898,29.0397210484077,34.2832351904492
33,3.23038029482071,6.58553514207976,27.8511050060855,32.7526274295138
34,4.99992661053711,8.20018295186287,26.5574620028809,29.2285206642672
35,6.38566796384688,11.9370614397102,24.0431130662689,25.8936648388393
36,12.1185757056622,15.3109985356004,22.1574977120446,22.4500453144996
37,14.7152082781998,18.0022540021349,20.5430724095328,17.9891387370418
38,16.6604826083551,19.9302484186427,20.0982834070392,15.118364403949
39,19.6481567844746,21.8021077278973,17.2732792565132,12.8347443351824
40,21.1737950360199,25.1946676946083,14.819118597672,11.6064275122052
41,23.2467150249085,26.9525736182416,14.8931636525724,11.2785241929008
42,25.9171283121867,30.17223851514,13.4414368976329,10.9868413050336
43,30.6093611884813,33.3613408272167,10.7819332918358,9.04372415004012
44,30.3644765910948,34.8730347118892,10.0325390757815,8.69512714793072
45,32.8739437550362,36.2477627884249,7.50530170956899,7.16616814547381
46,36.27759180191,38.023655190519,6.00843437168973,5.85610859872274
47,36.2952480318869,38.6641944130955,3.36457341449715,3.63364721925168
48,38.4959249305225,42.0231542598696,2.32584798887807,1.97373827365645
49,39.2307321827909,44.1909784062253,0.395651782050025,1.69672490593366
50,39.3315639073375,44.2517863019771,1.43689523625996,2.01490936394514
51,41.7554613518079,47.1014352830428,2.73800959521912,0.11326003899999
52,42.2597451292081,45.1395871843033,3.49313693758726,1.15123126893118
53,43.691728600801,47.6458889172619,3.30418489761747,1.3801688148851
54,45.2413117810008,47.9556978949321,2.27184843913737,-1.08031644159664
55,45.619154311106,50.9904213066305,2.45973476371145,-2.8956461195219
56,44.1326688267475,48.7331375946401,1.73275278651464,-1.87601584808436
57,49.5287955582539,48.4586386158562,-0.453954141861375,-2.44775046217635
58,45.9696270881462,50.3317397865352,-1.10225062581406,-4.09185310998392
59,46.0416588268367,50.230656811147,-3.32718847993218,-3.88149742135265
60,45.2341429118472,48.0942660797511,-3.78223324149359,-3.3919190765395
61,43.8980493717319,46.3930212179835,-1.68738916120581,-3.49997603132889
62,42.9433279637166,45.5414672954667,-1.11455074033514,-3.93790083378592
63,41.0882536700061,45.4952805465149,-1.10137845216223,-3.46279500632463
64,36.3688289112086,44.1920568326373,-0.724980570241046,-2.84315252595644
65,35.1061943272273,40.1125139692103,-0.750256599291277,-3.12432654371031
66,33.0185737337461,38.9238311543263,-0.904377938175884,-3.71929073452702
67,31.4113942667574,35.8218896670012,-0.536132111382855,-3.75811212777279
68,29.2312481910731,31.7941579604868,-1.24437301950594,-3.32613734611507
69,23.3664479559621,28.409989537426,-1.38590732131884,-3.55446336996074
70,21.7535442427018,28.3924856357134,-1.03938167669069,-3.80925918133226
71,19.5245624535694,24.7571471043161,-1.59358663030249,-3.72694460094673
72,16.1450576230283,20.8407469132567,-1.79316310024495,-2.3031745476037
73,14.2776547258705,17.1153214170111,-0.196455562012968,-1.2168298365297
74,10.1690985377325,14.3705986574012,-0.882502059315026,-1.58523281088273
75,8.031349409838,10.0767984744968,-1.22212273399246,-2.14260204097134
76,4.17466719979525,5.0317685219934,-0.357643942804271,-1.11971807410318
77,2.46379017071485,3.39456754879327,-0.570160748229424,-0.707385763545595
78,-2.25172642618401,-0.281336942657164,-0.358487485892219,-0.364119578710611
79,-4.46647908970419,-3.28747172772108,-0.867721566476136,-0.401548819415715
80,-9.07051105047935,-7.39405813896153,-1.05663123603835,-0.822231889519658
81,-11.7448851998637,-10.9060545896872,-1.27501864542788,-0.350847062666678
82,-12.7467276883966,-15.5868975772705,-0.594743217683961,-0.51902798892931
83,-17.95580123245,-18.1541904469988,0.118065423008344,-0.567026439191711
84,-19.839922836595,-20.3072034220469,0.698274716492759,0.333460693504791
85,-23.5685702038231,-24.6179870864246,-0.731222372511699,-0.141705450834798
86,-24.4766639102454,-29.7996649585759,0.287703749554222,0.766608342949093
87,-29.5714410044611,-31.8084001447254,-0.258420418032408,1.22363569416219
88,-32.6140798090823,-34.96846499018,0.942388301216478,2.95679087781857
89,-37.4350387411348,-37.5564828954013,1.54582236979806,2.83237412207278
90,-40.7687882672079,-40.3538675655609,1.67006187314791,3.29947484764393
91,-43.2631642855808,-46.3819519759035,2.81653345753625,3.92984047910902
92,-45.540103206531,-47.1678744136642,2.4882824298241,3.75807769956026
93,-48.7587707227092,-48.2589547994728,1.34813018524291,4.62246955072871
94,-48.4236956920576,-50.6085929638602,3.20818451453851,4.63243823382883
95,-51.4559996194221,-51.2851506308065,2.57666054072758,6.08423890680748
96,-52.5358973123929,-52.0009220488721,3.97686825391999,5.96524270524978
97,-53.2838463636125,-52.6379531560168,3.23364494238825,5.68896469750154
98,-56.3988624047442,-55.9134535954088,4.77961940917133,8.69932374899154
99,-54.4675235485228,-58.3665387256516,6.62590512016538,10.2235730042949
0,-41.3731916597044,-51.666043682493,8.38879356254014,7.7240913522348
1.03092783505155,-39.8296134871507,-50.784246758258,10.7505806740194,10.8534420316401
2.06185567010309,-40.8121456626595,-47.7966752829957,11.6529537614695,11.9557708436901
3.09278350515464,-40.232498022905,-47.7216192292125,13.4829658332009,13.817125034683
4.12371134020619,-41.0919908425469,-46.3655306312325,17.7180665855976,19.2384743804561
5.15463917525773,-38.0136971984118,-43.9301971766826,24.2620682574373,26.4561832183618
6.18556701030928,-35.3788022613993,-38.4568669749884,31.6879187376958,30.4814738152255
7.21649484536082,-33.5810881103749,-38.8520507058852,37.7624168459187,33.9640928281077
8.24742268041237,-33.5514844883205,-37.5806760764298,42.261478461796,37.0354285146012
9.27835051546392,-31.6214640809879,-36.5228603123267,43.5553893020722,36.5349840223948
10.3092783505155,-28.1149054283904,-33.2060270808176,44.568928406915,37.006016453743
11.340206185567,-26.9513528122451,-30.4275013248571,44.3549207078289,37.0919714427076
12.3711340206186,-25.2969795295083,-29.416851785739,45.5974053587999,39.6755201706144
13.4020618556701,-21.5784357101928,-28.9488213018623,47.21238049305,40.0930688475664
14.4329896907216,-19.8052286001731,-23.7582912922045,46.6556193430149,41.5788899369008
15.4639175257732,-16.7760037603202,-21.9744110009032,46.9308107442292,42.1254968582684
16.4948453608247,-14.7848193975695,-20.4720311359324,47.2732048014951,42.3759186142569
17.5257731958763,-12.7155890779905,-17.947340127344,45.7170225932581,41.8483007143504
18.5567010309278,-10.3294101093072,-14.0447065359275,45.2429467054012,40.7937116893483
19.5876288659794,-7.68000548781652,-11.0623489279295,43.5543772920764,39.7004140484329
20.6185567010309,-5.14358819190599,-8.56903993949158,41.2041067749575,38.6282639576607
21.6494845360825,-2.80780999973952,-3.82826215102574,39.1690334816167,36.9317119367144
22.680412371134,-0.108693259785821,-2.26217816500719,36.5859521586154,34.0495465502623
23.7113402061856,3.33989529225911,0.538631883047955,33.9490621847939,30.7027542154216
24.7422680412371,5.97854866773868,3.69682162629182,29.5203813957215,26.2666137053777
25.7731958762887,8.5991274243881,7.99591639456906,25.3062823461676,24.6675613123691
26.8041237113402,11.3989720948025,8.43207204989148,20.282483022051,22.8974966959853
27.8350515463917,14.2423266708767,12.7827943140979,18.24137655033,21.4126741147613
28.8659793814433,14.6752305590704,16.6430054986327,15.8383199635679,19.7912334334448
29.8969072164948,19.1024323898409,20.7154084494984,14.8367676305864,18.4532295265812
30.9278350515464,22.5208474025136,20.8937050083079,14.2610173788995,17.2817133827275
31.9587628865979,23.6155942698822,25.4087132089952,12.8852764694868,16.4648243291386
32.9896907216495,25.9480714515404,28.9376192933024,11.6999771563509,14.8340295313288
34.020618556701,29.3197952162505,30.1785999153854,9.77178896815087,12.5036130130337
35.0515463917526,31.4584142232805,32.5376162922941,7.31130216000184,8.87714374975813
36.0824742268041,33.2500378489507,33.8487141668256,4.17577155422211,3.72462935909508
37.1134020618557,36.7089689842665,35.6677498709505,1.50896509823089,2.12281323993379
38.1443298969072,37.8619485140429,38.8389416876736,-0.165389342545554,-0.279292350199777
39.1752577319588,40.4519910452593,39.8758215472542,-1.64124622177035,-4.05364172699614
40.2061855670103,40.9535464658355,41.2132542090643,-1.7517785012421,-2.82542771306783
41.2371134020619,39.8491296949999,38.7888183939293,-1.26497310556955,-1.86635669345624
42.2680412371134,41.523285572473,41.6411277102648,-2.36279185110724,-1.16879974845502
43.2989690721649,40.9262775319266,40.0755663676872,-1.48931678955112,-2.04632484425826
44.3298969072165,40.8223846559475,41.4698074109982,-1.21164179239663,-1.85264422517508
45.360824742268,38.2324465009521,40.9578289990839,0.162059810759757,0.920073191332421
46.3917525773196,42.250525675475,41.2821293491644,0.667164192602856,-0.156556772987085
47.4226804123711,40.6565104727479,42.4427926456278,-0.227415909563215,-0.398432021400961
48.4536082474227,40.8510734235958,41.123162648527,-0.585960690874425,0.0519937021889799
49.4845360824742,40.9029843728059,41.4028330887321,0.0456905728995156,-0.600521444323233
50.5154639175258,39.7909646245897,43.1142369256374,0.0987126136451295,0.292329208374451
51.5463917525773,38.5884240606755,42.484905208136,-0.148455315435253,0.154292994996358
52.5773195876289,39.3495313912211,40.4608276405361,0.276094495243266,-0.325981943509457
53.6082474226804,36.7118819764256,39.1543232000603,-0.0246220467703119,-1.1956964532995
54.6391752577319,38.1790320083877,37.4396828150484,-0.00767755708206275,-0.509681717692395
55.6701030927835,34.3273701261549,35.3433948182034,0.495125723405472,-0.284657702833705
56.701030927835,34.9902349764257,34.0780662624297,0.708007717304206,0.24718703724636
57.7319587628866,32.554699251723,34.5401166700754,0.308973513416386,-0.441440060891328
58.7628865979381,30.818965137377,32.8566363670641,-0.20181491722968,0.598667300388772
59.7938144329897,29.4223121560928,30.3324233757631,-0.204942978236518,1.31039354344954
60.8247422680412,24.0016558751254,30.8129704314254,-0.702593476532436,-0.854053653935804
61.8556701030928,21.9592508955276,26.0815725319834,-0.435490403626461,-0.431714870018853
62.8865979381443,22.393601667397,22.6583218540274,-0.0107157676720942,-0.167272307484314
63.9175257731959,19.8463239997739,21.7933584244713,0.166217257974926,0.149252264338688
64.9484536082474,19.1831068810251,19.9552111520246,-0.390051888740265,1.55097136818491
65.979381443299,15.2154071860809,20.1504204499661,0.777616077507655,0.9906582717515
67.0103092783505,14.1245667212585,17.6328093862642,0.74200047107523,-0.561274985003295
68.041237113402,13.1121767065647,12.7638804981872,0.595059547967382,-0.170516362160905
69.0721649484536,9.2025226828275,13.9817231781222,0.0587780621403107,0.109085873247674
70.1030927835051,9.01424433192046,12.3014173575948,1.01788306619473,0.450134492969941
71.1340206185567,7.62688434272731,5.71297352442473,0.710225919677366,-0.393124613562317
72.1649484536082,4.61142169216818,4.7037921289187,-0.482241504188791,-0.048066817391461
73.1958762886598,5.03743926102521,3.48779706587844,-0.229852851161447,0.719542152957889
74.2268041237113,3.15781356279673,0.497495057099458,1.07729472938911,1.04054856462033
75.2577319587629,-0.352162492018404,-0.391347082695041,0.253967938200711,0.244839651793879
76.2886597938144,-1.71723582946777,-3.31432069704665,1.14763338321907,0.731631158531434
77.319587628866,-4.2905364755541,-4.6506635283598,0.521408647758968,0.265948563456852
78.3505154639175,-3.95405251095157,-7.91329001682807,-0.011121294241234,0.506943022254684
79.3814432989691,-7.20086710804429,-9.86855866412029,-0.300578438534702,0.450356451808003
80.4123711340206,-11.0045463318931,-12.0422621001053,-0.10443205683382,1.19427092124046
81.4432989690722,-9.70110116583021,-14.8293652967918,0.231215812057858,-0.334808346984032
82.4742268041237,-11.1490681454036,-12.542557141017,-0.344234706951397,0.591068235303985
83.5051546391752,-13.0309396726609,-16.1520480734726,-0.365697111951877,0.551895516159931
84.5360824742268,-13.6610984104519,-19.9085102989678,-0.367268450275214,0.655753302550101
85.5670103092783,-15.374797135069,-22.8533534236263,-0.0388323978150018,0.497799979177374
86.5979381443299,-18.9919667125106,-24.0134452336489,0.475979052166173,-0.154875958616154
87.6288659793814,-21.0752222544519,-26.6333758121717,1.14607471620461,0.254573654645581
88.659793814433,-26.593599471255,-31.2576430357056,2.0191589006444,1.08508428548013
89.6907216494845,-30.1020357189115,-34.0105618279877,1.66601092704115,1.21204971446562
90.7216494845361,-35.0962034990154,-39.265313748378,2.3186045728609,1.19824082905219
91.7525773195876,-37.6940240989464,-41.0598273802377,2.16341641245072,2.35307982911558
92.7835051546392,-38.9392908763486,-43.6213415209261,3.02448219861877,3.96214653207836
93.8144329896907,-39.8792843302089,-45.9117556906005,3.49129697843708,3.8199523529371
94.8453608247423,-38.4764802152554,-44.4198172755079,4.38849243635546,3.89672238283971
95.8762886597938,-40.7687724348303,-46.2080952591313,5.83242665843151,4.80263230311712
96.9072164948454,-41.0637075552371,-48.2245015782685,7.29444291682198,5.64227324142541
97.9381443298969,-41.546093035066,-48.6582088614468,6.66793593389571,7.37035673865306
98.9690721649484,-42.8736724723115,-49.673529314145,7.25482833445274,8.35736608567242
0,-53.8456260079589,-57.4229024759492,7.05926143378453,5.33234607047163
1,-53.2758362319248,-56.6395246784367,5.22356829577973,5.74884019079122
2,-53.8035988747502,-55.3666234221712,5.17905881023207,5.11136223887033
3,-52.1988230356983,-54.0896493666051,5.17151960056974,4.49750187788294
4,-49.7410796534084,-54.3781005703835,4.78762143730453,4.81425327424727
5,-49.4531856835268,-51.4843001714457,7.88661581076294,6.55076375441591
6,-50.3484164837606,-51.6542626624833,8.88323371074405,9.63395919298198
7,-46.5460648058352,-48.9446479360025,15.113168018817,14.9327275773395
8,-43.1191364641857,-47.2204831560763,18.6604246018677,18.3822221368306
9,-42.8551068007196,-45.1736007958778,24.2289644826794,20.5775526998544
10,-43.0588989787528,-44.2987477515196,26.7599831215821,21.7684792697225
11,-39.4676655606184,-40.5333911313847,29.8410561224457,23.0187552526043
12,-35.5002578964343,-40.9521965797366,32.2910718040707,25.0818331485486
13,-38.4152362346795,-37.8489509423684,34.094837279053,28.0202353528865
14,-34.7466154246395,-37.1105997134714,37.3405500682984,30.8042466077207
15,-34.4636900981213,-34.5801266475756,39.0631808672424,34.6129200094369
16,-28.8367314832872,-31.4309824474537,41.3382494080002,38.8204039532987
17,-29.4918907171059,-28.945300949011,42.2958650243887,39.9837618657993
18,-26.8275325974487,-30.6021043445054,45.5531631206172,42.7124923326436
19,-25.2981385562616,-24.6719717900949,47.3922532700169,44.1972411258472
20,-21.878221002713,-22.7761098076632,48.9446165305137,46.5459137242654
21,-20.4336799518634,-20.4097889602614,50.1577519381508,46.331381172147
22,-19.3052144065704,-18.1242052612835,51.3042901528592,48.6479559859209
23,-13.8272977983802,-14.248451712489,51.2285709435891,48.4722865656374
24,-14.2141220771728,-13.2655613240267,50.4640402197785,49.1317791457411
25,-12.8397936668836,-10.1554997867172,49.5140409780874,49.3548711881322
26,-7.91660438654132,-5.72350412707518,49.1366826034462,47.7849860698465
27,-8.18998371007726,-5.91413379698377,48.3089976666448,47.0447671458914
28,-3.4502167701183,-1.93443217354613,47.5414306340667,45.2467048014868
29,0.110607789917921,2.1307777413418,45.7839123685701,41.8219580299665
30,1.27028691510561,5.5814629145796,43.5965254496549,37.8733445592172
31,5.00659426575129,7.64681192551519,40.0459160928785,34.1252139626605
32,6.29928131299745,9.58803371641173,35.6832578776926,29.5190653047735
33,10.5220775369393,11.5189450113531,31.2767366771118,25.2744003444463
34,12.5251012021803,16.1411108407409,27.7327760664818,22.3531803586906
35,14.7754121586478,17.6983245484078,24.1231158926279,19.0215743773789
36,19.3711336395554,21.6340195143256,21.2548265919001,16.266970043316
37,22.5175990011772,23.1448540151727,19.2960912560196,13.9719256386946
38,25.1477836223483,25.7881707433212,17.3835027092056,10.6795728474194
39,28.9436940379795,29.098389105801,15.8351346286705,9.11225769920743
40,31.2694860215552,32.8480807231104,13.0193668273994,5.35552289547435
41,35.7259236092515,33.0027941124278,10.7582470032921,4.24913215181742
42,34.7042358835097,34.0036182386459,7.97031942592603,1.53142507340309
43,38.9461124873407,37.1001803312088,6.49778489267232,0.555777566671138
44,40.5470110277653,40.0176237835552,3.76605562630056,2.00505539059054
45,43.1262770625712,41.273808729349,1.60782194587415,1.62852745651185
46,44.5606007700204,42.4744250942491,0.43997600751494,0.405120249594371
47,47.0976639324212,42.1332792842776,-0.395543056681387,-1.23275986352679
48,44.4524683370395,42.3751250116911,-2.74450682820873,-2.91164983464582
49,44.6919643980456,45.2607739964012,-3.80476498899155,-2.83989399541829
50,44.4527009418497,45.6289419093004,-5.50699671434326,-2.82612297835538
51,47.1827461262387,43.6643273638633,-4.45607210223456,-4.3061494716139
52,47.6497990068492,43.973294302297,-2.34549897240696,-4.23419899685856
53,45.4087349211902,46.3410982762838,-2.70747919040759,-3.11755173430368
54,45.0138695620222,43.9622931149353,-2.72209922518239,-2.74886356056892
55,45.2060987143583,44.6040102482056,-2.02835272264469,-2.68855213622696
56,45.5280239028342,45.3685401578992,-2.74236324062867,-2.53006197190359
57,43.037592288959,42.7259162406581,-2.39136549425265,-2.32291765071208
58,41.8453935026635,42.3026390256245,-3.59190812508713,-2.33587157232851
59,40.2132987944375,41.7988676921406,-2.65210659162152,-2.75312577043108
60,40.1018060991754,40.8629237251562,-3.17758660304151,-3.66789125217412
61,37.2362011991754,37.4538612720297,-3.70994070058103,-2.25184005674467
62,33.9071092120068,36.1791537059607,-3.39005858474661,-3.53317283700108
63,31.7333797217976,34.634609074496,-3.17864318125999,-4.36238104305089
64,29.4909033770632,33.8396689852827,-2.25787119375742,-4.21969998956702
65,28.9160520557899,31.387521293857,-1.37842623235615,-2.63774451922494
66,26.4898138887906,29.4713446811285,-2.60667153448636,-3.07101789450919
67,23.4675980994434,27.6676391359231,-2.8304618999926,-3.35852731289073
68,20.9381854524229,22.7747518969102,-2.77515517513101,-3.66364466753136
69,19.7058714577488,21.2404721960722,-3.11118557161146,-2.12330114010901
70,16.047513976922,17.5438891737961,-1.8540330422247,-3.10881704624063
71,13.4722041925782,16.2112777005924,-2.36870884550455,-3.67150538515934
72,11.0069666193209,12.8869636252247,-1.78363209270528,-3.60845053135513
73,7.65126175112054,9.83266107105115,-1.2400393891736,-2.43303977652689
74,4.90356230350022,7.01976356604265,-1.78214489163179,-3.55405817662414
75,3.84939736529897,2.80259444532905,-2.34634975561816,-1.95911441783671
76,-1.49615474351912,1.14064863141342,-1.83138496028206,-3.21135041404047
77,-2.25974325411435,-2.20863483728141,-3.70468844440265,-2.86201509700864
78,-6.33033755705077,-4.25902269403844,-2.25967398691014,-2.32276061097942
79,-9.24698498375038,-10.052450352531,-2.20105814133025,-2.91046212299904
80,-11.8015383109749,-12.0956147834211,-1.60521313933705,-1.81797857003598
81,-15.1847791815729,-14.9224639584813,-1.97353502805586,-2.17338488776231
82,-18.8694761558367,-18.9127763531323,-1.24903147957382,-1.11732200436158
83,-21.8064382705731,-21.9213228723589,-1.93810956622715,-1.47850365079327
84,-25.4403800856358,-27.1456655918035,-1.39659682724287,-0.713573081322653
85,-27.6781758045229,-30.9691940242028,-0.112122530630323,-0.718119706670059
86,-31.6279225930346,-33.5232161145449,-0.659482358468102,0.291301913241983
87,-33.530120507089,-37.0653046062145,0.634701529701347,1.08396675851572
88,-36.5044448623111,-40.3129001153579,0.904582131104486,0.715152387246805
89,-40.1976096546919,-42.3538448145386,1.27200803512353,1.59759027490928
90,-41.0605458124339,-47.545138713992,0.674262542851852,1.61930755150804
91,-45.0383371116996,-49.02502651784,1.81549010009266,1.89247235455988
92,-47.547083329791,-48.7044706861475,3.07581986340807,2.71840445993525
93,-47.9254214549793,-53.9251316220139,2.62439942575567,3.17875629070687
94,-50.3461507252399,-52.5156157252425,3.30832538909579,3.75021174545893
95,-50.4598821391803,-54.190671444474,4.3883403874261,5.71589611590756
96,-50.8770997405643,-56.5487680184579,6.68228337049784,5.1772123377261
97,-52.4350700709849,-58.7784380410708,6.56392985394552,4.30916328692005
98,-54.798833784002,-58.9744901998499,7.1356084961759,3.65728595460219
99,-52.0355066705655,-58.8031599451096,6.33592108062355,4.33816469693276
0,-48.56152601782,-51.5657774336732,9.04272730438698,9.1475193803383
1.02040816326531,-45.5607557643434,-50.0766539714081,8.06839653941601,8.33621362724515
2.04081632653061,-44.8399755087664,-50.2374328932688,8.98004165437988,9.35915602603685
3.06122448979592,-42.7792780904332,-50.5885424381079,12.1000446458589,13.3207275961513
4.08163265306122,-41.5134175920055,-46.7292813402551,15.508604294193,14.3136493660129
5.10204081632653,-40.6348866661507,-44.0915254838149,19.2683805359401,18.896354971094
6.12244897959184,-39.2648724848163,-44.876162766884,23.107960109414,21.3061802220155
7.14285714285714,-38.1301532904542,-43.5364109228988,26.0119117042244,24.2186462933721
8.16326530612245,-35.3919396595291,-38.5614424016925,28.7156721923059,26.6628876295392
9.18367346938776,-34.4646572393868,-38.5504532626305,32.2775050947317,27.0678157871521
10.2040816326531,-31.3979790311842,-38.6480914103318,33.0024170968901,29.6609751089684
11.2244897959184,-30.8378766094206,-36.9619706746498,35.2265455833185,29.6228110052037
12.2448979591837,-29.0034355062602,-34.3926747302817,37.2876412938767,31.1157557879287
13.265306122449,-28.3691099991598,-31.1471767770977,39.6149541995271,34.0607815768729
14.2857142857143,-26.1160968074018,-29.6414453530455,40.2235267563945,35.5622810844499
15.3061224489796,-23.4608811002579,-25.656059210382,41.5054828496819,37.1529459753427
16.3265306122449,-19.3385788865682,-23.2577853434265,42.1961502636565,38.5848939964916
17.3469387755102,-16.9751154095802,-21.7621153187976,42.656770440988,40.6670754959327
18.3673469387755,-16.5630266374262,-21.6662193872607,40.8587223574177,42.1062338748205
19.3877551020408,-14.6005419536148,-15.4541927175795,39.5323316781605,42.1585658318021
20.4081632653061,-12.0226674550243,-15.7283317979424,39.8846860638101,42.800996855691
21.4285714285714,-9.35539727017015,-11.6296696017223,38.9869996599545,43.2986256081337
22.4489795918367,-6.93727745437792,-9.56128208467416,37.1329582630675,43.5163605554626
23.469387755102,-5.40467796566667,-6.44098685666262,36.1561756702896,42.9132780139889
24.4897959183673,-2.03471121608892,-3.86320825942979,33.0830004746568,42.0429820983938
25.5102040816327,-0.958941161850652,-3.21354334390185,32.3747692190108,38.8259114813551
26.530612244898,1.09729275514366,1.31978205595062,30.9366626774803,34.5063159362038
27.5510204081633,4.62468682210657,5.83039429127139,27.7518428724575,29.7059131470688
28.5714285714286,9.12453280080122,7.97743419455735,25.450992661349,27.2464115621849
29.5918367346939,10.9807878791299,11.7393351266386,22.108382136208,23.3989220990483
30.6122448979592,14.7625340832591,14.8139095791671,19.8135717834202,22.224235555701
31.6326530612245,18.1631910462599,18.326080868439,19.0351032995468,19.3405024019753
32.6530612244898,17.6656739734641,18.8551124459301,16.6432525027554,18.5310105000085
33.6734693877551,20.6618033336111,22.668152092017,16.596171998763,15.7281109932611
34.6938775510204,25.596197857508,23.5443250268366,16.0616021657635,14.982628239849
35.7142857142857,27.2694506706534,26.3029191025933,13.2673137157038,12.8673729575767
36.734693877551,29.6456292608761,27.1153586323021,11.8620590170255,11.3900065651247
37.7551020408163,31.3065479431154,30.8172524681964,9.04008038180747,8.54402332253845
38.7755102040816,34.0941770783601,33.8151556185281,7.47771069823181,6.35776782944178
39.7959183673469,35.7444117077543,34.7906638831629,4.92737001426709,5.28597222168607
40.8163265306122,36.4858777158384,39.2574848716316,2.67902787584231,3.36953071404746
41.8367346938776,36.6611969189672,37.7265667206953,2.20534800198053,2.20540107605456
42.8571428571429,38.4738822755556,40.0836333031064,1.02167299261962,1.26993884422492
43.8775510204082,39.9466371106653,40.209750149743,-0.523085248858937,0.870732484443311
44.8979591836735,41.8627970671363,42.5110938524258,-1.1616074494778,-0.0540387659460611
45.9183673469388,43.8291335260613,42.2684528306424,-1.05901934707914,-0.716255828421717
46.9387755102041,42.3806744262158,45.2066847704395,-1.04748082545054,-2.71124102195566
47.9591836734694,43.1912656889807,45.1593747074618,-0.94133421723385,-3.61877213301189
48.9795918367347,43.3531786080975,45.7845374775974,-1.67953437970213,-1.94739666726379
50,43.6914698708625,45.4030123191002,-2.01573511317893,-1.59157942150764
51.0204081632653,43.2281530606089,45.3055874683917,-2.0367080410592,-1.3758605470563
52.0408163265306,42.4890665183163,45.0924948045031,-2.34443320606429,-1.86042417578596
53.0612244897959,41.9544588656617,43.9111345962958,-1.12704459820054,-0.304323370562983
54.0816326530612,41.0575447840136,40.8256490243225,-0.807927226870951,-0.305335250856617
55.1020408163265,40.5375186397674,40.9995253504711,-0.0510008897332294,-0.695399093170987
56.1224489795918,37.5340412058679,39.5824650819407,-0.131281401154241,-0.687665800081203
57.1428571428571,37.5336371285544,37.6235235329153,0.0332540935676275,-0.476073567084491
58.1632653061224,36.5166537397507,37.6747325633225,-0.848372333375922,-0.724117827613465
59.1836734693878,35.6982800058369,33.7712557631429,-0.355603692997914,0.273825663173606
60.2040816326531,34.2637017450378,32.3061160629379,0.0616315957964185,0.39843646703542
61.2244897959184,30.4946956395147,30.3266134159488,-0.851571605850631,0.324818314471686
62.2448979591837,29.9767267441471,29.5092671868785,0.387700404136087,-0.423315239285588
63.265306122449,27.7172527698184,26.5623995479246,0.495269261834503,0.165788146284563
64.2857142857143,24.1979554343128,24.1635583636545,-0.0771249311578638,-0.577780470136771
65.3061224489796,20.7126187226306,21.7722752270418,0.214440142757483,0.122292366740284
66.3265306122449,20.1289082199797,20.1871133536518,-0.0699423158038763,0.185262476642448
67.3469387755102,17.4184643540536,17.8541300973177,-0.24515688314404,0.522233342108374
68.3673469387755,14.7889859438321,14.5356054546494,0.431927093254967,1.3889227139643
69.3877551020408,13.573782993324,13.172352949815,0.185653095653482,0.243348384349479
70.4081632653061,11.0470169983095,10.7077062422542,-0.0909908405822933,-0.577004045688226
71.4285714285714,11.4596400188468,10.581077891869,-0.585049533557287,-0.230649030466466
72.4489795918367,8.0125189147215,7.07658731276645,0.197167987220551,-0.627906797517852
73.469387755102,8.39152356272155,4.98149333911193,0.234206842107005,-0.379323224959418
74.4897959183673,3.98804514277542,2.46669128808357,-0.472016118155268,-0.432685991018397
75.5102040816327,4.56140584069716,1.89444612108481,-0.665678618701322,0.484034632070881
76.530612244898,1.84070546249169,-4.04359251873443,0.203606858684806,-0.377925748127242
77.5510204081633,-2.0476902426997,-5.34932084490631,-0.385576519181834,-0.342411511230831
78.5714285714286,-3.77656535378028,-8.46983272923425,0.238939508917229,0.539476748183243
79.5918367346939,-5.45080856313449,-9.03972822875303,0.52910159374548,-0.189878239733942
80.6122448979592,-11.3401792714939,-13.8772282029713,0.527196638015437,0.524427608740135
81.6326530612245,-11.3593589675826,-14.5402904003009,0.252730282120718,0.255137293075255
82.6530612244898,-13.8617368207287,-16.4127615600248,0.544930683617867,1.08360764321948
83.6734693877551,-17.3448584060927,-19.7404476573227,0.994195022457647,0.670284600081824
84.6938775510204,-17.9300549360449,-23.3744225588037,1.14654378340918,0.856444919756627
85.7142857142857,-21.061035241594,-22.8502386840089,1.60742337889013,1.31411182103685
86.734693877551,-25.1424785508215,-28.2293571073033,2.47632962430904,0.936381544549669
87.7551020408163,-24.2770623752088,-29.7610088489071,1.33253956687847,1.31234890735887
88.7755102040816,-28.9307556627542,-33.4909728433291,2.08684506371883,2.75877678680841
89.7959183673469,-28.1595357595915,-35.5014280457678,2.54178822880707,2.4679317600533
90.8163265306122,-33.6375692819841,-37.9644927953262,2.8672331643151,2.81301525326412
91.8367346938776,-34.7180552791748,-40.1195805366168,2.07254842376034,3.65148803571921
92.8571428571429,-36.6891556910016,-41.3449430279427,3.60076588209686,4.18244474365696
93.8775510204082,-40.8851263014677,-45.0791373245147,3.43016084597108,4.85981144056739
94.8979591836735,-41.6730347403943,-47.2601545942149,4.37932479514746,5.06216718847513
95.9183673469388,-44.413210766819,-51.1450002896236,5.72578168994415,5.26441751412166
96.9387755102041,-43.5631526766164,-49.5572107426684,5.10796733076558,7.15484104704545
97.9591836734694,-43.9681582349506,-49.4119604669002,6.40879668893594,7.43850624537159
98.9795918367347,-44.1279879059879,-51.0456768400177,6.91213688454237,7.21719321084127
0,-37.0419106371415,-44.6100153597454,9.01751008681351,5.57500510208993
0.99009900990099,-39.9662303730167,-46.5633018225191,7.54299223248028,5.49903517949165
1.98019801980198,-36.3930258338644,-48.3089253446896,8.99831426723816,4.1785044696289
2.97029702970297,-35.7325460448859,-46.7902472613892,9.19684386001938,4.0685467389219
3.96039603960396,-37.7613330601859,-47.0882537104935,10.0550295476434,6.22622144257653
4.95049504950495,-35.4700736432629,-43.8480008400667,12.8923529212039,8.63862228653045
5.94059405940594,-32.0927548257245,-41.9153298191673,16.1751422391544,12.3176342421099
6.93069306930693,-31.0158803548872,-38.9480614773298,22.8901073231954,15.0779503047949
7.92079207920792,-27.5892125190729,-36.9299946550768,27.9413776602247,19.6735176883304
8.91089108910891,-25.4096419742662,-35.7968815143536,32.5729695312046,22.2858183209795
9.9009900990099,-26.0752730404848,-32.7950561968806,35.817845661607,23.5872759352696
10.8910891089109,-23.0766445625417,-31.087542812674,38.328513334369,26.1595977022834
11.8811881188119,-21.0952193041321,-30.1296372702099,39.5138471287729,27.919725593825
12.8712871287129,-17.1906696587235,-27.6492377329167,41.8222360454508,29.4902318750389
13.8613861386139,-15.591978046704,-24.8466143108212,42.2535651852531,30.554278365164
14.8514851485149,-14.1438001950456,-23.9972701183128,44.1884796721002,34.0065878291131
15.8415841584158,-11.7560107258223,-23.775647394026,44.9499484676073,36.2348373273774
16.8316831683168,-8.71389916095849,-18.4889286205135,47.3177802987857,38.5293350881819
17.8217821782178,-7.72882491962473,-16.4272220043831,46.720690971062,40.1622774999982
18.8118811881188,-4.70311195813125,-16.4110874702902,46.0469235199144,40.6369173437127
19.8019801980198,-0.579546279518463,-13.4853461906683,46.1453338325124,40.8262579043908
20.7920792079208,1.53444998152295,-9.65663273498238,44.1381604145896,40.6271966912486
21.7821782178218,3.4296863066926,-6.6523440928677,41.5398318542229,39.9599460969336
22.7722772277228,5.21192823111901,-5.52941587121642,39.6648661641662,39.9034917524261
23.7623762376238,7.07565635990213,-1.73164118128884,36.8548260704813,37.8359965145401
24.7524752475248,10.1488099524367,-1.21241433989273,34.5541201748271,37.628910145812
25.7425742574257,12.1165083534035,1.78707707677083,31.3086407542276,36.0014114008523
26.7326732673267,14.1168762303356,5.48163802196575,28.1672959785106,33.4085951610872
27.7227722772277,18.0087254606907,7.53894688098951,26.1514526092804,30.8811432747138
28.7128712871287,20.7106640244267,12.4331530487337,24.3900095541758,28.6900133144029
29.7029702970297,22.9320054538356,15.2737518992822,20.6659666453822,24.3495587465109
30.6930693069307,24.5540519897161,16.45287948512,18.5989074707565,21.9337255404233
31.6831683168317,27.9407952593918,18.5930237959126,14.5049889677431,18.5493488697622
32.6732673267327,29.2107056903769,19.7740490843233,10.3063448598449,15.2634922188331
33.6633663366337,31.9523538322622,23.3026429450902,6.73008023019984,12.2744436109104
34.6534653465347,33.9178303391335,25.6846881998701,4.47494315390524,7.74203162571184
35.6435643564356,33.9852291463522,27.0210389707472,2.57218908910881,3.2989429412508
36.6336633663366,38.2509848572498,29.6658079685709,1.48718661121718,2.71583227551546
37.6237623762376,38.6643111399368,31.1518268937244,1.82225747759979,2.16252437425997
38.6138613861386,38.7749301532986,33.062795341414,1.96216330171134,0.28233880406582
39.6039603960396,39.9317768890105,33.6315373585128,-1.53354192654931,0.874806230115349
40.5940594059406,41.3407812896965,34.0685180602891,-2.68005514234014,-1.58483742135962
41.5841584158416,43.0638817690552,38.6474736748105,-1.65210743719377,-3.53845315529514
42.5742574257426,47.2586156280298,37.0392342539155,-0.887727686778931,-4.908335473286
43.5643564356436,47.0064037357193,38.3991396316168,-1.65334704233226,-3.18762575099373
44.5544554455446,44.8304212927764,40.868831727001,0.297467677469743,-2.84253201165699
45.5445544554455,45.0918637163197,37.947946440186,-0.0127721529477455,-3.61888329825707
46.5346534653465,42.8234779942444,37.9776712134987,-2.46990021900566,-1.3703412337703
47.5247524752475,42.3275190881217,39.6555804007953,-2.16709365760862,-0.602505444982095
48.5148514851485,40.5212244423757,40.9713486247751,-3.09094551351331,-0.463262544938084
49.5049504950495,43.0473600809149,39.8584383080157,0.439603964131233,-0.59946934602326
50.4950495049505,40.3225885230097,39.0688181618164,-0.160791182439646,-2.31823487544115
51.4851485148515,40.0308670010239,38.4282765525651,-0.129629109734411,-1.08986240550985
52.4752475247525,41.0449468830509,37.3242901426696,0.175049869257752,-0.513931491131141
53.4653465346535,37.2574076069516,37.5609437761485,0.737579195898578,0.117815166738535
54.4554455445545,36.6551432087767,35.1729462937421,-0.913140027296183,-0.469882031000495
55.4455445544554,36.6792234403463,35.8123746524767,-0.690725781213669,-0.993071789145521
56.4356435643564,34.4549428678064,32.6653467876988,-0.4799586461706,-0.547567383164962
57.4257425742574,32.5509788379596,32.2058946143416,-0.474207270783337,0.743398953858043
58.4158415841584,30.2309128850188,30.0439563663752,0.193352306091386,-0.897416777942843
59.4059405940594,27.1553672315532,29.7807258000337,0.42883348564487,-0.327123548994361
60.3960396039604,25.6495516911183,27.8097682987033,0.351002040027459,-0.894701973415242
61.3861386138614,25.4503231967521,26.0630744669297,0.150204653222576,0.00305116920645648
62.3762376237624,21.5504661424418,24.1463332530715,-0.142475804291117,0.1249325370612
63.3663366336634,20.2527497619687,20.9547343106655,0.450847509997903,0.660679147879277
64.3564356435644,20.36442526957,19.6713657971164,0.148423010609106,-0.568375489658736
65.3465346534653,18.4909973026171,19.4022689328208,0.391342308847555,0.0481062693275247
66.3366336633663,17.8862430905351,17.9413101843264,-0.44683409762387,-0.112351810077365
67.3267326732673,15.3983382753542,13.5426913435456,-0.528597535536915,-1.27862121237363
68.3168316831683,14.7501727180397,12.9649280976659,0.654916930602186,-1.23257799031075
69.3069306930693,11.5496788302326,8.96433737395148,1.02678181195434,-0.691981261200299
70.2970297029703,8.20392065168091,6.87597070500979,-0.345273646484152,-0.183710613551792
71.2871287128713,8.30704007706647,7.029947394861,-0.688468151103503,-0.370163249805834
72.2772277227723,6.76182400146539,3.16968252924937,-1.18190291223989,-0.622412650696651
73.2673267326733,4.7068438728417,0.69686420468423,-0.946040186829202,-0.0979267627763775
74.2574257425743,3.23578065288764,-0.148459149188639,0.258361922223345,-0.539827787143728
75.2475247524752,0.229797918955778,-2.45224838790776,-0.543398045970468,0.289757397182637
76.2376237623762,-1.38057185747992,-5.43651773607631,0.601369725783787,0.703369890938584
77.2277227722772,-4.16965493143111,-6.95372977572433,0.164733159150914,0.194843804191197
78.2178217821782,-6.60551388528194,-11.5336133060851,0.814603180180784,0.0333988897733226
79.2079207920792,-8.02859873394628,-15.5457694791756,0.624605037948857,-0.111347203066453
80.1980198019802,-9.44354485778451,-14.043047088555,1.94518801012801,0.0499634915262487
81.1881188118812,-12.8647972606319,-17.2889097212187,1.39369892593712,0.372000470411835
82.1782178217822,-15.2949255360827,-18.541550179109,1.73892384721544,0.763517197359344
83.1683168316832,-15.9397137751326,-20.7286803328719,1.25908861766366,0.894517252736562
84.1584158415842,-17.9603531648982,-22.606552239251,0.645478854497228,1.13197846193096
85.1485148514851,-19.9981062911658,-25.6786684879423,1.23758216682794,0.98278402913249
86.1386138613861,-20.8213388967075,-23.6158498325974,1.40943612606902,1.14206550131767
87.1287128712871,-23.9816520389354,-26.8541327714039,1.98532574038326,1.01192690694435
88.1188118811881,-26.068179882515,-29.4710319437209,1.78065038104588,1.59555273340146
89.1089108910891,-27.2043355341616,-33.3894576179868,2.45273272010674,0.806913837582861
90.0990099009901,-31.5052563200283,-38.8944434810377,3.65845241898011,1.47104121401825
91.0891089108911,-32.5689835112555,-42.3772394369177,3.14400315210476,2.56147916791286
92.0792079207921,-34.8987688280408,-42.7226064069067,2.85204852154402,3.648756445796
93.0693069306931,-33.8904468181504,-44.5957522427024,4.35735712662974,4.47499315124806
94.0594059405941,-35.586916526109,-42.7849144932784,5.11942518000537,5.82457137476592
95.049504950495,-36.9783089590726,-43.8008315579563,5.2215663685382,3.68635958264915
96.039603960396,-35.7894072228058,-46.9153607940513,6.51518655772621,6.68204220041372
97.029702970297,-40.8326293970038,-48.6787275397105,8.12986291196174,7.49853320705866
98.019801980198,-37.6544701823425,-47.8510698247542,8.40385818580425,5.37386826710933
99.009900990099,-39.2698942454329,-48.3655053330931,9.11392886818197,7.04243638397109
