"Normalised.Time","Stroke_GateAngle_1_sim_junior_20","Bow_GateAngle_1_sim_junior_20","Stroke_GateForceX_1_sim_junior_20","Bow_GateForceX_1_sim_junior_20"
0,-61.4322005828729,-58.6913703005773,7.78691402297444,6.08897363292515
1,-62.4712850912255,-58.608163859464,6.94902063179934,6.26397310333666
2,-61.3698421813137,-57.214075814672,9.22443863469643,7.13253254764601
3,-59.8265555804521,-57.227414126981,8.44084134879891,8.71550406775798
4,-58.0865270582293,-54.9404772487158,9.51468939016882,6.74689282230341
5,-54.6086267217409,-56.1050495753167,12.6053358381801,8.37650479829373
6,-52.8686959999146,-53.695487387161,16.8814395153252,10.4955497213456
7,-52.3959689986845,-51.4811261589168,22.6365012399444,14.0656803501349
8,-49.6620462093717,-50.4144722330774,26.8784830848127,19.0163648945569
9,-49.5229700687828,-50.2026408332532,29.6103618626034,23.329430064175
10,-46.8733829494194,-47.2801975612804,34.245287152668,26.5352024994026
11,-46.5144744653541,-48.3138953619801,36.2291359754277,29.5707736381639
12,-45.6001764968313,-42.8232053328896,37.3047067345986,30.9973725525659
13,-43.9731750576504,-42.4373603522434,40.8051932178121,32.162327339336
14,-41.1280899236029,-42.0985474380356,42.3733442972391,33.826436581997
15,-37.5161622410732,-40.2380996543931,43.9217552781403,36.3840087715933
16,-35.4572249292083,-37.541228832394,46.4238583846928,38.5020192451997
17,-33.8246128406623,-37.6412141516151,49.0383146705567,39.8298257190448
18,-31.8170655274201,-34.0585660966466,51.579087330274,43.9917080342975
19,-30.7879839335935,-31.6607192085692,52.3170260487613,44.3363448026909
20,-28.2875662881551,-30.9150708221222,52.2852323459525,46.6725443604589
21,-25.906874887522,-27.3069063405886,52.8118833782015,46.8377718216812
22,-20.660090334848,-22.1659543124258,52.2215679130988,47.3065604945118
23,-20.128204002277,-24.4126497903202,51.6526652844829,46.5494812002501
24,-16.3631439878804,-19.4006936161051,50.7147326245382,45.5813087684385
25,-15.7947631356041,-17.9286584376675,48.0970943197596,44.379274530644
26,-13.1648980285371,-15.2171545209155,46.36544012393,43.163935221046
27,-11.5238566916373,-12.8866128018551,43.7114026419659,41.2187952284678
28,-6.89444429499767,-9.8880576632336,40.209813749965,38.8663384070817
29,-7.09385910761595,-7.74235961809137,37.2435706484315,37.0983879193103
30,-1.00573855076844,-4.26849582903119,33.0161403784677,34.1593484545926
31,-0.221074085917353,-2.44669002054372,29.6896846772747,31.9566700431822
32,3.99821626628857,-0.22550718109486,26.4638904450592,29.9402676539871
33,7.08173588524907,3.7992382092881,23.3466000603165,27.1275629827192
34,7.34235777928518,7.77248771176569,19.1795726884286,24.3437636998918
35,8.874436257997,8.41274474127062,15.8841924770504,21.2967303094832
36,14.2146780767491,12.0328274179566,12.7431296095451,19.0263811036317
37,15.6949974791685,15.5096110602529,9.06781088720568,14.907546950309
38,20.4396597218215,18.7308371131408,6.66880454934602,10.9162634847919
39,20.832949857769,18.8878077470571,3.90322923264119,6.49925895193846
40,21.8961720463041,23.0994123172668,2.6025396627594,3.77977473037009
41,23.3139820472962,26.2866492508869,1.70650073811578,3.30859539835114
42,28.3222202324153,26.2279286656642,2.38984998611078,2.42359043567343
43,29.9028596045471,28.2321788865389,-0.287646642865314,2.57490652986054
44,30.3377778028546,30.6837712350201,-2.39886540304774,1.24667527177973
45,33.5492838485887,33.4664687282295,-3.52361589358177,0.29903005647088
46,35.5724841049364,33.0204258694837,-1.68393047505971,-0.397458122124206
47,36.8708522927597,34.9294914622053,-0.366477363345324,-1.59045360041684
48,36.8761985163583,36.7345011171227,-1.13481841083122,-1.39697411744465
49,35.7215782663732,36.2783444463137,-0.720592838982563,-1.71625212305793
50,36.7577176037023,37.3617173892867,-0.8404655979046,-2.0765435352514
51,33.8281949818206,36.3132927809508,-0.660534122777028,-1.8004834449095
52,33.3409552352388,36.9131260075415,-1.23979927138113,-2.31727250046837
53,32.1333997439457,35.7933612897682,-0.629394018316697,-1.88069168888134
54,28.1126781430417,34.5950874341149,-1.76248934409431,-0.908290497583958
55,28.9040749270965,34.2141694702664,-1.38126561828399,-2.10231226690996
56,25.7496198131808,32.9155460397234,-0.724942182674887,-2.42643993736868
57,24.3985914458678,32.6982375464273,-1.14995041248049,-1.70886452009002
58,22.2273085575614,31.276095568421,-1.78250906941494,0.555875515611669
59,20.2910547085775,29.6158178509035,-1.43809386251092,-0.81923415573645
60,19.8064476485845,28.8909709238304,-0.347401498201828,-1.05243812564429
61,22.276283559568,25.8639546135423,-1.11632092410346,-1.64703142858195
62,19.5788790841852,23.6993529722239,-1.58995538914512,-1.32581138901468
63,17.7110389168567,21.1051507859061,-2.38548824223415,-1.02260611920728
64,15.8020460647963,18.5523154121256,-0.564623200496369,-1.55710548159598
65,12.1300793251771,16.4487523196939,-0.799077745363178,-1.61992251188536
66,10.9121833122535,15.4571721911633,-1.43742435669731,-0.888492494055668
67,9.64824670079654,13.9370431477695,-1.10879767635927,-1.7492509714619
68,5.97779826094616,11.467657693711,-1.28594703993493,-0.577233365016626
69,5.66918847099386,8.35530598605872,-1.48668540426,-0.0810050041586019
70,2.20952183850961,7.30900957573585,-2.28581486972857,-0.617158522710753
71,2.00129217014498,4.64789586771508,-0.653490410905289,-1.12434645228991
72,-0.180393423963211,2.16308317249975,-0.755470197861037,-1.83724143321374
73,-2.64307844014328,-0.490945395624425,-0.773407521082176,0.188945942043588
74,-7.11671660267758,-1.01425699785521,-0.969270579549086,-1.38985571955382
75,-8.46320268197278,-3.98151325554453,-1.45060979140538,-0.604727817962005
76,-11.7520765567102,-7.18568808371039,-1.95597198763697,-0.804085649419005
77,-14.6653730275729,-8.83210839956966,-0.379157883437934,-0.405028144634641
78,-16.3109563093068,-12.7335329076329,-0.32718045280789,-0.776604066355112
79,-18.3358014797424,-15.7703725214081,0.362590259101137,-0.03958643951148
80,-22.4997483629716,-18.0646934281886,0.0508391599080569,0.128863174742133
81,-22.3308914967321,-22.1100331903361,-0.126132921809751,-0.00103812535508012
82,-26.6614104307789,-23.4023582028739,0.0566023794757934,0.563929230924888
83,-28.1447908631539,-27.6793935626751,-1.21334123755118,0.590770514476741
84,-28.7819825936454,-27.0335274007712,-0.895314225746124,0.0648109018103148
85,-34.9468439438238,-30.2646264471925,0.0310013741696836,1.01901906571628
86,-35.9242093858828,-35.1853026345609,0.237581239217332,1.45845239456211
87,-39.1398652985019,-38.0970082488108,0.866132376388499,1.73168076449784
88,-41.6432716823659,-42.2125726649786,1.44594873012222,1.78301507601586
89,-45.3935593239138,-45.0745384833116,2.73411437734696,2.55445415472709
90,-48.9559095119628,-47.8734487866839,3.74956333370228,3.42316028230387
91,-51.701360646135,-48.2858214898281,3.40393115048816,3.53576156962992
92,-53.5949874804585,-51.2943142573756,3.67404146887271,4.47209766665235
93,-54.4206731596537,-54.4317388635644,3.98188088306768,4.63286206525064
94,-56.0958434536352,-55.4898087862713,3.56535374274617,3.26861888554538
95,-57.0531789906663,-57.4145895586005,3.9927658352948,3.75293163042312
96,-59.8787276914735,-59.2545682024503,6.53851811408861,4.12669593394919
97,-59.7484631447396,-58.9428914320599,6.2723754780277,5.67349913405008
98,-61.9991901737913,-58.186877898957,7.27338427890191,5.6648570023022
99,-62.7018811013767,-61.4536547703567,6.75961882384653,6.31379038929635
0,-57.5876809098195,-54.0529230507632,8.53760007163463,9.09211993397902
1.04166666666667,-55.2557838140097,-57.4967217422876,8.10877010883868,8.42944579682907
2.08333333333333,-56.1350902789807,-56.3880403476089,7.46163028333934,9.26689184535201
3.125,-54.0806313452844,-53.5336934506408,8.0916363586717,7.97977613866533
4.16666666666667,-53.6589037211043,-52.377250652191,6.56660442116106,8.5993806727234
5.20833333333333,-51.9001545242067,-51.9866093936188,9.91418711164276,14.9149614602704
6.25,-52.6951660795584,-48.7680365169244,13.8734720030757,17.4589851872072
7.29166666666667,-48.5132287644208,-47.3728732652927,17.0516287663829,19.9025924230797
8.33333333333333,-46.8044667818643,-47.620739386598,20.949002156923,20.772849872765
9.375,-44.515047583651,-44.5822986462513,22.5653520772109,22.4690362920736
10.4166666666667,-43.7969265408289,-44.6414305090723,22.7721438446728,23.4131403811218
11.4583333333333,-41.8144663607127,-42.9572439140075,23.1383714709313,23.724337737312
12.5,-41.0690238228756,-43.563157348229,21.7449731244335,24.5261261442362
13.5416666666667,-38.6284939014834,-39.0843816084987,21.562741450066,25.7652287601147
14.5833333333333,-38.7585196131961,-38.5550616833909,22.5613641998464,26.3739280153464
15.625,-35.6878956509751,-34.9596787564996,22.8504599785675,27.6349880473392
16.6666666666667,-35.2893037590357,-32.9051513152319,24.1200619155173,28.4957691875632
17.7083333333333,-31.9930531232194,-32.9989983328247,24.9623157911961,29.8193659001483
18.75,-30.3434982908663,-30.8867557672932,24.6792773708028,31.5151279849905
19.7916666666667,-27.6877728460339,-28.8708032781728,25.6109162416951,31.9367578805146
20.8333333333333,-25.6709602962032,-27.1809758775243,25.7652793440128,34.3554926686143
21.875,-25.223636590547,-23.1470466190089,28.0327358601655,34.5722748556118
22.9166666666667,-20.8140329182978,-20.2715256170839,27.8072028397421,34.8111807251173
23.9583333333333,-20.6650769987072,-19.4701851577572,28.2998626129585,36.1131721270348
25,-17.1880108310212,-14.1108442208355,28.7705010866479,36.2865886127834
26.0416666666667,-18.9657637196442,-13.3168475461457,28.9543832454781,35.1151875645806
27.0833333333333,-14.7348962071713,-10.8256991563613,28.5144165211719,33.5620154280301
28.125,-13.3976686130294,-9.60389636569253,27.1377386079279,31.4364231026276
29.1666666666667,-9.34757702334952,-6.96255324063453,25.1333261185483,27.9741277585358
30.2083333333333,-7.52438228826279,-3.80689216306618,22.1764527819197,25.157900050493
31.25,-4.46674855093102,-0.149230847222707,19.2309941330649,22.2933113108501
32.2916666666667,-3.69508896794848,1.53894782282453,16.7506334737966,20.8887687645865
33.3333333333333,-0.477718734251183,3.37899119256147,15.4869448525864,18.0218126609799
34.375,3.07466350208329,5.96540615882526,13.5055406526401,16.1557011948993
35.4166666666667,3.58379460355292,6.71382081011258,12.5937374876997,14.4387135180547
36.4583333333333,8.06842681361547,10.7643486536294,11.7610510459238,12.6275953852307
37.5,9.58163606835577,14.3156130058673,9.61176647475489,11.135837381221
38.5416666666667,12.0452893929176,15.9130476176214,9.04238978812299,9.07636517207812
39.5833333333333,13.950359719847,18.4797270624901,7.6040292731854,7.23192008506839
40.625,15.0031821290348,22.3395610807554,5.60896765929104,6.13093423804732
41.6666666666667,19.0590548995338,22.5583948823782,4.5548155508125,5.0254959446912
42.7083333333333,20.2608593371299,25.5527863304815,4.14723624583666,3.03452554320354
43.75,21.64601908679,25.908290852346,2.45130378372345,1.99673015740483
44.7916666666667,23.9457234543705,29.2520095648913,1.72434249195873,1.07159143248305
45.8333333333333,25.3383946444092,28.4398272796049,0.686021661791558,1.06248314693663
46.875,26.7394296918567,30.5773312402518,0.852641316314448,-0.206356740861877
47.9166666666667,27.6628093898187,30.3376756191642,-0.474371329391043,-1.05566941848217
48.9583333333333,29.5121541176972,29.3303971490081,-2.74046536913534,-2.66817239943727
50,31.0915932188363,32.0622229991926,-2.86346224876284,-2.76877437280175
51.0416666666667,33.9806665168858,33.8613351172339,-3.65803763233751,-2.57263835676973
52.0833333333333,33.2898289047166,35.2041512478796,-3.69094185151559,-2.78844162421807
53.125,29.9332265834814,36.6751664375895,-4.53291661796376,-3.38222427684253
54.1666666666667,31.580834297035,36.4625350569223,-4.82858701950608,-4.08462170246864
55.2083333333333,31.0322153574626,34.6618253243584,-3.25771700440001,-5.69555812780894
56.25,29.684268503105,33.3723164773787,-3.78484465137379,-5.80506006820455
57.2916666666667,27.9421715795514,31.0696420908339,-4.13516608773683,-3.94956888859215
58.3333333333333,25.6783074244909,30.5711117996665,-3.87077342486765,-3.73912883908133
59.375,24.2766527084767,31.777587580342,-2.6618175250701,-3.82787359987225
60.4166666666667,21.1830488121228,30.4542175653748,-2.41667545889889,-2.69712609367535
61.4583333333333,20.0348775348449,29.2075778555733,-1.54337541684582,-3.41786995972309
62.5,16.6213075273829,26.9313305346334,-2.45411914707189,-4.28306539662149
63.5416666666667,16.559242799975,24.3053058207664,-1.93811095196964,-4.03634371353683
64.5833333333333,13.4026703204816,21.6142550214521,-1.39990458988108,-4.13004360639934
65.625,11.9225901572372,19.5446510000648,-2.71472829737216,-2.37583535668723
66.6666666666667,8.02318273743489,15.4773332548233,-1.1883136710766,-3.94112339874744
67.7083333333333,6.8233609180004,13.92139431821,-1.7338100067326,-2.06836309398087
68.75,4.20557786173413,11.3505709864034,-2.61578382668546,-3.10545400737572
69.7916666666667,2.40231305119426,8.88094426365018,-2.41853831690796,-2.51454584246698
70.8333333333333,-0.443943844506302,6.66959747748872,-2.3916135364649,-2.48047629314456
71.875,-2.88159079805316,4.58750339412321,-2.00004022495633,-1.62796408920494
72.9166666666667,-5.39180747049672,2.12806111009382,-2.17021810419503,-1.75288904399468
73.9583333333333,-7.31128606145738,-3.18567423897133,-2.37964195119709,-1.55386552371305
75,-8.03016560924245,-4.7893434568252,-3.18121338481006,-1.64670687597438
76.0416666666667,-11.6011306147051,-8.26169546084307,-2.29722053849784,-1.78561221244079
77.0833333333333,-15.2594638578741,-8.77870727289731,-2.78655879583271,-1.71909295028493
78.125,-15.7321789570961,-12.3871538763668,-3.0979646641438,-0.748591258441795
79.1666666666667,-17.7111415766619,-15.5698866732153,-2.34207150109737,-1.31028001194745
80.2083333333333,-21.8664652677221,-19.063846032678,-1.8458776171826,-1.80749504125708
81.25,-22.1031948555415,-19.4428323572163,-1.79936565799854,-2.99966687015627
82.2916666666667,-24.4529139787697,-23.8200443048452,-2.22424000979957,-2.03916680342061
83.3333333333333,-25.9278072554236,-26.9548938480256,-2.52376201202765,-2.0699939513246
84.375,-29.8575687200555,-29.8515760730579,-1.21064924529921,-1.62510446223654
85.4166666666667,-34.2199516544928,-31.9290967731688,-0.612229580108828,-1.03671127621216
86.4583333333333,-36.322566216113,-35.6009500634676,-0.712206770318013,0.308272608323881
87.5,-39.7787059843035,-39.5299174706312,0.69421025220862,1.18499019413465
88.5416666666667,-42.9783995310774,-43.3519116106443,1.03941606614065,2.34536390994343
89.5833333333333,-43.4580707454619,-44.7564284805178,2.77908190549136,2.80876580749504
90.625,-47.7092651994178,-48.7034598823395,2.21593956451387,2.96722247581449
91.6666666666667,-48.0138663531168,-50.7272726668368,2.95610149577286,3.44713524858259
92.7083333333333,-48.4582634569841,-53.0377204677642,2.7533601274275,5.44841341123252
93.75,-51.868054778876,-52.9033750800824,4.07940825470839,5.02744469957909
94.7916666666667,-53.9998809841928,-55.9253125823248,4.2628607239503,5.68354488016925
95.8333333333333,-54.5809276814273,-57.7759059626074,4.78746466081624,5.8578123304751
96.875,-57.4116960236595,-56.7407952768987,5.33137041919241,6.71754077931468
97.9166666666667,-53.3155993517833,-57.1483741260571,7.41463952293952,8.51720977022831
98.9583333333333,-55.4755515848582,-59.1040615873944,7.31542379056965,7.90550284700426
0,-58.27489223974,-57.4278225767774,7.78817789482896,7.44888556052224
1.02040816326531,-57.0954497649865,-59.3093778152653,8.32742390638396,7.50590930678678
2.04081632653061,-57.6636435861492,-58.5440762176357,8.25530925152778,7.48706953354505
3.06122448979592,-57.9693643631816,-55.7149952254766,8.37153860993121,6.43026215713255
4.08163265306122,-54.097363474301,-54.915590854911,7.57154245495961,5.6715982254532
5.10204081632653,-54.0186873924049,-55.3395029021976,9.97963211580803,7.42747905544921
6.12244897959184,-54.4036660808128,-51.5241399764693,13.2180920034855,10.8453161906646
7.14285714285714,-52.7158082322171,-51.2311614892016,18.0745028356365,16.8479168406994
8.16326530612245,-50.1150195365926,-51.430314562029,21.9705474577364,20.852586057646
9.18367346938776,-48.3100803161212,-48.087123094305,24.0211033634865,22.5919372466469
10.2040816326531,-47.2333289876909,-47.1101309552413,24.4364496793304,25.6249876958814
11.2244897959184,-45.5624242533385,-44.2385501566361,25.8662842548769,24.537806662
12.2448979591837,-44.956009677139,-44.8722660478029,25.6004741034265,26.6071198045496
13.265306122449,-43.0300342755469,-42.7472758479035,25.5183501943185,27.0597926578251
14.2857142857143,-40.7587304485772,-42.7582003267552,25.6602876108534,27.0991643638699
15.3061224489796,-40.0029392629829,-39.8051322906655,26.4818572917772,27.9736048494332
16.3265306122449,-38.6316223073695,-38.365131525161,26.5476237213592,29.760935893124
17.3469387755102,-37.0778577647925,-35.466183442404,27.4058715705195,31.1654684762013
18.3673469387755,-32.0913251203806,-35.0838484463852,28.4317184740494,32.7695524814297
19.3877551020408,-33.4796500214437,-32.512414718039,29.3480501284632,33.4509651205349
20.4081632653061,-27.8630405688012,-29.471170304108,29.7975919544494,34.3337357832233
21.4285714285714,-28.3482212349561,-28.211552316211,29.5391747725944,35.0792658706167
22.4489795918367,-26.6113145693336,-26.2896126995293,30.6833872034405,34.2814866700412
23.469387755102,-25.4747901042403,-24.4536982998034,30.096454271724,34.6836571482795
24.4897959183673,-23.079595148548,-20.7612635262903,29.9676879614798,34.6063821719785
25.5102040816327,-19.7648802863077,-18.2170290937641,29.7626595211281,33.7347288111364
26.530612244898,-17.9319800386337,-17.0981301120583,29.0258987674334,32.2522065086879
27.5510204081633,-14.386872217751,-14.3628720524067,27.5838018901073,31.3765022081722
28.5714285714286,-15.3163822295815,-12.1730583839286,25.8729362844326,29.2474819318501
29.5918367346939,-12.9198553422016,-10.4762791434079,24.2521943266833,27.2314381704399
30.6122448979592,-11.5904829754794,-7.66742814916766,21.4616732733188,25.2013180991495
31.6326530612245,-8.97942792565117,-4.02371615431551,18.9092743484042,22.7997163928349
32.6530612244898,-5.48342799772523,-3.47568718071399,16.8796764691401,20.8158096701993
33.6734693877551,-3.05318294880493,-1.21852917218263,15.5648260175958,19.3018520433906
34.6938775510204,-1.38067014504769,3.14815247686406,14.5622295323515,16.9321001626812
35.7142857142857,1.82564693971074,4.00587965662829,14.2265290316949,14.7756612460073
36.734693877551,3.08410362858293,7.6682201701385,13.2131535698146,14.4746232976066
37.7551020408163,5.50004267146954,9.91596941245144,12.5267597887108,12.0475211216687
38.7755102040816,9.50897682600002,12.7202284617228,11.1376209643553,11.3552019670427
39.7959183673469,10.757887439351,14.7119704477065,11.0409674535149,9.79776169631511
40.8163265306122,12.3251332400246,17.0382544740003,8.86581712461192,8.84941775605697
41.8367346938776,15.3040801023769,18.1495516164741,6.62293753235893,7.22345451431118
42.8571428571429,17.2670680577095,19.8545753290177,4.74470460234011,5.68006805586948
43.8775510204082,18.2109249916635,21.0831926283462,4.67531727657016,4.40132815624267
44.8979591836735,22.0979552388833,24.6264817794294,2.9454288917242,1.76209861292912
45.9183673469388,25.3271255404244,25.8143510350607,1.97570615223847,2.12574700433669
46.9387755102041,25.4055200700274,27.6046442583165,1.03203890024949,0.462072270084722
47.9591836734694,26.1369102435384,29.954620478935,0.121896578753437,0.567532755827012
48.9795918367347,26.0418941449496,29.6405770598603,0.108058298815139,0.247777504132801
50,27.3410391448275,31.9990972976046,-2.14264287872672,-0.0185253069981627
51.0204081632653,30.9129224158298,32.0440969163243,-2.93443614041434,-2.54481089026899
52.0408163265306,29.6143356984278,33.9823345341181,-3.96317362889433,-3.73286945836641
53.0612244897959,32.1520736343584,35.2657235596263,-4.9620349587323,-2.5706005233768
54.0816326530612,32.0529175962247,36.7625634372737,-5.9750885045997,-3.2247432556974
55.1020408163265,31.5661273309692,36.4012039430807,-5.02885626159566,-3.1836301911522
56.1224489795918,31.7991882968996,35.6450681124553,-4.32416631557313,-3.6859672987582
57.1428571428571,31.1091271063191,32.098781603237,-4.38172429939155,-3.44473225080117
58.1632653061224,27.7553233934053,30.7863304491849,-5.30446275272071,-4.64578095765968
59.1836734693878,25.6532346470434,30.5664629381217,-5.16730440512543,-5.28825620141871
60.2040816326531,24.9178450398278,28.660836552256,-5.76786722007898,-4.7206755089451
61.2244897959184,23.1604981669248,28.2153646876224,-3.69314818296008,-3.50999407754133
62.2448979591837,21.3521640037448,26.5048209874866,-3.42547380683232,-3.37685288784007
63.265306122449,20.629094729621,23.8009374039043,-2.79664789437975,-3.17852323934361
64.2857142857143,16.9023123997451,21.3659481506507,-2.19973023803289,-3.68572042336015
65.3061224489796,13.9566541950227,20.2040808413897,-2.31875327148645,-3.23269602789196
66.3265306122449,11.7548991507931,16.9439744398622,-1.9230372629319,-1.96112604641881
67.3469387755102,8.6448506861002,14.6262705177908,-1.23104504640451,-1.55159163795131
68.3673469387755,6.5110647776989,13.127920410938,-1.11049938378913,-2.12638993520345
69.3877551020408,5.01862298614996,10.0299787459397,-2.16407665446554,-3.78094971602457
70.4081632653061,2.31461811837089,8.76608193528905,-1.95715176819648,-2.59692215174038
71.4285714285714,1.84366443696555,4.30244760904204,-1.37485217078856,-1.72914955186442
72.4489795918367,-2.46929377025515,2.95060215032619,-2.4151524809914,-2.00088268001146
73.469387755102,-3.83880539632008,1.87746466313191,-2.31482424700297,-1.8967252963097
74.4897959183673,-7.47640368890535,-2.64188311636221,-2.11258617613292,-2.236626144127
75.5102040816327,-10.3672297615118,-7.01042677912017,-2.31958970862117,-1.28207521500755
76.530612244898,-11.4023540468465,-6.07094463270168,-2.60474634751463,-1.89377783478153
77.5510204081633,-13.7987501078404,-9.88063397474582,-2.7525276793793,-2.54899472332222
78.5714285714286,-15.3217976528827,-12.0577704757789,-2.98794610992066,-2.08584767130832
79.5918367346939,-19.5480670478786,-16.0705120336908,-2.82193106357324,-2.54855560621506
80.6122448979592,-22.1372653679861,-19.3956455277249,-1.87225706949392,-2.94033930132088
81.6326530612245,-21.5282638223372,-20.5221247043487,-1.97828402117804,-2.48600987416154
82.6530612244898,-26.5025517861723,-24.3001569986622,-2.38803539181358,-1.70125319247368
83.6734693877551,-29.7641916313764,-27.8991894861765,-2.67397374305929,-0.536537749492696
84.6938775510204,-32.1855777261571,-30.992747777852,-1.67222224676632,-0.49074752601834
85.7142857142857,-32.6928460354615,-34.5648043729512,-0.164521989160143,1.05186559183957
86.734693877551,-38.8082174639892,-38.0286391159042,-0.419715044181468,1.12103716711806
87.7551020408163,-41.8691514680707,-40.3288483512864,-0.0213958808580207,0.548423497857707
88.7755102040816,-43.6915396159552,-43.3654621577257,1.30704712319269,1.82695038305142
89.7959183673469,-46.6854950672172,-47.0662904180072,1.98516124750086,2.68094562170897
90.8163265306122,-49.3050484376186,-47.1645694107453,1.43516979860358,4.41107005315863
91.8367346938776,-52.5359053307426,-51.7440339677201,2.9564611811539,3.96915285428432
92.8571428571429,-55.6889195601595,-54.0090667761584,4.77636155394405,4.21431130318807
93.8775510204082,-55.396486050826,-54.7157304517983,5.26623754362109,4.27069150601504
94.8979591836735,-56.694930598522,-55.50513038014,4.81652893585091,4.93682935134339
95.9183673469388,-55.6984568133378,-55.1376920640205,5.35012257050579,6.78701544217476
96.9387755102041,-57.5334367121516,-56.4085826332056,8.80242635737571,7.09482908708878
97.9591836734694,-58.5076369775239,-55.682617523129,7.82617242520496,7.8542265092699
98.9795918367347,-58.3056974320545,-57.6302918992989,8.58873024168209,7.94109284438969
0,-59.155593758487,-72.1681347108689,9.20521243979693,7.27619455904412
1.03092783505155,-59.749904263205,-71.2755921386454,8.83720697013429,7.0927411201228
2.06185567010309,-56.4539478509909,-71.9876158600776,8.55394513757914,8.22453414416148
3.09278350515464,-56.9218694183515,-69.9988092382171,7.42508632464398,7.71571716756257
4.12371134020619,-55.6272081057256,-69.5169894028013,10.0065433107768,7.49453535365961
5.15463917525773,-56.1298860652963,-68.7380625600907,12.9249139775932,10.200772656676
6.18556701030928,-51.9035390683832,-66.3751882905043,18.9563798515991,13.482510621062
7.21649484536082,-52.7442337457747,-63.8729801340702,24.742844072878,16.7832411243877
8.24742268041237,-50.1824574991458,-63.4053291985099,26.6864241333156,19.587065782251
9.27835051546392,-46.6449520361742,-60.2767248212392,29.0676786271739,21.5061053648273
10.3092783505155,-46.2483171625944,-60.6993113406531,32.0513653085656,23.8512261329069
11.340206185567,-44.6925805177094,-58.7089509673351,36.2537546995577,25.4064486522083
12.3711340206186,-40.9115689787708,-55.3415993595055,38.5827047991113,28.7857924644742
13.4020618556701,-41.7014828629578,-53.0017435080633,41.1589911101162,31.1019359810957
14.4329896907216,-38.323192135228,-54.2319060998564,42.4628300320782,33.7867299774255
15.4639175257732,-36.5168273880804,-50.9911492500618,44.4204335676331,35.9307758551247
16.4948453608247,-33.8222757310309,-48.6149583590002,45.467746906697,37.9386023318379
17.5257731958763,-32.4170452902918,-47.1653109228098,46.1812533669865,40.5637323724881
18.5567010309278,-31.0161669542748,-44.1248039161328,46.8516531334933,42.5317606682108
19.5876288659794,-27.532752026301,-42.3692548636068,47.4123480936949,43.6510367171457
20.6185567010309,-24.6318446031016,-38.7547984721891,47.3342378040878,45.2704742779805
21.6494845360825,-25.2986801130774,-37.7396691339208,46.9262490026201,45.7364722985416
22.680412371134,-21.275929534602,-34.9332839733493,46.8329624814284,46.1627828037104
23.7113402061856,-19.6575742451448,-34.1985004308867,45.326013506835,47.0804755727296
24.7422680412371,-17.61407532242,-28.9143832260304,43.8703946986431,45.8792618443211
25.7731958762887,-16.1957804851569,-27.0626408702793,40.9670234991986,44.6525035542574
26.8041237113402,-15.8386061111546,-26.9587973618051,37.9881812998402,42.6991631790298
27.8350515463917,-13.3514230439614,-22.6965452819603,36.1642941458225,39.8782105643964
28.8659793814433,-7.74719625825916,-20.6895791227674,34.0472899243904,36.9020658641441
29.8969072164948,-6.34560756648941,-17.3556186518134,32.3082740171593,35.4524529489862
30.9278350515464,-2.73642530608207,-14.0835008568905,30.5183114375206,31.8226510717648
31.9587628865979,-0.785847665439208,-13.001993506861,29.0024422739641,29.0608057370689
32.9896907216495,2.45992670884026,-7.65682824613145,27.8894924216268,28.4948601756549
34.020618556701,3.36436194109055,-5.85114302367884,24.8501238655649,26.2752658768567
35.0515463917526,7.49244663451755,-4.61448249537392,23.6018821669102,24.4480544567622
36.0824742268041,10.204628484888,0.90508026483022,21.7128351831178,22.8240927201608
37.1134020618557,15.0507623535496,3.97139158237969,19.7577943577215,19.5123122104795
38.1443298969072,16.3664427766324,3.79456117564007,16.75736079926,18.1924463416797
39.1752577319588,20.3808231413977,7.33318730863216,14.7742774972089,15.1895133954105
40.2061855670103,20.9814374433385,10.4562911336673,9.78864276727086,11.4731770146988
41.2371134020619,23.0171506676055,13.9538678578404,6.80101712298986,8.10995218759883
42.2680412371134,27.3146975850605,14.9670903792052,4.95200532799872,4.73112080201519
43.2989690721649,26.6096862580643,15.7906772106177,2.51640718734517,3.4698060246062
44.3298969072165,29.5439361339614,17.8336410063211,1.47995548644699,2.23613174236867
45.360824742268,28.7059700968264,20.5998222954955,0.757091521226114,1.0524041603557
46.3917525773196,29.9619439249485,20.329084231766,1.31838969972782,0.170269192221954
47.4226804123711,30.7440590995607,19.6070866735975,-0.231266082353223,0.501398872906471
48.4536082474227,33.3956992837765,21.5502469793445,-0.0638998000370599,-0.990209051131356
49.4845360824742,34.2076820445844,23.552457219426,-1.17472274263093,-1.62624932594895
50.5154639175258,35.3007559300467,25.8705084734041,-1.0648475813511,-2.35187647225541
51.5463917525773,34.5732879143036,26.5186351752104,-0.775645233836881,-1.38719963864253
52.5773195876289,34.9399108437066,29.1695494588383,-0.865048382395521,-1.1209311400461
53.6082474226804,35.2738194193773,25.5576336311202,0.380904283141277,-0.736209899065429
54.6391752577319,36.7256112012703,27.4134573564896,-1.79640280545281,-0.808684510440266
55.6701030927835,34.6399115242712,28.3263816643065,-1.39785561662885,-3.09609685323942
56.701030927835,34.3903408820434,27.0436055827273,-1.15329657639409,-2.36108128824053
57.7319587628866,32.212140168562,27.2605403211627,-0.564256336187686,-2.21519214635639
58.7628865979381,32.1082225613554,27.0469355382745,-1.41718840054833,-2.62302684806003
59.7938144329897,30.3586887261822,24.5471681943051,-1.14901643539642,-1.64690074848591
60.8247422680412,29.3463869158791,22.6965799380664,-1.28527455466542,-1.6338355293361
61.8556701030928,26.6277793367768,22.1942326366413,-2.3434764976578,-1.86625476042373
62.8865979381443,26.094897118907,19.7747529038942,-1.02129798076108,-1.00297296405979
63.9175257731959,22.2300979598112,18.7259446854113,-1.49713000742368,-2.29783163423609
64.9484536082474,21.0122526365329,19.2488095485884,-0.729566249735362,-1.61257100503006
65.979381443299,17.6181264392942,15.1449732085387,-0.360476621067267,-1.37860698889064
67.0103092783505,15.1674315713669,10.8218159824948,-0.353708385809844,-1.04310709372568
68.041237113402,13.1087396791155,8.46221702856634,-0.151657536086409,-1.16580948533508
69.0721649484536,10.2625999726022,5.92016195455508,-0.673805070382882,-1.05934740094178
70.1030927835051,7.08535753166632,4.76792336168827,-1.15854167985881,-1.10101788474224
71.1340206185567,2.5302699018407,-0.45443513368347,-0.312748456766396,0.519947267708002
72.1649484536082,2.67613788442763,-3.31767861178224,0.5779234638676,-0.774673197478043
73.1958762886598,0.597242934958474,-6.86031672964429,0.758210406156782,-1.37169802117831
74.2268041237113,-4.45619184112697,-10.2173768537283,-0.702127270124348,-1.90682104084278
75.2577319587629,-6.60997677717079,-16.1685898962492,-0.526016673473934,-1.027318850408
76.2886597938144,-5.43098475261684,-16.2619184654801,-1.35100306944875,-0.603647683998838
77.319587628866,-11.1452842844491,-19.9864036541901,-0.996497390587896,0.257890584137912
78.3505154639175,-13.9488393860557,-23.5690803280685,-1.00770364691801,0.353394849885627
79.3814432989691,-16.8257773142995,-26.7256152060203,-0.491448674855032,0.0164404044527685
80.4123711340206,-17.6984995205841,-26.4343436301378,-1.03849320952549,0.490680814498383
81.4432989690722,-21.7029870139437,-29.1164629904401,-0.787113222588445,-0.00776848820195775
82.4742268041237,-24.0956845584546,-30.1406699672352,0.00272091898839201,-0.0705843503216425
83.5051546391752,-28.3956630238999,-35.5353376027775,0.748067758470706,-0.248652629183279
84.5360824742268,-30.0360813498854,-36.6552821569326,0.356736100130094,0.119754730553233
85.5670103092783,-36.5386314639996,-39.9552406122524,0.880859420668135,0.701493137238248
86.5979381443299,-37.2924418440552,-43.6281565925917,0.752068882413754,0.58948260927905
87.6288659793814,-40.5543643572746,-47.876220912922,0.861415137644499,0.311570208560256
88.659793814433,-43.910603401484,-49.919833205842,1.62992692480407,1.31979311078677
89.6907216494845,-43.3790065574039,-52.6930185673617,2.47611902557864,1.47361233029284
90.7216494845361,-48.7158003525341,-56.4988185501222,3.87044288340596,1.74374357676135
91.7525773195876,-50.9318711693677,-59.843900017271,3.45169550369685,0.605517994878504
92.7835051546392,-52.4780892470796,-63.5322086077283,4.25580944960356,2.86886311998285
93.8144329896907,-56.116300727545,-65.3005457238321,5.41537680505904,4.14080378422329
94.8453608247423,-57.8246208178213,-66.4340981355006,6.91499099406409,5.55701345279948
95.8762886597938,-60.0186650360884,-67.9434354160726,7.76357912893056,6.08184534782504
96.9072164948454,-58.927579669432,-69.2682259817718,10.2483600174723,8.42581663343507
97.9381443298969,-60.6316525931183,-69.4700955960819,10.737532981946,8.05384620011796
98.9690721649484,-61.1313016179241,-70.351870848529,10.6667261549381,7.6210443885297
0,-48.7352265702816,-57.5726897151262,11.0532037245028,6.92524945151908
1.03092783505155,-49.2112886134444,-58.724276716877,11.7335693454003,6.91213942762135
2.06185567010309,-50.5696529195013,-59.3828864247212,11.0554865807909,8.95094570200387
3.09278350515464,-50.0100872430084,-56.8951340088523,12.58430098854,9.10070290691486
4.12371134020619,-48.8039770684457,-54.3721717285705,18.0500751117567,11.9394685080945
5.15463917525773,-46.9026446556301,-52.3854026449404,23.636423870713,17.5302799722589
6.18556701030928,-46.2441474810075,-50.8517802014854,30.078460704525,21.8939748267082
7.21649484536082,-43.523676159749,-49.7481725386227,35.3901264191933,28.3955117459302
8.24742268041237,-41.2990711434094,-46.4305980692416,40.2168218506969,32.3773411392279
9.27835051546392,-40.1535916152894,-44.1042652274044,42.7135866346026,34.8246500770756
10.3092783505155,-38.5737460163147,-43.5482927286034,45.2287032637296,38.6867291494329
11.340206185567,-36.6426733911695,-41.6971577082322,47.1332458897177,40.414578576195
12.3711340206186,-33.5116497626801,-39.9078169397429,48.7639315924141,41.8604316489162
13.4020618556701,-31.061425718467,-38.2631851479841,49.7695605552836,42.8221986392165
14.4329896907216,-29.7040549066595,-36.1735961516112,51.643665899793,43.104613728961
15.4639175257732,-27.4891295276208,-33.9604172619462,50.946664543979,42.3924452393235
16.4948453608247,-23.5945773118253,-32.1762713361284,51.6186087352006,42.4007625741751
17.5257731958763,-23.3455146569433,-29.2150300696473,51.9398394845038,41.628054030062
18.5567010309278,-20.5364913199484,-28.653743519821,51.7723230912624,41.4280699639738
19.5876288659794,-15.8685968035633,-24.053968946662,52.0238650384439,40.6969833950828
20.6185567010309,-12.9920583862207,-22.2321234573461,50.6361269041102,39.5342329124688
21.6494845360825,-11.4099263389132,-18.2292809408315,48.9948521239055,37.9372684959171
22.680412371134,-8.3130774888194,-18.35964101136,45.2355046470126,35.0573949572266
23.7113402061856,-5.38778439567515,-13.3776473471329,41.017892485983,31.3757202274688
24.7422680412371,-2.64816079959831,-9.99405600371425,35.2996141385522,26.8010887946889
25.7731958762887,1.23498644921188,-7.62864728975703,30.4987834873243,22.3493457338919
26.8041237113402,2.86626007723599,-5.3997924145301,25.2728048548944,18.6132704994631
27.8350515463917,3.53568540684197,-3.32504662900211,20.4598140388622,17.7697225450874
28.8659793814433,6.63362180842832,-0.569611424210851,18.526804092147,17.1161912564123
29.8969072164948,9.43157005981809,4.08023407888989,16.3043561135937,15.271772696841
30.9278350515464,9.79810591993276,6.95541441884275,14.8132615929876,14.2088599407371
31.9587628865979,12.9981533681618,9.8151537322682,14.3227674609844,13.1429806108686
32.9896907216495,15.9007254448558,13.0562888850587,13.6380948219529,12.0545498498034
34.020618556701,17.9411693464333,14.2407012814655,11.5358036636257,11.0978233316336
35.0515463917526,22.6349780018512,17.6432739191039,9.6833283889255,10.0123087297087
36.0824742268041,23.3464923245467,21.0194212887182,7.84215523569354,8.55916296067336
37.1134020618557,26.9394700435224,23.3548629211309,5.72435147681771,6.67694909667061
38.1443298969072,27.8658235311044,24.4783081589706,4.18358647287285,4.14713712833519
39.1752577319588,31.6089931224836,24.1638064350036,2.96247367966114,2.99901256790288
40.2061855670103,33.3904611741602,26.6631818972579,0.645813920959264,1.38744175191931
41.2371134020619,32.071221953513,26.9546423391089,-1.84244347644171,-0.018048009691933
42.2680412371134,34.4639432989377,28.5379495677057,-2.78188587381378,-1.25937378863689
43.2989690721649,35.723282455729,29.1741677850452,-1.66774864759758,-2.28062278707726
44.3298969072165,35.0321157758487,33.865112301535,-2.88533779672565,-2.5753567906506
45.360824742268,35.0416063768655,36.134323897762,-2.14249722620382,-2.01887147377819
46.3917525773196,36.1812902919453,35.2962261312401,-1.71374856530585,-1.70981722921658
47.4226804123711,35.5525677580813,35.6542551386931,-2.02677495917503,-2.77702826485825
48.4536082474227,35.3268535856474,35.6774780205547,-1.26103600451221,-2.31245515281353
49.4845360824742,35.5660661180786,34.3253178579235,-1.21859183264371,-0.971511829957544
50.5154639175258,32.5845440400113,34.2898744468915,-0.73807023378246,0.608575550346814
51.5463917525773,35.8201425603505,34.1454509282854,-1.16690875286799,-0.663589722505754
52.5773195876289,32.387180416561,34.9624440094758,-0.653540390884556,-0.812981738794823
53.6082474226804,31.747931655448,35.7878975750699,-1.41499030892171,-0.32224340547963
54.6391752577319,31.3454603409789,33.317837881003,-0.923264498884202,-1.34604831737091
55.6701030927835,29.7396407794071,33.2020516115465,-1.01817720660111,-0.707458457886513
56.701030927835,28.8068013284131,33.334790923972,-1.27047091553702,-0.226848776517309
57.7319587628866,25.5007083204543,30.2962668921522,0.163992403972267,-1.06351927590755
58.7628865979381,22.6604677119971,28.6497128388643,0.172832599001686,-1.11971257124208
59.7938144329897,21.094350587273,26.6866640179947,0.0808421952810853,-1.58794812727471
60.8247422680412,20.104583906686,23.0637899943422,-0.393623011202433,-2.04963515012028
61.8556701030928,15.780113393571,19.7450310507871,0.157545369894391,-0.829635466876
62.8865979381443,13.8300995538598,17.6573522347935,-0.936569849528964,0.437499963245669
63.9175257731959,12.4882248813615,17.1980359489849,-0.221374821510723,-0.131634879072464
64.9484536082474,9.77669124631202,14.3321478345894,-1.89336783147813,-0.809367736633232
65.979381443299,10.4073430541931,11.0370921388296,0.245495005039858,0.614332272420472
67.0103092783505,6.87404683697383,8.41829980075878,0.731213493099502,-0.382941892340275
68.041237113402,5.64122508202393,6.16118149520783,-0.113539741877871,-0.660005758705702
69.0721649484536,5.78282913854783,6.48160103238419,0.841419075511999,0.396920017283246
70.1030927835051,0.95420623384442,2.21844082192671,0.467649647176235,0.095083974850856
71.1340206185567,-0.220228725480166,-1.65452396371301,0.0384033525314209,0.392007344326073
72.1649484536082,-1.62608720201596,-3.15791628522561,0.0496123392201549,-0.164960903275163
73.1958762886598,-3.28427961176701,-2.79113652685634,-0.899759356226702,1.0243439822057
74.2268041237113,-5.97512510493714,-7.63270125028721,-0.764089376819461,-0.832523604500198
75.2577319587629,-6.66950299762127,-6.49748274961564,0.121834745633183,0.292737624508452
76.2886597938144,-9.50086005859191,-11.323701204598,0.632882184971547,-0.0947240497806
77.319587628866,-10.1656564324316,-13.1594449383702,0.226172136715073,1.08967323244274
78.3505154639175,-14.2182096533766,-12.9936861720588,-0.038497060385958,0.0231117365719071
79.3814432989691,-14.7935912253931,-16.8199877121412,0.0666339594499593,0.295852038220788
80.4123711340206,-17.0703405913645,-18.7242125708784,-0.89416964664468,0.432066116665202
81.4432989690722,-20.0618347610304,-21.9906551322044,-1.18676766993979,-0.487497855388741
82.4742268041237,-18.2118539005333,-23.7195628034424,-0.407805455175867,-0.759653066764564
83.5051546391752,-20.0686826571819,-25.6486483927401,-1.18346164178957,-1.50046526568677
84.5360824742268,-26.0219934578466,-26.4097789163745,-0.724870616552795,-0.77939728900486
85.5670103092783,-26.3213108810275,-25.4584466882574,0.53889441395374,-0.242735953724977
86.5979381443299,-29.0094955644271,-28.1380931393513,0.173853835907776,-0.769493298498194
87.6288659793814,-33.6111647775514,-32.4577051528365,1.00096557151087,0.841063307780334
88.659793814433,-32.7065443590884,-37.1364772036761,1.75813611370198,1.03949954370968
89.6907216494845,-37.3927754755635,-42.6456667510501,2.51647736394816,1.85893985610393
90.7216494845361,-42.1972811519082,-45.918226490499,2.84890079446268,2.76872527558037
91.7525773195876,-44.2047510599298,-52.2516637970708,2.43170290593574,4.97301618879884
92.7835051546392,-45.742959716544,-53.2354485242489,3.84504235316375,4.4447339857748
93.8144329896907,-48.5668262229776,-54.4769709556501,4.01617576570573,2.65399354237812
94.8453608247423,-48.4001084715911,-56.0539960823878,4.00428824025661,3.41770254018622
95.8762886597938,-48.6826539812582,-56.0737794022067,6.5134349823146,5.63463961137099
96.9072164948454,-48.891049624958,-57.2853813968359,8.12391808027114,6.23472279509513
97.9381443298969,-51.8759550421179,-59.3014995575492,8.23381101514781,5.29508603628505
98.9690721649484,-51.7148790682032,-60.1098735903138,9.26609030152917,6.42629117822645
0,-59.5375550767889,-57.4677532387336,7.80976005950786,6.64119217422168
1.02040816326531,-57.6664676856506,-58.1379664905755,6.88071760680202,6.18076775303069
2.04081632653061,-58.4701555713417,-56.9488015537016,8.18216229104885,6.17142678737253
3.06122448979592,-57.3181452471936,-56.7128493153154,7.55810300034141,6.57574411894289
4.08163265306122,-54.5711172412767,-55.3063358384488,8.30849867540499,7.08481570962919
5.10204081632653,-54.7622987862305,-53.3905679739104,10.3540596370116,7.99504621122859
6.12244897959184,-53.818209245647,-52.2695643535177,13.9425466858608,10.6702631801937
7.14285714285714,-51.6596455906065,-51.5060041772989,16.1715627419436,12.4876273798713
8.16326530612245,-49.6845060996943,-48.0946258244671,19.6108619363678,15.8243370380551
9.18367346938776,-48.5543983113811,-45.3398277767938,22.0419347202298,18.6432522733291
10.2040816326531,-47.1264511988513,-44.7426050627196,22.9098246260214,21.0733285307155
11.2244897959184,-44.8511740924093,-43.4793625071706,25.3755397137022,23.2912868280374
12.2448979591837,-43.2714982170856,-41.6253083073756,26.0209139335146,24.7612820766031
13.265306122449,-40.9767069541542,-39.2470271095768,27.3200566803999,26.8845640447176
14.2857142857143,-39.8169731310965,-37.0056393969054,28.4967896023235,28.8419169322479
15.3061224489796,-36.9352570367892,-36.3552259994421,29.1750958366579,28.9587790455
16.3265306122449,-35.2797483193258,-33.8444552928392,29.5727872862739,30.6723751434977
17.3469387755102,-32.6743023291385,-31.6028209319516,29.9788268516163,31.7434795846382
18.3673469387755,-33.6631254389709,-30.5632726197088,29.5687411612276,33.1919985297194
19.3877551020408,-30.8266925167411,-28.903986645864,30.0534417778105,33.2460246828309
20.4081632653061,-28.3262763640051,-25.1563703823404,30.8670533645105,33.9376415908969
21.4285714285714,-26.7828302514254,-23.73973191293,30.9077358609826,34.3739810802404
22.4489795918367,-24.0013417817459,-20.9716196703801,31.7608744753787,34.4242325693107
23.469387755102,-22.7092770240132,-20.1755413715015,32.3312316088923,34.3006855715536
24.4897959183673,-18.3568372724539,-17.4871790726655,33.7762975728753,34.4428160011822
25.5102040816327,-18.242418094422,-15.5040884806234,33.5907038228913,33.7268571410087
26.530612244898,-15.6192723867895,-13.3881713985307,32.6093312705157,31.6402977228328
27.5510204081633,-13.4726984351613,-8.92737970069624,32.5400691275605,30.6597953921601
28.5714285714286,-10.4745331769087,-6.83832728142916,31.0726895310888,27.9576703884314
29.5918367346939,-6.66240076830471,-4.41817222527783,30.3490851449539,26.5984095848971
30.6122448979592,-3.94498828550146,-3.05529239461052,28.6186653164338,24.67804568429
31.6326530612245,-1.31173491124061,0.754040404523439,25.4359314307818,25.2249447582691
32.6530612244898,0.00257649173633957,4.22583906460631,24.1990032752207,22.0743835193651
33.6734693877551,3.5763036593108,6.15229770530047,20.8623887171595,19.3355034595917
34.6938775510204,6.66458966961859,7.46174989928354,20.2573298143409,17.0147513446686
35.7142857142857,6.79574493824698,11.6968673429542,17.0114929892919,14.0679304347026
36.734693877551,10.5660263985066,12.9227335229214,15.6538925934625,12.4760883458769
37.7551020408163,13.0067583003854,16.1224613634517,13.7291680939989,10.4563726117219
38.7755102040816,15.4254567660854,20.1670749919051,10.508978144705,8.8713873899163
39.7959183673469,19.4465604826803,21.653276183961,10.0345513967228,7.31624133315148
40.8163265306122,20.1901987664221,21.0564949049382,7.55914199919023,4.76096753026334
41.8367346938776,22.5667086918605,25.6604330744129,5.49424045879592,3.83359625873671
42.8571428571429,25.288302902089,27.9189900312657,4.72757695157576,1.97139770281028
43.8775510204082,26.7191308005605,29.7770089025883,2.99702508522104,1.51214811505273
44.8979591836735,29.1692122371905,30.4889359993905,2.08866926658935,1.53724718226722
45.9183673469388,29.9090389347935,32.2909203582707,1.58350774147756,1.06612086225009
46.9387755102041,31.8863991276884,32.8274058004378,1.60780067679752,0.127359803316844
47.9591836734694,33.8083771657956,34.3269305044569,1.19722677567209,-0.630553405985645
48.9795918367347,38.4057291154262,34.0090110201757,-1.16774373023362,-1.64536609308077
50,37.111484275429,36.8249103789779,-1.55478721328843,-2.57414061515629
51.0204081632653,36.9385761024971,36.1122264895569,-1.54024679112525,-2.73346414457641
52.0408163265306,36.5590462459763,39.8023715996237,-2.38209759863025,-3.44753914857199
53.0612244897959,36.2439555649071,38.5616609808434,-2.4328670415149,-3.38500990184108
54.0816326530612,35.3620143312237,40.1409834170976,-2.5428319421045,-3.05641775261573
55.1020408163265,32.6470315184965,38.2103084138404,-3.73352098208863,-2.50942347676116
56.1224489795918,34.1425732312441,38.0405163455522,-3.17864898264029,-2.45526436331399
57.1428571428571,34.4572785716985,37.0339996996362,-2.06828137526016,-2.37596951804355
58.1632653061224,33.8459462990223,34.5290753179577,-1.91251975128109,-2.01357202062303
59.1836734693878,31.4139866345393,36.0360782612117,-2.33072074807952,-1.5276350294275
60.2040816326531,29.3185572844086,31.6268127882084,-2.05857165733164,-1.84220070065442
61.2244897959184,27.8721465455054,31.2587840041569,-1.81636296498941,-2.51440533761614
62.2448979591837,24.3217304142371,30.3294860238821,-1.96702995389685,-2.44450534285004
63.265306122449,21.0500712046709,26.3975367629483,-1.49100726715487,-2.6655428942189
64.2857142857143,19.5146074196668,26.7803075171627,-1.01872106859034,-2.32635550119457
65.3061224489796,15.4965654341843,24.5215026542545,-1.72645094112474,-2.74095216987721
66.3265306122449,14.2460754848239,21.9734678798966,-1.18446263576285,-2.78382536448179
67.3469387755102,11.6921917192782,17.0679597168047,-1.65988542255551,-3.55630651710158
68.3673469387755,10.0141666612715,16.7404565312148,-1.7788586077404,-1.47293886036764
69.3877551020408,5.99937195895378,13.0862394794826,-1.62627205060896,-2.53812537625971
70.4081632653061,3.2695154732456,9.867347511446,-0.718516144482989,-1.97322671403018
71.4285714285714,-0.232527187851003,6.01644954816196,-0.681773259197751,-1.94987830435724
72.4489795918367,-2.39389154184871,3.53292990130231,-0.0947538507351309,-1.134607228498
73.469387755102,-6.11715238889776,1.21241758481467,-1.00873581732379,-1.30343938356271
74.4897959183673,-7.41390519885278,-2.77216395625177,-0.601129324857092,-0.902243926868823
75.5102040816327,-9.67696260657483,-4.60128853611221,-1.0929203988176,-0.806329777867023
76.530612244898,-15.890800268027,-9.24105658706743,-0.211125139859599,-0.231781879400717
77.5510204081633,-15.4433280599798,-10.9397287927598,-0.576528509833065,0.0551970506881201
78.5714285714286,-19.5565575652642,-13.3596747508947,0.0530745548798354,-0.0815909383954767
79.5918367346939,-23.2163760467581,-16.5066383910346,-0.324757853039984,-0.276931184474525
80.6122448979592,-21.9871467628099,-20.7200611897021,0.446773891200862,-0.47427657521301
81.6326530612245,-26.5708847018,-23.0091108552644,0.274224835611183,0.670859831833567
82.6530612244898,-28.8063403914842,-25.5210302221229,-0.407313148541384,-0.130589615627167
83.6734693877551,-32.5428859194232,-29.2899309209793,0.654511003558182,0.812593064224148
84.6938775510204,-34.8894656168196,-31.6572729483509,0.367419323861741,0.125253061302166
85.7142857142857,-35.731523524112,-35.3557653810235,0.218391710424471,0.600531050411275
86.734693877551,-37.7472165892865,-39.673635536036,-0.273000640775721,0.61211656645895
87.7551020408163,-40.963156963022,-42.1381471725095,0.911245551620906,1.97249250647686
88.7755102040816,-44.032147653896,-43.5912511762086,1.15265832426303,2.09373169016165
89.7959183673469,-45.7219076217083,-45.0855266069475,1.93188033249159,1.87297301180041
90.8163265306122,-47.6687881947801,-48.1907017835656,2.33054242297915,2.49106036987522
91.8367346938776,-51.4108619357483,-48.1722936864017,2.21548315057762,2.12168794166126
92.8571428571429,-50.9918573096002,-52.0965969009972,2.91717231981696,2.67901140106929
93.8775510204082,-54.187958443786,-54.3041202593424,3.36511015451907,3.81335875670046
94.8979591836735,-55.0000460889801,-57.0763769765502,3.62244870110156,4.87017358958358
95.9183673469388,-56.9354299005079,-57.2300254416112,5.58343376713516,5.7345541251919
96.9387755102041,-56.9155921082296,-58.3094911145792,5.11535423240144,5.31887207047818
97.9591836734694,-56.9266279609499,-58.310500858817,6.22812474690438,5.89703723147618
98.9795918367347,-57.557558639716,-58.3360300216306,7.84003403160064,5.7555326915712
0,-47.770446781795,-51.9696900129708,10.1125843207185,9.65577601026503
1.02040816326531,-46.6273570997982,-52.2273744936514,8.41331093646121,9.19348900697487
2.04081632653061,-47.000822913868,-53.8876222840632,10.5270499195283,9.2399801054664
3.06122448979592,-44.4804244805622,-51.1118557574841,10.9241335739305,9.22475543947035
4.08163265306122,-43.3795428983111,-50.4193564051137,11.9066224839471,11.426731895499
5.10204081632653,-41.8723522997815,-47.8545984142087,16.2378046586596,14.5134830808689
6.12244897959184,-40.8692272791682,-46.8361248466513,21.1907205958206,20.0856699962553
7.14285714285714,-38.9397901210468,-44.0048249542248,25.3217578615247,21.3217997432553
8.16326530612245,-39.0164017136323,-41.9854652654984,30.0640826660944,23.2995757748947
9.18367346938776,-35.9748706992116,-41.1280146089728,32.6843468917388,26.495432804078
10.2040816326531,-33.385508136406,-40.1835283487368,35.9322406826411,28.6745404538971
11.2244897959184,-32.6446180244223,-36.9423594039069,38.204652338385,30.4397434854738
12.2448979591837,-31.2979560580633,-33.7567210838494,38.4538860733185,31.7599111162603
13.265306122449,-28.9717923196093,-35.4214523370815,38.2347605405682,33.3234201150798
14.2857142857143,-27.4887009379419,-33.9293970136479,38.4781620161356,35.1139318541616
15.3061224489796,-25.9624668225912,-31.0238864516762,38.7992525850641,35.6368320405401
16.3265306122449,-21.494988486596,-28.5419737836616,39.3679867092661,37.0136668930761
17.3469387755102,-19.4050878783339,-27.650544299414,39.6776511060104,38.0732010144542
18.3673469387755,-17.3899521676426,-22.857277011168,39.4589137063462,39.8615722328909
19.3877551020408,-19.2981904750079,-23.2974689076271,39.1748305039094,40.8790452243931
20.4081632653061,-13.7737323592513,-21.8581108054163,38.7983456851008,41.0564451318046
21.4285714285714,-11.4145339989544,-17.4434259330722,37.0058585329623,40.7779610101593
22.4489795918367,-11.4424207292314,-17.350962150578,35.0391687833563,39.6819209616378
23.469387755102,-7.53234670755615,-13.7210880159084,33.616156598858,38.6499187284645
24.4897959183673,-5.88235298522516,-11.4409484689122,31.5003224639434,37.3146506332157
25.5102040816327,-3.71645056606694,-9.79662378600545,28.9126831580214,34.7973176253152
26.530612244898,-2.01105932318946,-8.04832307456198,25.4787020981304,31.0407669765835
27.5510204081633,1.38026815831168,-3.34473523622267,22.7929366806992,27.1801692398472
28.5714285714286,0.667903325696005,-3.65331774609331,20.6923457385485,25.0035628634952
29.5918367346939,3.93088848770137,0.180916195412539,18.4550166652766,21.3330441284519
30.6122448979592,5.08802519514948,4.60497235955437,16.788312752749,19.6588194834643
31.6326530612245,8.80999780826347,3.71646477067048,14.8613347450702,18.8830951765563
32.6530612244898,10.4649304540021,9.01735254634604,14.8893889751194,17.2456308135531
33.6734693877551,11.1729845597369,12.0618664057428,14.1263355177134,15.2874518374831
34.6938775510204,14.4420724276853,14.1894299826249,13.131841217252,13.5030361068433
35.7142857142857,14.5346177872232,15.9949517016196,12.2086922123251,13.7059044934848
36.734693877551,19.4613599615371,19.6998272999554,11.0942961717776,11.8720658968105
37.7551020408163,19.2838024715735,20.7835944948713,10.0180129192155,10.4907792783542
38.7755102040816,22.8702081852116,22.1401416450097,8.32151828643591,9.7323724484435
39.7959183673469,26.646490446455,24.5902697090718,6.91772120203631,7.77298428326909
40.8163265306122,27.0164056294484,25.6401991702637,5.41922047611242,6.24198032953316
41.8367346938776,28.6247492042787,25.569976220271,3.19771832623294,4.67074278019769
42.8571428571429,29.637669870388,30.8349842683492,2.74009564989115,2.95500666640011
43.8775510204082,31.2726240362433,32.2880784987731,2.24823618180976,2.84181642824813
44.8979591836735,31.4478540436331,32.6506640936128,3.40072571628107,2.25159645298132
45.9183673469388,33.1979734115709,29.8322162499791,2.7631073711092,1.86468492810797
46.9387755102041,35.6410434960778,34.8089228880051,2.22696104884521,0.20218275192565
47.9591836734694,36.4559844035652,33.6534490056146,1.62651948085898,-1.61289054145711
48.9795918367347,37.9236661017538,37.533476063649,0.789764125298757,-2.70454570956495
50,39.4693961114096,38.2099007251006,-0.153073941973475,-3.62600734987033
51.0204081632653,40.0193769822362,38.245172619242,-2.03180779520169,-4.69118907239548
52.0408163265306,41.473344379598,40.4144934243591,-2.18837569867175,-3.5473105580046
53.0612244897959,39.4640285171442,40.2344059091199,-1.3623501967032,-4.47843821992773
54.0816326530612,40.2901433519635,38.4109836023951,-1.27061940371605,-2.71305384288218
55.1020408163265,38.2254351913219,39.0890833727955,-1.8623723009413,-3.37154068200283
56.1224489795918,36.3853354495057,39.0754046775347,-2.54919242311787,-3.19244788921351
57.1428571428571,34.5170280250585,36.991719439386,-3.07750980654444,-1.7266432467003
58.1632653061224,35.4934672068874,39.1045708078403,-1.03946366251127,-1.64797990749138
59.1836734693878,34.7751766853617,35.3907058421208,-1.13674582633003,-2.12377063750773
60.2040816326531,31.467537539657,33.9191515022762,-1.22492513470511,-2.27934832269183
61.2244897959184,29.2784658702412,33.7311376035332,-1.91248219129694,-1.74927884122514
62.2448979591837,26.5283769839624,30.9870053787324,-1.74034989088314,-1.616075346733
63.265306122449,24.6098308496903,29.2472427274515,-1.11432809722792,-2.04649932121309
64.2857142857143,24.4350456332816,27.5164942824866,-0.821093125489678,-2.3184526334882
65.3061224489796,21.7725989611314,24.7464601254438,-1.90790554813701,-1.99752816252783
66.3265306122449,20.2423177853324,21.0092491343773,-2.50161003267617,-2.19537469973006
67.3469387755102,18.0696717468023,20.4649845768639,-1.1295437674544,-1.56201780888236
68.3673469387755,13.5506259551902,17.4887975664028,-0.808336749276322,-1.91805240909687
69.3877551020408,10.6380992731644,13.6928153959017,-2.17119269853887,-2.01606859493499
70.4081632653061,8.58570564178901,11.6324136173904,-0.914022314206779,-0.599601583383601
71.4285714285714,4.9556516534863,8.39090811456896,-0.718209611612323,-1.63321164729929
72.4489795918367,2.98491830431197,6.26176981339236,-1.23945986066689,-2.13862710758622
73.469387755102,1.15691134082595,2.90983909033627,-0.601092215426213,-1.08761996862422
74.4897959183673,0.544216050986568,-0.388383444945917,-1.00656012694129,-0.420263898132611
75.5102040816327,-2.64849012632637,-2.26871407636598,-0.292679777082985,-0.33554678911384
76.530612244898,-4.46252008037527,-5.96000296246182,0.21941891821861,0.195550639517037
77.5510204081633,-9.16005558920085,-9.3753305817432,-1.23416033118259,-0.580433143120049
78.5714285714286,-10.7987917489694,-10.5253344990232,-0.236706668475204,-0.0612032945349133
79.5918367346939,-14.309287190368,-14.7869664366427,0.92886105662902,-0.637001184749598
80.6122448979592,-16.6268167399405,-19.4002361328436,0.663009562318844,0.551939915911052
81.6326530612245,-19.7115633843502,-20.8964730681792,0.331939874128571,0.143524703732899
82.6530612244898,-19.136847781512,-22.922126083214,0.520316167832105,0.786620419618638
83.6734693877551,-21.4788249638503,-25.5633282745288,0.81511096454891,1.50666704877318
84.6938775510204,-23.9581033287542,-28.5585399774153,0.570023685870788,1.24442003301748
85.7142857142857,-25.8307688453803,-33.4920190849706,2.02810095319227,1.64063437836032
86.734693877551,-28.9232460013956,-33.9824749743915,3.28254247803025,1.09784414342672
87.7551020408163,-31.8057214363803,-37.3206530014793,3.36927385619539,2.4075738448986
88.7755102040816,-36.1067812868176,-41.4227413518551,3.22544222041212,2.69893677865812
89.7959183673469,-38.9646488904471,-42.2343031085396,4.1578587339994,2.5212932949249
90.8163265306122,-39.0164697410351,-46.5418390583755,5.77310744039446,4.28328243816472
91.8367346938776,-41.5551528353799,-48.98959284658,5.85541504236431,4.13121222151807
92.8571428571429,-43.6633015925618,-49.7893430034803,6.35415170409982,5.6899192847794
93.8775510204082,-44.4421391291713,-49.3736496573865,6.16776274494741,6.49816827760634
94.8979591836735,-44.8026989196848,-51.7620607719387,8.41487640076153,6.92056413872305
95.9183673469388,-45.7323856198787,-53.9620954045578,8.52926869001566,8.8904799266613
96.9387755102041,-45.8098430492751,-54.6903482554405,8.75662985419748,7.89267208792746
97.9591836734694,-44.0843017960884,-54.6484645360391,10.2773358308413,10.4146083463649
98.9795918367347,-45.4576392181016,-54.6048609404854,10.9098201494664,10.7884146306234
0,-48.7507729968576,-58.7998376056648,8.15387153166432,8.15429300154182
1.02040816326531,-51.1563276081298,-57.1274602889557,9.39367103666284,8.25600924936669
2.04081632653061,-46.2387326269336,-56.0505024111741,10.2126090922551,9.6823671508519
3.06122448979592,-49.2111294204146,-53.7712488311442,11.3729958979456,11.2319752512119
4.08163265306122,-48.6279537762837,-52.8185837679076,15.4460396229176,15.6602135769838
5.10204081632653,-45.629547901634,-48.1038034098601,20.6795148914374,20.4193174474354
6.12244897959184,-44.8160743226822,-48.5505291654397,26.3474394505947,25.8739760393696
7.14285714285714,-43.6555470310819,-46.9237161626439,31.4673201369832,27.8120133313625
8.16326530612245,-41.7746297751974,-45.1739717492097,36.0118208775569,31.1891718143762
9.18367346938776,-41.0728137797962,-41.3667072023423,37.6326435231936,32.9934486754734
10.2040816326531,-36.7279851224858,-40.3579090889308,38.3324774170906,33.9837304811052
11.2244897959184,-37.1123342102663,-39.3296459544932,41.2103158803955,34.7806331789397
12.2448979591837,-35.1776616228626,-37.8702603133355,41.7180210970226,36.4231213060562
13.265306122449,-32.1060977121295,-34.6524202309824,43.8345907337453,39.1517148339608
14.2857142857143,-29.2421350581067,-33.6449154216324,45.1567710454867,41.2775305771336
15.3061224489796,-28.326747094738,-30.2921756337576,46.8586592069993,43.715343748331
16.3265306122449,-24.7798553663758,-26.1789918982978,45.6345139755436,43.5767323428354
17.3469387755102,-22.3153003235075,-24.7624158328976,46.1459670999752,43.4859570464044
18.3673469387755,-19.4760777082283,-21.571127492615,44.0999071900214,44.1817379091063
19.3877551020408,-16.8769459403467,-18.868142490219,41.8709093827895,43.6141898355976
20.4081632653061,-14.4423202401421,-15.9938678423354,40.9153695665024,43.9380677573669
21.4285714285714,-13.2159297404183,-11.7320908694464,38.1760278224574,44.2811476029296
22.4489795918367,-11.2504818827147,-9.56889811430353,36.6908517595413,43.826709647426
23.469387755102,-9.29907303574488,-8.21562649342059,34.0840293967696,42.592939671369
24.4897959183673,-5.80103211287419,-2.14241781858989,32.4629223486258,38.8442506226603
25.5102040816327,-2.40109851778667,-0.0763087683355849,28.5679183655665,34.1713426200577
26.530612244898,-1.54888435451253,2.50418227078314,24.4113272828617,29.4724394867941
27.5510204081633,0.789632228715997,4.44261351217985,21.1604430640274,27.2568618287111
28.5714285714286,2.24127491438742,8.57445583951552,18.6042962525065,24.4656057040087
29.5918367346939,9.69917288537284,11.3895959908695,18.1638160290144,21.0317290625805
30.6122448979592,9.83720086569883,14.1870263662605,16.1495728868601,20.0166410871818
31.6326530612245,12.6315859745036,16.0356456601688,15.8027332138848,18.7324975568058
32.6530612244898,16.4647033943024,19.3015576753056,15.5133060850892,16.5946167276098
33.6734693877551,17.7289961514401,20.9686738451501,14.6395500889738,13.8115853861842
34.6938775510204,20.2448400676375,23.5480793284449,11.7837741888235,10.8357697740524
35.7142857142857,23.3771833885808,26.6892886139533,8.73460052233565,5.68740644555573
36.734693877551,24.8717668969317,28.8015191252684,4.33816679429019,1.71031998110083
37.7551020408163,28.6985023969536,30.6438720868898,2.67640953328928,1.24602802144401
38.7755102040816,28.7991227164476,29.7559434240093,1.61965005641495,-1.39839587935288
39.7959183673469,29.9898129716717,31.2364605681156,-1.86036996229146,-4.12864828583926
40.8163265306122,31.2199375256474,33.478481115736,-2.31912736422527,-1.80758232211186
41.8367346938776,32.0962613429334,32.1356830739313,-2.70959002812037,0.28059360382578
42.8571428571429,33.2116423262402,34.7237946060012,-3.39826017776732,-3.12357082489021
43.8775510204082,31.3200051394593,35.7955075734656,-3.03323910819066,-3.84918917650758
44.8979591836735,31.7295240568861,33.4082618680731,-1.79399207484481,-0.338718020449728
45.9183673469388,32.6320472231696,34.3110097922797,-1.59876367033629,0.306795460693894
46.9387755102041,32.1136135583454,36.1598088284593,-1.00065110854716,-0.406600440476691
47.9591836734694,30.7600595465746,35.729613552445,-0.325815183238855,-0.00822061046280154
48.9795918367347,32.6790291380822,36.1185212115538,-1.00300269897615,-0.757190441778961
50,31.5615058261648,35.2662497183181,-0.457121050900241,-0.810535566372351
51.0204081632653,31.5575918826114,35.5580129762724,-0.31499157721962,-0.303046767479765
52.0408163265306,29.7874390708381,34.6332767255955,-0.691124845245551,0.164870133507774
53.0612244897959,28.2137236963657,34.5252866910453,-0.0451794648503758,-0.289668300554859
54.0816326530612,29.2596869338692,33.5839621692218,0.313464999221068,-0.449889691892995
55.1020408163265,25.3565313687473,33.5741727472935,0.178762387158536,-0.469476319923774
56.1224489795918,25.1587317700364,31.3260304009649,0.537104361889548,0.807365166134989
57.1428571428571,25.0305275214825,29.0027742428655,0.38208593050131,0.224203795513115
58.1632653061224,21.3617806802001,28.6750593799851,-0.152202005362481,0.546441788265112
59.1836734693878,21.8012662857837,25.6973017808433,0.247059296832166,0.697882232170455
60.2040816326531,16.0726829239144,24.0425242665787,0.236533255929869,0.891055006822275
61.2244897959184,15.0217687476293,21.9047246701927,0.162414668916458,-1.08795731091748
62.2448979591837,11.7608732484203,17.9156428095005,-0.0118162696696894,0.46334846670481
63.265306122449,14.3182676627049,18.2640060107324,-0.206327158325618,-0.0352844103490516
64.2857142857143,9.49243792048848,17.2107920218372,1.11329253528062,-0.285642025709179
65.3061224489796,11.1968531013223,14.4158708916834,0.095912934165999,0.107248186948895
66.3265306122449,7.82598571945202,11.6849741984406,0.604673584855024,0.133014876467387
67.3469387755102,5.47581815576089,8.98423974973218,0.322222257804048,0.0559860789163155
68.3673469387755,4.27485389456608,7.10604061600404,-0.201177182717128,0.666508354487842
69.3877551020408,3.41487377965365,1.75368183605184,0.241365013717974,1.01188443148286
70.4081632653061,1.68821080765918,1.38560440069625,-0.0499953740498919,1.10301674296811
71.4285714285714,0.143296052085268,-1.57341450808028,-0.0979225026325003,0.0153351677018896
72.4489795918367,-1.30917650632629,-2.29646072637894,-1.00073607705384,0.63335745486355
73.469387755102,-4.96213589925191,-5.14142769102091,0.265904628981899,0.234364272108718
74.4897959183673,-6.74602588696276,-4.74035659831689,-0.509489190621679,0.236222368330053
75.5102040816327,-8.35220015785209,-9.0173964422189,0.122555658014823,1.49573456995886
76.530612244898,-10.205502277242,-10.3074903307491,-0.150956886287284,0.18332159310138
77.5510204081633,-10.7487982915353,-13.2698279652912,0.731815284125366,0.720407922988598
78.5714285714286,-12.5897730108514,-13.5886543300462,-0.0582023378885715,0.140850811020417
79.5918367346939,-14.6552131564816,-16.2065065319742,-0.58161112526726,1.25652573019169
80.6122448979592,-16.8400715584308,-18.3602730378399,-0.590979101487826,0.145687150142042
81.6326530612245,-14.7920156754454,-21.7167401714426,-0.738216885787465,-0.237751573891132
82.6530612244898,-17.6770272911771,-22.1557849927465,-0.0954978122299925,-0.736751014866808
83.6734693877551,-18.9428630866908,-22.375234206931,-0.354642016095775,-0.549420436666699
84.6938775510204,-19.9014173624471,-25.6813868787168,-0.166182705464684,-0.306747085390354
85.7142857142857,-18.0369903464208,-27.4781723447915,-0.393580997004588,-0.174911859092911
86.734693877551,-22.8978136220679,-28.2935902287616,-0.30660899780643,-0.142981910463651
87.7551020408163,-27.5555391793777,-30.981864525292,0.521949576888202,-0.522663294150173
88.7755102040816,-31.8826247640759,-33.5452930621076,0.718746914922718,1.4075679891485
89.7959183673469,-33.836463768799,-35.8643468592568,2.70552284794749,1.33391424753375
90.8163265306122,-37.2854906203643,-39.9671238558868,1.89927543679352,1.92006349168263
91.8367346938776,-39.9647316446371,-45.7616208088764,3.36571718330759,2.80025729573294
92.8571428571429,-43.4051728160269,-50.2058002250764,2.94940622519328,3.08400741464853
93.8775510204082,-43.2268245993843,-49.9640892909394,3.81007696432531,3.74713573267484
94.8979591836735,-44.3332697617358,-54.296405006055,3.92862013637878,4.05633493657613
95.9183673469388,-46.0540968349572,-54.4072415575842,4.94144554739235,5.89539476258932
96.9387755102041,-48.0849554537619,-55.3790596360462,6.31036903677852,6.59445906988782
97.9591836734694,-48.1967949352622,-56.0272080669038,7.60121947858315,8.98793370054654
98.9795918367347,-49.1968799459055,-58.307061555044,9.53758286159829,9.51870953682708
0,-49.4591500130161,-58.6906534485373,8.72111122570514,8.46629072222785
1.03092783505155,-49.6915293502619,-59.2080077111697,10.975178492088,11.2385203410666
2.06185567010309,-49.679151977338,-59.0805194497824,12.7824652325329,10.8596109664574
3.09278350515464,-47.0063897002056,-58.0887844266083,15.3408710200813,13.3091561400667
4.12371134020619,-46.21609171899,-52.2273486019314,20.4442641228311,17.6925068310609
5.15463917525773,-44.0435313554471,-50.78553877561,27.9334020103311,23.7518190337071
6.18556701030928,-43.9829222765397,-50.149584985669,34.4948974421753,29.2155102790124
7.21649484536082,-43.6933609431672,-47.5776040600768,38.8738912125025,33.5048980996122
8.24742268041237,-39.4724230950847,-47.6326044051382,41.7381574047135,35.8926651910985
9.27835051546392,-38.6696285281885,-43.1799412173641,44.4283079258103,36.8980869985855
10.3092783505155,-37.1843984962638,-42.0441783585397,44.9523059429803,37.7435274603152
11.340206185567,-34.4062944416172,-39.5066516743809,46.6468402171881,38.0881865238589
12.3711340206186,-33.7294222100699,-37.9655660475907,47.2002794476038,39.8349451532661
13.4020618556701,-29.646063600253,-37.0934397929133,48.7227273437641,39.5675652980153
14.4329896907216,-27.4756706762842,-34.6225568012045,50.8470931714998,40.104375791068
15.4639175257732,-23.8979044412156,-32.2416594847077,52.5298330598162,41.8893232769878
16.4948453608247,-21.9165455155849,-29.787516247378,52.1749981496289,42.1254336398616
17.5257731958763,-17.3285597683282,-27.1722972657672,52.7304080953495,42.131973250895
18.5567010309278,-16.557922412854,-24.4446112116294,52.0461235091486,42.0029794866967
19.5876288659794,-12.591988224325,-21.1780308919026,51.6750076584115,40.9357796679731
20.6185567010309,-10.7248038823614,-18.6032682611693,50.9972092079419,39.2683073603289
21.6494845360825,-9.22481962832194,-15.8336303163106,46.634403274805,38.1201480868143
22.680412371134,-5.05845607009522,-11.8333832085214,43.5002238798179,33.82277104387
23.7113402061856,-1.61188111159284,-10.8420550032141,39.837568162707,29.0604424873054
24.7422680412371,-1.61076977379198,-6.33916725952263,34.6072198989839,26.4711394102372
25.7731958762887,3.12663598482892,-2.94994307556034,28.5882670397467,25.0335041461091
26.8041237113402,4.32449855155563,-0.206303840583828,23.4750678205154,23.7107003607671
27.8350515463917,6.33454314545604,3.57711452835442,19.1956309105457,21.3892525834142
28.8659793814433,10.0570116299062,4.79695616851433,16.074053568143,20.5202571123028
29.8969072164948,12.6143130460499,7.31936490440718,14.9733521799103,18.9509410159802
30.9278350515464,14.8817815952615,11.2374405010605,14.2413040238702,18.7286884058798
31.9587628865979,18.2757776813883,14.1089913098682,13.8464785596223,18.6900139941442
32.9896907216495,18.7956623928218,16.7235977621612,12.3271774652874,17.0959175088893
34.020618556701,21.9608587299454,21.130425819228,10.2587365531795,14.8126025987179
35.0515463917526,23.5465944401201,21.9477240804264,7.63466138021457,11.2408703652882
36.0824742268041,27.2103279851793,25.4602752299695,4.94622022672587,6.1820455519724
37.1134020618557,28.5904489830765,24.3720536945894,2.04231247583314,3.13550683554936
38.1443298969072,33.7925923355783,26.9879125297993,1.58568224612466,1.91033518789975
39.1752577319588,35.4461115796733,27.9946604179408,-0.469000543764572,0.326117782201546
40.2061855670103,33.9348732791192,28.9971210699514,-3.39281162241257,-1.34940279199601
41.2371134020619,33.0927492240833,32.30946493671,-2.51727490783759,-3.66902842110244
42.2680412371134,34.1024633263234,35.3815824524548,-1.33200257032823,-2.35869733113577
43.2989690721649,35.8577138449112,36.0054073013377,-1.90228984847184,-1.1767144879143
44.3298969072165,34.7843344203821,36.1820176884176,-1.41532292857143,-1.7768252414719
45.360824742268,33.9693118023846,34.2391940102679,-1.32617234163648,-1.41158308447533
46.3917525773196,34.6957579175109,35.7443211677487,-0.272540796092543,-0.611345541196645
47.4226804123711,33.0890036608555,34.9729821939369,0.459703643158469,0.588174630684596
48.4536082474227,32.4531986986683,36.271750375618,0.555842907476587,0.44597008840161
49.4845360824742,34.3581614972622,35.9739165505896,0.0712297552387526,-0.330615630570213
50.5154639175258,33.8969192770759,36.1273563131546,0.45930487851817,0.525548060666769
51.5463917525773,32.4453345860321,36.2147103672494,0.126470670506333,0.253404085697803
52.5773195876289,31.3737186279021,34.943530924789,-0.980209638993137,0.24048153461352
53.6082474226804,28.4168793856777,35.0961620376235,0.158621006109633,0.241505527198641
54.6391752577319,26.9123983783554,32.36620032127,-0.171332966681242,-1.0477820183422
55.6701030927835,26.9322282167187,31.9563570473563,-0.000395834901018313,-0.456602840803703
56.701030927835,23.183034297579,29.4139386482124,0.0766106551333111,0.132804540292926
57.7319587628866,24.8511093556434,29.786118326392,-1.32426455200679,0.359591554776825
58.7628865979381,23.9789137670789,28.4435467545739,0.575363396305534,-0.121761071176846
59.7938144329897,21.2190199082635,26.5223032486335,-0.156093014349873,-0.996608855324064
60.8247422680412,18.3368479331997,27.2603134130867,-0.432742468268667,-0.0548576553715918
61.8556701030928,19.3074032018794,23.8982474322341,-1.32544769638569,-0.66761539386525
62.8865979381443,17.5681947051305,22.633650380213,-0.170665715010614,0.0682647766643589
63.9175257731959,16.173746403184,17.0771093573038,-0.815156245064059,-0.188551623893224
64.9484536082474,12.6119802738664,14.0473255240394,-0.684610711603976,-1.11339831014097
65.979381443299,11.184137394814,14.8601262175988,-0.270618101141611,-1.9976321235481
67.0103092783505,9.51021160841187,11.4519339711134,0.0108067993266544,-0.00695440142266551
68.041237113402,8.59882267018102,9.94107380858009,0.540450906238181,-0.149676472094745
69.0721649484536,4.16985669179686,6.13212173853618,-0.535760530179775,0.262405576996114
70.1030927835051,4.76378693543054,6.40975494940621,-0.45900669206482,-0.667946350266824
71.1340206185567,3.25520027250286,3.17237813526137,0.350335143574021,-0.40492197641883
72.1649484536082,0.814195248013867,-0.608497666365404,-0.708834756646621,0.805770854854639
73.1958762886598,0.0965736092466336,-1.4161291064885,-0.92050898952406,0.524573140027456
74.2268041237113,-0.545958041700759,-5.6659331208185,-0.144483373421738,0.809463303254477
75.2577319587629,-2.21518869058431,-5.3689923618883,-0.207193710591655,0.141819219944809
76.2886597938144,-4.94547804075843,-9.36042742618676,-0.729700128155671,0.172956210312835
77.319587628866,-7.26101499466725,-8.77393049748429,0.00599367097598352,0.844571399785072
78.3505154639175,-7.49837781751295,-13.0875978723934,-0.263968835286701,0.746296556937218
79.3814432989691,-13.1763877604985,-16.9100544417126,-0.0563154485233209,-0.0591963814950936
80.4123711340206,-14.2530807390248,-17.192124921204,-1.02187886323733,0.0821918214254518
81.4432989690722,-15.3456107333609,-20.8795119388124,-0.807103241806196,-0.149066056463574
82.4742268041237,-15.6780961258194,-21.3769755899209,-0.346715477520002,-0.0928010298491017
83.5051546391752,-19.8941324359879,-22.9044934928933,0.0595232093153825,-0.703225710578734
84.5360824742268,-21.1628086639273,-24.6519442267171,-0.540982785908654,-0.171600446250771
85.5670103092783,-21.8259713964153,-28.1052201620998,-0.429432160571772,-0.285884849904367
86.5979381443299,-25.0361975200585,-30.9376504573361,-0.314395001440708,0.0831041947388363
87.6288659793814,-27.9675767904839,-31.4455485033631,-0.048002507808463,0.351164242590209
88.659793814433,-31.0684940064384,-35.3438271019118,0.918052515916163,0.787115519011903
89.6907216494845,-36.4459246684592,-39.2096270731346,1.8946568944532,1.44870620745626
90.7216494845361,-38.7386370622458,-45.8446975061001,1.99717896180185,1.65346137824377
91.7525773195876,-41.6665523194762,-47.3813340849811,1.82675499227024,4.76230460118007
92.7835051546392,-46.4794822589967,-51.7190100006627,2.69924000757783,3.15858028733093
93.8144329896907,-45.9074012243906,-51.4230663966117,3.70195918283055,3.67341325909821
94.8453608247423,-46.7275245527043,-52.0586593052797,2.96650929137321,3.97762349203865
95.8762886597938,-47.6403523005431,-53.8603684729847,4.33358154517769,5.79218997077254
96.9072164948454,-48.3091012959535,-55.589118258111,5.19552563073512,5.92644682687371
97.9381443298969,-48.0111116637608,-56.181899237611,6.97595129199058,7.78501861046977
98.9690721649484,-48.3016367855442,-56.973712876677,8.04257791506014,7.8307065347305
0,-53.5519958820348,-60.85196888263,8.16328769651169,8.67542225280371
1.02040816326531,-53.0745770170254,-61.4121511135161,8.47915722331497,10.0188432333536
2.04081632653061,-53.6204541215638,-60.1854130175069,7.27893288191198,10.004945828155
3.06122448979592,-52.3960545365388,-59.8505605727977,8.83849730134202,11.2602744377153
4.08163265306122,-50.1333171071293,-56.7575950382719,13.3822463939378,14.353902629103
5.10204081632653,-49.9521063400615,-54.6167586293109,17.5367886888612,16.6547935115646
6.12244897959184,-48.1614847251697,-52.7824113418558,20.5979412658637,21.5748095458772
7.14285714285714,-46.8855867780204,-50.7638124390944,23.8959662001927,23.8532407172054
8.16326530612245,-43.3355847211262,-49.8644999078074,27.0230140535727,27.1127996226395
9.18367346938776,-43.7857321162594,-50.8624334534358,29.5069922407781,28.137791716663
10.2040816326531,-39.0581090624858,-45.2668307413282,31.871633827354,30.5126608128728
11.2244897959184,-38.8323218042847,-44.6029195315802,33.7704139448421,32.8228855263902
12.2448979591837,-37.819228031703,-42.494806182169,36.0306410921536,34.3962607370671
13.265306122449,-35.8844477647942,-41.6266009900822,37.2260577947143,36.3978284933975
14.2857142857143,-33.429278101299,-38.2030439836747,39.3238948296155,37.8178719824541
15.3061224489796,-29.9962051718203,-35.8611344335651,41.7133572250879,38.3300055697675
16.3265306122449,-29.0141142699956,-32.4846401305514,42.4622211623375,39.8530146070901
17.3469387755102,-25.3786628463945,-30.296573999561,43.7302823114169,41.5372936489258
18.3673469387755,-25.6103774475222,-31.6845533485219,43.1902097633285,42.3572529840302
19.3877551020408,-21.68051510504,-26.7150772607907,43.0153730020934,42.8972642203709
20.4081632653061,-19.6501937224952,-23.7136006858005,43.2643531982116,43.7153026637715
21.4285714285714,-17.0137551118491,-19.6368753733631,41.6198359598766,42.3467586292137
22.4489795918367,-13.883251768961,-18.1883043023914,39.7769592357019,42.8918421757054
23.469387755102,-12.2043638675886,-14.4428343999789,38.99844106814,40.4098036017615
24.4897959183673,-10.3048458205737,-12.1127126472901,36.3701275034231,39.1928980657208
25.5102040816327,-6.53445832877544,-9.56896752297958,34.5050444466408,36.8965745260492
26.530612244898,-3.66141743793425,-3.81308206911034,33.2027300715254,32.9790928920448
27.5510204081633,0.198462945212952,-2.06636728092239,30.4872189320003,28.6823037212989
28.5714285714286,1.5136454395335,2.4443257187506,27.1567196472262,25.5988439754667
29.5918367346939,4.0480083582199,2.93535093443721,23.8059981357054,22.5931039277784
30.6122448979592,6.6466992366778,6.16906236242982,21.6595117545998,20.5394196620031
31.6326530612245,10.0972586645441,9.23836386248991,19.091404273319,19.1485721578164
32.6530612244898,11.9820420716957,10.9688345658207,17.6906798162843,17.7707432541743
33.6734693877551,15.289775294768,15.1422371603275,17.0211403198181,16.3803372259603
34.6938775510204,17.7654288943278,17.8246532770491,15.4483072437908,13.9573589276078
35.7142857142857,19.8366617230894,21.5500973003156,14.9637705493375,12.9363637404843
36.734693877551,22.0398564288852,21.1676818370707,12.1801913592786,10.3065675078303
37.7551020408163,25.4771455181582,24.0035898342145,10.0744061250997,8.32315427072267
38.7755102040816,27.851118381584,25.2636896072424,6.96970821111517,5.91503602167341
39.7959183673469,28.1567035290539,29.7614603330916,4.27050524582169,3.52544591574158
40.8163265306122,28.8169722669119,29.6668418333605,2.91109712586856,3.04030757624186
41.8367346938776,31.9452596761922,30.7721344978861,1.48909111654938,1.65425882878164
42.8571428571429,34.7774218792471,33.4996822953164,0.474365160168362,0.345542544685419
43.8775510204082,33.9698603450605,32.5270124068257,-0.66821974176007,0.344524068536732
44.8979591836735,36.0460408049785,35.3036130584657,-0.487910087004621,-1.38099150153108
45.9183673469388,36.2820891273166,34.9130386005864,-0.341736466872076,-3.66971961582515
46.9387755102041,36.3682483347776,37.7751024572783,-0.767121933441418,-3.55913004986355
47.9591836734694,37.1669558233963,37.8372719921181,-1.63586642504051,-1.94939167260963
48.9795918367347,38.2206830426769,35.4308697145672,-1.84746176856597,-3.48352130176334
50,36.5558307309688,34.4274136359813,-2.28038876317282,-1.86961765745399
51.0204081632653,35.0446707662954,35.736103652876,-2.56098209806539,-1.64464157402317
52.0408163265306,37.3678318294542,34.729813725723,-1.53623281765218,-0.98510272188703
53.0612244897959,35.6224515102059,36.0521577902268,-1.55161326222041,-1.44158557047981
54.0816326530612,32.9657342429115,33.3907456688622,-0.984231533334235,-1.13110979612452
55.1020408163265,34.1604583353797,31.9945057945235,-0.813855108498596,-0.90874390435869
56.1224489795918,30.3372917861956,29.6761289609866,-1.28196102076968,-2.02730789871759
57.1428571428571,30.10657251036,30.6660685730053,-1.16942644118122,-0.221621320644814
58.1632653061224,26.5497153429725,28.0747112079894,-0.372150983949143,-0.16432107558216
59.1836734693878,26.8565925902787,26.2863243654113,-0.784258542983132,-0.510490889967862
60.2040816326531,24.2961638082419,23.919361742711,0.752573379421403,-0.580020356423349
61.2244897959184,23.0955178804663,20.6780975520751,0.136439822943795,-0.533161785007421
62.2448979591837,20.0769680151929,21.2423045204997,-0.304581227287552,-0.467488745441261
63.265306122449,18.3066048004579,18.1118864394556,0.270721811287732,-0.680833625284647
64.2857142857143,17.7456484449408,17.3560629261799,-0.0120289612427418,0.175886288725824
65.3061224489796,16.0636517920869,13.1701300977903,-0.0784508014530124,-0.161377376476863
66.3265306122449,10.5456734741756,13.0475305271132,0.119062992427781,0.243293108424625
67.3469387755102,10.4396253897092,9.7616408907828,0.151786039192167,-0.377505061647099
68.3673469387755,10.1499514323761,7.1663543536469,-0.0835683383381603,-0.378062528882079
69.3877551020408,6.4764786658376,5.90599330218041,0.158843840630702,1.10402284977371
70.4081632653061,4.86244745856856,2.60740542416861,0.41183629619955,-0.35771820759736
71.4285714285714,1.88913297774749,0.472285293316043,0.459558042251987,0.190375189236345
72.4489795918367,1.2250351237898,-1.03784122257901,0.353252588390623,0.110433239861176
73.469387755102,-1.63348305985567,-5.14235921679066,-0.751561616329256,0.771292367335208
74.4897959183673,-4.76124305259782,-6.77667851438302,-0.677933802920062,0.56399246171306
75.5102040816327,-3.90504311052871,-6.00406710334731,-0.493740902856385,0.239057216321289
76.530612244898,-8.00730915301172,-9.69833027758974,0.479120306012901,0.517677187428787
77.5510204081633,-9.59377702375548,-15.0921499540787,-0.644895528775434,0.161501470425227
78.5714285714286,-13.7746706452586,-16.4548036381484,-0.523564869432269,-0.417721171228111
79.5918367346939,-14.3236052147698,-18.2640690644798,0.977347704054268,-1.17821089706689
80.6122448979592,-18.1645247458938,-20.321783634484,-0.379283290283066,1.16651587836972
81.6326530612245,-19.6465930021691,-23.3592662600286,0.930073717967815,0.835607993118877
82.6530612244898,-21.2420982210429,-26.0751492391661,1.0556982910559,0.577171860828882
83.6734693877551,-24.8332021827581,-27.9582646839888,0.270757699350851,-0.0511305651213694
84.6938775510204,-26.5297904091023,-31.943793414841,0.988075012638444,-0.178005235402157
85.7142857142857,-29.3902358909017,-33.0595706360503,1.007093535201,0.563815779949357
86.734693877551,-30.5767167103714,-36.2876977218993,1.31317214781074,0.452677187288223
87.7551020408163,-33.3625408278432,-39.369760504016,1.52474507943808,1.7840292669536
88.7755102040816,-34.9679674265461,-40.1720086254394,2.00671639069702,1.41467890721681
89.7959183673469,-37.342778731535,-43.3972667615694,2.86889830530721,2.1154177403751
90.8163265306122,-40.3688925643877,-46.0488348208231,2.42451015089967,1.59964620563502
91.8367346938776,-39.3420878966357,-49.9536908431979,2.37931946471543,2.85991873815807
92.8571428571429,-42.3085867613175,-50.1695377136683,3.54438898570025,4.6487259917576
93.8775510204082,-49.4522099296485,-53.8734445379976,3.99899261884987,5.1052219980909
94.8979591836735,-47.917016945328,-57.5917606183004,5.57688250577925,4.98900379213325
95.9183673469388,-46.9368035680827,-58.0901059920237,5.32842704868006,5.99658207526177
96.9387755102041,-52.559650658878,-56.937399079031,5.7794684129466,6.63142085889781
97.9591836734694,-52.1084004463771,-58.8426524792552,6.8293725169006,7.50393987367036
98.9795918367347,-52.1663201646643,-60.9183890023418,8.26479651157631,7.81839426809099
0,-47.8829343864875,-58.0419735148689,6.83527313363382,6.89109558964539
1.03092783505155,-46.3647731007837,-59.40511123102,5.42604294018369,7.42590261639913
2.06185567010309,-48.183020694998,-57.1016909797154,4.31450057929084,7.11242506911231
3.09278350515464,-43.9592728926969,-58.7523540322697,4.32103621244936,6.46140607038585
4.12371134020619,-46.7506423811185,-57.6880487340471,6.09733103417321,5.6943748357888
5.15463917525773,-43.2966803907543,-53.2148415222397,8.09778025144062,7.78494127732569
6.18556701030928,-39.4948943764835,-51.0040859847766,10.6013129439972,12.9424703035085
7.21649484536082,-38.7708606811282,-49.5017381650704,14.7553538947944,16.6175869843831
8.24742268041237,-37.8075113450319,-46.5774615152432,18.9744291485068,20.8851292506696
9.27835051546392,-34.3327750003741,-43.5940215667897,23.650888163335,23.9066120898453
10.3092783505155,-33.7542549274997,-43.899575413865,26.2802331676438,27.0035569884865
11.340206185567,-32.0242421359703,-42.4968792075178,29.4633399209984,29.0272092959923
12.3711340206186,-29.7838175752388,-39.7814502047978,31.2409346378201,31.1197864747293
13.4020618556701,-26.7995164905571,-37.3944867824268,33.484727811804,33.3425703049227
14.4329896907216,-24.9374375875741,-37.7306810982743,35.8068192235713,34.0186609336616
15.4639175257732,-22.7274243846344,-33.6092774461855,35.7477270519798,34.5412034234219
16.4948453608247,-21.5323833063714,-31.6724502293443,38.303940407694,34.9750413515327
17.5257731958763,-17.8749748334918,-28.6301136337031,38.7194662715964,36.7268962582714
18.5567010309278,-15.7410080182128,-27.0095090976891,39.1240866100996,36.6836187872923
19.5876288659794,-12.6717929433461,-27.5296129011077,38.9067534293426,36.6818690527879
20.6185567010309,-11.0405642615638,-22.3986375454822,39.2148940562824,38.0566662443755
21.6494845360825,-10.0815742816927,-19.0074772519444,40.5109483619505,38.6444229701666
22.680412371134,-6.3533385094183,-16.5042588114756,39.3545641152272,39.6566200173899
23.7113402061856,-2.78858944255908,-12.5176038742291,39.1215837882563,40.7107087307902
24.7422680412371,-1.49866799665171,-12.4945930451587,36.3390052627043,40.7551887942318
25.7731958762887,1.04750126311992,-7.3381366389838,33.4395298769899,38.4903797927463
26.8041237113402,5.6012247261662,-4.22600973537298,31.003889158317,37.3542801981553
27.8350515463917,7.61364423701298,-2.59092502406146,27.7266244442809,34.8041184193704
28.8659793814433,10.4106492323148,1.23212112038977,25.829351100944,31.2175221655752
29.8969072164948,12.6285045459943,4.67272953444566,23.9559237894282,29.4023921472556
30.9278350515464,15.5134054331722,6.70861287541558,20.8361076418912,27.3902823554167
31.9587628865979,19.4337593271405,9.48272219163484,18.7768928742011,24.8683894840549
32.9896907216495,19.2627690762843,12.7200052785748,15.9593434477814,22.7679131100933
34.020618556701,24.1880892857478,13.7276656780386,11.2517343391331,19.622480833048
35.0515463917526,26.5948864655333,16.7261836997325,8.03341379375209,15.081622153897
36.0824742268041,27.3862190028955,18.5942783868826,5.45701593170435,11.2518610660021
37.1134020618557,29.3728815279107,20.9304317215297,3.48294223789813,7.56002629545234
38.1443298969072,30.8002259998328,25.6772193179127,0.978549386548069,3.3226009210604
39.1752577319588,30.5669404134308,27.0389689629735,2.17602176390208,1.98511701477997
40.2061855670103,34.0539588612456,27.4138103619951,0.846961923939596,0.387733314986446
41.2371134020619,35.7194770225591,27.8977917394275,-1.0168353279353,0.222516785287177
42.2680412371134,37.9321529715968,30.2073060367943,-2.81564659462805,-1.91371601338465
43.2989690721649,39.6881138098514,28.8731029597795,-2.77199994993832,-3.05452611531177
44.3298969072165,41.5489857058787,32.1237800922186,-2.06197324476208,-4.71236775816192
45.360824742268,39.5676940698387,32.5580029232967,-0.853920470672287,-2.25922374163029
46.3917525773196,37.9945977780077,33.167594670512,-0.229450994086004,-2.05462281905995
47.4226804123711,38.8821510142008,33.5616692244855,-1.50104301556616,-1.99983840659235
48.4536082474227,35.9014796164553,34.4142124084634,-3.03221850705934,-2.71922380780523
49.4845360824742,36.8455009495393,33.8199972490711,-3.22388849304479,-3.00404117438109
50.5154639175258,35.3505249254844,33.764833808089,-0.762818429884367,-1.95195804477895
51.5463917525773,36.3035474882347,33.1186977255027,-1.79203400694447,-0.105107881066949
52.5773195876289,33.9491705283136,33.6142115884848,-0.714617786612751,-1.11094851114263
53.6082474226804,34.2731480965793,32.4271174764708,0.264635011286011,-0.400036264230599
54.6391752577319,32.4854366873651,28.3235450680458,-0.22735802787501,-0.882767512184198
55.6701030927835,32.7491810354402,31.146185498451,0.466001903392053,-0.651107889538722
56.701030927835,29.334662606507,29.4055719909153,-0.390340095842436,-1.05529203846256
57.7319587628866,27.1963534705416,27.1236339392901,0.226287412375015,-0.389050233747609
58.7628865979381,25.2951641885609,24.8327205704798,-0.419090328119613,0.0144692323169312
59.7938144329897,24.3145972391649,22.4583667796326,0.00403517569859288,0.977355774085792
60.8247422680412,23.6951590730004,24.0898447807192,0.538815394061281,-0.368285724208884
61.8556701030928,21.6454270872571,22.1874543667339,0.790532122676946,-1.58295210365444
62.8865979381443,22.5843874336174,18.7034210922389,-1.01491775454574,-1.35703480670282
63.9175257731959,18.3114125330732,17.223633754538,-0.743663874000488,-1.55494442448704
64.9484536082474,14.747380444787,15.8667868840477,-0.336938989308086,-1.99853827570088
65.979381443299,12.3549909420319,14.6130113970033,-1.3472060524169,-1.40485290442026
67.0103092783505,11.4671926556947,11.6639191271742,-0.971231619433005,-1.84456414711779
68.041237113402,11.7335279889723,10.1582416061876,-0.640660756181128,-1.75332021404518
69.0721649484536,9.58632114379151,7.78206929205502,-0.818037945229437,-1.66512013120214
70.1030927835051,3.40428369598544,6.08279094404059,-1.04985673544844,-2.03705681914671
71.1340206185567,3.90000110056565,2.82435523567856,-1.60797615952144,-1.50393585570139
72.1649484536082,2.7993603220202,0.441709263226906,-0.906442779463479,-1.63105332320766
73.1958762886598,0.237529057630719,-1.13280455438976,-0.573767343814533,-0.83870723980227
74.2268041237113,-0.729122391587337,-4.25459352038703,-0.538826023405335,0.407351675046068
75.2577319587629,-4.6478335519343,-7.6258408056347,-0.483950548771323,-0.344451644360353
76.2886597938144,-7.2262520739492,-10.4182505947057,0.256914670150088,0.252088358941803
77.319587628866,-8.61164762920342,-11.4204867674142,-0.774963683105543,0.21049384185639
78.3505154639175,-11.6961750029835,-14.6209988633739,0.636487379636117,-0.333452609110694
79.3814432989691,-11.4648349652143,-17.1554211398335,0.750054998925495,0.308012514001346
80.4123711340206,-16.2421493831923,-20.7239330506344,0.887990666195706,0.273723421482833
81.4432989690722,-18.3119946563288,-23.4565057104958,0.266110558906263,-0.532788448498226
82.4742268041237,-18.4530386476497,-27.7926058829623,0.68880390105696,0.378431302590136
83.5051546391752,-21.2777342128365,-32.246649847142,1.01543296737078,-0.358842699142237
84.5360824742268,-25.2900111524196,-33.8073807920499,1.55670000795289,1.30531088812858
85.5670103092783,-27.2187756434662,-34.4252633808352,1.32223167633887,1.10004807250931
86.5979381443299,-31.1035234085525,-38.9660252716271,0.863041742640255,1.61274075325539
87.6288659793814,-33.5851310093235,-40.559154753651,2.05003897505188,1.77675093038374
88.659793814433,-35.2386468146937,-43.5651042934579,2.88241119131623,2.59908046526366
89.6907216494845,-38.5319899626229,-46.978371294476,2.87702407312465,2.43653537740122
90.7216494845361,-39.1279998718958,-47.4430603114356,2.12665296500591,2.45160859470066
91.7525773195876,-40.6271748397933,-48.7367099237411,1.65945744030463,3.97406352270656
92.7835051546392,-41.0556960038597,-51.1177565371837,2.30717267898369,3.4714850018633
93.8144329896907,-43.2070090344782,-53.0944508388527,3.05213599559078,5.49103874783906
94.8453608247423,-43.0048172843735,-55.6307233161194,4.05936680338556,6.3866637712325
95.8762886597938,-45.9566098602048,-54.994787134656,4.7411191371618,6.63293926983101
96.9072164948454,-47.6327034970133,-55.1712386923258,7.03528010716865,7.44413352715472
97.9381443298969,-47.947883625188,-57.0011754425064,7.32990833915095,7.2258834148557
98.9690721649484,-47.3525391402257,-58.4875771728678,7.69387259826411,6.69851994478405
0,-45.8575058561437,-57.3303144610643,8.35634645303771,8.40816784911392
1,-47.293424791965,-58.2108189782071,9.5657279796453,8.54664706413833
2,-46.6788952758775,-56.5778868797197,9.42831521322139,8.54778199929154
3,-45.173725788786,-56.5514644584425,9.36831112812014,9.02419139701687
4,-44.499861481441,-54.5404990350253,10.2088314876361,10.2402983673571
5,-42.2362966422162,-52.1106971049284,14.0691880044111,13.9130284752118
6,-40.8661593721958,-50.3770513114693,18.5814085792036,17.5861700279141
7,-38.5189946609527,-48.6976160994431,23.6821113946854,21.6403936152762
8,-37.1064625102153,-48.5706671862863,30.016185984403,26.06526369655
9,-35.314812597729,-43.1859379613362,32.7567020846105,28.6528474690424
10,-34.7707345544802,-43.9745502853372,36.0701323555393,31.5868692669706
11,-32.6335902929998,-40.415946087701,37.9254996964095,32.9296829518924
12,-28.0045759763722,-40.5637621719963,38.3801103230958,34.4649981878529
13,-26.2645283103958,-37.4737672009135,39.1476656194466,34.5822932023406
14,-24.3811821097863,-37.7582090809787,40.5728354746556,35.7820283600147
15,-24.645663347586,-34.6737136912066,41.3248418336879,37.5099258118553
16,-22.8644762886551,-33.2212159252191,42.590312285439,39.3791547436646
17,-20.2339730717177,-30.9669882768773,43.8461602377977,41.0702858500178
18,-16.8275632053107,-29.1199360478823,45.1418336171133,41.9942733848984
19,-13.8917356485325,-25.1776125410008,46.1128030208207,42.3694846232286
20,-12.9698161873643,-25.9177599457338,46.3672438935468,44.3557176094572
21,-12.7401910383682,-22.2176172507118,46.3125950530923,44.5872020880587
22,-7.83155896165395,-18.9345975873088,44.1981634200414,43.8237384331709
23,-7.1333900237171,-16.0022192109941,43.0146188904778,44.0195913020881
24,-3.27931649425318,-13.5908194952009,40.9799495853971,43.052540721772
25,-3.77172654038786,-13.3080969992647,37.6895553998095,40.1109164782132
26,-0.622277061278858,-8.92971411232086,36.3453007487085,39.2545928934349
27,3.99262997846558,-5.83445713396283,32.19819967821,37.2864310004264
28,4.3442225444504,-3.27328015188246,30.8295632285532,35.6200628612815
29,9.00471331072968,0.341804672409242,27.4868688831197,32.3731453447271
30,9.84539330759027,3.11584524388893,23.8401998537821,29.3912190951306
31,12.7241761577557,3.296072545841,21.8029747274829,26.4104337588942
32,15.078252946209,6.25618175455888,19.2911566943413,24.0111131197725
33,19.2911977992195,9.21773613735182,15.1833282983505,21.6800515461669
34,19.499321609867,14.0128720257113,11.1627832957318,18.3900596537127
35,22.7708290309199,14.517044993175,9.33107432136769,14.1918991428005
36,23.7456784059124,16.9049099966283,5.24268168733375,10.1082952032248
37,25.6985207788598,21.2074764643763,3.49943838328956,6.36297819184805
38,25.8464031568668,21.2446955836676,2.17350241246009,4.10450517407007
39,30.2561940474897,23.7542784799595,1.60184818071699,2.21903015721898
40,29.2679804199838,24.3640387209605,0.988773210910605,0.337145878971723
41,29.4120985402916,22.9574901022569,1.29507058204973,0.54721312878827
42,30.8982642963522,25.2643917504483,-0.126266573033387,0.257827045338976
43,34.521115279035,25.9666873397794,-2.24142891750934,-2.1226510658392
44,36.020185843132,29.0350478576158,-2.32056147497946,-3.27787719070288
45,38.915385324059,29.1330710105913,-1.96491801739341,-3.73037048180442
46,36.7079273409387,31.0455571640983,-2.42970072949347,-4.40051297770477
47,39.2950853239678,32.7696145880155,-1.22346478761792,-2.08877789000154
48,39.1841351996147,31.1518832320378,-0.651079367972075,-3.34722161645887
49,35.7166386636887,31.9405545619481,-1.37395361900492,-3.73095774321846
50,36.4767667492093,31.3334029930016,-4.07932561963,-1.34753938769404
51,36.7236842975606,32.6384897358551,-4.1652099965047,-0.849121845768799
52,34.2128662606197,33.0297103867547,-2.79818094903056,-1.07387045232672
53,33.7620686523485,33.6607465313696,-0.0714026629480469,-1.8747274001353
54,32.8099396215544,33.3364560349406,-1.73709268530711,-1.73818666711057
55,33.353065598504,30.8633624490907,-0.431315890146413,-1.26600519164885
56,32.8318840995048,31.1505898405667,-1.60136236927354,-1.5089027413513
57,30.5566798574066,31.0997759724725,-1.84374488346882,-0.973398328226516
58,28.163148955771,33.0713216125517,-1.09032531317339,-1.27808345742648
59,25.0640531234881,28.0194547587787,-1.14607212490584,-0.950048101020542
60,24.0005732094684,28.7787014456345,-0.191756889583462,-0.371411067876619
61,20.8114083417075,25.2413251868854,0.341480203881314,-0.474628797213282
62,20.2966639549164,22.7043760489392,-0.427672770221619,-1.42260937186536
63,20.1970500030421,21.1593631180624,-0.308178318587413,-0.210854651658772
64,17.4343564992911,18.8976216525436,-0.218142871302236,-1.25334000533784
65,13.5566916563455,14.5267082021858,-0.132308338303437,-1.76302112067286
66,12.0974828338916,12.8298658458318,-0.107770162046374,-0.939089623130448
67,11.3468748284532,8.78502262635743,0.216673305560151,-1.20093199591864
68,9.50789579519287,8.56685489011961,0.220512903672689,-1.54353640262398
69,8.0439030465478,6.32875676890029,-0.0122205513402052,-0.867528869685927
70,5.03380117651407,5.26358669472023,0.263120531399967,-1.1605709365953
71,4.46391766141326,-0.417503749966573,0.0948295349652548,-1.4847531871718
72,2.81638840439224,-0.560134631811719,0.45051872969485,-1.25306304360393
73,-0.103367737421478,-4.5422658933117,-0.95652425375283,0.488719567860448
74,-0.372109583435802,-4.61061612733013,-1.38054040674166,0.304929717778937
75,-4.17230248501821,-6.62607780710173,-1.32284788420746,-0.174348139271922
76,-3.69226929606295,-11.5727633655438,-2.07997664209067,-0.30329030603101
77,-8.81539004383072,-13.9866613107851,-0.6551975766301,-0.236244724073416
78,-11.8472577144104,-15.6049941442484,-1.10517314690253,-0.38827300902771
79,-10.0151792602408,-17.9253341363966,-0.328474309907028,0.33142289143211
80,-14.1873893780816,-19.3005298365116,-0.0690610812651128,-0.132998125926818
81,-15.5369555994184,-22.6461452722244,0.763973159729251,-0.0870133091634794
82,-19.1653657269204,-26.8902960377559,0.477987495521944,-0.0761620799979194
83,-20.2009987661042,-28.3163469312448,0.556488537623619,-1.19813291064212
84,-20.3223844834383,-30.6835826125781,0.0513148964856356,-0.288262387228988
85,-24.9210853981288,-33.8402940928965,1.73709993620148,-0.546246866365046
86,-27.226252699375,-36.6799394929258,2.53189689977209,0.697392477406766
87,-31.7853618481973,-38.8231932081658,3.17392990895305,1.41309196257311
88,-33.1413367830869,-40.8619025328226,2.3289021983246,2.36143096687368
89,-35.6370557306614,-43.3743349465524,3.02677319653589,2.97516380526391
90,-37.3049665325003,-45.7996390697342,1.70155880662246,2.78900455368227
91,-37.2649757924582,-47.704213424725,1.91204345939618,3.50410698198552
92,-39.4802333614617,-50.8432292400642,2.31117689117609,4.15562478457065
93,-40.4949576219133,-50.0027637378106,2.44821282007019,5.22521471919696
94,-42.4731896904794,-52.5693052424487,2.65747625012326,7.81958975037173
95,-42.8536549534455,-55.1976993298369,6.59452828584443,7.99602131794785
96,-43.7912673592334,-55.8289205587031,9.07449438746215,9.05608650178197
97,-45.7254044995144,-56.1348799935064,7.10668798842762,9.44932585733878
98,-47.0983839623049,-55.5403659116287,6.45920847891993,7.61675318177623
99,-44.688104674594,-55.0757986793132,7.52967593699204,7.03838083100141
0,-59.7749825430788,-59.174786745848,8.69489247817301,7.90623759091374
1.03092783505155,-59.2578792282894,-56.9309819919873,8.8712018662198,6.03991374113788
2.06185567010309,-57.6891746195397,-56.7346936531792,9.91854928781165,5.70097700037808
3.09278350515464,-57.1494413958876,-55.2806909486151,8.92570872921958,5.72308291932753
4.12371134020619,-54.0638437903551,-53.7517803403259,9.99801786131118,8.67134409094065
5.15463917525773,-54.5273369605877,-50.4197258952817,10.9430043392926,9.7482077379106
6.18556701030928,-52.8768696601277,-50.0965695174417,14.2549619920733,14.4260583794466
7.21649484536082,-50.5485076620436,-47.0003665214569,17.8747424240474,14.8161236502005
8.24742268041237,-48.9044743091207,-47.010192315197,21.7591468589674,15.5245380890017
9.27835051546392,-48.630112167187,-45.9837970180164,24.0075425074239,17.4468852400109
10.3092783505155,-47.6388206188765,-44.0950801064723,25.3250233752027,18.5313738858946
11.340206185567,-44.9277273763471,-42.4398180074467,24.9196964693845,21.3870679736927
12.3711340206186,-43.9018446775859,-40.8125417104579,24.6047276175086,22.697424162637
13.4020618556701,-41.2659709477856,-38.99034039956,25.4816414620703,23.9846524389125
14.4329896907216,-38.9420422606152,-36.714261509998,26.5921020153399,23.1969174892653
15.4639175257732,-37.8849737647375,-34.9824378920355,26.9458898788976,23.8642672563899
16.4948453608247,-35.5306985699683,-34.6273049758513,27.2715436980317,24.8469990981159
17.5257731958763,-34.8040120176848,-33.2139285838687,28.8134613144421,26.051164806767
18.5567010309278,-30.810149478774,-28.9838374334221,28.7772923651822,25.9875161575471
19.5876288659794,-29.9148081885536,-27.6737572600505,29.1629986087764,27.4475976311392
20.6185567010309,-27.6727228679844,-25.5424983925008,29.2679270507056,28.3291981506627
21.6494845360825,-26.4296713323289,-24.135438308278,29.5093144765501,28.642334889352
22.680412371134,-24.9460246481382,-20.5909961231893,30.247749481859,28.8220518097445
23.7113402061856,-20.8053140400493,-19.6252788162075,30.2714480287916,29.1108227521995
24.7422680412371,-19.6675803327107,-15.8786639555681,30.9489413930963,29.2037051376815
25.7731958762887,-19.5780471695237,-15.3059087602712,29.8638762541295,28.1394274335231
26.8041237113402,-14.241334975329,-12.1092873361059,29.0136965283132,27.8866296328561
27.8350515463917,-14.3156431287142,-9.40945897045096,27.9329764801305,27.2857293302266
28.8659793814433,-12.9629237925459,-6.91837916312918,26.1743713993927,24.9393787331718
29.8969072164948,-7.21038624170058,-5.34793312109661,25.7682057531777,22.8156942151343
30.9278350515464,-7.98979098621418,-2.41844303069591,22.1935022159339,21.424689818448
31.9587628865979,-4.2520184143219,-0.23848369795501,20.7564724451118,19.094665362282
32.9896907216495,-1.87361171602021,2.62001911537111,18.7012806657098,18.1920137606662
34.020618556701,0.997437687373406,4.74172909665988,17.4186713937209,18.1726190607825
35.0515463917526,3.12521982705147,6.69065499772258,15.934475852961,17.3247155956345
36.0824742268041,4.93421249530636,10.4860004243271,14.1014035236425,16.2053090481879
37.1134020618557,5.94416164664834,12.3129916242683,14.1552376364914,14.7534571813782
38.1443298969072,10.3848355346837,12.7478663170398,11.9829515769253,12.0547695873469
39.1752577319588,11.0141597966164,17.9695452551608,10.8095538821641,11.2534447347998
40.2061855670103,16.3203530581853,19.2496871323678,8.11807691904987,8.93772247569005
41.2371134020619,17.1603955596524,21.7286546213956,6.35926588362909,6.95692767322498
42.2680412371134,22.1291618712774,24.2329704311603,4.89378429473681,5.88955928411931
43.2989690721649,22.4320622207155,24.7887237728873,3.13026723554833,3.59845116764979
44.3298969072165,23.9674488719055,26.9028790580676,2.42986810176247,2.11871084320987
45.360824742268,27.576105408868,29.0312676700262,2.36084703615745,2.39287445795629
46.3917525773196,27.4199563132525,29.6720138944073,0.617449809353011,0.843524678005649
47.4226804123711,27.4668884310508,32.3156410152172,-0.463075510628647,-0.0723588181288166
48.4536082474227,29.5279235474925,29.7898043133067,-0.638682398533245,-0.0318731879141491
49.4845360824742,32.7183611780437,34.281705422028,-2.95560248452515,-3.97622838126841
50.5154639175258,32.3535728236493,36.0965992434715,-4.47003860181173,-3.98390543426696
51.5463917525773,33.5646780340125,38.2897574850694,-4.50997165503106,-2.88524674656089
52.5773195876289,33.3794935873988,39.1963780132672,-5.24901712154613,-5.15877133425408
53.6082474226804,32.0410825875248,39.5219144040414,-4.14677962108223,-4.52706100375156
54.6391752577319,30.1024602477435,35.9110871970489,-5.57103991612506,-2.76816019471223
55.6701030927835,29.2248483675331,37.5077400525675,-5.94070421314044,-4.20873780826911
56.701030927835,29.0708117002682,34.7564252606127,-5.58904705224963,-4.26369568318371
57.7319587628866,28.7518472898856,35.2295471144205,-4.66916815806104,-4.47478724434343
58.7628865979381,26.6582720391172,31.5944410110942,-3.05106849463631,-4.40239685392823
59.7938144329897,24.1901224537322,29.6380412899627,-2.5113461013286,-3.81924285785357
60.8247422680412,21.5844094824558,29.5707400535322,-2.30005259797315,-2.60454686957117
61.8556701030928,19.3076084279746,26.1877415522376,-1.6965374294046,-3.31873632726805
62.8865979381443,17.2779529110023,25.3893022604563,-1.89657659803552,-2.28095437027948
63.9175257731959,16.1871904942963,23.0377406052365,-1.35785754140158,-3.26938899219351
64.9484536082474,12.7692073982302,20.7796408256074,-1.78796976263807,-3.10146155894177
65.979381443299,10.7634563072686,19.6917231555277,-2.10393039915367,-2.51191395710514
67.0103092783505,8.31466628445854,17.4314422176341,-1.93346319938443,-3.27166087762824
68.041237113402,6.86260548052643,15.5816159323176,-1.25023496514967,-2.23981293443475
69.0721649484536,4.26089357067592,11.415138880615,-1.53120568374954,-2.89833122581881
70.1030927835051,4.73807397352112,10.4456769294252,-2.26161680290453,-1.84460840113028
71.1340206185567,2.24463386897951,5.15413502728577,-1.71389688688836,-0.589952460068231
72.1649484536082,-0.316572901401516,4.12941277448903,-2.34851066735941,-1.32680601259429
73.1958762886598,-4.03365640534287,2.87471235277005,-2.56391850860726,-1.54570025744809
74.2268041237113,-5.94079783970268,-0.146204887997868,-2.93175681678988,-0.980439302766437
75.2577319587629,-7.51678644008595,-4.32658933838308,-2.61500568166989,-1.49407792123696
76.2886597938144,-11.063352211261,-6.17182765188783,-2.52824428656007,-1.69839254560065
77.319587628866,-13.8825209898905,-9.95065567226545,-3.32527719839688,-2.41255197362509
78.3505154639175,-15.7104494514188,-12.6159019967601,-2.47789092926193,-1.58593649832243
79.3814432989691,-18.4377537797217,-15.216042470617,-2.86185566556381,-1.63629538787498
80.4123711340206,-20.9194896889109,-19.9401918253145,-3.56390699385618,-1.70047594122625
81.4432989690722,-22.4379043052314,-21.8635861765765,-1.88766135380803,-1.67779557512884
82.4742268041237,-23.3658576173444,-23.5534415408662,-1.48467491087517,-1.45087528975329
83.5051546391752,-26.0792790375863,-24.8842335701301,-1.99404486116047,-1.91457871492509
84.5360824742268,-30.2103362451511,-30.2402329170253,-0.731659447268513,-1.74848208687624
85.5670103092783,-34.8345948134913,-30.9663844140261,0.29200234387385,-0.772487034613298
86.5979381443299,-36.5117684976781,-34.7860572279446,-0.0695529710844167,-0.319333894625076
87.6288659793814,-40.3505455224721,-37.8765645024774,1.04438506904779,-0.209078589286719
88.659793814433,-40.7551336048562,-38.7306748333219,1.99806579567133,0.787538916264716
89.6907216494845,-45.1306397913977,-44.7000913837917,1.97942294903023,2.04393415613014
90.7216494845361,-48.4959515794404,-46.232492002268,3.06650209594884,3.07078228998456
91.7525773195876,-49.2184177350889,-47.6327123804768,3.66572460723284,3.6865264607737
92.7835051546392,-50.2620665897549,-49.7093298183866,2.47683967829607,3.96273351219761
93.8144329896907,-51.3301587967464,-51.4292298293028,2.26085265701153,4.14929826314843
94.8453608247423,-52.1547023281425,-54.2374910089611,5.41623043232634,4.75794020838575
95.8762886597938,-55.2819273202857,-54.7771881260788,6.94271431177168,4.97960612884965
96.9072164948454,-56.0892459326924,-55.7141858145597,6.85054315546446,5.82017502783474
97.9381443298969,-57.489794549683,-58.3964525586259,7.25747005233859,7.60057465382206
98.9690721649484,-55.6689542776654,-56.0104999911921,7.09016879044896,8.12932564113603
0,-68.7815372347649,-66.704281559068,7.27206690966047,5.57982338497793
1.02040816326531,-68.3623911103679,-67.4765355154988,8.1818815515869,5.12582574519964
2.04081632653061,-66.7438244339479,-67.4694365831306,8.99071055260723,6.54744441912122
3.06122448979592,-68.8006651012429,-64.952883966945,9.22125278002512,5.86532994209644
4.08163265306122,-65.7919782687427,-65.8290777541423,11.661094678894,6.76628278133028
5.10204081632653,-65.8594877291811,-62.2486165391033,14.9966301458646,8.75905186219739
6.12244897959184,-61.291241648935,-60.6807689404225,19.3972411761068,11.850236215531
7.14285714285714,-61.171825710736,-61.9703639225138,22.9612346878527,15.9329153647023
8.16326530612245,-60.7777245196864,-60.0033674585126,26.2058457368491,18.3343083948689
9.18367346938776,-58.2455191239685,-58.1033571573835,28.780673105273,22.1013032207556
10.2040816326531,-59.6356158948074,-55.8321987999907,31.0528868250128,24.0806510801155
11.2244897959184,-54.3320496061397,-54.5507224611091,31.8993743619614,26.6760720185678
12.2448979591837,-53.393526994615,-53.5686731989564,34.8127026634566,28.0634353672581
13.265306122449,-52.7297920051532,-52.1848353684924,36.4652211679988,29.6569405770935
14.2857142857143,-52.1424969331057,-49.4182808208298,38.3850715646662,31.7665299113843
15.3061224489796,-48.0341166009588,-46.7811416615255,41.0188850561927,34.1716282236966
16.3265306122449,-48.3978577226558,-46.1725229889498,42.3237511778197,36.8117958214629
17.3469387755102,-45.3283900939635,-44.8228291587719,44.3673878381987,38.7576103157108
18.3673469387755,-45.0990544641009,-44.2393824706901,46.7355077741945,39.9103095688881
19.3877551020408,-42.1067955864918,-41.3221697025899,48.1892333399036,41.7778115298827
20.4081632653061,-40.4541640842568,-41.2297074715475,48.212380862264,42.1232899256618
21.4285714285714,-40.0233472898105,-37.3258434751931,48.8107602200057,41.471342403928
22.4489795918367,-37.3085211049667,-35.532161593378,47.9233505721013,40.8879071628674
23.469387755102,-35.5289991702211,-32.0097730664395,46.9060931719039,41.0486289189107
24.4897959183673,-31.7618729623359,-32.3990903798495,45.2367599332699,39.3791608589749
25.5102040816327,-32.2851941113311,-29.1836601448159,42.7796370607675,38.6608931451963
26.530612244898,-28.8897343926813,-27.3862119200688,41.0022153706221,37.6404576925458
27.5510204081633,-27.8952958522871,-25.9791056991069,37.7714595860646,36.04327075107
28.5714285714286,-24.0466699360952,-22.1285165711372,35.2574442596927,36.3965417414343
29.5918367346939,-24.4636863236701,-18.9080383111675,33.260122742745,34.6075188417574
30.6122448979592,-21.3539245713229,-17.5305038580263,30.3573401685781,32.2146950339114
31.6326530612245,-19.1841566209076,-14.4324918418449,27.6768881432051,31.1125052296161
32.6530612244898,-16.805116941448,-13.5071036032389,26.5288533759359,28.8344269465672
33.6734693877551,-13.9099483969945,-10.3781284504776,23.7734072388068,26.3188034074068
34.6938775510204,-10.0824740741096,-7.14121469132285,22.6488544318362,23.6337272071491
35.7142857142857,-7.71058869310002,-3.73925464521032,20.6062037132621,20.7544513328516
36.734693877551,-6.25691295400297,-0.568836184807366,18.0543888403914,18.2568390420445
37.7551020408163,-2.09152900493255,0.89979058305131,15.078039828834,15.5875846895736
38.7755102040816,-0.613141864014929,2.96564091913213,12.4039287145049,13.8778195096235
39.7959183673469,1.75445834409899,6.62164002968961,8.74023209547083,10.3368005703325
40.8163265306122,4.90450875554362,9.30926289289049,5.89659897209852,7.99312829120099
41.8367346938776,6.79503133658078,11.6673142746971,3.92443198886379,4.15230467982886
42.8571428571429,7.62214748623964,15.5027428482931,3.09761422826845,2.09953375380515
43.8775510204082,8.45307715747576,18.059907775863,2.22366245657552,0.793294574733107
44.8979591836735,11.1423784876736,16.4811502142941,0.763958597435815,-0.694922282013118
45.9183673469388,12.1384390979038,18.6900374875436,0.155938991846898,0.502660966445275
46.9387755102041,13.7568938682041,18.5231478771171,-0.793709831358194,-0.0724501772941231
47.9591836734694,18.0278459327115,21.1626082440268,-1.11030998817871,-1.77512214735498
48.9795918367347,19.2423159749716,23.0771982883385,-3.03453334890248,-2.98525558677048
50,22.1921739042781,22.8281192770675,-4.94660550517055,-4.3986653759128
51.0204081632653,21.9789122840319,24.3121499008621,-4.8058755553375,-3.7988423796713
52.0408163265306,20.8617842006766,24.2810807899605,-5.17139579233573,-3.5664461734037
53.0612244897959,22.3175359618402,24.0389451253058,-4.92082765779331,-4.49747928044854
54.0816326530612,20.2198022645616,24.8347725423367,-4.10436994617415,-6.35938857356267
55.1020408163265,21.8064572827882,24.1095793323887,-4.56767011092645,-3.60846966680207
56.1224489795918,21.4018829870489,24.2817866621491,-5.36316592006523,-3.06320059348468
57.1428571428571,20.3682241347608,21.6925771143979,-3.89318583876051,-3.81113346029128
58.1632653061224,18.7214229825653,23.0505613203462,-3.73791993928816,-4.11965268313104
59.1836734693878,16.4819694604333,20.9234190847288,-3.64720365904724,-3.45799767811849
60.2040816326531,16.7394064398653,19.5036551480363,-2.57032763473702,-3.60992172888476
61.2244897959184,12.3510141941068,19.3755448276442,-1.93034033955024,-3.81561134110454
62.2448979591837,11.8482233860645,15.3020103234015,-1.89455854205903,-2.93675865616336
63.265306122449,8.72802331856559,11.9473108944479,-2.28454893069964,-2.90721558409387
64.2857142857143,6.98819013875746,10.0531934999675,-2.52639388454457,-3.71886591621752
65.3061224489796,4.41543877016011,9.03017446418199,-1.33348842471218,-3.90085200735
66.3265306122449,1.46152456528989,5.48923792533938,-2.29064918060666,-3.35523472300014
67.3469387755102,0.019788383025217,2.6764571107747,-1.7226254499447,-3.23791987779224
68.3673469387755,-4.36518347851664,1.90120594269334,-2.04523970787426,-2.33847759076786
69.3877551020408,-6.69329628933278,-3.23604681253969,-2.52147747957877,-3.20864483635901
70.4081632653061,-9.5935362156054,-5.61554085273288,-1.92557992620258,-3.41514360831144
71.4285714285714,-12.8714439654334,-8.62111992995146,-2.15098956498583,-2.73934412484432
72.4489795918367,-16.1939471164526,-8.4408337649398,-3.08982247769825,-2.74106439494833
73.469387755102,-16.6954921053814,-13.0949160272557,-2.18626849036772,-2.78394246733888
74.4897959183673,-19.9705623100821,-15.0781861647502,-2.47940384399665,-2.78363715282013
75.5102040816327,-21.8203822527845,-19.87094941065,-1.45825293141509,-1.88222556025779
76.530612244898,-27.0618433005185,-24.979390218613,-2.30686914018824,-3.36560545229307
77.5510204081633,-29.1679603500456,-25.9418898099304,-1.98586009572565,-1.54810110093661
78.5714285714286,-32.3329374361739,-29.3390425525699,-1.45794838212068,-1.65584919046646
79.5918367346939,-34.1271634096165,-33.0049432315327,-1.4344145886091,-1.74428911049928
80.6122448979592,-38.3816500726652,-35.1705523037412,-0.366752466379728,-1.99713709203578
81.6326530612245,-40.1492462504318,-38.6671863652803,-0.619142883704756,-0.426650876984124
82.6530612244898,-42.4027024342417,-42.3455017203871,-0.521767132519112,-0.680249596044564
83.6734693877551,-44.4738664739807,-44.938366215692,0.0468097967958034,-0.123430453096127
84.6938775510204,-48.3355937402785,-46.9240371016325,-0.0647688112461699,1.42594128528234
85.7142857142857,-51.6302642329592,-50.0763631465588,0.266142363651378,0.622161810772744
86.734693877551,-52.6735096939468,-52.5231997004858,2.20635161058918,1.01383141816045
87.7551020408163,-56.8728790900368,-53.071796673402,2.62464932729798,1.65217095621137
88.7755102040816,-58.4772825150891,-56.1561075184399,2.46611206173595,1.76548245393012
89.7959183673469,-59.5699598823857,-57.5452267731959,1.94356970905114,2.73159766301211
90.8163265306122,-61.3397460415793,-60.8788293271515,2.25497656504335,3.86759320791207
91.8367346938776,-62.8344181529228,-62.1776481612029,3.15673817107116,3.21912617458679
92.8571428571429,-65.7259970283941,-64.3809618285967,3.87343142244176,5.10844652852318
93.8775510204082,-66.5475204888624,-63.0760968249725,5.25203943345192,5.20220328544388
94.8979591836735,-67.1786400703275,-64.5033921205199,6.46550391893942,5.90557150133137
95.9183673469388,-68.0169453513788,-67.8611482905962,5.7891775008311,6.77385385165064
96.9387755102041,-66.2715299303885,-65.8519739099793,6.6555786758828,6.27655948080285
97.9591836734694,-68.5032797094992,-67.4195609498453,7.59597795294069,6.19907378323811
98.9795918367347,-68.4739252496295,-65.8262003985605,7.02907948895288,5.67448825584337
0,-46.0225911767363,-55.6149221013412,11.4187388647621,5.75320300251299
1.03092783505155,-46.2226255146785,-54.545806119479,8.44765139257487,3.9741838939534
2.06185567010309,-46.0208603977912,-56.2767389606702,8.28307449304654,3.50430515602901
3.09278350515464,-44.9248396378821,-53.772565939333,8.80131392568287,4.69257473885432
4.12371134020619,-43.3036296824514,-52.5301202791521,9.37906399655541,6.2632223777583
5.15463917525773,-43.1744020749179,-49.0800532154377,13.4209295406774,8.41415875861551
6.18556701030928,-41.3806254880282,-46.7769402575689,18.005934080605,9.88534471269212
7.21649484536082,-38.8041907225031,-45.1725635749108,24.2731574858513,12.4785371527977
8.24742268041237,-35.458651926337,-42.7427239613588,29.2404902046031,15.7892817334686
9.27835051546392,-35.3046297727534,-41.5836929353744,34.7934933344717,19.556922679631
10.3092783505155,-34.482296977117,-40.0709267869613,37.7076495883466,21.0954548355723
11.340206185567,-31.0916727987263,-38.7135214890894,40.4050841206724,21.8811303595436
12.3711340206186,-28.0836586133285,-36.6037981612365,41.2432388603811,23.7245789157291
13.4020618556701,-28.3803268712715,-36.5317598473146,42.077631916656,25.9747127377319
14.4329896907216,-23.7900385583401,-32.7621574000497,43.1436446918406,27.9627603846231
15.4639175257732,-20.4047310606942,-31.9770673028477,45.0340563093576,29.6703041110406
16.4948453608247,-20.1578080162599,-27.7999515426621,44.6261323851883,32.1271507733775
17.5257731958763,-17.1462236033752,-26.8286831127176,46.5033979834736,32.8557040899003
18.5567010309278,-13.8288570063879,-25.313388477152,45.8222642669763,34.4631145286873
19.5876288659794,-12.0537514093789,-23.9835260169089,45.8382383163838,34.9058592012828
20.6185567010309,-11.4525468195926,-21.1151325889241,45.2071523862688,35.1226567697077
21.6494845360825,-7.37880961326134,-18.9177275956004,43.3310158454576,35.1423372968535
22.680412371134,-4.34977249370808,-13.6871065730047,41.6240406597354,35.5049320070497
23.7113402061856,-1.81839112007508,-13.7675910805701,39.5185560139944,35.9108173703135
24.7422680412371,1.39759921936002,-10.4842640531276,37.0868963554114,34.7470708608805
25.7731958762887,0.560959219164912,-8.11130302992257,33.5704885436568,34.4205543769671
26.8041237113402,5.73241783798391,-6.15248992367006,32.3533843556762,31.3407056779406
27.8350515463917,9.91407909912118,-2.14548207173131,29.3183232865945,27.2745577352891
28.8659793814433,11.228131282257,0.470859164032976,27.1968674473988,25.0565309836443
29.8969072164948,15.3801916761772,-0.645880025525126,25.5960304402674,21.8884171557354
30.9278350515464,15.2276328705859,5.1570789559069,21.5402411709416,17.348169320184
31.9587628865979,20.0503007336594,6.44717582061252,18.5058933380166,14.4997703412888
32.9896907216495,22.3053510612634,9.82629203997521,13.453604779284,10.0826316490101
34.020618556701,25.415274167211,12.3153993405679,8.42379621072748,6.16564607144257
35.0515463917526,26.9600674685153,14.155908741894,6.24768833556253,3.1070196109055
36.0824742268041,27.1881744569118,16.2136232281576,3.07260842266668,1.19455978062062
37.1134020618557,30.272513495896,15.065575712838,1.80394521340436,0.265989524796794
38.1443298969072,28.2791549439324,16.6446417462714,0.580542320433884,-0.40181573085111
39.1752577319588,31.856035238758,17.8701671515317,-0.838876586631065,-1.36551987749614
40.2061855670103,32.363772745993,21.1601324365571,-1.64582459997704,-2.79189402623836
41.2371134020619,35.1285916272599,24.4441501101622,-2.17750780409095,-2.60253318223561
42.2680412371134,36.1567647344833,24.0238615252308,-0.867984191208236,-1.69495552721831
43.2989690721649,35.6187328082337,27.8308684805012,1.00333329458376,-2.18394673576475
44.3298969072165,36.3085088659514,28.2743005294861,-1.07997331750956,-2.05292637507739
45.360824742268,33.7217513168543,29.6364654392986,-1.81112725635554,-0.116612221790203
46.3917525773196,31.5204378986511,31.3528282067098,-1.1608144542331,-2.47132831066318
47.4226804123711,36.1629561985059,30.838529459191,-0.426327390781338,-2.18430791044296
48.4536082474227,33.2833884293996,32.1094348255797,-1.3865282714506,-2.26269380130889
49.4845360824742,36.6612879718496,31.1204725413417,-1.74439131283981,-1.56811390660757
50.5154639175258,34.1495593525626,31.7314391129435,-1.01983704287767,-1.92395047589245
51.5463917525773,34.7206031224906,30.449456191013,-0.410457785445348,-1.63274281149976
52.5773195876289,34.6704509215266,30.2599345263943,0.0115789265431826,-1.49703784698477
53.6082474226804,34.6327878206164,29.0939891931642,0.182863970408619,-1.32315158498783
54.6391752577319,32.530128781666,26.8574920392663,0.553871387568789,-1.85260190074241
55.6701030927835,31.5159204263092,27.5384285010103,-0.246057377309278,-0.50082706556567
56.701030927835,30.2463325489528,25.1261473151223,-0.932648628190813,-1.07227446861534
57.7319587628866,25.2828034027355,26.1034691319531,-0.877568152853203,-0.34285420971915
58.7628865979381,24.771419297421,24.8033536926573,0.375474731343032,-0.528811408690653
59.7938144329897,25.0504271645458,22.9011365628196,-0.0576561650150182,-0.774430811611199
60.8247422680412,21.8906072977836,20.9694099098368,0.450859561862674,-0.75281719210654
61.8556701030928,20.6468399955864,20.0657968815753,0.314648314959621,-1.61114281829512
62.8865979381443,19.4866350230908,17.7075991366115,0.0793964474986721,-1.89093659445818
63.9175257731959,18.3873693437189,17.2914290528161,0.773862384815611,-2.64503313080612
64.9484536082474,16.362254594366,15.8044457389663,-0.231948338886504,-2.29785584143093
65.979381443299,16.6900426309827,14.8878873140846,0.259032052604714,-1.62725011257938
67.0103092783505,13.9766348800051,13.4696041186954,0.132661233517612,-1.1834909876727
68.041237113402,14.1286027372692,8.38797314108127,-0.35250055910784,-1.78927207250211
69.0721649484536,9.06014228175318,7.47030136013035,-0.0689396042825739,-0.174275869977428
70.1030927835051,8.19860663362014,5.94602973134885,0.088091505796942,-0.577126151482769
71.1340206185567,6.1620191442893,3.90330047869828,-0.367728415915386,-1.8644235573037
72.1649484536082,3.18584567100932,2.3527283911094,-1.35644819521528,-1.57670818959857
73.1958762886598,3.91627510080292,0.412208127323931,-0.321151781135593,-0.776831031006327
74.2268041237113,2.29902169305379,-0.920742349184258,-1.26727190106653,-0.92900052001383
75.2577319587629,-0.376975074938586,-2.91804163003255,-1.18505858132237,-0.256006055706396
76.2886597938144,-3.76174230171608,-5.47251237468804,-1.6183296142786,-0.151305379579421
77.319587628866,-2.80649505432799,-8.2217721416459,-0.563731093548214,-0.552018202105588
78.3505154639175,-6.39112180182303,-9.95259846655347,-1.17257076191552,0.197259098943541
79.3814432989691,-8.86092736706521,-13.4975106359828,-0.0566449996612385,-1.06088753473793
80.4123711340206,-12.4550025037113,-13.2651899581716,0.190153414459801,-0.900558475183465
81.4432989690722,-12.7212429982398,-17.2764651618389,0.823294222918203,-0.869258071374308
82.4742268041237,-16.6289196020558,-19.3164639792321,0.722576043220286,-1.64548726388891
83.5051546391752,-17.911078910145,-23.8620158453402,0.776214905643994,-1.37413526217994
84.5360824742268,-18.5357492857466,-24.5242346004871,0.572920271298397,-0.915595578649002
85.5670103092783,-20.5663643059399,-25.1885541933043,0.970018456369033,0.539894775546929
86.5979381443299,-22.4797427300275,-29.0207207943269,0.388315603732822,0.442372726859076
87.6288659793814,-23.299743809982,-32.5037460852391,0.581217173410404,1.81850623566107
88.659793814433,-24.747432021929,-36.6963072725529,0.75130817172856,1.047094905047
89.6907216494845,-29.1193326816371,-41.9843269717583,2.4554993124642,1.45238958415905
90.7216494845361,-34.583375779909,-42.3183673722147,2.07925652411921,1.04764843998695
91.7525773195876,-37.5889423322729,-46.8758114065894,2.54961922346413,1.51689991652191
92.7835051546392,-42.380146864754,-52.1668192939322,3.08630316349091,5.58189360415358
93.8144329896907,-45.6227243732941,-52.269212146635,6.20718217074964,5.00377964361813
94.8453608247423,-44.9355249456212,-53.477062463804,6.97090333347998,7.16859299816646
95.8762886597938,-46.7611375317278,-54.3599866208789,8.05191864953322,5.70258779316791
96.9072164948454,-48.5837107032537,-55.5772513156249,9.44021403762408,5.8463311520271
97.9381443298969,-47.0304519214524,-55.9110151330694,8.28112373403921,6.39558300394428
98.9690721649484,-48.3711988537338,-55.9107848117958,8.12639098044049,6.80957375001093
0,-62.1697670433923,-57.9264660538706,7.74962437534449,6.91048578050028
1.03092783505155,-60.6602226825392,-60.3686827735374,8.33924037377449,6.15401114040522
2.06185567010309,-61.0090832253215,-57.9306518363851,8.54724224316884,6.0844564864829
3.09278350515464,-59.3914738057347,-57.4525897419659,8.64073451609203,7.4458303033345
4.12371134020619,-58.3590010130754,-56.5660301108233,9.43004936253631,7.79220485837159
5.15463917525773,-56.5558828920834,-55.4028520646197,13.2565579516809,8.81135184811146
6.18556701030928,-52.7700601507579,-54.3171279610394,18.6185843147503,11.417465361159
7.21649484536082,-51.6206941351617,-52.7522331532572,23.6785242217727,14.2239775537365
8.24742268041237,-51.0374666690123,-48.7912116189885,28.4336564086859,19.3416397759076
9.27835051546392,-46.6556614204228,-50.6245269916628,31.5372708842875,23.5980369186269
10.3092783505155,-46.9461683040986,-47.9282609379314,34.8836453193547,27.4859230185737
11.340206185567,-45.5194450603017,-46.1822424337057,36.7871063220895,30.0977963379154
12.3711340206186,-42.5321205569544,-44.3599958259342,37.4921650974733,31.0767394108736
13.4020618556701,-40.0523591480725,-42.2735607588043,40.6898330857352,33.0317856641256
14.4329896907216,-40.5202922628424,-41.6438073261135,43.3698344301421,33.5292533098618
15.4639175257732,-37.8017451223057,-39.8955758041758,45.7811787346945,36.8170026527481
16.4948453608247,-33.9669791846298,-36.7363480619169,48.1345416614005,39.2533072957605
17.5257731958763,-31.6934342806973,-34.1900271801095,49.5002889367757,42.4581467184924
18.5567010309278,-29.1239608501374,-33.0969781183974,50.164431228771,45.0989088438069
19.5876288659794,-27.0801441713628,-30.5838547098444,51.3756695363093,46.5265888697587
20.6185567010309,-24.0317874572198,-29.3917784476226,52.6183503246091,46.9860607211793
21.6494845360825,-22.8017475562678,-27.5381185047913,52.4127798741256,47.3375380080304
22.680412371134,-20.2696215800223,-24.370494902593,50.9989342614073,47.0111525660234
23.7113402061856,-18.2752912451025,-19.9469255148936,51.0850070266428,46.3632937991792
24.7422680412371,-16.8493842851216,-18.6595977757982,48.8459669953168,45.7650510678547
25.7731958762887,-14.5874250409782,-16.4148009857452,46.9784121609627,43.7604134588393
26.8041237113402,-12.0437859927375,-13.6257840271153,44.1867649999673,42.3644060228252
27.8350515463917,-7.0263663693762,-9.63152415042959,41.5575075206132,39.9254215546912
28.8659793814433,-5.7474669947561,-8.55043308595075,37.8441779821413,36.3824206250329
29.8969072164948,-3.58931398545749,-4.48072627317647,34.1326570593511,34.1655107343917
30.9278350515464,-0.114461755745389,-2.15053732715883,30.3803633323637,31.9834810953277
31.9587628865979,0.0204135588691834,1.81623230318738,26.877516313614,30.21907048087
32.9896907216495,4.70309383323611,5.91595849658801,23.5275141626431,26.7862101442472
34.020618556701,9.17275661660542,6.80920142505773,19.5555784959522,23.725082418911
35.0515463917526,13.0859150949413,9.91367024276708,15.5566880521347,22.3406412398543
36.0824742268041,12.6747082065553,13.4353555839803,11.6838244279731,18.0684835542354
37.1134020618557,15.7042333778582,15.6335309302863,8.3057192673987,14.6497081118867
38.1443298969072,18.6736359714701,15.5197847608378,6.18694354935767,10.1029663359015
39.1752577319588,22.5077358080544,20.875671524711,3.90717903252949,7.68866517386991
40.2061855670103,22.3736143580017,19.931515029525,1.96547539025504,3.34415248411658
41.2371134020619,25.288597522093,24.2616829166526,1.92773220125876,3.69039818898406
42.2680412371134,26.3466915243552,25.170371427651,1.50371764762372,3.27847891314976
43.2989690721649,28.8255311510527,30.2046578209223,-1.09031093107086,3.3365730446655
44.3298969072165,32.419637757322,29.1814539790594,-2.49394223508293,1.42266763543479
45.360824742268,33.5356174854419,32.9919806217721,-3.37891830208389,-0.563262739066854
46.3917525773196,34.9358243582429,33.9579628562418,-2.02593632901907,-1.55002332310278
47.4226804123711,35.62508606209,36.191132110772,0.0490688255111646,-1.59977350730062
48.4536082474227,36.5132848851515,38.301156541952,-0.306200264206302,-2.1030938801629
49.4845360824742,36.0578036796255,37.2976692901835,-0.236307218841126,-1.24235495356132
50.5154639175258,37.1374454441674,35.4904318836201,-1.08271540676609,-0.986516225247198
51.5463917525773,33.3703558215528,37.4056694884274,-0.816422155859873,-2.23887888721853
52.5773195876289,32.114642244447,34.6808966986039,-2.44568691298625,-1.67124810505309
53.6082474226804,33.484900539735,35.7467494547308,-0.607200042851559,-1.8182950559494
54.6391752577319,30.7603294620044,35.7554673176539,-1.14372813916177,-1.21629541917746
55.6701030927835,28.0345035744671,34.2962425487677,-2.23686595625635,-1.05864351476689
56.701030927835,25.4882785218764,34.4005502903255,-1.73493131788879,-0.893039222370513
57.7319587628866,22.9085759375764,29.7104905506774,-2.23178069085474,-0.650305774035427
58.7628865979381,20.8753216461937,30.0750043662152,-1.46866671659119,-0.430175822567449
59.7938144329897,18.9419216334165,28.2156125446385,-1.54683362712334,-2.38848125877555
60.8247422680412,19.9167586737648,25.4014333974815,-0.880561975200308,-2.73618213794134
61.8556701030928,17.2650957211828,25.9550451957513,-1.79121968982473,-0.858522911536785
62.8865979381443,16.5292562596876,19.5548948160244,-1.18445657807694,-1.37275415348572
63.9175257731959,14.2953846608355,19.3885779554412,-0.600764035171788,-1.53680511985796
64.9484536082474,10.5192996542827,16.9068934728682,-0.117343916428897,-1.14983855543515
65.979381443299,10.7286327220303,16.5347895634422,-1.56844086271907,-0.65372829783985
67.0103092783505,9.83555936141487,12.1151955062009,-0.910572583406738,-0.265876554086925
68.041237113402,7.33480477285362,10.255256423045,-1.18509303594691,-0.75662555760846
69.0721649484536,5.85651324504647,7.31057797059594,0.0933566087189153,-0.671250039363897
70.1030927835051,3.13728189003026,4.45849376829773,-1.92024582659754,-1.2447015142403
71.1340206185567,0.643004613647803,3.15269763741887,0.187656532460358,-1.15031123134418
72.1649484536082,-1.92157910698285,2.87203886095908,-1.90857498854364,-0.416571469210426
73.1958762886598,-4.29108220807181,0.625479661764308,-1.6327979492017,-0.0786026932620486
74.2268041237113,-5.37807499422913,0.0514761239270587,-0.557891313584872,-1.03483229392407
75.2577319587629,-9.72582153819775,-3.74075705951033,-2.09449805202673,0.171528684550843
76.2886597938144,-10.8110563050441,-6.99186513346403,-1.62076409134088,0.0407918203236433
77.319587628866,-13.8629251748316,-11.2707076108925,-0.102756001617948,-0.182561908731785
78.3505154639175,-16.6125356959785,-13.544239649342,-0.403639890466936,1.11096322331636
79.3814432989691,-19.9503293898246,-16.6864234805784,-0.114103687828789,0.81695894070302
80.4123711340206,-22.8240856080421,-18.227932723962,-0.936280822090063,0.13469146376216
81.4432989690722,-23.9043753209014,-22.201369663829,-0.703057833658838,0.0813697217246183
82.4742268041237,-26.519207299983,-24.2448312281091,-1.11775105429573,0.356907184630658
83.5051546391752,-29.9005973785311,-29.0257182716207,-0.780651244468146,0.65329706317702
84.5360824742268,-33.3330286863802,-28.5582077684632,-0.108170332828961,0.589515940070443
85.5670103092783,-36.2404290018326,-30.9663325064357,-0.0721590938184747,1.31580220093073
86.5979381443299,-39.1523785115791,-37.9387292335817,0.693551012973636,1.24016463978261
87.6288659793814,-42.291771591401,-41.0959800741586,2.05567372912338,2.41211302231021
88.659793814433,-44.0971754822577,-44.9880016858094,2.7290457682819,2.23025373134632
89.6907216494845,-48.9880324270036,-47.7472856305887,3.93954241904538,3.13811952110034
90.7216494845361,-51.3055591589157,-49.0553543255344,3.25020685513654,3.40340995760199
91.7525773195876,-51.2976973582211,-49.7293713157582,2.21009074807136,3.59301195140075
92.7835051546392,-54.7999341323855,-52.1996184516944,3.58421659946635,5.12917460113749
93.8144329896907,-55.5922037251558,-54.7014974724359,4.2079860145097,4.66860650621398
94.8453608247423,-57.963710390957,-54.2119278090441,3.44550431773074,4.02502611246796
95.8762886597938,-59.6967200729134,-57.2089611706288,5.45810342293923,4.35139790287562
96.9072164948454,-60.8023137827393,-57.9631885078545,6.03454033552997,6.13895422272427
97.9381443298969,-62.486074674513,-58.704774700737,6.51652332024507,6.26120874343101
98.9690721649484,-63.3135842020277,-60.6822049148497,7.38786144228955,5.7550225310456
0,-52.2096997587023,-57.7238424977033,6.70642419892855,8.23781433465656
1.01010101010101,-51.5879823826233,-55.4195341196449,7.87422876207841,6.73993653809159
2.02020202020202,-51.3369381334362,-55.081663088895,8.25931737947844,8.67798181145572
3.03030303030303,-53.4471202180889,-56.8845577562659,8.15523692346055,9.05501340098514
4.04040404040404,-51.5179624923544,-53.8088147080395,7.69072261498389,8.32396120875249
5.05050505050505,-51.4523644621483,-55.9479456225457,6.91319689352676,8.42111031132702
6.06060606060606,-48.7368602094115,-52.9749640715296,7.88132725988088,8.62445129660627
7.07070707070707,-47.027298771181,-50.1066582076335,8.82003216267004,10.4916920529876
8.08080808080808,-47.2264031734852,-49.9559664320085,10.7047928575935,12.435912849042
9.09090909090909,-42.5022269080603,-47.1243707958009,14.3707010192991,15.311587945409
10.1010101010101,-40.948009242341,-48.1216100394683,15.9618270276842,17.4065610504553
11.1111111111111,-38.2026209466864,-43.2095111020115,18.1156087186336,20.5948467487259
12.1212121212121,-38.3514853769446,-42.9066567744569,19.7585147062412,22.7823617662358
13.1313131313131,-35.8497880965957,-42.365118993922,21.7640457016841,25.8223044582031
14.1414141414141,-34.141956998252,-39.7771896843562,24.3278352429216,29.2651531065162
15.1515151515152,-30.6388006897146,-37.020313961173,27.2301382691771,31.4142122111667
16.1616161616162,-31.3609979225389,-36.0289501518006,29.4725666001047,35.163514388914
17.1717171717172,-27.0006631915349,-35.0405818271253,33.3116594218214,36.7585267489401
18.1818181818182,-26.2605605051961,-31.8544843791745,33.8257330503732,39.8304008366723
19.1919191919192,-21.4348897200764,-28.8715077430312,35.3188899228508,40.570127279704
20.2020202020202,-21.5608226282749,-26.7115208413434,35.9940140884439,42.3182300268045
21.2121212121212,-20.2243554248218,-25.7333051914726,35.7392934706558,43.0840194494549
22.2222222222222,-18.4686025759207,-20.2821089623111,37.7486404042731,43.3721702426308
23.2323232323232,-15.6487293361576,-20.1329562673367,37.7957437814174,43.9783057730048
24.2424242424242,-15.4217168705171,-18.262245124355,37.5286339105127,43.7075524804666
25.2525252525253,-9.87020491760481,-16.5263337648189,38.3041083672583,43.994557264428
26.2626262626263,-8.70730505361493,-13.2281299661642,39.4960497254302,42.5592829883608
27.2727272727273,-5.88753808991819,-10.1390102956707,37.7231949423034,40.8883430502757
28.2828282828283,-4.64242892152633,-7.83279602438468,38.6066190009784,39.4728832584079
29.2929292929293,-1.68960659014506,-7.16495017040089,36.9895320041527,37.202155781927
30.3030303030303,0.623091840262166,-3.94572128089506,35.9046126477705,34.8153203612262
31.3131313131313,2.99670660806066,0.140456849849988,35.6445369360061,33.2070407249854
32.3232323232323,4.23959062968698,2.90528822262846,34.6354067581059,30.3514222233257
33.3333333333333,9.87204944043038,4.34684988221036,32.3962700202126,29.396556037475
34.3434343434343,11.4728738592249,7.66142303196927,31.1128400409274,26.9076664061091
35.3535353535354,13.5629417937686,10.5022300707782,28.971778293456,23.1426738472809
36.3636363636364,17.1617708342355,14.18532673527,27.5971351533307,22.1937098689354
37.3737373737374,18.1043137187883,14.6725117002829,25.2079574706349,20.1764483018569
38.3838383838384,22.5643341109787,17.6278229609442,20.9994666859363,18.5887190536101
39.3939393939394,24.3931626342817,21.1725920600052,17.8777011307358,17.1746584304957
40.4040404040404,27.3962522204887,23.7214260234158,15.3706017255858,14.9136130347159
41.4141414141414,30.6642533417973,25.1191530234634,11.6601846861944,12.5821047445027
42.4242424242424,33.895593315855,30.204632018575,8.61915396900197,10.8294698864086
43.4343434343434,36.5006283157278,29.4829112630449,5.84567826725836,8.78382136287471
44.4444444444444,37.6972645326303,32.1290606272655,3.74239975600469,6.24764449380456
45.4545454545455,39.4521959041383,35.2348177618442,1.31740327343745,4.9176426624422
46.4646464646465,42.029280679637,34.8401295577871,2.03708501129339,3.18062652154706
47.4747474747475,42.3212772623264,36.4310478517702,-2.20094542914699,1.0999935965198
48.4848484848485,41.9618103714899,37.5614610627454,-2.54205944962117,0.390088537518544
49.4949494949495,44.1500086514125,37.6943685565247,-2.96114476787661,-1.10708235889825
50.5050505050505,41.7864152194617,40.3389916862563,-2.34886666054649,-3.66507132815305
51.5151515151515,41.9863405882698,40.5170942189742,-3.57068563666395,-4.34058680288847
52.5252525252525,40.098628747257,40.6430146183458,-4.64780632104395,-5.10768476675367
53.5353535353535,39.7955911408202,39.4288586110255,-6.18520239034338,-4.48108904134545
54.5454545454545,35.6784641863731,36.1115403725765,-4.78131967736867,-4.86997456373027
55.5555555555556,35.2067029346234,35.4529527922254,-2.70727092028835,-5.26458833624872
56.5656565656566,34.1781708871521,34.0223309188005,-2.13611015635933,-1.95239648685851
57.5757575757576,32.6581324970218,33.1156331838463,-2.54198037310208,-1.26360562200514
58.5858585858586,29.8405211103932,32.0911170278627,-1.12267199644189,-2.16167288183883
59.5959595959596,26.902508232255,27.9920051853136,-1.39262314865876,-2.39939478173354
60.6060606060606,24.857903848644,26.4348265618875,-0.968108403694498,-2.44613352409828
61.6161616161616,20.9718161322061,24.8019339584943,-0.977326334293055,-1.5497697945037
62.6262626262626,17.8423196862202,23.6209300340561,-2.61187760575087,-2.46930648540332
63.6363636363636,16.727078399018,21.4696611930826,-2.05982862667958,-1.6246913565523
64.6464646464647,14.519648668478,17.0961366046915,-1.19156555915798,-1.73018599387054
65.6565656565657,11.7691818577363,15.6244261822534,-0.345556421639899,-2.37886681998892
66.6666666666667,10.7606892680575,11.2193749276152,-0.569059531127747,-1.64561918695036
67.6767676767677,8.8526913061444,10.6838079204051,-0.28708861005465,-1.43078235947277
68.6868686868687,4.58968791848522,7.09831409908327,0.773948469121161,-0.272745814010289
69.6969696969697,3.19111393359876,3.43969020252482,-0.945671625656084,0.258498808472799
70.7070707070707,-1.15612008761479,-1.36108071691864,-0.298748507150234,-0.929575275079732
71.7171717171717,-1.20321213500763,-3.7844236269232,0.0671907323129972,-0.29501054827349
72.7272727272727,-1.60460917118922,-5.25760852316361,0.369653777239345,0.280225995342013
73.7373737373737,-6.87996304562463,-10.0635671392959,0.363864275338356,0.995629707808758
74.7474747474748,-9.17785814303833,-11.9602142306874,-0.372516237704734,0.167870071701012
75.7575757575758,-11.7169831033434,-12.4272546844928,0.510551344853883,0.556407036073608
76.7676767676768,-13.9203686682271,-16.4384425561865,-0.0196063659941872,0.624413650985298
77.7777777777778,-13.9341101640124,-19.1852095226933,-1.33611809894264,-0.153596534870557
78.7878787878788,-18.811888493104,-20.7154806590578,-1.12159464942647,1.00522180895561
79.7979797979798,-17.8646484938516,-23.5934808385981,-0.233318612397949,0.792965592193494
80.8080808080808,-20.9969814039772,-24.2736305401727,-1.26055560970767,-0.117485243928138
81.8181818181818,-24.1778139980247,-26.2465301908037,-1.29006971012533,-0.29910709581877
82.8282828282828,-26.7955540850806,-28.5640662358948,-1.09412002635983,0.941026954387986
83.8383838383838,-29.6516260965147,-29.2078727179238,0.22748302404511,0.413579138432623
84.8484848484849,-28.661179951623,-32.5126460486277,-0.221184091731135,-0.10494650181638
85.8585858585859,-31.8203400763695,-36.1542593381771,0.476826906977165,0.983981729057786
86.8686868686869,-35.4732140328713,-38.046370763878,0.84565808498546,1.13464640436095
87.8787878787879,-35.8624947043287,-41.234846838848,1.62744651668973,2.10359919587317
88.8888888888889,-39.707142624908,-41.3339071463613,0.804157098838999,3.01452040823235
89.8989898989899,-42.5198492715571,-43.9070656682413,1.88980698873785,2.57972244260449
90.9090909090909,-40.7008169574193,-46.6637880157414,2.49271782032847,2.11937702149778
91.9191919191919,-45.65982056905,-47.7460283175382,1.6752848552001,1.72983282148516
92.9292929292929,-47.8987992876762,-50.1249759295397,3.68516459307482,4.00680949227386
93.939393939394,-48.4634573833828,-53.5179076046894,3.69531439693665,5.63747018802451
94.949494949495,-49.4523730956096,-55.2131733978957,4.99381725549822,7.54517756310108
95.959595959596,-50.7386551585571,-55.5641160927284,5.09938809526468,6.7374716763091
96.969696969697,-52.7979664640772,-55.8606764741681,6.2224784526145,6.97850261952611
97.979797979798,-52.9721873766607,-55.8609696257248,6.62369439628371,7.69892973090356
98.989898989899,-52.6844475199416,-55.5591002394943,6.71987253337863,7.81188069980754
0,-61.681565764532,-63.667609553735,6.25806117425143,5.32606751262261
1.03092783505155,-62.0274269050621,-64.4018711361223,5.71932662516863,4.48929225667204
2.06185567010309,-60.954477190258,-64.1038836321196,5.10911417486762,5.83746159783041
3.09278350515464,-60.7465329776859,-62.4996459206994,6.14917157394073,4.80271460013212
4.12371134020619,-61.3416706274381,-61.7904541082392,6.50385158863371,5.71768874542181
5.15463917525773,-56.6880060882419,-59.3203622901808,6.86870116821879,7.756821150953
6.18556701030928,-54.1740268136265,-58.5365371096901,9.45323757206901,11.6585337263736
7.21649484536082,-54.4856504537628,-56.1572536385245,13.4783643474814,15.6310325294299
8.24742268041237,-51.0887852076232,-55.5369259784015,19.9645926813762,19.3784095933775
9.27835051546392,-51.2035844793518,-52.0520315282238,25.6309116909504,22.2943114086595
10.3092783505155,-49.5350769429459,-51.6775228276327,29.6395669085131,25.3035350551214
11.340206185567,-46.9289130107988,-50.5774193057238,32.207177660862,26.6422551723489
12.3711340206186,-45.4092851809304,-48.1182466029435,36.1349660500902,29.2213579217381
13.4020618556701,-46.4430274769944,-45.0112205854134,36.459637649285,32.3627464537719
14.4329896907216,-41.8106290828257,-45.5602295483906,39.2034780690855,34.7550120994001
15.4639175257732,-41.2643170334518,-42.1811631980211,41.8686004997197,37.1910799723949
16.4948453608247,-39.7559573495907,-38.3488331255628,43.9400882801793,40.4832202218918
17.5257731958763,-36.4029994065725,-38.5767434098797,48.3382019128548,42.3927588698865
18.5567010309278,-34.1953669306139,-35.807964390776,49.5578450269568,46.0971947028553
19.5876288659794,-33.3604353918976,-34.0953450929652,51.2509960298282,49.2362815787298
20.6185567010309,-29.8173840026525,-30.2389471351097,53.2581730612311,52.1832735852095
21.6494845360825,-26.393767306992,-27.2436598446095,54.0704545515957,53.7445991832413
22.680412371134,-24.768193769306,-24.7026919777689,52.8293958525672,54.1501764399914
23.7113402061856,-24.3357668618222,-22.2194917048631,52.8184875720437,53.9028041213451
24.7422680412371,-21.8433425368353,-19.5355060830839,52.2210885194217,53.5306912883708
25.7731958762887,-20.6531156578879,-18.3267244227345,51.2507245148445,52.0250677887859
26.8041237113402,-16.673021880059,-12.2500530074222,51.1946901026837,49.8256856535585
27.8350515463917,-14.2682683497629,-11.7579169559692,51.1904506164387,47.9896838222447
28.8659793814433,-10.7437307188836,-9.44821163307813,49.7255112472613,44.6386168804774
29.8969072164948,-9.64474334915829,-5.60620547889702,49.0555811070906,42.2658918729006
30.9278350515464,-5.85892142806786,-4.52267346177278,45.8669926429474,37.9577920464539
31.9587628865979,-4.4500141089733,-0.0419761592129877,41.6793371792748,32.5202140238722
32.9896907216495,0.192978057364638,1.93321384338783,38.1923197605519,27.7895492136713
34.020618556701,3.34523648365845,4.96154311684973,34.7502075026808,24.204844754932
35.0515463917526,5.00827443436133,6.53611179335282,31.1960996567118,21.0137692660369
36.0824742268041,8.90451033835064,9.91728906322186,28.1363915460764,19.165836686346
37.1134020618557,10.6146040218952,15.4581095805381,23.9811367036747,17.5488117529095
38.1443298969072,15.3482219754622,14.872004035562,21.989431837443,16.8907801801659
39.1752577319588,18.3091795552931,18.7750315057042,18.567054641387,13.7295127311574
40.2061855670103,19.6268013070811,21.3889203756272,15.9202089840783,12.5298963565067
41.2371134020619,24.2968461828034,22.6178475066539,13.4396738971459,10.6050563659318
42.2680412371134,29.0940071813787,25.8015675571412,11.0847345046679,7.46183296192916
43.2989690721649,27.1964760517402,27.4468978032557,9.71154099573556,6.95715531303045
44.3298969072165,29.6721702085837,28.6971644925888,6.50151202903738,3.45121553301378
45.360824742268,32.0515666848087,30.8536821443898,3.97735073874559,1.94736583451643
46.3917525773196,34.2686607440239,34.7419379607556,1.47761349287997,1.2011024718092
47.4226804123711,38.1902968065379,33.8591282796894,1.24537377145256,0.501653174772198
48.4536082474227,38.5274998258051,36.3146282621306,0.33304493084937,-1.6422552855789
49.4845360824742,37.51367877724,37.5237331093903,-1.93315681027424,-3.02731452336186
50.5154639175258,39.6264954627403,35.9169529069635,-4.21700078245568,-2.65061851041429
51.5463917525773,39.6427112733973,39.5797267179165,-5.34555068649121,-3.90127999600559
52.5773195876289,38.8110756665444,36.8585053809603,-4.61961637588842,-5.41709522410317
53.6082474226804,37.2240828451695,41.0266433503312,-4.58500007624308,-4.6367513986722
54.6391752577319,39.6138235759006,38.6410415335564,-3.58376579709509,-4.23889468576195
55.6701030927835,36.5520236432877,40.171875391285,-4.09675714770056,-3.84633322072864
56.701030927835,35.6104121764223,38.2773695606023,-3.81587375726284,-3.98696552171662
57.7319587628866,36.4469051466098,36.7442111206557,-3.96514362504108,-3.10741375132497
58.7628865979381,33.7618460010447,37.6472396290773,-3.95345814868089,-3.72910072627197
59.7938144329897,32.065782693935,34.6645833974549,-4.25363615225402,-3.49051694643221
60.8247422680412,30.5129829001294,33.1262797732786,-3.9628057376039,-3.97359312262696
61.8556701030928,30.0504147724178,32.2208785867844,-3.35374804622012,-4.69377018411849
62.8865979381443,25.8855476299571,28.6881118886202,-3.87624427088409,-4.11698808772434
63.9175257731959,24.2351792415007,26.8657080531319,-2.92884647331365,-3.11409172670854
64.9484536082474,25.0482051732169,28.3260389042694,-4.03607869620616,-3.65726774136647
65.979381443299,22.6937707580199,23.8522277835681,-2.8296319492405,-4.92343763865042
67.0103092783505,16.3793139414598,20.1736234855895,-3.74148506964787,-4.00317032956816
68.041237113402,14.3627134285318,19.2965251932202,-2.84475874946436,-3.92688125779322
69.0721649484536,12.7543417787297,16.0639859636018,-2.9905806313382,-3.49238857598901
70.1030927835051,9.26109721046774,14.3153691459299,-3.26315040706927,-3.55276729431996
71.1340206185567,7.08117900688305,10.8364298656257,-3.17518981276774,-2.85109945228908
72.1649484536082,1.98822369919235,8.39641943572029,-2.44540990362621,-3.99002912090294
73.1958762886598,-0.978573212833585,4.16655976036114,-2.38304114208653,-3.53619757796085
74.2268041237113,-2.87783788638637,1.5423133338822,-4.22023206996429,-3.94820084349497
75.2577319587629,-5.46992774560807,-2.37153867068315,-3.91243519862905,-4.0535425195873
76.2886597938144,-7.78277894822102,-6.14866032924523,-2.24561103153168,-4.22779190801195
77.319587628866,-10.8485490658407,-7.98240618529701,-2.50001077400293,-3.05691909300895
78.3505154639175,-11.4773119710598,-11.6275562950779,-3.07910956913352,-2.47456441427868
79.3814432989691,-15.1296473567135,-14.9872961259861,-3.18819030492041,-2.44793688099362
80.4123711340206,-20.3296424232437,-19.6123420995344,-2.46293958750402,-1.92079764026679
81.4432989690722,-22.9851426883934,-21.5616166648735,-2.0078196272655,-1.92812800779024
82.4742268041237,-26.384929371263,-26.9848177254449,-2.40793506784847,-2.33556752669624
83.5051546391752,-29.9068936718326,-30.6103342573159,-2.65611404238806,-1.30093129975053
84.5360824742268,-31.7924475816921,-33.3633413480797,-1.83344677979152,-1.27066700189603
85.5670103092783,-34.7147333245214,-35.9965541520211,-2.6934092031507,-1.51677577290177
86.5979381443299,-38.2142271472813,-40.6667952421587,-0.57237807390705,-0.196250258674618
87.6288659793814,-41.6887058491174,-45.429331996431,0.432529725327728,1.01757877492068
88.659793814433,-44.149547650319,-48.4757044721541,0.358288148999753,1.39849531298692
89.6907216494845,-47.6641691105894,-51.1492653732127,0.321139161337657,1.1179924768284
90.7216494845361,-49.5694584908692,-53.4232306478333,0.815014821313683,1.9248062348966
91.7525773195876,-52.8040921336562,-56.9282580465771,1.0380045437638,1.90200601419766
92.7835051546392,-52.9267537815358,-59.6274302655514,2.73766128392408,1.14135684674879
93.8144329896907,-56.3964108400305,-59.3130167845482,2.83948889421022,2.6507055062497
94.8453608247423,-57.5487008785948,-62.6097931523811,3.31566263998278,3.75643495359364
95.8762886597938,-58.8395068550527,-64.050443288024,4.48277780931976,4.30847976436733
96.9072164948454,-60.0531380843628,-64.4076013227289,6.60313785036357,4.31559297308564
97.9381443298969,-60.9519075990452,-65.3422740901409,7.1692137047676,4.82790349358398
98.9690721649484,-60.6816280009281,-65.2007129007679,7.80285490414553,4.84619997061711
0,-68.9799779655576,-67.4107365544193,6.73583982259313,6.07026173141761
1.01010101010101,-67.928037731723,-66.8156451039368,8.18072330011858,6.37874434786608
2.02020202020202,-70.1502606949433,-68.2204295256731,7.76970419306074,6.08845837855378
3.03030303030303,-67.6422393876231,-66.8166735254431,9.59238024178664,6.39539599357657
4.04040404040404,-66.0368377869084,-64.6945622141925,12.2517824362836,7.75191175673525
5.05050505050505,-67.3397978238302,-64.9052795876411,15.0386217830983,9.36385529771792
6.06060606060606,-62.4781279826197,-62.1676067349114,17.8978189025044,12.5643103014236
7.07070707070707,-62.6039537778088,-60.7026710168658,21.8896002703425,14.8504130142257
8.08080808080808,-61.4523589722956,-61.7616862364176,25.2483505253331,18.6417119556619
9.09090909090909,-59.2082393195168,-56.5879115209045,28.5012109475633,20.6466107892903
10.1010101010101,-57.8310265040963,-56.3683368187256,28.8716801500812,23.8559803408853
11.1111111111111,-57.375154699784,-54.1272977504133,31.962741195921,25.4955188957779
12.1212121212121,-54.9681310659752,-53.5788298083437,34.7522200621628,29.3110044786518
13.1313131313131,-52.5578767486731,-53.1257389402643,36.5798215332177,30.6570084415337
14.1414141414141,-51.8124152526538,-50.1231914999843,38.6818706854722,32.1782981302278
15.1515151515152,-49.2056322354218,-50.0588554974023,40.1915471749532,34.3752056925226
16.1616161616162,-49.5629969337547,-48.118758238667,42.7863992822356,35.9518578174474
17.1717171717172,-46.2282168784856,-46.6331374819285,43.4495558722003,38.4185001130855
18.1818181818182,-44.262802820816,-44.3855964071803,45.7951871840606,39.9310110627482
19.1919191919192,-42.9949938455731,-42.9089129232253,48.0403546836933,42.1062648186207
20.2020202020202,-41.5625969832681,-38.761861019986,48.6553123938596,42.7456271154157
21.2121212121212,-40.2751520634814,-37.2057749287904,49.0481408651998,42.4645607290691
22.2222222222222,-35.1136936162855,-35.7031511531044,48.7750471304108,41.1588639683845
23.2323232323232,-36.2845396578598,-34.5251981869277,47.2746931877793,40.6751510818874
24.2424242424242,-35.1457691917723,-31.9070192115719,46.1094921723271,39.8287499525042
25.2525252525253,-31.8474664905893,-30.6721726114009,43.8023938689277,38.8154500664211
26.2626262626263,-31.3645927370108,-26.335894645174,40.928608648453,37.8842951688919
27.2727272727273,-28.7319935936857,-26.2958134954359,38.7971314022473,37.4394115988664
28.2828282828283,-24.9870028921395,-24.0375757311832,35.6514106389501,36.1780564381484
29.2929292929293,-21.959996513743,-21.7968079661915,33.7148691636295,34.7502320415507
30.3030303030303,-20.1310853639082,-19.8637601753666,31.7411822979113,33.8704748529035
31.3131313131313,-20.0810466062821,-14.565982652567,29.0125986461131,31.2631221193036
32.3232323232323,-16.9203804834411,-13.3202881073066,26.6185808927097,29.2474256049531
33.3333333333333,-14.8594971525631,-11.4029776663986,24.612902876428,26.8182021460471
34.3434343434343,-13.7448238699631,-7.87963215114773,22.6965437768112,24.6175945482674
35.3535353535354,-9.43660987017864,-6.55479237243211,20.7153521077279,22.1541257626595
36.3636363636364,-6.77672041052324,-3.82290843160404,18.7736009921319,19.5595544453008
37.3737373737374,-4.56664233704745,-0.0841597633390885,16.0167356573656,16.5023145331579
38.3838383838384,-2.0675422051487,2.42590824456723,12.4866920507859,15.0131680706774
39.3939393939394,-0.314454324597954,4.71924748684146,9.36783890065208,12.8778766417426
40.4040404040404,4.06987542630345,7.96193830696174,7.14347538658616,8.64881690031884
41.4141414141414,7.40899921355567,10.9839614349873,4.61380067182915,4.80727676630624
42.4242424242424,9.17412336526716,14.7446309800652,2.96500339899865,2.95169768266187
43.4343434343434,9.4301326972971,14.2428490044815,1.60572553377895,0.817208662563721
44.4444444444444,9.46496601947607,16.4409235988285,0.953095341460473,-0.017607085823767
45.4545454545455,10.8512104006407,16.9417095297256,1.22721684595407,0.280923255304466
46.4646464646465,12.4168773175107,19.7139108019515,-0.551695225304819,-0.192077162559946
47.4747474747475,12.720970883921,20.3878047103893,-0.362843395448181,-0.970774330581839
48.4848484848485,19.561864329186,20.9555042522626,-2.12246886612247,-3.10620436910652
49.4949494949495,21.5257858618088,22.1396006919316,-3.61133954778507,-4.76202510871202
50.5050505050505,21.0548872732266,24.6861374719945,-3.77087393591547,-4.31116921445349
51.5151515151515,22.5368368119838,26.7149969193922,-5.77417463815175,-4.46509094318363
52.5252525252525,20.848620407608,25.1665069757588,-4.67822859378643,-3.18326489381998
53.5353535353535,20.6830034085455,23.8899137887721,-4.1408345437145,-5.60986445208186
54.5454545454545,21.9148861856852,25.4119464411946,-4.22503717699575,-4.79714479422221
55.5555555555556,21.3609784044325,25.8481289405322,-4.44884765471102,-4.28984807569319
56.5656565656566,20.5332886288655,22.573535775213,-3.84795951476014,-3.60220353372979
57.5757575757576,19.7965410715985,20.9589537350115,-3.77043214080988,-4.9671533006082
58.5858585858586,18.9552154487191,20.0705594090075,-3.82911248158674,-3.99708014690252
59.5959595959596,15.4616937326955,20.1465105079023,-3.16358936884736,-3.5624330536594
60.6060606060606,14.7763392720502,17.3696428031497,-2.63881571971827,-3.19671099820294
61.6161616161616,10.946036915107,16.7605615649444,-2.76968012583326,-3.41354007040519
62.6262626262626,8.89911802253338,15.5213757722479,-1.42007735133067,-3.72013545531739
63.6363636363636,8.41807383626064,12.1296879101293,-2.03382849562212,-4.30780441482853
64.6464646464647,4.47656417604388,11.355962282865,-2.505171931301,-3.92116526555212
65.6565656565657,3.46497660695923,7.10089798797648,-2.10436199160778,-2.96629786478629
66.6666666666667,0.8891266582912,3.66503211701328,-1.79646697835449,-2.78649424383972
67.6767676767677,-0.0177049995354666,1.7131236986672,-1.71091378864294,-2.97712003386608
68.6868686868687,-3.75166338585617,-0.113313252356565,-1.99529925446816,-2.63089229896022
69.6969696969697,-6.24869451204985,-3.87765917764709,-1.64583159035907,-2.90123977559261
70.7070707070707,-9.76695515866606,-4.19652850648598,-1.49103069727284,-3.13373547672768
71.7171717171717,-13.2125930620917,-7.8094788627899,-2.05343905656921,-2.38954539938912
72.7272727272727,-15.2983868594824,-10.3367541138947,-1.80344418585543,-2.96712613465614
73.7373737373737,-19.7321049372908,-14.0521270306919,-1.81301520609819,-2.57166082932544
74.7474747474748,-21.274136491023,-17.2365097207271,-1.62396265569481,-3.0908393985243
75.7575757575758,-25.0304478208213,-20.3321539808775,-1.44239613676365,-2.86661322300792
76.7676767676768,-26.8682216989297,-24.048109390137,-2.416756083662,-2.60017714350844
77.7777777777778,-29.9199175729682,-27.6280623662159,-2.94592448931738,-0.89633058599258
78.7878787878788,-31.8597691835386,-29.5653459066388,-1.96345655862866,-1.71005056876925
79.7979797979798,-36.0999603838173,-32.1076715795596,-0.992341781795771,-1.80587503805112
80.8080808080808,-38.8518327518185,-35.8892965717207,-0.87830893790248,-1.56878392223568
81.8181818181818,-40.7878562116676,-38.7854591306603,-0.810186698389078,-0.993357285375012
82.8282828282828,-44.526657749564,-42.3144794394604,0.194309878997271,0.0434668500745211
83.8383838383838,-47.1233509193744,-45.6791956842478,0.812603222989775,0.788255090078588
84.8484848484849,-48.6514557588223,-47.8815860400176,0.559126037466914,0.795121212206441
85.8585858585859,-50.0697073929101,-50.8199588634244,1.98599674341671,1.24413932472158
86.8686868686869,-54.593165131632,-52.3146515199482,1.71343319454263,0.983538644025863
87.8787878787879,-56.4159039566649,-53.2294914262824,2.70766357886058,1.7792338165633
88.8888888888889,-59.8891710103366,-58.0887753792688,2.10645315824145,3.38947488527322
89.8989898989899,-59.4619144795043,-60.1247029448838,2.09949083401309,3.59313244993643
90.9090909090909,-60.2272067857416,-61.1899949292296,1.92507231827437,4.57345536538888
91.9191919191919,-63.8344855114439,-62.3460739917642,2.67278124997405,4.4212414358671
92.9292929292929,-64.9309721168404,-65.4303613924323,4.14202619630673,3.4393791052731
93.939393939394,-65.1619272518975,-64.3359969902459,5.43153641175235,4.94026073459887
94.949494949495,-65.4535969888058,-64.5719736452599,5.29520135737603,6.10493388212775
95.959595959596,-67.0376820471871,-65.25960237202,6.54732812025057,5.71110707384843
96.969696969697,-67.966727552552,-67.0159222681357,6.59758274878221,6.41107077585936
97.979797979798,-65.8087728139732,-66.7075280865935,7.41592128882757,4.90895907161453
98.989898989899,-67.9316190952258,-66.0985329306574,6.82852935205161,6.32607535485185
0,-61.5345096730724,-66.8476049168608,5.88635926477566,5.11831314627485
1.03092783505155,-60.0152049914191,-65.9832340461952,4.64735723545705,5.17681850809472
2.06185567010309,-59.3975487418004,-65.8754955689567,4.37910891831092,4.36080260467165
3.09278350515464,-59.3156908932852,-64.6380692782404,4.55422810302492,4.1640830174518
4.12371134020619,-57.2584240904258,-64.8305562760863,4.21274561539879,4.69293300319963
5.15463917525773,-55.2676368661586,-62.7528189704375,4.57946938481212,6.70130840481753
6.18556701030928,-55.8907510199203,-62.219764221384,5.92128732829788,8.37990531767034
7.21649484536082,-52.9609657244294,-58.2873290083249,8.0419160640652,13.1116031912638
8.24742268041237,-52.600317330965,-58.1663609770479,11.2772323025162,17.6941448508845
9.27835051546392,-49.4055786497919,-55.5743002784736,14.855158364144,22.0385889829586
10.3092783505155,-49.0573767658727,-53.9441093864397,19.308946241691,25.4975478724457
11.340206185567,-47.0987954396872,-49.8249955591725,21.1451333655869,28.2975752022213
12.3711340206186,-44.5675303116265,-49.1141212778629,24.8473014118821,29.7746715197911
13.4020618556701,-41.6887440276012,-47.3019719078769,27.3957118173268,32.7512691902668
14.4329896907216,-41.5363154607069,-44.9021656113752,32.3490447041921,35.3904444740749
15.4639175257732,-39.7336410410018,-43.9243221680526,35.0171351694975,39.4072849983233
16.4948453608247,-37.6216145263327,-40.1515941452083,39.3153734726148,43.4253153945649
17.5257731958763,-33.0754295742063,-38.5599857996643,41.8892637190669,45.8864937937889
18.5567010309278,-31.7013375856947,-39.053120963554,44.4095881797779,49.7097058687328
19.5876288659794,-30.601789706319,-32.9015487850404,46.7372069984512,52.485552064988
20.6185567010309,-30.0890179646632,-33.7369014544553,49.9149644972071,53.1462827906537
21.6494845360825,-26.2345835207726,-29.8164685709521,49.9563270226026,53.7704023484404
22.680412371134,-23.6189472533163,-25.4420637780272,51.4854230597108,54.3143445788481
23.7113402061856,-23.1912671398818,-25.2472715852265,52.6767657099094,54.8230756170157
24.7422680412371,-20.0373932344085,-20.8463276708015,51.6585782886005,53.8821600132768
25.7731958762887,-18.2585194113429,-16.900910853086,49.6693163067946,50.949216390962
26.8041237113402,-17.6554144869656,-15.1360638386153,47.183026547015,49.1804139008053
27.8350515463917,-12.5831138424536,-11.6201608064157,44.8778661388646,45.7259027589397
28.8659793814433,-10.3293602181755,-7.87428881863755,41.8234251877921,41.3820176339839
29.8969072164948,-6.80977130162771,-3.70909263535936,38.4381091971483,37.4997983097202
30.9278350515464,-3.85265085386891,-3.31361690268677,36.5882408589764,33.6394542491242
31.9587628865979,-1.70185882766624,-1.22860567992387,34.1166706214964,31.1308611890252
32.9896907216495,1.72110522627021,1.97097025249763,31.9763195146306,29.0918684517398
34.020618556701,3.86453877308686,5.59771629015974,29.2618276079523,26.8044414576645
35.0515463917526,6.34841552654797,7.38437569256409,26.2322497724158,25.5270046597737
36.0824742268041,10.4292808357122,12.2975896878724,22.4889824852578,22.3963492963087
37.1134020618557,14.5154392660129,14.8391032709738,20.7510387186198,21.5722619948932
38.1443298969072,15.6041398113165,17.042660869867,17.7341192806863,18.7410154003245
39.1752577319588,18.3774840798696,18.7301554245439,14.7295065915005,15.3324121075651
40.2061855670103,21.3144493534901,22.9287649872435,11.1942979326372,13.0766462967462
41.2371134020619,24.6614396534934,25.123256344493,9.07411618535759,9.72473807055394
42.2680412371134,27.5463492815585,26.3990772639132,5.66888674939826,6.71221187888474
43.2989690721649,30.2210221333796,29.7295112148962,3.35257155246776,5.21227886991787
44.3298969072165,32.3025984518857,31.2949044612801,2.22700017348832,3.14308139391791
45.360824742268,35.3815924091346,33.5368194018846,0.11242813160878,1.880887470946
46.3917525773196,36.6760582740435,36.9699020413734,-0.751178747054061,0.291587497486864
47.4226804123711,37.6549589781405,35.2826400867788,-1.83572131505449,-1.49387086116554
48.4536082474227,38.621882689274,37.7643846366032,-3.43493556886092,-5.02507484018611
49.4845360824742,40.5961369944141,39.2503742929367,-3.92810602147152,-5.35422732215032
50.5154639175258,39.6630515366762,37.469490150437,-4.40751528600955,-5.33050783658591
51.5463917525773,40.5092016093803,38.5175503632362,-3.12222476531408,-4.94068584879061
52.5773195876289,41.6199687243388,34.9559332774894,-2.930128652997,-5.13983442587042
53.6082474226804,42.8167163365769,34.7734705663995,-3.28962484581549,-4.55546303721138
54.6391752577319,39.3893869465438,37.475212922038,-2.38809031812891,-3.8390811743649
55.6701030927835,41.3888608768128,37.2181005566801,-2.69007635198867,-2.89465326542582
56.701030927835,38.1786782057706,36.78655301401,-2.64733915924415,-2.97904416977509
57.7319587628866,38.5724715205302,36.8928028400431,-3.01132493127047,-4.2083057905002
58.7628865979381,36.4304983965147,34.9326254702707,-2.92118656612954,-2.55555088057947
59.7938144329897,34.8085754191247,34.7560555806745,-3.24958826404227,-4.53441596176969
60.8247422680412,32.1928594992987,32.749528652798,-2.35576058924669,-3.81460907695607
61.8556701030928,32.2679039235752,33.7628636411432,-2.86639727515332,-4.48410567657816
62.8865979381443,31.5170361614572,31.5512677493296,-3.74902931945608,-4.14427828942085
63.9175257731959,29.1344886645213,29.2124119898112,-3.22894053714262,-4.58420712297206
64.9484536082474,25.2481745062776,28.0493766054883,-2.95090947547683,-4.79335596014002
65.979381443299,23.5037992779801,25.5140684726232,-3.68937446733861,-3.94956029436141
67.0103092783505,21.4492606146566,21.9021186680363,-4.1149358385467,-3.96185519683985
68.041237113402,20.9240551915875,19.8377049721178,-3.51659963753521,-4.33956873767776
69.0721649484536,15.9573112051481,17.4181522486901,-2.84242645765734,-4.07002918476217
70.1030927835051,15.7824739879158,15.8957973621053,-3.09915236342878,-3.73773372484368
71.1340206185567,11.2712754089687,13.0605616603686,-3.51111613089663,-4.06177916577422
72.1649484536082,9.110532053926,10.2317135591849,-3.51734697617005,-4.05147120704157
73.1958762886598,6.13897505955147,7.93259706487954,-3.42397321142435,-3.69187866023689
74.2268041237113,1.62251250195148,2.809081499348,-2.41058059631212,-4.71982438855073
75.2577319587629,0.197997625249517,2.52928605276607,-2.75660045863835,-3.81601656250374
76.2886597938144,-4.18929267056755,-3.08497650066851,-3.56828248835142,-3.17816179850306
77.319587628866,-4.94075719890399,-5.51653656646821,-3.12313755034629,-3.5305015093244
78.3505154639175,-9.69100709383599,-10.5837244662212,-3.27804211286337,-3.00085801072242
79.3814432989691,-11.6592619260053,-14.8257436569213,-3.63908790131441,-2.50818913908366
80.4123711340206,-17.0708397459068,-16.9521611615264,-2.99127018048133,-2.96344570674923
81.4432989690722,-19.8046854520131,-21.3742058703875,-2.67387261977207,-3.50433331613195
82.4742268041237,-24.1933428481979,-24.5036079331146,-3.22232924232773,-1.91104593135554
83.5051546391752,-29.3459899637604,-26.8951982707071,-2.1216929380769,-2.29030443043553
84.5360824742268,-31.9138935663651,-30.3610391988467,-1.22821893450201,-2.0287760772692
85.5670103092783,-35.1623630724349,-34.3340255646973,-0.98482029454932,-0.885164445940767
86.5979381443299,-39.1941194280901,-38.4455500950863,-0.963344641528509,-0.241770211032069
87.6288659793814,-40.315123560681,-43.7758346106854,-0.784447630552065,-0.144767356097638
88.659793814433,-43.622515158696,-46.07123451361,-0.714742380173458,0.597691939426968
89.6907216494845,-47.2409298716411,-51.052063053494,0.451835771736215,0.705379550099402
90.7216494845361,-49.3832253957381,-52.7192403984121,-0.157321693536149,-0.0723506240815438
91.7525773195876,-53.7523043767915,-55.2368313968606,0.840711187880534,1.59073438738562
92.7835051546392,-54.7922155163957,-59.0047274972438,2.46201915422245,1.48584409226852
93.8144329896907,-57.0563849692557,-59.7685086966333,3.14339407891101,2.79795233682241
94.8453608247423,-58.7030873452607,-62.6548558747641,3.33725240221811,4.7277883898305
95.8762886597938,-60.018273674355,-63.2141125805752,5.09420836983977,4.92027553465096
96.9072164948454,-60.3108073117006,-64.7273911852809,6.12150427037447,5.48277159652456
97.9381443298969,-61.0932449528035,-65.1545254450125,7.16907485739123,5.19981401000397
98.9690721649484,-63.6622019310076,-65.3481756275035,7.90081648785081,5.26839335139473
0,-59.1184837994922,-57.1580937697523,8.59806253475024,6.83238877535348
1.02040816326531,-60.5458464701353,-55.8232405154807,9.26200972496828,4.40133169862302
2.04081632653061,-58.9148102168701,-56.8964581631534,9.07363879773433,4.91929981120177
3.06122448979592,-58.8188128793976,-55.5741309743255,9.05268193362782,5.04728264798963
4.08163265306122,-56.480065082393,-53.0548033794298,10.1385688988706,7.64306401432486
5.10204081632653,-56.8545890938107,-52.2172374143966,11.6047634231488,10.221880778618
6.12244897959184,-51.248006150067,-50.7908233564343,16.2450746547917,14.6547919345112
7.14285714285714,-52.8399412134335,-48.426412398531,20.5986343621725,16.2495128949312
8.16326530612245,-51.6235222995493,-50.0905691231403,22.976807233799,17.651683609901
9.18367346938776,-48.4563392366031,-45.1571625639792,24.4779766112025,19.0325408237971
10.2040816326531,-46.3899331602817,-43.2311097099566,25.4906400527746,19.5859140897944
11.2244897959184,-45.2296872834723,-41.6580027260532,26.6995054001311,20.9667357276878
12.2448979591837,-44.8712112005582,-41.965519065798,24.4920000102718,21.5471914863372
13.265306122449,-41.5624382493451,-40.415166338906,24.2900767493184,22.1765009846897
14.2857142857143,-41.1609470828016,-37.2417535046837,24.834543461077,21.9509279865187
15.3061224489796,-38.6763197951674,-38.2998664602016,25.8364858756431,23.3142264977923
16.3265306122449,-36.148061918572,-36.1279680804021,26.8990189861755,24.7202716806851
17.3469387755102,-33.8859232368972,-34.0396634014773,28.1296898903726,26.1371513003824
18.3673469387755,-33.0420654300309,-31.2188100760878,28.7394325781111,27.8193046682946
19.3877551020408,-30.8719337036702,-28.0457934148796,27.3988046607009,28.1286520833878
20.4081632653061,-30.439846085343,-27.2963960627292,28.1312806259262,29.6712344437108
21.4285714285714,-28.4888274210682,-25.4758805816287,28.1203891631035,29.027324235793
22.4489795918367,-26.4243834151374,-24.7821950284401,27.2795279880083,29.345111399256
23.469387755102,-24.6394250393227,-20.4887343559233,27.9298772355848,28.2187585772098
24.4897959183673,-23.6607777370136,-17.8671563104555,28.6315754624092,27.6660098011654
25.5102040816327,-20.5842978504455,-17.5924302362179,27.931138150053,26.7924927941425
26.530612244898,-17.909789035943,-15.4691903745029,26.973368519559,25.7346808926878
27.5510204081633,-14.8391464551442,-13.5768843488044,24.9773273962176,25.0826352425527
28.5714285714286,-12.8114878303992,-9.27239886715536,23.3958650665902,24.3300160647786
29.5918367346939,-10.3005968235949,-7.87239309318465,20.8916086880622,22.36096456327
30.6122448979592,-7.20045595564468,-7.49443299147535,18.5284930322798,20.0718182670298
31.6326530612245,-5.5125587160848,-3.64350822890789,16.0373149842679,18.1830048085722
32.6530612244898,-4.74236864571255,-2.0509535831452,15.1438147321127,16.6342334049688
33.6734693877551,-2.39728979849509,3.04686743965964,13.7830235695286,15.216689363639
34.6938775510204,0.00334436646237773,3.24591020694006,13.4620837245859,13.8931072262222
35.7142857142857,2.281817701065,6.07994035176732,11.8053222191387,12.106711109417
36.734693877551,4.55661800286086,7.53949642965379,11.4629737426369,11.6068519399859
37.7551020408163,8.99192128166988,9.02056590582503,9.41166830487335,11.1616288590299
38.7755102040816,9.39921292773155,12.4347007898544,7.47169909732078,8.33005371827592
39.7959183673469,12.2338905308626,13.2434442514143,8.46766092437484,7.02436219231589
40.8163265306122,13.2412405391737,19.0211959997188,8.16980024520835,4.9319991962575
41.8367346938776,17.4674986529632,16.9505712715495,6.19664660439678,2.75407172558146
42.8571428571429,20.2338287769798,20.8782295637202,4.13830656230156,2.80839324956149
43.8775510204082,21.5338281841306,22.6921771063576,3.48819758908323,2.24154573649865
44.8979591836735,21.7174818562916,24.3456887052224,2.35626305613749,1.35989210019789
45.9183673469388,22.4170619340615,24.0970013774995,0.911746108061109,0.521598810355294
46.9387755102041,24.4411702408034,27.3664833606934,1.04160698558259,-0.0402245023209888
47.9591836734694,25.3266116432993,28.1730456811304,1.45810724451343,-0.914509030349956
48.9795918367347,25.5540035832462,27.6612455844125,-0.933930049152118,-0.463723529175975
50,27.4398109149806,29.9228000267668,-3.34146555660783,-2.00403280120698
51.0204081632653,30.5673353561226,30.9780462375417,-3.58655604020594,-2.54744171132734
52.0408163265306,31.512451796672,30.7723520405075,-4.46365961159606,-3.70724035446766
53.0612244897959,32.5326959207377,33.1888560727435,-5.01922133691285,-2.46954223319622
54.0816326530612,33.0736068487876,33.1711453339668,-5.58867402490474,-4.72338547773245
55.1020408163265,31.7357180692293,33.4436903305692,-6.52428956684309,-6.33458772244812
56.1224489795918,30.3003718307503,32.4865611485303,-5.27104370497538,-6.67128957393389
57.1428571428571,28.7900957028888,32.6216972340958,-4.94218280834166,-5.68726356630915
58.1632653061224,24.6522356612801,30.2811968226193,-3.95341738112353,-4.56928311432065
59.1836734693878,23.3023248697077,29.2133383747178,-4.31294794203063,-4.00225988126515
60.2040816326531,22.1154045550132,29.0124781339458,-3.67749880706407,-3.10730217887535
61.2244897959184,19.3997952260214,28.8854402358917,-2.68249157609024,-2.56264736367199
62.2448979591837,18.0758956205996,27.0193837889915,-2.07197069390281,-3.32503101934832
63.265306122449,16.2540152624,23.4384192247689,-2.06299846532656,-2.87201786031723
64.2857142857143,13.6908364913633,23.5420565734969,-2.10319627074905,-4.62319598017543
65.3061224489796,10.9601969012307,21.3719986489868,-2.04524399813632,-2.86102417531341
66.3265306122449,10.2803656245133,17.3680645046942,-2.13781116865355,-2.74843943608788
67.3469387755102,4.87048367112759,16.2115240748245,-1.64261133837079,-2.45107138178948
68.3673469387755,2.62846870344713,16.5233679918934,-1.55204859343834,-2.96035157694445
69.3877551020408,1.63519405329842,12.2694726797131,-2.03746060294465,-3.00100962393928
70.4081632653061,-0.622476697363888,8.49294820293031,-1.33058092528021,-2.61912970418948
71.4285714285714,-2.1267459248635,5.40190422806223,-2.4935744861133,-2.73229958384085
72.4489795918367,-5.36542077337148,3.46584713474748,-1.9668599531759,-2.45759230907415
73.469387755102,-6.52172875843389,0.905184379486392,-2.49614249260473,-2.25101692766657
74.4897959183673,-9.64365235401355,-2.1911172950012,-2.3380610170804,-3.15136883694563
75.5102040816327,-11.7512901471456,-6.15209042870132,-2.15858043914546,-1.38256623615844
76.530612244898,-15.4659916652134,-8.2204740788079,-2.17315889404048,-1.59422923433787
77.5510204081633,-15.9858499875885,-10.4636753824714,-2.29824713690213,-2.47943646062423
78.5714285714286,-19.3128660924825,-15.9763833980217,-2.35531249826845,-1.91479827417826
79.5918367346939,-21.2224360455008,-17.5410501117624,-2.0219931335242,-2.30209734542416
80.6122448979592,-24.9709245681935,-19.7397629258989,-2.42329109849781,-1.86559329704067
81.6326530612245,-25.7035975110567,-23.4517064629329,-2.17566558812025,-1.99407272276635
82.6530612244898,-28.7378176801583,-25.4049987040851,-3.45730768432594,-1.23631751175324
83.6734693877551,-31.7986774791126,-28.1689224449894,-1.8957734511417,-1.0621258060851
84.6938775510204,-34.2799547879502,-33.1423876814681,-0.934371615692888,-0.843444720719315
85.7142857142857,-36.5939997066034,-35.9812851145652,-0.3214779213814,0.788463316873723
86.734693877551,-38.0411376912434,-37.3482705114527,0.00147477341641816,1.14253066737138
87.7551020408163,-42.5533929611522,-41.5263737924641,0.414266347894719,1.31491403655802
88.7755102040816,-44.0700619886976,-44.8453703445729,1.72061743181474,1.77525241398172
89.7959183673469,-44.7627387819904,-48.1204308974048,1.97638065100978,2.96574131393826
90.8163265306122,-48.3643208518169,-48.9953556747291,2.28172713667675,3.26090015862695
91.8367346938776,-51.2710744265272,-50.7235942162997,3.96212073676808,3.36166898836806
92.8571428571429,-51.673501016192,-51.8916690488424,4.07653049172629,4.58408130244615
93.8775510204082,-52.6587252300743,-53.585207829171,2.17757502369767,2.31178442371508
94.8979591836735,-55.5241711274511,-54.4116886754315,4.42540786248171,3.50196786935613
95.9183673469388,-57.0485921728583,-55.4097895042584,6.6061690540881,5.44264777366431
96.9387755102041,-56.313904965426,-57.8339562174142,6.04957893399986,4.73627416734608
97.9591836734694,-58.2764981904153,-56.4792430733848,6.77251319311967,6.65885088103953
98.9795918367347,-58.7867424105926,-58.7337614938365,7.0497815979476,7.48351811832009
0,-63.8356414233679,-72.0644913500835,10.1196862449032,6.03558871596396
1.01010101010101,-59.7601302796739,-72.8958237015201,10.3617336200148,6.7140733022199
2.02020202020202,-61.7707668175065,-71.9818565882841,9.06836716631061,6.11515967908792
3.03030303030303,-59.8384645207443,-68.5825830873563,9.25894883326502,5.78052597718053
4.04040404040404,-58.8005436839579,-68.7563325195899,11.254340131549,4.76909535868238
5.05050505050505,-55.4141259505841,-67.6689723166166,10.7537655208916,6.69830747720832
6.06060606060606,-53.7982152934135,-64.1873468349632,15.4614862848088,8.26360285151137
7.07070707070707,-52.1433511570206,-63.4778734585586,19.4872009870677,13.1950221568245
8.08080808080808,-50.2666151451235,-63.2873402799672,23.4149759822126,15.7717852181395
9.09090909090909,-48.8332491488431,-62.56624825632,28.8978258709006,17.3922685185051
10.1010101010101,-47.741140020631,-58.9513605064274,32.7052980094759,19.4237576972154
11.1111111111111,-46.2596962370299,-59.1784716706017,37.2454758761802,20.8689027625857
12.1212121212121,-45.0717896275085,-55.0739491748863,38.5504423131498,22.8211920985187
13.1313131313131,-42.3655976091874,-54.0022129314797,40.5950125108175,24.0426821117567
14.1414141414141,-39.1380146534276,-55.7052187635869,42.1158164691399,25.9336268414987
15.1515151515152,-38.4404759671644,-52.6139474485303,43.4030195287241,29.2736657829119
16.1616161616162,-34.9373729549902,-50.0925850217617,44.0068764540706,32.5694045658962
17.1717171717172,-35.1020651185345,-48.8976803742514,44.8927980294397,34.4807633047701
18.1818181818182,-33.6116517481962,-45.1168171951963,45.9856633794079,38.2037107216643
19.1919191919192,-32.2498532042896,-42.6752211033385,45.7135200458429,40.0762806575267
20.2020202020202,-26.0695041526199,-40.8010574977451,46.5447757011979,42.0315804691307
21.2121212121212,-28.1668390232955,-38.402251173143,46.6251517883209,43.2024163806022
22.2222222222222,-24.8198942127033,-36.096960006835,46.4879857694607,43.9514951932817
23.2323232323232,-23.1419396225231,-32.4987918268636,44.1695226630771,43.8624626119046
24.2424242424242,-21.4325000761968,-32.7704483029972,41.0299348571187,43.9370380575534
25.2525252525253,-19.3432825745936,-28.5192986748275,38.8944542937739,43.4366651965407
26.2626262626263,-16.5037170583684,-25.8327463242883,35.8436752469934,43.1706631907743
27.2727272727273,-15.5148273345533,-23.1290367845108,33.4676029906132,41.2975110197465
28.2828282828283,-11.153506202085,-21.4014135915806,30.579241757848,39.079872388424
29.2929292929293,-10.2488372447756,-20.302162245227,29.557829712608,36.9446390692252
30.3030303030303,-7.63268178047844,-17.0736232592874,27.9239734020121,35.8959431541534
31.3131313131313,-3.43352644275655,-11.4837916949373,25.1970478269338,32.7298556618573
32.3232323232323,-0.313993046052382,-10.6925553538392,24.2068169507656,30.3210455614632
33.3333333333333,1.89248414703818,-8.55706148964545,22.390961206791,28.9206536757107
34.3434343434343,5.53288602060874,-4.82982039136377,21.4272146678515,26.9193899627423
35.3535353535354,7.36029274150871,-1.31801390210361,18.1730885656246,24.2321791265714
36.3636363636364,8.05803066357131,0.821394626498678,18.2828499560595,22.4838879269909
37.3737373737374,12.6232878861718,2.99252357257067,15.4538727953848,20.3446060268169
38.3838383838384,14.6159939299784,4.42949785822237,14.1314755608566,18.0169728049631
39.3939393939394,17.420088100522,9.24350414151264,10.8315900497739,15.2054107607096
40.4040404040404,20.6333399088836,11.0777368492824,8.0338518063427,12.4821109364877
41.4141414141414,22.8452964183565,11.4795151556768,5.24878373379133,8.10101427166557
42.4242424242424,25.6358849158981,16.0248253929392,2.99560331398911,4.93233813000034
43.4343434343434,22.731888788327,15.9880302909919,0.898187367339982,3.11305309093379
44.4444444444444,25.3257275954297,18.1208938892825,1.23794415357797,2.2079674085567
45.4545454545455,26.6780822323682,18.4305560028636,0.840738037608864,1.15582974178714
46.4646464646465,28.2634142608664,18.1715902410251,1.05849914212965,0.818448754658013
47.4747474747475,31.4357984130391,21.8753651873683,-0.475409908198417,0.184816326338599
48.4848484848485,32.7148757931151,22.9424936704773,0.739384578071547,-2.14543119916708
49.4949494949495,34.1316587870245,25.4360138146333,-1.39712595213833,-2.79653184440569
50.5050505050505,34.5826111274865,26.948437667944,-1.42168243782288,-1.09441654095772
51.5151515151515,33.327726998272,25.5323150336377,-1.36283384024401,-0.719128115174566
52.5252525252525,34.2022853834648,26.0977608131425,0.841227234618704,-5.07142349601424
53.5353535353535,32.940223108359,26.056449941912,-1.32587366843568,-2.9947086854611
54.5454545454545,31.7820266614354,26.8299085397721,-0.0880174588801745,-3.53608702754105
55.5555555555556,32.5956241279345,28.3143432803969,-0.40846821886291,-1.59966752533535
56.5656565656566,32.3902104934427,28.7318253746204,-2.21459580380058,0.144064975709854
57.5757575757576,32.1649832696331,28.9481487982652,-1.26659041553975,-1.46427417766243
58.5858585858586,30.8245918235832,26.2834831139891,-1.64926151951341,-0.911296420339145
59.5959595959596,29.8446604278456,25.8372845563206,-0.574780695192681,-2.19123841979008
60.6060606060606,28.0133525053774,25.632631916064,-1.68130747741187,-2.14303848418449
61.6161616161616,28.5866853023917,26.3183755263973,-3.17960944462317,-2.17871209877907
62.6262626262626,24.5765546568101,22.5636239430073,-1.90232164096781,-1.945572090592
63.6363636363636,25.9158703745835,20.3790215074656,-2.11421829420885,-2.12900851550809
64.6464646464647,22.4311131486727,20.6119126659369,-1.62061484116196,-2.0674386446988
65.6565656565657,22.30077332811,16.7413800109991,-0.814617004626548,-2.16367185419511
66.6666666666667,18.7107381913627,14.1223994736434,-0.847273554826146,-1.67968610299477
67.6767676767677,17.9656799327349,10.837076828751,-1.34014064710677,-0.994793418349995
68.6868686868687,13.0188778249679,9.42386636151775,-0.395016298612523,-1.60908550660008
69.6969696969697,12.6981418469837,6.17368106364392,-0.0877706020249739,-1.01152147501054
70.7070707070707,9.45877303038561,6.63982717184927,-0.0161429357208419,-1.37574326242033
71.7171717171717,8.76777309192244,3.17546122481957,-0.31229684360849,-1.24726843411792
72.7272727272727,4.07245912395433,-0.321171228576455,-0.713542612519637,-1.43069501219867
73.7373737373737,0.732213347208052,-3.33950119385009,-0.106622739922904,-0.933254549219167
74.7474747474748,-3.28152091913826,-5.79007550769613,-0.987392830303131,-0.544615691628333
75.7575757575758,-6.03063767443024,-10.8962866446225,-0.388150335110917,-0.524300668197982
76.7676767676768,-6.93896086151648,-14.1423342562315,-0.801470153115589,-0.398057523248497
77.7777777777778,-8.87074322049957,-16.2957336360845,-1.06658942178011,0.125148531772231
78.7878787878788,-13.9742222541156,-18.4268903258647,-0.864849353615681,-0.172174088577274
79.7979797979798,-17.2583232926585,-20.6411149053814,-0.571755953268705,0.168726236364103
80.8080808080808,-19.6490876892034,-26.7370403739436,-0.614790130285721,-0.0205812534526521
81.8181818181818,-18.811326844557,-29.8475507637338,-0.377647528890386,-0.249147547550758
82.8282828282828,-25.3171504696154,-30.6503549962199,-0.03026282682739,0.501105367635447
83.8383838383838,-27.4486769489471,-35.9290803104308,0.370943287329602,0.900506489510286
84.8484848484849,-30.7415128476609,-36.4554977286329,0.381985570283118,1.38650608004682
85.8585858585859,-33.2390200083042,-40.6587151258494,1.07007499018026,0.663186008074281
86.8686868686869,-36.1177891019306,-45.0916479944331,2.07648381292894,1.62317157098007
87.8787878787879,-38.2853702703287,-48.4501535967629,1.36601018556038,1.50723564644799
88.8888888888889,-43.3102562705571,-50.8818602296118,1.16487900154991,1.98815136770067
89.8989898989899,-43.0242240891867,-56.5388153444988,1.34694302966142,1.84608889137725
90.9090909090909,-47.7697652552237,-55.7521480064827,2.44347028158185,2.85917043856394
91.9191919191919,-47.5521056905874,-62.228230689444,3.20317371077318,3.07897478975094
92.9292929292929,-50.232958391806,-63.2320870062527,2.97000150297028,3.45391776909217
93.939393939394,-53.315508484622,-64.7338435435659,5.84279716735037,6.0687204694795
94.949494949495,-54.5011344508964,-65.1866136838358,7.02001026099637,6.61206015023163
95.959595959596,-56.3316781680858,-68.96550777048,7.7831699124329,7.82130594603472
96.969696969697,-56.063851606839,-70.799682199363,8.72923587534024,8.52161519420717
97.979797979798,-58.7160631390605,-71.0770013942999,9.83679224617607,8.77262209901344
98.989898989899,-60.0216861875542,-73.1868968437376,8.79431992464191,7.63826360527232
