"Normalised.Time","Stroke_GateAngle_1_sim_junior_08","Bow_GateAngle_1_sim_junior_08","Stroke_GateForceX_1_sim_junior_08","Bow_GateForceX_1_sim_junior_08"
0,-53.6938441988217,-57.6084958612601,5.96477536300799,5.99834335187358
0.99009900990099,-52.6080866933168,-53.9832100177578,5.40802040542197,6.41113184401805
1.98019801980198,-54.4825778545154,-55.5964787308497,5.26494138019225,6.7965460261624
2.97029702970297,-51.7024255973249,-53.2350309586044,5.98562040163136,6.55053547134815
3.96039603960396,-50.80650702013,-53.3138622755979,5.65154102500476,6.18555808594274
4.95049504950495,-50.3676077951399,-51.0354242572576,7.53948991450759,7.81009344056591
5.94059405940594,-50.1559360218963,-49.2075551781563,9.34854275564065,11.6366294494259
6.93069306930693,-49.2673521288793,-48.1630429691835,13.0539519404483,14.4056009636427
7.92079207920792,-45.5463429318246,-45.7410266504268,17.3115763974603,17.4571081464619
8.91089108910891,-44.4250446059306,-46.8123669306022,20.7024017071339,16.8376668571172
9.9009900990099,-41.1765940163823,-42.9987883473648,24.172299948507,17.811098765834
10.8910891089109,-39.3127845865386,-39.9338028500629,25.372366262397,19.3782809838619
11.8811881188119,-38.6381879049989,-41.2820072816269,26.3125497456187,19.80854271909
12.8712871287129,-37.6704578438706,-38.5762451682167,27.706979934872,20.8146558320117
13.8613861386139,-34.5925853851174,-37.1134595167358,28.8570135989677,20.6967077756425
14.8514851485149,-32.8697760917133,-35.3547798346856,30.3231973818294,21.0244221178389
15.8415841584158,-31.9184145904949,-35.0109146617404,32.2130967193331,21.7167203603464
16.8316831683168,-29.3936113791858,-32.2199010708842,33.9015979527256,21.8899108032922
17.8217821782178,-27.7611980017924,-32.9380962853654,33.7040709553664,23.0748432156541
18.8118811881188,-26.1990529769238,-27.8697794053841,34.8267030480825,23.4137649552517
19.8019801980198,-23.5236721410192,-25.5352436354939,34.7609055590769,24.6953957652708
20.7920792079208,-19.2676599518319,-25.0455227201448,34.7201712076814,25.0778912793166
21.7821782178218,-16.6632135539971,-22.4300025213886,34.176524517041,26.5115934147691
22.7722772277228,-14.8260707679354,-19.6751315331842,33.360187747748,27.2800295390431
23.7623762376238,-12.3701492497363,-19.9595906710308,33.3424406953775,27.4662707201522
24.7524752475248,-11.8767241312277,-14.7810598164119,32.5259687249448,26.7368948378725
25.7425742574257,-9.12390444747577,-13.0422801045031,30.1116740427692,26.4845249044316
26.7326732673267,-6.89648684132379,-10.5198654852299,28.6737742285919,26.3285943742132
27.7227722772277,-4.23984129212515,-7.81903045397033,27.2509833057871,25.442705842733
28.7128712871287,-1.09790174167027,-5.06250416909352,23.5566719812597,24.2204597042039
29.7029702970297,-0.469938753220645,-3.56424858519811,22.1338559119828,21.5184546331995
30.6930693069307,3.77361747612891,0.824606360434367,19.7568575864064,19.7209745738729
31.6831683168317,4.57146201620937,1.80496377808481,16.9173705709602,16.8603766859063
32.6732673267327,8.85491895040187,3.44507520801143,14.9556820359544,16.0199426487086
33.6633663366337,11.4398215494172,6.64288593120345,13.2382795663372,13.2777789110131
34.6534653465347,14.8163861596458,8.53213956341917,10.8723983867475,12.5031023648616
35.6435643564356,16.6494533982527,11.7733241830298,9.30148835458639,10.2431152557471
36.6336633663366,21.4137453237793,13.6306790522515,7.99683410242011,9.3922712323433
37.6237623762376,22.1884848315047,15.9480764513039,6.90536352817923,8.13711726520757
38.6138613861386,25.613265009054,19.1033240940744,4.67404284965788,5.47491128813191
39.6039603960396,26.6303322394177,21.1206388742246,3.36352448833586,4.84913977263971
40.5940594059406,28.1989488125225,24.6607922221293,1.84439648994096,3.64208114359481
41.5841584158416,29.4877369896444,24.9950090668946,-0.317509839600699,2.10047510318499
42.5742574257426,33.2012225200137,26.9937547715235,0.89237869910958,1.66025177809487
43.5643564356436,36.272051985118,30.3153010465072,-0.875307609752154,0.843911996236189
44.5544554455446,36.0956975665532,31.9541524909078,-1.35899383655792,-0.850432164991227
45.5445544554455,37.2642838952142,34.5290525536755,-0.320081038902371,-0.755991696373536
46.5346534653465,39.0846821496902,33.5103721164267,-1.89547976092806,-1.99419522037555
47.5247524752475,37.3598014089532,35.6469078325023,-1.53508476083064,-1.96393279968515
48.5148514851485,40.7076041709325,37.4191053954863,-3.08480773753379,-2.87209719371649
49.5049504950495,40.4080867945904,38.1265560014143,-4.27079983642539,-3.03086676632745
50.4950495049505,42.0627208947687,41.8444546274271,-5.10558700850447,-4.08961604655899
51.4851485148515,43.0112806067884,44.8972723700379,-5.7707437742117,-5.11976794896163
52.4752475247525,42.1015896696599,46.4603644523633,-5.68050707150879,-4.18056293521554
53.4653465346535,42.002309872368,47.6714494723245,-5.39768556414903,-4.75814509230131
54.4554455445545,43.9836892327133,46.5448388389056,-6.88275101989708,-7.31248167971488
55.4455445544554,43.5770545188975,46.5499677817457,-5.21867959646276,-8.63099581253056
56.4356435643564,41.916148298233,42.7541475418162,-4.92168845238658,-8.97552932834355
57.4257425742574,39.5191220410129,42.2032378278592,-4.86564467739357,-7.79173249981508
58.4158415841584,36.8928810328525,39.6911480487436,-5.25797230199011,-5.43201713477049
59.4059405940594,35.9540247372948,38.5221667028417,-4.72665229440683,-5.65618330791749
60.3960396039604,35.8537970046915,36.4883526381778,-4.15803172199618,-6.02762699509359
61.3861386138614,32.416998114903,34.4170330591396,-3.81903712425238,-5.44089718794137
62.3762376237624,29.441177621997,30.239896028301,-4.70774436933239,-5.49588660539463
63.3663366336634,29.1298825504576,28.4934413667929,-4.87340167237017,-4.46329705304386
64.3564356435644,26.0920619061924,30.0886238202273,-3.23404634398551,-4.11855580394977
65.3465346534653,24.1426133179332,28.5027518632906,-3.27570107167013,-4.63222879334817
66.3366336633663,19.4166103568092,26.7289730029784,-3.44506258704181,-4.69179959547596
67.3267326732673,20.7427637112512,24.564492013482,-4.18054083697772,-4.4086580725045
68.3168316831683,16.0791322544955,22.4883623183142,-3.07930343188421,-5.64304949533479
69.3069306930693,13.4358429743968,17.7705559416384,-4.39857598690011,-5.14042012817252
70.2970297029703,11.5964238627371,18.813944444084,-3.4904997535704,-5.33301392425136
71.2871287128713,11.2977318386724,15.0875564550488,-4.2780923006861,-4.90755669943801
72.2772277227723,6.68701995027171,12.3504427964347,-5.15550022730838,-3.99317832584193
73.2673267326733,3.52038258316727,7.58629963558702,-4.54156871483514,-3.82911700966032
74.2574257425743,2.32700801325768,6.28120637759729,-4.19812480573565,-3.26455861403927
75.2475247524752,-1.80586790453536,2.29810476481449,-3.56974019089504,-3.03169879415494
76.2376237623762,-4.27773923348535,0.578717607529892,-3.63880299448353,-3.58762697361586
77.2277227722772,-3.5498244306657,-2.83527329243094,-3.12930211099441,-3.59873880964266
78.2178217821782,-8.64871882534469,-5.73078727982493,-4.39933676925831,-3.60888830444354
79.2079207920792,-11.2364947796682,-9.40025629986476,-4.92070637703142,-4.09053619027925
80.1980198019802,-14.1286538723275,-12.4029263774622,-4.4268645433254,-3.80057100250406
81.1881188118812,-16.0354421242451,-13.8439212906452,-4.09187398091116,-3.97607409906384
82.1782178217822,-19.9554149414664,-17.2381649154369,-4.64412240815029,-4.75193244663711
83.1683168316832,-21.8178954367276,-19.5331044806842,-4.27717532002037,-3.29952817631036
84.1584158415842,-23.2484929558181,-22.5858487330814,-4.57663707483306,-3.90038560144125
85.1485148514851,-25.3357468370467,-24.9289355192662,-4.96355072582163,-3.34539994989988
86.1386138613861,-28.9992890053068,-28.2542895858433,-3.49897076997979,-1.71290954126931
87.1287128712871,-31.3084977885771,-32.100620751514,-2.82830839487407,-1.23611441188563
88.1188118811881,-34.3485636001217,-34.8196958724387,-1.20128101562564,-0.55887949503169
89.1089108910891,-38.8456726349543,-37.9031373423177,-1.05994317351283,-0.626020653969402
90.0990099009901,-41.3960010977769,-40.7187795406107,0.400571117836071,0.0916050024715513
91.0891089108911,-44.1294766154976,-41.2841548358946,0.300209101984589,0.158348225340408
92.0792079207921,-43.2949469251021,-45.6686296487824,0.633138405685806,1.6642723073661
93.0693069306931,-47.0563166000565,-46.1125619546182,0.833670299702633,0.815868861359836
94.0594059405941,-49.8633711464545,-48.5127844563745,-0.35479332902709,0.267461962153955
95.049504950495,-48.9988063543416,-51.5058131718201,1.78165242243961,1.98007514193509
96.039603960396,-51.0826469786185,-50.0917718909352,4.03894596020311,3.61651727489009
97.029702970297,-51.1955295121444,-51.5143880047066,3.47669674883311,2.75947646945799
98.019801980198,-51.8713560251053,-53.6322866498497,5.52165515311113,4.40742241247637
99.009900990099,-52.8019480581025,-53.9420012875138,5.90015917819228,5.2624029848902
0,-56.537520078757,-58.3591204614782,4.35881120653957,5.7836662437446
1,-57.0062503276533,-56.6991488826377,2.46938270582787,5.63907336237537
2,-56.3651403893502,-56.945721238424,2.4944610371056,7.01267772748696
3,-55.9854564262045,-57.5132742897888,3.0211836144093,8.44229085281811
4,-52.520142391479,-55.9318894310023,5.10931420655342,8.80583561406462
5,-50.2610412132116,-53.4899299053912,7.68634791035068,11.0764369735441
6,-47.4810899919971,-52.0795985009569,11.984982206153,14.7475002170294
7,-46.0647320376514,-49.0400562944352,17.0838095126036,19.7231397247094
8,-46.036767061597,-48.1463943028777,21.1409146022333,26.5184145172787
9,-44.2120810024587,-45.9147717596893,22.6616701325957,31.3733674425165
10,-42.264019332077,-43.0534075459407,25.3096027303514,35.1180144244394
11,-40.7494353584001,-42.2577014716249,27.2198640613929,36.9429794036937
12,-35.5780594912132,-39.8826652686555,30.4016871929765,36.4384532923143
13,-35.4642910747152,-39.0027744713243,32.3181159645856,34.7047320779582
14,-32.0765899983353,-36.3332140254321,33.9642693013992,35.3454414850321
15,-30.5333147242138,-33.3560857717012,38.6994539165178,37.0348061608856
16,-29.5364805595331,-31.7596337397565,40.6414427318532,37.9472977792298
17,-26.092054417567,-31.6303555880943,45.3319217042276,38.6688134851127
18,-24.8839554317232,-26.2677367307115,46.2149352676686,40.1213523427812
19,-22.2661628641198,-25.332588531925,49.4255253247596,39.7855842866575
20,-17.2499846382531,-23.2423625796117,50.7556702245069,40.8811518600446
21,-16.9187390845628,-20.2123325938328,51.8550274587543,39.4538972401372
22,-14.2813369397547,-16.5993032961416,52.26315514096,37.8697170185335
23,-9.61519601152201,-14.9793904191871,53.5749104900322,37.3857201958268
24,-6.62082261503731,-12.6148464880095,52.7173221540989,33.8597236483095
25,-2.48081523164792,-7.98793493810199,51.1067488959401,32.0837093120535
26,-1.1313636356091,-6.71763267481642,48.5273643134566,31.7990258440566
27,3.02170439019468,-4.21341784522771,44.8143354940815,29.2668231538519
28,4.25555529439529,-0.0798783609630512,39.3532768042799,28.0296219749581
29,7.47364018918598,3.47414384812157,35.4941888354997,25.9558433390878
30,10.332299156105,5.14507825874634,30.8026209991696,23.467044327678
31,12.8821664262632,11.3204435569321,27.2874839425916,21.5245496859187
32,17.1385106857336,11.3265421792587,22.5425916038909,18.9079937291529
33,19.6555237389676,15.2375660363238,20.2054913731064,15.8346587799868
34,22.6451956264099,17.2399585244875,17.4494171420407,13.9453780282009
35,25.3372750520316,20.2363678087989,14.1401411715811,9.72151807640398
36,26.9849153696405,23.3306483901219,9.93878721549667,7.07671797394414
37,31.0482288808987,25.9654416707164,6.44138360311226,4.39231073527734
38,32.6406491703223,29.8226160057977,3.55446951151544,2.46757258926982
39,33.3349237041661,31.460718075044,-0.0126692263488699,0.860334194990038
40,36.4558581365728,33.4077862625524,-0.901154791390798,0.635864141180173
41,38.6803276270452,35.4031918787526,-1.61672708688536,0.860185013119273
42,38.4889806449798,37.2921795322333,-2.52871111883863,-0.693307747853806
43,43.0452070529999,39.0941936428552,-4.0659652172993,-2.74884858128354
44,44.7062258516886,40.105058748435,-4.08357876734954,-4.92233130246487
45,45.2484802805612,42.3692545361295,-1.98003512156171,-4.18186119829232
46,44.1140279074028,43.9290492709102,-2.53719372726301,-5.53386301256016
47,46.7033265238803,46.2738508215154,-4.13957647144401,-4.89913918879733
48,45.4505456392643,46.9657495816862,-4.11567010542527,-4.27426313910568
49,44.8904810201489,46.0986016684853,-5.58354382496858,-3.66051466297978
50,43.3521605744714,43.592582337289,-3.31675172277066,-3.71548105603931
51,41.1643480190165,44.9304678902017,-3.09315508976202,-3.06641343657524
52,39.8937825816333,42.353072379871,-2.64433713062387,-3.29413996908501
53,39.6407353392444,42.6813778955635,-2.71165808405742,-2.43102300252052
54,36.4668755034305,40.9812944280174,-2.48976732492752,-1.99131383051753
55,33.2433218677768,40.8368029890551,-2.1318472122808,-3.09365261861494
56,31.1486852644427,39.4924102717042,-2.70900562980855,-3.58077931969265
57,31.2746804393331,38.9589510835884,-2.1306908898825,-2.53356687670938
58,27.2987399980758,38.4695917618848,-2.49501519090039,-2.12449594406495
59,25.2987333919974,38.5562119360886,-3.11515024160331,-3.16789375909111
60,25.0977281376056,34.0113446638566,-3.11053413692025,-2.83825553036145
61,24.8395086552892,33.4547962375773,-2.11839708620585,-3.15068377573342
62,23.8858707385229,29.9477543179483,-2.92473827094259,-3.55853015955742
63,24.8367526883647,29.8991181081956,-3.11742540972792,-1.97665733292228
64,19.9050271359731,26.7533072067413,-2.85106121453496,-2.91617456551085
65,16.5507172920568,27.5271489811656,-2.3854014719299,-3.32412443333246
66,16.7720442963249,22.8656775158836,-3.20777245604599,-2.1073267540175
67,14.9599110935179,20.0175680959753,-2.28486853981416,-1.79400171163746
68,12.0634138107918,19.9883898298613,-2.28513667447504,-2.48797610716725
69,12.7607644705896,15.6074630170502,-2.1717616728741,-2.62759297673215
70,6.90522810804382,14.7364990756069,-2.2154516405709,-3.36151282086873
71,6.23718984075256,12.343746597723,-3.5502761270176,-2.01096195911947
72,4.69886949305467,9.2646141498362,-3.0805321224604,-3.21048500622501
73,1.02659124421737,6.19157673881072,-3.28967108212742,-2.56827466863003
74,-0.428729859623445,3.9792114074665,-3.91111808658503,-2.73110956573892
75,-4.44415671495236,-0.185590897998472,-2.03281856962274,-2.76216615942911
76,-6.2042951672987,-0.263978960317696,-1.90227822058578,-2.33191871143858
77,-6.92353311063838,-3.62557968576682,-3.20632470965109,-2.46223919293528
78,-10.1193337705053,-7.3163947540955,-3.1414745986739,-3.16032487905239
79,-11.5737054690106,-8.65316040550911,-2.3003553978065,-2.68219798183912
80,-15.4085987304724,-9.79201613411767,-2.99422953312716,-2.77678236976096
81,-19.1593422390149,-12.9650921864625,-2.79900712767556,-2.65175685852745
82,-20.3204019922414,-17.33551835756,-2.28769226167236,-1.38944792377804
83,-25.148384136243,-18.8352209119811,-2.30127315930001,-1.49081807952626
84,-26.2989045067802,-22.4874478984702,-2.04232499892457,-0.757251264815056
85,-29.2527066691105,-25.6306456750875,-1.52383610473717,-1.50426590696631
86,-31.0092332482656,-29.3712277815119,-0.538537365128061,-0.160247985695273
87,-35.6668444652668,-33.567687927467,0.748526978246914,-0.990585784517314
88,-40.8767577466991,-39.3419174963502,2.16854967461989,0.707265964992128
89,-42.742053449859,-41.5254893377269,0.573821891747255,2.02170589905995
90,-44.2280788008765,-45.0034303733806,0.520820566767635,1.24689476323349
91,-45.2358361127741,-43.8970982059383,-0.107399090961068,3.20402481188127
92,-46.8135342045335,-49.0187910342606,1.26391684125086,2.9868793949857
93,-48.7157367539604,-50.8410216171643,3.75564005561303,2.35055554872115
94,-50.2666592650673,-52.9651456478203,3.39278966212028,3.3087238919035
95,-50.2564567748787,-53.0322403825198,2.10505210189395,4.31690661518436
96,-52.2434566678983,-56.5507180862499,3.0636026846037,4.84944284161027
97,-51.9755418598305,-59.584868214197,3.18778610508511,5.36877598362891
98,-52.9972520124783,-58.6169194125587,3.85933662137436,5.28216268263339
99,-52.3482335997,-58.4765781531334,3.56208330346881,5.98287339050318
0,-59.8229938726669,-60.8321408982895,7.23135597783267,10.756187022286
1.01010101010101,-57.8731336604086,-57.6804312074143,7.55257087781276,10.6767573842134
2.02020202020202,-57.6005031830663,-59.6379958349806,7.79749005605997,10.2604788009373
3.03030303030303,-57.7362295705176,-57.9457858108505,6.38821709652734,12.0956486678097
4.04040404040404,-55.51118547131,-56.7068729899275,6.46673317116477,14.5649165232286
5.05050505050505,-53.4278587175299,-54.0829605613526,9.59483873330013,17.964423863774
6.06060606060606,-51.4911230651786,-50.8535346887641,13.328915072286,21.0163568159725
7.07070707070707,-49.0937740139046,-49.3420942906455,16.9106970202122,23.4030734970524
8.08080808080808,-50.0059808409732,-49.3375038037205,20.3567776228373,25.5109367960802
9.09090909090909,-48.4703583170956,-48.0898001021752,23.1622903670687,27.606499061578
10.1010101010101,-45.516040666355,-46.2532080502296,25.5890284058263,29.3047899271618
11.1111111111111,-42.7422099447249,-45.1631143438442,27.2904536430452,31.30403984983
12.1212121212121,-42.303295606163,-43.0701176803427,29.0981706633168,32.6473991360971
13.1313131313131,-39.7362828642228,-41.1587462049098,29.3639251998264,33.30375473682
14.1414141414141,-38.6574653704506,-39.1680941710187,30.6661767853697,34.5550306220487
15.1515151515152,-36.195534146499,-38.1357046151653,30.5786948287582,35.5512779567874
16.1616161616162,-34.5727824593272,-35.5280678967337,30.8710663843966,35.0338833882001
17.1717171717172,-30.7732099950187,-33.1637391535952,31.8288530282155,36.7597880873067
18.1818181818182,-29.9542150007097,-32.3019935533439,33.0301535522662,36.802730706007
19.1919191919192,-31.1779899064955,-31.0082432380614,32.9293286330411,37.9691641870434
20.2020202020202,-27.3767756327337,-27.142268786377,34.1802677974362,38.1564553675798
21.2121212121212,-25.6977932943357,-26.6610024973615,35.8159991766019,39.5816489932523
22.2222222222222,-25.0345907838627,-22.4294125856516,37.0350832399863,39.9142220824293
23.2323232323232,-20.8841587141929,-21.1817751661211,37.0292246901099,40.9369636867924
24.2424242424242,-21.0160917074662,-17.2285080162183,37.8508414382307,40.9583970503478
25.2525252525253,-17.6115484471748,-15.9101610166415,38.1363811692084,39.9680963807818
26.2626262626263,-17.1489128196395,-9.95916371105922,39.1561731485837,39.713714869001
27.2727272727273,-14.1827382971988,-9.33686753948871,37.6251698189784,38.9042041865933
28.2828282828283,-12.3791171915777,-7.54662280378541,34.9444774620759,38.0326085910914
29.2929292929293,-10.244614061173,-4.52054480862161,34.9309252006395,36.3196691841873
30.3030303030303,-7.41445223218949,-2.92169731929308,33.4893713544917,34.5025129769447
31.3131313131313,-3.9130264164273,-0.855568564006334,32.8521962018612,33.2253182174795
32.3232323232323,-1.44126963621704,2.13585804610944,32.0667349678972,32.8808229245791
33.3333333333333,-0.327722047178837,5.36372385756392,30.0421979573627,30.848706415198
34.3434343434343,3.42661212856843,6.25281479910491,28.9635589869648,28.5370357013732
35.3535353535354,7.35704834994413,11.5691401338569,25.7001546403788,27.1040902812798
36.3636363636364,9.12237207721743,13.9391530618206,23.5230284671404,24.1445883147677
37.3737373737374,13.7918386597239,16.9370147815658,20.8962904529766,20.4334364462407
38.3838383838384,16.9908394991383,18.5499819129833,18.9460784931232,17.7455553023548
39.3939393939394,19.1156830688713,19.9783961853035,17.5011720063972,14.6156578021929
40.4040404040404,22.2436354973917,25.1236741936107,14.5181906316524,11.4870976702114
41.4141414141414,23.5996162639261,27.2950108895351,11.8180706740207,10.5105130644494
42.4242424242424,25.9076674736992,29.3169221262747,11.2704384903983,10.0185047074453
43.4343434343434,29.1887501032319,32.923168634448,8.92609570098341,9.10620883506355
44.4444444444444,29.900636684412,31.5599710195711,8.0213340135075,6.64446204179975
45.4545454545455,30.5792342948679,36.2300830786006,5.68823149048676,5.18158131131776
46.4646464646465,35.3651129668583,38.9707643629952,2.16126174375979,3.2248908248539
47.4747474747475,35.8423307870894,40.8901093365902,1.23771233885261,1.03829980728494
48.4848484848485,38.3341206074509,41.2695596403085,0.225113390612287,-0.592605247338899
49.4949494949495,40.1636334841363,41.8957203436481,-0.672127379911781,-0.90819759274075
50.5050505050505,38.667861231232,42.883860589394,-0.347236131558647,-1.96907645589498
51.5151515151515,37.9923434566795,44.459457110534,1.44382809241344,-1.92474275706522
52.5252525252525,41.4528897385674,45.253005582063,1.56495161394369,-2.52162753111405
53.5353535353535,42.1796174865481,47.4990149249431,1.48922235185481,-3.328362643485
54.5454545454545,45.4432363917684,48.3301965219392,1.30339708749886,-4.5166628733403
55.5555555555556,48.501587248416,51.4201460428618,-0.058561243041742,-5.38206205431359
56.5656565656566,47.7310126440502,50.7273091193966,0.129967268466815,-5.51959929237963
57.5757575757576,49.141554521435,50.8414870406309,-2.31219170255171,-4.10153173789955
58.5858585858586,49.2875967279809,51.4027476799348,-4.61640457181907,-5.56607970285194
59.5959595959596,47.6889994350096,51.7015924079789,-4.69593912300392,-7.25977974123084
60.6060606060606,47.3287848906528,52.5389627454715,-6.04730591205498,-6.50228878427027
61.6161616161616,46.1608757602046,52.0900136143181,-6.18483306211252,-7.08643577552565
62.6262626262626,44.0298726788456,48.0165405297752,-6.83001302147171,-5.77672006004573
63.6363636363636,42.2217470257584,46.7289715473575,-5.1149787414777,-6.25223825557881
64.6464646464647,38.7136210153004,43.9799525718886,-4.01888529685642,-6.2559824055963
65.6565656565657,39.1069720443787,41.2000047480949,-3.00322168672326,-6.85730767221937
66.6666666666667,34.1185313604674,38.2555663722049,-2.71083132907481,-6.02385180399329
67.6767676767677,33.1608558119633,38.5896362260207,-2.11377524120773,-6.57526363702757
68.6868686868687,30.2866296036161,34.0067646637051,-1.96720687704871,-6.92941597141451
69.6969696969697,26.1253032052595,31.2789879917574,-2.88049317871516,-6.16131286753
70.7070707070707,23.5131247600025,27.6094045411645,-2.79407923786731,-6.51450949966535
71.7171717171717,19.3743889021948,23.9215326532642,-4.42275102350154,-5.61498990471002
72.7272727272727,15.4586285507628,16.5609035930119,-3.2843342411,-5.00070238841742
73.7373737373737,11.9896781011434,16.9493927369555,-3.6272024444244,-4.69587128956597
74.7474747474748,10.2739576159645,12.8242291043178,-2.92092657485551,-4.99743628903551
75.7575757575758,4.994940520589,9.57116071050686,-3.55210202179418,-5.28919425916895
76.7676767676768,0.413927789896087,5.92775397525961,-2.98222716771271,-4.44535143953334
77.7777777777778,-0.539836356802726,4.08270592436672,-2.39509675924071,-3.67664771594678
78.7878787878788,-3.96399717892478,-3.17691273852053,-2.86838448722238,-2.69411152577802
79.7979797979798,-7.553390676394,-5.25022038671524,-3.87083295189117,-2.63987721153396
80.8080808080808,-8.75364553547689,-9.21546093460642,-2.78900639056599,-2.62284778727315
81.8181818181818,-13.2849650711496,-13.833740190364,-2.96064404632587,-2.40703879498081
82.8282828282828,-18.7512661288278,-18.3319582907364,-2.99109717460339,-2.33909879482182
83.8383838383838,-21.0987160739319,-19.4550112856047,-1.80670846091633,-1.51485668694721
84.8484848484849,-23.6401291918034,-24.4954641401667,-2.62241599016142,-0.477471294973755
85.8585858585859,-27.6979560165323,-31.1053055698032,-1.16444236462502,-0.918943896025709
86.8686868686869,-30.3471959229258,-31.6302272213152,-1.4669019649475,-1.26171751038981
87.8787878787879,-37.3080631069836,-36.9416887089246,-0.930076059389312,0.463982817195463
88.8888888888889,-39.3314041476062,-39.2884961806847,-0.415695776662047,0.697156670721933
89.8989898989899,-42.1756965960327,-41.6795545398659,-0.103169036803358,0.685046382682919
90.9090909090909,-45.4460215102511,-45.4708320586655,-0.546551329218565,1.58291108878392
91.9191919191919,-48.1239935673508,-46.3068119568696,-2.32143596739293,1.83174336601256
92.9292929292929,-50.8936073718112,-50.0797072066909,-3.21340172799813,3.20021863897301
93.939393939394,-51.9845604898039,-52.8206298386665,-3.79691601891599,3.20256553203223
94.949494949495,-52.6609077162091,-52.9174150421459,-2.14205626459261,3.9748231770802
95.959595959596,-52.7235775710326,-55.577151702494,0.497398148053066,5.23969975295415
96.969696969697,-54.0828701610153,-57.0845633394171,-0.192174335497504,5.54277543239547
97.979797979798,-54.9853452286961,-57.6782354817138,2.10498236641465,7.84160320497038
98.989898989899,-56.7788976531381,-61.9049429810491,4.34895040927636,9.19239773706324
0,-48.0581980948011,-51.687703095551,4.64481058441947,5.49068308027745
1,-46.2021574881114,-51.0534871924022,5.81190231337201,5.01334437422737
2,-47.5037951187863,-50.9701749948614,6.30911480970148,5.77172665453947
3,-46.3119295800856,-50.9672500971006,6.84503468527233,6.20314017952585
4,-46.8469132617593,-51.0837773992568,4.82672434456961,5.73063428176646
5,-43.9810355948713,-49.6945552976918,5.54673518940971,7.0967358290321
6,-42.4180834654471,-48.0544236555506,5.21916793007847,7.55561450170308
7,-42.2373689189345,-45.670200906834,7.76198488805965,8.98552409064089
8,-38.6449938090666,-42.7191480998163,9.50161547409163,11.4297319793049
9,-38.4818831212948,-43.8016056162875,11.9774478437927,13.294071520386
10,-36.1530844251694,-42.2258031412239,14.6349152096399,16.2571008785028
11,-33.9989752436103,-41.7116677314984,16.5006884030261,19.8196169684782
12,-30.4993825163443,-39.274633634191,18.6063732082995,22.0250743339866
13,-29.9619758141424,-35.0458758764161,20.8585897219037,24.0632393185812
14,-29.1661330393089,-33.028876074797,23.7813574968231,27.7238902006308
15,-26.1748066398202,-31.5778835518606,25.811103251214,30.1092233871807
16,-25.3959892117932,-33.38004226914,28.7266186671376,34.2777639317857
17,-22.5178781116418,-29.6771026270712,30.7886578380542,35.8625718491876
18,-20.0683486418917,-25.3913492435701,32.190490143219,38.0442857047939
19,-19.0795238104551,-24.6501936942999,34.13901185911,39.4112864866642
20,-15.9507685524616,-21.6189725230842,34.7418993547609,42.020936473103
21,-14.6956299929238,-18.8009239899766,35.6079462017818,42.3530331979828
22,-11.2509161288775,-16.782913824595,36.2126004186386,42.4274204590381
23,-10.2179486295394,-13.8634799486704,37.8422507944523,43.7364837318819
24,-7.20091935982225,-14.6516601965864,37.9725190746158,44.6143050218414
25,-4.47112019145673,-10.9707881363442,37.7726040984109,43.6033429856806
26,-0.786761351298313,-7.20816588542448,38.1140683610789,42.8484928225856
27,0.0489953714187641,-5.01345719797718,37.3620094325175,41.2815039508993
28,2.25928727271744,-3.9763740965173,38.305704339252,39.2778536120752
29,6.28336722480031,0.114762550559184,37.9683555429283,37.3951253286054
30,6.27841286701609,4.69569670309432,36.1247731884972,35.2519385558184
31,10.07631995609,5.08286950256598,35.487677756115,33.047228092373
32,10.9554777085037,10.0994061081435,34.2175218767748,30.9642300310982
33,15.4383783786068,12.6604860733489,32.7623383242203,29.7531341314555
34,17.2599117399567,15.941217383734,31.776302959236,25.8724254915172
35,21.9246382859284,17.0024862563784,28.4210496513481,24.2599854468896
36,24.8228713606538,19.5461733013291,26.8255049198045,21.8053992103024
37,28.2034697797777,21.8633346906231,23.9725662162738,19.9760893816545
38,28.9706319172114,26.4692811712711,20.9745689704056,16.8828740813948
39,32.6522809318906,27.5600422580109,17.6752135251719,15.6288826336083
40,34.7726271510382,29.4742524846888,15.4526186591365,13.5758977558434
41,38.5241748030429,33.1243229935975,11.8757369865808,12.7138401654325
42,40.8390339344508,36.0643618922719,8.66622666043611,9.69035284704138
43,42.9542240220964,36.9450014295481,5.16939258002459,8.05007292503396
44,44.8369134994409,37.923236230718,3.22100473479819,5.60416978364483
45,47.1812459489951,40.6526041079904,0.316718567515272,4.44621066842858
46,45.8338652555264,43.3857660579845,0.0111937325677155,2.24463330912058
47,50.1899185613322,43.8483408104371,-2.78486932703061,-0.210811248089709
48,51.8712155558284,44.5242624340799,-3.70064381956074,-1.67805654339681
49,52.8886641897514,46.9694445091648,-5.07857176356736,-2.33921315253195
50,52.3825232678254,48.6876218041409,-4.74614328622121,-4.69332444580085
51,51.3097533192549,50.6260487614149,-6.09633028183391,-5.3907478187014
52,50.4675530296673,49.5818512889662,-6.99465917103325,-6.6345950313493
53,49.6226606074971,47.1128066337363,-8.08769108354647,-6.47847339304575
54,48.5758972718113,45.7608634794373,-6.7429939487985,-6.32100596538744
55,43.9744642224602,43.8719376370125,-4.67714077667157,-7.78971807663172
56,46.2512658836041,43.4268751619043,-5.01905181780963,-5.48184260288013
57,41.951534096898,41.9163539907218,-4.50353253866104,-2.83455770796614
58,37.8504158862282,42.9756478290314,-3.9641140985401,-3.53968175203799
59,37.3442531408242,40.209020541923,-3.70709344882358,-4.15901038933768
60,36.0943401325685,36.6477515316691,-3.12133433751286,-3.97567249535336
61,32.2051758398688,33.9605795928072,-2.95553239892945,-3.28186544867718
62,28.802157447956,32.8364165473122,-3.28221561962057,-4.79756474983962
63,26.626575630882,30.635026949844,-3.32822280791701,-4.09878897402139
64,24.6314293520258,27.259510111174,-3.97681596003606,-4.09145403785333
65,22.0674796647559,24.2835754603181,-3.24830287856645,-4.03431242205741
66,19.5422137335729,23.1186055690811,-3.50118356078273,-3.33796524631588
67,17.8168910786433,20.2890436763977,-2.56167698367672,-3.23530780385509
68,15.0697139803874,15.9283682481963,-2.13305927102701,-3.45307727203898
69,11.6923482514214,14.2268539632759,-1.94924044233722,-2.69654510410947
70,10.2736694649168,9.23031213936968,-3.24186894458948,-2.02736104682
71,6.95565906029161,6.22150339106161,-1.74999446172451,-2.72449388827158
72,5.37164284265642,4.03634007627602,-1.89138405167954,-1.85196564937031
73,0.331939365016099,-1.31708369153201,-1.98875871605785,-1.51310541008333
74,-0.399804367337672,-1.80888697153288,-2.08407306511233,-1.39801061273896
75,-1.65476838513861,-3.64321999965945,-0.77069278815091,-2.23875252641683
76,-1.12677174206292,-7.37719315087756,-2.38489513983329,-1.62260473585992
77,-7.51767002876056,-8.60898726274577,-1.31093794046941,-2.03608460310165
78,-8.22861369290425,-10.6264848325251,-3.23776268300896,-1.83610520252602
79,-10.8652325773378,-14.6878409013054,-2.38167641654634,-1.41729910014694
80,-13.1087514689873,-15.8181529888937,-1.9311095789555,-0.703348394831675
81,-14.659453892013,-18.3862204479066,-2.68282714720132,-1.64649651440822
82,-18.6003791631584,-20.2113477908717,-2.18045325919211,-1.16498495933637
83,-19.7552914747057,-23.3405226292668,-1.2727079951231,-1.47814983234438
84,-22.1948148359038,-26.9579311103068,-2.24738522928563,-0.632913136492435
85,-23.7699098253883,-24.9292055294842,-1.37055080655663,-1.52680773344653
86,-27.3581415646925,-30.4553922246807,-1.79235268929931,-2.0572049203424
87,-29.2726885136317,-30.9145277418005,-1.58652345549241,0.526239630714021
88,-30.5738168552735,-36.0250817280698,-1.16034193688412,-0.334069264068223
89,-34.6488651336927,-37.0578748107564,-1.56737096034892,0.0833343362051728
90,-35.8642519561954,-40.1413397211541,-0.874190280725686,-0.516172799716085
91,-38.0840811988186,-41.4772848392654,0.244275409913715,0.650489362136663
92,-39.8899818564094,-43.1963681405266,-0.108233447386839,0.573265448595522
93,-42.611725655302,-46.6691669232004,1.48040833597918,1.95501421812937
94,-45.5740473765969,-47.2484274797287,2.29260440478872,4.08229527144982
95,-45.441571046772,-48.5098835079379,2.92273087979609,6.78895332892937
96,-43.8898417321631,-51.7500734103231,2.86229373933214,5.84263523666854
97,-45.2461852753724,-53.5379925065813,3.55683548680461,5.90281187509003
98,-47.3617541494401,-50.3518678988143,5.3135322665129,6.09522775177428
99,-46.985679862349,-50.0994429268617,4.83799485924612,5.78537418153041
0,-43.5980007489389,-49.4515351527612,8.70508568556698,3.86921890410993
1.02040816326531,-42.8339163546742,-51.0363474155687,7.12460232925679,2.19670820676283
2.04081632653061,-40.5654573018945,-50.383294642416,7.45253886039845,2.07973347928049
3.06122448979592,-40.1369595739673,-47.1642520445676,7.69585911624227,3.24781784529317
4.08163265306122,-36.3990100202275,-47.798361172821,7.72438189665398,5.33175828955433
5.10204081632653,-37.6291405364044,-46.3894038328236,12.1937121581588,6.44946184280194
6.12244897959184,-35.5736175933222,-42.8683165382059,16.0510769254452,8.71679237369782
7.14285714285714,-33.2875772160513,-40.3072389972138,22.7348358219751,11.3201111264828
8.16326530612245,-30.6733260852712,-39.0624081501556,28.1060632726234,14.1373505065125
9.18367346938776,-28.6279244069144,-36.1597904175398,33.8108335449064,16.8127705937678
10.2040816326531,-28.7917608127525,-36.3644059071219,37.0226636372673,19.2968213030968
11.2244897959184,-26.9919958128085,-33.3949193009231,39.1298201381215,20.6007437209888
12.2448979591837,-22.7248216790119,-32.7537061740336,41.5220627902195,23.1501126835646
13.265306122449,-20.6229048331499,-31.1104691015045,42.2959394526268,24.8354502151791
14.2857142857143,-17.1714879388176,-28.054158063906,43.6599322039331,26.3804767100932
15.3061224489796,-15.1616641082596,-26.3745745385954,44.8171704286505,28.5845375772289
16.3265306122449,-12.5081882503209,-23.4080332102537,45.0747080830568,29.9640012458839
17.3469387755102,-10.1006235106934,-20.1303517946522,45.6822947555377,32.6435658877961
18.3673469387755,-8.50586496693033,-19.5133471477213,45.8575911083148,32.7366582105091
19.3877551020408,-7.88924676247456,-16.496393319997,44.9269344365993,34.157493305185
20.4081632653061,-4.28310774692876,-15.8513527182168,45.3268072565774,34.8195007045169
21.4285714285714,0.171461985776808,-13.5070780751605,43.6387916340897,35.0091004660465
22.4489795918367,0.923271500283587,-9.88996980973716,41.7791924039304,35.4059572372057
23.469387755102,3.82009833617553,-6.27825275227512,39.3296559186593,34.4094657762966
24.4897959183673,8.63318885765749,-7.19256224756921,36.887026717774,35.2443477918548
25.5102040816327,9.22631112581829,-2.76467389967044,34.0533831925805,34.4530637452057
26.530612244898,11.5519520834076,-0.143945311633605,32.1453439108283,31.3095741979303
27.5510204081633,15.877205382808,2.17834356569154,29.7952709692022,27.7899506960168
28.5714285714286,17.3986957471377,6.61435534049049,27.1247645185536,24.2590524683662
29.5918367346939,20.352565648551,9.00780977897693,25.5304489267382,21.0087593771489
30.6122448979592,24.3190625456837,9.36404307779414,22.4323672095194,17.6036827159623
31.6326530612245,27.2120821776409,14.7013116430389,17.5530292524744,14.7049409178425
32.6530612244898,30.4139530366098,16.4737249770639,13.3447941626014,9.71943230775414
33.6734693877551,31.1229429919633,17.8221848179933,9.94749491686609,5.99760085194346
34.6938775510204,32.9604528082505,19.0034128702676,4.90968061820247,2.89487743185634
35.7142857142857,35.5594014990418,22.1382304854336,1.84089973648656,0.673004424380949
36.734693877551,38.4919454352558,21.465118145173,0.130684737406233,-1.43142938636647
37.7551020408163,37.2565093510169,23.0180042416695,-1.32367470447888,-0.845074012728898
38.7755102040816,40.9552802464187,25.8011781904605,-2.5807032999278,-1.38451861973959
39.7959183673469,43.6231099431089,27.083124628316,-3.54324898419516,-3.01968872836415
40.8163265306122,44.5734259711524,30.3904933262717,-3.94587964244226,-5.60906453786583
41.8367346938776,44.5387103267258,34.3897811146253,-3.5746020063595,-5.09078361582191
42.8571428571429,44.1288376955909,37.1071197010498,-2.91532356097611,-3.96561414178567
43.8775510204082,43.6314180257742,37.4670741516954,-1.20088956776667,-3.53093648623821
44.8979591836735,41.2081919304643,39.2081869658536,-3.18977502179091,-4.02508388181777
45.9183673469388,41.9291189317315,37.6638627260305,-2.76037254086219,-3.68989490795668
46.9387755102041,42.8718256050121,39.7968225810648,-2.13159540563845,-4.58934903641004
47.9591836734694,44.0118675174196,39.8030965839054,-1.93821150481586,-5.48392688410778
48.9795918367347,46.3525530255165,39.1965732486435,-2.54727048161781,-4.41491052657875
50,43.1798007359734,39.1961265666309,-3.58640225793735,-3.6536094739182
51.0204081632653,41.2325123806133,38.1453807036957,-2.59079571058925,-3.09080302619698
52.0408163265306,43.9589899226712,38.6044058158166,-2.18946963145021,-3.92390283379231
53.0612244897959,43.4281427467127,38.66408679807,-2.28420204448,-4.09838284078625
54.0816326530612,40.7580765986046,37.9317161477801,-2.1079831009505,-3.05853154496553
55.1020408163265,41.0554133033433,36.4690992606901,-2.22182636065129,-3.55035878177819
56.1224489795918,39.4601635288391,37.0045404668386,-2.25621020149492,-3.49205758084809
57.1428571428571,37.620746675346,34.4392846612905,-2.85009964481313,-3.26560841136688
58.1632653061224,34.4820737558222,33.557086100799,-1.72588423544434,-1.99669937242596
59.1836734693878,34.9545890696102,32.0570882924043,-1.68185534433271,-3.2097313364589
60.2040816326531,32.1664303499544,31.2957041723963,-2.25537685805187,-2.5764334523791
61.2244897959184,30.3299384889117,29.6660670294939,-1.12213722208936,-1.79050253595905
62.2448979591837,28.5402289449571,30.0048697515915,-1.58328718869666,-3.28417217632968
63.265306122449,25.5638354048039,25.1778603247554,-2.13057180673879,-4.53918363976259
64.2857142857143,24.7548497708366,27.1857436870543,-1.81886446763642,-4.73395859980145
65.3061224489796,25.1303432252878,24.8338042083967,-2.00815139166455,-3.29703445506368
66.3265306122449,22.4050705564021,20.9688761327605,-1.83381406885274,-3.48154514723869
67.3469387755102,21.5917459364888,19.4411550665959,-2.35347666196069,-4.2918149580723
68.3673469387755,18.5534949720268,17.1077363905812,-2.29705611794391,-4.03288886665845
69.3877551020408,18.6091853183382,15.5445180652318,-1.44281496317605,-2.9945465636216
70.4081632653061,13.8453127838803,13.6491463692435,-3.30996613946079,-4.06684082890156
71.4285714285714,14.3042729353226,11.2442334467572,-3.17842887537563,-3.20300725935443
72.4489795918367,14.0784641845559,9.06588686731226,-3.9280463885179,-3.61992661791582
73.469387755102,10.672620463636,8.69699936959559,-3.25611820230717,-3.56117822845032
74.4897959183673,9.92436893048276,5.33827894652405,-3.14941930833333,-2.86951267226641
75.5102040816327,4.72084052800252,3.56315753901293,-2.12661888217818,-2.52296878817237
76.530612244898,0.994401493295994,1.69437719999424,-2.16459913769324,-2.63912437422891
77.5510204081633,1.37020120578262,-1.49787900507316,-2.58203040818549,-2.49456782138583
78.5714285714286,0.496524728714274,-1.41522000245736,-3.50115081122654,-3.1801022106416
79.5918367346939,-2.93621069056071,-5.39397364267984,-1.73350295930203,-2.92195549131893
80.6122448979592,-3.57598193362115,-7.97556791379548,-2.02147561107444,-2.346874095238
81.6326530612245,-4.93425983920907,-11.4865306422813,-1.84264019853077,-3.53326147581307
82.6530612244898,-9.65350130736123,-14.1686587721691,-1.59440423380616,-2.82908126338865
83.6734693877551,-10.7385022324086,-15.800067451959,-1.80694297596785,-2.89294325761555
84.6938775510204,-13.109549839225,-18.9068910470242,-1.6419503547053,-3.54763420244112
85.7142857142857,-15.0760971729483,-21.3100454589743,-1.91455859938628,-1.77521641807822
86.734693877551,-15.8920551589484,-25.1787826699138,-1.70871289105177,-2.03756834742075
87.7551020408163,-17.723450876911,-26.2177691514786,-0.729698770955982,-0.249976601595748
88.7755102040816,-18.5401565242344,-29.6699134741839,-1.19631300225314,-0.649125137893675
89.7959183673469,-25.3929449101772,-34.7810809969313,0.176216497066821,-0.0354899468109742
90.8163265306122,-27.2587763488702,-36.8607304339359,0.467498932483255,0.144473719101022
91.8367346938776,-31.342892482822,-41.6375818312979,0.744927321651185,-0.513957114707985
92.8571428571429,-38.3903436784892,-47.3553593255022,1.62407505787765,4.61183352511055
93.8775510204082,-39.8189806338779,-45.8243801498255,2.61106056496239,4.08827735799654
94.8979591836735,-39.1442561632338,-49.3154576340311,4.66407632864356,5.71811248046263
95.9183673469388,-41.3109570624821,-50.577198555708,6.06428296176872,4.07101403520118
96.9387755102041,-40.7101100751631,-50.2792435487811,7.82455955085314,5.03193808756441
97.9591836734694,-42.0498571432195,-50.6724591565845,6.33007798560305,4.86065068368714
98.9795918367347,-43.2167386623285,-51.7488933403664,7.61805393820959,5.63432345682318
0,-41.7529562600026,-51.3926080669466,6.90314401949726,4.91178778535855
1,-40.0546250637792,-54.4534680344358,5.52347136773608,5.43707102566312
2,-41.2760155054527,-50.2985001954124,6.04699932029305,4.5270160465107
3,-38.5351753634114,-52.2024188807524,8.3649735165599,3.79583478476923
4,-38.4418394390784,-47.3507138505778,9.20521118475217,6.70134657317891
5,-35.6574018315357,-44.2491138154544,14.0830540542097,8.73589068472179
6,-32.6302368313796,-43.8377794796379,19.4732669591902,15.4829923157126
7,-28.8620527013133,-40.5062320410172,23.070261037703,19.1376710756619
8,-31.9418232251621,-39.0933793422412,27.6579702323349,22.1232771234292
9,-26.5488164704479,-37.7642302617489,30.8781298874316,23.5370016147561
10,-24.0406473004127,-36.7905773739735,33.3445211710828,26.4652057537464
11,-22.807434767772,-34.2897911219121,35.0108772216675,28.4187743285237
12,-19.1834367771344,-31.4828740805171,37.360330938081,30.0175471690299
13,-19.3928640022526,-30.5080747604041,38.9658683430439,32.3396234938298
14,-15.2910060211542,-28.2746736234053,40.2634132063718,34.8653045465195
15,-14.4939747138396,-23.5006720245838,42.3240963107931,37.6342853315476
16,-9.53514815681423,-22.8682369843155,43.2931111328808,40.1999938942818
17,-8.22377105767305,-20.8615892155311,44.8549349391793,40.7998417321374
18,-4.24554612465431,-19.6348823439104,43.8186833792367,41.3356475028481
19,-2.82368851787509,-16.3581227763574,44.7305226629851,42.9309116147025
20,-0.299279728210346,-13.9363996788852,44.6549415600102,43.4287462476456
21,4.08400528409908,-9.96963187136226,43.5242601300321,43.041759937439
22,5.57217494032194,-8.55485187416308,41.3905778865919,41.3546655358183
23,8.85961992365472,-2.57966844566311,37.8496639730612,39.9834350501724
24,10.5444334910214,-1.5766897102254,34.8691570698319,38.2304378307231
25,13.7118604396627,1.63026920364469,31.9645345266139,35.8141676618519
26,13.8684791902818,4.60639081443504,29.1760013091115,33.314999562989
27,18.5724657429129,6.47115821320828,26.7215901356931,30.6846499387436
28,22.2127200765462,11.1069466944694,25.3087467593673,27.4248927817527
29,24.0903465168159,13.2364994305455,21.0133476894656,23.8939000016603
30,28.8893352306215,16.2109398514771,18.0514570268282,20.8247719864896
31,29.7756415665431,20.4662389417906,13.5760411294964,18.7673308894323
32,31.9397745967636,22.5213318652577,9.13514643230932,14.3556474692252
33,34.496559023565,24.730286103664,4.87722256902765,10.6489764849598
34,36.3583308243165,25.9806758160758,1.46971904845909,6.74016993692393
35,38.5985088208764,31.0205496490228,-0.134572232182342,3.30870856340972
36,37.8257988224685,30.70692645993,-0.204374587875224,0.983688407166012
37,40.6675876837216,33.0076980416807,-0.50706142362153,-0.255963507945544
38,43.6973163295203,30.371539133062,-3.09706263334447,-0.650258214999239
39,44.7681653656968,35.4353545496397,-3.92445422333981,-2.39181608811462
40,45.5227200470549,35.974579544285,-4.05108522565203,-6.07260199249459
41,47.666404519497,37.5544129086749,-3.81654984787819,-8.845755254334
42,47.5012084946355,41.1286258585388,-1.77727053960691,-7.87094846683425
43,44.7596516566354,42.4491952610183,-2.15560376400631,-6.35673894712672
44,47.3480769807186,44.5444292538183,-4.64409870914187,-4.90657942907827
45,45.990794724067,46.3440597029317,-3.0256800594923,-5.19027055414947
46,43.6771577671796,45.488603501381,-1.82650825708025,-3.34652176462869
47,44.4459622394259,43.9723455137614,-2.71185876957472,-3.81078765358773
48,44.0938396875227,43.8197298076483,-3.07969709753771,-4.85985631252605
49,45.0102456163031,44.2324959984111,-2.18015983902953,-3.84224839875593
50,45.2130866114641,41.8267759551957,-1.47902714785831,-3.6510420381948
51,44.0278643532186,42.8818702186316,-2.49591066821523,-2.66100018167297
52,44.2293008682872,41.4759843175251,-1.62379992969442,-2.53902991744241
53,42.5943430789178,39.1106151657628,-1.57356050908916,-2.94198827304202
54,42.2390745938409,37.9441226351568,-1.29696434620814,-2.01374822901825
55,39.0609590087555,36.1804281513405,-1.38774357427194,-1.79769747036454
56,40.2529508802751,34.4441986203659,-1.48049144852253,-1.39762444900317
57,35.8921683450761,33.7576664853355,0.0396994998004656,-2.3107496291556
58,36.0014284905032,34.5743029005582,-1.38610998647405,-3.4914452536208
59,35.1739895884577,33.8613975464962,-0.91831865660953,-2.49200048680653
60,32.8464151510345,29.4642080123538,-0.783483284539599,-2.66912902400138
61,34.0645400183177,29.9461080262542,-1.73606402468391,-2.75449754954526
62,30.2651479872132,27.8604085535017,-1.2639824616254,-2.99335223189086
63,30.0220361776203,27.6145868245227,-2.14911154663128,-2.27898980736621
64,27.9423379273251,25.4782143146262,-0.766113318878405,-2.11042577433098
65,27.1620202834778,21.5837205408814,-1.74445179174486,-2.80021489177047
66,26.8385073698736,20.1300876025852,-1.93904299212636,-3.33269688499204
67,23.3691903345548,17.585434008473,-2.19278046863017,-2.38972199255594
68,21.3643569514256,14.7040933131879,-2.15416767072924,-2.99269987966981
69,19.0137599882707,14.5644966522924,-3.16772336929956,-2.95529466579217
70,16.3830361674085,14.9951579081911,-2.72824532386409,-2.90706018669291
71,16.2343496479309,7.68044298479778,-2.61182570495458,-2.0656664909351
72,11.8424370804371,7.72917569315223,-1.8588196540072,-3.37932507356233
73,11.2255856490162,5.54008068593357,-2.61259267921338,-3.43338387451528
74,7.08484990097132,4.19337811137585,-4.08157931557746,-2.65828915608821
75,7.07047305886409,1.45204358101165,-2.33363794343611,-3.2553918090831
76,2.29214039282201,-1.66685422237523,-2.9910788190335,-2.66473198731299
77,0.132741975128611,-3.44036665045211,-3.30001962738511,-3.0050529359397
78,-1.62592293905495,-7.27688626285621,-3.02176983008651,-3.14153593088628
79,-2.59812151433683,-6.36328265020439,-3.76831802448651,-3.25411189015052
80,-6.53655134002679,-10.3669681860135,-2.08189185362896,-3.37979680717438
81,-4.35416728432593,-14.2846530527964,-1.61082210724306,-3.03574524166156
82,-9.15809515614786,-18.3880185794689,-2.71055342303631,-3.58181466192684
83,-9.75532662598535,-21.0203761183785,-2.5912056602256,-2.85156790694468
84,-12.5154296906048,-21.4613127754203,-1.82160336953222,-3.53860227759524
85,-15.8258151605018,-26.6748223820802,-1.97191230562715,-1.77115397633886
86,-17.9512898157803,-27.7120771382523,-2.31637543060019,-2.2499495297551
87,-17.6443290347579,-30.9326028306865,-0.863153299169606,-0.435912774900502
88,-22.4503542960915,-31.0774533008061,-0.406741565573522,-0.362660604032311
89,-26.9536483467843,-36.3003331386854,-0.275387373589341,-0.643732549288901
90,-31.8470102274251,-38.1789818197853,1.00956017474465,-0.122629709221289
91,-36.7706911379664,-42.8104510456664,1.58547675947889,1.1050775292914
92,-39.3722904095105,-46.4374351745685,2.66590705835347,2.07575448214129
93,-40.3191381549577,-47.202076862127,3.30999843374894,3.8535532876797
94,-41.3366063595327,-47.6460561269746,3.39572844215205,4.47366096451485
95,-42.5718321995539,-48.0793717586238,5.50264314740813,3.99417128036196
96,-41.9985383634096,-49.9865774485529,5.85861289040654,5.56568800650902
97,-44.0371767356604,-52.4154083426388,8.521924771963,4.04184321359032
98,-43.1332193733674,-50.1139621636496,8.2922115195962,2.3659309588936
99,-44.0600053395529,-51.4722871869077,8.44371500158129,1.08163278489651
0,-58.4055139563016,-57.0887470241743,5.76569741498293,4.33897016228225
0.970873786407767,-56.2114936378019,-58.2261580482484,5.06607300247004,4.38940174267157
1.94174757281553,-56.6223014260142,-55.1349515936195,4.72163759117177,5.64978863639971
2.9126213592233,-54.2664273072101,-56.3859790881106,5.52671566826696,6.56408055843802
3.88349514563107,-52.8598139674453,-55.1597981013282,7.60582892064172,8.12423205422377
4.85436893203883,-50.0765579905209,-52.8626024658737,11.7568746229353,9.50810818406852
5.8252427184466,-49.797836317603,-50.5998152051585,16.8187826162166,14.1028910516116
6.79611650485437,-46.8397692398319,-50.5574927906291,21.7883651385785,18.9653017420604
7.76699029126214,-46.7489400085081,-48.1489263426456,25.9127007506898,23.1765237268553
8.7378640776699,-44.8231131906134,-45.4715808952327,30.1722591574415,26.4360627684019
9.70873786407767,-41.2585580304905,-42.6715717477307,32.1434748629318,30.1064903727842
10.6796116504854,-39.7517027648972,-43.0122114870966,34.803458860491,32.9213565309054
11.6504854368932,-37.9661377026148,-39.164569358125,37.2012405650769,32.5711069357268
12.621359223301,-38.1654688144958,-41.4052126741682,37.7812176853962,35.9208163176531
13.5922330097087,-36.7589976965787,-37.3153325928505,41.2243794283904,37.989730384055
14.5631067961165,-31.4726463853782,-35.3170734469224,43.6205871598965,38.9570784282153
15.5339805825243,-31.975500127874,-33.5120462496972,45.2889640790347,42.2758728612696
16.504854368932,-27.700883049489,-32.111774414768,48.7228464149036,43.5302143507542
17.4757281553398,-26.8531607365609,-28.4577959403862,49.4695363815708,44.6517986562176
18.4466019417476,-25.3879328103486,-28.6442276802086,51.0865284518188,47.2949890012946
19.4174757281553,-19.9279540764117,-24.8268670300651,51.2458358862137,50.1112515694881
20.3883495145631,-20.0155329332057,-21.2638332528746,50.6251717309361,53.3672713648999
21.3592233009709,-17.1857190546766,-18.0334229439148,48.6986018243294,52.6781838237772
22.3300970873786,-14.7911723756672,-15.075067764769,46.4264674827858,53.5177089497858
23.3009708737864,-13.707899013876,-12.5602984278927,44.428893526259,52.9377628236973
24.2718446601942,-10.3155825248339,-9.56840830332583,42.749499394634,51.3139752149225
25.2427184466019,-6.18866048867489,-7.08635952082222,41.0410825960468,50.2801737621189
26.2135922330097,-5.30950562396947,-4.3172222944759,38.1787856390774,46.9676837867599
27.1844660194175,-1.81018589616496,-1.15850921400834,35.699226535882,43.5127458005329
28.1553398058252,1.32538305659318,2.81983474286783,32.0553155616885,41.2609335861458
29.126213592233,1.072439044206,5.80650698049957,29.8197024019775,36.6976113791468
30.0970873786408,8.29919300568003,9.93199957675294,26.7251955795644,32.3094958791885
31.0679611650485,8.38532516773027,10.5253678700867,24.8030113648052,28.6557668973307
32.0388349514563,12.1722716515599,15.0805859909835,23.6092237491896,24.1275021229492
33.0097087378641,14.2309323706169,18.3197629142084,21.5577981012357,19.8864458495579
33.9805825242718,16.6839442099422,20.2574012513309,19.7645121787465,15.7691461835128
34.9514563106796,19.3760952821764,24.4614080774147,17.4845486011549,10.956965013339
35.9223300970874,24.4159777746425,26.1242078529538,13.3505616843529,7.41573390237011
36.8932038834951,25.671275010079,28.9659224523316,9.2032358733143,4.93724499616818
37.8640776699029,28.2753443817275,31.7595645097175,6.30007364312272,1.54090643001162
38.8349514563107,29.8199467734875,33.2060671550771,3.37491634099391,0.314945456171033
39.8058252427184,31.7241643060332,36.2433053960369,0.629883546299053,1.41248345841496
40.7766990291262,33.8329587639652,37.4971914126098,0.201723584643671,0.450519375429283
41.747572815534,37.199239463006,39.3993379257873,-0.402690891093758,-0.501923006908678
42.7184466019417,39.1656015786667,43.9276246195112,-1.68682078240034,-1.81403101689504
43.6893203883495,42.826673623576,43.5547049759073,-4.25562376337606,-3.51669451552344
44.6601941747573,44.6459027109013,45.9605817570798,-3.52221417492508,-3.98365658792915
45.6310679611651,44.5692530989307,46.7596418689856,-1.86261417051831,-2.98158029907861
46.6019417475728,47.3018603715517,48.2600057248712,-1.45886647245838,-3.71779833566387
47.5728155339806,45.3464178688912,49.3780812998731,-3.14553476206153,-3.42249396310118
48.5436893203884,45.811271244603,48.5585174166578,-3.84097869838007,-2.00317420150341
49.5145631067961,44.6316369874878,47.1727896965605,-3.85637588429312,-2.81599670316426
50.4854368932039,41.7319364784295,45.1776614937367,-2.50892489342826,-3.17963730544796
51.4563106796117,38.3263539063565,46.3300250109204,-2.90401429516893,-3.40707957249438
52.4271844660194,39.4816864574214,45.3447806890536,-2.08802968397043,-1.70162198041137
53.3980582524272,39.660469945567,41.9769698584302,-2.2538124642943,-2.04291728957402
54.368932038835,36.1794449352342,41.4877070169094,-2.89107707585111,-1.37662699624793
55.3398058252427,36.1568403034984,41.8423701706049,-2.07078773476855,-2.1154170882098
56.3106796116505,33.6371068863584,39.5758923439059,-2.15485308138329,-2.7889090664914
57.2815533980583,30.4400264852494,38.7095315430927,-2.22367032353738,-2.76228330802572
58.252427184466,31.5460952138502,38.833381060007,-2.99922480845958,-1.39248598246687
59.2233009708738,27.1112526897463,34.5661356175587,-2.05538250293209,-2.73455644117256
60.1941747572816,26.0483714099353,33.4980135481048,-2.55894744451736,-2.85927214615386
61.1650485436893,26.329959965425,33.333768954249,-2.40617556358552,-3.48463378822
62.1359223300971,22.2863170885316,31.1655378362423,-1.51791827863759,-2.65933090026169
63.1067961165049,19.5732184728944,27.7616485151685,-1.58439420062243,-3.53305747700675
64.0776699029126,18.4558077945818,25.28789836073,-2.76901084723572,-2.88927295781268
65.0485436893204,17.8515100025989,23.5350418082957,-1.68879938768938,-1.86984256369046
66.0194174757282,14.5872753486365,21.2837246674827,-2.72945587704328,-2.33078981326317
66.9902912621359,14.7403631709583,19.9404080084819,-3.11654828670854,-3.08281309794424
67.9611650485437,11.5734679937214,18.0137168698376,-1.58830107918141,-3.28796845803574
68.9320388349515,10.3551467404147,17.1060951180753,-1.90591864888845,-3.27126796443934
69.9029126213592,7.09814692145636,12.4047788569294,-3.57538196297304,-2.88382034547034
70.873786407767,4.79221771216083,10.3075150822338,-2.9351083557812,-2.66890731044749
71.8446601941748,2.92208575837836,9.53543867147547,-3.36507250851097,-3.26751970161487
72.8155339805825,0.865514934067983,5.78921963987483,-1.73065732288653,-3.00201532461148
73.7864077669903,-1.63835262872238,4.71633262677592,-2.7011027079808,-2.15532521858307
74.7572815533981,-3.63725060936922,2.5242899892556,-2.07267261947345,-2.50042210837731
75.7281553398058,-3.93813218310533,-1.79498999466607,-2.80930906287832,-1.13356913859872
76.6990291262136,-7.44226319301079,-6.23080408751656,-3.75981300672739,-1.77241624324497
77.6699029126214,-12.0278460423259,-5.97785066419248,-3.55373830558953,-2.81725733270544
78.6407766990291,-14.286877532681,-10.8283231285224,-3.20597035140305,-1.12207122570607
79.6116504854369,-16.9689758148574,-12.187184695677,-2.77670640740409,-2.08222091720986
80.5825242718447,-19.8998181315523,-14.8500030680966,-2.8448434389439,-1.92059139597167
81.5533980582524,-21.6861266066189,-17.4414347576097,-2.07046792642666,-1.08921981866285
82.5242718446602,-26.1170798923188,-20.7546015603248,-2.06288461989453,-1.93180225255165
83.495145631068,-28.3410337803218,-22.4332090454305,-2.52226385500984,-1.64421980696047
84.4660194174757,-29.612907198577,-26.1298567221287,-0.825154737799697,-0.848705461626719
85.4368932038835,-32.5198837599414,-28.9223642836775,-0.586365115310361,-0.17164213138231
86.4077669902913,-36.0686715557366,-33.8588430632509,-0.208368167101431,-0.398785584018854
87.378640776699,-38.183143965165,-37.0105349890359,-0.278548693141365,0.599744973675758
88.3495145631068,-43.8536899401189,-38.6793821105362,1.15819972097046,0.820791085217198
89.3203883495146,-45.4980351429904,-40.3171621423906,1.81665525624,0.916311908309849
90.2912621359223,-46.0969164059682,-44.3853042287377,0.49974795652173,0.902696552223309
91.2621359223301,-48.4783879841485,-45.7405778221589,1.94902947790949,0.882333056200334
92.2330097087379,-50.0186705615832,-47.4970235953529,1.72479365816357,1.03606952876376
93.2038834951456,-50.0061325987303,-50.8672638425196,2.49385474370813,1.03605915709816
94.1747572815534,-52.0885918104649,-52.4648465743997,2.68291629568262,1.96533961672608
95.1456310679612,-52.8145456168048,-52.6109630811819,3.11598645034955,4.25458578480232
96.1165048543689,-54.9506088435454,-55.4259594629543,2.44838061286423,4.33279182711184
97.0873786407767,-54.4199100170285,-57.7785228058318,3.35806141453867,5.05223078227499
98.0582524271845,-56.5520096287914,-54.9488263247368,3.32979654644666,4.89803170838302
99.0291262135922,-55.2715177555436,-57.5831010346802,2.34680934381939,5.59616079490684
0,-59.2311205073067,-59.7537275804223,7.7632876545346,7.65104958343225
0.99009900990099,-60.482793473283,-58.400987388765,8.37731317662746,8.31705709453375
1.98019801980198,-57.5443172237541,-56.7215274685153,8.89210627343201,8.68040768617008
2.97029702970297,-58.1624201776556,-56.2799597559724,8.68352732486127,9.9250610052519
3.96039603960396,-54.3523968900744,-53.9307566358868,8.2096030919515,12.3207784833528
4.95049504950495,-53.067078089836,-53.3038859172338,9.77887410354927,14.3253555786903
5.94059405940594,-51.884179253363,-51.090103766953,13.1717200375034,17.9521850682671
6.93069306930693,-51.8591951982224,-50.1988115434237,16.5635936183224,17.8716745481926
7.92079207920792,-49.4940804902848,-49.7826797661852,20.0197069263037,19.7638660212352
8.91089108910891,-48.6940237603166,-49.7747054452115,22.5590388885066,21.5542469370205
9.9009900990099,-47.1823547476422,-46.0260591725609,25.381319130351,24.1246612198426
10.8910891089109,-45.4724155275107,-44.0385369977799,27.4831195537274,25.962916696032
11.8811881188119,-41.7144478615564,-41.5393059009169,26.8742216821836,28.3235250374978
12.8712871287129,-42.542589253226,-41.9575016648997,29.8483745724295,29.930301452986
13.8613861386139,-40.4575526752614,-39.1159220890924,30.2297105058835,31.1310385792278
14.8514851485149,-38.9612727107279,-35.9287335408036,32.5694845079602,33.7919139678143
15.8415841584158,-36.790979033676,-35.4535479461262,33.9446283093179,34.9187605549455
16.8316831683168,-33.9323298093911,-33.313739129113,35.0545909653766,35.2380544059284
17.8217821782178,-32.2682793294794,-31.3672684436649,36.289043468793,37.4947567447024
18.8118811881188,-30.0071580361783,-29.2197733092715,35.942217962037,37.4109268265292
19.8019801980198,-29.6253510202194,-28.4804723293098,37.019229669403,37.6670283497627
20.7920792079208,-28.0238690849797,-25.9164770210732,37.7098446501172,38.9867372036446
21.7821782178218,-24.1412937948234,-24.0172812550415,37.7415153895835,39.9443414652212
22.7722772277228,-22.2100951687611,-20.4069950621819,39.1748344134024,39.2746309565709
23.7623762376238,-21.7096496929068,-21.4731004837909,39.7971320167417,39.1620976331658
24.7524752475248,-17.3414593422651,-16.9168864727267,39.5072230122219,40.1210026589909
25.7425742574257,-15.8540392840225,-16.1848898631412,39.4428082843709,39.2340914723102
26.7326732673267,-13.6209632260017,-11.6879608301432,38.8902831307584,39.8311006313959
27.7227722772277,-12.094412215799,-9.5843037474839,37.2674362856409,38.2195492492154
28.7128712871287,-10.5309420358968,-5.94624300054296,35.5575576449574,37.1396667818926
29.7029702970297,-7.2047348662298,-4.95365685037463,34.315044265307,35.980331717291
30.6930693069307,-6.2790295261962,-0.896971122842179,32.8206768589719,33.5020005729531
31.6831683168317,-2.17139636989721,1.73863419015997,31.2271126459182,33.1296912703486
32.6732673267327,-0.08383273953764,5.39729887674632,28.6997045491154,30.8044332616303
33.6633663366337,2.75724269792859,6.91487513975177,26.5830502611227,27.1048912614892
34.6534653465347,5.62029518750048,9.02641278028062,24.7406535220742,25.18005956401
35.6435643564356,6.22445261705353,13.4806881801708,21.6980941748219,22.2743604697204
36.6336633663366,11.0771017431864,15.4182940452568,20.0456023403056,19.8149013754003
37.6237623762376,13.7797767785566,17.9108601161688,19.5430227806652,16.2898933943085
38.6138613861386,17.032464455741,20.4647906513556,16.728602534107,14.0031128624278
39.6039603960396,18.7670353803269,24.0984690690755,15.159228860436,12.0423421858554
40.5940594059406,22.9368051494264,25.5701828591891,13.7014972840865,11.4317624922956
41.5841584158416,24.1122857204632,28.3789768287464,10.9589404074848,10.9982335966714
42.5742574257426,26.6440582687705,32.6196517686273,9.30657819726059,9.2716722763175
43.5643564356436,29.6558736448761,32.5346821523593,7.73284145436561,7.71233423450942
44.5544554455446,32.2963442888409,35.9251656858693,4.69198232615677,6.41785625194969
45.5445544554455,33.7915100175356,38.0378596677002,2.47543499002771,5.43544361491774
46.5346534653465,34.8069783125384,38.7212228636114,1.45545209211283,2.40952724971368
47.5247524752475,36.4425658738936,42.0919441768064,-0.303656322328179,1.0565803310523
48.5148514851485,36.8703644827331,42.6397253839147,-1.04375157176438,0.14545490700965
49.5049504950495,37.573260635701,44.4632003575089,-1.43613700905812,-1.33187610970958
50.4950495049505,40.1226435115018,46.1564416025467,0.00715155508502896,-1.68146854551259
51.4851485148515,40.4739778219706,44.7841566351924,0.960635617730255,-1.19245936883862
52.4752475247525,44.313541713134,49.1535769524438,0.735758105497825,-1.14941606494394
53.4653465346535,43.8145441363082,49.3726896850608,1.09499234807004,-2.17269235188789
54.4554455445545,44.6493561842704,52.2044184819593,0.80398325654777,-2.88824151692519
55.4455445544554,47.7005804302982,51.1413126957779,-1.48512631109037,-5.02990738736404
56.4356435643564,50.3737355044889,51.4908069943906,-0.93108263941172,-5.40581494909726
57.4257425742574,49.69093484046,51.5633813448327,-3.13845873279885,-5.00290260010397
58.4158415841584,49.8963540104368,52.9742096013758,-4.52466144250184,-4.80296940028523
59.4059405940594,47.4017806045524,52.0160364929068,-4.20580662330892,-5.37812146974148
60.3960396039604,46.6056556943973,51.0859631832048,-5.239240082999,-5.99537485865205
61.3861386138614,45.4845187084355,51.0092948215651,-4.94515241252041,-6.29829926041706
62.3762376237624,44.6889188488328,49.8637713042445,-5.34564178389935,-5.79900252236745
63.3663366336634,42.9572575536658,47.5537412530485,-4.03633907544398,-6.23164016429156
64.3564356435644,40.9538735767687,46.2690928228617,-4.48365899609878,-6.36562667943841
65.3465346534653,37.4526576085893,43.8743122648756,-4.43331447509808,-6.377285744991
66.3366336633663,36.1222588477536,42.7625121695171,-3.89980927651748,-7.1027717358294
67.3267326732673,33.1952086446727,40.1684599761589,-2.90337917199066,-6.80440763978647
68.3168316831683,30.7917402831313,35.3454478936426,-2.52712226780016,-6.80747548629914
69.3069306930693,27.2053386183726,33.4009093666288,-2.83423535213586,-7.09631314571758
70.2970297029703,24.0352941670994,28.9829007058421,-3.2735830937535,-6.57381062142419
71.2871287128713,20.5651248697502,28.1077734048477,-2.74771672220667,-5.05545960385171
72.2772277227723,16.7475110785658,24.3648364735256,-2.70760641961492,-5.53179626121253
73.2673267326733,14.5194988524102,20.6562922645428,-3.15833855637867,-5.03859139913001
74.2574257425743,11.1175637287432,16.2418727521758,-2.86259848253496,-4.42052324023264
75.2475247524752,8.15397033302539,12.2743443251897,-3.84733237718543,-3.69113032031428
76.2376237623762,4.25784780920016,7.79458252567056,-2.17152019775674,-4.48121155941188
77.2277227722772,0.419900667364303,4.63942137570126,-2.90474854163844,-3.69477014404665
78.2178217821782,-2.08590478669598,0.918202072952855,-3.88603260721041,-2.50393298292379
79.2079207920792,-7.76267443963088,-2.16658029410455,-2.69484780003287,-1.98018946693883
80.1980198019802,-7.65332674920585,-6.30824193084274,-2.4319646514248,-2.29104194527171
81.1881188118812,-12.0992033378993,-8.92527111916887,-2.50831414714008,-2.71254916561616
82.1782178217822,-15.1324162662927,-14.2941920806742,-1.58357915096769,-2.87737287225109
83.1683168316832,-18.1349410696132,-20.2227909649438,-2.37816567712694,-2.31864801035511
84.1584158415842,-22.1957016918037,-23.1302158197595,-1.81306121729267,-2.2848106328611
85.1485148514851,-26.839754836079,-24.0092640545386,-1.98030141771053,-2.3970754928077
86.1386138613861,-30.7591940562707,-28.4361128692427,-1.9393154216887,-0.687205408189801
87.1287128712871,-29.9090037308617,-33.1475570901312,-2.14461934048332,-0.114777625540621
88.1188118811881,-35.6580523452325,-37.6224857162302,-1.18786403406897,0.972353619364635
89.1089108910891,-37.2000330427679,-40.1569498814954,-0.0569491305998891,0.979617255701394
90.0990099009901,-40.1174888226273,-41.6187133510231,-0.417278894282837,0.866172996198537
91.0891089108911,-45.1273056202216,-46.495310684735,-0.689786097481835,0.76565663719943
92.0792079207921,-48.4048854668819,-49.1690609309171,-0.800534090194408,2.06447549679248
93.0693069306931,-48.0039157013145,-49.3819464305477,-1.30992785088151,1.47123291691176
94.0594059405941,-49.5637626323854,-52.961326032715,-1.84841539316574,2.12529430758986
95.049504950495,-51.2545701343834,-54.8945156081834,-1.49022816410482,4.85418213359116
96.039603960396,-53.712768967569,-54.193268339012,-1.25514663325183,5.35148804710824
97.029702970297,-55.6292213938261,-57.6414091026737,1.52508530050356,6.13526168994414
98.019801980198,-56.8983777973379,-57.2316131261969,1.73553479243587,5.91068113968083
99.009900990099,-57.1022118402307,-60.0939701549783,3.63287548937185,7.83773521674591
0,-59.1321495071923,-61.4403457106052,5.76669847551074,10.076047213639
1.02040816326531,-60.5481201739421,-61.7039359277202,6.31945596040711,9.75973150010555
2.04081632653061,-58.5084690716277,-61.2613558600861,5.53248602976972,8.8786666802582
3.06122448979592,-56.007718361233,-57.6534260567958,5.1765530689489,10.9700434778667
4.08163265306122,-57.0957311426417,-56.751773021485,7.13315791761462,14.9285346954133
5.10204081632653,-54.9277403275522,-55.0783219639495,9.38702795072401,16.2419619796362
6.12244897959184,-52.6402465447047,-52.6933708814341,12.6934509407322,19.5005402948069
7.14285714285714,-51.3356365782242,-52.6973452969663,14.8177777593705,21.8954636494794
8.16326530612245,-48.1811482379895,-50.9879219459177,19.5690649489033,24.3665391071366
9.18367346938776,-47.6373138577933,-48.9172789480311,21.9136033136733,26.1246895106375
10.2040816326531,-45.8486987863368,-47.4443379066859,23.8594884275668,27.990909668946
11.2244897959184,-46.017826908497,-45.980627972995,24.9487656605155,29.6206971600081
12.2448979591837,-44.8173673829726,-44.4470012565419,27.5638327527108,30.9268587824746
13.265306122449,-41.6895910200296,-43.9960906288619,28.4598878011384,31.4955820219138
14.2857142857143,-39.7806045333226,-41.9054846440509,30.3822492841266,32.0591120946039
15.3061224489796,-38.2307021908732,-37.5784462575587,32.4977686186713,33.0653869210165
16.3265306122449,-37.413486619647,-37.2731172948508,34.3881023196543,34.0642748926607
17.3469387755102,-36.9263423836293,-33.930615564515,33.7797562594064,35.2712356365104
18.3673469387755,-31.234173181355,-33.4870743709947,35.1749334602942,37.6004324246746
19.3877551020408,-29.4078687248114,-30.0274862355985,36.7539085598077,37.6571567018716
20.4081632653061,-28.7933188123636,-29.4164940737201,37.6914557035204,39.0380809175177
21.4285714285714,-26.720841695173,-27.9575436256522,38.2242741961422,39.9394173314033
22.4489795918367,-26.0241200875796,-24.6035749709603,39.0573960998455,39.1702729907187
23.469387755102,-21.5564980615393,-22.1592219538798,39.4676449610183,39.8235130536761
24.4897959183673,-20.4620412431685,-19.9509833848523,39.3850863936852,39.0897898722062
25.5102040816327,-18.5284055527015,-18.1743184485878,38.7987329913152,38.3326087976244
26.530612244898,-16.743403734579,-15.9124457452591,38.8868854528031,36.801198152103
27.5510204081633,-14.5314297522528,-12.0149788892436,37.6383987929371,35.6492462631933
28.5714285714286,-11.1576839767542,-9.84086279087138,36.8314730156793,33.7324498505608
29.5918367346939,-9.98088973024736,-6.05048853279901,35.3810245513454,32.6759177497273
30.6122448979592,-6.49669150038385,-2.58960641224382,35.3912147938778,32.1999296705609
31.6326530612245,-3.03931849924663,1.35725798376442,33.1545659452376,31.2908041670398
32.6530612244898,0.734274563740639,2.73823464238367,30.4841030538635,30.0796284701417
33.6734693877551,2.76089020054625,5.01588148184041,28.7928514251871,28.2401624929959
34.6938775510204,5.63776363690288,9.60845321899789,25.7109924358507,26.1106735275466
35.7142857142857,6.54640183336391,12.9048987534589,22.4378631494911,23.6321361572831
36.734693877551,10.1924017652981,14.6231772198724,20.2109937580003,20.7428327679622
37.7551020408163,14.5615808605193,16.9626327522366,17.4261963200551,17.6742004577047
38.7755102040816,18.9628038639946,21.2204937346324,14.418348315836,12.9178027439561
39.7959183673469,19.8388249724464,23.696883051065,11.3793257272718,9.48151521399677
40.8163265306122,21.6385584912587,26.9636455295981,10.1590922401519,9.01746212214961
41.8367346938776,24.7040488918278,28.4802912854442,9.1487837096895,8.6650403443514
42.8571428571429,28.7869999155869,32.3748776635761,6.41287584131665,7.07798276961019
43.8775510204082,30.8973580271756,34.7241130648108,3.70381780341319,6.19707879703962
44.8979591836735,31.6754877847183,36.738588411785,1.82015581677194,3.88655213753644
45.9183673469388,34.5032163361687,36.9466951328205,-0.555889759008493,1.72201644471185
46.9387755102041,35.0918165778815,39.4919772014631,-0.195024518824194,1.94151508413521
47.9591836734694,38.0304972178699,41.6134186637791,-1.5843006769713,-0.195532962714205
48.9795918367347,37.4440165939771,44.4018791468618,-0.680628448744184,-0.392691749704156
50,39.0284836045405,46.1794995740625,0.0743581791823179,-1.07700032504765
51.0204081632653,40.2377847032062,46.7753162990468,1.33512306934588,-0.722540276619185
52.0408163265306,41.4117356896208,48.3971078945573,1.91468511646128,-1.10049965662867
53.0612244897959,44.3401776342557,49.7503095641382,1.94707727363531,-2.81073404336024
54.0816326530612,46.2922115608326,47.9416514470893,1.67868062314647,-3.62049476454679
55.1020408163265,46.6428435922376,49.8789313679662,-0.222348135659023,-5.22244940884637
56.1224489795918,45.2519189598144,50.7895547631026,-0.909307137857944,-4.59426357889334
57.1428571428571,47.587911497463,49.5217935565194,-2.93301600225679,-6.31067292073257
58.1632653061224,46.5143172147585,50.2229687691905,-4.27425592070967,-6.00413675256758
59.1836734693878,47.2338696548609,50.4270692225245,-2.4525938708567,-7.39890919813467
60.2040816326531,47.9178573239859,48.2139640380955,-3.50617047064494,-6.12680991361216
61.2244897959184,45.9597114583949,47.6412657327895,-4.04558506265807,-5.00523169264889
62.2448979591837,42.1739176275802,46.806335055723,-4.70145904458736,-4.90935054119759
63.265306122449,42.3538819625277,44.2414542315344,-4.82490817490305,-7.00754959261978
64.2857142857143,37.4944594097185,42.7020765143909,-5.02112393541279,-6.63658743014026
65.3061224489796,35.5464333602826,41.3129531862095,-3.48191574040543,-6.72811987196738
66.3265306122449,33.9904379075016,36.9568611164781,-4.13887223463253,-6.42816223606986
67.3469387755102,31.3057089497451,36.9532803754144,-2.96058062271972,-6.64603285884305
68.3673469387755,26.9070710475101,32.5480653236886,-2.7989479990659,-6.44171544816392
69.3877551020408,23.4623577041029,26.9765326990986,-3.04524596198837,-3.86042091604905
70.4081632653061,19.552424046348,24.0198566771887,-3.66883303864973,-4.70778958851076
71.4285714285714,17.7669048801745,22.0830662518894,-4.02874613999201,-4.08685451830647
72.4489795918367,12.1173043578648,19.0016808829066,-3.28072061761182,-4.44620447210928
73.469387755102,9.76952255426542,14.9189211644307,-3.50181091159243,-3.35375172187773
74.4897959183673,4.92578868757493,10.7909028788503,-2.81423014832286,-3.83385528776348
75.5102040816327,3.30195846396033,6.62441915474598,-3.20101481866192,-2.76902704696146
76.530612244898,0.255462787245032,3.09040383906708,-2.79884507266447,-3.27631271559382
77.5510204081633,-4.88876943815895,-0.292234973335447,-2.83198493948507,-3.32444669744989
78.5714285714286,-6.6938000389679,-2.52985938499217,-2.63254288235629,-3.25083970529969
79.5918367346939,-9.28563553837485,-7.80107297204572,-2.09508399982025,-2.58112005052305
80.6122448979592,-12.8788801676169,-9.83553907966761,-2.40903230960102,-2.66894950680628
81.6326530612245,-18.1352459763241,-15.4650358734804,-2.62032794386262,-2.31235088901559
82.6530612244898,-21.438611624622,-19.0802748203356,-2.86956723154684,-1.81792410605862
83.6734693877551,-24.9883114889256,-23.4066210802829,-1.82454940478558,-1.16445654576882
84.6938775510204,-26.5569229937663,-27.7041901101802,-2.58093419238744,-1.51370096131828
85.7142857142857,-28.5844612985021,-30.8830232848162,-1.77050001143826,-1.23025426378989
86.734693877551,-34.4845448165254,-33.8235700433838,-1.77223504410074,-0.348877882606562
87.7551020408163,-37.5087383731526,-36.7611694547338,0.134717613711748,0.0216278367008076
88.7755102040816,-40.5618227563564,-40.2473655845771,-0.716873053903102,-0.445359282352036
89.7959183673469,-43.9680916355562,-43.2228973283865,1.04040286751449,0.221500754062799
90.8163265306122,-45.5170296271607,-48.0161992909396,-0.451069416981504,0.612859138154187
91.8367346938776,-50.4632756743419,-53.110560883955,-0.835374860413154,2.00850128387608
92.8571428571429,-52.0956292585612,-55.2130496421364,-2.43760389080821,3.38771143803863
93.8775510204082,-54.614888252783,-53.8708892657097,-1.81132305144235,3.65561253031659
94.8979591836735,-53.6509363473546,-54.6183561480396,-0.103405492574241,2.10025899319434
95.9183673469388,-55.435255032024,-54.652215150832,1.1682426502876,3.52331826963806
96.9387755102041,-57.5125692574548,-55.7554314507132,1.55659989279386,4.22170746907788
97.9591836734694,-59.0231328085754,-57.3001540776335,4.22590167885128,5.08240119379412
98.9795918367347,-57.1030202531871,-56.8309595123534,4.49240633300201,5.52355939139776
0,-48.5439241673526,-52.6058838812449,8.32755938129508,8.60686884199667
1.01010101010101,-47.9781855637676,-51.9178863954365,9.51369013598048,7.31538717319096
2.02020202020202,-48.9073049179312,-53.0316385004191,7.53186854830775,7.72855225679088
3.03030303030303,-47.4414435305345,-49.8248014464119,7.84232613582177,7.54225971142429
4.04040404040404,-47.2500596525149,-50.1789354644562,9.13017659822735,9.42195102125117
5.05050505050505,-47.4564229745493,-46.510908209318,12.9046374906012,13.4890429636263
6.06060606060606,-43.2668787398043,-46.1286591947046,18.6748913731246,17.5630812110237
7.07070707070707,-40.1389472257159,-44.0538827081759,24.1805849207158,20.4349847913911
8.08080808080808,-40.3611094061918,-40.7134892205608,26.9860237847693,23.6312350603486
9.09090909090909,-40.5397109570693,-39.5652709962434,29.7822801137921,24.1161381731355
10.1010101010101,-35.4743101609495,-35.5612740067911,30.6242748296191,24.4363571315902
11.1111111111111,-36.5151389876531,-37.4941353431131,31.5757603315566,26.0340205619542
12.1212121212121,-33.0623380985164,-34.7577642014974,33.6193339635759,27.688125118628
13.1313131313131,-32.8365623673246,-33.3019105774971,36.1270923564349,29.0024755415596
14.1414141414141,-30.1111337310826,-29.9488945405101,38.9789179200994,30.8320487957962
15.1515151515152,-28.2384511333998,-28.834902697224,39.4827218234681,31.3534020548161
16.1616161616162,-27.3243649534744,-27.4194744679025,40.4907223595494,32.8054001885072
17.1717171717172,-24.9798439093666,-26.5732221033537,40.6089433236591,34.0465484304586
18.1818181818182,-21.5588030189365,-23.3828800074245,40.1720423840983,34.3139414752427
19.1919191919192,-20.4997329434819,-22.7579329694786,40.0647015668447,35.5715066435453
20.2020202020202,-14.3689657994043,-18.8529774440887,40.1282564276036,36.1850409327107
21.2121212121212,-14.3066849747093,-15.8577940404802,40.512739394845,37.5521797181567
22.2222222222222,-12.6353883441203,-13.377375732462,39.7451321132376,38.3100553043524
23.2323232323232,-9.93236656098838,-12.698713861764,39.2282741375676,39.0167883142066
24.2424242424242,-6.15748309081377,-7.05018462886918,37.3094706665628,36.5688443865427
25.2525252525253,-5.64593562649112,-5.64310938057188,35.98462607261,36.0825504438628
26.2626262626263,-3.3369553585239,-2.21697821456526,32.6912713773441,33.5831749733181
27.2727272727273,0.799093629435043,-0.433422712070021,30.3440488065133,30.7978662717115
28.2828282828283,1.91896401796129,2.5713642086277,26.3651695768117,28.6008816477128
29.2929292929293,5.08464365991396,4.57560803592692,22.5209954595201,27.347675746998
30.3030303030303,7.53874439313709,8.94395640284351,18.3320730663831,25.2586818204667
31.3131313131313,8.80106631392278,13.0367479518073,18.2135300090355,22.9476172348051
32.3232323232323,13.0115817345415,14.2388909478838,17.9117520479607,18.9508021094715
33.3333333333333,16.847457195292,18.5337282157432,18.2546099247468,16.6976285895614
34.3434343434343,17.8777749466992,21.0687236080638,17.6298281845614,15.0908273158766
35.3535353535354,21.1827153360962,23.175211983004,13.7935587782928,14.0886082404971
36.3636363636364,24.9070545970628,25.4981273323606,12.6879590265479,14.6208877991142
37.3737373737374,25.8474694753471,27.688408955506,12.0134414682893,13.2470916164398
38.3838383838384,29.2112947022887,31.1618298718988,9.65585271381608,11.8839524716285
39.3939393939394,30.7704115516206,33.6385641814614,8.659745091326,11.3094125935633
40.4040404040404,34.1804987170414,35.1003604983277,8.54503619274385,7.23548008097971
41.4141414141414,35.6198984599369,35.947363621405,6.51724381940086,5.70640352193441
42.4242424242424,36.5205478804517,37.6539010520171,5.9269090101373,4.3521742244869
43.4343434343434,40.3535713238205,40.9260234211706,2.54240194278655,3.28320029632723
44.4444444444444,41.4142244103854,41.7439487549678,1.75633944511284,1.50656368323705
45.4545454545455,42.70849721789,43.6564859667644,0.873577107901501,0.687324560106363
46.4646464646465,46.1844343963895,43.3915689985408,-0.552597307151395,-0.413479253236887
47.4747474747475,47.7907703750542,44.2298281909995,-0.382814349912644,0.0414961855982392
48.4848484848485,49.4807559405559,48.0785919184486,-0.777615269153736,-1.44631604911964
49.4949494949495,52.4261491517039,51.5985324982966,-3.18495261985821,-2.84142159342357
50.5050505050505,54.294709366398,52.5112443556863,-2.54128242621263,-3.08153803938625
51.5151515151515,53.5307193362658,54.3605438699925,-1.9960134122792,-2.85355266599041
52.5252525252525,50.9485507707096,53.9945939777179,-2.65057092601126,-2.86934623696988
53.5353535353535,51.9349743702017,53.7001221834225,-2.65835984510775,-1.96080336397259
54.5454545454545,50.9966210430413,54.5684160740573,-1.64868515483073,-1.31154778551924
55.5555555555556,50.2691082014055,52.1920669835261,-2.24148086550325,-2.11381816359486
56.5656565656566,47.7417264057862,50.2859240737684,-1.97672780735705,-3.00124478642477
57.5757575757576,46.7030495773926,50.395787105159,-3.5886959601103,-3.64265458071892
58.5858585858586,44.359969500728,47.0040084632459,-2.8964194793372,-3.82049298180332
59.5959595959596,45.8414903366645,44.9768525576638,-4.08115648788452,-4.25237300205999
60.6060606060606,43.6435812968119,43.8386442366595,-3.44288744250428,-3.74405855289522
61.6161616161616,40.2920784694558,43.5097747195896,-3.88888604739993,-4.01550523183263
62.6262626262626,39.1630458230985,41.0019090785974,-3.70071240540059,-4.31704665709914
63.6363636363636,37.8147981867988,38.6124804659708,-4.07210748800583,-3.55303637925041
64.6464646464647,34.1523352415208,36.5831749604957,-4.57689767648575,-3.43428930334423
65.6565656565657,31.7771752291931,31.0843249875418,-5.04794899421065,-3.54973666169643
66.6666666666667,29.1962139315465,27.4607860728794,-4.11757816774143,-3.77533135360936
67.6767676767677,29.4272537201607,26.9708921806469,-2.0986201637488,-3.93495321338492
68.6868686868687,25.6129841588203,23.3041759915874,-2.70463250986187,-3.65470800385025
69.6969696969697,23.3915669273216,21.5926592459165,-2.31594746446928,-2.71795737947956
70.7070707070707,21.379518993837,19.7348157202878,-3.22282989171985,-1.7951295688588
71.7171717171717,17.2109285675171,15.4388211584876,-2.45069905295855,-3.07296434458892
72.7272727272727,13.4141871289775,13.2976369028632,-3.03387299643516,-3.26585910407082
73.7373737373737,14.5286778089573,11.4667139965358,-1.8261491841093,-2.26512110500691
74.7474747474748,9.0871538657182,7.12607988661955,-2.23131840481339,-0.982955162333283
75.7575757575758,5.13867179551362,3.34455899819411,-2.5632654401886,-1.77416996748237
76.7676767676768,2.77612581151566,0.9586718768174,-2.19557967588365,-1.36934736392833
77.7777777777778,0.51281564836335,-3.5305081138547,-2.61476417155169,-1.54296918210435
78.7878787878788,-1.46839436669355,-5.07563373167344,-2.13483420720924,-1.01299910455646
79.7979797979798,-6.05067660749696,-7.63152857287054,-2.63370323176649,-1.79781872613241
80.8080808080808,-7.18287770018417,-12.2754967747544,-1.88363795569371,-0.995931476796922
81.8181818181818,-12.1544164707479,-12.5290677477186,-1.36960292842003,-0.92277511450327
82.8282828282828,-13.4908115372685,-15.4551199016055,-2.70466426553897,-2.11745332429617
83.8383838383838,-14.861899696679,-19.0527958108826,-1.40453352436528,-1.23384990246951
84.8484848484849,-19.9325001204287,-22.0088530527957,-1.12059188288462,-1.71596485315696
85.8585858585859,-24.4194274013032,-23.7322135399396,0.341786912136164,-0.20518759028508
86.8686868686869,-26.8678774934198,-29.2834916644184,-0.530549005552136,-0.598044913535208
87.8787878787879,-27.1142727581727,-29.0446756355027,1.28381607329412,-1.10226139589792
88.8888888888889,-29.0727386394141,-34.0973603955441,0.640317541416124,-0.536630126177932
89.8989898989899,-33.3446553814222,-38.7049918607944,-0.318078387423364,0.525836681439665
90.9090909090909,-35.1600680872207,-41.763350238021,0.716577807654654,1.10064603897719
91.9191919191919,-38.4376490427345,-43.9555642321481,0.45123862616663,2.50611683566811
92.9292929292929,-40.5693416553391,-47.2695562848563,2.31025138227123,2.17088193136456
93.939393939394,-42.1026824538809,-47.9833188420882,4.15988962293092,4.04643909920745
94.949494949495,-44.8715418177767,-52.7694961200621,4.46102252029318,4.48339229120001
95.959595959596,-46.881459186244,-50.9269269557212,2.00439183333166,5.0664106493552
96.969696969697,-46.0620427834477,-53.7152727921749,6.06380769753738,6.33838702101144
97.979797979798,-49.8640407800506,-53.0664170259713,6.39145798578654,9.79681949347688
98.989898989899,-49.0056174355805,-56.0666075633721,4.14322217183938,7.49280453032248
0,-42.217207157115,-49.0885893683265,8.97712222300595,7.57846461031344
1,-40.5130346242475,-49.3468963009727,9.18416336800943,8.14802505124084
2,-37.9294842109549,-48.3342622836042,8.95929209249154,7.4131328472316
3,-37.1111412693151,-48.4650852780372,8.67642081634065,7.77144827281529
4,-37.6446915750458,-48.4037647875563,14.1638068939582,8.8764190636067
5,-34.3569617051469,-44.4782786476192,18.3197401115392,10.2736541008224
6,-33.0060798712902,-43.1053092758883,23.1240019973496,11.9595394929702
7,-32.5258353065153,-38.5513506056037,26.9954186426211,16.6255932836051
8,-30.2855709293322,-38.2485533493707,29.1332929942195,17.8918526594811
9,-27.5317846854941,-36.4550633838571,31.8883463038902,19.5450897680673
10,-27.0411733116542,-34.5462397824969,32.5951705272249,20.8410385805547
11,-24.9562455269948,-33.6726883712733,34.5731838520343,22.9270692117163
12,-24.1780711938124,-33.805816242872,36.1270381343467,23.5554142550809
13,-20.753399843115,-31.4635513220302,37.0969503831087,24.0416078799164
14,-18.7427484530209,-29.2203089790234,39.0645844067726,25.227432959132
15,-14.9552210133805,-27.7279727494684,40.056526705548,28.1815121501523
16,-13.9945591726004,-27.4211048340052,41.0506411129841,30.5517965353999
17,-11.1734097925493,-22.5947037545663,43.1178467078171,31.0322922390908
18,-8.65929035086243,-21.8714804113388,42.9068500852567,32.6769204884883
19,-7.47124420294561,-19.7191696671718,44.1378677107041,35.1852187787077
20,-4.09481234354325,-18.2319472364827,44.2756806331912,36.26170095898
21,-3.53249488028062,-13.4999989658401,42.1790658987143,36.425993866423
22,-1.84907882028374,-12.1811792420216,39.8467942069889,37.8428717482188
23,0.259683319294576,-10.6161664139386,38.2164361929643,36.0398703842876
24,3.85100009794997,-6.39823936335769,34.5101025995192,33.9301145853664
25,5.80679660639771,-6.53274388224822,31.3657219706825,31.8143772187386
26,6.12184952673081,-3.07701303777518,27.469912138363,29.2319228240648
27,9.95356688594587,-0.993795658015663,23.9630254183802,27.0937620977536
28,12.2173245259712,1.83068989754991,21.9561932528634,23.4858134089912
29,13.4877010794723,4.33358738453077,20.9262967905597,20.8690259292727
30,16.3732491047597,6.05914094337211,18.8933281278929,18.505442085784
31,20.629553001995,10.9426828682559,18.4106186418381,18.5450170295489
32,22.6294807476085,12.6749554080407,15.5217030802677,17.7484069895
33,24.9207158914904,15.9352267865498,14.7017556410333,16.649449193802
34,28.6237571407333,19.6191785327011,12.8629977263462,14.5691834752777
35,29.5910134584375,20.5685930554399,10.9635476756924,14.0903214337513
36,30.2559185884747,23.5298266985914,8.51713912639506,13.4007204489879
37,34.5876663461805,27.1762305777502,7.785020065962,12.0403011429866
38,35.6496270451708,26.2200700352084,6.14104730837436,10.1765516200131
39,36.1287561989814,30.3815840631988,3.43148630922481,9.58998484930554
40,40.1040656009769,32.6107882967684,2.56831156776525,7.70420644909784
41,39.741330125115,34.1302130417831,1.79186410514798,6.30843473265461
42,42.693155149088,35.1723838912878,0.248807164546649,3.56905478619288
43,44.2119119771792,37.3359168155277,-0.0640543513909022,2.92135352445863
44,45.9474087599717,39.8879449144401,-0.458278266611016,1.13913843806595
45,46.9045268543839,40.366401833039,-0.314637537819505,1.452014546527
46,48.1198660437391,41.4687513826423,0.571577723892363,0.683474376841204
47,50.2640206231009,41.7406825919666,-0.465367550677501,0.706284886803338
48,51.9662985930801,42.1664539179636,-0.377467553776278,-0.907096425039201
49,51.0411222067772,46.7298019165101,-2.24932347470136,-2.16645120304978
50,50.8798906168836,46.6066800290593,-3.14225093561511,-3.60070174004382
51,51.6377406852164,47.936916882134,-2.92205327268167,-4.03080641539663
52,50.2681700736455,47.856644874493,-4.0797461719662,-3.38241584053927
53,49.5187671825034,47.8159965549895,-5.51808793274075,-5.47622978737373
54,52.142171768563,49.0336151044446,-5.31865126549424,-5.7900209935594
55,50.2008074903064,46.6773018699309,-4.39200313458869,-3.95801075238585
56,46.5940143511299,47.6728733841197,-4.71211757847665,-4.45001708216462
57,48.8302256796174,45.9049611482106,-3.823856713154,-3.82440572775926
58,44.1967085173912,46.3758862797913,-3.27793135846103,-3.53160549045068
59,44.7454640087378,45.4131625564572,-2.73263446005121,-3.94355176564458
60,43.7641272445563,42.2891752947437,-2.98066229483705,-3.43751436348608
61,40.4852593203348,40.6013380505607,-2.75710338606019,-2.62568912375857
62,38.9467919830446,40.5460523499751,-2.56475190158908,-2.80461747720487
63,34.9304804300372,37.5762452859325,-2.27675112393706,-2.89087306478655
64,34.2881520335017,34.7915974126349,-2.48490958499202,-3.29385020205496
65,32.711475470984,32.3483590913463,-1.73497418404303,-3.08332161789696
66,31.3667105071586,30.7060240151404,-2.9627922199973,-4.00847728756208
67,26.339157361796,29.0859816122829,-3.08876544233952,-3.35139006025106
68,23.7886760072316,24.9586950222576,-3.14518512591315,-3.55268136960741
69,22.0702860973276,24.2335413021171,-2.35149022622745,-3.94835391938835
70,19.778594302044,19.5659923657448,-2.06607959622027,-3.24768861707448
71,17.1235192471156,18.3075143265376,-3.4408895058933,-3.41622143675775
72,14.6454407992838,14.1024244884227,-2.15071624805157,-2.57739750699418
73,9.84069423847417,12.8274468561814,-2.5473533116376,-2.89070076943111
74,8.53964824488046,9.57708528253617,-2.24066242240633,-2.6044869697178
75,4.07875430035296,4.93906862484214,-2.09147228692667,-2.78005493059224
76,2.65962518794867,1.22376313178535,-2.11264544208693,-1.43552240690501
77,1.18881430420843,-0.151694416420414,-1.55141237129451,-2.12859668786488
78,-1.17686228023558,-5.09399668166258,-1.74257211077061,-1.59750749282797
79,-3.07148246136117,-8.19983567948358,-1.35490075542317,-0.993402447740893
80,-6.41698046888446,-9.64013649289075,-1.51465837834355,-1.78067979552428
81,-6.42746216901863,-11.3790029928524,-2.69888195743402,-0.884037318046982
82,-9.07214807451577,-15.876705536319,-2.02243020203334,0.128958516542131
83,-11.997702009672,-18.6532357616474,-1.53762951748235,-0.601673080107007
84,-13.8157610441363,-19.529512762868,-0.981652939073848,-1.3375748046511
85,-16.2770191076414,-25.5464256516487,-0.280385084042966,-1.5331219794895
86,-19.6401067793615,-26.8361251373858,-1.24210970422087,-0.339922229731738
87,-21.1730818965725,-30.7678428585679,-0.69970752166799,-0.519653671916613
88,-21.9851168853792,-31.0528631359645,0.381270404132742,0.508635397836566
89,-27.0614515845262,-34.6613257410425,1.48909045867789,0.624033389824855
90,-28.1587386969233,-36.4256945098226,2.27851051413212,1.68221210059899
91,-30.4462590973143,-39.0093879686422,1.9073207471632,1.3316056325274
92,-33.6902520380055,-42.003839210675,4.03276596411055,3.20989308937964
93,-35.1931216889583,-42.5869682002255,4.86423616867621,2.85276141896172
94,-36.0605479753146,-46.0293987479431,3.81168463538457,4.21792175630331
95,-38.8877527342461,-46.7815083888913,4.93844675147977,5.00428749380274
96,-39.2299837369846,-48.5828028869432,4.15228266582832,6.54960519996205
97,-39.3004978362312,-47.7696590661669,5.5026671311961,6.42304001853361
98,-39.04843246338,-46.946270204428,7.1907991735257,7.83385892251767
99,-40.2076373868322,-48.0472508672626,8.5732471464899,8.56554532233682
0,-45.5416321255204,-58.5070622279383,8.81306431668044,6.65876937559635
1,-45.1388053166299,-55.1757401463183,9.16273081612064,6.78817518426098
2,-43.4411827710571,-53.759671988076,11.0112276811414,10.5046422701668
3,-42.8236313733027,-54.6522508686356,12.6460970239643,13.2015464309139
4,-44.1003949622195,-49.551171692951,15.2547089261066,18.602133627956
5,-41.8234245512716,-48.0096540539151,21.3845527809698,22.4258512661363
6,-39.4742897543887,-46.6546572399762,27.2492353750525,28.5509686137464
7,-37.8842716096113,-44.0503995273153,33.3893230747703,31.4751540318968
8,-38.1112142466668,-43.3562946657808,38.4224585440341,33.3701104503437
9,-35.5462655857762,-40.1890770928637,41.7623991099524,34.6532783374083
10,-33.3226795304744,-39.2838566246324,43.2320470167611,35.1348536253232
11,-32.1005423638367,-39.2111438291056,45.5638646700532,36.9939207115103
12,-29.6208445125569,-38.0877185111013,47.5491401006556,38.5995500866675
13,-27.7356074460165,-35.61282629451,49.1744890425443,40.0006000345457
14,-25.8100634547293,-32.1614561977036,49.9781876158527,42.2528581271075
15,-24.9028042323615,-31.0819034311574,50.4052236637793,44.3035152674921
16,-21.5288777606429,-29.271082493303,50.528480648921,46.1081377019899
17,-19.9812896003738,-26.6297537045903,50.2744193927391,46.6194621208247
18,-16.9771758334182,-21.3080940178045,49.9851866434461,47.1059414869989
19,-13.5094071280104,-20.322947005271,48.4839742295894,48.3512008498294
20,-10.8995297175534,-19.4860499178887,47.5523785193582,48.4822712192988
21,-10.7255417531429,-15.8266061375577,45.2662862172519,47.5719600827549
22,-8.41579171482914,-11.3921702814799,43.4983371288387,46.9780895107802
23,-5.45731921466218,-7.65524719269071,41.0634781731547,46.4073021880598
24,-1.25254420705634,-4.73569925608891,37.7181625154296,44.1536052500601
25,-1.09722181715042,-3.47662615803899,33.8818562608251,42.4594603822891
26,1.47408822630962,-0.412848641914857,30.558261262181,37.0639395395856
27,3.52494353316634,0.829795358199739,26.0600769298202,32.7913145050019
28,4.91544843886608,4.84509935782668,23.6037307044343,27.7668977611182
29,8.10801625599646,8.7875977781781,19.3902321970229,23.2978022380257
30,10.0927744378948,11.6822648905692,16.3000675763895,19.4029414435706
31,12.3374563551146,16.2969742577346,14.069699447986,17.6186131387343
32,14.1289059660963,17.6362828538748,14.0378275727555,16.5475475798836
33,18.036255104667,22.1969216907282,11.8072532395719,15.8775233693411
34,19.6413842923608,22.0655325758087,12.557773811873,15.1367925175551
35,21.2845641117016,25.7442018710132,11.3958185918328,14.1581351013909
36,24.0276786494192,27.4125579411366,10.9055173288165,11.0851384064057
37,28.8235032760133,30.4968453650443,8.3374192203647,9.16815686708248
38,29.9991887505098,33.9464257304501,6.03814416084136,4.84000411037511
39,31.5199487602198,33.5292939626839,3.30630731640373,1.86765318942496
40,31.5012748040846,34.8712652319978,1.719431494196,1.07680022414939
41,35.7567508105775,36.3064998179941,-0.397595239429126,-0.90285182186111
42,38.6749468647308,36.3200680273978,-0.169402738731848,-2.42894825595905
43,39.815182510739,37.9887644007832,-1.90579638492871,-3.91884132528249
44,41.1324762209723,38.1764625749828,-3.77638941708741,-4.38692598447441
45,41.5115166944882,39.9193216249484,-4.15444900497802,-4.05246126743634
46,41.8296138610957,41.5505170762864,-5.00740735285436,-4.00232331005684
47,42.8247154452564,43.0884208023939,-5.36409005301745,-5.55799744942534
48,42.7183705637033,43.0016470816326,-3.97903053012315,-4.87071019179886
49,44.113530261372,42.6401414320686,-3.14338679842263,-2.77109607587413
50,41.4146345198103,43.9768731069714,-3.82086794471183,-2.99860896568818
51,44.0745432783914,45.8191560279868,-3.42281668509348,-3.32257746130191
52,42.3362884662874,42.5579188530321,-3.40822243647988,-3.21542126980469
53,40.3943096122668,45.2369350222119,-3.15454473403112,-3.31769115654406
54,38.4803688724331,44.1731677690099,-3.83002515331226,-2.81315099473876
55,38.7922935208889,45.8779353463931,-3.13804916089977,-1.94957796327267
56,36.2162104689852,41.9654306322383,-3.31700049887663,-2.43102598377198
57,36.9353490460393,40.3610910774291,-3.70849093732506,-2.38219100632681
58,34.1454153080656,35.961679540512,-3.02539418398958,-2.26733563053168
59,32.2435494876337,35.1090148287128,-2.40113981949891,-2.91138572891794
60,28.0812533794874,31.8368115323332,-2.5858640296801,-3.4178529635537
61,26.8767284046586,31.950988372989,-2.25541766978668,-3.40108658653181
62,25.4616608926187,26.5120680612498,-2.34429809615192,-2.72667878452778
63,21.0326718740177,22.8200180939479,-2.27370840271509,-2.57428809565261
64,21.7677555028881,21.9853242439454,-2.22081765621999,-1.6410200437419
65,18.6763110498294,19.7514992743936,-2.25555548033524,-2.74428645778926
66,15.7497737410916,16.3483476632341,-1.68807376098269,-2.07954923074112
67,14.7407451236826,15.4590090655058,-1.72610900033075,-1.26216418899189
68,13.003875199,11.3791907573753,-2.14826497856215,-3.0477225852491
69,11.413887908546,9.56611840955901,-2.11291479876761,-2.0718666565971
70,8.04405078169537,7.17196376642471,-2.31085926930752,-2.01476806218407
71,7.67468934439643,4.66468615896752,-2.29253310240489,-1.04594337532194
72,5.96649852892578,1.63829222598716,-2.91939721507675,-1.59205963804234
73,4.91746341518799,0.504236381917337,-2.67786966654982,-0.96081660923476
74,2.74505037093829,0.202287599273717,-2.66907375137713,-1.93203507220445
75,1.23635287508264,-3.56803702708121,-2.8213088915735,-1.00580468065733
76,-1.32286410150984,-7.33639476368107,-3.05187213948642,0.076159518176768
77,-1.95577763387597,-7.48307852238733,-0.878752746446759,-0.904423574558461
78,-4.42931719239655,-7.9504535571995,-2.13110330682818,-0.556602869269266
79,-4.61220617755353,-13.8659447695547,-1.5386135204532,-1.58821017067838
80,-7.20413174201767,-12.1518115092985,-1.33400499940405,-1.12327361145082
81,-9.01025503560836,-17.505525894532,-1.3749283473433,-2.2571488703184
82,-12.8915464666946,-18.8571711469564,-1.99966245191096,-2.06523683936369
83,-14.6594283257417,-20.551825175465,-1.89961626531388,-2.31083959707097
84,-18.5307725399423,-21.6191015205389,-2.08667804823461,-1.45122989131551
85,-19.5752085707297,-26.1512131206617,-1.22127641239707,-1.89927476430955
86,-24.6332843658194,-26.1628204460765,-1.08758168971798,-1.80004512794334
87,-26.1458973807362,-28.5340754886748,0.0702080607286275,-1.7877300641616
88,-27.931720416471,-29.2410172570149,0.827243205052966,-1.53048350299441
89,-30.7800658240307,-31.8820454987216,0.33059598576318,-0.49828779592133
90,-31.2073806538408,-36.0047018357879,1.2278373246034,-0.0910986179606646
91,-36.4342098292857,-40.5148732587564,1.12025048265908,0.272140799992947
92,-39.0373610072263,-45.5630661239179,1.15454572282528,3.64437317593887
93,-42.4188001387337,-49.4472411903676,0.935254480111475,0.510275593185933
94,-43.7017813731205,-49.8970802021208,1.2127900237602,1.40764985508036
95,-40.6945692151642,-50.4325029167998,3.42974904597038,3.53596021080899
96,-44.3647420635946,-51.3530143918594,3.08099798166755,3.77163904736203
97,-44.7031795617318,-52.2941859394997,5.02989756520138,4.00708974052334
98,-43.9590924189881,-53.7457813305485,6.01105403147545,5.25885509400197
99,-45.4172744225892,-52.5792938850864,7.26738114462671,5.82895346412346
0,-53.7356579402448,-68.4558989542894,7.28762740046487,6.55137700420745
1.01010101010101,-54.2454321388631,-66.7066268255161,7.43421098459822,5.93107831130397
2.02020202020202,-54.462196733489,-69.2004076720885,7.10166344758202,5.5906009672458
3.03030303030303,-54.3320350587762,-64.7143230957093,6.48697184564653,4.61321445902855
4.04040404040404,-51.6199146886528,-66.2618877599868,7.24471046713242,7.24427662956016
5.05050505050505,-49.2591909663359,-62.3711524021377,9.95083366115329,8.34372747562043
6.06060606060606,-46.6274529762736,-60.9481652075686,13.887154911443,11.1686612809314
7.07070707070707,-46.1186319254574,-59.8479376024686,19.2400788665831,15.774792700381
8.08080808080808,-43.6788640164407,-59.74412581146,23.2925941887087,17.4606993632356
9.09090909090909,-42.6722080668651,-56.3242802143232,27.333491943922,19.7601297795044
10.1010101010101,-42.5532842419474,-54.2996994213607,29.5588963077646,21.9378243298554
11.1111111111111,-39.9615093191756,-52.4188618114948,33.6410466236053,24.2229718418758
12.1212121212121,-36.9573996063697,-52.0300477497006,36.4340908797658,28.2659793592885
13.1313131313131,-36.64264295573,-51.8098626328992,38.9987090599902,31.0667637963196
14.1414141414141,-35.2255474205448,-49.1174633574419,40.8972936221554,33.7811449236662
15.1515151515152,-31.8232501284394,-45.2043597515287,43.3757327061278,36.3909934502401
16.1616161616162,-30.0225352610197,-44.593700942048,44.8406670678205,37.9153023667353
17.1717171717172,-28.7955388545352,-42.2398654031433,47.5925739077911,39.4371277008034
18.1818181818182,-25.3031810000036,-39.7593819540901,48.7317607702049,41.4963737307022
19.1919191919192,-23.8483408635407,-37.9633290525207,50.6286429874457,44.7441086654498
20.2020202020202,-22.0533308861949,-34.6858434642843,50.7012093521533,46.9216146735681
21.2121212121212,-19.6681212481548,-34.5407536633254,50.1498569944934,47.377133188347
22.2222222222222,-17.2770670313167,-28.6143430601882,50.5751137636453,47.8618087745462
23.2323232323232,-15.9459446309482,-27.1737588762546,49.8013123947728,48.1601109119228
24.2424242424242,-13.723483122201,-26.1008103931948,48.4711635834997,47.6887422476866
25.2525252525253,-10.4612581385968,-23.89769445472,46.0184076701505,46.7362995112404
26.2626262626263,-8.01250133018657,-22.012213432935,43.303937119976,45.9704173306842
27.2727272727273,-7.3323857650774,-16.7891026269036,40.394450384973,42.6635288109506
28.2828282828283,-5.8446613847306,-16.2875383997031,38.09156841254,39.5971429403879
29.2929292929293,-1.70559682191377,-13.1697861959769,35.0746447892099,37.6269125986527
30.3030303030303,1.59442404386326,-10.3134147464424,33.4973186503994,36.0526910125433
31.3131313131313,4.92083531759703,-6.59316761842327,30.6581568766108,32.5020915458003
32.3232323232323,8.93899088671982,-3.3397611815269,27.7976918978089,29.1397385705765
33.3333333333333,10.9551043206745,-0.791127376058012,27.1664576007387,28.3987877140393
34.3434343434343,13.5531206673998,3.44790134809139,24.4478106562345,26.2202090221652
35.3535353535354,16.9344432016596,5.6766543391807,22.7295275196248,24.670187617374
36.3636363636364,18.9607617657092,9.82567250649731,21.1170712625717,21.0590484262738
37.3737373737374,21.662090392235,10.4684557841821,18.452318025723,19.1651392150397
38.3838383838384,24.1782246972618,13.0702443383102,16.0041413765827,16.4174463992101
39.3939393939394,26.1618552746671,17.0930176172367,12.2183632356475,12.9299164842493
40.4040404040404,29.7505913444195,19.2283613997575,9.67874768374142,9.35037042029115
41.4141414141414,31.1852407168025,19.5539102280235,6.91531461516173,6.78034730315643
42.4242424242424,35.5215661854998,24.3494355261776,3.20210941584326,3.07353477899603
43.4343434343434,37.9469259890943,24.7126925779483,1.45498675507898,0.97896563568442
44.4444444444444,39.0795850987638,27.04485173856,0.498942899722053,-0.259767982790921
45.4545454545455,36.5926568688909,27.2038245879162,-0.358374159281525,-1.45659094637622
46.4646464646465,38.5732019734392,27.9636242821511,-0.537578532545898,-1.00040102265928
47.4747474747475,40.0794827807387,28.9001952911378,-0.947732988017119,-2.07860115135672
48.4848484848485,42.9286926349917,31.7705298062143,-2.21478052457444,-4.04347909822898
49.4949494949495,43.5713513090917,35.0425942812834,-2.31123143231486,-5.02716051306983
50.5050505050505,45.8301097083565,34.4133907036357,-1.71312522146353,-5.0838002781704
51.5151515151515,43.0957760978149,34.479358220585,-2.26019277726631,-5.84404708772115
52.5252525252525,43.7956031228828,35.5275313506126,-2.42006367297676,-4.35521272157642
53.5353535353535,45.0351044869036,38.3770338101124,-2.99078967727488,-4.72600616241136
54.5454545454545,42.6874936482058,35.1177708759263,-1.81332967531974,-4.56326923253338
55.5555555555556,41.8980126020153,36.1167642290302,-4.57025741685631,-4.1162632023479
56.5656565656566,42.6111848352319,37.5181003851493,-3.84264877003556,-3.41904293807086
57.5757575757576,42.523676507922,35.7940660443198,-3.26722368503393,-2.83224397800522
58.5858585858586,41.6973023949962,34.6048163853579,-4.15063654430768,-3.16282633562397
59.5959595959596,39.6048051589245,34.3774039875789,-2.97730837719994,-3.51454869128438
60.6060606060606,38.1297139904536,31.3894249912507,-3.53781180074487,-3.76337056055564
61.6161616161616,36.7832905666557,32.7811126522962,-4.52426913454083,-3.33400313693048
62.6262626262626,36.2180212827384,31.6447563185773,-3.8012345597055,-4.11510435438619
63.6363636363636,31.3602203442571,30.706358363792,-3.48929890781711,-4.27827951820922
64.6464646464647,29.9430919518723,26.5722769602449,-2.22487440526118,-2.62508529005743
65.6565656565657,27.2745961122261,22.8947003128989,-2.99617950572577,-2.43620917451318
66.6666666666667,24.0571544108556,20.9055928197041,-3.31526317169972,-3.54285849950952
67.6767676767677,24.4422857720606,18.8956196145292,-3.03213089937766,-3.67398198901264
68.6868686868687,20.1481046862072,17.4993797096367,-2.88338839787496,-3.44281742079592
69.6969696969697,19.3795409613616,14.4120139950695,-2.07810042967258,-3.31074672476071
70.7070707070707,16.4516801759206,13.0418384944224,-2.26000833848499,-4.09909818237977
71.7171717171717,12.8924558252414,11.1836686309182,-2.47662847143048,-3.49075967320484
72.7272727272727,10.6455956126696,6.21053028097013,-1.51016053041905,-2.67872366603
73.7373737373737,7.60263422093251,-0.0392315754577095,-3.33997545471472,-3.24983674804866
74.7474747474748,4.96071552207178,-2.08141749433144,-3.25204450345172,-2.72105299335289
75.7575757575758,3.15762490255731,-3.9698246382966,-1.45835869850253,-2.74088820786887
76.7676767676768,-1.1410116059978,-7.45569688916694,-1.70131887153775,-1.52084760544041
77.7777777777778,-4.8852720984771,-9.32505510378844,-2.02360187616172,-2.34212849884291
78.7878787878788,-6.89615204054601,-13.6133182311222,-2.48433092701393,-1.99580891246679
79.7979797979798,-10.2818660586406,-17.0806336876362,-2.45747129020082,-1.61208986256823
80.8080808080808,-12.5533187649897,-20.0800063413739,-2.8004171616432,-2.07248763678995
81.8181818181818,-16.7602930991405,-23.6087084877838,-1.89952022236962,-1.97638824070632
82.8282828282828,-19.2049207068404,-25.3128054643126,-2.50353464365043,-2.23213975469195
83.8383838383838,-23.326194384603,-29.8368201931881,-1.49695996535499,-1.95814794047925
84.8484848484849,-24.4877612865894,-32.0608720053976,-1.9845525236666,-1.64147479361672
85.8585858585859,-27.2047350959961,-37.1122014169801,-1.9080309265608,-1.33395761580468
86.8686868686869,-31.9518298113685,-40.8433673173162,-1.71713570230603,-1.24969168270532
87.8787878787879,-34.7299927853849,-43.0670956697344,-0.734170080559489,-2.30243396796636
88.8888888888889,-37.598245783734,-45.3586447872208,1.03814180221718,-1.71816603218908
89.8989898989899,-42.1958223374688,-49.2436375160611,0.53278317680321,-1.15390566099941
90.9090909090909,-44.9007574151549,-51.4618037082163,0.43506905789016,0.454216712576339
91.9191919191919,-45.858075895413,-56.4345143722261,1.64048186331285,0.296140367167102
92.9292929292929,-49.8178223145739,-57.6455629660092,3.75122866060616,1.60125631240932
93.939393939394,-50.3062266186695,-60.7161131398382,4.13150299105744,1.12833889391377
94.949494949495,-51.6967691086507,-64.4905179543583,4.90286434657232,2.79989732605059
95.959595959596,-54.2622131130046,-62.5843781870204,6.5718094921758,3.72794232785916
96.969696969697,-55.095306062786,-62.8222919311943,9.82674149753313,6.07506529589543
97.979797979798,-56.1372714629537,-64.7901972103283,8.39697888018091,6.34206683427517
98.989898989899,-57.5405447448344,-66.7630156273192,10.3236627774974,6.70237187226739
0,-41.6629645100423,-50.1396652508602,6.2452410200954,4.18206510643262
1,-42.4423155319347,-50.173443826461,5.68556441986099,1.44434820944709
2,-40.8655107455836,-49.3261322201974,5.29261244777509,0.902819689975176
3,-39.0553174381943,-51.1506586424888,5.47551559094814,1.72456362069221
4,-40.1585677396659,-50.4834147542064,6.22661664266516,3.33039764982442
5,-36.5342217997842,-47.6198879812643,9.69685229470806,4.8891820025602
6,-36.0686223074771,-46.7268126341686,13.4565000425752,8.01941893668719
7,-33.1558358050931,-42.1467833977092,18.2518725017728,11.2578335218992
8,-30.545148788759,-38.4160808423706,23.5425738801848,15.5115420694333
9,-29.0656379900489,-35.6149662730846,28.7313067924565,18.2038513737598
10,-26.9620278428867,-32.829869285093,34.3666544515982,21.59787807315
11,-24.5198516075362,-32.6147276523847,37.4111639243491,23.3263894412799
12,-21.3106092595514,-29.7235839580692,38.9739769049955,25.9450317131154
13,-20.6428070749544,-30.0579424017379,41.2486412218516,25.6112124220541
14,-16.6277090561604,-27.2746657925395,42.7785115332827,27.9975390929004
15,-14.038488805017,-25.3911727446075,44.41812205293,30.498712755698
16,-12.5647908423367,-23.2299490356482,46.1444096747867,31.2472150316533
17,-9.25559856362959,-21.4367122050703,47.1479383304964,35.2080751210656
18,-6.65759593137396,-18.3069441366959,46.4444535712061,36.2411149232152
19,-4.42349253082637,-16.679302250567,45.6391379525878,38.0117944972455
20,-1.82882510783229,-14.2505452182018,44.5134579983171,39.0194099694422
21,0.430503029717116,-10.5502283005525,42.4413836630636,40.5318600272587
22,3.62992980382138,-6.81182127666351,40.1162943233538,40.845048644614
23,4.83893719537692,-6.30777861033154,37.6834375063186,40.0587201899951
24,7.42279334851226,-2.35896184083415,33.8946226242065,38.5376531416972
25,11.0561561152404,0.449470635859486,30.9548157676396,37.3307630140002
26,12.2244120060052,2.49510827241703,27.7076075331759,34.9380493629862
27,15.5260227884265,7.08763800217134,24.8012177723376,31.9982484321843
28,17.0321660659674,8.32020234773294,23.1257949821393,28.5046996857209
29,22.7270187199096,11.1078366871003,20.6595681740166,26.60870093013
30,25.2571170036108,15.8668059398747,18.7355670066349,22.9008320266793
31,28.2940762779932,18.9534317281492,15.1303063173046,19.795366145242
32,30.6450940349843,21.1630639902258,11.6844396247347,17.3690102462697
33,31.9489658095048,24.1608689999454,7.95843667259009,12.1770718104458
34,35.1267238139771,24.976565410724,4.01054613160556,8.04742796772916
35,37.4125292055048,29.1767822073069,2.13067661418309,4.37806545884079
36,40.0251921057538,31.3468754305137,0.548329887220993,1.90051074998049
37,40.3890933573633,33.0427746093071,-0.470003200843634,-0.221255907180482
38,40.6683195916951,34.8793496486025,-1.02278910593006,-1.65514824283805
39,41.2717067357058,32.8867820586997,-2.46535728968189,-1.55435510124414
40,45.2218813357642,37.2383651672389,-3.63939383683003,-3.09336539672597
41,44.7525142547147,37.1823024587077,-5.19350207172412,-5.55267961133927
42,46.1424092189472,41.5675226171068,-5.08089657279124,-5.96844522691463
43,46.9862605434212,39.5279219374879,-3.28774202011511,-4.77844128090215
44,46.7927250732091,42.180276614079,-1.65178496768351,-4.14522703742055
45,47.2910596724351,40.8435174368326,-2.33531203722642,-3.99943165183123
46,44.7899895472104,42.5942854654395,-3.32259591900616,-3.80053160371239
47,46.7177202646123,42.2585611823068,-2.98190915796387,-2.97366568069101
48,46.6752109418493,42.5656771185385,-2.4826277065559,-2.81856928150701
49,46.780511999418,42.6665714581079,-2.48243560457256,-1.87036570434115
50,45.5927062066693,42.1951000835987,-2.05713061222744,-3.99469146456307
51,44.6212924944519,42.3065424054265,-2.68350009525969,-2.86463442458977
52,45.6671669623002,42.8898468174451,-2.92961405793779,-4.21217310361112
53,44.4013879368441,41.8262442601975,-2.68337897537028,-2.86265990818868
54,41.2881177761251,41.0601774637325,-3.33213669842532,-2.88516564787362
55,39.824387349305,40.3028910649688,-1.77066314890034,-2.32244250345135
56,38.7566523629776,37.8993453954461,-2.76065531242307,-2.59545169493298
57,36.9372102318618,35.6564923006762,-3.03244584040165,-2.49137404022622
58,35.7762759383682,36.4620341188523,-2.1370406993591,-3.26959067594549
59,34.0417190980078,34.226670308882,-2.20877088233935,-2.43735927569579
60,33.6624997577206,32.7790330870957,-2.4022916600372,-2.43211813473289
61,30.7958845113056,29.8669666139132,-2.45538254495928,-2.1701080471066
62,27.8617932059438,28.2572750788724,-2.21760719415788,-2.38795669379083
63,25.9538027873897,25.8658290832022,-1.76484487914693,-3.17672985264076
64,26.4740142642712,25.1394634669016,-2.40261040597312,-2.52165844039027
65,23.8674068091478,22.1737009297329,-1.90788477505232,-2.04469084501448
66,22.0360690463971,21.3081091969567,-2.2589092842039,-2.32648714375655
67,20.6445323921661,18.4875820138291,-1.78514854008804,-3.09356308936157
68,17.1112016991625,17.8314172385515,-2.82871220569173,-2.83231072841407
69,16.7068517520562,15.3308523311853,-1.91438540283509,-2.37733989944823
70,14.1151228783957,12.4448230091061,-3.73169465322528,-3.11761423503305
71,12.757012934297,9.85412559290373,-3.12428721175769,-2.74849512382683
72,8.17397343890489,8.08496094130757,-2.19877820257803,-3.52821254940535
73,7.76557987164035,7.53760047959558,-2.72665221297961,-2.44143628561258
74,4.71858512789426,4.0135662398019,-3.19094758395827,-1.98248887778462
75,4.1516206078008,2.26962043411464,-2.27223345111372,-1.62069293039428
76,1.70909563871398,-1.92983652411581,-2.92093134877362,-2.05905402474848
77,-0.845495961603705,-2.54248740883969,-2.90607885993029,-2.32349245046646
78,-4.20855561473572,-3.70003897021934,-2.28230451352366,-2.43768207199389
79,-1.91988958850052,-10.682171423515,-2.17425814072414,-1.90977166166931
80,-9.10820489697133,-11.9493296822787,-1.63197518110272,-1.75693184992742
81,-9.09661653323934,-14.0499172023163,-2.07538073795284,-2.30803438928804
82,-13.3335169604297,-16.6859183806665,-0.154000651767944,-1.8353941212856
83,-13.3742002450623,-18.5340459934043,-1.2509733662266,-3.08823310726682
84,-16.9895595285266,-18.1528096505337,-1.58153914241528,-3.11798915205832
85,-16.5189942936136,-19.9950821734828,-2.1488552528289,-2.15284742950749
86,-18.1158544372083,-22.2834443825135,-2.09859370446225,-1.58236915097058
87,-22.1442308739166,-23.2738138996192,-0.980346440197202,-1.0662063316478
88,-24.6023794039845,-26.8079599447078,-0.584671155563391,-1.01695753540124
89,-28.2349172575872,-29.9181595228424,0.562234385946009,-0.131585563413635
90,-30.8205219565206,-33.2186524377255,1.06305469873686,-0.784765058443591
91,-32.515832194144,-38.1706400585891,1.09764583995144,-1.56121542586796
92,-33.7213477098408,-40.4550420035405,1.60707395901655,2.07439895863612
93,-34.3111182324603,-45.7271749654517,2.83195953184442,3.08976535585829
94,-36.8288207788971,-46.5770869920639,3.08165350122081,2.91098161688493
95,-38.5411772110792,-48.2215931322806,4.25706644169002,2.9848048126764
96,-40.5911375312325,-46.6692069297635,5.56294680118955,4.49381188666852
97,-41.2229346502796,-49.5446185734313,7.38340231528803,5.55332965425646
98,-42.3947456288405,-49.2093773319812,7.79297253399329,4.78254061463859
99,-39.1442282252053,-50.5533361723997,7.64051520899311,4.30134920663541
0,-56.5494069473997,-55.230518713281,6.19057501738936,4.7904938611919
1,-57.5238508958067,-56.3605563727347,6.39997898093667,4.13161760144592
2,-57.7718772921684,-54.7476868030501,6.14606000232187,4.81668037283548
3,-57.4308043096579,-54.7057290576738,6.7114534642403,5.5079058435538
4,-56.7848512903434,-50.6187605063797,8.2696186500808,6.02765657768302
5,-53.295482475764,-53.8128424963186,8.77252982780132,7.84455942029188
6,-51.601381603407,-53.3264643848719,12.4476305240622,10.1733660646956
7,-49.9512800695689,-47.8394752387324,17.3916215630891,13.7556358262112
8,-47.8397271466053,-46.870508033412,23.0499391243071,16.9900671831166
9,-47.2198902349466,-45.4349906378471,25.8235194841978,20.4141897428096
10,-43.8961056399458,-44.0037906326052,30.5721941808636,22.7994047661979
11,-42.6312115619068,-40.7552856819201,33.5174777409085,23.9444547648358
12,-42.2939290701739,-41.279343248136,34.9208782352354,25.9803068889969
13,-38.82169978728,-38.821535493823,36.8495796504025,27.4413607526823
14,-37.5642576258897,-38.8364846170503,38.3784628407416,28.6712301356042
15,-35.0932204016049,-36.6487782343592,40.063997908686,31.1948766735019
16,-33.9244223519838,-32.598119369129,41.0546605248603,32.6907988722171
17,-31.41792051095,-31.8558789488904,43.9507966951444,35.3096224936613
18,-26.776618662809,-27.7666625832812,45.5404553496412,38.0649126677446
19,-26.8831435576706,-26.1116119069236,46.5518474914774,40.6270867597516
20,-24.5234232279588,-26.5265812745053,47.9110258295058,43.4048789954414
21,-21.9401148941733,-21.1878291199366,48.6481050636824,44.8474163884613
22,-20.1636254737547,-18.5403086774716,48.7782581597217,46.1822218006567
23,-16.914212508259,-18.629545400399,47.6305937640994,48.4398896293489
24,-14.6772406487589,-14.7732164994327,46.1692667354234,48.3753410054807
25,-13.6327879958806,-11.9165185051322,44.1046525621491,48.1249749758017
26,-10.3198487097056,-8.83155161473912,42.1983021714853,47.5551468128726
27,-7.09768896519234,-5.24194114335645,39.5889015415204,46.8251651450129
28,-4.1290714256178,-3.70877955995087,37.7318696813054,45.0036697554596
29,-2.85098001280264,-0.338787453300872,34.6454979947876,42.1031125127609
30,0.2688104596291,2.09210966831242,31.4243411364078,37.8687165731799
31,3.02330323343379,5.63001497739816,28.1236441402702,34.7799047408607
32,5.85628151228855,7.78201690037007,25.4051129845088,32.0125965475033
33,7.56036945403472,11.2626757208579,22.7045144943102,27.7072927894286
34,12.0176593065896,15.6529348021978,21.0587491841758,24.0131175287204
35,15.1492830660062,17.1506103944376,18.7767987058196,20.3324375736843
36,18.0165644347916,20.2053379708819,17.7633538608831,15.8642648566636
37,19.504252612385,24.3482721595846,13.7028279807098,12.9249886747294
38,24.2168550587472,25.8505995428113,9.99952896263503,9.52722999316706
39,24.9420657812576,27.8170311457066,6.02315076367887,5.57042249527078
40,28.7387234893194,30.4178830249292,2.47920094400913,2.44106264822737
41,30.4273382315723,32.5185133446535,1.88085545583027,0.172676163569198
42,31.5346889216898,34.1923239758283,0.511461746684721,0.581042820020886
43,32.9503556270277,36.8472230768134,-0.675205299119635,0.0361567964820195
44,35.5777761685744,38.0565338812345,-0.69134076469952,0.291052842477016
45,35.9126198163014,40.0895067781162,-2.86614635210284,-0.784873036817925
46,37.0810565131709,42.7870163142749,-3.36371415428948,-2.12348445317838
47,41.2026622700766,43.0726305268531,-4.05610770980085,-2.81814688330049
48,41.5525102314648,44.2384091345096,-3.10789932437403,-3.75922842770441
49,45.3231820994094,45.9408413967505,-1.349700045172,-2.19181980495462
50,46.2864352279733,47.0929325658575,-2.79047460101049,-4.13827615230842
51,44.4058982704105,48.2355298134802,-4.4998590708257,-5.01242569516877
52,44.6373630710292,46.4149666852664,-4.3255380779846,-4.1258189376723
53,42.6430993761914,46.6889116986908,-3.12730253890142,-4.06707195642919
54,40.6509882070654,46.6977353022937,-2.90627782332236,-3.13149452855545
55,41.3869323005152,44.3285583258028,-3.36010395500284,-3.003795896326
56,40.7765866634416,41.4538504342937,-3.1945142733469,-2.65858022044127
57,36.4039165750776,40.8209642001975,-2.42550040562981,-2.91524485335183
58,34.422862886163,37.6637019872653,-2.52632480267044,-2.07009962482853
59,33.7868882214602,38.4022752228204,-2.65670064535595,-2.09463462703595
60,31.9587562476641,36.1076965152543,-4.19868349229642,-3.07910058902499
61,29.4427608064832,35.9249835251681,-2.60691068484749,-2.95844091847764
62,30.0818478696848,34.7151083650857,-3.2597018767361,-2.9229616166629
63,27.5068586450518,31.3000852128427,-2.89668700431348,-2.99875050930293
64,27.6591559457778,30.11117130145,-3.88309599711742,-2.56845692474417
65,22.430514703332,27.5314556010399,-3.72317799168139,-4.13023687126037
66,21.7042348671207,26.4137300032373,-3.49573494327523,-3.07313743977066
67,17.1147119911314,23.7666434690203,-3.09314219384511,-4.02428261546683
68,19.0280003053421,21.6333391863376,-3.52520740186409,-2.94528604480877
69,14.9052286119159,18.9404118786507,-3.02147472964535,-2.96674166934203
70,11.0829947943153,17.890019323862,-2.06169729210077,-3.11608169751155
71,8.36405958922089,14.1481922501107,-2.92322066752623,-2.73005819334606
72,6.59060937808644,11.4153720037612,-2.87699076285811,-2.14605207541814
73,5.27624890726006,8.73261940666473,-3.05854984894424,-2.72959710279458
74,3.11337271276029,7.92418200991123,-2.78008676543445,-2.65790143124969
75,1.46806597454003,3.60291256044401,-3.61930773084475,-3.29626340297111
76,-3.45523284128812,2.94142797080052,-4.09193056491181,-3.44308227326153
77,-6.77757954074179,-0.038699201007625,-2.68377259656269,-2.27243438061008
78,-7.34952029569321,-2.11897782154938,-2.85040756018702,-3.04575156484854
79,-8.39534294018898,-6.91452829547492,-3.25317924361801,-2.7885769031999
80,-13.047113590035,-9.30936547289117,-1.63652195397381,-3.5894381345108
81,-15.6624459425723,-13.2656854938574,-2.3644334817847,-3.06976662777105
82,-20.6647821456229,-13.0905314647358,-2.39895818923709,-2.68414243556302
83,-24.3603055132925,-15.9206652542252,-2.67494181497151,-2.60943571422444
84,-25.9222531786379,-18.3453071334167,-1.60568321659659,-1.67225431232401
85,-28.5622306599025,-23.3162556701533,-1.11832501389303,-1.28579371588913
86,-29.3204009610042,-27.076287371783,-1.81581917347748,-0.900518601508434
87,-34.8615296877619,-30.6599892580477,-0.658515999764036,-0.820024060015922
88,-36.2965039525801,-36.7873403813644,-0.775605056650385,0.801898680701808
89,-41.8746700768652,-39.6411737560102,-0.214383152903592,1.82705535622379
90,-44.9723192028987,-42.2717376285914,0.760665140922802,1.9474732301234
91,-46.7130088624902,-46.2808287530962,1.78569387196248,1.78760824810042
92,-48.6938699531421,-46.2100269833239,2.11295870098331,3.1411728981694
93,-50.4636672310269,-50.0868203809335,1.03279429571929,2.72697689581032
94,-52.0090290247425,-50.843811773907,2.63951946943672,1.72364147117923
95,-52.7486276931645,-52.7700979801193,3.35126371884933,3.65303749387588
96,-55.2921965630491,-55.4919380023086,3.3945917342761,4.11847962688539
97,-55.3767618059986,-55.7332790711745,4.35194099766266,4.5985068196322
98,-56.4503142801874,-56.6332819618542,5.53799071530311,5.35158186748107
99,-57.3842829696573,-56.3262613716786,5.59335610935033,5.2402278844429
0,-45.7100476047373,-54.8871737914908,7.00786115097019,4.87280128102807
1.01010101010101,-46.7075233890054,-54.1988585425744,9.70786539672077,6.50169186888623
2.02020202020202,-44.6159211048232,-53.6706397247074,9.86322440921709,8.77794580851444
3.03030303030303,-44.8550196375744,-52.7081290274633,12.4721893318598,9.492580744175
4.04040404040404,-43.3799655943104,-48.9128188773808,18.261571237076,12.1554608662902
5.05050505050505,-42.9276546390132,-48.9021927120883,23.7680628241166,16.9622262946266
6.06060606060606,-39.1945011047645,-48.6044605311923,31.789596776663,23.8749998014993
7.07070707070707,-38.4155171608644,-44.5343126682049,37.6323642879856,28.7387645251168
8.08080808080808,-37.5133460337268,-44.2667161833691,42.2277683473189,32.4738351605402
9.09090909090909,-33.6487093783665,-41.8090758950037,44.1844937616876,35.5633417004965
10.1010101010101,-34.1260720325568,-40.2185349401803,46.3554746703299,37.6216483743024
11.1111111111111,-32.0592083301302,-36.5488496057113,46.8307282182101,37.5367439978463
12.1212121212121,-30.5970099064684,-36.247367035138,48.0595643926886,39.2317416758017
13.1313131313131,-27.0788899278315,-34.2481714061726,47.9968507597729,41.1655116031372
14.1414141414141,-25.379823993088,-30.2640871807597,49.3594025825412,43.0404764802121
15.1515151515152,-22.5421362972892,-30.1438336144819,49.7080505348811,45.739314603315
16.1616161616162,-20.8258927135734,-25.5688178031477,51.3986466222977,45.9472336277847
17.1717171717172,-18.2369349747922,-24.0679240112414,51.3334178468566,47.2779739359285
18.1818181818182,-15.0895446702857,-21.9026024663719,52.4081738766205,49.1461929975437
19.1919191919192,-12.2190715399681,-18.2276984893204,50.9301502458976,49.6984051398667
20.2020202020202,-11.580907441571,-16.8576165566265,49.0263183660075,49.6022483681413
21.2121212121212,-7.99400216752565,-13.6111124692368,46.8077858152889,48.6769797545429
22.2222222222222,-4.20788879665935,-9.9730531590594,43.5917936319353,47.2742186468033
23.2323232323232,-3.23805528422626,-7.40069311119353,38.6293260303973,44.1034510542915
24.2424242424242,-0.106900182326918,-6.33523905308659,34.3143086965549,39.9230339018317
25.2525252525253,3.1767830187789,-1.51010700778862,28.5105444183894,34.5339811787316
26.2626262626263,4.58321199054137,0.746327842452772,23.1009168288889,28.9852944714264
27.2727272727273,5.31902482859225,4.13867507452683,18.8108083924061,24.9136187457091
28.2828282828283,8.71987280272976,8.90594940333587,15.8111886037047,20.7134395958197
29.2929292929293,10.1265775651835,11.6745982092481,13.8619877773996,17.7658678055203
30.3030303030303,13.7759042049422,15.7468140985164,13.6351147614129,14.1397360253727
31.3131313131313,15.158593634013,16.2119850490726,12.3682643456222,15.2621191339522
32.3232323232323,18.3027917410682,20.5899419831206,12.0436850813117,14.6454773624382
33.3333333333333,21.5807235986412,25.4395699643541,11.85051687972,14.7132853540499
34.3434343434343,23.8479114224523,27.8037856482155,10.7707618349313,13.2678721363635
35.3535353535354,24.1469351272259,28.8906128462299,9.41721908438389,11.5464692689523
36.3636363636364,28.7052249449118,31.3510261270772,7.88485777040326,8.38655696172752
37.3737373737374,30.5378364331389,33.8521695455249,6.09476928800495,5.79742627810243
38.3838383838384,31.9003327307802,36.1719296061831,3.194272875274,2.32501754732727
39.3939393939394,33.4647644871782,37.8693845137795,1.58640857614542,-0.446010744507254
40.4040404040404,36.5016444388636,37.8308509762379,-0.741827246433096,-1.005231622375
41.4141414141414,37.6825159877847,38.6443749166672,-0.209257499041261,-4.78699075764291
42.4242424242424,40.9077775639823,40.7276518611277,-2.8634918125271,-6.18700063074095
43.4343434343434,41.0324618140934,42.066722581053,-4.59232043218463,-6.0061352588034
44.4444444444444,40.7690032943391,44.911807355584,-3.80911498845487,-4.66315440268732
45.4545454545455,42.342509792235,43.5330724373189,-5.10281037534947,-4.56222408532037
46.4646464646465,41.5667959645305,44.134876075213,-4.6872320787545,-3.06448745486968
47.4747474747475,40.2031270574017,46.2823062148861,-3.06538962267473,-1.90619893526981
48.4848484848485,40.8946572217264,44.7570614598931,-3.79299784513436,-1.49519739989499
49.4949494949495,39.3593867133121,45.463172697012,-3.88889010514247,-1.8018138957762
50.5050505050505,39.6643998829418,44.3546426208584,-2.50013200247033,-2.13064702818916
51.5151515151515,38.2258658806013,46.1790115982085,-2.899259295991,-2.33817604298264
52.5252525252525,41.1391177226808,43.8231525837646,-2.49041976106274,-2.44827874732152
53.5353535353535,40.7439997153659,45.2348934600403,-2.85242245087996,-1.97727354938026
54.5454545454545,37.3058685736902,41.6874635958088,-2.26139238691044,-2.28570949818347
55.5555555555556,36.3393488380281,41.8046489096527,-2.87782624543946,-1.54548897556323
56.5656565656566,36.0119671797594,40.130591974351,-3.47959329095958,-1.44022923012075
57.5757575757576,31.9026346820487,38.6876840331769,-3.38146317877882,-2.41604434062598
58.5858585858586,31.7488918019359,36.8561276281641,-3.15867374023235,-2.74610713667348
59.5959595959596,29.7096341635109,34.1951085024448,-1.32082213508696,-2.72591954887444
60.6060606060606,28.1369357879853,32.5510396141709,-2.54846741827347,-2.97250352301757
61.6161616161616,25.7185734430007,30.9613856470156,-2.74664251386029,-2.77171020123852
62.6262626262626,25.4607754624081,26.448390576984,-2.12845740756518,-2.98258666080938
63.6363636363636,23.1859813630062,23.147374837744,-2.63501124559977,-2.19308362100036
64.6464646464647,19.5815609011305,20.1216309855975,-2.1181755414644,-2.14426088184232
65.6565656565657,18.0245015819004,20.4106317652396,-1.65995710006713,-3.12618796718512
66.6666666666667,15.1472917250714,16.3001711122798,-2.36776107024208,-3.27964859732249
67.6767676767677,14.7195001816477,15.6871776429449,-1.21438041042566,-1.84631236306824
68.6868686868687,10.5223570992783,12.1087973606518,-2.05535727251505,-2.20968547627525
69.6969696969697,11.6028669367262,10.1523279241386,-1.71387555061236,-2.12366629811184
70.7070707070707,9.23037120305677,8.26038566161668,-1.46815754195088,-1.3875619191205
71.7171717171717,7.18315481014854,7.04092566597231,-1.67314634093201,-1.87753993350162
72.7272727272727,5.63523579290975,3.78994805949432,-2.46008802040019,-2.88306109630713
73.7373737373737,4.4577833618913,1.02940929986755,-2.56271180130249,-3.00249699891179
74.7474747474748,4.23663708450994,-0.797009140390646,-2.35915704301369,-2.77922443656905
75.7575757575758,0.85873201464825,-3.50596511406697,-2.72305069534754,-2.22062068051048
76.7676767676768,-1.6943485201957,-3.50759751458424,-3.35845481834436,-2.60219663764514
77.7777777777778,-3.02380621027992,-7.30170786551701,-3.03477078725527,-2.74183420007506
78.7878787878788,-4.47992201208152,-10.2584365535858,-2.81526017056257,-3.1882395464505
79.7979797979798,-8.21992918238335,-12.702260619121,-2.74077786701371,-2.08950001283004
80.8080808080808,-8.46773006804642,-12.568464702724,-1.98837866961018,-2.74662844292635
81.8181818181818,-11.8228203446688,-15.8004574947365,-2.2612599159771,-2.25260957570912
82.8282828282828,-14.968694333544,-17.7458142557134,-1.6140273119063,-2.68713442877114
83.8383838383838,-15.7776221281749,-19.953189055173,-2.09345836581631,-1.2846597239838
84.8484848484849,-19.806650942018,-23.9298749948584,-2.34131525553921,-2.173054396987
85.8585858585859,-22.6024283935376,-26.8081542354472,-1.43618581665786,-1.53796797846553
86.8686868686869,-25.5441091662164,-29.6100677008061,-0.111905983390014,-0.999356292918141
87.8787878787879,-25.629711750728,-33.4178237676374,-0.774098967946721,-1.83095283332417
88.8888888888889,-31.9585230773931,-36.1500104501636,0.323622582284182,-0.502966002617264
89.8989898989899,-32.2565729236763,-41.5848520060997,1.56207036704626,-0.2108868728195
90.9090909090909,-36.6326203746797,-44.4474340860308,2.67020666615117,-0.159529733614184
91.9191919191919,-39.6486359272429,-45.1119382950325,1.10397050575517,0.00403050515543957
92.9292929292929,-41.9969232826407,-48.3533347560176,3.56391164376771,1.35615333863146
93.939393939394,-41.7091121834937,-50.5905851647898,2.68312269833478,1.02919686943825
94.949494949495,-42.1342165245364,-52.3145881287661,3.30917536511811,2.52337146873014
95.959595959596,-45.9130978878378,-54.4118882224236,4.77508375780733,4.10452063547676
96.969696969697,-44.6232214940659,-54.4496536820654,5.61843319868708,4.22583571532649
97.979797979798,-43.1755803711015,-57.8690066318555,5.95843417958236,5.66079570000736
98.989898989899,-45.63434184224,-57.1072985076557,7.74201224838388,5.6127480421708
0,-42.2900219477595,-49.6210669048368,7.83144618002495,8.56029392405432
1,-40.9669746965385,-49.7335979936393,7.88743763673858,9.00719542753103
2,-40.8248348795307,-50.242679642802,7.82264753746059,8.42970772729952
3,-39.8686494294703,-48.2402332910372,8.00493634124562,9.20493163238262
4,-38.1922909929267,-46.0771705432873,10.0262242458839,10.8485328321027
5,-38.2652053205018,-43.9774743409672,11.4685656232372,12.7946079088105
6,-36.0956207583077,-41.0071674153233,14.8746716647583,18.0913512144074
7,-34.8276608929475,-40.4097939145035,19.8373751681816,22.3309974600656
8,-32.031905353868,-38.4037341529234,24.5073842686177,24.6908987612553
9,-32.9146388637486,-37.0981380476117,28.1395422382318,27.6294516138138
10,-28.1720499477395,-35.0124196306952,30.3319176111587,29.2212462743607
11,-27.454805612596,-34.3883401834288,33.0607228530321,32.010693331689
12,-27.5110240306552,-31.4461294400526,35.3766273202569,32.9363131987831
13,-24.3238364751266,-28.6553407400719,36.6066924779156,34.8527410234364
14,-21.9699304357647,-27.5416007789462,37.894879094753,36.3154167043236
15,-19.8234097813091,-27.2131895629895,39.0579648729501,37.7284326821882
16,-18.4252965543114,-26.6420339652192,41.1864070612616,40.0792781573704
17,-13.8763871435196,-22.9185222394975,41.6350575393515,38.7527716909558
18,-12.9785939009854,-20.6857514273215,42.99425988105,40.9913366617432
19,-12.9740783390617,-17.7742894495948,42.5268265992542,40.5255895070765
20,-13.0227029125861,-15.0887362632467,41.896280917181,41.3178964564073
21,-7.02488169639206,-14.4429711711766,40.9294240192893,41.0910614165768
22,-4.26993119700022,-11.090724779236,39.4807069994705,39.9746948249499
23,-3.76392769028463,-11.022738810736,38.0801797376583,38.1976679310511
24,-0.435185310965634,-7.41761538767372,35.5580588066067,35.4967124278011
25,1.44202259961711,-5.04586914253636,32.2146264318314,33.7170819712368
26,4.26872802143058,-3.19871387512001,28.7985742331427,31.0538046452269
27,5.66839327971328,0.513567342265928,27.3072876431241,28.0819143014026
28,7.22197719180317,1.03057795091934,24.0694865619497,24.8660044385553
29,10.6712109884527,6.28424598768485,20.8952067572376,22.1553890734935
30,12.1017438392328,8.12904748232562,19.0656836211957,20.6110896032952
31,13.632178774694,12.4559851043948,16.0266398830888,19.9583739444735
32,17.2045563397019,12.9975265510963,15.4194573634771,18.3995081286613
33,19.6402707535419,15.7550024305895,14.4316456630125,18.1349592397157
34,22.8795773124934,18.6277146544546,13.4537015914171,16.2208041589777
35,25.8582472833189,20.492023326098,11.7965840227283,13.4207991602845
36,26.0037179212118,21.5424288064592,10.6452906462564,13.3642209950845
37,27.7317459079317,25.4508267468335,9.16923943059129,11.4316362846845
38,31.8733428308922,27.7579795455586,8.14945482806004,9.4798328499639
39,32.2702453150228,28.8448149711033,6.97359738504234,8.81806358565882
40,36.4471278177197,31.5477908677579,4.75427092302931,6.61851580532909
41,37.6351483948632,34.4728800399809,3.57296313251812,5.56360411075891
42,38.5724954215683,35.1895755298242,1.91867740331274,3.68188762355161
43,39.6880174947837,37.8179598878826,0.560541082672434,2.26913787629667
44,43.2192905477248,40.577540620699,0.361311914661878,1.51950423948826
45,42.8041114949696,38.9660896134601,-0.18199182289926,0.281911562146009
46,44.0476431990272,40.0745987346723,0.524916747510956,0.0787880645830952
47,44.996644538518,41.2213817603895,0.323289727277606,-0.729836050865517
48,47.0947167798712,41.6407360736176,-0.58144908048494,-1.20861071606207
49,47.2786828660585,43.5799090932548,-1.37048075658056,-2.96877038957243
50,48.9655284799047,46.1256305597207,-1.63310261126216,-2.51871265171703
51,51.3745404410516,46.9984840730626,-1.85740789993954,-4.54351944025171
52,49.294241352474,47.5463828611997,-4.1193604656124,-5.22454709977662
53,50.9791007483877,47.7394188182556,-5.99704915258972,-6.01057099498152
54,49.7391079020027,46.8884074231248,-6.95497717027737,-6.13430884521575
55,47.3763279018177,48.1056585224309,-4.82869964042887,-5.95019147485326
56,47.9723677652107,46.8413518912358,-5.61590828568553,-5.40019901297776
57,47.1255001401385,46.217090475506,-5.10557516698783,-4.35748936105979
58,45.1843808977743,47.5324689559648,-3.84581917682435,-5.3351322382652
59,44.4460144740283,44.4191536195711,-4.41088268036358,-4.17275358256858
60,40.6956139953051,46.5441109087806,-4.14249397546068,-5.57118961607722
61,40.8758279334067,42.9606024172212,-4.65260179722484,-4.58189070828662
62,37.7027677712871,41.5952359427663,-4.05745726333913,-4.76272403699702
63,36.5732047459256,40.0754502669029,-3.77165939174008,-5.46231246376546
64,36.0912448488075,37.1213622669064,-3.398806401899,-4.32104077783672
65,30.5525815664575,34.4886916495506,-3.57837232233011,-3.48318212617361
66,30.9994316792921,31.5846554124544,-3.2128665769692,-3.85362878409773
67,27.2643991188117,30.0805309058926,-2.56651140003793,-4.04703188293443
68,26.7765122466874,26.8853767571793,-3.55722184532649,-3.63263230296998
69,23.1657255086998,22.7504734705228,-2.81246930626291,-3.43041522758257
70,17.7739954322648,22.4651757685722,-2.61759466351941,-3.08296899558577
71,17.0183640063942,17.0507803611614,-3.78574592583716,-3.09909798844155
72,14.1069318598795,15.6484600421582,-3.08561508476582,-2.6520324319638
73,9.98638518941013,11.4506583614003,-2.00994049051484,-3.61476806875706
74,8.63684743765438,9.86187213458502,-2.91837544092795,-3.48482599590432
75,6.5418015104973,7.15493722701265,-3.04209114594845,-2.51376455615175
76,5.49912019738962,4.11876718448676,-2.46624345608413,-2.99486154662914
77,0.455977952242866,-1.0429597388115,-2.01878640626705,-2.62623741544706
78,-1.43308639222442,-3.85087111379365,-1.0556106909789,-3.22851530136085
79,-3.23030135334862,-5.49092994208631,-1.91692932999034,-2.88809541194621
80,-6.22275095525849,-6.92729991636538,-1.68388135548154,-2.65917848984446
81,-9.3099595254115,-12.6915482156318,-1.59637280258245,-1.93423898459352
82,-13.2460822869032,-15.0409191544051,-1.16388817866657,-2.10196541735713
83,-14.3751988155973,-18.6228376377165,-1.3295827210316,-0.957674511012663
84,-17.2781822154125,-21.1825823666428,-1.43675712547265,-0.539043531217867
85,-20.333870686092,-24.2520104904044,-1.00303102131934,-1.04402077159314
86,-20.9764747631712,-25.9443958829213,0.0268826246514232,-0.347624260487579
87,-23.9145791359069,-29.371351791195,0.313224904330503,-0.384684034629894
88,-26.4921337672149,-31.3288592307243,0.266779318335529,0.251814725502713
89,-31.8150796696819,-32.8780162496816,2.03845445307394,2.05262925540607
90,-34.686661094891,-37.5464694771091,2.26393489997194,2.55919442884796
91,-34.2583682387239,-38.1372191684587,1.84371011133421,2.54352452073165
92,-36.929046416718,-40.3309222357509,3.74602279882918,2.85699414992966
93,-37.3487081980187,-44.423351056915,4.20236113370049,3.67244358895851
94,-36.1383405900369,-44.6861009638601,4.57035662988135,4.91188118754631
95,-37.4628899933322,-45.6579201208983,6.58884654266624,5.41495258553509
96,-39.8424334325713,-44.635860637804,5.50246377599943,5.59315745543703
97,-39.4794430869393,-46.2714551666831,6.93606118195165,5.90698381623587
98,-37.9915705061167,-47.6849014929672,7.05892350336887,7.98823322676778
99,-40.4647050752984,-48.3268026353324,5.85125593044964,7.32924745693259
0,-51.9572056193493,-51.1320134149214,7.32622999953027,5.45674344805838
1.01010101010101,-54.5482614122246,-51.7476474831162,7.59057465570178,4.39029077956472
2.02020202020202,-53.714730275189,-51.9098952729255,8.2993579718869,3.7270450298434
3.03030303030303,-52.6884224929741,-49.328296546723,7.65331200447278,3.77461829783253
4.04040404040404,-51.5138470061646,-48.3580528170535,8.52291069220045,6.07542414652639
5.05050505050505,-49.8605430653082,-45.8386989459794,8.8132864142698,8.62884293357681
6.06060606060606,-47.2499599621762,-45.5080161574226,11.8811833446446,12.6059671285081
7.07070707070707,-46.0057480929468,-41.5547346574372,16.4204657338082,13.9535670382407
8.08080808080808,-46.1107646591898,-39.3143771104138,20.1045319935087,14.3166048390403
9.09090909090909,-42.6037679271,-40.7132969240124,23.6236016718321,15.0794527875186
10.1010101010101,-43.4815618413285,-38.0651846589161,24.1046865025662,18.2736321803581
11.1111111111111,-40.3732572922615,-36.9222350940906,23.5660747491989,20.0331912713627
12.1212121212121,-39.0839105573773,-36.3386881049488,24.1211656875622,21.3238230469645
13.1313131313131,-37.8941090652617,-32.2497763654105,24.8057554146489,21.633795534158
14.1414141414141,-32.7952081130938,-30.4042549334939,25.9404031216447,21.8096794239332
15.1515151515152,-32.0837871766316,-29.3155198752391,26.496707979784,22.3729348989314
16.1616161616162,-31.1666132532216,-28.8148562812374,26.4974569679302,23.4545741064238
17.1717171717172,-29.7600724011894,-26.3624099826068,26.7919505872419,24.1704241321403
18.1818181818182,-27.6759068963079,-25.6082903081572,27.8232150375336,24.6054684671707
19.1919191919192,-23.96792036521,-21.5378771273986,28.3894655075071,25.7723569322763
20.2020202020202,-22.2386625425667,-21.0833456574542,27.81778148323,26.437533176514
21.2121212121212,-20.1623132274503,-19.7478181398967,28.0087445141868,27.7934343725938
22.2222222222222,-19.1339714507342,-16.4347121193661,29.117814374274,28.2825098847734
23.2323232323232,-15.0541857340395,-14.0636051667208,30.305592426686,28.9282647568621
24.2424242424242,-14.1425866921887,-10.8046766118078,29.9927555982752,28.5091663049175
25.2525252525253,-12.1626296940736,-10.7041626046923,29.4964981777124,28.782060996086
26.2626262626263,-11.3956523305692,-6.22530416011899,29.2296590372995,28.6344628724673
27.2727272727273,-9.85403465387962,-4.67081866331032,27.5154509580416,26.9183163719016
28.2828282828283,-4.46549300390346,-3.05297701657226,25.7106018679853,25.5524116851846
29.2929292929293,-2.17651390991328,0.886790426224677,24.7714988097197,23.5237104868082
30.3030303030303,-1.10204158092597,1.80954467041209,22.0570084035467,21.4140324573006
31.3131313131313,2.62734032939637,5.61549113168778,20.7275846971963,19.3485640017025
32.3232323232323,3.88898389984568,7.60418586009753,19.1689786894382,18.753373389921
33.3333333333333,7.16013719939572,9.74468188672489,16.772850770023,16.9019236222252
34.3434343434343,11.131979983995,13.9811252415966,15.4531547688691,16.2161985307078
35.3535353535354,11.6221965139395,14.731820000967,13.9145835615723,15.5419787415008
36.3636363636364,14.3017675958968,18.7819847383986,13.5281931856722,14.3531255653643
37.3737373737374,15.5282929387169,21.2595401470002,11.3734683572906,12.2262634658281
38.3838383838384,20.1041425298535,23.0828289591347,9.1432664582556,10.5104507997386
39.3939393939394,22.4581665146922,26.2458074055495,8.45533630251643,8.44865153324008
40.4040404040404,25.5279783379313,29.163858081201,6.57663028206079,7.01087872608576
41.4141414141414,26.829723608587,29.5895170556628,4.79267523728771,6.21017955951445
42.4242424242424,27.8994192312903,32.7525706070983,3.20152311361497,3.9453642294192
43.4343434343434,30.7096017338528,33.82299419402,1.48069008225775,1.21986427939116
44.4444444444444,32.7667596941997,36.1931209871484,0.894488589616282,0.115900899052932
45.4545454545455,34.77829303058,37.207839474496,-0.252604790086093,-0.439471089806241
46.4646464646465,35.3872151375426,38.7458440862562,-1.46095164319963,-1.8474789457299
47.4747474747475,36.3123511612133,38.6146306160556,-1.66511969455111,-2.37942597934059
48.4848484848485,37.0857347858709,42.152158433644,-3.75663341572485,-2.02918096293975
49.4949494949495,40.5439555422461,42.8308930337802,-6.47615087769879,-4.78033425532756
50.5050505050505,40.3096038225148,45.1129375584903,-7.51279933582265,-5.89533267767389
51.5151515151515,41.0933920323693,45.1732683051151,-6.62928266938909,-5.58110175272038
52.5252525252525,40.0420929913787,46.7877448853537,-6.08139745151703,-7.66011599718691
53.5353535353535,40.1428199092595,47.4425604870968,-5.28425011024558,-5.88388208788511
54.5454545454545,39.7059722932594,48.1915369962792,-6.22662245825025,-4.85155303382471
55.5555555555556,36.9856701321492,45.5169111705624,-7.74680832871907,-5.78550788043871
56.5656565656566,39.038084182779,44.4062324812779,-6.93520701579283,-7.91732309495893
57.5757575757576,35.3967585087409,41.6520884955302,-6.29253791580349,-6.7271889790518
58.5858585858586,34.1731660685206,41.2421719181879,-4.04994963266696,-6.2133597807294
59.5959595959596,31.436797947131,38.5679996956466,-4.07675840223345,-5.22206298387206
60.6060606060606,31.7909010537382,38.2730648583677,-4.36378671990023,-5.21108989724409
61.6161616161616,28.5423686596451,36.3850456741175,-4.03529310272891,-5.42580184372027
62.6262626262626,25.3165753234824,33.3568826725794,-3.34960849439409,-4.92505812959196
63.6363636363636,24.1168212200422,33.0994291750375,-4.08356866169098,-6.0578809204522
64.6464646464647,22.0992831396935,30.161913286966,-3.88391870631468,-4.88692965180074
65.6565656565657,17.5250490764732,28.3258823890256,-3.13473141242533,-4.73078404902882
66.6666666666667,16.3682142353971,26.1019533218615,-3.99822225773373,-4.35509001641391
67.6767676767677,14.043651983447,24.0463054266628,-3.76384336102274,-4.17403786556739
68.6868686868687,12.9705645668737,19.9605623857387,-3.89853251208122,-5.76595963315379
69.6969696969697,11.1804705278514,19.3270311631278,-4.14919629736571,-5.12750970474767
70.7070707070707,8.49223000099182,14.4237661966774,-4.54257984428522,-3.47241632551758
71.7171717171717,7.69003842842378,12.1835514076878,-4.32267468144114,-3.75952806752451
72.7272727272727,5.11607501618707,9.28433497755569,-4.17448829438707,-3.38560271263943
73.7373737373737,1.63478784744302,7.84887923501579,-4.44301002017185,-4.08944588822269
74.7474747474748,-2.07976974499254,4.04049415890019,-5.45618250726486,-3.95614902476676
75.7575757575758,-1.67999187887553,-0.805501750455358,-4.93813927179714,-3.19969582637716
76.7676767676768,-5.60649335614945,-1.53998378279539,-4.43444318246069,-3.9868227870016
77.7777777777778,-6.33831169365387,-4.03708263915247,-5.12765103206085,-3.84195616904744
78.7878787878788,-11.1467650709417,-4.43226211044017,-4.9379150291106,-3.01014322062037
79.7979797979798,-12.5596912688048,-9.77087047787089,-5.06053626155042,-3.6437722151522
80.8080808080808,-14.3740146031599,-13.3992904079862,-4.63284581546863,-4.16526893805656
81.8181818181818,-15.8461043272607,-15.8993046903591,-4.44413697035212,-4.10199786911119
82.8282828282828,-19.5593037163514,-18.1138533997869,-3.65176654893409,-3.73167631667559
83.8383838383838,-22.5507896287511,-19.7937919275519,-3.53866294439572,-3.64203408920566
84.8484848484849,-25.5892507635915,-24.7005406818663,-3.66023961380852,-3.28682667751047
85.8585858585859,-28.582878891058,-27.9000252907643,-2.8827316872332,-2.29156565576146
86.8686868686869,-32.2913228641345,-28.970550025131,-1.61749971263532,-1.43462932997496
87.8787878787879,-33.4989468888332,-33.3630137795087,-1.59512657208754,-0.542011701260049
88.8888888888889,-38.0061164635304,-35.4203541216855,0.0185658657755935,-0.0527702576303487
89.8989898989899,-40.4883351381726,-37.8918280550234,0.661291628396362,0.729372824409039
90.9090909090909,-41.9810779238108,-40.2031735118694,0.807187987928377,1.33441782960901
91.9191919191919,-43.9034674185483,-42.4741350811433,1.7253761747991,2.02056040248908
92.9292929292929,-45.9583213205476,-45.1976332547482,1.20047446915005,1.61315015887856
93.939393939394,-46.2875244050378,-45.4211144440693,1.36180680051206,2.90738806693171
94.949494949495,-47.5634902377358,-48.2753414794752,3.34958964428294,3.14313477242699
95.959595959596,-47.9006478643295,-48.9689046351816,4.93309392208522,3.38254236080952
96.969696969697,-52.4537599959893,-49.9487642313307,4.23592936667691,5.50961225680402
97.979797979798,-52.6250028782862,-49.7569957107865,4.80535793137818,5.36239341326753
98.989898989899,-50.1759154679661,-51.3848910277368,5.54049350222579,6.00121467966692
0,-58.3369741718761,-52.3248607305492,5.75433013132053,2.28630162003616
1,-56.9394830678886,-52.6158518921628,6.8527652302077,2.16351752463255
2,-55.2649722059501,-53.581469618253,6.92239979099273,1.89916233803719
3,-55.2740276751735,-50.4584261754007,7.36390745341841,2.69522837381642
4,-52.2197512373859,-51.730588327069,9.62543972319384,4.41339779706311
5,-51.9193974355355,-51.2700727033027,14.3074447387473,7.50153862157533
6,-48.9828189075618,-47.573122288965,19.6137209894369,8.50776634916447
7,-46.1433287177883,-43.2192966962968,25.3214152011185,12.0767382400088
8,-44.2643010427877,-41.7553845902877,30.6514278699572,16.5231244620027
9,-44.5769439747437,-39.3780093990674,33.7273586598335,19.4761957058738
10,-40.6993615696796,-37.5107204746459,36.9896615861204,21.3617000193273
11,-41.066704513341,-37.3897421841151,39.0121261031602,23.2092436641065
12,-36.6438209529247,-34.5053131785925,40.6405118909774,26.6115710569502
13,-34.1081871603725,-33.360720445309,41.8216061480247,29.6579872342301
14,-35.35215655675,-31.3447157490315,42.2278057663246,32.4533259506545
15,-30.8126239096338,-26.9489713557447,44.6044214512692,34.9225918955333
16,-27.5788634686037,-24.3879592393027,44.9279889088528,37.5789697872234
17,-26.4079854110495,-21.9734371634139,45.4881517829009,40.2085811577051
18,-23.4215179653451,-20.7989418998546,46.2474291228694,42.6360411554715
19,-20.4979864619019,-16.729827117034,44.3965448394562,43.4615282982193
20,-16.778198809953,-13.9215204691634,44.705420156367,45.7869087118561
21,-15.697345547854,-12.852087229378,43.6033968671692,46.2729572987083
22,-12.2906990074568,-8.25370721951635,41.552384360935,45.7176712562642
23,-10.4224539039757,-5.28819987792159,39.8399552103044,44.7345739818137
24,-8.49805451231535,-4.2593272357103,38.0893376483193,41.927128810569
25,-3.9133038405313,0.551804970974596,35.0768318196619,38.5623214362124
26,-0.756029962560105,1.28626516135735,32.928359157787,35.0822053256652
27,3.83563059276629,5.21314529046331,30.2244744120718,31.2308543305163
28,4.52451341327951,9.94831425623443,28.0811586189071,28.4766777210582
29,8.35646211400813,12.0869574540036,26.1227583801769,24.8513367722509
30,11.7015533287409,15.5018471819364,23.5778019079772,21.2662752689202
31,15.688316839766,18.4979574755824,21.4308306001571,17.9101289132692
32,17.4171572073058,19.8525851682483,17.6328599637224,13.4757154303064
33,20.1775493178807,23.9180514999514,14.6578858669331,10.4384222069028
34,23.2306877249521,27.1539441474295,11.0460630958294,4.77950411664444
35,26.1424022676431,29.2362686015034,7.27451567215981,2.45363937308921
36,25.9863210622713,33.1702014515221,4.23267860900639,0.31809564780707
37,29.9375858685134,36.096709293129,1.05225550474694,0.591115377891107
38,30.6948774018751,37.5072804673793,-0.239284526138273,-0.0982589362482354
39,33.0256281367722,38.9632457261784,-1.45687109288007,-0.455684936627615
40,39.2511092513235,39.2917379246566,-2.53102283742287,-0.194804027964942
41,41.2412047311038,42.6422048149751,-4.05654167366885,-2.50485770137816
42,40.6988580886429,44.579345347053,-4.67892718243161,-2.20717243853242
43,44.5705814790764,45.4600152503025,-3.22971549952221,-3.44533316579222
44,44.7919950519867,47.5764427649434,-2.88232640484891,-4.71972655443926
45,44.8733438883642,45.8431575302124,-3.67420205636049,-3.31602075624518
46,45.143893188304,47.8863834655439,-3.40488567927585,-2.24228024840895
47,44.3780686171671,47.3497823964299,-2.8698906330495,-2.7005981308894
48,43.0828055372629,47.9542789045999,-3.15805389122866,-2.37127970019699
49,42.7279767406097,48.0150306205455,-2.983054017076,-2.21676480223353
50,41.5917870546816,46.3454626976118,-3.72050470812031,-2.77537320245715
51,40.026555527041,46.5828297673173,-2.35432569101441,-1.89974304399316
52,38.369290970302,44.1615801154267,-1.72611376801156,-1.27713014196359
53,38.2470203188632,44.7809856225286,-1.34468585868316,-1.68925604571211
54,34.5370995492618,43.1995795711431,-0.878414786978668,-2.40426621555379
55,33.8047225260015,41.9279204938366,-2.81052424139211,-2.71036361534137
56,33.1771794595814,36.9270039133093,-2.83296092781256,-2.86452549677017
57,31.5009858944581,38.2601275779561,-2.92460213288785,-1.49312187053396
58,31.1268388227439,38.5655503692021,-2.94515243695494,-2.39972414014613
59,29.9826148922714,33.9982513829382,-3.3343241155623,-1.97412719932002
60,27.1856058516729,32.0896979149136,-4.07932796821418,-2.06640982723509
61,25.3671252590762,30.71982326639,-3.21074564811762,-3.34065181266833
62,26.8547171138428,27.4836487664758,-3.09601728505388,-3.53834633704043
63,23.1966394415752,26.7878131465339,-2.00488237716478,-2.02109406180194
64,22.8823112010086,25.2603053334024,-1.90699056978559,-2.42890872967365
65,20.2566384621463,22.1260979863839,-2.74695841765214,-2.36317787681875
66,16.4431893514192,21.4163821426351,-2.48753489797453,-3.4181813683718
67,18.0166087544975,19.1027894344735,-2.88639914213089,-2.7287566531355
68,12.0404748651566,18.2053515707413,-2.13450757844971,-3.17097503067233
69,10.5704380633307,14.9373945882622,-2.30969773978281,-2.6238295060871
70,10.3686740285776,14.1588895378356,-3.20088565752688,-1.90407904478369
71,5.68056309854312,10.2034018017919,-0.958565623813946,-3.25261089914602
72,5.91911729320366,8.68095926942219,-2.04721729889087,-3.30461247320346
73,1.75316903881134,7.56961834173378,-2.1115023151777,-2.11555815222494
74,1.72393258737075,4.82719643202887,-3.70545419865886,-2.58803574242043
75,-0.650486522539127,3.59844644985382,-3.59202922075175,-1.55169884748688
76,-2.70182650649601,0.774518388754341,-4.3196446114955,-2.1859829567323
77,-4.40531140469426,-0.71815969130889,-4.00705472380906,-2.73536380084628
78,-9.58843230942212,-4.26147902304638,-3.43338804882899,-2.79732386107875
79,-11.0468018476655,-7.32219707912389,-2.94525746699213,-2.5481362300621
80,-12.731446753033,-11.7753420345799,-2.91604858435234,-2.55013195054681
81,-16.6550202463144,-13.5916563751771,-2.91782995930818,-2.10331263524085
82,-19.4303194984265,-16.8214480412068,-3.7954025792011,-3.25578561248572
83,-21.8267185773257,-17.5911663901174,-2.38427203429677,-2.07460303912564
84,-23.5808828214792,-21.0571659125479,-2.52743041366397,-2.50495806803898
85,-26.7275042060496,-22.7412022459496,-1.2306164786526,-0.92625583285213
86,-28.9219562358963,-28.5181481943014,-1.81757681810594,-1.45650647815815
87,-31.1439681588546,-32.8311938080367,-0.563702253348434,-0.671094843158496
88,-36.3059859115299,-36.8162775265387,-0.441066345405669,-0.757088693190858
89,-36.7258126850701,-42.0233057531871,-0.449296235109459,-0.188044588143415
90,-43.3327871534014,-42.0429336881386,-0.126818430041381,1.71159854419195
91,-45.6630367536481,-45.6464549640252,0.551808037791308,1.71606292151564
92,-49.0850706444778,-47.0676359473446,1.68774845607549,2.11096507659036
93,-51.2322160141985,-49.0335234118837,1.88501040757547,2.47820162149469
94,-52.6958615247305,-50.8178555327852,3.12238270784116,2.67444882856575
95,-53.8303597518563,-53.9779211230326,2.47352544306149,2.48590107350079
96,-56.2551092005665,-53.463972431871,4.03158436710926,4.84949080517416
97,-56.3143484155497,-54.7509034892351,4.43728121160448,4.00040126330624
98,-56.0992807270677,-56.5092105351875,5.6705808952298,3.45826869470849
99,-56.0758741280708,-56.3566704213234,5.35154194774597,4.49503977495967
0,-58.3419167154663,-58.9969100484443,4.03160928295698,3.27525283506751
1.02040816326531,-58.5846931329809,-59.6259041798477,4.54092776856648,4.1679141832945
2.04081632653061,-58.1750918750742,-59.2142111868141,4.24213511663985,4.09991721232442
3.06122448979592,-55.1216376794237,-58.2253015094084,2.7909050716188,2.93954599704065
4.08163265306122,-54.4073360904846,-55.9493831883814,3.99125381273279,4.16800644676241
5.10204081632653,-50.3846807115454,-53.9332587549623,5.20496149287496,5.47318537921467
6.12244897959184,-49.320781796065,-51.643940041882,9.87070067005734,8.90484247451507
7.14285714285714,-48.566164399525,-50.4071028282552,14.2363012549223,13.2712048329933
8.16326530612245,-44.9055176358547,-47.3325585962432,19.6227994542197,17.7285059716752
9.18367346938776,-44.663302633784,-49.0567754196829,22.3129917997494,21.3194050952629
10.2040816326531,-43.9873667066707,-46.4393464943131,24.8090357939891,22.4660008991305
11.2244897959184,-41.3240541837403,-43.8097698261432,27.4947244879311,23.6455541550213
12.2448979591837,-41.1472321378411,-43.2182167006547,31.5969043642339,25.1989766673512
13.265306122449,-38.3229731130392,-37.6987674608906,34.9226926373466,26.3749119659449
14.2857142857143,-36.3162153206699,-38.8859541137845,38.5959263339744,30.1179974446233
15.3061224489796,-33.0223555642551,-34.3775754536848,41.8533343850615,32.3072954779689
16.3265306122449,-30.864600681557,-33.407060734999,44.0920478914732,35.4304704126429
17.3469387755102,-29.5526102512712,-32.4177540800675,47.0889061199491,38.0086840475769
18.3673469387755,-26.6288104450399,-28.5499154224238,47.7374344473676,40.0455673619203
19.3877551020408,-24.6413774122882,-24.5886567449292,48.9062632685595,43.4450204302197
20.4081632653061,-22.3079336488336,-23.329507946357,50.6910661079803,45.5241510492672
21.4285714285714,-19.7425166627375,-21.1328381462362,51.2328051326549,45.9585131784422
22.4489795918367,-18.7280382449353,-17.5033678546311,50.7718086241259,46.3263298515621
23.469387755102,-15.2447275521008,-14.8679283292388,50.6627052162811,45.3287114643326
24.4897959183673,-14.7862688027782,-10.9380494454142,49.4455310073902,45.0128912385477
25.5102040816327,-12.0074129181311,-9.38716615007874,48.7424272681697,44.0906889290867
26.530612244898,-10.4800133556376,-8.15872698554177,46.4990198890657,43.5232934171793
27.5510204081633,-6.60279177489665,-7.01060012007682,44.9070678255941,42.753108873924
28.5714285714286,-4.79532461770381,-2.33006079257947,41.9908861415508,40.5363484465678
29.5918367346939,0.903412310588173,1.56531684206964,39.3757150870477,37.110283899715
30.6122448979592,1.76881757903405,4.65050164003559,35.8141920508778,34.1759283098348
31.6326530612245,5.46269026013497,7.82080415515396,34.0869276247442,29.6471264335515
32.6530612244898,8.15513801131486,10.3828780805721,30.1097547114171,25.2476227667864
33.6734693877551,11.8844964997001,10.8048119756219,27.3692451900233,23.7914508219115
34.6938775510204,15.3023465503764,17.2246598582555,23.7893213404564,21.2489925359645
35.7142857142857,17.0925790779148,20.2126282877703,21.9435922967115,18.2465792475532
36.734693877551,23.9763905092719,22.4661454996617,20.6019792485198,16.0692741882187
37.7551020408163,21.5638716238738,22.6725089104546,18.8466001466197,13.9742206778009
38.7755102040816,28.9628440211375,27.8669144531261,16.6497014125786,12.1815529726423
39.7959183673469,30.0977318295038,29.25572747979,14.3774265843799,10.1675004841304
40.8163265306122,32.4924278185947,31.4981603882016,10.6356320083528,7.99760277521215
41.8367346938776,32.9722569177312,34.0895117639191,7.29853456275344,5.77316699649139
42.8571428571429,37.2383567893037,35.1199885994397,6.15883978591158,2.33388697096902
43.8775510204082,40.7384623807734,37.0414400051639,2.55666115445049,0.119144250215626
44.8979591836735,43.3444984604086,39.9757274741146,-0.203686679004236,-1.68603935887975
45.9183673469388,42.4642231323701,40.572830992532,-0.592206909032245,-2.39379784905861
46.9387755102041,41.8728819551302,43.0493705495358,-2.18241144965315,-2.32115184370261
47.9591836734694,43.9202699407764,45.0317434130976,-4.83977045146116,-4.42434366291827
48.9795918367347,46.1046044549812,45.5355223780829,-5.58646772344691,-4.65303518351976
50,44.6202997923278,45.2272265175954,-5.53654414010312,-5.87907047590366
51.0204081632653,46.2611317099505,46.6847891984015,-6.90860015106986,-5.35575635288151
52.0408163265306,46.5128644304726,44.8734667877932,-7.4852621646629,-7.42581588825742
53.0612244897959,48.2687338769786,47.3722920235145,-5.82448743004311,-6.6387768544337
54.0816326530612,45.5948237276095,47.0689698487009,-6.07152867480884,-6.8659352264
55.1020408163265,45.1922446866869,46.1465913390582,-5.39569581160664,-6.23889153421772
56.1224489795918,44.6046289204405,45.5590248195199,-6.36404163869792,-6.18490288488955
57.1428571428571,43.505053071557,44.9192053215084,-6.2704531658138,-5.36575960213407
58.1632653061224,41.5662283270435,43.7474702973367,-6.4730571019515,-5.14828780593785
59.1836734693878,40.148783948893,43.3553057282514,-5.89592927843959,-5.44295450324004
60.2040816326531,38.1829113283218,41.6206561323234,-6.0478752219938,-5.92514155204922
61.2244897959184,37.9710002939836,41.8889299558453,-5.45282846844838,-4.9396612107172
62.2448979591837,34.5985437437833,37.6577046233441,-6.50003611820348,-5.94335953097236
63.265306122449,31.6778117028578,36.9249310606518,-5.62142579290382,-7.26565663901968
64.2857142857143,30.8167851899084,34.0636494550461,-6.10884914267222,-5.86158825829593
65.3061224489796,28.56011131517,34.2671789232199,-5.84732095165541,-6.66560589752091
66.3265306122449,27.9558936643574,29.9816398701017,-4.3479193064195,-6.15572818674093
67.3469387755102,21.4836053272868,26.211151963145,-5.01146540359403,-6.11726443212513
68.3673469387755,21.2283385491558,23.0984742816187,-5.30228412977783,-5.95268353776677
69.3877551020408,18.5486731849252,20.988969136296,-5.07156025149989,-7.15820166779383
70.4081632653061,14.7025749403135,18.2143362788548,-5.68240029245043,-7.15408283516702
71.4285714285714,12.0906160030336,15.7864606713572,-4.80024003397182,-6.54019116137208
72.4489795918367,9.18994761974282,15.1572436304419,-5.52630480056661,-6.18060245939352
73.469387755102,5.34843622055186,8.52980472210977,-4.65952376652392,-5.45103711939568
74.4897959183673,3.87225397877222,4.61481694991428,-5.11014049656265,-5.54140548959625
75.5102040816327,0.0460566884467017,4.64183035022086,-5.42618897892859,-5.28056105516044
76.530612244898,-3.96247455797866,-0.421945774403114,-4.10614324689249,-4.46226577112015
77.5510204081633,-7.04393775698862,-3.73670205265857,-4.17519611870342,-4.73596216703821
78.5714285714286,-8.69314709674139,-7.59194494946699,-4.39623471551849,-4.32722170019563
79.5918367346939,-11.8521291168283,-10.5893990141178,-4.41243533516703,-3.94877430114004
80.6122448979592,-14.8849733815032,-15.8724910168486,-5.50327027058099,-4.21565611021539
81.6326530612245,-19.1344961069901,-16.2200399943941,-4.46537986847889,-3.84480283597755
82.6530612244898,-24.024631892287,-22.7254271348067,-5.24748818458209,-3.76669083665864
83.6734693877551,-25.5452648112182,-24.8235662253937,-4.54838536288666,-2.58135722647993
84.6938775510204,-28.995812814555,-28.4845212770624,-3.50192222786328,-1.99957774642404
85.7142857142857,-32.2145255823845,-33.881212917026,-3.42963415289655,-3.28418996553208
86.734693877551,-36.7544787439619,-36.6391452272904,-2.26505274994221,-2.17421126467684
87.7551020408163,-38.7812892101129,-38.4139189171281,-1.30621098220758,-2.04549332149539
88.7755102040816,-42.6852926467979,-43.085176895107,-1.39540585611871,-1.71514284139022
89.7959183673469,-42.8526394792251,-47.0253088911983,-0.191514845532194,-1.24068989978296
90.8163265306122,-46.1341602365499,-47.882737560767,0.132181319462649,-0.00346100592061716
91.8367346938776,-48.3316894551021,-52.3942362655976,0.520254661454317,0.231833143383743
92.8571428571429,-52.3343928733189,-53.9208295466684,0.620077397956911,0.366464307801144
93.8775510204082,-55.932849507538,-57.271158382111,2.00172211963953,1.28375430103367
94.8979591836735,-54.9531868712815,-58.502929042829,3.11094595115113,2.95360226236614
95.9183673469388,-55.9259934953822,-57.0753731542465,5.84547563274223,4.08604499985002
96.9387755102041,-58.296103779576,-58.7977956240684,5.21260088250435,2.03849360003896
97.9591836734694,-60.5429612072613,-58.1025525729524,4.0012259266593,2.58958281357642
98.9795918367347,-59.3165269749086,-60.74472543339,5.30630207507312,2.14698969682038
0,-47.0406631224226,-54.609755363584,7.246139910181,7.45753411785718
1,-48.5441712709658,-54.2783820515216,5.96976504825256,8.05556073531978
2,-48.8544268481372,-55.5691726306079,5.49803454087429,6.99114255625611
3,-46.0480970310809,-53.6747270698614,8.01847273677207,7.71065764141086
4,-43.9573456586152,-50.4690272183412,12.6281639327119,13.0810470784927
5,-43.2402934918377,-48.5237622410779,18.9712695411674,16.3160721112682
6,-44.494823266333,-47.9318977305146,21.8971706527202,21.9268133737974
7,-40.6316740286424,-44.9303879297878,25.8449095560109,24.212106856066
8,-39.5730910029342,-43.7512054254718,28.403849039284,25.8836824247124
9,-37.3763766724188,-41.277889145318,30.2411551474772,27.4554324343933
10,-33.9882175991823,-40.8228213729691,32.5109980999298,29.0989005142441
11,-34.3237338708998,-38.2271666300687,33.1653891893149,30.1643165174654
12,-31.9182772870406,-38.3438929897148,34.2822115219725,33.4044214512737
13,-30.7390039895517,-33.8751112112496,36.6911107528959,33.4017411827119
14,-28.3075571826288,-32.0496150529332,40.5734994812414,35.4974733004103
15,-25.5279152050577,-29.7612621052668,42.0824900006499,38.4845647462732
16,-24.6790787203384,-29.0046288173537,43.6587273664535,38.9692052311679
17,-19.6843606902084,-25.5209690431115,44.1981687028733,41.5352320492183
18,-19.5348036186235,-23.5725035525649,43.7724493119271,41.4697572432966
19,-15.7383693853159,-22.4258067909663,43.8137940951491,42.0137437187375
20,-12.9022301666522,-19.4464663605898,43.7234504631898,42.5627015346578
21,-12.7870358277143,-15.9483403540521,42.7229779742541,42.3448728352161
22,-8.79297971276581,-13.2974429985238,41.4206134009109,42.7995082496303
23,-6.64166424226558,-9.49287465186247,40.1484685793114,42.5939992665216
24,-4.2380843196808,-9.75055631634864,40.439331238572,42.1704600466697
25,-3.12215445898499,-5.65097876532408,37.2671741014764,37.7313352665195
26,-0.354292391353205,-3.11599432611286,34.7240868655154,33.3479062840748
27,4.57863963681712,0.953165181976436,33.5473034180435,29.7482283529007
28,6.54528689649734,4.35149161982866,29.3886121776022,27.1637600260069
29,8.51258245168121,6.44703612472164,25.8425964153075,25.213631740729
30,12.3881031038411,9.90144799132495,23.3032843906942,22.606456282575
31,14.5628020401184,15.0392598967947,20.2234049814354,20.1998606791491
32,17.8746969248032,14.566210714127,18.5725059871104,17.847631534082
33,20.4253047969437,20.9039065897574,17.1473711667581,16.9806298237259
34,24.9897574248153,23.2117897270712,15.864495001287,15.2338668267326
35,28.2174282679783,24.6892205008862,15.7807699833876,14.45115032981
36,28.6137093906304,28.1561826445489,13.9237144688797,11.7510110056758
37,30.289762551921,28.8419316950543,12.0134762495323,10.0747465768507
38,33.672071590622,30.9373205465509,9.71014097340616,8.2182297059153
39,35.3844710293435,33.4507364144441,7.06799751037773,7.15444642429863
40,38.2438244472514,34.2917564870088,3.27743607353745,4.30015939447322
41,39.2391617941762,38.4455667793564,1.72295331699246,2.32121094610897
42,39.3860239970897,40.3983586467268,1.33155574090957,1.09202816685162
43,39.9937514903299,38.3582936434397,-0.546975804313125,-0.352526407265924
44,42.5538309514947,40.940086286665,-0.813180079081797,-0.77136483102703
45,44.1246007815095,41.3778578562412,-3.51484594020787,-1.62054383506145
46,44.3060362692604,44.7828345371301,-4.34618317305578,-2.85279667977811
47,43.2229342156992,42.8510040207894,-4.79140667206684,-3.73161528304599
48,46.3647631833528,46.2758302915197,-4.30389395180086,-5.43804543869063
49,43.7088272730201,44.6184204725981,-4.2411202626938,-4.53053620077928
50,44.3860375092351,44.7086265433316,-4.83143607396908,-5.41835486213624
51,43.6042529989008,44.6997904422904,-4.9294487021554,-3.97498476321982
52,45.6455241849555,44.5755746107829,-5.01517182976495,-3.69187493438092
53,43.7244956768739,43.5232394127394,-3.47783871267232,-3.98435602903947
54,44.7849345224239,41.8083830197618,-3.45232384468014,-4.43201732817905
55,43.75167664345,40.8241773934721,-4.12739535204182,-3.00537597290182
56,41.7276349755596,40.8559561727185,-2.21451449450325,-2.14872503955101
57,38.101646029917,38.4535648493899,-3.37292966571736,-2.63723878955639
58,36.5452011390517,36.9856958889079,-2.02359633399117,-1.58859836431443
59,36.8829801683277,34.8929466062859,-2.03521543313605,-2.02686102124812
60,36.1317344674398,33.459353478921,-2.24975516812941,-2.37539947676283
61,34.0264736490039,32.0077703393294,-1.93661780517242,-2.55419747250237
62,30.9611553204394,30.7444330085413,-1.47172177031705,-2.06553280961174
63,27.7971220719849,29.9768233886257,-2.1258587361752,-1.57749613949401
64,28.1561576355901,25.7950906755982,-0.611103213419006,-1.26463407881626
65,23.3658224025686,24.1750096726607,-2.08268706210124,-3.13921355295452
66,22.6047982154183,23.0142594641425,-1.09119249191926,-2.381429887717
67,21.9319004093819,19.7312686333344,-2.34653559040371,-2.37767980833378
68,20.8387432305555,14.7390465369789,-2.55386806661081,-2.97436283955435
69,16.6339804239061,14.4581857627194,-1.96492642231964,-2.6074859976804
70,17.1709958040844,11.717538531939,-2.40886846819595,-1.87176917770598
71,11.1770211771386,11.557939587508,-2.65098420049318,-2.91387351491027
72,10.111352368539,8.26074553685673,-2.09389426732675,-2.84841668288779
73,7.98131446332517,6.46246756948511,-3.24667650086431,-2.11073330954062
74,5.95741395882985,4.00535751120517,-2.75987021579091,-2.32352337917849
75,4.60731540675906,1.73189241949,-2.28313833315466,-2.35640456594066
76,1.52505801543353,-0.115674926265153,-2.44883306212705,-1.26482398620968
77,1.0764145596496,-6.39747348458673,-2.47802912728663,-1.65719700601339
78,-2.78506524609446,-6.48587410410375,-2.21342869858225,-3.11888178082663
79,-4.93662147293979,-9.66309830471546,-2.7441523396005,-1.73473355212157
80,-6.34922213253389,-11.7692302383834,-1.67578611425937,-1.42366612752286
81,-10.0874333051324,-16.4577459291457,-1.29261416330106,-1.69893074148306
82,-11.6299505207582,-16.4265726527459,-1.48219959811187,-0.644563848095429
83,-15.9492563838625,-19.271968710104,-1.61371998691117,-1.33158845208051
84,-16.7234876270262,-22.3893628472072,-1.34551523967851,-1.39519742350652
85,-21.194777622554,-25.8399682221413,-1.2658635171617,-0.94972865815388
86,-23.6496602551409,-28.9067361072458,-0.984597649366439,-1.76974487165956
87,-25.6604219211746,-29.1150535539608,-0.141214212643456,0.5058489983744
88,-28.7778600390799,-34.1709165213392,0.0629739739100826,0.128836379651155
89,-29.7152864029176,-34.9911840873056,-0.436700493526024,-0.263650817841206
90,-33.7520967527747,-37.7929201916635,0.548526459603787,0.979700234104194
91,-33.7676939729324,-41.3926450198022,0.0637308609620156,0.955746544788738
92,-39.0287277417093,-44.1027228119438,0.0598913991612178,2.22162681974421
93,-40.5649235349536,-45.1901547438856,1.09810037483156,2.06650025798588
94,-42.1970638920138,-50.322079796723,1.81219644915087,2.58928260274469
95,-43.7240609510685,-50.9544832661808,3.9068187875663,3.57374008436048
96,-44.962257475653,-49.4079649268989,4.39323910626394,4.33751917228088
97,-45.6282866906223,-51.2904696918932,4.76448458211562,5.12526574686259
98,-45.9194028530684,-52.4582697671266,5.72869271145591,6.38536962671934
99,-46.0660232210719,-52.9295047316675,5.5366479189644,6.22360190904675
0,-42.1392650978189,-50.1897813809494,6.58670239415485,5.79757261609915
1.01010101010101,-42.0342165136779,-50.4577401921922,6.34334163796885,4.78035875263168
2.02020202020202,-43.356301810645,-51.4276036997782,6.18191008595187,2.93491577611912
3.03030303030303,-41.5938181094179,-51.674623238967,5.30730334261956,4.46821635510797
4.04040404040404,-38.0129882210445,-48.8465165136959,6.75696546832015,4.18224038375107
5.05050505050505,-38.1164023318995,-45.4978699190455,10.0971068031528,7.20630064743825
6.06060606060606,-34.6477540560018,-44.5740072114364,13.5836003062576,10.7884324969042
7.07070707070707,-32.1947325009958,-42.1939178688651,18.9935404003302,15.0503089254278
8.08080808080808,-31.2179792792566,-41.0067531121071,23.3132842261938,18.4052168187685
9.09090909090909,-29.5309156417608,-38.4226923974817,27.926169784384,21.80740251807
10.1010101010101,-26.7437899048602,-36.6332406919971,30.5362207606769,23.622441813292
11.1111111111111,-24.5829777577561,-33.3084441654929,33.2462268341392,26.437300099693
12.1212121212121,-24.0878019071031,-33.5142815853614,35.9276852565189,28.2125338040195
13.1313131313131,-21.3757910892764,-31.04096224395,39.2010558050547,29.3119167448407
14.1414141414141,-19.2107015519011,-30.5674658879036,42.3827105447468,32.1221174686519
15.1515151515152,-16.0844031326204,-27.1374080792855,43.3518055129869,33.788449515836
16.1616161616162,-14.0462751956168,-24.638084195487,45.5923715533717,35.6513574484371
17.1717171717172,-11.3315780941153,-23.8516009985262,46.7563246214934,37.7081268560862
18.1818181818182,-6.35409632161536,-20.2572957185208,46.4732024110876,38.5275582066463
19.1919191919192,-4.36491982359644,-19.5532580144314,46.7415036437449,39.7006009114628
20.2020202020202,-1.88249595443227,-15.2574147040988,45.8689767263586,40.289397744319
21.2121212121212,0.166108350350366,-11.7957326767088,44.9408746348484,39.9270869087206
22.2222222222222,2.97003369045343,-9.34596883863633,43.2331086937515,40.867728179603
23.2323232323232,5.79086215352664,-6.85036496328773,40.7559043231895,39.9577972588771
24.2424242424242,6.87472891295283,-3.00521998975314,38.5867350221183,38.1144104902595
25.2525252525253,11.0608047998589,0.0160946805987892,36.0217866940553,36.6554260952923
26.2626262626263,14.9582826103318,1.37520785646379,34.0936996591727,35.0686959791329
27.2727272727273,16.5215767910264,1.81191509678175,29.4672990479845,31.7080274267134
28.2828282828283,18.2141455602375,6.59682471959863,27.3209833622727,29.2063030345985
29.2929292929293,21.0459019989079,9.10137702034724,24.1014653327481,26.4078241971445
30.3030303030303,24.6299189921894,13.6101610905975,22.1975522920474,23.4420565038429
31.3131313131313,28.304113208497,14.3976535612779,19.9502182544104,22.460367293047
32.3232323232323,31.6699954084535,21.274097362706,17.2965050679297,19.0979313457143
33.3333333333333,33.4458123252751,19.3124130669696,13.7437914613996,16.976798357694
34.3434343434343,35.2914537335679,22.5441769423995,9.32342641619826,13.3088070125625
35.3535353535354,36.5307796293957,27.384795190923,4.08015382677961,8.22452593481213
36.3636363636364,40.1796555190333,29.1599149748955,1.63771430529098,4.62359734711283
37.3737373737374,44.8398991194083,30.4400968904016,0.504909253194331,1.58644530648066
38.3838383838384,45.7504281628028,31.2602955672442,-1.02474570438676,-0.341280465200651
39.3939393939394,47.8650796093839,34.0624391146141,-2.93030365948024,-1.77875631407293
40.4040404040404,46.2419720023153,33.5193157740839,-5.86885355408644,-2.22751183226505
41.4141414141414,48.552091084139,34.710975086134,-5.11719383502349,-5.15623964551591
42.4242424242424,47.0648149318563,36.9456249342013,-4.35288731812956,-6.41338378267944
43.4343434343434,47.4309440383388,39.0816589216062,-1.53998771798915,-7.28844969003772
44.4444444444444,44.5376207487711,40.8297319567756,-1.39791608915605,-5.53356619628909
45.4545454545455,45.7353781871484,39.1420222561906,-5.95727631552022,-4.61383436192246
46.4646464646465,44.3026033324349,39.4402554940099,-4.40189834733812,-5.16080042901186
47.4747474747475,44.2536074974678,41.0770136681135,-2.22626674032261,-2.95575459807096
48.4848484848485,45.0066736324599,40.0001548253386,-1.94241207421797,-4.33812804516218
49.4949494949495,45.8900431007608,40.1390440116304,-3.08253759281579,-4.31407897923305
50.5050505050505,45.8106619250161,40.7338620886107,-1.406155647775,-3.11111608659018
51.5151515151515,43.8514789444021,38.5943666138314,-1.67335280996532,-2.71377959586447
52.5252525252525,42.5919288142808,40.8553017528021,-1.35800723345955,-1.96470032869567
53.5353535353535,42.4756884446027,38.8048652034101,-0.74109812047838,-3.12224581732796
54.5454545454545,41.1277814397667,38.9902526690835,-1.60208496277394,-3.09013091210594
55.5555555555556,39.3903063931532,38.7093632494283,-1.66130301788986,-3.23160320824722
56.5656565656566,36.6362931310736,38.2102601391643,-0.35562331318466,-3.29335710521562
57.5757575757576,37.6655360929184,37.3411262338805,-1.12368127045419,-3.14086506969658
58.5858585858586,38.6653025746835,35.173216361059,-1.06382192089263,-4.44225254538572
59.5959595959596,34.9648660294206,36.0770424579019,-1.00548447134115,-4.33426389523971
60.6060606060606,34.0110415563535,35.3215079261794,-1.74329279918783,-3.54186474134761
61.6161616161616,32.1932272763886,32.4736459178953,-1.48720590989348,-4.83922056708471
62.6262626262626,30.2979321924187,28.9263270595072,-1.03267044264798,-4.4957190977313
63.6363636363636,29.5937845532081,28.4193773411378,-1.37730471270277,-4.24368843084875
64.6464646464647,28.3787770092107,26.8492914693373,-2.07740030322295,-5.46203499117442
65.6565656565657,26.7956006199564,25.5951723458505,-1.62560158785165,-4.71398571901497
66.6666666666667,24.2830623360369,24.6743073512177,-2.724328278259,-4.31592533982642
67.6767676767677,21.1218343347098,21.935757850352,-2.86745741060487,-4.84998691392544
68.6868686868687,20.2555749089224,21.008111042955,-3.12022657919763,-3.93747794657626
69.6969696969697,17.1738086152238,17.2519898678105,-3.11662962084314,-3.37552728962618
70.7070707070707,16.775359062934,14.4723565363568,-2.87441618515486,-3.7153492464812
71.7171717171717,13.3937522288984,12.5575026088014,-3.43626424498428,-4.11611383556099
72.7272727272727,12.5107763282843,9.78584311206613,-2.74510936536478,-3.01654720735992
73.7373737373737,11.0364352980477,7.0149189687128,-2.85318149127247,-2.29038434585243
74.7474747474748,7.42961165395643,5.60669594707548,-2.75103075844556,-3.55993032320404
75.7575757575758,7.08911826759062,2.98902074631936,-2.5341680993212,-2.93960804585802
76.7676767676768,5.09314814671797,1.05921259471022,-1.82383976971132,-3.85064569165679
77.7777777777778,2.5357574492125,-0.858128328576896,-1.75670234212126,-3.7728144527553
78.7878787878788,0.149109788608825,-3.09193818718428,-2.02807228989535,-3.23436827416892
79.7979797979798,0.124266005780269,-4.36251306265931,-2.93789715619746,-3.27529666759374
80.8080808080808,-3.86773190617608,-8.03016087761179,-1.75310926486048,-2.99915637221283
81.8181818181818,-5.88945424837493,-12.6583803243175,-2.58534715523504,-2.53605893602823
82.8282828282828,-7.84555810951393,-18.2373929391696,-2.70479183783185,-2.58346520894965
83.8383838383838,-10.7550916046171,-19.5090303709752,-2.31125951776802,-3.13020103937995
84.8484848484849,-10.9757416170085,-22.193642694611,-1.31715851524779,-1.69255009891354
85.8585858585859,-11.2673536536617,-23.0906790197434,-2.60621986518429,-0.880124728849748
86.8686868686869,-13.9893947076608,-25.2244907395917,-3.05207538835149,-1.65865439267975
87.8787878787879,-17.5552860062369,-29.8874730754672,-0.85589008847873,-1.16975245034562
88.8888888888889,-21.1938599018491,-29.5802017031548,-0.0597126099993265,-1.308384165675
89.8989898989899,-24.3096413290928,-33.0941904759014,0.0557072162783248,-1.03393928935382
90.9090909090909,-30.3681156084853,-35.7344585176671,-0.211873154576825,-1.29580515276741
91.9191919191919,-33.1138900707139,-39.1969560889536,1.61319570145477,0.592215529328645
92.9292929292929,-35.5300151700434,-45.010896548351,2.28480098574282,0.569092631779876
93.939393939394,-35.7031466233874,-46.4327357988137,3.27118692126477,3.18676799619516
94.949494949495,-39.4063495012116,-50.392087513063,3.01796474817772,5.35711787313203
95.959595959596,-39.1069581852972,-50.5889433541203,5.27834958015791,6.31774711941895
96.969696969697,-40.6784650430638,-50.3899550659095,6.8705902427485,6.13136032857401
97.979797979798,-41.1620782483852,-52.3380063004427,6.9346107353591,5.44962152456861
98.989898989899,-40.4441189534347,-51.6148301550051,6.40784212714198,5.47897088235507
