"Normalised.Time","Stroke_GateAngle_1_sim_junior_10","Bow_GateAngle_1_sim_junior_10","Stroke_GateForceX_1_sim_junior_10","Bow_GateForceX_1_sim_junior_10"
0,-46.6593018243408,-55.7998730511778,6.10217190531491,6.27598531990987
0.99009900990099,-46.5975624852372,-57.3445186474376,6.48075326729599,6.2615238143111
1.98019801980198,-47.215685564193,-57.3103551633576,7.09980155694484,6.56822008786657
2.97029702970297,-47.2039786495904,-53.3794467707392,6.09255798366779,7.92779451391535
3.96039603960396,-45.3280273973995,-51.9030305995959,9.10187823428641,11.6209716015122
4.95049504950495,-44.9518966476549,-49.9151722723325,13.5321473504726,15.2290743513762
5.94059405940594,-42.6476859774349,-48.8870404420608,18.0077505956955,20.3861357267395
6.93069306930693,-41.0146030282633,-47.5261228168476,24.8899912652901,21.6429477258991
7.92079207920792,-39.3398164495648,-44.2306596429109,30.8917018377199,22.7550930147846
8.91089108910891,-35.9099191410338,-43.9677623577159,35.3500417491606,25.4503854499273
9.9009900990099,-35.4616871608774,-42.7401472511115,39.0500147144501,26.4807585642509
10.8910891089109,-33.3951598316488,-40.3595677233202,38.8497245082355,26.7870519418056
11.8811881188119,-32.3777576555464,-36.2836066770226,40.516004835624,29.5857007093642
12.8712871287129,-30.0011376742809,-35.7337681534637,43.1175657447263,29.3236782033699
13.8613861386139,-26.8973429627931,-33.2456700615043,44.7068070470076,31.4685636691245
14.8514851485149,-23.2105736414332,-31.8247992293847,46.3929388432655,33.1054845435728
15.8415841584158,-22.2193853087898,-31.2703478686799,46.8086020065633,34.0242590765352
16.8316831683168,-20.1557307624019,-27.4759440255891,47.2719111755096,34.1746839655357
17.8217821782178,-17.4488884395479,-24.6256188318883,47.0842532833833,34.6892643149783
18.8118811881188,-14.9748998330079,-22.4954023557163,46.4706769988016,34.7263600937175
19.8019801980198,-13.3105875155817,-21.7788151915876,45.7359472236935,34.4185463404513
20.7920792079208,-6.69503792777512,-17.2124038354425,44.4151767142953,34.3222684988016
21.7821782178218,-6.71019277695617,-14.2411986199296,42.9861246256375,31.9487473100628
22.7722772277228,-2.57716262771129,-11.8553949157923,40.01069674217,29.7990720322242
23.7623762376238,-0.719272074219449,-7.6741513711106,36.2691183141206,28.6528978321345
24.7524752475248,2.00969601161001,-6.90667518210808,32.361737348065,24.2290706042318
25.7425742574257,4.81610679301426,-2.30520181387748,27.5086862917261,21.4990006225887
26.7326732673267,6.75443351054585,1.32731333961134,22.0054337615822,18.8436442105821
27.7227722772277,10.4369844962302,4.79299041701007,18.4688729760406,17.8735723279701
28.7128712871287,12.1677971858795,6.21527291637675,15.7768115580933,16.3849297239656
29.7029702970297,15.1841311314192,9.39115913105468,14.1064430163765,15.9018818899898
30.6930693069307,19.7711465121885,12.4274870165295,13.2393463080424,15.7916458328929
31.6831683168317,19.4258074076913,15.9072012850044,12.3271401991403,13.4063611112065
32.6732673267327,22.7276312608891,20.152756592995,11.6145172256058,13.2477927365173
33.6633663366337,24.8674021289054,20.8855898269206,10.4212651387103,12.238989810266
34.6534653465347,28.0833812795883,25.3957012418707,9.12793143011464,12.7547673177647
35.6435643564356,30.7568698724545,27.5965849048961,8.12463556918229,9.61244806925772
36.6336633663366,32.8596351684691,28.1863875061482,5.65183834144376,7.37845583860262
37.6237623762376,32.3808625386928,33.3545595153247,3.73206748030079,5.37430438659604
38.6138613861386,38.88141488763,33.7993994556436,1.16484707356891,1.37362687881324
39.6039603960396,41.1941245328527,34.3791846157386,-1.36009806594448,-0.585124399093602
40.5940594059406,41.7931342942488,37.3814938889161,-3.68793363682941,-2.06696767282409
41.5841584158416,41.342152753036,39.7106674997133,-2.12727838686229,-3.9872005178186
42.5742574257426,43.1399864709977,43.11031654664,-2.19864993311354,-3.94864563477291
43.5643564356436,43.8030935038899,43.0899710526733,-3.25381538306689,-3.87113463547975
44.5544554455446,42.5528078302334,44.1841092010822,-3.77294906937331,-4.90552807837853
45.5445544554455,41.7227264567263,45.4161623330513,-3.060722485657,-3.81702508840326
46.5346534653465,43.5958131190549,41.7771652197978,-0.283611107773153,-4.75557344946084
47.5247524752475,42.7598288988599,41.3960569361687,-1.40106995109351,-1.82210377582199
48.5148514851485,41.0851412904343,42.6474520872687,-1.92840095118596,-0.758426546204284
49.5049504950495,43.0298624509083,44.576228509739,-0.781640216384111,-1.6236606144739
50.4950495049505,43.3939998834511,41.3619682875335,-0.895886871627544,-1.16368006362167
51.4851485148515,43.4333291710372,42.641460555409,-1.81202221369631,-1.30918402832741
52.4752475247525,41.9709835592356,44.5742376600553,-1.32978818973144,-1.14941256495602
53.4653465346535,41.0898596599301,40.7123892403236,-1.95901933780196,-2.08230159310855
54.4554455445545,40.6237569503741,41.7989262001586,-1.90525753639872,-1.53779743411514
55.4455445544554,39.3224572688997,42.4792259740298,-3.14923956059126,-2.67803762233035
56.4356435643564,37.7080905652994,42.344356607215,-2.58134917652473,-2.41664993614921
57.4257425742574,36.592194705594,39.9731056625579,-2.58589574963655,-2.62771526965474
58.4158415841584,34.3686511089695,37.5270933246121,-2.09674545244596,-2.8484695295573
59.4059405940594,32.5488015122285,37.2777912858679,-1.86369104411009,-2.78799421119159
60.3960396039604,31.6570788409892,33.5791717437933,-2.36740589124515,-3.39672434771997
61.3861386138614,32.0273995650798,32.3196914435334,-2.34204359615768,-3.55370351793824
62.3762376237624,27.3306970563453,32.1700832887877,-2.25701040851467,-1.9084873782987
63.3663366336634,28.0403003328098,31.2892523075736,-1.39798174242555,-2.96684099345232
64.3564356435644,23.6991476669794,28.5823928924601,-2.5545245483159,-2.45239037750438
65.3465346534653,23.4878727824839,25.0378832222507,-1.97773162379787,-2.22582111923567
66.3366336633663,17.46873899725,22.142529093264,-1.75329450262398,-1.88671719116637
67.3267326732673,15.4100550574416,17.9323536904528,-1.41090748511592,-2.32965719599195
68.3168316831683,13.3178423263416,15.0944053374148,-1.79643062658147,-1.76756692467089
69.3069306930693,12.7623991152209,14.096048915244,-2.39527500297195,-1.80365646656727
70.2970297029703,10.4416380423569,12.0765190598996,-1.79097630428216,-1.08074996067202
71.2871287128713,9.3228384798606,9.0751882800323,-1.0952559534861,-1.46359132220795
72.2772277227723,6.11751343355786,7.10470378388519,-2.05544232768351,-1.32911450297388
73.2673267326733,2.49784728959612,3.95762913064071,-1.17733986489235,-0.764559787715695
74.2574257425743,2.86395728851482,0.320971681048147,-0.619199502065464,-1.0047172204027
75.2475247524752,1.85753724097901,-3.40759542189503,-1.12356575240409,-1.24008314983666
76.2376237623762,-2.35308030946243,-3.58461149591084,-0.820822035724123,-1.67758353984052
77.2277227722772,-2.4022427333751,-6.70303595270411,-1.41520531379365,-1.35553895561108
78.2178217821782,-6.83077915486668,-8.81001176219162,-1.47201691858344,-1.34970205131538
79.2079207920792,-6.44208047312821,-10.317762307715,-1.48949204483473,-1.00978349038366
80.1980198019802,-9.60380367410747,-13.6438345728249,-1.58492694506175,-0.667053407652851
81.1881188118812,-9.39897604776935,-16.5293541483285,-2.06308001969878,-1.35550009159164
82.1782178217822,-12.2333002960789,-17.6949118360914,-1.50538628482157,-0.980109017663016
83.1683168316832,-15.3117200322679,-21.1687945048971,-1.18016997816808,-1.87732184741876
84.1584158415842,-18.3281170970991,-23.7130256460239,-1.62331645184306,-0.983844915135182
85.1485148514851,-20.4402571293318,-25.9639426398808,-1.64818043661397,-0.96305085698435
86.1386138613861,-21.7390206906915,-28.3626690197364,-1.41942277794063,-1.48703605794026
87.1287128712871,-26.2470761423772,-30.0480047405048,-1.27272272322257,-0.658743058833352
88.1188118811881,-27.4062008793783,-33.3745370565335,-0.557925917576907,-0.245745238532422
89.1089108910891,-29.9557360350603,-35.2344363616876,0.559145765878499,-0.314649110668659
90.0990099009901,-32.1081076308223,-39.7109898235064,-0.374349200739342,-0.58096853553798
91.0891089108911,-37.5290625834761,-43.3060859164768,0.359990155561899,-0.497592014705966
92.0792079207921,-38.5428732007049,-47.799941414375,0.52917769194666,0.456300523523622
93.0693069306931,-41.9962443584653,-49.6818779099125,1.06639267035992,1.10352006724484
94.0594059405941,-44.6516797331416,-52.5179552331121,1.30031975426929,3.40815818142859
95.049504950495,-43.0370432221432,-53.2081293621066,2.63541211406753,5.19258179049051
96.039603960396,-44.1515004447643,-53.4532944421758,4.0036972719367,4.39849581531623
97.029702970297,-45.9315214826018,-55.521771461877,4.3393438704504,3.93469364066778
98.019801980198,-45.6779149604042,-57.0669888677462,5.85932026137259,5.12606339525015
99.009900990099,-47.2534412636402,-56.8118871886295,5.6923027028628,4.95715502914773
0,-57.3440090930513,-61.4030086362742,6.06519934819711,7.53184742964846
1,-57.9280794904705,-60.6462496545096,6.64697457850625,7.63304117861243
2,-56.4233075204566,-58.7623195061726,7.89981712892254,9.84200954457877
3,-53.0412376215016,-58.9820348822697,7.55984859846974,8.77307161616667
4,-50.8077160664667,-56.2707536937431,10.7427279563578,9.93233718218906
5,-51.5130332478438,-52.2986868401417,12.9828302167412,13.1266893749098
6,-49.8674839496252,-52.9252799413201,15.6871253264157,17.3548964609841
7,-47.4181608189751,-49.6768564673966,19.2843540766835,19.3699165559736
8,-45.8670168043443,-48.4865279888953,20.280570906474,21.3287002467994
9,-42.3208461129195,-46.3406287912974,21.3484471105369,22.8512912988928
10,-40.7055676878801,-44.5392677469289,22.2781397013275,23.0657231177075
11,-38.6129264863725,-42.9668299765643,23.1078439325461,24.1404557731478
12,-36.7406959286997,-42.1719942370094,24.7409975127623,25.915648257779
13,-34.6811221988337,-39.8382901926023,26.6765248904233,27.9356770520064
14,-31.8201713018131,-36.8244136057908,29.0346031005402,29.9459380986631
15,-31.113860424743,-33.8714968282802,30.5471870983255,32.4856914263287
16,-29.1043278845505,-32.392619197056,32.2444621649273,32.6602001254808
17,-25.993063318225,-29.2651600862743,32.9852159573937,33.755649020084
18,-22.9411156075852,-28.796310384505,34.1960442937167,33.4041276937685
19,-20.8347766440431,-26.284956558926,34.5796849828029,33.7422732412714
20,-19.4206180717466,-23.6249612501114,34.7126956605445,34.3586924149597
21,-15.3162637998635,-22.1924864726696,34.2883845146729,34.8452197188511
22,-12.5085936810353,-18.0700486191237,33.8177237167767,35.3073649485781
23,-10.6325161321939,-15.6458453854236,33.5993894938116,35.6186445217546
24,-8.38015884433976,-13.585209777042,32.3367756055496,36.1515902775144
25,-3.44021498354695,-7.90442449727838,30.449076340544,35.5740932727934
26,-1.74470783909005,-7.82261516429825,28.6857997958945,33.7317194268829
27,0.840354496156958,-4.9153039229707,26.4583798457646,32.7463958212828
28,2.95212472023084,-2.05740602045271,25.099880776643,30.1532265754514
29,4.47433494758685,1.74943242871886,23.326980695184,28.6370562233251
30,6.95474858251647,5.63518335960494,21.5962258101252,27.0589597305571
31,13.4398407594949,6.56039115252015,20.5597614165517,24.632574124002
32,15.0440619886466,10.8240529635972,19.3757340600593,23.8483388238338
33,18.8560984988887,14.4453504336992,18.8200548668478,22.1870692383939
34,20.8170744207324,17.7299250978555,16.0932738725865,19.6788905086832
35,22.2363874384204,17.7909122142069,15.3711047012615,17.5806505219595
36,25.5589858548725,21.7193757184273,13.6398709914478,15.8322755246023
37,27.4658528557402,25.544647571735,11.019340663455,14.6776163689657
38,30.4514994510402,29.2479335423308,7.86609687730979,11.6658116912572
39,33.8139815974829,31.6275987346203,5.74655085166038,7.22236246832503
40,36.0497336692702,33.6430325731638,2.2858111943309,4.75940848408033
41,34.1383654077523,34.9135611875338,1.61912263117946,2.53599232036745
42,37.6511055636965,37.9234629300034,0.273356638632671,0.608289156540188
43,39.0674350838668,36.6833658566738,-0.889412612993573,1.21987706622613
44,41.3483650449612,38.2534063621828,-2.7160212865324,0.131084354951034
45,42.8452238962905,41.6915839813786,-4.09477957449362,-2.30760284897782
46,44.2513756567369,42.8468084251478,-4.3189627978542,-3.43272582721806
47,45.6779246093114,42.9358888998602,-3.92019681078797,-2.20162594831245
48,46.2848214670977,45.6073243979968,-3.32279949398758,-2.76774361971878
49,45.3294905568652,47.4288132628412,-3.48079148922747,-5.18930293037995
50,44.3561239932983,45.9869687381277,-3.41356648486118,-4.14906375756336
51,44.6190705670382,46.0087526564358,-2.05168765724953,-4.22580681625362
52,44.2921212983823,45.4765066054835,-1.98281440103901,-1.55313837008889
53,41.6947112565628,45.3743744954393,-1.86397520848786,-2.03426181045081
54,41.836796376255,42.7492160286088,-2.41658090156673,-1.43510133962132
55,41.1566232007851,42.7539151537697,-3.33107652362546,-2.7971996483094
56,38.6389246874863,41.1292162300935,-2.20425949731227,-3.12202491053621
57,36.9028107985976,37.4458151218074,-2.23844457842992,-2.06133715765908
58,34.060838529515,35.5013453675468,-0.981176347872479,-2.40819024386231
59,34.1773620820705,33.970167603122,-2.3181823871008,-2.11145296883367
60,32.142332808739,31.1407721878708,-1.8074287363276,-1.63556909495621
61,28.1081770256449,29.6976881634638,-1.36043467333529,-1.74737017437371
62,24.1797745032723,27.6675982557433,-1.52863640820174,-1.11570301320481
63,23.1441514438533,25.8444480879933,-1.43106641494673,-2.0192813274016
64,20.9222590345667,23.6008526568312,-1.89018508235766,-1.48932844973818
65,17.1300388422289,21.7182321390793,-1.16369318347363,-2.1670575909649
66,15.1324828090675,18.2708641526498,-2.21896908562516,-1.81229456914
67,13.3784974160222,16.6856326846485,-1.23931279950416,-2.18296226599127
68,8.58715157271537,12.3419382084602,-1.15039143164351,-1.70055180096466
69,7.86644253106599,10.874567047443,-1.37424994700205,-2.00598615247702
70,4.84454418713191,5.65317582814875,-1.97770592976794,-2.08745598987
71,1.33262306809672,4.60366870884014,-1.83430354546245,-2.48737033402023
72,0.800292928768868,2.48894760710723,-1.07888816968169,-3.16368868288071
73,-0.864239118700876,2.47195878342335,-2.73084057174495,-2.33188747180315
74,-3.80661618401294,-2.09899917019589,-2.90170307396927,-3.20540835416031
75,-5.85149717837869,-3.90275586969344,-2.80009614294699,-1.96163737914486
76,-9.74092419816148,-5.76047435319835,-2.69285260206505,-2.79486827018605
77,-10.9992490924815,-7.9403791778173,-3.34193581050929,-2.63668370657233
78,-12.0767050568166,-9.91350691232694,-2.1802321898159,-2.28069031434023
79,-16.0159845619041,-12.4766558899739,-1.3623701556575,-2.88945509551508
80,-18.684344969857,-18.1867797908712,-2.34213545132343,-2.31166028133759
81,-22.2180913689027,-17.6708272763632,-2.63555338920547,-2.84355069414338
82,-24.255471976679,-24.1098407912652,-2.49868475965948,-1.37525975337267
83,-28.280786527932,-27.5179026758082,-3.03379255187398,-1.4822855447632
84,-31.3873517279607,-29.7245626082565,-2.14958274837313,-0.881582430074428
85,-33.317057209184,-32.422903637446,-2.14295076131562,-0.445273707476628
86,-35.7167402218612,-37.9919180582313,-0.253034185058898,0.746868101238761
87,-38.5999469701171,-38.2526212999217,2.18176535824503,1.6002180057537
88,-40.0289122069105,-42.8262369570642,0.894176096783758,1.06529489710976
89,-43.5075494666173,-44.7522031267243,1.482553426561,1.44830206003562
90,-46.6861052504934,-46.0908028293063,0.600880432529751,2.27936524917765
91,-48.0377321554476,-49.1527390888994,1.18186161482633,2.22690438127355
92,-47.3411819297142,-49.7415498177036,2.12782426358775,2.17550897831799
93,-50.840727849629,-52.3044019779002,2.68641791233187,2.53377103223518
94,-53.1785415145322,-54.2907176449615,3.82021981640006,3.11437538308472
95,-56.0293973526051,-57.1315429821073,4.95283806397691,4.89948427847099
96,-55.8415654949046,-59.0515364855004,4.88000154256799,4.67736122705805
97,-58.189958375193,-59.4159799852865,5.24824741892333,4.79489971869445
98,-58.3141411711203,-60.3962105480887,5.18931829755477,5.61931573239363
99,-57.2026192395823,-61.3610887513407,6.11055337791869,7.41742129548016
0,-54.8981660086537,-56.6652261762032,4.08305299145236,4.77018520891317
1.01010101010101,-55.6420126864271,-56.2113331637444,4.65119390245589,4.73535809029299
2.02020202020202,-55.1017155801881,-55.8422239014581,5.60975437420173,5.1167180008445
3.03030303030303,-55.9110651447656,-53.7593249336539,5.13143424771544,4.36062761634247
4.04040404040404,-52.2187337394746,-53.091537894655,5.3002939526811,4.62621097779427
5.05050505050505,-50.4335955198647,-48.4618940002606,5.4563855039045,6.43509169803407
6.06060606060606,-50.649516453543,-47.9577509320099,8.15674836009621,9.27274886641184
7.07070707070707,-48.1516450165636,-46.7876634849566,11.6200464236488,11.6606736603828
8.08080808080808,-46.4024252428313,-43.3965656612899,14.3886071722867,13.494879805708
9.09090909090909,-44.3445896782924,-43.6945709889582,18.8927795121338,15.2229635610412
10.1010101010101,-40.7240025991797,-41.0088026948378,20.1729744436843,16.4869343960177
11.1111111111111,-42.5721937370837,-41.8626560998556,20.4799650116204,18.0960240345002
12.1212121212121,-40.111314787246,-36.706020800441,21.5847038257665,21.7931654284109
13.1313131313131,-38.690435863942,-35.0733323723385,22.6160660522288,21.5100463183435
14.1414141414141,-34.4010743526632,-35.1135268213533,24.589442557551,22.8264388230161
15.1515151515152,-35.1721696263201,-34.1753505064049,24.0093529456448,24.1104795929593
16.1616161616162,-32.1524358742597,-32.0933990393896,25.8114079196788,25.797719775947
17.1717171717172,-28.9704726424338,-28.762059621381,27.1925401605046,27.0539958206024
18.1818181818182,-26.5467833601102,-24.728227401389,26.8271636944133,27.6193439665107
19.1919191919192,-25.0153801473566,-26.3306486321983,26.5749508738073,29.6518572348305
20.2020202020202,-24.0854238785146,-22.5074651025817,27.2774921169838,30.0702814546605
21.2121212121212,-20.2301138710691,-22.5102092072337,27.9048874361463,30.7792632275044
22.2222222222222,-20.2134341644318,-18.0960539399712,28.3619872588231,30.148288226456
23.2323232323232,-17.8890668024887,-14.8033290297228,29.0794805531357,31.5811738017875
24.2424242424242,-17.557699305678,-12.9180920580275,29.0682226823867,29.8847395727119
25.2525252525253,-11.9887642010072,-12.9270202475399,28.9576264975108,30.3012345806006
26.2626262626263,-9.54902957272468,-9.3414674541245,28.7497869301076,30.2951634473166
27.2727272727273,-7.57679556893164,-6.4873574032863,27.5236420280543,28.7190254343024
28.2828282828283,-4.26726125542582,-4.62341547026993,27.646119265947,26.7812578404174
29.2929292929293,-0.232612220884823,0.623804262795409,26.9734367384939,25.0972655505108
30.3030303030303,0.0145063638409481,2.59435143895522,25.4609024951548,23.842321049431
31.3131313131313,3.40594144702329,4.73824230373052,23.8365935364942,22.368664060432
32.3232323232323,5.51224129253167,8.19454270212077,22.3519574992428,21.0235237748516
33.3333333333333,6.8886113131047,10.4792707019098,20.1223362310058,19.613512331042
34.3434343434343,10.0049797136345,10.4807856857069,17.5486670605727,16.5609523155726
35.3535353535354,13.0442015151654,14.7176585856114,16.5012146342004,12.5008214621247
36.3636363636364,17.1824154031801,17.5270098876718,14.1183387127464,11.4912902414109
37.3737373737374,18.6932648308128,19.4573856266017,11.7190193726073,10.6111808368332
38.3838383838384,22.2347925461731,21.6759214650179,10.0819234015394,7.74538275231893
39.3939393939394,25.3982554246501,25.3850888581327,7.88327192869591,6.36016033948438
40.4040404040404,26.9325216039867,26.8324772909235,6.41041882333804,5.57765912734254
41.4141414141414,31.8494274158798,31.1839058024151,3.86334371230446,4.13165409400433
42.4242424242424,32.0723098599656,31.7966768701122,2.52310583039502,0.914298875830261
43.4343434343434,32.6935637355358,33.5202666099264,0.510948406096432,0.12972259427307
44.4444444444444,37.6079985266787,36.3224998740387,0.436579939627307,0.834779914490575
45.4545454545455,38.924075370232,38.8849130211267,0.237633400266928,-0.0984821605292438
46.4646464646465,37.869007340688,40.9082073637316,0.0635036477011546,-0.735697135572239
47.4747474747475,40.6125092544479,40.8714449393573,-0.222742525119871,-0.830988256670161
48.4848484848485,42.8651406440719,42.8796892959071,-0.986748028715528,-1.50721237095681
49.4949494949495,45.8203737750859,43.9866412453325,-2.3497203862639,-3.63765954918978
50.5050505050505,43.3701791160598,44.233859414289,-2.45596757586934,-4.92824249308988
51.5151515151515,43.8699005220349,44.4986162869386,-2.29242023469183,-3.85013315209533
52.5252525252525,44.1847390617927,44.778498546157,-3.1703413077217,-4.60865510155977
53.5353535353535,43.8043487100857,46.9802329039083,-5.2227120188129,-4.85466791580165
54.5454545454545,42.5957129655159,46.4028237823352,-6.85836215283336,-4.42577969275995
55.5555555555556,44.1032975264914,47.6495481667456,-3.90592343374432,-4.14663528258391
56.5656565656566,43.1562865700562,46.6096760670965,-4.39023700835957,-4.00594304491749
57.5757575757576,42.1917961791883,47.5245051121853,-3.83698372701849,-4.31535470093342
58.5858585858586,40.3107042453276,45.9736474424782,-3.02040576806519,-2.99832233050242
59.5959595959596,39.9764344574858,44.8732881228079,-3.16243850035944,-4.35564835693863
60.6060606060606,37.5989365889074,42.9020077097341,-3.08656346554947,-3.08128380685119
61.6161616161616,35.5158694365337,40.2636412485093,-3.19649097246788,-3.21525785662769
62.6262626262626,33.5336102305607,38.6306955503646,-2.46432609274207,-3.24659716262527
63.6363636363636,31.9952409064687,35.8063622522246,-3.17095180906625,-3.66928652970782
64.6464646464647,28.064887254225,34.3352885151213,-2.66475840607917,-4.01193936910218
65.6565656565657,26.312741001664,34.2350618332157,-2.33420882766929,-4.50511564462082
66.6666666666667,22.1981527891098,31.4586242973461,-3.23896470923852,-3.67778626229586
67.6767676767677,19.5410224638364,26.5881511642657,-3.65505346223701,-3.86533241729777
68.6868686868687,15.729477977208,24.3969382728105,-1.93173094736729,-3.9326527635061
69.6969696969697,15.2342577187584,20.1094976889779,-2.6670317711704,-4.59855075701565
70.7070707070707,10.072933718723,18.3228052091042,-2.96150148192968,-4.08471172861151
71.7171717171717,10.4129662193685,15.2155408302188,-2.05516084862621,-3.8687175849327
72.7272727272727,2.82998829559213,13.3511178109557,-1.96911027190137,-3.51153058608942
73.7373737373737,0.19995936278444,12.2167284406647,-1.78864585638525,-3.94875858297355
74.7474747474748,0.644194847850944,5.3339564478644,-2.23788051199183,-3.41949303481263
75.7575757575758,-2.67598228968596,2.51951151226894,-0.807679682776452,-3.00844140714493
76.7676767676768,-7.80648585725177,1.00537170289089,-1.95214829325449,-1.91525973577698
77.7777777777778,-9.66153186233948,-2.45987508420088,-1.48921661904341,-3.23878243721941
78.7878787878788,-12.9152064491053,-4.7681426136003,-1.2467759324791,-2.31278383300083
79.7979797979798,-18.1303518921686,-8.52258412075029,-1.73039344497644,-1.06961671245045
80.8080808080808,-19.0228594272446,-12.4905170741882,-1.42896984529633,-1.98507317863032
81.8181818181818,-20.2488675152314,-15.2776164607391,-1.32603230507536,-0.850062359362056
82.8282828282828,-24.0313200661921,-19.2942272956988,-1.7093129064034,-1.42992513379376
83.8383838383838,-26.8356266467239,-22.3091429112311,-1.31618795085875,-1.83585824713534
84.8484848484849,-27.4488372533022,-24.0584217606708,-2.41066189387142,-1.69365512105545
85.8585858585859,-30.4903121596272,-28.1862061630306,-2.84188927895097,-0.973023696439702
86.8686868686869,-34.0778247543356,-30.769645131613,-2.06915024030655,-0.53962905236963
87.8787878787879,-35.0338540983811,-35.8947948365159,-0.93301691277774,0.06872074388118
88.8888888888889,-40.7152166025667,-39.7036814715759,-0.633874054260507,0.333139137058385
89.8989898989899,-41.5207625542061,-40.9181011346992,-0.0480707490178879,0.109260438041021
90.9090909090909,-43.364328608386,-44.630108817743,0.205240768490767,0.670872918602089
91.9191919191919,-46.057755164155,-46.048863861703,1.64258032088948,0.307600517106215
92.9292929292929,-48.9506061156353,-49.5306003657943,1.97377751803263,0.195495889392034
93.939393939394,-51.7401551185316,-51.4989639169279,1.85638780439233,2.06723600826622
94.949494949495,-54.6757089743228,-52.390883132514,2.11565958688434,2.19337507272857
95.959595959596,-52.7319202010811,-52.2446356568278,3.04537399149913,3.23258775485086
96.969696969697,-55.2389781974321,-53.8470290851381,3.71322842248201,5.19321987682823
97.979797979798,-54.0383333808905,-55.0808685636621,4.49742621675336,4.21104824060214
98.989898989899,-55.4964489391957,-56.4731137414809,4.17842616417577,3.91322087277788
0,-56.3065201590205,-59.0199296594431,5.28341624175697,6.46052124221738
1.01010101010101,-56.2166324241703,-60.1360082747109,6.91940124552614,7.02971571825753
2.02020202020202,-56.3586025837069,-58.4753352443131,6.46793878883415,7.51222821701364
3.03030303030303,-56.6077947128052,-55.3340338050312,7.50322417760965,6.58472155797074
4.04040404040404,-53.2047023471491,-54.903125180436,8.70187349277703,8.85562871308296
5.05050505050505,-52.1230478211505,-51.3135807839629,10.3616516759933,11.842433308586
6.06060606060606,-49.0539667051309,-53.9251087281666,12.3108918374189,15.1253136412923
7.07070707070707,-48.5582531738306,-50.9322771288129,14.702886950258,18.0219508196668
8.08080808080808,-45.7620154728806,-48.8257632575905,17.5430494986569,18.7721990795093
9.09090909090909,-43.8932038805738,-48.6203602903191,20.6214046519579,20.358237464676
10.1010101010101,-41.8252073157824,-45.7411662738071,22.3082288284345,20.1369168369857
11.1111111111111,-39.6623576705062,-44.5234700411048,21.9386791451426,21.1379749295583
12.1212121212121,-37.078783736293,-43.3087149049462,23.4595397840252,22.0036969485355
13.1313131313131,-36.944358074222,-39.8785313397572,24.7585575079985,23.9630836814757
14.1414141414141,-33.8760618125676,-38.4607363746539,26.0306159150588,27.5473768258727
15.1515151515152,-33.5880991246148,-37.7221293320262,27.9207898255372,30.0873892470993
16.1616161616162,-29.5557051598173,-36.8904291344891,29.1656917184438,32.9126017164811
17.1717171717172,-28.2358032980099,-32.5513028985073,30.5073080582598,35.1343807804546
18.1818181818182,-23.4662779189865,-31.8446396233781,31.5408697822957,38.5781297398116
19.1919191919192,-24.4720790051062,-27.5068360645644,31.6837218257606,39.2275025085742
20.2020202020202,-20.4137254406623,-23.8460046120892,31.7567142194637,40.1685486166668
21.2121212121212,-18.5464825527961,-22.5656684165804,31.5679600459924,40.8757010346923
22.2222222222222,-15.2851979581374,-20.1893442782456,31.0274323855136,40.5324748645247
23.2323232323232,-16.0396837570914,-20.8414993290314,30.8444608375238,40.7345614572763
24.2424242424242,-13.1698429868311,-15.9462133156042,30.1092706786156,41.8433008370211
25.2525252525253,-10.4400534541227,-12.2886967381325,30.1203687289192,40.4690423114703
26.2626262626263,-8.40373776186936,-9.97612529939976,29.1338876023086,40.6854364800105
27.2727272727273,-5.49140846858941,-5.00780289143502,28.3203054388287,39.1731421944627
28.2828282828283,-1.51944688449094,-4.57097005279915,27.031264673776,37.5809250803491
29.2929292929293,-1.51734784065676,-1.1252312155511,26.2663146672298,35.3117412120452
30.3030303030303,2.60912217563516,1.64724353164425,24.9793237044287,32.5824022173345
31.3131313131313,6.60129764467192,3.68238293291955,22.9480678339855,30.6896804942178
32.3232323232323,8.73314091958422,5.51291715426314,20.7833065852293,28.361408066029
33.3333333333333,10.742789188946,9.11033315070413,20.6378013505305,27.1263876065322
34.3434343434343,12.415019064702,11.533245019778,19.2175315562418,24.1432387868639
35.3535353535354,15.9420448797,13.1711076199155,18.0893342109163,21.4954193056633
36.3636363636364,20.972825843113,17.9597977142584,16.426235946643,20.5013180360135
37.3737373737374,20.5749094514263,21.9052271275573,14.4394299138655,18.5417238896006
38.3838383838384,24.7700522758993,22.7614478131423,13.125048214801,17.2848224494616
39.3939393939394,26.669663940472,26.2607067038901,11.3367870160953,14.8289225862619
40.4040404040404,28.0575350778529,29.5002183799146,8.81466334700728,10.9960862347928
41.4141414141414,31.5818616489853,32.0913132395295,6.35453796777545,8.99860107078962
42.4242424242424,34.0056090833222,34.0325320131834,3.25715612034067,5.18411228725234
43.4343434343434,35.6220770100659,36.0645567636464,1.81151021044497,3.60704756486365
44.4444444444444,34.2463062982472,37.9484185064023,0.87578708551946,2.11379617571948
45.4545454545455,40.4404475926834,37.1146592470329,0.325232401652325,0.187219145930702
46.4646464646465,41.6574956221256,38.3830291143766,-0.822472360075093,0.556385242292004
47.4747474747475,41.4686762836256,40.8470370875723,-2.98827316340788,-2.31245968272168
48.4848484848485,42.728720031443,42.9131940453441,-4.0779444919094,-3.43641111647564
49.4949494949495,43.1972266791171,45.092163689022,-4.33730340922529,-2.8031742739446
50.5050505050505,42.6694661386857,47.1395923101825,-3.53386869219424,-1.42426548735526
51.5151515151515,42.1636998118164,45.2072352005656,-3.55607133248897,-2.67302363721459
52.5252525252525,42.828034646198,46.4411713700506,-3.6506386199052,-4.46442355521933
53.5353535353535,42.3456800293391,45.4475422675804,-3.58432684113513,-4.25541093943445
54.5454545454545,43.7673423706213,45.8316308524795,-3.0762976999567,-4.8429013639876
55.5555555555556,41.5870851276282,44.7170530308536,-2.76279979955658,-3.184750300662
56.5656565656566,40.4357748794775,42.3174008435703,-2.65073517051957,-2.8120463897938
57.5757575757576,40.6248030563629,40.5097118205591,-2.81000361112236,-3.98905168327949
58.5858585858586,37.3983900486971,39.6896470800309,-2.32435024411135,-2.36850079795867
59.5959595959596,35.0030565895543,38.6046285656497,-2.61728951674832,-2.26424982433965
60.6060606060606,33.185658120867,35.2746260561533,-2.72034964605415,-2.604211350825
61.6161616161616,29.7679293244006,33.4065304456271,-2.61057087115413,-2.08178957829629
62.6262626262626,26.4539621893698,31.8801872264228,-2.91772661249046,-2.48911723972492
63.6363636363636,23.8219536455056,28.7761606186035,-1.74929975820457,-3.00774138867623
64.6464646464647,21.8285467630082,26.4855115399131,-3.23017522721249,-2.77651204108436
65.6565656565657,18.9973771011167,25.0006969927617,-1.80627214692913,-3.03475155879789
66.6666666666667,17.7353461283333,23.6441824236468,-2.06080833015678,-3.1841261919465
67.6767676767677,14.6404724224595,20.3563388383545,-3.03630150674167,-0.379697369563383
68.6868686868687,12.0439257219904,18.2744746797839,-2.69183963798234,-1.98018357257543
69.6969696969697,12.4441461310503,14.7295083471129,-2.50272784206988,-3.69236912312668
70.7070707070707,7.65609037747847,13.2226986599113,-1.18466495198737,-2.21082874393179
71.7171717171717,3.82077117451316,11.2593624840699,-2.40240304695828,-2.46571136165697
72.7272727272727,3.29550913705358,5.99356166700589,-2.01052973802312,-3.46989339913258
73.7373737373737,0.773477836500146,5.61444490482612,-2.71092168854811,-1.96165428392071
74.7474747474748,-0.897178142450923,0.687193834116774,-2.92155696211715,-2.25604716061454
75.7575757575758,-5.63821318198441,-1.68278290383433,-3.1836854940576,-3.21011218220728
76.7676767676768,-6.23897795741703,-1.89060576454924,-2.86183130542303,-2.87767056998238
77.7777777777778,-10.6011064452792,-7.1102044390732,-1.80573762176242,-2.64904423527385
78.7878787878788,-12.1453078839198,-10.0779968849032,-2.40049815694108,-3.50371870613026
79.7979797979798,-15.8484083991265,-10.9936592499246,-1.29840351903608,-2.75715524231169
80.8080808080808,-18.7365591727704,-14.1957999319017,-0.285752659175767,-3.24776023143439
81.8181818181818,-24.2494473716672,-19.1066833021078,-0.807682124547295,-2.9860804037865
82.8282828282828,-26.5292286129006,-20.0453758637788,-1.65680604233875,-2.72258462495208
83.8383838383838,-27.3000230790856,-23.1723440192539,-1.27371318559168,-1.92713197754311
84.8484848484849,-32.3057516683405,-28.3499017572953,-1.26948887396882,-0.584598442001436
85.8585858585859,-33.0132721631041,-31.5099753464254,-0.91014873353871,-1.54873537223507
86.8686868686869,-35.1285569352656,-35.9829540149022,-0.174156524936005,0.829067631291172
87.8787878787879,-39.9724383608121,-40.6764713991066,0.480849924905277,1.8012967787422
88.8888888888889,-41.6052591568216,-41.5910582732749,1.21561248767692,2.49950457575457
89.8989898989899,-44.5911216724344,-45.2672688993895,1.0947911278928,1.71587726586843
90.9090909090909,-46.7039064166762,-46.3509685950643,2.16700072814242,1.67560747436367
91.9191919191919,-46.9111465212767,-51.5301627885767,2.13701606499581,2.95867192866914
92.9292929292929,-50.6697982145739,-49.2094810841188,2.27535492048272,4.24435102452748
93.939393939394,-50.7898038477944,-50.8538983741178,3.14237878100181,5.31944728685231
94.949494949495,-52.8510401520043,-52.8756644414493,2.87504942285239,5.37160399353055
95.959595959596,-56.0608977155586,-55.8610656009203,4.91361380524757,6.24324552567243
96.969696969697,-56.3911703429906,-55.8944404596049,5.67213951537234,6.58154473508071
97.979797979798,-55.5138787793791,-58.5765144862617,6.19330065498324,5.86127038610097
98.989898989899,-57.2247780546394,-59.5814362935639,6.74985396920503,6.80501598709728
0,-59.1288064986661,-59.2669850699779,6.42014752124532,6.611468702004
1.01010101010101,-59.9742398032179,-60.8979602282669,7.26952570207012,8.65805399727531
2.02020202020202,-56.9113931531118,-56.8661117171115,8.3715758940961,9.6593107524314
3.03030303030303,-56.0649169216297,-56.4860877346717,9.60643671427187,8.62981517767838
4.04040404040404,-51.1426321052225,-55.0781656304237,10.0215969552927,11.1555168514236
5.05050505050505,-52.1655532571132,-52.6540026408822,12.4447589988938,13.2629018329782
6.06060606060606,-48.6250083577534,-53.7582074424158,16.5425803378379,17.6072699556398
7.07070707070707,-47.6184321247937,-49.8733927150046,21.0880536622367,19.6480966667662
8.08080808080808,-46.7462728622409,-49.5920814562899,25.2319729490085,20.6532191960915
9.09090909090909,-43.0859199147739,-46.4426268346472,26.7568447879458,21.4864196725793
10.1010101010101,-42.2940422633369,-46.8644643654403,27.2583023024861,23.5387638281287
11.1111111111111,-40.4597373350857,-43.4407882757626,28.9412864190743,23.6816137921615
12.1212121212121,-37.627949868282,-40.1641190118988,29.7920361930533,26.4916537582732
13.1313131313131,-35.5588951063235,-39.7993223698148,31.6827309335927,29.1197457093994
14.1414141414141,-33.4180801098597,-38.5325104052334,33.245672152651,32.2956645074494
15.1515151515152,-31.1542029560333,-35.9831599751147,35.6742964676895,32.6231505673469
16.1616161616162,-30.8787567688178,-30.8966738763621,37.122304901503,33.5990340770003
17.1717171717172,-26.880153269066,-29.6279110144515,38.4281552097603,34.1853464736215
18.1818181818182,-24.5632217050241,-29.8368242926198,39.1027637092843,33.2518818586763
19.1919191919192,-20.8039982428993,-24.9516641265975,38.5551881722252,34.7156874769935
20.2020202020202,-18.5985874394771,-22.4019387933116,38.9290254415147,34.7203413737291
21.2121212121212,-15.0843170864659,-21.92189031075,38.3776436108382,35.1673061720137
22.2222222222222,-11.4208277854569,-18.352588729287,37.2801640976163,36.2482373255679
23.2323232323232,-10.5758844087573,-14.4687428238255,37.760492103854,35.8902239172341
24.2424242424242,-9.53976002464662,-12.123852357961,37.0857621026111,37.4689883714504
25.2525252525253,-3.81720687588015,-9.15787446737834,36.3227321827537,37.0118634282583
26.2626262626263,-3.14521550382785,-6.69358418155948,34.9098081965453,35.0482678160189
27.2727272727273,0.190140917202836,-2.95756223400724,34.0801704130094,35.5509884918436
28.2828282828283,2.05183612227463,-1.73152218521833,31.0811341193184,32.7748108428809
29.2929292929293,2.72180439219636,0.576920739922666,27.9642329086145,31.3051172587196
30.3030303030303,9.25991984313938,4.62304374698698,25.8738681340288,29.5324398412677
31.3131313131313,11.6359602942835,6.14839281057461,23.4061274858097,26.890570342891
32.3232323232323,14.4068965960673,8.91310558495879,21.5962640602187,25.3020046860093
33.3333333333333,15.377258676014,11.7356057046874,19.4631037271395,22.798498175621
34.3434343434343,19.8670413649804,15.6569978592647,17.0543518397897,20.0473436000532
35.3535353535354,23.136218001654,18.9396415525764,14.592877167189,17.0109895778529
36.3636363636364,24.6380715870847,19.9882517355441,12.6501456218957,14.134619201705
37.3737373737374,27.5165665293033,23.3214116490521,10.1719234252257,11.6758427112508
38.3838383838384,28.9251336334117,26.8114707998412,6.97376136047709,9.55986087389045
39.3939393939394,31.7501744788064,26.8287328479186,3.78972852816826,6.20859278750834
40.4040404040404,34.0976014413122,30.3487774605576,1.60180036962641,3.7687171825391
41.4141414141414,36.8481052698643,32.9195811372936,1.8747411987653,1.00484714374838
42.4242424242424,36.4384141078752,36.9756403247452,0.211905442419189,0.489674649888121
43.4343434343434,36.1662462993477,35.2150775463147,-1.50549875451247,-0.617544249035951
44.4444444444444,38.3689370185852,36.8665150641712,-2.72230503137986,0.04388412084282
45.4545454545455,41.6095402198457,40.089833048197,-3.33545748833061,-0.506147662746097
46.4646464646465,42.6757962150336,41.5300826410456,-2.82850949834365,-2.45210942948624
47.4747474747475,42.3270307020549,43.2803584854437,-3.41332403608086,-3.24274523516239
48.4848484848485,42.1761414174898,42.9446780216423,-3.96848437410561,-3.06069027490604
49.4949494949495,43.3551980639681,41.5479727751328,-3.56917792045105,-3.26153424814997
50.5050505050505,43.2363846305524,43.6527936460977,-1.70600960422306,-2.41083463456987
51.5151515151515,43.1174347275035,44.8965378670593,-2.07836020329824,-3.79034187020255
52.5252525252525,43.7077009743529,43.3937699702975,-2.42957823417826,-3.55385556418788
53.5353535353535,43.3947987942214,42.420495102816,-2.15357361558229,-4.32209857840334
54.5454545454545,40.8240385344679,40.2930429985782,-1.97302645120654,-2.48482780743559
55.5555555555556,42.0440796025001,41.1214050775214,-2.20565604398465,-2.6120958556694
56.5656565656566,35.419914794971,38.2720182015059,-1.58280057907099,-2.45176586123395
57.5757575757576,37.0337102334062,37.0708630247984,-2.04452831612124,-2.9668524409601
58.5858585858586,36.2308644004309,36.1874554306135,-1.18720819388388,-2.65957541596094
59.5959595959596,31.6736016158832,34.5934415556758,-1.94406193898781,-2.24709919803491
60.6060606060606,28.849086326862,30.862072261465,-1.81148763018027,-3.24164912875864
61.6161616161616,26.6653709508116,30.7205270632218,-1.7790838133003,-2.46119564512611
62.6262626262626,26.1879048994631,26.6484633458811,-1.6986385634136,-2.40731226180933
63.6363636363636,23.197653127005,26.3838824750715,-2.30260085149329,-2.83483402696663
64.6464646464647,22.2214330214511,22.8976111386583,-1.50033500505429,-3.0263647915834
65.6565656565657,18.4866588796973,21.0593911298887,-3.31816167916134,-2.57471312047873
66.6666666666667,17.499495410523,17.9422019423563,-2.69340189352452,-1.73163413381926
67.6767676767677,11.8602383617579,15.4519828682703,-1.92072803348001,-3.18876531413118
68.6868686868687,10.5522669007259,13.3983458020146,-2.38593354526557,-3.48720278978766
69.6969696969697,5.97952328875829,10.7849122052177,-2.28045881196397,-2.05351000699464
70.7070707070707,4.57370421036267,10.1505648253588,-2.63431299362378,-2.79629730402812
71.7171717171717,2.49399702517391,7.31110522250646,-0.797125369931577,-2.29005898563104
72.7272727272727,-0.794228499554063,3.78661589808179,-0.845944756123865,-2.12462208340507
73.7373737373737,-0.52321064341514,1.6829259001061,-2.2305450017065,-2.58432431608141
74.7474747474748,-6.57650959252974,-2.86132108792288,-1.82571011611838,-2.73515587493353
75.7575757575758,-9.171850873025,-4.21352005450509,-2.38842919859159,-2.50128047433422
76.7676767676768,-9.17673358489087,-6.07904101918579,-2.15539562993422,-1.67433688241568
77.7777777777778,-14.0286254443648,-8.06883035279064,-1.72642260598871,-3.41956894087455
78.7878787878788,-15.0546625162957,-9.86160163720589,-2.19866883200088,-2.36045669570401
79.7979797979798,-19.6944946054813,-13.6088002112008,-1.78135996137506,-3.07831235877761
80.8080808080808,-22.0177135753523,-18.2366817153799,-1.83528653989949,-3.18281047773786
81.8181818181818,-23.7758859801076,-20.2841287586142,-3.31510009756987,-2.22842253027469
82.8282828282828,-26.4374189006954,-20.2397323719203,-3.11362187114651,-2.9504123758849
83.8383838383838,-29.6497136036394,-27.0846828981135,-2.86357733720158,-2.02978846547365
84.8484848484849,-32.5112469961167,-30.6357006320544,-3.10359340310225,-0.581091809927745
85.8585858585859,-33.8022217299886,-33.3364472365206,-1.11424057409641,-0.854570109431402
86.8686868686869,-39.5380530450019,-36.5250252854639,-0.407030906483619,0.498654451007274
87.8787878787879,-41.2387679939699,-39.2403856760891,0.443612713705631,0.335378273379532
88.8888888888889,-43.7906903437314,-43.6295117784155,0.706713168312652,2.65558492042583
89.8989898989899,-45.3534308757955,-46.4922044809763,1.85855381037868,0.776627973939114
90.9090909090909,-51.0144687816485,-49.1650643519239,2.15238252931949,2.09969353029812
91.9191919191919,-53.0648521983403,-50.0252900349981,2.34641845588785,2.91236488744539
92.9292929292929,-51.3022441173192,-52.6085046268057,2.17420275781143,3.17085579713437
93.939393939394,-53.6028892767785,-54.7358324757618,2.51536977470285,4.44525370479964
94.949494949495,-54.4882289654326,-54.7932182307737,4.08795815156632,3.76179675675339
95.959595959596,-56.6610723426054,-57.3756327956161,4.7144513606397,4.68223205246097
96.969696969697,-58.1130429118038,-59.1544564010464,6.08006340878365,5.54043927793731
97.979797979798,-57.590595248134,-61.4595027849122,5.44018365999747,6.49068574925288
98.989898989899,-58.454080480038,-60.0888655311783,5.97449994256504,6.65743360646999
0,-59.7044090290332,-62.271877147019,4.00174292723317,2.69959513091549
1,-58.0147019548388,-63.4175395735472,3.72317191502702,3.41843498346829
2,-57.2273698790442,-62.8395184550199,4.00096886936038,3.56352876359425
3,-57.0256209218897,-61.7300805056705,4.55416189439236,2.83655916811404
4,-58.5757218389565,-59.7047614749058,5.50673505705091,3.1410829388002
5,-56.8877976130887,-59.0331161422573,5.23540443665387,3.74761189431643
6,-51.704616656181,-57.0409084100501,9.2676871387267,7.04648181315256
7,-53.2292668691944,-56.1616241208822,13.1498118927903,10.4752282392711
8,-50.1663769444497,-54.0963400724796,16.9430052518299,13.5357466805008
9,-50.2640305545472,-50.7623621347013,21.5749504324979,16.375943682668
10,-45.6360103103343,-50.1117649213598,24.8640552527862,20.2387717749057
11,-46.3775068834269,-46.0056002560968,26.8079435247534,22.3979751443553
12,-42.5418456706392,-46.1314963387555,29.2056474271122,26.375724881313
13,-40.9873273697144,-46.2106763911459,31.1575067478319,29.2157793309352
14,-37.9311363326308,-42.2884665339817,32.5228452774663,31.1614932496859
15,-37.2363361162461,-39.2783620542563,34.8458113903477,33.3690458241859
16,-36.8076027410382,-37.8408226611145,37.4155371148236,35.2296110930014
17,-34.7013044491605,-34.9554308826625,39.3117779176942,37.6428900989234
18,-29.16846467654,-33.4867574301976,40.9916447438446,40.012736671756
19,-28.2880565898905,-29.3333437118784,43.4108582527362,42.9343475422267
20,-28.289615316383,-28.7786001076584,43.7573620120922,45.5530810227936
21,-26.1699139501411,-25.0125651065107,43.7090991398646,46.5664041730715
22,-23.1245737585646,-23.6767110023765,42.8170809632452,48.020761251583
23,-22.5578053384774,-18.9826541802557,43.1568847131029,48.1678198074805
24,-17.9641741910593,-15.6788774120884,43.7861682726129,47.648493213187
25,-17.5584093893495,-15.5868348217588,42.8098588510513,45.86107489525
26,-14.2484452049652,-13.361302345462,42.3136530346059,44.5097560384701
27,-13.1984744264907,-10.0727923864242,41.382231569241,42.1726313813099
28,-9.53589882373386,-5.91160309946575,42.018661749739,41.1583374450357
29,-8.13408340808031,-4.67297951582012,40.3082175947538,37.3253042599344
30,-4.77130111811748,-0.882350418538099,38.988074847202,34.5205788869848
31,-0.151498873810618,4.15660494514336,36.8694933767971,31.6273132291777
32,3.0709622129595,5.86694956253396,34.037929733228,27.9028721211441
33,4.96912789310519,7.23855404927584,30.087449390085,24.2808339081324
34,6.73992822214794,10.9652123402238,26.3577938394096,20.6957993569159
35,11.8930403339603,14.3128956014316,24.3810813425429,18.6523452458158
36,14.0330142872955,17.3761286507235,21.6103300158087,16.6446428663326
37,18.3101065795788,20.9261612760929,20.4072776289767,14.2890658572312
38,21.6289174983768,23.8196065182286,17.568834493145,12.600169728612
39,24.9254772335502,25.7490424151813,15.6577958653577,10.8312431633786
40,27.8697513482845,27.2138783352791,13.2436241768255,9.6483859383073
41,30.2446048478894,31.4463456235989,11.5556387572843,8.44963059530974
42,34.2429006839322,34.408496941929,9.42432014676428,5.82665705950569
43,36.1011274525102,36.539406455581,7.98561229678293,3.56178321116356
44,37.3606961222189,36.3870147314222,5.66285239032685,3.78447262807631
45,38.920172023489,39.5111210335129,3.27372095568327,1.89261646188536
46,40.1568781642685,39.7454476360023,1.21931124557977,0.122804829527868
47,40.2941664857937,42.3792603949103,-0.472498953220068,-1.82420902502249
48,41.0815975246374,44.0699884668897,-2.24303832031615,-2.31199335995692
49,45.2526867749213,44.5606198746965,-3.07854873027324,-3.07854626878189
50,46.2717482934385,45.8436256901837,-4.96150012872176,-5.85585079476266
51,45.5459062891583,45.9911312822963,-6.56666788039715,-6.59422595707915
52,47.1952238937616,45.5501833662649,-7.21354121791576,-6.52473596044567
53,45.666526547885,48.4757193839452,-5.98666892739723,-7.19302817602153
54,46.8545921712445,47.6380436552005,-6.51286792908198,-7.08721324016792
55,47.3091829875328,47.5669214274476,-5.29451867436875,-5.92880638252074
56,47.6867367799139,45.7294226299118,-5.08205293826389,-5.56425403086147
57,43.4031124640137,45.8772128804216,-5.17143848987491,-5.65684113280763
58,43.6281991139146,44.2844611198974,-5.46753837009558,-5.12939606083197
59,42.7892958458854,43.3798798180095,-5.3640665968909,-5.80097398135301
60,40.5406944621548,42.6780217358452,-5.37620625214321,-4.60004416643832
61,36.7396819578578,43.2082107135513,-5.73807524723504,-4.81072926870368
62,39.9567475890322,40.0618289397694,-4.72874568049192,-5.05387620533622
63,34.7260810218061,38.0622992375694,-5.3316466840355,-5.44915212317345
64,32.7478890206046,34.5522709403145,-5.04746236321781,-5.08306979788671
65,31.1534185245374,33.3242126948687,-5.2978328825486,-4.60862068299535
66,27.7505104206749,31.4078944408701,-4.86104946742237,-4.62513558690844
67,25.0530003227471,28.4752458310265,-4.45795435280764,-4.95881197588141
68,24.4463603287095,24.9675064600546,-4.70221936207185,-5.09710555833741
69,20.9042057758463,24.2084829792893,-4.14350373042132,-4.99488305172203
70,17.4105912553499,18.9132991415549,-4.48888286521539,-4.70940025384298
71,14.2907786945871,15.9647811339412,-4.75154358190644,-5.62416880235684
72,10.1385209475833,13.7199771817399,-5.17849658846181,-5.05690872346649
73,7.3892488599139,10.6072061993692,-4.9298249160987,-4.66973872997107
74,4.74906685863027,5.16077816641217,-5.45820008469696,-5.3103652181872
75,0.19532448042885,3.81259524392035,-4.48022842651326,-4.1683477640106
76,-2.01543395044926,-0.36137772485832,-4.59262276946929,-4.6277418887976
77,-5.79960817411454,-2.96476731985469,-4.45283803112216,-3.6681659838771
78,-8.39035681233504,-6.67494543699963,-4.78191283368656,-3.50908343059922
79,-12.5670278173219,-8.54306826326767,-4.34542542418762,-4.36706657079052
80,-14.7531957601379,-14.3923778107141,-3.27321520224617,-4.12092428655332
81,-19.0618004840727,-19.3215912010106,-4.65623213897258,-4.03133402522976
82,-22.0937777605442,-21.2878165605634,-3.6194609620724,-2.96402643021423
83,-25.2669820070761,-24.7499312517061,-3.20635264593318,-2.96428626278959
84,-27.5339971664375,-27.5122634924605,-3.66107795659429,-3.23170166097673
85,-31.8981723856751,-31.911086390006,-2.6974995645054,-2.42977748718406
86,-34.5532939163396,-36.8461772757308,-2.11366213449284,-1.20643674266935
87,-36.8389862219601,-39.1117145920123,-1.51110848677745,-1.09815320893437
88,-41.6676597062947,-42.2454439689948,-0.427883369883159,-1.0603904106472
89,-42.6696775312526,-46.1954551393284,-0.347050499832347,-0.696568829719368
90,-48.6596471430989,-49.5121392521802,0.0567623258185631,-0.116686584115455
91,-48.4967048050736,-53.9414518278634,-0.727327838814543,-0.21380577518607
92,-49.5831860662212,-53.8529062808606,0.175782057565475,0.3563806500454
93,-50.6278322194971,-57.8771969350255,0.913814784721656,-0.0748573786120049
94,-55.5742451928822,-57.8406467598459,2.5865344588936,0.813611436101439
95,-56.5089992053004,-60.335480145626,2.91274202981053,2.40982295162601
96,-55.3825915002156,-60.5468808977901,3.36259144376443,4.47360308064818
97,-58.4175808572149,-61.9512540075002,4.53117051055396,3.63603934916751
98,-59.5391345912122,-60.56347984596,3.80169114644138,2.65094984336608
99,-60.2907539641411,-63.2684792427753,4.10466115892471,2.92210761660443
0,-48.8656868284957,-56.6626532271403,7.35465238690622,7.18667580654344
1.01010101010101,-48.8478190637492,-55.9256185229428,6.08999933709619,7.97723060274338
2.02020202020202,-50.0180292823517,-55.7420543661114,6.94994494664377,6.590171044908
3.03030303030303,-47.7142149466819,-54.8084513982044,9.01027436915225,8.80582446124567
4.04040404040404,-46.8926433698393,-51.6061252001241,13.0338642086609,12.2391128508442
5.05050505050505,-43.6668286750783,-51.468305624922,16.3275234362964,15.4283346614295
6.06060606060606,-41.3377863386209,-46.3342218467587,19.6142182587705,19.5118622536599
7.07070707070707,-40.8971746319705,-47.4600722765174,23.2878685115446,21.3123831638166
8.08080808080808,-40.2199477391006,-46.2694058948678,25.9233739499454,24.1003526529068
9.09090909090909,-36.1032719931515,-43.6279323708122,28.2710748168251,24.2155048139997
10.1010101010101,-36.1829731056887,-42.1558506763118,28.2206423003037,25.3640887218026
11.1111111111111,-34.7484843912258,-38.277316791582,30.5738420123756,26.879410687786
12.1212121212121,-32.2979692584029,-39.1133902758197,32.3847407910657,29.0296278236936
13.1313131313131,-29.4790830384252,-35.506198690786,33.9045067663446,31.8302061979301
14.1414141414141,-28.1696104860317,-31.7775648934523,34.7443376972224,33.0064203802559
15.1515151515152,-26.1484638341723,-30.3464762233624,37.5219657253279,34.3890941553377
16.1616161616162,-23.0707587035653,-28.9620063336356,38.7165757771041,35.1883886039623
17.1717171717172,-21.8036176179118,-25.5658795275516,39.7870639327652,36.6791998155396
18.1818181818182,-18.6213204360623,-22.6205742542906,39.1941140317832,37.2024277777182
19.1919191919192,-16.4538626130394,-19.9268149613957,39.1267247028314,37.7670597179817
20.2020202020202,-14.6812675962709,-19.410911185953,38.3531612737396,39.057396397318
21.2121212121212,-13.4085441416894,-15.4871418216652,36.6979000735524,38.140173074636
22.2222222222222,-8.19110276160688,-10.0246062067981,36.2880048378971,38.151251888475
23.2323232323232,-6.90593213325111,-8.65440288440668,34.8796636571587,37.3268245552736
24.2424242424242,-4.64029941281395,-6.81998322497496,34.0029091604198,35.557851636261
25.2525252525253,-1.28432648622243,-4.24717980636565,31.8875724427415,32.1331141924984
26.2626262626263,1.58209804533273,-2.3540580053646,29.8064769920463,27.7129562950924
27.2727272727273,4.1823624386786,1.77517653003255,26.204786976174,24.9843706042061
28.2828282828283,7.82769664472531,5.03370722630826,22.6279641753037,21.4803447399296
29.2929292929293,10.876252964462,7.56275236401352,21.0564541391747,19.2122282730447
30.3030303030303,14.3141864175968,10.347298182277,18.8219450190124,17.3556063860133
31.3131313131313,15.9227328420216,13.8792925477539,16.9195116186498,16.921619623224
32.3232323232323,21.3484577593418,18.3011725469511,15.1982542551534,14.8746950842795
33.3333333333333,21.8684122148477,21.5928928823469,14.2135463138839,13.5456030715456
34.3434343434343,25.4754670083336,22.4502048729435,13.2516218356644,12.4586538948462
35.3535353535354,27.2384509699797,25.1205317619944,12.0616133722085,10.2295206263978
36.3636363636364,29.286625195913,29.8006031980596,10.3983594824728,7.96106963283156
37.3737373737374,34.1441496541401,31.5523751978603,8.90084669430732,7.5345426856997
38.3838383838384,33.9911531434837,32.6852427689303,7.50846138715306,4.89193261455534
39.3939393939394,38.0152952522687,33.5943005150941,3.51408157005044,4.05798488799357
40.4040404040404,37.2063847823058,37.0161908358756,2.79776491484724,2.19765122227486
41.4141414141414,40.3635028562859,38.7345761224314,1.8318214813956,0.946554834044597
42.4242424242424,38.9730201992709,39.5783047143929,0.20283108215543,0.451402179815773
43.4343434343434,41.7749254527397,41.561075159667,-1.39253105294245,-0.429829880672375
44.4444444444444,41.2335009868251,42.5505040591508,-1.58204757823233,-0.971221471430255
45.4545454545455,42.7610373502795,43.8278823982515,-1.70850556845993,-1.600923371992
46.4646464646465,44.1704989036303,46.1521541344245,-2.63747676963319,-3.34105381235739
47.4747474747475,44.7502460644305,45.1431673904084,-2.95938307367532,-2.83269943331095
48.4848484848485,44.4523345316782,45.5985738716341,-3.47088170405069,-5.01174089185282
49.4949494949495,43.8740784252879,45.5858825542383,-4.14356897078529,-3.39043809844516
50.5050505050505,44.0028155910577,44.4915351572347,-2.82564403814246,-2.58517698600287
51.5151515151515,44.2680083908878,45.4440306496964,-4.58547717136675,-2.92850386229539
52.5252525252525,42.7388622877002,44.6416304254448,-3.49497049079914,-2.00137754916257
53.5353535353535,44.9287502922207,44.7797940594407,-3.03527705854956,-2.15388328383442
54.5454545454545,42.2903353870591,42.828973090796,-2.42220557125243,-3.08418039053569
55.5555555555556,43.3823379393689,40.940144767198,-2.55794108554278,-3.22282147196695
56.5656565656566,40.8752228260222,40.9792598874584,-2.2329718692537,-2.27570973572779
57.5757575757576,38.9378875283431,37.9546009764033,-3.04406363356684,-1.87518871473674
58.5858585858586,37.4719993977196,36.2688453663841,-2.51576518835294,-2.13014489893414
59.5959595959596,34.1046721478742,35.3125686645732,-1.64381985274983,-2.3468160804086
60.6060606060606,33.8090920786674,33.3881968568608,-1.84986711983358,-1.45736457744788
61.6161616161616,31.326145318788,31.3885432117863,-1.66015057745736,-1.97703934124577
62.6262626262626,30.8513522355582,28.6251747949836,-0.871007813079849,-1.88776388987777
63.6363636363636,26.8208172241653,25.8255034240574,-0.948361549507926,-2.07864718671967
64.6464646464647,24.5976889985,23.8805689733982,-0.57896650227869,-1.30013059006458
65.6565656565657,23.1049627944389,20.8530210242917,-2.10779539137252,-1.75310868994003
66.6666666666667,22.2784774157749,20.1839726627333,-2.14899726145965,-1.52484215339097
67.6767676767677,19.0809899028795,17.3008132867121,-1.94838536861812,-2.07116992247741
68.6868686868687,16.1213868128007,13.6809233991533,-1.83643984004481,-0.888764469656973
69.6969696969697,15.5783578738672,11.4364435642811,-2.30204286054115,-1.37975005761639
70.7070707070707,12.0928695010218,9.03055508622437,-1.70959519095055,-1.72108960474394
71.7171717171717,9.1697561887659,7.04371921357257,-1.7671472286716,-0.398986124235227
72.7272727272727,7.57997876338034,5.99783542305343,-2.11373582300313,-2.05264887906861
73.7373737373737,3.69226110366515,1.15445723623923,-2.1944922681285,-1.13285966888298
74.7474747474748,3.01751878679073,0.550051524242531,-2.41323095101436,-0.959978138284423
75.7575757575758,-0.260348373797296,-3.14773651106501,-1.59969902791164,-1.33715806701676
76.7676767676768,-2.46387467086208,-4.86632755329054,-0.635650670209192,-0.914545444353304
77.7777777777778,-4.89292486347249,-8.72617114403236,-1.24802839016098,-0.0964763990735285
78.7878787878788,-7.15237436977721,-10.6696365670763,-1.57408515827298,-0.745807962856173
79.7979797979798,-11.6879666950384,-14.0007229785102,-1.30478334345277,-1.16667292177226
80.8080808080808,-10.9886521778806,-16.6960681303154,-0.89218205410726,0.033497301481064
81.8181818181818,-16.3861663324459,-19.5248955274857,-0.550312449609808,-0.8744673242058
82.8282828282828,-15.4468029326311,-21.5091862330618,-0.412055574068481,-0.725324587519595
83.8383838383838,-20.2549660823298,-25.716970199163,-0.874457769113336,0.178256420809177
84.8484848484849,-24.7466558983677,-27.2335151765754,-0.351967194777174,-0.0679912934225777
85.8585858585859,-23.6227820764655,-28.8349971751029,0.236298869123932,0.194813217110565
86.8686868686869,-27.0944388953084,-32.850747588004,-0.107911382586192,-0.722847571705474
87.8787878787879,-31.7316905128243,-34.9088628860092,-0.196170028544758,-0.0518984119297143
88.8888888888889,-32.3764009065028,-37.3066647307488,-0.38870202030217,0.200565473403151
89.8989898989899,-35.0185519573565,-39.4875935088907,0.594268496541174,0.869612593334204
90.9090909090909,-35.5213606498091,-43.78213706304,0.698561150378722,0.993465957698802
91.9191919191919,-40.6739525567707,-45.1722627948272,1.71433209987924,1.69249091257223
92.9292929292929,-42.8741577299127,-49.5109382368275,1.71967074730807,2.30114663233704
93.939393939394,-44.6836736262871,-49.7140127256298,2.20048154642098,1.89469198991288
94.949494949495,-45.4671663856916,-49.3597131723684,4.16964843688218,3.40835411254144
95.959595959596,-44.7096917561121,-53.5599909562671,4.00488724136876,4.34939234257068
96.969696969697,-47.2183886112425,-52.6334052035847,4.63934733008982,5.15976194441163
97.979797979798,-47.7113258807236,-56.305201167465,4.1733163987463,6.01677160792249
98.989898989899,-47.9799229969005,-56.2148431547128,2.68775395495223,5.64055950544292
0,-47.4469582946488,-56.6473086545596,7.2012717563076,4.91897433520606
0.99009900990099,-47.5770279349767,-56.8944762066296,7.4943719859348,5.28702528817774
1.98019801980198,-47.050813527641,-53.8114921738174,7.64632424675216,6.50825804073417
2.97029702970297,-47.5867625249874,-55.1791047081198,9.85800904454267,7.66831375885199
3.96039603960396,-44.4349042867047,-52.5960019031511,14.3633022960617,10.3839586943448
4.95049504950495,-44.8589900997484,-48.7581491319448,19.1530599243468,13.1875877433182
5.94059405940594,-44.5706854198665,-48.8277334590848,25.1078044412917,18.2788189194538
6.93069306930693,-42.924968020739,-45.981170382413,31.2105003085443,23.8711196038143
7.92079207920792,-37.5724175760397,-41.9825993441288,34.8815847172501,26.5658538865625
8.91089108910891,-36.2076703487884,-42.7050498361667,38.300146825532,29.3728751234406
9.9009900990099,-35.1946768994557,-41.8177838963231,39.6781405821431,31.8486211220897
10.8910891089109,-32.8286096466427,-40.2634804341113,41.5176043571751,32.7951645443891
11.8811881188119,-30.3099183914737,-37.40854548,42.5645710829641,35.0631246342839
12.8712871287129,-30.0864963865289,-34.9649090658776,43.512993477031,36.2307474861607
13.8613861386139,-24.5943640510894,-32.8090501545128,44.6894500167782,37.1267594742773
14.8514851485149,-24.8122037872585,-32.8486669561629,44.7041239337349,38.3216126442667
15.8415841584158,-20.6107647058954,-29.3145324976142,45.2715249964367,39.0687924051446
16.8316831683168,-18.6450087924869,-24.3799394166141,46.1133165617039,39.3991749311459
17.8217821782178,-16.818450172331,-24.6704328755257,45.9034613852419,39.7856404469335
18.8118811881188,-12.5247836238444,-19.8127538152157,44.2076381294089,39.851432422643
19.8019801980198,-10.6176203630042,-17.4955938549929,42.9437957816776,40.3062964343588
20.7920792079208,-7.17912878547939,-13.9348782249551,40.7448390471288,39.613624162998
21.7821782178218,-5.02147313420044,-10.9103819509649,37.9814718563807,38.8695008225579
22.7722772277228,-2.79013609202794,-7.20426551432169,34.3443656872088,38.4110378456002
23.7623762376238,-2.9356320523038,-4.87322730009919,30.2077059175377,36.165225500738
24.7524752475248,3.87940383985925,-1.43781756335041,25.7670578570814,31.6516487306532
25.7425742574257,4.06164193827806,3.7814676420855,21.8551378222432,27.0121705840533
26.7326732673267,8.1451068988528,3.26364542276831,17.196745635746,22.774807521208
27.7227722772277,7.94927534810993,8.80707940064618,13.9624420984881,19.5927328941476
28.7128712871287,14.0327242725043,11.0917446796399,12.753766428921,16.6717417785078
29.7029702970297,14.5916726334601,14.8790305146986,10.882225021774,15.0142212200719
30.6930693069307,17.3537649745388,16.886964705377,10.7555270232586,12.272649838312
31.6831683168317,21.6168482544691,21.3424171214064,10.290069292285,12.9775977498553
32.6732673267327,24.4178836661903,23.2263549432167,10.1091756924672,11.3900150646865
33.6633663366337,27.9727720608104,27.500841807542,9.24485077515092,10.8771929737753
34.6534653465347,29.4411054308376,30.0274256175955,7.51488747908716,8.46192882139249
35.6435643564356,31.1845929245734,30.2388731269794,5.627585007481,5.3966334944747
36.6336633663366,32.7524863655045,33.2682167087152,3.60849576594084,1.95372805862947
37.6237623762376,34.2236035139017,34.2338189509853,1.23141067037704,-0.750980684157877
38.6138613861386,34.8359810517266,34.3210743088544,0.113471988991337,-0.168628409790432
39.6039603960396,36.7614181834201,33.4374181636832,-0.595891970531345,-2.11841924044028
40.5940594059406,38.3039712606115,36.8422153422475,-1.7769670059137,-2.93143777489312
41.5841584158416,43.0899595503409,39.7824815700615,-3.90205998565737,-3.66142404456723
42.5742574257426,44.2904144066946,42.1186095584185,-2.47435742103086,-3.10831924728712
43.5643564356436,44.6593223934926,40.8742364706963,-1.70095690669229,-3.01320316891102
44.5544554455446,44.6145795203313,41.4234891320794,-2.99762354563756,-3.41906247512116
45.5445544554455,44.6852529294822,43.7116750566376,-3.38637969472185,-3.48622303204956
46.5346534653465,44.8434697269596,44.3820581046418,-3.61744452533699,-3.69142165486076
47.5247524752475,44.575956204108,43.8667155505712,-3.43941116577157,-1.096105529164
48.5148514851485,43.3121832846602,45.1028664012838,-1.39454288640137,-2.56533951095109
49.5049504950495,44.783141382527,44.1889587957213,-1.64421865803996,-2.44301528211389
50.4950495049505,43.5557025226182,46.158036560178,-1.71674053950741,-1.27834813730771
51.4851485148515,42.8842780537214,44.7776855495424,-2.01324973174093,-0.883893262596269
52.4752475247525,41.2067416464067,44.6766203352802,-1.50976281209347,-1.41701640911143
53.4653465346535,40.1624712250546,42.1569809242015,-1.66471196794362,-2.02142405836618
54.4554455445545,39.1438951759747,43.1956822045953,-2.76393204965353,-1.39052263307516
55.4455445544554,35.8469877791314,40.5942319272185,-2.32765217555908,-1.94587228388872
56.4356435643564,36.6367508173843,37.3955371847101,-2.20286358642508,-1.57861909717022
57.4257425742574,33.2840522615195,37.120973065831,-2.38805703078992,-2.64769281312796
58.4158415841584,32.1270308699629,35.6404778124144,-2.00497524472751,-2.22485201013132
59.4059405940594,30.4389482774198,33.3168419674905,-1.6539041022943,-1.31709760242218
60.3960396039604,28.8365626275846,32.1914686294485,-1.61262155292931,-0.721538531614359
61.3861386138614,28.7139886768582,31.2469196302408,-2.56815322443442,-1.69826550337151
62.3762376237624,23.7601873870514,27.1860798080112,-1.17249841870069,-1.30661523647304
63.3663366336634,20.7190925788628,24.1374912475558,-1.57504662626012,-1.85841509192884
64.3564356435644,19.6609380920892,23.6117488912679,-1.15770377958032,-2.24269705120549
65.3465346534653,17.2134036199696,20.6324726384859,-1.63205195219994,-1.71014224913285
66.3366336633663,15.2413861644915,18.9801564229156,-1.42354105022025,-1.3650865315842
67.3267326732673,12.437561630716,17.2011400834514,-1.53801879785285,-2.37757640473294
68.3168316831683,11.582773917368,13.6427012194449,-1.62998179650794,-0.947571961700325
69.3069306930693,10.6796168565367,9.93795787167393,-1.10365717813034,-1.80409733115156
70.2970297029703,7.72743877008991,11.4264872033881,-0.360256393918277,-2.20656960107454
71.2871287128713,7.05314276150701,6.4420799780012,-1.49359025578837,-2.51380370705357
72.2772277227723,4.83491106743812,5.25403431088617,-1.5349631611289,-1.80608834700897
73.2673267326733,3.38900735351847,1.07205768415364,-1.68729091743256,-1.88236666062019
74.2574257425743,4.74741928452532,0.130148278614234,-1.65598424433928,-1.48161278923336
75.2475247524752,-0.574864367450548,-2.50865608325139,-1.85754498984066,-1.20431295939651
76.2376237623762,0.704882005043475,-3.88325496270284,-1.67990171112412,-1.55805395515694
77.2277227722772,-3.32689310411496,-6.02532502435011,-1.46024256030142,-1.08321121496885
78.2178217821782,-6.82062515166247,-8.79186673086541,-2.32580255478756,-1.09038203114445
79.2079207920792,-5.82539474169491,-10.5674051470608,-2.20837002334012,-0.500780036395253
80.1980198019802,-8.95361479920953,-13.5242891940021,-2.58188519145788,-1.81967990679259
81.1881188118812,-8.89470484352196,-15.5312188304316,-2.1628577144186,-2.32141886092937
82.1782178217822,-10.9193393642469,-17.4866907861926,-1.83607448608801,-1.41048251202551
83.1683168316832,-13.2461298817605,-20.1962776522559,-1.50622568772292,-2.41132962633759
84.1584158415842,-17.6922983219855,-19.1685731220763,-1.97754481086995,-2.76413930635537
85.1485148514851,-18.7370082085087,-19.5466053844726,-1.3851511105672,-1.67532798790198
86.1386138613861,-22.3360421795387,-23.1789038150999,-1.44922530568175,-1.60302285187451
87.1287128712871,-25.3763550884224,-28.7757486495048,-0.204905095353188,-1.10391184411847
88.1188118811881,-29.2506724206727,-30.7730716170092,-0.335317217104436,-1.1507586502513
89.1089108910891,-31.9020543550349,-35.1897428773447,0.573338844359004,-0.732356695757829
90.0990099009901,-34.572973453933,-39.3854636776442,0.939306753329039,-0.0786642688972369
91.0891089108911,-38.436865205442,-41.9127337999884,0.853559663443706,1.55888440422779
92.0792079207921,-40.0622989184909,-47.1093700372715,1.42365502437346,2.48482461045799
93.0693069306931,-41.7965191022571,-49.9063824772013,1.13874383604441,2.93355422710126
94.0594059405941,-43.2813233316631,-50.4374303028644,1.87124254568539,1.0465283164303
95.049504950495,-44.7036198651828,-52.7114739878699,3.12286115553816,1.48113171083852
96.039603960396,-45.7925500965278,-53.1805064674764,4.17546866684633,4.27285974401935
97.029702970297,-45.6175695578556,-54.906536030079,3.78710350000171,3.97565525177402
98.019801980198,-45.5302212508803,-56.7397550702551,5.43587163636976,5.25886693939233
99.009900990099,-47.4423020521564,-56.190940669016,5.75516124627301,5.35642871161094
0,-53.0195523718957,-56.0516862745079,5.51147526558415,4.49889410042058
1.01010101010101,-52.3806635964904,-56.7673130862807,6.04973358666681,5.73953877820814
2.02020202020202,-52.9287677900176,-55.2875142444882,5.71623877971163,4.79333004579872
3.03030303030303,-51.4824249061445,-56.0328749086975,4.79189314885754,4.18077165852022
4.04040404040404,-49.3296833343668,-52.2064850300913,4.87654862609955,4.48213837222312
5.05050505050505,-50.3280739919966,-53.4092986272645,7.21733430890995,3.98686830206127
6.06060606060606,-47.6353134082686,-51.1388918752148,11.3873856887049,3.71411401197984
7.07070707070707,-46.1051092857106,-48.9878142263445,15.2446858393164,5.8939196482445
8.08080808080808,-45.4000466681498,-48.4847742783499,18.833199299567,7.21788031322086
9.09090909090909,-42.8706791626853,-47.3042523672328,20.4084346640687,9.15529201865095
10.1010101010101,-42.2674541995622,-44.5006558422757,20.5915787287166,10.1262902710955
11.1111111111111,-38.7750531810866,-41.9487556478743,20.2077327348883,11.2851066728771
12.1212121212121,-37.3091462367379,-41.5796681112346,19.6448920424641,13.2587917421015
13.1313131313131,-35.3291277669718,-40.848981018574,20.2691684079064,13.5984052745194
14.1414141414141,-33.4837480032326,-40.8812177392375,21.9716828094403,16.2806562306577
15.1515151515152,-31.0264367256768,-37.52137993603,21.1989410613835,15.9878457949638
16.1616161616162,-29.0439582560258,-37.4518507322321,22.6521742952846,16.5985366325102
17.1717171717172,-26.0841080472713,-36.4853878874273,25.2625324696571,19.0125316458803
18.1818181818182,-23.6252128204921,-32.9237049188012,26.4456151097204,19.8583215416714
19.1919191919192,-21.7933721291514,-31.2399969638693,27.1494912231238,19.9439887383571
20.2020202020202,-22.2794525285015,-31.6828204018424,27.3749070965852,19.0050616914976
21.2121212121212,-19.5798207442172,-26.4409532138444,28.7214735296971,20.2038455713962
22.2222222222222,-19.2052896945493,-23.7779742319819,29.7493309775462,20.6409720786695
23.2323232323232,-14.9258800595196,-23.6789581141199,30.2127868789992,21.1629720999751
24.2424242424242,-11.1441778896134,-20.9738271249527,30.4791033090179,21.2563603165387
25.2525252525253,-7.52291488255451,-17.5807521712693,28.0202339714068,22.2305105084006
26.2626262626263,-6.65371550863004,-15.5196935669398,27.4854662043815,21.7426911349829
27.2727272727273,-3.29110581441929,-11.9024985216306,25.1964649651404,21.6862033194273
28.2828282828283,-1.3422869450399,-12.5353083976687,24.4326534843781,20.605801601181
29.2929292929293,2.56869303531868,-8.48084304818449,22.3461067665068,20.4379606207559
30.3030303030303,3.33369625522652,-7.37286854459446,20.2619839580794,19.3121615766177
31.3131313131313,4.91500185622963,-5.11142474347464,19.263742467098,18.7045939332539
32.3232323232323,9.99706291915892,-1.41021319343459,16.7936738635177,18.2313372864026
33.3333333333333,8.92784489259416,0.106523379303607,15.2694547234767,15.49159590577
34.3434343434343,12.4693119874639,1.88352418903441,14.2579591708852,14.8053908940752
35.3535353535354,17.3486272176977,6.19193412214638,12.2124931649597,12.9092565745737
36.3636363636364,17.6788502542041,8.38686114462102,10.4902481600288,11.8448445271857
37.3737373737374,20.6437407888847,10.6795891546473,8.47633021942531,10.2600250244057
38.3838383838384,21.9313658947386,12.7058388318505,7.22225643221234,9.13406838470448
39.3939393939394,25.4913816731497,14.4137693626912,5.44009159039726,7.69367975846235
40.4040404040404,29.4770130010467,19.107645705103,3.2993617098733,6.07543770501316
41.4141414141414,30.478354285548,19.3558200150652,2.58811427075123,5.14545561038771
42.4242424242424,33.1052199377184,21.5744588271158,0.517748435664871,3.79191581913397
43.4343434343434,34.9108517513377,25.3109343616196,0.860776665955981,2.85950814823132
44.4444444444444,34.9944951693265,27.998865776518,-0.455444856571715,0.612520905843151
45.4545454545455,37.837332192116,31.7602700430871,-1.437866194986,1.01010827850078
46.4646464646465,39.3130674688355,30.5691453123145,-2.49294840286882,-0.282474596815203
47.4747474747475,38.6807499405586,31.9252451507254,-2.53977903778875,-0.937088873450292
48.4848484848485,39.2234596797619,35.2074583303102,-2.8981563374162,-0.551361298920904
49.4949494949495,40.6801172290842,35.1948843157371,-4.79716019007489,-1.31971304914353
50.5050505050505,40.1340577232573,39.0085064450135,-4.08615728718693,-0.980332323239761
51.5151515151515,43.886522026152,43.0552788524888,-4.41196042870681,-5.83065391577196
52.5252525252525,40.6633488948713,43.3115122906423,-5.54401735166035,-5.89382316662281
53.5353535353535,43.5883162219531,45.2931840699509,-5.57956518822295,-3.12582059496463
54.5454545454545,42.2764391819729,45.660649803589,-5.19139309355754,-3.12930168527981
55.5555555555556,41.9433142381972,44.6296989752919,-4.6175777424905,-4.60025427024269
56.5656565656566,42.215412173388,46.7120997266917,-4.39157909117536,-6.00044950238519
57.5757575757576,38.3190902022952,45.3386019513944,-4.08916334550895,-7.77602519024992
58.5858585858586,37.0674418719758,43.8359388283766,-4.12260142996413,-7.13493980113132
59.5959595959596,35.5416645811232,39.1009485484828,-2.9720754679708,-4.55473678684444
60.6060606060606,32.2223846119591,37.9796703215442,-3.92986057079121,-3.94230215279345
61.6161616161616,30.6097396548915,34.7590482372913,-3.72716293874604,-6.61501422930313
62.6262626262626,28.1094137622748,35.0379698970646,-3.17478907826707,-6.65154612678885
63.6363636363636,26.5910610645943,34.3528363791531,-3.11133799787158,-5.3224967663561
64.6464646464647,23.222125327966,33.754582547186,-3.53912309677527,-4.88537031833775
65.6565656565657,23.2741887102941,29.7680861213232,-4.03696315962249,-4.06135736679593
66.6666666666667,21.2524493143198,27.9797789728949,-2.56227765628532,-4.60994103430912
67.6767676767677,17.5689730135681,25.152357441658,-3.48693892873808,-3.95301815509426
68.6868686868687,14.1814128996077,21.7606932500631,-3.18165402964088,-3.44844456988446
69.6969696969697,11.1665260864965,20.1753996398119,-4.22176743133653,-4.09295776818878
70.7070707070707,10.6788368209054,16.6950831846069,-3.19386670185242,-3.74374649119747
71.7171717171717,7.73769430748036,12.4167813633406,-3.80395483187035,-3.11579578674184
72.7272727272727,7.13363949750428,9.18335023550844,-4.81629525952409,-3.43184806996577
73.7373737373737,2.94944434907527,8.68984877450473,-3.65733753279564,-3.85876621444604
74.7474747474748,0.407389885003312,5.01867976929882,-3.41300666540577,-3.11016244120697
75.7575757575758,-3.29165616835355,3.28398678831554,-3.69907710805123,-3.69505197248817
76.7676767676768,-7.26654173042329,0.041336401258905,-4.65043089166226,-3.23678249869223
77.7777777777778,-6.05545680391956,-4.40817801029481,-4.33693961852444,-3.52896531769336
78.7878787878788,-10.3607992831024,-7.30932536015985,-5.05232821157311,-2.86220139950602
79.7979797979798,-13.3271624283345,-8.60805467561823,-3.18006628273278,-3.2130894906019
80.8080808080808,-16.7414569904708,-13.1181946831286,-3.92559557576059,-3.47510821321756
81.8181818181818,-15.6741220735437,-16.4180471121984,-4.18296505680476,-3.91569183393246
82.8282828282828,-19.978262624927,-18.8498170610536,-4.05792787301731,-4.25228575993124
83.8383838383838,-23.4667670694539,-22.0573640776275,-2.95141649074692,-3.98813015208363
84.8484848484849,-26.374628113006,-25.2305766085532,-3.0071177363204,-3.2782099710125
85.8585858585859,-31.0601664564762,-27.6446519684469,-3.10953900591612,-2.60459320242399
86.8686868686869,-30.7413378952045,-31.8211059529905,-2.26261709178112,-1.33109227412043
87.8787878787879,-34.0708808482062,-34.261396624967,-1.33369786842697,-1.08905431898563
88.8888888888889,-38.0181358560607,-37.2984209426965,-1.18298756964785,-1.0504961023409
89.8989898989899,-40.7360963916465,-41.0587970995702,-0.509185012426814,-0.164836524836344
90.9090909090909,-43.2322354197092,-43.7784957217382,-0.280101153541885,1.62721498848271
91.9191919191919,-46.0559217270124,-45.0929415655348,0.222762431445079,3.0992308845909
92.9292929292929,-48.1916876675021,-48.7656840225944,0.559554718720694,2.67797543201759
93.939393939394,-49.6745342311803,-48.8097583531831,2.14994525563762,3.27613884280485
94.949494949495,-49.8340662870047,-51.4295735493736,2.29665895915633,2.27213671630764
95.959595959596,-51.4674471186585,-51.6325555508924,3.61462963727623,2.8177679984125
96.969696969697,-53.1025923231132,-52.6588634483202,3.90522432025617,4.58810952938675
97.979797979798,-53.8426409020105,-54.4030962281774,5.2762009182777,6.25014916227765
98.989898989899,-55.7616665638915,-53.6996246390811,5.71899378238557,5.73622280296957
0,-59.9703747427624,-62.2834758073017,4.87627224877724,3.4736958420327
1.01010101010101,-58.7784244071291,-63.9312045114275,3.53833630232058,3.59342972895609
2.02020202020202,-58.8823140641638,-61.4755580190752,5.39879984518733,3.73814353412897
3.03030303030303,-59.4752755431433,-61.8936652390058,4.4156270452405,3.36475668263857
4.04040404040404,-55.4745131368008,-60.4392375317264,4.2676252412102,2.14005107574686
5.05050505050505,-55.9854839150793,-59.5231879043212,5.92377775787647,3.9505037023922
6.06060606060606,-53.4336175592108,-58.3265663995418,9.90687326112233,7.13597814626953
7.07070707070707,-52.1558415149259,-55.8537020018095,14.0187310762958,11.521928688382
8.08080808080808,-49.7959039420503,-50.0688068021884,18.1259617429496,13.5353939362389
9.09090909090909,-48.4655042993108,-49.8518035638648,21.7211457918139,16.1268268630932
10.1010101010101,-44.0891287241019,-49.5934846766624,24.3344118574979,19.8124309791131
11.1111111111111,-46.2162693501768,-44.7558550088105,26.9206239753072,23.3608137058521
12.1212121212121,-42.9744915840102,-46.2649661276627,29.5037499338552,26.3160222986758
13.1313131313131,-40.9832940037682,-41.9994944981936,31.5218373448534,28.9614355487687
14.1414141414141,-39.0618497495579,-41.2029643242555,35.4086374381632,32.397454355901
15.1515151515152,-36.7569779278594,-37.3714222437794,36.7981942749863,34.31973949024
16.1616161616162,-34.3279685192348,-35.5095709805671,39.6430316202284,36.3355762662734
17.1717171717172,-31.9100834863228,-35.1658225606419,41.9954247159889,38.9232284950018
18.1818181818182,-29.6844711216332,-30.7600971172129,43.5316223742428,40.4825048489271
19.1919191919192,-27.1573630475336,-27.1136886610816,45.1657053239503,43.411183902094
20.2020202020202,-24.4954606142179,-25.9535357372751,45.0499120108967,45.5569274486684
21.2121212121212,-22.8516965983754,-23.0324043458132,46.7232140840412,46.3086810536226
22.2222222222222,-21.5681593924696,-20.5042838622944,46.7264976392698,48.370634111236
23.2323232323232,-18.6897604280739,-18.7879517714471,47.6994861002517,49.1047784981549
24.2424242424242,-16.7435383598659,-15.0724311828319,45.7294694293339,48.4942245699345
25.2525252525253,-15.0967011096369,-12.1006362819441,46.6445272405884,48.5116266591081
26.2626262626263,-9.9517716446898,-10.2486613395229,45.6939519563781,46.4463308494146
27.2727272727273,-7.52894881587412,-6.44306832174907,44.7357249982589,43.703265206878
28.2828282828283,-6.51083587834819,-2.79619822973745,43.5422896345036,41.9283385757184
29.2929292929293,-1.70073065768536,-1.42795031729844,42.7772325344412,37.2172535712077
30.3030303030303,1.61528709016532,3.11862145179735,39.9953389685396,33.2261203773301
31.3131313131313,3.72192467115001,4.81179849583436,36.1643196568535,30.01015376313
32.3232323232323,7.16914971943957,10.2997882618345,32.6494991062642,24.6547353554537
33.3333333333333,8.64775028685271,10.6656828159782,28.7055488354838,21.8639859829381
34.3434343434343,12.8163147954559,15.9358072236373,25.3465327743195,17.4697294593234
35.3535353535354,16.0848806440915,18.5701227327325,22.408110831652,16.8657754833053
36.3636363636364,20.4186500265826,20.7896875103991,20.2366984839159,14.5597128159714
37.3737373737374,24.1921350750481,23.5898742848257,17.5393588214335,12.5451606697096
38.3838383838384,27.7071721641108,26.1903894270112,15.0050360502483,11.229506987289
39.3939393939394,29.1142154154422,29.563723236671,12.8680332875792,8.97965354530594
40.4040404040404,29.9227382146672,33.2303270057835,10.2905615247625,6.93421258484196
41.4141414141414,35.69126440202,34.1669273808225,8.45488517422999,3.66373887286539
42.4242424242424,39.0925997456787,35.0216238983347,6.12340032892274,3.1593646388084
43.4343434343434,39.3731460103278,39.5622378099381,3.57689258308116,1.60895248235794
44.4444444444444,42.020607622622,41.0433060433031,0.547905829268394,0.23341692223176
45.4545454545455,43.7300488266768,40.3164855271957,-1.32339243698602,-1.18109080673121
46.4646464646465,45.0623044199629,44.6735198492388,-2.57795398412686,-1.67846855172437
47.4747474747475,45.3706344099493,46.4960236358245,-4.4519575898686,-2.8240503248582
48.4848484848485,44.927611715032,45.8993881623503,-5.37760912476968,-3.89975746633404
49.4949494949495,45.7090368155359,45.2398818118436,-4.73203306076155,-4.57043963705289
50.5050505050505,44.8831344211786,48.0261219884811,-5.19977743138365,-5.89046974824377
51.5151515151515,46.124361912745,47.9032964143674,-4.86163659671844,-6.06348009213713
52.5252525252525,45.0096701892632,48.7315375774001,-5.18272676037208,-5.83989362736044
53.5353535353535,46.1013027905463,47.7193362847011,-5.01608333178355,-4.17358383852844
54.5454545454545,44.0883795273705,47.0342366920726,-3.9334386472714,-4.67775214332292
55.5555555555556,42.5435468914148,48.0266504525233,-4.6554969203753,-3.93244957844725
56.5656565656566,43.310202331191,45.4917369117822,-4.38206647533105,-3.45847306856422
57.5757575757576,41.4464571456325,45.6345391482841,-5.32342635650275,-4.30727143060381
58.5858585858586,42.2799291754195,43.0408612371958,-4.2404739608998,-4.26637235520414
59.5959595959596,40.2938357321624,43.1251104216831,-3.99009828851155,-4.81100216521815
60.6060606060606,39.4035577637326,41.8120730443632,-4.46445554662055,-4.94336027029494
61.6161616161616,36.6737651401074,39.4801296819893,-4.48069751564312,-4.2657247661111
62.6262626262626,35.0398389277605,38.8738042855336,-5.55018763439707,-5.39823877656154
63.6363636363636,32.3824050831902,36.6230826840949,-4.99064873987276,-5.21684358310938
64.6464646464647,30.7683896251199,36.8482109907702,-4.69390459524118,-4.97459103941375
65.6565656565657,28.9081981059146,31.7555028489802,-4.84268801817134,-4.77975374854738
66.6666666666667,27.1746293459013,30.5565342604205,-4.66782608899134,-5.90852890594926
67.6767676767677,23.8697604310257,27.5168516725182,-4.92304750059219,-5.65102352027724
68.6868686868687,21.1846094673903,24.5837262918226,-5.33239225675774,-5.09215657653609
69.6969696969697,18.5432966161086,21.7627733439314,-4.2772495948782,-4.80801326423337
70.7070707070707,17.8015096349731,19.4812886766324,-4.93364104343135,-5.03428357271146
71.7171717171717,12.5446974773478,15.4149398052052,-4.10341416671786,-4.90948346843709
72.7272727272727,11.5553074702302,15.4607558431417,-4.46437131655931,-5.05497611646595
73.7373737373737,6.33295480940844,12.332861240762,-5.57428589984581,-4.46920062650306
74.7474747474748,2.83979180512162,7.67757535718344,-4.44265241235893,-4.87841904393382
75.7575757575758,0.319761575810628,5.72499065872887,-5.88228501832218,-3.89526550968574
76.7676767676768,-1.16949838578574,1.16349008331504,-4.25024498384191,-4.1882697021977
77.7777777777778,-2.460809229258,-2.05317490717715,-5.0604386356076,-3.87833759705109
78.7878787878788,-8.675205602142,-6.6275759114576,-4.70263060146573,-4.00445983453671
79.7979797979798,-10.9221660398562,-10.7078176007873,-4.65959826241032,-4.36529383262189
80.8080808080808,-15.9996645977968,-13.7232187515162,-4.02099234687992,-4.72354449209858
81.8181818181818,-18.2376506328367,-16.7871203649704,-3.10109933597901,-2.95611174633484
82.8282828282828,-22.2041171523598,-21.9324001694178,-3.11206791976597,-4.05476951741157
83.8383838383838,-24.1651840637253,-25.0244156382298,-3.39157150480852,-3.93018959297084
84.8484848484849,-28.178242937675,-28.9114195856211,-2.68476149914531,-3.37843255110044
85.8585858585859,-32.2427719360115,-30.3038435958886,-1.88030183432117,-2.13323116454118
86.8686868686869,-33.3741925790819,-36.933655411721,-2.09475959099459,-1.34223473267024
87.8787878787879,-37.6459537464895,-39.2842703807244,-1.95133208902409,-0.934491157772369
88.8888888888889,-39.4336440301095,-44.9546381795574,-0.742421617872945,-1.14519773026542
89.8989898989899,-45.3517516020407,-47.2928846917357,-0.304429336624948,-1.07812857693902
90.9090909090909,-47.1116762464657,-51.8562900258843,-0.574236853433812,-0.633118243503203
91.9191919191919,-50.5847076902736,-53.4091403666548,-0.581215997122614,0.398562427481755
92.9292929292929,-53.5640028135973,-54.3994821613209,0.99084115459827,1.14916304511683
93.939393939394,-52.9220523579978,-57.208555302308,1.08561644382688,1.54481164529887
94.949494949495,-55.9146767369606,-58.3288818140161,3.37542333122677,2.78637369905363
95.959595959596,-56.1781144970731,-59.0744552098359,4.46128282517157,2.59940292722672
96.969696969697,-57.931104662373,-62.1737194966136,5.64229824702196,2.33869938524994
97.979797979798,-58.8398358386567,-61.7249474754077,5.24435928742043,2.58071004221386
98.989898989899,-58.1853527047333,-62.8029808653558,4.52792014397069,2.95847180498749
0,-60.4082998016956,-59.239881695705,7.57337591878472,6.73932222225275
0.99009900990099,-59.5412469083311,-61.050308101589,8.06092463715158,7.84268860008685
1.98019801980198,-58.4664479474848,-57.4507068442464,9.1078952994393,9.03264114951778
2.97029702970297,-56.8014015890538,-59.4338486338826,9.40812154013837,8.15915551481268
3.96039603960396,-54.2633911126041,-56.872716808373,9.74314712026785,9.33388631305063
4.95049504950495,-51.9195418436319,-54.6345653495269,13.4717551518817,12.0843264064699
5.94059405940594,-51.5830589427383,-53.6810992386274,17.5780205816621,15.0950305555426
6.93069306930693,-48.6666908375317,-51.702110634766,21.1642657856327,19.2920808238081
7.92079207920792,-45.2625766981732,-49.6280182973186,23.9561789006155,22.5383232215108
8.91089108910891,-46.8391926705073,-47.211622538385,24.0550876827788,24.1485155435505
9.9009900990099,-44.7299544946314,-45.525431926215,24.7348520235257,25.1790506175845
10.8910891089109,-41.4972180369797,-45.0744606993898,25.1501553118403,26.7250840570518
11.8811881188119,-41.0399121116047,-42.5916118062016,25.4571678444433,28.3247837233983
12.8712871287129,-38.8361351246021,-42.5478646512022,28.7294582312567,29.8335242951547
13.8613861386139,-38.2670341738729,-40.7646598405328,30.5365269272221,32.0926818411641
14.8514851485149,-34.9840568156367,-39.6836097591868,33.7549592708191,34.9310491607212
15.8415841584158,-31.8228306942862,-36.6513520155037,35.5700848099372,36.0367723436007
16.8316831683168,-28.7945222259291,-33.8503514871501,36.3423349775372,38.4843100967055
17.8217821782178,-28.8045173947995,-31.7094240475089,37.1515700807852,39.4626956694017
18.8118811881188,-24.8193941490077,-29.4290831322434,39.2371102163513,38.8338040103384
19.8019801980198,-22.6670260140494,-26.7730999461786,40.4094785099263,40.2901244841751
20.7920792079208,-19.6213041310837,-24.7624038089636,40.2496715611419,40.0395647414951
21.7821782178218,-17.3328668158034,-22.2708682542429,39.9202019304027,40.7105623559719
22.7722772277228,-15.8542733032294,-20.2319007658263,40.686933833232,41.0706046634043
23.7623762376238,-14.6588589946086,-16.300428593717,41.3614503579599,41.4536659436023
24.7524752475248,-11.6198685466389,-18.8000257642961,41.3295259539636,41.8405105242712
25.7425742574257,-8.12926401794368,-13.1770830975277,39.6703802765317,41.5659961850598
26.7326732673267,-6.90008960561958,-8.93869489464921,37.6453295706801,40.0166414369633
27.7227722772277,-3.36264044492603,-6.75119207035115,36.6818011111938,39.244806229567
28.7128712871287,-0.574928378149782,-3.3752459501838,33.4863436568821,37.2300964813712
29.7029702970297,1.30994552747409,0.236260885074924,32.7507846568629,35.3340363498336
30.6930693069307,3.55578303633588,2.31734879152276,30.1942302726457,32.6379670135796
31.6831683168317,6.03427178275791,3.77557136028968,27.8754766389911,30.3266229484258
32.6732673267327,9.61873684478031,7.76482220852184,25.9973849106218,28.1255851366194
33.6633663366337,12.2697830428276,10.3826071268537,23.6920527170607,26.7537118351972
34.6534653465347,15.7898722043614,14.9334430297556,21.0119894695458,24.5321745582289
35.6435643564356,17.3350605699471,16.6490911249987,20.0179471206232,21.5387770811901
36.6336633663366,22.819483861959,17.0356358919653,17.1643089860195,20.3774729314833
37.6237623762376,23.5543251684706,22.967876358711,15.0092480063913,17.5810931254609
38.6138613861386,26.648043136979,24.4556328792858,12.3115928187034,15.3841981691217
39.6039603960396,29.7838787693759,27.4394417388775,10.132356595839,11.8141947993209
40.5940594059406,31.669191721254,29.4273418002972,6.23489429899596,7.75421147163695
41.5841584158416,33.6842004730704,34.2403616228801,3.82204168591673,6.33143201585917
42.5742574257426,33.8666750788457,33.9231424511502,2.22384919318663,3.40250482791708
43.5643564356436,37.340068459334,36.4466588153438,0.704958316749719,1.79820580339939
44.5544554455446,35.6276513134631,37.2214170301078,0.685455234823223,0.506525991879995
45.5445544554455,37.3116959501442,38.0754040718655,-1.36524232300542,-0.0505931321432572
46.5346534653465,41.0813798806947,40.9520360449712,-2.88083167687187,0.342787696402486
47.5247524752475,42.2647133404896,40.6945645810669,-3.95016724394726,-2.68970227486387
48.5148514851485,43.7790203112149,41.8851408571714,-3.40519032439794,-3.77526756484501
49.5049504950495,43.2140330027474,45.1722142468916,-2.75126884493064,-3.02499880523552
50.4950495049505,43.8437483095589,43.7251205383941,-3.90003426261357,-2.84656891947263
51.4851485148515,42.6878607665697,45.3911647718923,-3.22103604162882,-3.23591611815102
52.4752475247525,44.1970393869433,46.9461116423176,-3.1251060445997,-1.95420756165085
53.4653465346535,45.6805443680618,46.4405080969828,-2.76576964412844,-2.43222296994566
54.4554455445545,40.2491334931374,47.0409334093282,-2.6666368774946,-1.88173570534941
55.4455445544554,41.1795532042407,43.6240054941656,-2.99037564864488,-3.08326057545112
56.4356435643564,39.2461591977495,42.2532513075201,-3.92823982007675,-2.61681993276453
57.4257425742574,37.6604905493395,38.8368431495347,-2.94786461308441,-3.16460221259563
58.4158415841584,35.0732253436637,39.7986137732835,-2.56280299190097,-3.13558485072482
59.4059405940594,34.4453569664424,36.3871686180196,-2.21169243452801,-2.66842295580963
60.3960396039604,35.0789871159959,36.222484185843,-2.44904461796546,-1.89848803651523
61.3861386138614,31.858936661502,30.940947742535,-2.88606864646965,-1.95479494457705
62.3762376237624,28.1723011935659,30.148439982548,-2.25144924067432,-2.44994619718263
63.3663366336634,26.7371392337174,27.7997166543364,-2.13669329457193,-2.1343345017901
64.3564356435644,24.2378606668288,25.4908954383055,-0.989754005535908,-2.33826974084948
65.3465346534653,22.0493853772791,23.6810120802781,-2.1040806454812,-2.41244320665506
66.3366336633663,17.4911623076676,20.3241957614922,-2.03834659179402,-2.30855882823671
67.3267326732673,15.3350763303758,19.278913764563,-1.96355968783164,-2.29975558723003
68.3168316831683,13.6385488415119,13.2713109295977,-2.166259903656,-1.60880839018214
69.3069306930693,9.4442143803415,12.1739449476732,-1.92424391666066,-2.35854204963668
70.2970297029703,7.23796156847095,9.80337357587919,-1.85162159382989,-2.7638730840318
71.2871287128713,5.82984051324678,6.66890361654113,-1.30016559524301,-3.46247368792138
72.2772277227723,3.64656858564547,5.70611055532393,-2.69575901785461,-1.10638749821936
73.2673267326733,0.316640136337134,3.68368501704901,-2.37129997141656,-1.6026658135928
74.2574257425743,-2.12794244721445,0.78487969381018,-2.58960727748841,-1.71739426034912
75.2475247524752,-4.93083912529471,-1.43535657485453,-2.31068418761862,-1.830716752323
76.2376237623762,-8.56690030727792,-5.19948748465122,-2.54428808970902,-2.50826563143897
77.2277227722772,-10.4930138678635,-7.15409126597003,-2.70046071109864,-2.90207848902255
78.2178217821782,-12.1078453034653,-9.43674047966043,-2.87081232590219,-2.645040985971
79.2079207920792,-15.8599758889818,-10.5365185050465,-3.17999042855265,-3.51716478250928
80.1980198019802,-18.2949912249856,-15.3298315502789,-3.22565176276536,-4.62239022396542
81.1881188118812,-21.728880831421,-16.2209554550545,-2.86035871871971,-3.47266758906797
82.1782178217822,-22.8731493329006,-18.8115534729202,-2.2098269960903,-3.36656187082259
83.1683168316832,-26.6567147437631,-21.9287414341299,-2.12976451960463,-2.8389712364655
84.1584158415842,-28.9493697961381,-26.7122427192936,-2.22934847216914,-1.2549002109877
85.1485148514851,-32.2844745939792,-31.1880364493883,-0.388504393923422,-1.28887425503098
86.1386138613861,-34.0384191181558,-31.1225286725859,-0.418262121568712,-0.278308580501013
87.1287128712871,-38.9963923265949,-37.2775506810471,0.473292123677084,1.58071241657671
88.1188118811881,-40.716846909179,-39.7319485641237,0.625072506941199,1.07714776313555
89.1089108910891,-41.9733572044218,-44.1337015486712,1.77208894120234,2.34173437800385
90.0990099009901,-47.3868515743883,-43.373461819596,1.29448110747755,2.17106709244692
91.0891089108911,-48.4201868970848,-48.7280739121142,1.99716947831221,2.03161041603327
92.0792079207921,-49.7749676323256,-49.0781085690424,1.21369345083854,2.73632339653324
93.0693069306931,-52.9199471107627,-50.3580825540313,2.50145058796628,3.8322108687152
94.0594059405941,-54.2591277614493,-53.0487645159322,2.93533074726804,3.67580213530622
95.049504950495,-53.7804656661973,-55.2386368828447,4.76537609971319,5.40716167812105
96.039603960396,-55.69508226633,-55.9222275966803,4.94915500706421,5.0084860247459
97.029702970297,-57.3719935665894,-56.4449985587148,5.86990482883717,6.51779975562352
98.019801980198,-57.5158312326459,-57.7987698677513,5.63652067719445,6.4033673766496
99.009900990099,-56.3127414220538,-60.1563551255569,6.83170827798046,7.01065136553059
0,-59.6965073370033,-70.3940578003648,8.62637772197539,4.88967277207419
1,-59.0666362338586,-69.6065213770643,8.54355515203736,3.68278765256843
2,-57.6448151727198,-68.6622655797414,8.17005870774357,4.14721872795107
3,-55.9519270775711,-66.3597453409824,7.22977478967875,4.40420569547015
4,-55.3001081961813,-66.0344026976212,9.17544652225052,4.2463752759016
5,-53.0038900105296,-66.2198080287141,13.5413686429756,3.54405105532456
6,-50.5824653865102,-63.5656408381823,17.6663993699254,5.51735728840123
7,-48.5645782555594,-62.2127198423579,22.3677590337147,8.99305138578226
8,-46.6218220549573,-60.3655563600971,24.3709288674714,11.2477431642271
9,-45.3052421897756,-59.1452095421816,27.4014515676204,14.8100310937448
10,-42.8273114405658,-56.7746314359681,29.2555475724137,17.7453083659803
11,-40.4684838474421,-56.3594398609501,32.4052682023718,19.3686713835127
12,-39.0587374378693,-55.0581410320014,35.2576966165919,20.5082525127172
13,-36.50387981206,-51.3706854427599,36.6207035231176,22.5333292772875
14,-36.0652034778113,-50.4804069451662,37.4977424460676,25.5675715503411
15,-35.3441713895979,-50.4329965884873,38.5385675744709,28.7656979375521
16,-32.0280592468644,-47.2629510826564,40.3155721471414,32.4662449017008
17,-27.8522283197333,-43.4155017299844,41.0135285099144,34.4275655663117
18,-26.7111747264589,-43.2120929133035,42.1903004020255,36.2155137585944
19,-26.8349989979438,-41.2893855485242,43.8823993489804,38.024140123963
20,-22.6931429719732,-37.6589666275697,44.0535721794564,39.3880901666299
21,-20.6409017829075,-34.6297720420505,43.7105091616524,40.6433876091766
22,-17.0274173091935,-32.1483624548525,43.5960629911751,40.6120770026482
23,-12.6533933868595,-31.2414431816371,43.0778309169848,41.4899430323795
24,-13.1411972623425,-28.487564043756,41.5492260305446,41.8814677828334
25,-13.2939927521871,-25.4447103085293,38.9502091976481,40.2394727506383
26,-8.6021463247014,-24.3186049952623,37.1070888465626,39.5457713326408
27,-5.74871883916883,-20.405578304297,33.9772917768671,37.7872374348063
28,-3.60266641122411,-15.3379792093203,31.5069192399615,35.0821683180076
29,-0.839803121528014,-13.6264019257304,28.0659765887172,31.8116920714715
30,0.516339229904803,-10.8583469045082,26.6315355693354,29.4253223329256
31,2.48906151603397,-7.24169658701328,24.236377983174,26.7823055189858
32,6.52332821847599,-4.42732213749972,23.1346813801566,25.9039849656126
33,8.12594916962015,-2.47830700224603,21.9815507898586,23.4207974883862
34,11.9569577155958,1.52204152975934,20.4778102032592,23.0798462261245
35,17.7482590529176,4.12612255058494,18.5887685278904,20.1860304628532
36,18.0007506061688,7.26605042026815,16.6204072051892,18.4906143966176
37,21.3176870976169,10.1673523004223,14.1629307650429,17.2328357697303
38,23.1056190069482,12.5973408692227,11.9998067187802,14.5145643854679
39,27.7752578252194,14.4708782090829,9.1499070926608,11.7686466769301
40,30.1823226074674,16.5972638164195,5.94209765278177,6.92144693957432
41,31.5452195162175,19.9450209311136,3.15625531176289,4.43259968030688
42,31.1430392322345,21.2937126975339,1.38881042871806,3.11009738968877
43,34.7323890092324,23.8232163295785,-0.100386616115329,1.0279242155921
44,35.7926053800982,24.9442135797809,0.398950028012191,-0.188020660390123
45,35.8135646538353,27.6366283317453,-0.867440587278974,-0.578587032606045
46,39.9187180426072,27.5784009828266,-0.613151134725015,-1.61051189235546
47,40.4742185696622,29.0027605495423,-2.0507267075722,-2.72932230839603
48,42.849199892875,31.5774661973032,-1.87143927748397,-3.4677740085374
49,41.4070849526181,33.4555275601042,-1.64955195706699,-3.2844740772791
50,43.1321879572267,34.9048157410661,-2.82304628857972,-3.61812091942363
51,43.5565570962026,35.0777757100101,-3.39848292682005,-3.45180861736466
52,44.4457314870544,33.4391809750765,-3.2675864216695,-4.07762769275521
53,44.2734406090722,36.0559631081632,-2.38349135540739,-3.21888864594335
54,44.5639238413226,35.7860521666357,-3.22714594458882,-3.09712869646539
55,44.8629224639365,37.426951241173,-1.60458167191962,-2.53563858118744
56,43.2837428817879,36.1170886013814,-2.13183564413422,-2.50029234887661
57,42.9803894995436,36.3953910037418,-2.13785137181859,-2.54952822449015
58,41.3639561245898,34.4401836377797,-2.63328215386249,-3.75562773614392
59,38.5420013748222,34.3532383104226,-2.03104370902709,-2.92171020503082
60,40.5182947310873,31.4835829265986,-2.50542414139573,-3.15583906845234
61,36.8781999542754,30.6193661566163,-2.63458668825351,-2.93617874365832
62,36.6700287130894,30.1580974970488,-2.07209628323018,-2.10432528560879
63,33.9414601529238,28.222939686493,-3.03418118644784,-2.57418411701659
64,32.3114411874942,26.6293761334377,-2.10906753751044,-2.72437954510853
65,29.2334201445373,22.5135786184681,-1.74373658160265,-2.04522800791173
66,25.6188963837527,21.5647795876221,-2.45428859041128,-1.72285387949562
67,24.8389809998122,17.4707945115541,-1.93047506950413,-2.98174626732081
68,21.4497264545299,16.7202888704969,-2.07748770298857,-3.0062568536336
69,19.567447313176,14.6799624442244,-1.370434600337,-2.53823679499487
70,17.053889253944,13.0999916594144,-2.05600142363461,-2.67697266248255
71,15.1088896825406,9.8121614084949,-1.82441198498207,-2.51749004500436
72,13.2017155683634,8.4300349997501,-1.18925442371538,-2.16331636132013
73,9.05294415916301,6.21419602967018,-1.78414658382584,-2.23301208328658
74,5.50678703045538,3.2952301743899,-1.7307704141651,-1.27606066755178
75,3.49057721533186,-1.2013032066575,-2.36192701915949,-2.88118458077881
76,1.44571050522546,-3.54015839044988,-1.34558652115593,-2.09389168939733
77,-2.54823209140451,-7.14071650116303,-1.54406868531646,-3.16104932053889
78,-3.87970798405309,-12.034483624568,-2.37264692090655,-1.76247726551132
79,-8.73955026231666,-13.9670464418548,-2.74926782599657,-1.80138518114827
80,-10.9175558480553,-16.8170873130791,-1.12283599756429,-1.04105137268661
81,-13.4010999307875,-21.2510636534095,-2.45334173162161,-2.06388677907746
82,-17.8102099341068,-23.0675112364946,-1.5283765790868,-1.96959328143782
83,-21.431925244237,-26.0894989838454,-1.5333911033896,-1.90009162683329
84,-25.1513308495229,-29.8129457814018,-0.333063278991988,-1.57498787008518
85,-28.4276687063853,-31.4324105002821,-1.75422233542543,-1.92253554837052
86,-29.0945457626101,-36.7573359785269,-1.23990550748036,-1.41801499047836
87,-32.0197694069519,-40.2159930113895,-1.22777361082307,-0.211726897197348
88,-33.6079245832802,-42.5062172433503,-0.272606314747629,0.327300219822536
89,-38.415975305775,-46.9230716523044,0.371422391970706,0.533958797177146
90,-41.7969993887292,-49.8573980267427,0.872851546165698,-0.802885762868007
91,-42.5363793268547,-54.85131048175,0.647759666178944,0.879216312087974
92,-45.5448838560413,-55.3915899804135,0.800672388977456,0.980501177217891
93,-49.34528186729,-59.8375549330405,1.37374986789466,1.32199172619964
94,-51.077933737218,-60.3229213164445,0.813296026232607,2.68309862861927
95,-53.1055906963095,-64.7966929687203,1.90719258625423,4.07181670021637
96,-55.849922043494,-64.2279178967414,3.72847250669162,5.93787556752763
97,-56.230768771732,-67.391090601657,5.76004394440876,5.81031016734728
98,-55.3544232592733,-69.2245035812048,6.00109463986806,4.54302386223059
99,-57.9479052392876,-70.5627460754775,8.16971677673076,5.35732201540934
0,-55.5693204897302,-55.551888352397,5.05830378656575,6.2009227316147
0.99009900990099,-55.5719519127321,-53.8536618671797,4.04016845857111,4.94072421076687
1.98019801980198,-55.7722920184586,-53.7124516623188,4.45185809457048,4.2375547534902
2.97029702970297,-55.3138653214278,-54.617994000373,4.7723475063582,3.83209460065809
3.96039603960396,-54.926112243662,-52.8686363830215,5.30462177559055,4.22931396028088
4.95049504950495,-52.4630975465832,-50.3589521470926,5.29009981685408,5.56452845992167
5.94059405940594,-51.7449171683254,-49.0309436521733,8.6101910925827,6.4332878554489
6.93069306930693,-50.2395520733705,-47.2293814326273,10.5994944702268,9.80833691795252
7.92079207920792,-46.9986234577765,-45.9446983546399,13.6734144061491,12.1063889302736
8.91089108910891,-45.9954795608021,-43.5511670674602,15.8010580352655,14.1349756744584
9.9009900990099,-43.6502733101731,-41.6974934289588,18.030634269429,16.1150463510711
10.8910891089109,-43.1640505855353,-38.3700508395251,20.28942412882,17.5842911714422
11.8811881188119,-42.8675453820159,-38.1502970242612,20.2980890179119,19.6195323981658
12.8712871287129,-37.4793539511733,-35.0957153645875,22.6852594970309,20.3063473461511
13.8613861386139,-38.1839240214311,-34.8157819943926,24.0092500897062,22.5536712614755
14.8514851485149,-34.8993050529068,-33.8299618874227,25.5254551353094,24.0706468942829
15.8415841584158,-32.2807223650872,-32.5722340076611,26.608586322103,26.0418401079942
16.8316831683168,-30.8220424696489,-29.6956562626246,26.5331210900382,27.7830973079972
17.8217821782178,-27.6554645006456,-27.0319191825064,26.6067030942204,27.6445906989806
18.8118811881188,-25.7645437970697,-25.4492054012464,27.0395237871752,28.599571751786
19.8019801980198,-23.2160565829958,-23.5727085421953,27.1658836996523,29.2703633453128
20.7920792079208,-22.1481212628662,-21.5111902181561,26.9887169994197,28.8824399670379
21.7821782178218,-20.4013515284876,-14.913210131525,27.7986096389883,28.7366987939299
22.7722772277228,-19.7591409367328,-16.8592837093119,28.5715703630149,28.2817324126217
23.7623762376238,-16.9420781372178,-12.6134608014815,29.9477426649397,27.320955912268
24.7524752475248,-11.6795083045494,-10.3946321646382,30.6418103553393,27.2590351345153
25.7425742574257,-11.3180093843474,-10.0944297835872,29.8734936507388,27.9640240426011
26.7326732673267,-8.31516711120646,-5.77199594952673,31.0668647198873,27.1575605080029
27.7227722772277,-7.42208005091488,-4.85053449533946,29.5959761396721,26.6556003832709
28.7128712871287,-4.63807194461183,-2.83760059201044,28.8961115299776,26.4856231366963
29.7029702970297,-3.67885120142248,0.841999310914178,27.7923801440339,25.5803994666435
30.6930693069307,-0.654687695581776,4.16527713441036,27.0011372959619,24.3066198383637
31.6831683168317,4.82522668287207,6.71914616469669,24.6408802825089,21.4778968434519
32.6732673267327,6.22573387407866,9.94072892056524,23.2710799334796,20.8894592150595
33.6633663366337,9.83678616623391,13.1994283736999,21.1830613454253,18.3426409519455
34.6534653465347,10.0409583041238,16.4819470552211,18.9772925731331,15.5090984890821
35.6435643564356,15.223381131476,17.0419493528592,15.4177585592151,13.5280468141998
36.6336633663366,18.2301938897343,19.4472033634178,13.5533573450648,11.6038866075623
37.6237623762376,19.5138739013341,23.5583864079358,11.6730577963372,9.61112648564756
38.6138613861386,22.8431762492474,24.4687337728859,10.3370172795057,7.26681925926312
39.6039603960396,25.6582861250921,27.6088106223716,8.69753255991654,6.18682302003976
40.5940594059406,27.6619024508095,29.8282570407967,6.09031832922315,4.68607224247413
41.5841584158416,30.1969824296539,31.3558106992962,3.87829490428116,2.21958864870971
42.5742574257426,34.0089281636392,35.1529682001177,2.76172720344433,1.20015853259714
43.5643564356436,33.6803990146859,36.6863647074533,1.59407960043256,0.682237487507672
44.5544554455446,36.7308657703025,38.0185744475705,0.112941028726931,0.354342977939955
45.5445544554455,40.4314485768419,40.751648615701,-0.224226521624311,-0.924125985493503
46.5346534653465,41.2848283132428,42.3912083898227,0.139980819242207,-0.213255653825177
47.5247524752475,41.7134885013247,42.4781600059119,-0.114290618345514,-1.14746889948475
48.5148514851485,41.2426503326272,43.0644841456917,-1.4512890529995,-3.35327463831899
49.5049504950495,43.2408459720595,44.0888040466744,-1.82935644055401,-2.62513672211787
50.4950495049505,43.8632984515273,47.7316066237308,-3.2386264300978,-3.70197035203648
51.4851485148515,45.7948232174689,45.9420293857508,-3.29261101522067,-4.1464552311488
52.4752475247525,45.2529216138955,47.4953644605693,-4.30923209170021,-4.26768068678312
53.4653465346535,44.7509153971724,49.7514198948248,-4.51058165117776,-3.50735916936534
54.4554455445545,45.4675486595491,48.1942635702549,-3.71588541303438,-3.88713990857594
55.4455445544554,45.91747451315,46.9258275254364,-3.62474164570277,-5.63873886605871
56.4356435643564,44.9156314781603,47.1884752804395,-4.06288168801325,-4.07880882169099
57.4257425742574,44.3265177186186,45.2332055621838,-3.2350347024373,-3.78299387864295
58.4158415841584,42.825676413967,46.3106393924377,-3.30133703662129,-3.70533099727938
59.4059405940594,42.2710966466236,45.571031232397,-3.58985894988216,-3.8641219869163
60.3960396039604,37.1386762184905,42.9465826794549,-2.60451248833634,-3.22745303569786
61.3861386138614,39.2858678283187,41.6157493190027,-3.83151570733172,-3.01440170284321
62.3762376237624,35.9518359702906,41.9123356902779,-2.8549959097005,-3.45397344272726
63.3663366336634,30.8646785210652,36.4615367771883,-2.41806564551442,-3.10049789196495
64.3564356435644,29.2452603298875,33.4998514437156,-3.93159737999172,-3.38372620175179
65.3465346534653,26.2010212494921,33.6980549214224,-4.05686668372042,-3.52607401044825
66.3366336633663,24.6730036935282,29.229811296132,-2.2683131496268,-3.56218103389731
67.3267326732673,20.0031080616216,29.521937063676,-2.63793692207466,-4.35268561175336
68.3168316831683,17.7081045043631,25.7744182054316,-2.33679435089834,-4.38080562580874
69.3069306930693,14.4354391106167,21.3656272403182,-1.53774129509666,-3.92308712543223
70.2970297029703,12.613306893087,18.5364814941893,-2.08062031162759,-3.51736970117234
71.2871287128713,9.87915144128203,15.1613159551367,-2.8783684564722,-4.87478300483788
72.2772277227723,8.8967872427902,12.7791644160955,-2.00984350974563,-3.22642253040459
73.2673267326733,6.08482793586097,10.415448743486,-1.8434469490921,-2.83819585531549
74.2574257425743,1.66447152559013,7.42873658012335,-1.4908602290494,-3.32522618427884
75.2475247524752,-3.05325915023734,3.68035906256683,-1.99197170764039,-2.22891570831473
76.2376237623762,-4.09498156261531,0.226138302062583,-2.17608063484968,-1.88493128440055
77.2277227722772,-7.33842627569137,-1.51408167550558,-1.52191080181522,-1.54972999784091
78.2178217821782,-11.967130117721,-5.23587307321892,-1.01687382593373,-1.50840718824063
79.2079207920792,-13.1089129156337,-8.7696939940455,-1.77765990995599,-2.03674474185277
80.1980198019802,-15.8263505762305,-10.0169052679355,-2.33676327019291,-1.70699967605065
81.1881188118812,-18.0472017281645,-12.9563717662534,-1.72666420868075,-1.96636436604851
82.1782178217822,-20.8956337309799,-16.8816122227512,-2.55170173513428,-2.16238273384173
83.1683168316832,-24.9005241606563,-20.7428163456268,-0.857932994823221,-2.30617213846925
84.1584158415842,-25.9380980635197,-24.4001086692638,-1.77179202457959,-1.56807592906571
85.1485148514851,-29.0338455375946,-29.3488774128153,-0.389842322746555,-1.07321360541581
86.1386138613861,-31.5531857675682,-29.6737300802518,-0.735094258194702,-0.910270734177499
87.1287128712871,-34.2099018496524,-32.9333701037376,-0.898152694423124,-0.58227096131814
88.1188118811881,-36.9539613691671,-35.11313723525,0.289672906375598,-1.117398876656
89.1089108910891,-39.5225011457507,-36.9480774957745,0.336020031418869,0.677947730813426
90.0990099009901,-41.6875242537548,-40.1970553022671,-0.527312481565627,-0.731267784168985
91.0891089108911,-44.8968092379665,-41.7417084434458,-0.42062210286577,0.306223442887421
92.0792079207921,-47.4911702480152,-47.0695737510808,0.787470112963248,0.382879793097965
93.0693069306931,-49.2170681210965,-46.8373187565339,2.48749990398517,0.381065144640915
94.0594059405941,-51.903109620394,-49.871739191405,2.36191329784335,1.39722902924427
95.049504950495,-51.4399924384151,-51.2798213239513,2.35598318357716,1.5479030305634
96.039603960396,-54.1961951361749,-51.8689884840284,1.95032451454677,2.83130248263179
97.029702970297,-55.1897055503908,-52.0930948480659,3.82519232995486,3.07816261515526
98.019801980198,-53.9538414241537,-53.8669500486142,3.93122814954014,4.79712896790621
99.009900990099,-55.4753557355056,-53.4070896530564,5.27156600307706,4.13577126192274
0,-59.0699074381304,-69.590225898492,8.74778922990068,4.65023834174815
1.01010101010101,-59.4782050010319,-68.0302534021284,7.40906053243303,4.10351672018254
2.02020202020202,-57.1542063651817,-68.4528206375127,7.81515216171884,4.07640287791152
3.03030303030303,-56.4318666630138,-66.5617733046563,6.95550895805536,4.30293116051964
4.04040404040404,-53.7839484114712,-67.0783227473816,10.0021029719309,3.1986309955523
5.05050505050505,-51.6838192153133,-65.4428733794227,12.7212996998711,4.42804603420203
6.06060606060606,-49.8676777610516,-63.2811963039374,17.4379970311343,5.67169062364121
7.07070707070707,-49.9703953521596,-61.3477593568205,21.5225368573951,8.97153593254425
8.08080808080808,-47.3823998929569,-58.0142751101941,24.2697750834241,11.6955547390861
9.09090909090909,-43.6658612533039,-57.7587494574054,26.7461582533032,15.3039235711758
10.1010101010101,-44.2282186988208,-55.558436617391,30.6738391805921,17.8284572022685
11.1111111111111,-41.9274975070508,-53.5676146650329,33.0853453007469,19.9650822702298
12.1212121212121,-39.8227482631696,-54.9214838310695,35.7685608896408,21.034793706766
13.1313131313131,-37.4145493286122,-52.6689447409077,36.9278706040483,23.5097994846575
14.1414141414141,-34.5858587941483,-48.8529399101385,37.9040362774573,25.3465645599588
15.1515151515152,-33.2613093767948,-48.0920058044111,38.9298547823953,30.0561832717361
16.1616161616162,-31.2002983514691,-45.4044464390988,40.2380179953046,32.2179667985935
17.1717171717172,-26.9000175100683,-42.9496549089541,40.6903239849379,34.5087955542006
18.1818181818182,-25.2180100911422,-41.5578548776789,42.4694552710735,36.5809547437202
19.1919191919192,-26.0333642726754,-38.6564305839122,43.7572934552887,39.2759451024553
20.2020202020202,-20.9631839411512,-37.1211046122953,44.4096795059765,39.8607139835673
21.2121212121212,-21.2030220077016,-34.5642795505989,43.9563209925722,40.639044190607
22.2222222222222,-15.2204158692051,-32.2188558845318,43.6270603199485,41.0255078611511
23.2323232323232,-14.1252400487063,-30.2152676579939,42.1973453952967,41.5219681388563
24.2424242424242,-12.6696214825472,-26.643873082256,40.6641952124464,42.0130788226783
25.2525252525253,-10.9655070104886,-24.4435611913862,38.3703944221294,40.8219262247753
26.2626262626263,-9.05254571245023,-22.5744567945394,35.7316777815827,39.7384258060471
27.2727272727273,-5.12675970114705,-18.8342509290668,32.5907018240906,37.0416274029182
28.2828282828283,-1.49366660182871,-14.937554376352,30.8690591316012,34.206384791415
29.2929292929293,-1.5113556204355,-13.7779788781433,27.797395879478,31.9124353069932
30.3030303030303,-0.138982990720527,-10.4339671637447,25.9696654064575,29.4422041123073
31.3131313131313,6.51859992351322,-6.65876352185525,24.2407255209405,27.3677731043878
32.3232323232323,7.02118608172105,-5.2454972383203,23.3619956550713,25.2800709436605
33.3333333333333,11.4069863560507,-1.56696995287096,21.8389636528172,23.8038447477798
34.3434343434343,13.0547037164231,0.802167766102009,20.8008893886511,21.9128379715593
35.3535353535354,17.2204309470693,4.92139283474366,18.0607058468359,19.3978107992917
36.3636363636364,19.1664738361234,7.81392377933402,16.2322318046429,18.3571659174489
37.3737373737374,20.8502133510194,11.3511275334763,13.7987267983632,16.4021468187015
38.3838383838384,23.8379786293288,13.636957022191,11.4608408488353,13.8092764222755
39.3939393939394,28.1385131181416,16.3667438688678,7.42566283924575,10.5358003222201
40.4040404040404,28.4885900530174,17.3820169567224,4.88272402959494,6.63491268714567
41.4141414141414,32.3370621463204,20.5468271772973,1.9353949018532,3.58170792681013
42.4242424242424,32.1476337284057,22.2732462802826,-0.342068008496786,1.19725269683862
43.4343434343434,35.4022333303101,23.5392362703004,-0.624078083448458,1.18719464530863
44.4444444444444,36.3308306193566,26.9343616366238,-1.12779119250581,-0.661580842162921
45.4545454545455,37.2905493950007,27.8972831901447,-0.180786626580823,-0.736610338747039
46.4646464646465,38.5668246288908,28.1559294281514,-1.82719655035397,-2.43109793770754
47.4747474747475,41.8137796145639,30.3733472978286,-2.35183550346233,-2.76841885958101
48.4848484848485,42.02894065227,32.2835680937111,-1.69913326367488,-3.16224713481501
49.4949494949495,42.5624726833856,33.9907686726127,-2.3028866948659,-3.18246988769054
50.5050505050505,43.0462775876707,33.4532952338659,-2.62045459226612,-3.14302900277203
51.5151515151515,42.2145868735622,33.2340452133141,-3.4319437763983,-4.16725049782935
52.5252525252525,44.4574876406192,32.6564688525993,-2.49193758346449,-3.95477785963035
53.5353535353535,45.8825935363777,35.6359617886896,-3.0567218990157,-3.21482378654024
54.5454545454545,43.4841366941345,34.8470262740261,-3.069445157744,-2.00472690775368
55.5555555555556,44.8395590012835,36.5344357566623,-2.11196002984702,-3.96363921304557
56.5656565656566,41.7844986024748,35.8661202140059,-2.05722189289524,-3.53909122409294
57.5757575757576,42.6447935089279,35.4919240941363,-2.60635469402126,-3.4082350613433
58.5858585858586,40.7313167307312,35.5566771815058,-2.13705216793631,-2.93070679176359
59.5959595959596,39.2918803968449,34.5925161858106,-1.87603685442759,-3.76336483416252
60.6060606060606,38.3804514111998,31.088560128672,-2.64918947881128,-3.17608834769023
61.6161616161616,35.2397151127151,30.7854010136167,-3.25150758694999,-2.34421313636819
62.6262626262626,35.8536853521105,29.1463659135567,-1.93244244613248,-3.26073713588272
63.6363636363636,31.9835567623282,27.0895595442426,-2.51959000942404,-2.26806437570552
64.6464646464647,27.8279416650252,24.8608637153038,-2.2380804900588,-2.73225553089052
65.6565656565657,28.5141940337947,20.4653229921739,-2.13553094276123,-2.18523824090701
66.6666666666667,24.6826636467087,19.0121012055195,-2.42263857766074,-2.88189239327158
67.6767676767677,23.7995612749376,17.7681602024014,-1.09215724928497,-2.39232920346746
68.6868686868687,20.9851273754195,13.4509761191037,-1.67591999510371,-2.27065812690496
69.6969696969697,17.4265197835035,14.2757963404227,-2.284022312769,-3.0995866370827
70.7070707070707,15.097392745389,11.005113906156,-1.44667898845003,-2.48331049350694
71.7171717171717,11.9126744290957,9.6243355614606,-2.2130537021954,-2.0787734537027
72.7272727272727,9.49178580646965,4.66666763875987,-2.39077837219582,-2.82006016961119
73.7373737373737,7.78372972063463,4.66433436403656,-2.73034795408942,-2.37734808375423
74.7474747474748,5.80659595471771,-1.28180588822101,-1.63547798851936,-1.93176900699946
75.7575757575758,1.19825451458114,-4.00957076377465,-1.95601247618849,-2.74779210375778
76.7676767676768,0.178051069124341,-7.37020277967562,-1.42548742484313,-2.19113471027359
77.7777777777778,-5.03260549146493,-10.5408829049446,-2.80134135561247,-2.63181099942006
78.7878787878788,-8.2185635570737,-13.1955422428395,-2.24636115122249,-1.69800780498205
79.7979797979798,-10.2058420799896,-15.3301130106677,-2.75911908851873,-1.25986316490403
80.8080808080808,-12.940806186216,-18.8151606085561,-1.6222270458807,-1.36927206401224
81.8181818181818,-17.5449600356644,-24.1062636582877,-1.83112517302389,-2.03982165045709
82.8282828282828,-18.6579459936877,-24.7596616956708,-1.71618930529548,-2.06848363460323
83.8383838383838,-22.8816967786482,-27.3181422889973,-0.856183094673641,-2.55170091642744
84.8484848484849,-27.4126600144457,-30.6881002621722,-1.00681464352093,-1.62846954239894
85.8585858585859,-29.5793275616902,-35.8175035288139,0.139013936767642,-1.32087423399183
86.8686868686869,-31.654141990536,-37.7205341322554,-0.58983961590895,-0.645473339061881
87.8787878787879,-33.8441202538414,-42.9742942336144,0.434989594954429,-0.156871011282222
88.8888888888889,-36.7194971485655,-42.6870915806576,-0.0694545944652189,0.137485094689477
89.8989898989899,-41.4159943441588,-49.3090346738393,0.761216554823163,0.275934477866571
90.9090909090909,-44.1431323377782,-54.8921268061147,0.0553115729590558,-0.431305824576957
91.9191919191919,-47.5803079703006,-57.7779815530798,1.06449119235869,-0.212769214636986
92.9292929292929,-50.5670346522377,-60.8687487877399,1.467308221563,1.69622050753905
93.939393939394,-51.0596803365233,-61.1743025350998,2.35363836653835,2.83794810348442
94.949494949495,-52.2592136079938,-62.7926728594597,1.66264147290105,4.51481730383556
95.959595959596,-56.7488368275405,-66.330838973557,4.1253440400684,4.42815302387672
96.969696969697,-55.4163279862704,-67.0533216567379,4.74451388931482,5.81717570506652
97.979797979798,-58.5298935212244,-67.917542443615,7.39503113351518,4.95617741007667
98.989898989899,-57.4606438062059,-68.7617431467048,7.87402602914027,5.24858232676928
0,-56.1854561673217,-55.9964395382162,5.36050171701633,4.47217970014067
1.02040816326531,-55.5937295492798,-55.7664228402972,4.40610566259761,4.6355326255961
2.04081632653061,-55.0508270042117,-57.4291827530746,5.63003386722668,6.09481789105998
3.06122448979592,-52.1421858220937,-54.269642945749,6.12206980893621,6.15227768251481
4.08163265306122,-52.8986095888474,-51.1297588635967,6.82204364009808,8.07502834982718
5.10204081632653,-49.8857673932659,-50.5442351949342,10.3107517559113,13.333405476883
6.12244897959184,-49.5788965193355,-48.9720070560482,15.5551452261191,19.742323211537
7.14285714285714,-47.8809644993616,-47.0964851200766,19.4435954019169,25.045745660644
8.16326530612245,-46.5776612946277,-44.8682044689793,22.9276503211428,27.4388737384585
9.18367346938776,-42.295515739109,-43.6715898880748,24.6951273722589,29.1984814968185
10.2040816326531,-41.2200812849575,-41.9329662290676,24.84686252054,28.9764470983391
11.2244897959184,-40.426065661252,-39.3711294208603,25.2305656487426,28.7453464201237
12.2448979591837,-39.7632129639861,-37.7505136538464,25.5980101825942,28.6468411552036
13.265306122449,-35.7998160283945,-36.2328010652417,26.3425353640701,29.4948003106769
14.2857142857143,-34.320959475987,-35.8709275139661,28.4607714544367,32.1014363337139
15.3061224489796,-31.7799040667128,-33.4018990712363,29.4670374099047,32.7741793480202
16.3265306122449,-30.7829111185392,-30.4951327367404,29.407009940125,33.0792916474955
17.3469387755102,-28.7375199104022,-29.010344742778,29.4651835475718,34.6693934722949
18.3673469387755,-25.4227659887312,-26.6890870891638,30.0152686485323,35.2893317895022
19.3877551020408,-24.4712642096177,-23.4563338622837,29.5565178129511,36.7172263308377
20.4081632653061,-21.0976004628673,-20.7825474381546,30.0981754623787,34.7488284381827
21.4285714285714,-17.2150467600967,-16.2876822239674,29.878661706425,35.6310441254345
22.4489795918367,-16.8401285947918,-15.4609116370713,30.4594686695655,35.3266295230508
23.469387755102,-13.6298123434352,-13.6909482783428,29.1835866193453,34.6043657332327
24.4897959183673,-12.1014137859638,-10.971268796677,28.1394674123286,33.0529645451142
25.5102040816327,-11.9762660488275,-6.77217015475049,26.6741897426908,31.277868754964
26.530612244898,-6.21041815824851,-5.9536065461052,24.5541393746544,27.9615721744299
27.5510204081633,-4.70603263736187,-2.0670478425438,22.7890775980067,25.3894445723957
28.5714285714286,-1.89200686386403,2.93723953867039,19.8399500758045,22.3604181051718
29.5918367346939,1.422366192636,3.9864288303015,16.9263678245177,19.507094676282
30.6122448979592,2.93074299943157,7.37267509465359,14.8147518661224,16.0110951935527
31.6326530612245,5.20483567675885,9.54404322388289,13.775895303121,14.0655591847373
32.6530612244898,9.56682012397434,13.5598725137309,12.2727857533283,13.1605100548178
33.6734693877551,12.5141876793573,17.549868860518,11.5654608434723,11.285484322062
34.6938775510204,13.4292811376984,18.5148626678378,9.66146329981139,9.47992913545053
35.7142857142857,16.9940161914287,19.9688858513524,7.77327880354279,7.92591427814134
36.734693877551,19.2678826018087,23.8172272465813,6.9757957556401,6.6677265916406
37.7551020408163,22.5887038231246,26.5137719490188,5.64609207044418,5.28605094664603
38.7755102040816,25.1461359955867,28.1512947230475,3.88249392959663,3.74936053664832
39.7959183673469,26.9729426175654,31.4265660693431,2.8355257212933,2.42255900749459
40.8163265306122,30.4897281854577,32.6829884855433,1.25557783759127,0.67199573451278
41.8367346938776,31.4363883340469,34.6311148096991,0.677001739020818,-0.497730005016454
42.8571428571429,34.3806230915602,37.3410242335516,-0.483862485078873,-1.5337583321378
43.8775510204082,36.2201920434371,35.4423647604664,-1.06042280574499,-1.31431016880587
44.8979591836735,36.1938488064069,36.7282977514689,-1.58654658620771,-1.8510994733879
45.9183673469388,39.3466938201027,38.4233618343894,-2.02445206572253,-4.09252536474407
46.9387755102041,39.6588120486915,41.6163169810945,-3.14379972125192,-4.49262265557262
47.9591836734694,42.1645395035588,42.8978753333999,-4.58339145611749,-3.18080496386253
48.9795918367347,42.9770711467888,44.7291738332192,-4.6172431374528,-3.56283014947488
50,43.9939107560099,42.2836746966106,-4.34986001622038,-5.10965947986185
51.0204081632653,40.5523853712718,44.9955741558624,-5.279958781065,-3.59014501470602
52.0408163265306,40.8834849426009,47.3154211019535,-4.80993657020067,-2.82429598163376
53.0612244897959,39.3594800761288,45.7321022580056,-3.38782168607062,-4.52922121977909
54.0816326530612,39.6243734729737,44.774303414016,-3.00312101859763,-3.24256124089415
55.1020408163265,37.8487411543631,43.3753479439892,-4.09663135248528,-3.986467061511
56.1224489795918,36.5439287107042,40.6436791980324,-4.21641241171195,-3.93026792338067
57.1428571428571,36.9937853870335,39.1323801683134,-3.40137383195996,-5.25950886195601
58.1632653061224,33.1262812289413,38.535831744011,-3.44784482115167,-4.94100487852415
59.1836734693878,32.4177197455173,39.7383991796512,-3.43465629092799,-3.1410825028457
60.2040816326531,33.4369191682059,37.5166059007982,-3.56390363421679,-5.21932817022693
61.2244897959184,28.0930927406982,36.223019132918,-3.40922985197302,-3.96646431019096
62.2448979591837,27.1882315623714,33.8241622346459,-2.9638430378969,-4.56807722668976
63.265306122449,22.864169163526,32.7984419258676,-2.70217215527236,-3.71338143753696
64.2857142857143,22.9513009310775,30.2349818622679,-3.13663683977225,-4.71504320187234
65.3061224489796,21.6966385818109,27.1208021196432,-3.52435688129918,-4.4406100587416
66.3265306122449,18.175577571685,24.7341258997108,-3.2121520585656,-3.5905303329447
67.3469387755102,14.9877582603006,22.2641083061466,-4.28747888008084,-3.50101014374065
68.3673469387755,14.544419968941,19.2950052685851,-3.32878082703694,-3.68323058117841
69.3877551020408,11.390931950401,18.5926111229438,-2.94358935746516,-3.94444631334189
70.4081632653061,9.04586026642378,16.534860177325,-3.36208819548449,-3.63032229502265
71.4285714285714,7.28558942701266,12.746151470154,-3.5938622981046,-4.14947003056628
72.4489795918367,3.69639519850372,8.98346070428661,-3.22435226330867,-3.3589137104757
73.469387755102,1.60105371586392,7.53591131573991,-3.48567710111522,-4.12233004968923
74.4897959183673,-0.873468196249676,4.37633127953948,-3.50849925469342,-3.81132308126462
75.5102040816327,-5.12424780730306,0.556762987092627,-4.38322246663038,-4.53077475090172
76.530612244898,-6.23079200377464,-3.09305164520807,-4.39482537602177,-3.36609568889917
77.5510204081633,-8.64693214841178,-3.44985971354135,-4.84435147782256,-3.67304292337766
78.5714285714286,-10.7516947315232,-9.28384649283171,-4.75504128576373,-2.49414356827127
79.5918367346939,-13.3532118917366,-12.7836498052508,-4.68861691195275,-3.39535919421797
80.6122448979592,-14.9775335978294,-13.6241249915185,-4.6818202051053,-3.27024575531638
81.6326530612245,-18.1317293356063,-17.5431896564663,-3.16019492324496,-3.23665596384841
82.6530612244898,-19.8676981623683,-22.1590160698712,-3.20532940614455,-3.75820320393328
83.6734693877551,-22.5100139177262,-24.8687637614003,-3.07787001681887,-2.83960925908441
84.6938775510204,-27.6456929014396,-25.7202737823861,-1.81644869916901,-2.78052677030453
85.7142857142857,-31.0312923588548,-31.3712473458463,-1.4889891360496,-1.75714476383482
86.734693877551,-35.611191498899,-32.0813475229842,-0.842081855539826,-2.21019962201973
87.7551020408163,-39.177999198407,-37.0866352834895,-0.552901467267026,-1.37024261231243
88.7755102040816,-40.3339025801401,-41.4170762167611,0.336149685003748,0.202073421506143
89.7959183673469,-43.7188411521788,-42.540566128031,-0.482971945237804,-0.631855809914025
90.8163265306122,-44.544030179011,-43.8316222969005,0.223744819929904,-0.405854498745423
91.8367346938776,-46.6867910334643,-46.9672387831418,1.81238621087516,0.443097663820357
92.8571428571429,-48.6063346641674,-50.6445048052612,1.91454728582277,0.776598082730878
93.8775510204082,-49.2954896163623,-52.386013381651,0.806554886491962,0.657618115963926
94.8979591836735,-53.5315289047934,-53.5286177409267,2.59937185797181,2.20560519787897
95.9183673469388,-51.4717968594779,-54.4288082414391,2.85528493648586,4.08681186938361
96.9387755102041,-52.8407835423278,-56.0818666260855,2.65743562368752,4.30832984142652
97.9591836734694,-54.9484493477345,-56.6529418257594,3.23107196926538,4.9767756857829
98.9795918367347,-54.7964413747563,-58.4945968454394,4.53707075580878,6.34346305925631
0,-57.322911737456,-58.6212110371685,7.09582053413093,7.79568164501768
1.02040816326531,-57.4016578053382,-59.1174880875923,7.38935481003276,8.79723998497882
2.04081632653061,-57.6887068636517,-60.9046772673878,9.53234800710044,9.1157523292454
3.06122448979592,-56.7284466214144,-57.5063839467953,9.49653815666693,9.63647132315215
4.08163265306122,-53.965880187364,-56.1251232249494,9.97569129893475,10.8683559565715
5.10204081632653,-53.0180864572309,-54.1030804756541,12.864286276989,15.1208976678503
6.12244897959184,-47.4200723896328,-51.9456682705602,16.219924721447,17.7115813957133
7.14285714285714,-47.9794329246544,-51.2233778380481,21.1337037990255,22.7856602449213
8.16326530612245,-44.3700712248833,-48.0459424295195,23.6186282518676,24.2883323253378
9.18367346938776,-42.5244664481071,-48.1574391011873,23.912989967115,26.3386979785913
10.2040816326531,-41.5657255776185,-44.7070777287258,25.0895232125536,27.0733044013119
11.2244897959184,-40.5436097130747,-42.1121056260468,25.1898106177109,28.4639707771333
12.2448979591837,-37.7263706778981,-42.1103122605834,26.7434178899428,30.2338381715542
13.265306122449,-33.5935670967105,-38.5113848858385,28.6412035016314,31.87819301407
14.2857142857143,-33.7777988908023,-37.9763606187199,32.0370457362656,33.1340660552032
15.3061224489796,-31.2299314377594,-34.4488570255101,33.9332317655416,35.6585403048341
16.3265306122449,-28.9378402451579,-33.1795128407694,35.9081139636729,37.8430984683564
17.3469387755102,-25.4222856603908,-29.2200608696655,36.9524048417411,38.6090363051389
18.3673469387755,-23.5987244488298,-28.4256155636668,37.7226353598028,40.1243690777366
19.3877551020408,-22.0715999456301,-25.9915404280984,37.5658567760128,40.4796079804482
20.4081632653061,-20.5640610840837,-23.6501089773597,38.1399174607641,41.0191636540936
21.4285714285714,-16.4579577254984,-21.4486858400735,37.8561743611073,40.6076804320021
22.4489795918367,-14.201251646394,-18.0231486894852,38.1528285455825,41.9329874147131
23.469387755102,-12.2222432751763,-14.5246464914319,37.2672210893175,42.0337255668536
24.4897959183673,-9.13005596297853,-11.8592402735322,36.762660561356,41.6130838847647
25.5102040816327,-5.59749857273802,-9.45466129816164,35.499671631618,41.4619950704394
26.530612244898,-2.8767224391085,-7.41036378198942,34.4624128136388,40.6302388505523
27.5510204081633,-1.02338654832831,-5.6993569304496,31.8189034670451,39.4521413009626
28.5714285714286,0.903228295809485,-1.90329838719508,30.3163552652817,37.4431597364915
29.5918367346939,6.42394336535933,1.04803286559669,27.7154489765399,35.3212816348931
30.6122448979592,8.38995690040963,5.16301873870122,25.6476061089525,32.4436782379831
31.6326530612245,8.92590960158347,7.86652253485945,22.7326546129827,29.4495171677451
32.6530612244898,12.1556863344495,10.7918530275373,22.0249936815377,26.6470321639849
33.6734693877551,14.8769624608458,12.6741498964468,20.6775320904597,24.0213476262361
34.6938775510204,16.1489538776637,16.0772170348762,17.7423706858484,22.1642056045342
35.7142857142857,21.7859318325607,18.3849247498181,16.6625804814559,19.4261262093937
36.734693877551,27.1194629617507,22.3796607309069,15.2913153868571,17.6261194601069
37.7551020408163,26.4520030576918,25.1269162518678,13.18573862987,14.8304124042866
38.7755102040816,29.1225290089246,28.2329717087933,10.9566874704754,11.9691763261033
39.7959183673469,29.8922669676162,30.4021349995516,7.27015346024407,10.6756771276986
40.8163265306122,32.7634597764691,31.62468531509,4.24690460340523,7.99254457795123
41.8367346938776,35.7506192658866,35.2832749156065,1.76282083744492,5.05435661359943
42.8571428571429,35.9237825362309,36.6801716254678,1.16344045623047,2.7756051808657
43.8775510204082,38.1208495639051,37.8231528662848,1.16644286338652,1.8285564600072
44.8979591836735,40.3463788543045,38.6770889027867,-0.0481224532657633,1.25223720453902
45.9183673469388,41.0610865633602,40.4612965535065,-1.20109670584077,0.0434534050507134
46.9387755102041,42.8002235755658,42.8043955234798,-1.58286009869681,-2.2410881765743
47.9591836734694,44.5591252655,46.3406307102521,-3.57163430595039,-4.88313644980282
48.9795918367347,41.6349000417827,45.0910413785519,-4.84361497939257,-4.18423478049205
50,44.0285975068777,46.4827607063843,-6.05054096048253,-3.25125535698314
51.0204081632653,43.6008085187398,47.756283141919,-3.63363254719664,-4.31611446316403
52.0408163265306,41.0528089032956,46.7888109025646,-2.149679551214,-4.10401534033439
53.0612244897959,45.1119281253644,45.4343840929929,-2.45839386827246,-2.51956691265546
54.0816326530612,42.4192477707811,46.1386016044717,-1.98557116051401,-2.77357181294665
55.1020408163265,40.2355795228688,43.0763394566878,-2.23218222131884,-1.71717293240502
56.1224489795918,40.4916616086166,42.8482875082129,-3.24729949494947,-2.65349759318221
57.1428571428571,39.1421845313665,43.6939556360654,-3.04431905537839,-3.45739216811691
58.1632653061224,35.7350251197626,39.6918280343289,-3.23009247846132,-3.03774331489285
59.1836734693878,32.9675460115048,38.5977437392078,-2.63287423610855,-3.26624404491254
60.2040816326531,33.0913583565772,35.9101885325101,-2.8244650787852,-2.20445360854715
61.2244897959184,30.8283935288992,35.2983656698086,-1.87174666585232,-2.2139013488869
62.2448979591837,26.7693140971533,30.6098567671138,-2.11664610914397,-2.22281390369168
63.265306122449,24.7278765914193,28.4368826112887,-2.08833890885692,-2.29843684393328
64.2857142857143,22.4309621147384,26.930725819594,-1.70631146128439,-2.47623252756261
65.3061224489796,19.2079158884816,23.852867994458,-2.23460503913548,-2.13999721107516
66.3265306122449,17.5837182819059,18.5798216174255,-1.84043282977752,-2.31005931132069
67.3469387755102,15.95338447257,19.1120050318931,-2.13277812130843,-2.62016196255845
68.3673469387755,10.7885182045108,14.0503914229481,-2.91684200711819,-2.13249980311594
69.3877551020408,7.97193076552262,11.6015067253224,-2.30489374487516,-2.28956511425821
70.4081632653061,6.53737299922679,9.79392450971378,-2.39731989973645,-1.7663356659238
71.4285714285714,4.59085809114301,6.72143632550601,-1.26882162039063,-2.51963153680453
72.4489795918367,-0.0496639119245615,1.92324642311765,-2.5685079401183,-2.69457016365016
73.469387755102,-1.82304866516453,3.226821032498,-2.8557021133689,-1.99183048780429
74.4897959183673,-4.8986166221884,-2.26660774933236,-3.11968939978106,-1.99221859383188
75.5102040816327,-6.49815007536055,-1.54209819470538,-2.35418700346841,-2.61716886213159
76.530612244898,-10.6431557232666,-4.33956472333252,-2.42623028453053,-2.64377383239366
77.5510204081633,-12.6899485463234,-9.57399240409938,-1.61103801781903,-2.01695336970264
78.5714285714286,-13.8190182085269,-12.1173739691478,-1.73747865645133,-1.55157037129592
79.5918367346939,-16.9397539334372,-14.0378563144614,-1.66942945752014,-2.65391598040968
80.6122448979592,-20.7073040022381,-17.0817454727337,-1.97283492137259,-2.82280572901798
81.6326530612245,-22.6864100875809,-18.4827488034934,-1.50530475659496,-3.23644789181541
82.6530612244898,-26.2494110852074,-23.3286460184702,-1.72224363413772,-1.2623700668669
83.6734693877551,-30.0934723462609,-27.7414679853806,-1.26241245766156,-1.3603931346157
84.6938775510204,-30.4554226623446,-30.2067175098086,-0.825649429322723,-0.243357030430768
85.7142857142857,-35.6210188097169,-32.6402727316649,0.165461195254874,0.443794416320407
86.734693877551,-38.3111940221756,-35.6621593847948,0.705016165157358,2.03325505922861
87.7551020408163,-41.7312618375757,-42.1523699719727,1.0735704509026,1.74072708484327
88.7755102040816,-43.7211913937155,-42.2698851518081,1.08191226980182,1.88703778325729
89.7959183673469,-45.0786190392167,-46.4658013174463,3.04421584908448,2.23765881280916
90.8163265306122,-48.7331476394292,-47.1761583702394,2.45873137846694,3.55003696356518
91.8367346938776,-49.9863288651448,-49.7968110721394,2.37383934022695,2.42788469445216
92.8571428571429,-52.3693255602199,-52.5178052764916,2.19337373669074,3.8544116635358
93.8775510204082,-53.5876905432926,-51.6641349711795,1.58283052213164,4.65344005892789
94.8979591836735,-54.3377798061571,-54.042087303532,2.66221940421381,5.56222848942286
95.9183673469388,-54.6881494681841,-55.775152493165,4.07035708972873,5.80611252237523
96.9387755102041,-55.7234444080368,-59.0954049834102,4.44205237140382,4.78964030520192
97.9591836734694,-55.8971614544956,-58.9955890200519,5.4160771460731,6.65166302278096
98.9795918367347,-58.3684897233283,-59.3104985291743,6.29680223735484,6.77153200029805
0,-59.0124481004288,-61.2811135935659,3.60306168126278,7.68954686498893
1,-58.6460492089841,-61.1578671311893,3.31586512747988,9.23142241611331
2,-60.4480352745366,-59.4707281255158,4.20016652938896,10.9796716660181
3,-58.8323674704864,-59.7443991523328,6.62288378338549,8.94016938124881
4,-54.9182194980283,-58.6960824330856,5.86242666529882,12.0594707359712
5,-56.0065157231367,-55.9969533329827,7.74118434277886,16.4252262535593
6,-52.9110209107854,-53.0992884176766,11.0195422507371,19.5485736123662
7,-51.2313465197719,-53.2192216444727,13.6337447403061,22.4006713115186
8,-48.852661402267,-50.7129264717032,17.6954232517897,22.7766807510343
9,-46.910289387286,-49.7340410674728,20.6177198466139,24.4202230848793
10,-46.0734768358674,-47.9832856199452,22.4461131754438,27.9342757428614
11,-43.5786001893859,-46.959820169734,24.3050776629173,29.2490016025019
12,-42.803509996817,-43.9563001755869,25.6219455683031,31.1999877033722
13,-41.1393253668971,-44.4493187775054,24.6416640671611,31.6949552157912
14,-41.7182106337123,-41.1670496995296,25.6227738717033,32.2988844158284
15,-40.2787352009502,-39.4576764951801,26.8075794027942,32.6642515054239
16,-37.06790482598,-39.2572662770671,28.4498298169387,33.4693953869316
17,-33.3393816890403,-35.0561813110212,30.261112519171,33.9970853944433
18,-32.3277388635898,-33.4419996715149,32.3836052957789,34.9013096494853
19,-31.1731552484974,-29.7611602163063,32.9048637936296,36.0067905717939
20,-29.0690622336746,-29.2588207213619,34.5145321913709,36.0866721747898
21,-26.1976083658639,-28.2505959487793,36.920599100122,36.2636347273532
22,-23.1773181673778,-23.9474787672298,37.7496818595667,37.26502806778
23,-23.3482204427423,-22.618645159699,37.9322935479667,37.2523352721162
24,-21.1369173077159,-21.2577901850977,37.5654985280998,37.1260609262647
25,-18.69068018841,-17.0420368089969,36.9026240445132,37.7594550844816
26,-17.4703683494102,-14.7818571071561,36.4347933442041,38.2414070270557
27,-12.2428487646838,-10.8955773517539,34.9374359654565,37.0049648856854
28,-12.4725760167764,-11.3048612369113,33.8577176283969,37.011843806157
29,-9.27590969084074,-7.11325558250038,31.9488476416536,36.8341953522807
30,-7.07382413825341,-3.57471286287964,32.2672289573166,35.9514352176841
31,-5.80173303944012,-2.66041027998422,30.2602002178016,34.2930427022319
32,-2.45302184043089,1.40426343490423,28.7034355473107,32.4285985280194
33,-0.291769329950916,4.54044713072863,27.0495646760571,30.8635865604271
34,4.50453979776885,7.45706712589436,25.2500016787264,28.1591915230745
35,6.7830640006504,10.3912705725227,22.5042754255345,24.2614894323749
36,10.7569890822997,14.2432943607512,20.6170016739687,21.0229478451594
37,12.3329334875147,15.6644675082024,19.3860138239601,18.8607816610397
38,16.1149363829805,18.7686503050065,19.0100219202596,14.8958237351374
39,17.4597473006545,22.0012332750751,17.5372539544222,12.4292592071164
40,19.8899744889818,23.1555769444574,14.8572546275592,10.4648279245618
41,24.3008192490718,26.5759285568795,13.4240083215712,8.81834459729825
42,24.7223657814634,30.6961419535358,11.2563013470582,8.18132353589097
43,28.3929016260463,32.959526331495,8.43261588540425,6.97430218110111
44,34.2345678084065,33.8496597193544,6.04846849274386,6.19198921492925
45,32.050805302913,37.2986194182149,3.06716995983136,5.01904244009421
46,34.8004947906054,39.0576436896802,1.94962257378856,3.50886596754631
47,39.2823964445908,42.5666831913498,0.19999633947792,1.09579498563965
48,39.2037599330634,42.1197181762729,0.643658630271029,0.214671423211952
49,37.2316785325252,44.3480379613524,-1.11234129469041,-0.433054675239519
50,41.129237097617,45.886489846218,-1.12418688208716,0.0699893240580919
51,39.3782945260023,46.005853886477,1.7257318680293,-1.02092280059412
52,42.1896613715709,48.8963434138151,1.86496787136479,-0.427946092066677
53,42.7685719439337,49.4269402529395,1.35310641254195,-1.37614345058378
54,47.5672356816216,48.9787984985054,0.79487279709802,-2.16534199561809
55,48.0892428787177,50.9951291553819,-0.366005947602938,-3.23998369677728
56,47.9005538944808,49.8463373834478,-0.867957248091701,-3.36707614695229
57,47.6727350142828,50.1753057873983,-0.667894511771438,-5.21318513165104
58,46.7009952345864,50.8061799793581,-3.07024613611508,-4.83060343244748
59,46.6279708683604,51.4351837248287,-3.88588412950513,-6.75615359447894
60,46.4780380462451,51.6861573785474,-3.66370933763008,-6.72261406327979
61,46.2804246373318,48.8235274166007,-3.70094727120855,-5.41114023180821
62,43.1732192032266,47.7646365106864,-4.24458666356593,-5.42204437566287
63,44.6538222869427,48.7082217322909,-3.23129233732576,-5.90784625202372
64,36.6848036419945,45.2751447235153,-3.39188570063188,-5.15518455517134
65,36.1365481968746,42.6210421056315,-3.61176051351691,-5.6023718735663
66,34.0915703667289,41.7709121923917,-2.52488474018013,-4.24511227902106
67,31.4503207798282,38.9545555479616,-3.71710094216386,-5.81959532464669
68,27.6199784828049,33.9321640344087,-2.26217048147296,-5.76477783085737
69,26.2113378443816,31.8116905460651,-2.77212631315846,-6.61751430158716
70,22.2950040304941,29.136796026817,-3.15563059743962,-5.23119963084151
71,17.9401463518252,26.2048572957673,-3.63480886946698,-5.58314576905558
72,14.5784726276306,21.2465906826755,-2.80633486894723,-5.57817100365003
73,12.729717140735,19.2537346052629,-2.61130303497818,-5.24388172720926
74,8.81415624479434,14.8011258373653,-2.56082620282582,-4.60574753555403
75,6.90219433598376,10.6741449937011,-3.06136784164336,-4.86572174739443
76,4.5394623977011,7.54737523574155,-2.58937720505717,-4.62708365114666
77,1.46113930808632,3.91043937912948,-3.38639978506418,-3.69553721280352
78,-1.83591539548115,-0.529035706586121,-3.23983251613011,-4.40828502225508
79,-4.7294494760392,-2.65864019600514,-3.17869730984451,-4.73844052390707
80,-7.81830449362673,-5.47653817272799,-3.59799465343029,-3.99065892247428
81,-13.0547493478898,-10.1494973607039,-4.20414627307825,-3.13410815537327
82,-14.3411959355678,-13.7346091479597,-2.72068543908845,-2.84858498210481
83,-19.6087690885763,-18.4174427132384,-3.67786765239854,-1.38561295779165
84,-23.681854856478,-21.8728420300249,-3.0606482400306,-1.3032453832744
85,-26.0282555546869,-26.1338067733447,-2.54582732331789,-1.28878250613528
86,-30.6458672686991,-30.678290068045,-1.20157475201618,-1.54545140291765
87,-32.4235272815044,-32.494563631198,-1.74246577730934,-1.42149360460087
88,-34.3179365007013,-38.0411919866673,-0.35160178152942,-0.0690943387176557
89,-38.3353439228726,-42.5260854400769,-0.694904600918383,0.140373827444226
90,-41.6119265669951,-44.5785487384129,0.477270088235386,-0.211477994056162
91,-48.7505817541731,-51.9152474203578,-0.409622811271506,0.604587818279325
92,-51.969489322506,-56.4010192956039,0.798272373841283,1.23039016028489
93,-52.2527130689797,-59.0975053625318,0.168157278427912,2.58384095538469
94,-53.2707289968539,-58.5386879148848,-1.14098929039071,2.44550848162954
95,-54.0230946719093,-59.4072105102126,-1.53032157512172,3.75386577928748
96,-57.5502688404579,-58.7419435614016,-1.30900864863239,5.16562566384559
97,-57.0356866370578,-59.4168477826978,-0.498193647384175,5.68237027426937
98,-58.1626731005786,-61.6720099214937,1.39371486140594,6.15883596563844
99,-59.4486227656643,-62.1800995841803,2.69433886639278,8.23956142792927
0,-59.9327097171941,-59.2885634269589,5.47166243907043,7.08073630786607
0.99009900990099,-59.5137850881319,-60.6145193520714,6.2963194657318,7.53825043153784
1.98019801980198,-58.3415693377032,-57.1829141476354,5.98836246947358,7.65260036890606
2.97029702970297,-59.2047026486414,-57.5217042548537,7.7845559494546,8.67482725964
3.96039603960396,-55.7137415064546,-55.359128154338,7.13706372967051,11.8840317537657
4.95049504950495,-56.5939968872455,-54.875427135028,6.86730113280673,14.8804099924225
5.94059405940594,-53.6833402680227,-52.7388704599423,11.3301179753155,18.0727712406384
6.93069306930693,-51.7410736100572,-53.209830021187,15.5908535174237,18.9138380286234
7.92079207920792,-50.3815930741465,-49.5449177393063,19.8310058898277,20.0594456924003
8.91089108910891,-49.3967610786586,-48.5653607738242,23.1731247236903,20.6079848034011
9.9009900990099,-45.2742922204975,-46.345587195068,26.7690536355514,23.3701163823593
10.8910891089109,-43.6998543456495,-44.7903635568932,26.9346519503535,26.5408499119886
11.8811881188119,-44.869649767879,-42.0154442037199,27.5190747984985,28.9166199767306
12.8712871287129,-42.7830984065404,-39.4072341741832,28.1659147941304,30.6716464236539
13.8613861386139,-40.7373222993932,-40.9896148656536,28.4866354229169,31.0947747477765
14.8514851485149,-39.7244383221707,-38.8411220186599,29.7324831323349,32.2982526053848
15.8415841584158,-37.4578520470104,-35.4697834056456,31.0685994942222,30.8189472938332
16.8316831683168,-35.7252218632156,-34.7206036728829,32.2084538187264,31.2035163723621
17.8217821782178,-33.4203403698934,-32.3452678760309,32.2738946956135,31.8142622457884
18.8118811881188,-32.312944918907,-29.5934616321247,33.142432944602,31.498530586889
19.8019801980198,-28.208771561491,-26.578155194993,35.1871518603047,33.1149954167606
20.7920792079208,-27.5099464067354,-25.9929598130839,35.2364270719794,32.6158004526581
21.7821782178218,-24.4107124785506,-24.3288237365398,36.23840019641,34.7767129294843
22.7722772277228,-23.3635461050583,-21.6470416947437,36.5641675468561,33.8872484715448
23.7623762376238,-19.3932208438437,-19.5820271412866,36.7568031080409,34.6930867456269
24.7524752475248,-21.2450741023558,-17.6263702348058,35.8102833328733,34.687021986432
25.7425742574257,-16.9337518275803,-14.7158559159506,34.6596557527119,33.6764468967228
26.7326732673267,-15.0164249263067,-10.7996470110781,34.3917336731771,33.7039126038074
27.7227722772277,-14.5226290677796,-10.0274046063399,33.5356557145393,32.5620196100316
28.7128712871287,-10.3328693277078,-5.71938327972572,31.1237950608912,32.4109218730698
29.7029702970297,-8.41467841053302,-2.64799156332161,30.9734061729503,32.2965392973272
30.6930693069307,-5.33160554127305,-0.190894018386229,30.8233305320093,30.9832590076235
31.6831683168317,-2.62440416343366,3.02435447232267,29.3087127593159,30.0200031960244
32.6732673267327,-0.453569982800311,5.62246096743214,28.3179947491203,28.0872714626373
33.6633663366337,3.18861469974245,9.03799544928764,26.2748206339632,25.4280163733455
34.6534653465347,4.43640980994995,10.6079083516812,25.1001090544524,22.0256463185673
35.6435643564356,9.96630308404562,14.0503434947215,22.4882745317899,18.6352812014988
36.6336633663366,11.9379782303141,17.2861233721879,20.8480413446592,15.9969904188526
37.6237623762376,14.8889096890714,18.8477215961801,18.1447869905716,13.4325310440622
38.6138613861386,15.8726902074184,23.3038663296461,17.2193589748986,12.7160614182117
39.6039603960396,20.5661568062122,26.3990987766652,15.7554575419411,10.4039271358724
40.5940594059406,24.662217038518,28.2057038560464,12.8143665017619,9.84364678497866
41.5841584158416,27.196820517233,30.1878731737501,10.8988519170175,9.06931164156751
42.5742574257426,29.2673462471412,31.0868820574497,9.74179760175701,7.76414431592404
43.5643564356436,30.2105623016745,35.223579361978,7.88793952976223,6.58118293613601
44.5544554455446,31.4554185716881,35.9910445278658,5.12232272380273,5.75359321490968
45.5445544554455,36.5446631994671,38.2950371729797,3.63342509564806,3.1886024795621
46.5346534653465,36.3615628873937,39.9418869297653,1.79051131895215,2.1490939343919
47.5247524752475,40.5444663055573,41.5311572973806,0.174906099572801,1.30693764868825
48.5148514851485,39.5570970866208,42.5305285532908,-0.0743906252921499,-0.513680256591118
49.5049504950495,38.7630094411162,45.9678240954547,0.39829311129874,0.345962356790172
50.4950495049505,41.1929507458722,46.499618666855,1.08940592632315,0.0634111282702797
51.4851485148515,39.4233680879089,47.673867160378,0.999004005916181,-0.514005150539031
52.4752475247525,43.8619569163849,49.5987934415723,2.88059316007883,-1.52776070405221
53.4653465346535,46.1503420096619,49.3840200568641,1.2490295540791,-1.58545555052925
54.4554455445545,46.8942277544347,52.5064226843436,0.89061384211467,-2.73556685335896
55.4455445544554,48.3017754329962,49.9168896854134,-0.00150522699297446,-3.86216439562519
56.4356435643564,47.9085734542648,51.1963711396728,-0.373795081514396,-5.20073392259532
57.4257425742574,48.5135010933185,50.5726665233794,-1.24644544659145,-4.56385354481843
58.4158415841584,46.9638348344037,52.1380071828777,-3.6824325817999,-3.45842899940737
59.4059405940594,46.8855583088888,49.950595306784,-4.63489060344536,-3.94298000476114
60.3960396039604,45.5896611143106,50.3953711179785,-4.04454154350527,-4.50286755788467
61.3861386138614,44.7251825785291,50.7397178293485,-3.34970967483868,-4.90945369729865
62.3762376237624,42.8274994385832,48.7874036644409,-2.74967785245913,-5.73996842824967
63.3663366336634,39.248881582703,47.3057533282724,-2.57454143940232,-6.18706277566515
64.3564356435644,39.1754208213793,45.0929202466621,-2.44695671925706,-5.58291893606875
65.3465346534653,37.4427080119882,42.9551268518921,-3.79100130933941,-5.16318475828353
66.3366336633663,36.0265836476619,39.1842323618021,-3.47506232874833,-5.56507503259981
67.3267326732673,33.4126366756334,37.6709567949813,-3.22956927848125,-5.84686398576532
68.3168316831683,29.3753304713849,34.3608250740544,-3.12016972896778,-6.87892359217142
69.3069306930693,25.324092220359,30.5683789584483,-3.2648515254702,-6.26955913032645
70.2970297029703,22.5476649652309,26.8207015878491,-3.05380532308516,-5.28081848482782
71.2871287128713,19.2654027091108,24.82403658434,-3.55331766430514,-4.96064178299901
72.2772277227723,16.354004619292,21.4162072707445,-3.33737242043827,-4.59764614824724
73.2673267326733,11.8616915971172,16.3831930222786,-2.73295671909989,-4.40970502825927
74.2574257425743,7.76078096288366,15.3644306620244,-2.46540561412143,-3.58050607784839
75.2475247524752,7.47731552494245,9.67950554237619,-1.80230867714605,-3.51396655898511
76.2376237623762,2.45193360112762,7.51839793841382,-3.02531370939061,-2.78682700726854
77.2277227722772,-1.37465695359453,2.18185631653046,-3.20637675538133,-3.05846808983234
78.2178217821782,-4.06043664500123,-0.75773031353494,-3.42205182648949,-2.30829407445344
79.2079207920792,-7.36667920776329,-5.57160758812897,-3.07873053112072,-1.80319885259731
80.1980198019802,-10.5635261262801,-9.66151499091395,-2.41951290016275,-3.03749637420007
81.1881188118812,-13.6007405464054,-12.1805797521015,-2.28469787214632,-2.83791776254405
82.1782178217822,-17.148423623687,-18.0130301400296,-2.12051161373995,-2.3447259685611
83.1683168316832,-21.2958069654011,-20.0286329912592,-2.83235638997286,-2.01631431790034
84.1584158415842,-25.6523281144986,-25.1602745609886,-2.37322377368778,-2.03840882389245
85.1485148514851,-27.5612729842354,-28.8192492065092,-1.14683568681915,-1.4805756453178
86.1386138613861,-32.6056535094992,-31.4990697383658,-1.18018752088998,-0.381315393801738
87.1287128712871,-33.9720917407751,-33.0784699466586,-0.915696567284239,-0.608028764066709
88.1188118811881,-37.1131949476205,-39.0248971284177,-1.43757962626276,1.38299887491431
89.1089108910891,-41.4965361680261,-43.9710653252182,-0.34300214989004,1.06223198846771
90.0990099009901,-43.8318407380834,-47.8078886977277,-0.642263257372462,0.629703694270578
91.0891089108911,-46.9140356342975,-48.581549983566,-0.511276152564757,1.78517002830544
92.0792079207921,-50.8755917819555,-50.677521740513,-1.72076764668601,2.17055272234993
93.0693069306931,-51.7771313478224,-53.6974876311826,-1.28404101079828,2.4011507586301
94.0594059405941,-54.0372370947473,-56.9255180747698,-2.06771259774529,4.31804160146511
95.049504950495,-55.8146769849143,-56.7620810626167,-2.62402459673778,3.42164220374448
96.039603960396,-55.9705999411715,-58.6238294704365,-1.39628749045467,3.61630123267543
97.029702970297,-56.4293289685337,-60.6114773316397,0.445801397454627,5.38325103658613
98.019801980198,-59.5857018384107,-62.2282875112474,1.92702591397783,7.11985078784312
99.009900990099,-59.0135543278077,-62.8673574830047,3.69891362099301,7.91543138122522
0,-42.1797404832605,-51.1853113062505,8.52126047369459,7.16118016679158
0.99009900990099,-44.1471948311503,-51.640331002464,8.24749354026417,7.25302381362754
1.98019801980198,-41.4825340460032,-51.0753324775643,8.33698228355591,7.93621678723005
2.97029702970297,-43.4110603970436,-52.0164040757519,7.80475684980429,9.08769324161907
3.96039603960396,-42.4340149825709,-49.9521811794922,9.81984157702734,9.70788194144516
4.95049504950495,-39.9496918850143,-47.9156796575015,13.412744300232,11.2829589207227
5.94059405940594,-37.7693463171855,-44.2406016859328,17.5760409151922,13.5704311706672
6.93069306930693,-37.0539622823858,-42.7361407919542,21.6208275759887,16.4695485957566
7.92079207920792,-33.6646925230219,-41.5632464700505,22.8059052789948,19.15162950433
8.91089108910891,-32.453313885868,-40.4356097401193,24.9789597754882,21.4989952459247
9.9009900990099,-31.3469241484263,-39.1824314277312,26.4573165636755,23.6540710726787
10.8910891089109,-29.0563646742396,-36.400503500569,27.5123730138987,26.4228927910874
11.8811881188119,-27.066100332069,-33.8451214103942,27.4113417489312,27.3560534476717
12.8712871287129,-26.1228615573467,-33.7798472564219,29.7062215227493,28.8978597250984
13.8613861386139,-23.546558675401,-32.9972487215484,30.9376812207418,29.7758982443047
14.8514851485149,-21.0425098598272,-31.417860065872,31.6831706804756,30.8306488130199
15.8415841584158,-18.8036942869877,-28.7275914619195,33.4465061701805,33.8379062572747
16.8316831683168,-15.5936345920785,-24.8237361130641,35.3933821549335,34.585245506556
17.8217821782178,-14.1456718998954,-24.5535499742822,35.7443060606183,36.7224543539058
18.8118811881188,-13.586098081072,-19.6990175825438,36.4942577402907,38.181245717433
19.8019801980198,-12.0610572172285,-21.1903876890603,36.0982778269982,39.0552922117785
20.7920792079208,-8.58689327788797,-17.091994279121,36.2322953526834,39.2492812599167
21.7821782178218,-6.70646456691102,-14.7286304820289,35.1587055091743,39.3595871550661
22.7722772277228,-4.99573678211367,-12.4423739451942,34.790855297422,37.6303714891128
23.7623762376238,-1.29570998007015,-10.5043116234284,32.4091319130699,36.6930854669618
24.7524752475248,-1.26530650498604,-8.86595369795568,30.0202648315298,34.0299254369018
25.7425742574257,0.433761819793649,-2.17226529335764,27.2984161749407,30.6068838389066
26.7326732673267,4.45246374319479,-0.680186679061903,23.2496468668708,26.8144113604048
27.7227722772277,6.73549052932369,1.68864142074992,21.3033050995623,24.3153017687063
28.7128712871287,9.89114066334373,3.43966732395396,18.2024295832418,22.0940717672793
29.7029702970297,10.9386646777009,4.91715956980584,16.6801360702309,19.0605924157349
30.6930693069307,14.5294805308873,9.27013242818511,15.0326100019617,17.0013832637425
31.6831683168317,15.2591412626007,11.1070503920419,14.3110186117614,16.9832861666271
32.6732673267327,18.2303953676189,14.2178989553962,13.2143022698182,16.3690885836127
33.6633663366337,21.5403198849091,16.8042809134814,11.677539063791,14.1700582878206
34.6534653465347,24.1373700297125,20.3076258180466,10.0125677199604,13.757704449408
35.6435643564356,27.6171517650711,22.537331135061,8.02239322841158,12.801056147518
36.6336633663366,29.6428597236987,22.3489810720715,7.3230365697538,11.6661319110647
37.6237623762376,30.8448534195164,29.01001919921,6.64048223716871,9.91111082041831
38.6138613861386,31.3695992772645,30.6302168854454,3.91268973069195,7.39197862279087
39.6039603960396,33.8764210343327,30.9512769037311,3.05046418179344,6.12413352889098
40.5940594059406,36.2112807603856,34.3550218260054,2.21638513836859,5.3559566747454
41.5841584158416,38.0767721020535,33.8999617470758,0.677612057642344,2.50364247133425
42.5742574257426,38.8748002013646,34.4432675072141,0.590545622126555,1.88220485414991
43.5643564356436,40.5760977218447,39.1967546057327,0.252400324243768,1.502609322296
44.5544554455446,42.2432787844093,40.7134057734909,0.422801304173254,0.0919261161986472
45.5445544554455,44.3925158453168,40.6548184054806,0.621622413620573,0.755294022643889
46.5346534653465,45.7110542698368,44.0257439913595,-0.16336018495603,0.188256025711483
47.5247524752475,47.2618014797213,43.9631975937478,0.215025578100201,0.0697433317393258
48.5148514851485,47.4495360502927,47.4098149101334,-0.320901424204118,0.175704900851886
49.5049504950495,46.3919441530839,45.3144313454736,-0.634864220309105,-3.16986351326103
50.4950495049505,48.4856185971188,46.198531314135,-2.23843706415617,-3.26000102432691
51.4851485148515,49.0014512272857,46.4125383208859,-2.95276464274533,-4.18774194212612
52.4752475247525,51.1344948829651,48.9487515518816,-4.34153490510402,-3.98938552545267
53.4653465346535,48.3476309030897,49.448626129532,-4.77574905208079,-4.69579383298214
54.4554455445545,48.6990493820699,49.0166663274615,-6.06498054430889,-4.77148145063606
55.4455445544554,46.0431930689216,44.4492088076607,-4.72423543629793,-5.26120070838415
56.4356435643564,47.0808903207635,47.2504834288903,-4.7204463402223,-4.7335966983785
57.4257425742574,45.9415798411064,46.5909652838964,-3.64904424388136,-4.31903269808846
58.4158415841584,43.1247761574769,45.0589804629074,-3.93815601583781,-4.19793184529772
59.4059405940594,41.0501715819596,44.7112287736503,-4.02359830969793,-3.80368950900397
60.3960396039604,41.3791099573336,41.7000396078804,-4.10081780674675,-4.44921665123339
61.3861386138614,39.7127659548544,42.4417336587691,-3.84378617641555,-4.17266418074352
62.3762376237624,37.9783657200774,40.9480104390827,-3.62714584335468,-4.17208988925023
63.3663366336634,33.6523018065799,36.3053201590303,-2.85587873910396,-4.38776514912869
64.3564356435644,30.4759580820962,32.7492000613845,-4.39121394501873,-5.0407165264772
65.3465346534653,28.3592026623203,31.9550653895687,-3.18990793790128,-2.87596420009751
66.3366336633663,26.5784563388802,27.3917902123987,-3.08490361690895,-3.71221251079443
67.3267326732673,24.4360883783737,27.1276114790766,-2.70208049293523,-3.99883185715749
68.3168316831683,21.634484514822,24.081084694767,-2.2785443097506,-3.27836219714941
69.3069306930693,19.6576427084769,22.6108703164982,-2.05162447406068,-2.69523385961647
70.2970297029703,16.6967632449291,19.0623751204547,-1.99990605545674,-1.78700678744075
71.2871287128713,13.9757317703075,15.4586602820438,-1.90505966939193,-2.13325929233431
72.2772277227723,11.6112675201615,12.3078097285909,-1.51376099155129,-1.89116740594753
73.2673267326733,8.81501329334496,11.3475878553774,-1.94383748815901,-1.2667568325215
74.2574257425743,5.73162483315272,7.52067860440811,-1.56724867247342,-2.22028407658559
75.2475247524752,3.7270185960992,5.40948202393146,-1.5717310965991,-1.37859350859353
76.2376237623762,-0.762817994688039,1.02097458931428,-0.876554264154926,-2.19260869979307
77.2277227722772,-4.13768173914594,-3.07658707963413,0.185061665505045,-1.79903728087537
78.2178217821782,-5.81148960799663,-5.1902328686716,-1.01177357113053,-1.00129224061618
79.2079207920792,-8.14875229606607,-7.8788000946435,-0.791232218874422,-1.11427546121154
80.1980198019802,-10.1833360155252,-10.5214132599367,-0.2250312058959,-1.65719564265357
81.1881188118812,-13.8141770681928,-15.9640488605024,-0.816860495218898,-0.862275068799583
82.1782178217822,-15.923254427537,-16.0191778158746,-0.511357253047357,-1.24864599061102
83.1683168316832,-17.8767234941228,-20.0160780281243,-0.288584331532076,-1.86221232785126
84.1584158415842,-18.269739241268,-23.3253347515764,0.200759786910439,-1.30898422116895
85.1485148514851,-20.5961972283545,-27.2166038196489,-0.29677737621414,-1.20119537225781
86.1386138613861,-24.9678773522097,-30.3198020150413,-0.305838453561332,-0.275482175282503
87.1287128712871,-26.8392760765832,-34.7167408587965,-0.512294269812382,0.105996465139291
88.1188118811881,-29.0936456311992,-37.9188082608369,1.41624273214234,2.48645007228703
89.1089108910891,-31.4451919509766,-36.5524194373275,1.2361920328209,2.34356651818534
90.0990099009901,-34.3450325277017,-39.1655855209883,2.16100715828848,2.82857739460904
91.0891089108911,-37.2798282934496,-43.8531259924219,3.46509801801459,2.38940184919471
92.0792079207921,-39.0176621228959,-44.24855830657,3.25388513939403,3.61252911634162
93.0693069306931,-39.5973782658841,-45.0388639802017,3.72701775855466,4.16601675244854
94.0594059405941,-42.8303098598989,-46.7367780819569,4.84763790773065,4.60762546969521
95.049504950495,-41.3204783099077,-47.6392992317785,6.05311458412219,5.54048832714278
96.039603960396,-41.6580655092475,-47.9882788131129,6.31858768161269,6.50887276179766
97.029702970297,-43.9257065593004,-48.078878606425,6.33367598471473,5.82077780941512
98.019801980198,-43.8747415241191,-49.7709553387257,6.69080220298404,5.97440996284115
99.009900990099,-42.7957197232781,-50.3217315497846,7.826468384479,7.02585351885788
0,-58.9295845928711,-70.370801556668,8.17334394975777,6.13053906743901
1,-58.4960306970695,-71.4046695957514,7.42982318548454,6.50333969472109
2,-57.1026328963493,-71.135719600761,6.33780622104729,5.17607956448259
3,-55.1941387960648,-68.7080466604884,6.48758128286274,4.69776988287757
4,-54.4713856150834,-68.6883021560593,7.07407669374011,5.23814335494919
5,-51.1086271860768,-67.8518430696525,9.96021915353183,7.27617670028979
6,-51.3008191735929,-64.8646285941047,14.7483208712801,8.31679759372016
7,-49.6812971317234,-63.6148629595508,19.2089946116884,12.6698888495354
8,-46.8674338057118,-62.22957805693,21.5153331508652,16.1087886059998
9,-44.3304033638568,-61.6588612315494,24.6550984644186,18.2918269793729
10,-43.6675359302237,-57.9591559690557,25.2268355611178,19.8164975046328
11,-41.6626830617906,-57.6357703168718,27.2052821886871,21.3419509969337
12,-39.1313477799651,-56.2764096306952,28.8275117052224,24.35471717614
13,-38.2273162093201,-54.9840431655546,29.9146473123778,26.6907405768358
14,-34.8329661072438,-51.8356252752,31.9682334369557,28.6578514872418
15,-32.8098899751171,-49.08978568935,34.2159759597221,30.3067723028258
16,-32.3324616053368,-47.058259987629,35.8027299729955,32.748167371758
17,-31.2288313286831,-45.5722989755304,36.3931685435791,35.518628119989
18,-27.9547244561458,-42.1510033892763,38.2635853797776,36.7988061949571
19,-24.9151676375897,-39.8261377511962,39.3046664529798,38.4343362112301
20,-25.4383357156065,-37.6362006855816,40.2023078497518,39.2092469315747
21,-21.1956134288681,-36.1192219642375,38.8733039112471,40.6677031906698
22,-19.5516666771142,-31.8504910344652,39.8336798745267,41.9853551052389
23,-18.3515521012181,-32.5748027120473,38.3407936708056,41.2363938108526
24,-16.3684128392433,-27.6715477767099,37.5644167198543,40.6921110157765
25,-13.666696945876,-27.0450434739306,36.1084091551469,40.3676619680077
26,-10.7833242354209,-21.6109057378605,33.1054069014458,39.2214680552327
27,-7.82625966321598,-19.8389292191254,32.4597075296055,37.5562744979344
28,-6.15951952044312,-18.3611241888831,31.0741902635106,35.0790050629116
29,-3.3368215326935,-15.482375363553,29.49172042252,33.1027570846315
30,-0.292831442716536,-11.4544170416381,27.9270509787367,30.9454914113505
31,3.10074035801747,-7.49311716503,26.8289119189082,28.8101407130935
32,7.7455144658296,-7.15431168363986,24.1412688305233,26.5949904639444
33,8.65642189720513,-3.41854279102888,22.1803286583381,25.4276211340032
34,13.5756195379489,-1.23819602022194,20.4406850350362,23.5018833233912
35,14.7829622257639,4.4860828162252,19.0409355244265,22.1709630183148
36,17.571295009689,4.12797981573124,17.6247094306507,19.2811625689945
37,20.5615243973032,8.99554872660914,16.4549269181475,16.7645093225011
38,22.2397580240695,10.9467912444493,13.8577327169158,13.6538145279637
39,27.0845220121301,16.2916501313788,11.3086152075963,10.356920505056
40,28.9895009607008,18.0205428882471,8.49858297207188,7.87913892355011
41,31.5183147664763,19.6686803228833,5.45882027583446,5.52811433573508
42,34.6052237473436,23.9580868064069,2.6318235433605,2.94010584742232
43,36.1342723297224,24.3808363353129,0.783111095910851,1.15969607327022
44,34.5735544182251,26.6641399916848,0.592889705108867,0.170479578988658
45,36.2534642305629,25.3210189128841,-0.567021248946866,-0.87705973235471
46,38.6876308702528,28.5980746938158,-1.22989225506952,-0.576886840289235
47,39.3144885546338,27.3884191682134,-2.21028211442461,-1.29586562616106
48,39.611180373155,29.6708517099483,-1.23185726040069,-2.37767852180928
49,43.0293035413435,32.5803703746134,-0.688522153004087,-3.13217146466674
50,43.0046846505578,34.1303397166612,-2.29462793146939,-3.18248921106578
51,41.6594102637473,35.1033738368651,-2.15156370783677,-4.6425112165799
52,43.3537459583737,33.3568942220815,-2.04926618927446,-4.20498841903488
53,44.5167330527319,34.144171311487,-1.94031654952171,-4.84638740788517
54,44.5639148349751,36.0952283084617,-0.606919832969372,-3.86263444006466
55,43.3134771116191,35.2512528869734,-2.33961285887826,-3.25807714714918
56,44.3657372254134,34.5431484261599,-2.49772885847892,-1.99564081455138
57,42.2719155673304,32.1750741564105,-2.73498042539308,-1.58461040024916
58,41.5903990455663,33.3666054829394,-2.34445823467405,-2.73618755472028
59,40.873402846525,31.9937978017319,-2.75441088241158,-3.45711798218857
60,37.9072181870227,31.415236752407,-2.45735935571154,-2.73900621407992
61,35.9314106686206,31.0584415947394,-2.48511797825707,-3.91335088735057
62,36.3001272109582,30.8240825576124,-1.80615993642734,-3.05864444598294
63,33.6593639819096,26.1246559636134,-2.26590141665241,-2.88294376023742
64,30.4836219173791,26.2767920524377,-2.03069732178157,-3.1233237167612
65,28.1189511384924,24.8306877216465,-1.57187869696227,-2.52816954251337
66,26.2667128235995,23.7287073140774,-3.12046763925105,-3.34840844460206
67,23.4605661958585,20.8097862884745,-1.83377084544042,-3.54552654384484
68,21.5603942345927,20.4877341671352,-1.89673082028037,-2.08433746784227
69,19.6432448854785,16.6446554789509,-2.62624322880427,-2.52045026061696
70,14.358203106795,12.8880555836659,-1.53456476203934,-2.91372322991893
71,13.7998222916554,9.57513333963488,-1.76417483419475,-2.97472534282778
72,8.65563858965385,4.71917292934802,-1.27990966015689,-2.51898606313063
73,8.11704389042686,2.70347610851711,-2.16126994559626,-2.6091831137444
74,5.8386485944269,-2.52253690208084,-1.37007872463556,-2.37976470182154
75,2.33013516764005,-2.06005588616936,-2.39666686941563,-1.79332277896986
76,0.115584189126012,-6.07129158187704,-2.30982412043031,-1.33149906218075
77,-4.32457205607891,-9.12397795764972,-1.93691302099783,-1.84340775339575
78,-6.86261329183291,-13.6131379925211,-1.84761662764808,-2.016528056885
79,-9.7308429867329,-17.0471735488335,-2.27756182278105,-1.63459758745317
80,-13.5854901861688,-19.3352773774705,-2.32854365630997,-2.64184756783984
81,-14.2979372073674,-19.796405004735,-2.45509924750749,-2.52678622178552
82,-18.3176486748179,-24.1869982995111,-1.49966602439976,-1.32612607152374
83,-22.049974149287,-28.4214501600678,-1.58209230553684,-0.787865392269153
84,-25.3055308142606,-31.5947715398152,-0.877181523230519,-0.863726632045817
85,-28.6529370669037,-35.8930094616708,-1.03761840300334,-1.36581287581741
86,-32.8701999871881,-37.9414454689961,-1.65827703788737,-1.51383332969269
87,-33.8319458087917,-39.9574701686876,0.291758326046393,-0.404496284336491
88,-36.3106348317607,-44.6994804752602,0.168361788994484,-0.43127971333301
89,-39.6540167944585,-48.5904473958137,0.541803250329303,-0.686874760961444
90,-43.6621835090696,-52.4791818993601,0.65787526509594,-0.387920592933606
91,-48.0576949807412,-55.4146057291311,1.26204627869457,1.05088902545282
92,-49.0710703427091,-60.2126841415905,1.27894773199422,0.847367162722231
93,-50.5559057378047,-63.3459026077089,2.0185441094246,1.53363068526506
94,-52.8078866248899,-65.9090130131111,4.09631097386411,3.4110583306619
95,-55.0754331801183,-66.44503071012,5.60197439814665,4.57416962867905
96,-56.2896708757733,-65.9821100231374,6.69748337352034,6.42163020108635
97,-57.3218851171614,-66.1610552397416,6.54096401050137,5.57672558770013
98,-58.0847190064018,-68.6341275189526,7.20163371833367,6.35499749044196
99,-57.4785956498031,-69.6071317389659,7.59489522032548,5.87104887903836
0,-41.5100792135633,-55.1550676089385,6.00298948683195,5.5922087090819
1.01010101010101,-43.5807503309622,-57.6962984481459,5.38629719183241,5.2639996072549
2.02020202020202,-40.89880404804,-54.6119917110949,3.64319084999811,3.52675007131264
3.03030303030303,-41.2165353611011,-52.682897595028,5.08947356260007,2.73163238331754
4.04040404040404,-39.7528785323231,-51.7047690151638,4.07955000191145,2.7333220190882
5.05050505050505,-39.8649971266869,-50.0202182284755,3.36299864150127,3.90410201048807
6.06060606060606,-36.3992377754142,-46.9311508194371,5.48198528989641,6.2749568727447
7.07070707070707,-37.9809896711438,-48.654935662953,7.25165604232552,10.3317026529566
8.08080808080808,-33.5426606182493,-45.595500953351,10.6009989351263,14.1849309779163
9.09090909090909,-32.771706906863,-42.4756692530661,13.9574628490153,15.8843534630934
10.1010101010101,-31.8270029083487,-40.6806404641522,18.041644489664,17.8070327780883
11.1111111111111,-27.7580794888881,-39.7305617331337,21.0334348911031,21.1871206930649
12.1212121212121,-25.7355208632294,-36.2015604938981,23.9954633705289,22.3794628950568
13.1313131313131,-25.1197260801392,-36.3394021310571,27.6677885056129,24.3234419745068
14.1414141414141,-23.4709386452212,-33.5651879773642,29.281540985476,26.2604585712604
15.1515151515152,-21.9891527998167,-31.3021116858697,31.8343849552956,26.8195412892184
16.1616161616162,-18.2054062812207,-28.6305066084054,32.9048211470217,28.5760992836511
17.1717171717172,-15.7035756457603,-24.6652120571383,33.542284239095,30.0766987007401
18.1818181818182,-12.1603288665688,-23.5875273230797,34.9782945046826,31.4513728690826
19.1919191919192,-10.3206962199717,-23.1235350894103,36.7781236462427,32.5376351957152
20.2020202020202,-7.01298533537063,-19.9018717992587,38.2080925441368,34.178977986368
21.2121212121212,-7.16915018713166,-18.4198705962658,38.5841761558227,35.2318286849363
22.2222222222222,-2.35194483834627,-15.5787011655739,38.8465112665726,37.4662180650932
23.2323232323232,-1.88481841610458,-11.1658469123512,39.2259400324579,37.9888594985837
24.2424242424242,3.02362147836329,-9.42106485443297,37.6001510411527,38.1295581843578
25.2525252525253,4.27146421496798,-7.31770840559058,35.9516202593089,36.8784516834941
26.2626262626263,6.91549076886264,-3.37410743856025,32.8923874488313,36.1846268555691
27.2727272727273,9.30735077244623,1.15423790934277,29.409413083151,34.7799073238254
28.2828282828283,13.0956533713324,2.92794385595649,26.312108068603,32.3208015543385
29.2929292929293,14.0460665828629,4.43034017499863,24.2512306150175,30.5851063692634
30.3030303030303,17.8081713596251,7.14203658317739,21.4017540292208,28.6627905976002
31.3131313131313,20.7850348419573,11.0599094658064,21.2341250561725,25.6716716258245
32.3232323232323,23.5783136594325,12.2675023664157,19.1730611741861,24.6852022053719
33.3333333333333,24.9545700594761,16.6973098293992,16.3903059542488,22.2894751698631
34.3434343434343,27.4483920745888,19.8499449845874,14.5631471440845,19.0358352941906
35.3535353535354,29.3779226194934,21.8302852543587,11.0905567565213,15.5517748834233
36.3636363636364,33.4120942813998,23.3228152245856,7.0984653648084,11.4096649576265
37.3737373737374,35.0156784296088,24.6911268327174,4.91448677104339,8.88672602521583
38.3838383838384,38.4550961054322,26.8073486378791,1.85367551648088,5.74605345099597
39.3939393939394,38.7503859611477,29.7924299476683,1.12688145428824,2.53694021255373
40.4040404040404,39.8402886429854,32.9451538308166,0.174479621316697,0.567286343480434
41.4141414141414,42.616286566531,33.4078177986553,-1.18552461463458,-1.18803809454821
42.4242424242424,42.4425774397642,33.6027503922768,-0.880892217631536,-1.56316617913469
43.4343434343434,45.1563971773846,35.0497234895326,-3.17959069839275,-3.89170382808877
44.4444444444444,45.1871145723603,37.6419091990187,-3.74248746192517,-4.95421193820657
45.4545454545455,46.7282813293733,36.5504720566838,-4.50734943412035,-5.55033768230753
46.4646464646465,45.0843208639942,39.1854121132334,-3.48984962098381,-4.89175802401821
47.4747474747475,45.8149807656907,40.9184697878951,-2.29040665630262,-4.70596261307203
48.4848484848485,46.5592210051069,40.7435751754245,-1.63944744986727,-3.93352882375675
49.4949494949495,46.6340757327479,41.7953591923732,-7.94220527752965,-4.2248755715648
50.5050505050505,45.5034503102662,41.6259017262737,-3.24298358115915,-3.591110861742
51.5151515151515,45.9959488314518,42.9059644877814,-2.91952796604063,-3.19833625200425
52.5252525252525,44.9610302608195,42.4739940454116,-2.59435882466643,-3.77204094473569
53.5353535353535,44.1547718155064,41.6471267312901,-3.2322060518252,-1.80800177619919
54.5454545454545,41.9926203222335,40.7555624945268,-2.21967852390386,-2.60306249278691
55.5555555555556,40.1987357361894,42.3161205182777,-2.31364013621513,-3.33281081883676
56.5656565656566,37.7089111207882,36.7043641798374,-1.9323640096267,-1.54997282447747
57.5757575757576,38.3307214171388,38.7956199794949,-2.3552166315352,-2.28409690923117
58.5858585858586,34.0969521807582,34.2035007544883,-2.25756104888593,-2.67432008280574
59.5959595959596,32.7177296494778,34.3441580289184,-1.08088471337581,-2.70625525393167
60.6060606060606,30.0714458131112,31.1446449399155,-0.949112839354586,-2.96201195878567
61.6161616161616,29.6439047039377,30.5435251365068,-2.13892971996919,-2.56805620037113
62.6262626262626,28.2477488910157,27.8020084688344,-1.36249227626223,-2.54549018184137
63.6363636363636,23.9288109111258,26.8747508143687,-1.8173172670021,-2.90926434214913
64.6464646464647,24.9672666772332,24.4609532270697,-1.13625679846245,-2.92493070599173
65.6565656565657,22.12899856462,22.0101497524569,-1.94267030065652,-3.70861404820215
66.6666666666667,21.5497399165235,21.8855893116001,-2.28046708250531,-3.06955289755778
67.6767676767677,20.6726923627733,17.3461401913784,-1.5049571497031,-2.3532325713527
68.6868686868687,15.6889006456207,16.4020779496109,-2.15262467127196,-2.87944115070523
69.6969696969697,15.3555472383332,14.9264257395695,-1.08830019791893,-1.58132320127414
70.7070707070707,12.6741796988428,11.1070654759319,-2.08824266774368,-2.95966522510384
71.7171717171717,10.0113268546489,6.48316773242566,-1.89610225729519,-2.40327497579445
72.7272727272727,10.1778449899838,4.58140638625953,-2.07029263451608,-1.70189718933744
73.7373737373737,7.25633465627825,3.15462758219075,-2.09843045027952,-2.18627016949138
74.7474747474748,4.45549156129368,1.28694641184638,-2.37792954245832,-2.88616370307178
75.7575757575758,1.7735622018281,-4.56016649628353,-2.20666655654448,-2.79429189083082
76.7676767676768,1.46620539557418,-5.17417473278715,-2.5444757923594,-2.65273677521193
77.7777777777778,-2.83441195591304,-6.99037911115263,-1.87852061991129,-2.78876446502704
78.7878787878788,-4.18099395552684,-9.5256734147412,-1.22536831074197,-1.98597492592132
79.7979797979798,-9.15382942885696,-15.8926829223775,-1.43675436845587,-2.03555537636694
80.8080808080808,-8.65738158969405,-16.7522771301385,-0.655854200807697,-0.716669196414392
81.8181818181818,-9.60134585108583,-18.5692765018327,-1.51555554948587,-2.20612936065464
82.8282828282828,-14.9806700444363,-20.4888171046391,-1.47138995038801,-1.71797060167245
83.8383838383838,-17.0562804131244,-22.2102031826928,-2.40661860989848,-1.09752979025646
84.8484848484849,-20.8677970329275,-25.6987154671694,-0.78431989316824,-0.978577918988376
85.8585858585859,-22.6439472350066,-29.6221614049113,-0.129952188684116,-0.977278217458333
86.8686868686869,-26.6892062056945,-33.8335322232685,0.855098640927661,-0.175481895697506
87.8787878787879,-27.9591248874353,-38.256603899599,0.960310246636469,0.567409632063654
88.8888888888889,-31.1601681999162,-39.229751428879,1.58084407538776,1.36423227142772
89.8989898989899,-31.1071321577526,-43.1961762706401,0.939920333181008,0.993992418043794
90.9090909090909,-35.3753947440806,-44.9998394528329,0.479115243393072,0.81360063786859
91.9191919191919,-36.7563281574862,-46.1776866879172,1.85165280514827,1.55560554310426
92.9292929292929,-38.2063308393624,-48.0050227156847,2.56807570382209,2.25695567124838
93.939393939394,-40.3510690837089,-51.3664154339389,3.6781224909875,3.1304637153204
94.949494949495,-41.6754328898269,-51.2926959214979,4.16829106858569,4.52762163426084
95.959595959596,-42.3818278951795,-52.0182334808132,5.11319020903974,4.07555189734314
96.969696969697,-44.0157517619445,-52.3321688493583,6.68956138213492,4.56397073777951
97.979797979798,-43.2864406394009,-50.8936460966855,7.46394148167405,4.82064909669903
98.989898989899,-43.5324943616428,-55.4077297487761,5.86215390667302,3.94449687460457
0,-60.260161762775,-61.3929466415542,4.80761082094827,3.02000125855372
1.01010101010101,-59.2543366612098,-63.452724603655,4.17010606079721,2.76739089569258
2.02020202020202,-60.9476055728153,-62.904880701369,4.25684241624779,4.08946200863983
3.03030303030303,-58.2826802272584,-60.2945950330408,5.55697406958137,4.0784175356574
4.04040404040404,-56.9420058355978,-60.3912322650257,4.95668126703662,4.8088722190523
5.05050505050505,-56.0419270807827,-57.6810425410162,6.39098593861968,5.59686709587235
6.06060606060606,-53.3233239491044,-54.2452443150975,8.81735363607242,9.73804520590468
7.07070707070707,-50.6437952632564,-54.3656814310434,13.6679354037576,14.0670535265078
8.08080808080808,-48.8104942389679,-49.9557165888852,17.5170909232743,17.7781845660058
9.09090909090909,-47.0289660691341,-49.4479283897224,22.0304119600549,20.9865493566979
10.1010101010101,-48.4965684032966,-46.878235229261,26.0255636291732,21.8761231994977
11.1111111111111,-44.381031157097,-45.8801770736923,29.2218301159733,24.7025988474883
12.1212121212121,-41.3031184258212,-44.238813768548,31.5043058769299,25.6620883117067
13.1313131313131,-39.6201802070436,-40.3918329937586,34.546328307927,28.9591049712759
14.1414141414141,-39.0561939614014,-39.0449173825017,36.3213156829324,30.1559804626589
15.1515151515152,-34.9773065560378,-37.4338880230462,39.252763481999,32.3557040973806
16.1616161616162,-34.0415055197709,-34.7976195061413,41.4665548181288,34.3808313184292
17.1717171717172,-30.3865572981888,-32.2766701646451,42.781530782189,36.1314785795805
18.1818181818182,-30.8764240508367,-32.6437736577387,45.3239375975624,38.7785823485452
19.1919191919192,-27.485215317983,-29.0383701639069,46.6229391029964,40.2130785572305
20.2020202020202,-23.8891840602123,-25.9973232849668,47.0431326845678,41.6621171591124
21.2121212121212,-21.3072395006049,-21.4768612705397,48.094102676429,44.2282823164999
22.2222222222222,-19.2988663069827,-17.3123589971834,48.3729087541819,44.6294686824864
23.2323232323232,-18.0915656787702,-17.8469079152651,47.3831530722551,44.6673931894179
24.2424242424242,-16.1027225350843,-12.9502098937494,46.7898261072303,45.0568740442258
25.2525252525253,-14.0412882271887,-11.5937552708994,45.1079968117464,43.6349078028515
26.2626262626263,-10.1524481288163,-8.21808495005508,43.3113692800064,42.4555704626434
27.2727272727273,-6.62681207276665,-5.50450338682832,41.4695701210411,40.7989664864071
28.2828282828283,-3.91458716578462,0.160606815930996,39.4090401954594,37.1155114823164
29.2929292929293,-1.30192548134586,0.353725939971386,38.3699438980731,33.7805979361233
30.3030303030303,1.16033562548007,4.2279987547258,36.414733030438,31.5304292364913
31.3131313131313,5.9456402494981,5.19724498021302,32.3439523123575,27.8910541628072
32.3232323232323,7.79012959767338,9.41675060065123,29.0589132862786,22.8475367182927
33.3333333333333,9.95124245791356,11.9899764746261,25.2540819775303,21.1708723035249
34.3434343434343,16.3437879821648,15.285148016554,21.0692076275923,18.3321862227498
35.3535353535354,17.4608914494879,18.3827211172329,18.7243566209809,15.7961298558649
36.3636363636364,20.2955934781997,21.754585762049,17.0882651330041,15.3665517850145
37.3737373737374,23.1285265756697,24.5689029118266,15.2476706152419,13.5462893417482
38.3838383838384,27.9757504471556,27.4509872634262,14.6332774244791,11.9027887896359
39.3939393939394,30.3568227063388,29.3464087287809,13.2865254236916,11.1419002984338
40.4040404040404,32.8947301738142,30.4006068491899,10.4657707622923,9.51843731990082
41.4141414141414,37.1885471102533,33.8325474450025,8.76242822910665,6.61365977830813
42.4242424242424,38.7137991695929,34.8252351454561,5.8204111657178,4.81077079514492
43.4343434343434,42.0000453985809,38.1307449112141,3.07322377518295,3.42696923398337
44.4444444444444,41.8219884269117,41.2595202269774,0.449531034314262,0.0353353308935452
45.4545454545455,44.3275147312897,43.0541492960118,-0.549556069066702,-0.356688758571052
46.4646464646465,44.9898706262099,42.9275983229589,-2.63154471542453,-0.970522410403457
47.4747474747475,46.0232640728351,45.8149002298077,-2.84987676553919,-1.69651891162135
48.4848484848485,46.4102979198102,44.9784943977127,-5.15562656936277,-3.46389516344214
49.4949494949495,45.289245670136,45.7243244358348,-6.07825896587245,-5.62536077623098
50.5050505050505,50.381939039996,47.0220509049751,-5.98099889185159,-4.72962096989112
51.5151515151515,47.6029217349935,46.7313508318111,-5.66137978736867,-6.87200662864513
52.5252525252525,48.2717459883622,47.5304489786494,-5.10335873610913,-6.56299516916973
53.5353535353535,48.4304085214895,47.3177549477957,-4.07523326861346,-5.16783401830109
54.5454545454545,46.4292696147178,47.5149788129126,-5.28769538763084,-4.23062917369689
55.5555555555556,46.1456169953608,46.6651665854544,-5.51351201525665,-4.93846909340309
56.5656565656566,43.7313637767435,47.1065717512967,-5.6528247877111,-4.23087768439364
57.5757575757576,43.7303074612235,43.3448909158083,-5.07070244411173,-4.84212398724695
58.5858585858586,41.6490729369954,43.138166622766,-5.04581316400132,-5.0398650709243
59.5959595959596,39.9785371629762,43.0942295557553,-5.07966752057196,-4.70494310007678
60.6060606060606,36.998285478849,40.6053480461793,-4.89539371547305,-4.21601456227426
61.6161616161616,36.7712179000508,39.9004306491548,-4.94008169912094,-4.69890739669355
62.6262626262626,32.7251880958651,35.9106209661171,-5.66460136663955,-4.86499824399092
63.6363636363636,33.4061117484716,34.5948252817416,-5.29901035341918,-4.27508304006275
64.6464646464647,30.1766642374703,32.803206456654,-4.62473617811443,-5.2561301430839
65.6565656565657,27.2967590178974,31.6153411005287,-5.51991472575838,-5.13685667737647
66.6666666666667,22.4801360194465,27.7768067520941,-4.13616541559906,-4.07875578786328
67.6767676767677,23.2165915296078,26.013389294486,-4.40995766477242,-5.14950482190562
68.6868686868687,16.9141326401153,22.3756320194708,-3.78160774722572,-4.48917886601455
69.6969696969697,15.8026830010465,20.0288921347903,-3.95782892741273,-4.29471054176676
70.7070707070707,12.3521223518919,18.0691552200966,-3.6507632803857,-3.6098123312769
71.7171717171717,11.1376232167042,15.1637466353398,-3.52649231419603,-4.82702141106807
72.7272727272727,7.34518071052283,13.6557195617398,-3.67073591603892,-4.92719106149468
73.7373737373737,2.91089983690162,7.16504971654312,-4.77904481730471,-4.65860949842539
74.7474747474748,-1.24664520119073,4.73362272042693,-4.56408584715231,-5.16342255506788
75.7575757575758,-1.52838843063665,3.1782233213606,-4.97570785725227,-5.53362328752824
76.7676767676768,-4.37792513993246,-1.57952850069976,-3.49020187173088,-4.09640415717145
77.7777777777778,-9.93321340502935,-3.51600480923644,-4.86984302666608,-4.58021605725635
78.7878787878788,-13.6554683459302,-8.30877511308513,-4.06070799269474,-4.38258983691759
79.7979797979798,-14.882878214348,-11.8349691842123,-4.35575877771485,-4.65932495185593
80.8080808080808,-19.0439052191245,-14.5973652181919,-4.15847829350179,-4.24376608542179
81.8181818181818,-24.5692603818806,-19.4586403618993,-3.7226824998515,-4.15751996658072
82.8282828282828,-23.9683719693663,-24.6516450148665,-4.35069180730539,-3.03759458707884
83.8383838383838,-27.405980657216,-25.968334381287,-3.87267459726519,-2.82532225710063
84.8484848484849,-30.8136871055723,-30.6792762198301,-3.80513492328187,-3.08611724119023
85.8585858585859,-35.8303668930833,-33.1379679015503,-1.93875529300456,-1.87461501439072
86.8686868686869,-38.9606847440795,-38.2495267727416,-1.79237996257881,-1.52826842103871
87.8787878787879,-43.0489769058726,-42.6107658686747,-1.05781268985809,-0.156773269680815
88.8888888888889,-45.6204686804674,-45.5926189564717,-1.07751091788779,-0.337190809353909
89.8989898989899,-46.4807763570943,-46.9350240359248,0.920531644343509,0.133086851189987
90.9090909090909,-54.4780816473737,-52.582560099947,-0.136451066595925,-0.805379894962568
91.9191919191919,-53.4134768238981,-56.6088509247126,2.06235170327174,0.248538866030763
92.9292929292929,-55.8187890091648,-55.2057098395192,1.40884751302521,1.3798148243989
93.939393939394,-58.9678812937594,-58.6338281855252,2.82420954646448,0.75263070239289
94.949494949495,-59.991878093536,-58.6825215962545,4.68599850898753,2.70514547586444
95.959595959596,-58.0945786013537,-60.6900926102207,4.45284845939393,3.39727939353888
96.969696969697,-60.2338747827496,-62.4733651593215,5.05930438056213,3.08928417445276
97.979797979798,-61.8805549348691,-63.1906594438795,4.62994893420365,2.79225266344944
98.989898989899,-59.8000961883802,-62.9338414812081,5.02917258659987,3.99406707631731
