"Normalised.Time","Stroke_GateAngle_1_sim_junior_09","Bow_GateAngle_1_sim_junior_09","Stroke_GateForceX_1_sim_junior_09","Bow_GateForceX_1_sim_junior_09"
0,-50.0882372457984,-60.9608900868996,5.71426360609264,4.6734304663347
0.980392156862745,-48.9006912700037,-59.8828732558481,6.92185574963099,5.25594637283645
1.96078431372549,-50.6295002656316,-58.4128123687422,6.67757422314199,6.78832575626609
2.94117647058824,-50.8173065886936,-57.7233165143901,7.54008900982843,8.07349071379799
3.92156862745098,-48.6119568007658,-55.0171262279841,10.6783774455025,9.21608951413554
4.90196078431372,-47.8466174753908,-54.1068636398782,14.0944609632107,13.484621552839
5.88235294117647,-46.9328943188839,-52.8438000909577,19.1614120861236,18.9627818525557
6.86274509803922,-45.9055726338076,-51.3616247425637,25.2363292255862,23.291953976324
7.84313725490196,-44.989320909189,-47.8031548339436,30.0664662725045,27.121274757942
8.8235294117647,-42.3124227420689,-48.4857590324645,35.0532815728812,29.1107436293953
9.80392156862745,-39.3916430221604,-44.0755638138056,37.4153001873347,30.4260170571077
10.7843137254902,-38.069942109855,-43.1369901057993,38.4999649183034,30.9501070658588
11.7647058823529,-36.5709393017925,-41.0670759604254,39.8099500380872,32.5803270935161
12.7450980392157,-34.1962537299092,-42.1258831127711,41.0939740935237,33.2121471336389
13.7254901960784,-31.9546505003187,-39.1766388941448,40.6899802411802,33.8328744957657
14.7058823529412,-29.3139209681451,-36.634744546486,41.1889469050631,34.2639334667861
15.6862745098039,-28.2773025638867,-34.7131307408086,43.459186649979,34.991259812525
16.6666666666667,-25.5758322758041,-33.8085197391582,44.5188880548117,35.0952245936018
17.6470588235294,-22.889763140696,-31.392094883151,44.8493193438524,34.8159201822149
18.6274509803922,-19.9427301031491,-27.3114701303426,45.6345488803394,34.5141225323722
19.6078431372549,-18.0581046400161,-25.7217771671707,46.1606824761381,33.9220350370449
20.5882352941176,-14.6416136205424,-24.2479336129501,45.6461315586642,32.4780118156845
21.5686274509804,-11.7717286159305,-20.5392125766833,43.6546391115031,31.6244808782311
22.5490196078431,-10.0175091448753,-17.1019842799915,40.8981342161016,29.3458651227909
23.5294117647059,-7.10269283119618,-14.4486875094131,37.2888198195479,26.6577742257607
24.5098039215686,-4.34275015555688,-14.565983902799,33.7575210661846,25.1081042999422
25.4901960784314,-2.48912131701783,-9.6095509933716,28.9423063151403,22.7324694719411
26.4705882352941,-0.56295192103797,-4.45815070622488,25.2772788752755,21.0531875481431
27.4509803921569,3.14965639379206,-2.41754563380108,21.8623326113352,19.3065219475309
28.4313725490196,6.50458526178034,-1.3543427852242,19.2971728908394,17.4534199980027
29.4117647058824,9.48605311213571,2.33112945352566,16.4811918689191,15.8741499427627
30.3921568627451,10.1398161546323,3.67261997976464,14.1412542948551,15.0988829084847
31.3725490196078,11.9738545529887,8.38935945368145,11.7217496635329,13.0225467547395
32.3529411764706,14.3515709914465,8.00958775734342,11.2595596460133,13.1851923743407
33.3333333333333,16.0158850447968,12.2190119443045,10.2633974508599,12.1387048032754
34.3137254901961,20.9383703357597,16.0374191309221,9.49461058392724,11.0527099203296
35.2941176470588,21.5393985522526,19.0046431006391,7.72526097057532,10.5763561756261
36.2745098039216,21.1224049865917,21.4131255582838,6.91261533797208,9.98607282143815
37.2549019607843,23.4609222403238,23.5833814755955,4.70016883940614,7.71281746755969
38.2352941176471,27.2404600635413,28.3003366320664,3.71454968941334,4.87945728057221
39.2156862745098,28.832369166985,28.6220350935574,1.05668542255712,2.42623237087969
40.1960784313725,31.6090617223089,28.9319184313289,-0.054352073488516,0.339406086357923
41.1764705882353,34.1124923307059,29.3992071147444,-1.25354119818576,-0.80837094288947
42.156862745098,34.8504070327077,33.4918727084449,-4.1221047263211,-1.90190322885579
43.1372549019608,37.3028556690074,33.7542221128371,-4.10354712716552,-3.05516008707148
44.1176470588235,34.9505788485495,36.0363891552422,-3.32873337461211,-3.55154859885339
45.0980392156863,34.4033763609161,35.9058570484866,-4.27798259386197,-3.82700943063621
46.078431372549,36.1570958966374,37.2058899296306,-4.34253653143984,-4.8811064792113
47.0588235294118,35.2266525538495,35.2714540878432,-4.14275315674913,-6.07707730416459
48.0392156862745,34.2900923068408,37.3547219015146,-3.37185237276964,-5.80731146128027
49.0196078431373,36.2209326852184,37.7108573811089,-3.07871040812922,-1.82551453588594
50,35.3705445086991,39.3411779547031,-2.7999236032211,-2.44050446237066
50.9803921568627,37.2677044680319,35.7552814865556,-2.38641703289432,-3.01897094368808
51.9607843137255,37.7738488782237,39.4474220063649,-3.29740104048976,-3.31515569608048
52.9411764705882,33.6501487896588,39.1696395060393,-2.85220362062034,-2.73201298531519
53.921568627451,31.7734693665334,39.0389903488151,-3.59650013788126,-3.14524257415026
54.9019607843137,33.1774550298289,37.073322712722,-2.93336001165073,-2.62578010208751
55.8823529411765,31.0360842992737,35.6580119032672,-3.07269855541524,-3.69957398690694
56.8627450980392,33.9415958401355,36.869954960098,-2.68307048644724,-3.38996821621895
57.843137254902,31.3644162973996,34.4660876328059,-3.9896673478592,-3.1775654496376
58.8235294117647,28.6658303653316,33.4953278807646,-2.97750793564629,-3.05972784042697
59.8039215686275,25.7075007118395,31.4947206696481,-3.54602961086036,-2.38767445053233
60.7843137254902,24.1245563189179,29.4599571583539,-2.85914167641572,-4.02154776824763
61.7647058823529,24.681516911689,28.3319383292072,-2.65994397199887,-3.34482273209514
62.7450980392157,22.5195077690656,26.0790542096195,-3.57897182123299,-3.12556374000282
63.7254901960784,19.9693285928927,24.0744520803784,-2.95900048832294,-3.20866668368026
64.7058823529412,16.0628485731816,20.202589802159,-2.95202323209267,-2.62531334627447
65.6862745098039,15.4703428740598,16.2990089910452,-2.30079200769769,-3.3673501599772
66.6666666666667,13.0142267180063,14.4564267611055,-2.37623104029039,-2.36826504011292
67.6470588235294,9.24997425566732,10.9611178841918,-2.62233533250652,-2.62760192860956
68.6274509803922,8.88812730379034,10.0465784872367,-2.42883835626591,-2.30563039793556
69.6078431372549,5.50255526255119,7.61202269808829,-2.22393057587494,-2.67669787406191
70.5882352941176,6.22620771500771,5.82625911781265,-2.90234841211673,-2.17387716232838
71.5686274509804,4.3371503939403,4.80815678375432,-2.54541054565601,-2.86219501287187
72.5490196078431,0.482507142640682,0.336957209032764,-2.34616886918146,-2.85698190231544
73.5294117647059,-1.72077522799968,-1.93909832672103,-3.02684619028275,-2.79487654123354
74.5098039215686,-1.95275488790765,-4.33828137206917,-3.43161209131017,-2.70220696134478
75.4901960784314,-4.77147068740295,-7.08492027241772,-2.71148105419176,-1.97031625450935
76.4705882352941,-8.76540577651378,-8.45671689381168,-2.56820872756258,-2.2212655974788
77.4509803921569,-7.97164671742302,-9.29282989000787,-2.07160891979926,-2.38784389053263
78.4313725490196,-12.1801080235853,-14.7932465729514,-3.05140465218394,-2.4780216298805
79.4117647058823,-14.0920703677427,-17.0127925168228,-3.46712525414333,-2.51315319230738
80.3921568627451,-16.9087532886282,-16.4673194291201,-2.11998219371711,-1.90683394876781
81.3725490196078,-19.7714037204969,-19.3694072053968,-2.75268455138862,-2.47251958374231
82.3529411764706,-22.3548282080416,-21.8157084046106,-2.07413320120562,-1.82309776233356
83.3333333333333,-25.0462280365337,-24.4487253140755,-2.18596952354957,-2.39949345710557
84.3137254901961,-27.35653753084,-25.7806943539785,-1.98502855288164,-2.26740108975745
85.2941176470588,-27.7577050048818,-29.9791054241503,-1.39081555858196,-2.25197972638983
86.2745098039216,-32.2874720012435,-31.8968880578977,-1.24266051846935,-1.44047367480125
87.2549019607843,-34.0471948277172,-35.4759516534657,-0.712679398579973,-2.64113629541742
88.2352941176471,-34.0743906181539,-37.8345814508025,0.13267997943058,-0.946076713531249
89.2156862745098,-40.1153850183427,-42.3836389115487,-0.431638190505046,-0.773831901003053
90.1960784313725,-40.6872822598846,-48.5603040404452,-0.285225513555627,3.02540737875538
91.1764705882353,-43.0074947974519,-52.5649622678735,0.152985931321074,0.783737874852349
92.156862745098,-44.6352297737372,-50.8916361496574,1.09710181890115,-0.243200241362463
93.1372549019608,-48.3012814796785,-54.2479911629881,2.31796818858035,0.0864173422258582
94.1176470588235,-46.0150920103421,-56.1132466385023,2.42736882220261,1.2640787632629
95.0980392156863,-48.4077593534526,-58.1671183606691,2.50523852494844,1.71303024208531
96.078431372549,-48.6618459445623,-58.8313215751127,2.66284272536864,2.6125880896093
97.0588235294118,-50.6796143962465,-59.3263921235407,3.1872959763812,4.51691884829191
98.0392156862745,-51.2067442602226,-59.1725116074144,4.85682369278958,4.00912515876076
99.0196078431373,-51.8652177582954,-59.7278459272661,5.31925769555837,4.62839166771623
0,-70.9121043309226,-64.9980612340787,3.99244288095712,3.57146550012995
0.934579439252336,-70.0644083059753,-67.2146248244112,4.23870913257789,2.85444487865777
1.86915887850467,-67.7987206595522,-65.2432679271968,5.61479700198343,2.32771911366059
2.80373831775701,-70.5296858117154,-64.8713911414373,5.79064919769008,2.47245533953928
3.73831775700935,-69.4789619895529,-64.7790339940897,6.98372459265442,2.31670643629016
4.67289719626168,-66.5329764209472,-61.6139433991213,9.57676736083791,3.53345246812631
5.60747663551402,-64.9087707932785,-59.6369782609261,13.7496740477246,5.78996759893264
6.54205607476636,-64.027508911966,-59.0502329201731,17.6985596571075,8.98040713425388
7.47663551401869,-61.7644464488125,-55.7542856790274,22.2007100642793,10.907542659129
8.41121495327103,-60.5798980706711,-56.072533240297,24.5785986518758,12.5359712551924
9.34579439252336,-59.5300575020203,-55.8410768933491,28.4002499771693,14.797412654452
10.2803738317757,-58.9077934426728,-54.6782822741135,30.29132977678,18.0102634206317
11.214953271028,-59.4001007551198,-54.022006557324,29.9790675400735,18.7292323073622
12.1495327102804,-55.6847990902143,-50.9762574200276,31.7186415800348,20.9722822131046
13.0841121495327,-55.0263572492244,-50.9907963021507,32.247767563111,22.2731591421657
14.018691588785,-52.2963662177161,-50.2774034165878,32.3773056364321,24.4903875757067
14.9532710280374,-50.7518944537224,-48.1154357029098,35.0348783085298,25.0033656015218
15.8878504672897,-49.1187550506901,-47.0248066836492,36.4229832361565,28.3216203496855
16.8224299065421,-50.6022660214199,-44.4397946591519,38.224161777736,29.6644178533971
17.7570093457944,-46.2502728999167,-45.2013772198868,40.3249815166259,32.1465068429028
18.6915887850467,-43.2701678806352,-42.4871651781744,42.330575711862,34.5325389417497
19.6261682242991,-43.2705516207681,-40.3171041257773,42.9341342045204,36.5070124695461
20.5607476635514,-40.1338301569884,-36.1100147196131,42.7583915881679,37.1945134160569
21.4953271028037,-37.6799440921513,-35.9645071259667,43.4728504313268,36.6877443178886
22.4299065420561,-39.1911130668308,-33.9292668481545,42.3201383916757,35.9644873778619
23.3644859813084,-36.4338039683426,-33.1045151217126,41.685638750608,35.8404573437607
24.2990654205607,-34.2824161696199,-30.1161210944269,40.6030091256244,34.4010945483144
25.2336448598131,-34.6562333520481,-28.3751898293047,40.4701843687473,34.3656109073225
26.1682242990654,-30.2409234856906,-26.4193789040203,37.2912201769575,34.091325039348
27.1028037383178,-27.818425825138,-24.0721239054934,35.7884565425257,31.7381940405635
28.0373831775701,-28.5760210985535,-22.8301508806237,33.9236976574002,31.7362610776664
28.9719626168224,-24.9890595792284,-20.6930443422476,31.5955516512307,31.4651260513334
29.9065420560748,-24.179622096547,-18.4326282957452,29.3297568700676,29.8726249111368
30.8411214953271,-19.7085523566624,-14.6937678729914,27.7587173891733,26.7986373526451
31.7757009345794,-18.8791643376577,-12.6948021786227,25.9110702034847,26.1550993139824
32.7102803738318,-16.860121614038,-10.7930579319231,23.5688713671473,23.915604926519
33.6448598130841,-13.8703260440804,-8.72790779021144,21.7192940285122,22.0315294592511
34.5794392523364,-12.3412118948025,-6.49809070028863,20.8010046740878,20.0463415075723
35.5140186915888,-9.9505364350442,-2.76235884513768,17.9652156548412,17.4837394429374
36.4485981308411,-7.98335038774365,1.45922804524524,16.5431994843839,15.5938730613217
37.3831775700935,-4.37977636965047,2.74031076433589,13.4058017602976,13.3023544194332
38.3177570093458,-2.01102365235013,4.30831317974704,11.3961073354022,10.677205783532
39.2523364485981,1.44665321764083,6.96525549232936,8.84887812325282,8.1887848705191
40.1869158878505,2.51277367339782,8.28705070041122,5.82452131644771,7.43687562440757
41.1214953271028,8.2909591391168,11.6896563425144,3.4293335750601,4.29576241656978
42.0560747663551,6.7474129929239,15.2629813593169,2.07776221065951,2.32325767250146
42.9906542056075,9.23415257586492,16.3135365712467,-0.153380653113821,-0.0645786754231893
43.9252336448598,11.4135863401061,16.5783348165381,-1.63533937043276,-1.25431825867926
44.8598130841121,12.0881867578745,16.9915892562668,-0.755664567223154,-1.95896115532523
45.7943925233645,13.8001531810883,18.2543680410386,-1.34068444167795,-2.28242473780794
46.7289719626168,16.0061929855839,20.5441709038143,-1.32464222336458,-3.13093238882564
47.6635514018692,16.676759241027,22.7767936425024,-3.00118086594179,-5.36153742467295
48.5981308411215,19.3210542547934,25.3044881999786,-4.4400744428064,-4.67965912926308
49.5327102803738,19.8623767862957,26.8290679797631,-5.54591228726465,-5.11317563190649
50.4672897196262,22.6880343733782,26.1792520229022,-5.51997967882705,-5.87990378970119
51.4018691588785,23.6890863236913,29.0669752124741,-5.657804007021,-5.52575369069066
52.3364485981308,24.7337224814525,29.4710667121298,-6.49832712548141,-5.8345339305004
53.2710280373832,22.6208461248326,28.8802035946534,-5.57788936261838,-6.32867863361631
54.2056074766355,25.509067382632,27.3670791312767,-5.99777863047851,-5.41048832810089
55.1401869158879,25.3812948589205,30.318843957676,-6.22854763679084,-7.16041726413191
56.0747663551402,23.0935310631771,26.2677756920056,-5.03272003418579,-5.80960036793505
57.0093457943925,21.6024108461161,25.5778099786058,-4.95022798872071,-4.80627029747513
57.9439252336449,22.5016781088151,24.6591936172639,-5.22944770335616,-5.44111867040198
58.8785046728972,19.1981797875334,25.6679323558336,-5.90949682005381,-5.09726465471979
59.8130841121495,17.8059969491286,25.1267807645434,-4.34841235789996,-4.80521187085555
60.7476635514019,15.1263962730978,23.4907746738826,-4.38741548165556,-5.20177474699484
61.6822429906542,14.6639749248938,21.6689412853555,-3.39284349633248,-5.24233657045844
62.6168224299065,13.2830983922982,21.8162074220912,-4.52813366123163,-5.89271475500588
63.5514018691589,10.5689395342558,17.5213301249556,-4.05594750293456,-4.71780661902385
64.4859813084112,7.88187641876792,15.4789268036733,-3.81295579363534,-4.79677185886531
65.4205607476636,6.83742401243768,13.0369965613706,-3.66486222326576,-5.06497307177443
66.3551401869159,5.6082433212165,12.6917618464051,-4.22194985863978,-4.86379066283812
67.2897196261682,2.5988079565561,10.6389878776322,-3.86296649548071,-5.46622051969079
68.2242990654206,-0.80249302900595,6.96662881233483,-5.07498226023755,-5.20763776671555
69.1588785046729,-1.23160706116463,4.88260762493983,-4.36123919518232,-4.75677520669546
70.0934579439252,-4.49981607644152,2.44372535529025,-4.26834660146911,-3.93331282293588
71.0280373831776,-7.63144026684748,-0.838748881284268,-4.12009532384042,-5.22988003585196
71.9626168224299,-8.66950995645425,-4.36922661636153,-5.21690220811912,-5.15997420140704
72.8971962616822,-10.317239045644,-7.28149693343886,-3.94821301687656,-4.02322244369444
73.8317757009346,-15.6487444817243,-5.32117940123277,-4.10180933416359,-4.26017653253071
74.7663551401869,-15.6570676197869,-10.402340502855,-5.03671030688965,-4.72647683454079
75.7009345794392,-16.7919203666998,-11.6892804736722,-4.29039095654925,-5.06564486875315
76.6355140186916,-20.5462705578469,-15.3257355472579,-3.70602955354118,-3.71251770475931
77.5700934579439,-23.269165211497,-18.6278408750666,-3.66345525481619,-4.7407464485776
78.5046728971963,-26.2333375740533,-21.692661561586,-4.18404660844686,-4.36101247222413
79.4392523364486,-30.298697689389,-22.4475544938291,-4.38701129618767,-3.93996334858856
80.3738317757009,-34.2850725194813,-28.4084355795664,-4.03978139714595,-3.52374983077311
81.3084112149533,-33.6164956492056,-29.6352873553669,-3.27020028729179,-4.26386814485848
82.2429906542056,-36.5653917656459,-33.4984242979566,-3.88000638553023,-3.23794761118299
83.1775700934579,-40.9655954078562,-35.6109359521055,-3.83824019862617,-3.9165353903662
84.1121495327103,-41.5254492940255,-39.1683088063183,-2.82886504567576,-1.88838107811126
85.0467289719626,-42.4958318564822,-41.0289589309068,-3.09756360546252,-3.08683468972806
85.981308411215,-46.2460354693995,-43.6896763699483,-3.44811227924821,-2.01827461813033
86.9158878504673,-50.1139911977214,-45.6250275490178,-2.27724694002254,-1.32307515992044
87.8504672897196,-53.1475387154597,-50.8889280286748,-1.70134288026036,-0.857348365695097
88.785046728972,-55.4940536454906,-53.812225638135,-1.64809927651823,-0.241467684333357
89.7196261682243,-58.1551668512617,-56.8679195759751,-0.179314833868193,0.202008025848039
90.6542056074766,-60.4387477636357,-59.3109886144653,0.0245850553964812,-0.118937939589842
91.588785046729,-63.187510117581,-60.7699798904507,-0.451509849044232,0.817774727167091
92.5233644859813,-63.6377017036187,-62.1831770883037,0.408248727812125,1.93215781672887
93.4579439252336,-63.610788514588,-61.5806615496827,1.77020260825586,2.55677466717374
94.392523364486,-66.6314593648254,-63.8977531299641,1.59034798167079,1.56741479255369
95.3271028037383,-66.6881059176485,-65.5435011221188,2.88061813306887,1.49093230480106
96.2616822429907,-68.1699911524179,-66.8462858760129,2.86851011913279,2.16968353253416
97.196261682243,-68.5026370052717,-67.8471674308353,3.93045253861887,3.38806729765154
98.1308411214953,-67.6729459997455,-67.5540091210504,3.39564612022327,3.78877993643347
99.0654205607477,-66.3653217086951,-69.6052283579973,3.95589878041788,3.87691223649722
0,-59.6251091631402,-73.0024171620395,5.24382355001671,4.77802625946381
0.970873786407767,-61.0123027705583,-72.4590200361688,5.81157988519486,5.49748815883383
1.94174757281553,-59.4185161178861,-71.7440886064809,4.76619869225865,5.07214692984168
2.9126213592233,-57.4481722761379,-71.3892483784929,6.93906470105916,4.21764268303873
3.88349514563107,-57.7245783894958,-69.0218125516805,6.13252800951462,5.33211906888174
4.85436893203883,-56.1805422231926,-66.3320911383143,9.54648550456597,8.21591247969255
5.8252427184466,-54.3974401531219,-68.2353044591613,13.1321902138433,10.8641232604601
6.79611650485437,-53.6857933170231,-65.0492395827618,16.366453248233,13.4390301395015
7.76699029126214,-49.6425547313976,-63.0807402722491,21.2009491170056,14.3320314677277
8.7378640776699,-48.5290179204239,-59.8220437138495,25.3938692754185,15.9914029320672
9.70873786407767,-47.9778899479408,-61.6061151135604,28.8816846597216,17.4869309342682
10.6796116504854,-45.7187381213149,-60.3256606051172,30.4578647481703,19.4320907377335
11.6504854368932,-43.6317218861176,-57.1166518768436,32.3801941820029,20.9554476602321
12.621359223301,-43.12348241115,-54.811150921487,33.4696295334832,22.7049704073191
13.5922330097087,-40.3254279336031,-53.5741303793825,35.5052110673612,24.653629843287
14.5631067961165,-38.0178447914274,-51.142055702171,38.8400210060737,26.1999524367038
15.5339805825243,-33.8004712254029,-50.2420944511609,40.3254376124517,28.4704399012643
16.504854368932,-32.2944053979502,-46.9870387812481,41.7791809147156,31.2969132716758
17.4757281553398,-31.2171887928313,-47.9022984137497,42.4123356967644,33.6465256449689
18.4466019417476,-31.5094946760913,-43.2562838424576,42.8442956290847,35.3315277365672
19.4174757281553,-26.0403225681712,-41.7560797188566,43.273998660387,36.5091117010185
20.3883495145631,-26.1737654284211,-40.6554622389274,43.3092084399225,37.3631230143972
21.3592233009709,-22.6177574119434,-38.3936477433998,43.1495099079717,37.3407066118402
22.3300970873786,-21.332094057229,-33.2317948709545,42.8012589895317,36.7803946853841
23.3009708737864,-18.5011860387016,-35.958354345604,41.2744417528129,35.9216197298611
24.2718446601942,-17.6759928836512,-30.8034125372421,40.5412083974624,35.5676786799373
25.2427184466019,-15.8791058671746,-29.1677059974262,39.6801289996066,34.0524992388803
26.2135922330097,-11.9765175348794,-27.7383097510423,37.8042712214432,33.3396212132131
27.1844660194175,-9.31794828429826,-25.893514343443,35.5611908335695,31.6351796796633
28.1553398058252,-6.2577379102774,-22.3659629718984,33.5005144490988,28.8349153163521
29.126213592233,-7.18647561134586,-17.7717110343839,31.891483224456,27.1656567429283
30.0970873786408,-2.66537444515744,-15.1563031123471,27.8759582390364,25.4441315876387
31.0679611650485,-1.31794498062004,-12.7664325272502,25.6700283542342,24.2561281328645
32.0388349514563,3.10433238343119,-10.1670964918912,23.3857546680024,23.8130193261277
33.0097087378641,5.45896088823284,-8.06022522007905,21.2402790093695,22.8129857124138
33.9805825242718,8.51333121968277,-4.27771139853277,19.9772409863501,21.081898759315
34.9514563106796,10.8919437990807,-0.433819667971178,16.8937237991006,20.9437921507434
35.9223300970874,15.2748125074388,0.604328422559713,16.2366516163009,19.3974915125905
36.8932038834951,16.7351293006145,4.0437651043105,14.922260233945,18.0239297140081
37.8640776699029,17.3694506542856,7.03754976346639,12.2860974287362,15.4574463206935
38.8349514563107,21.4554164530681,7.70505136995011,9.36203191826428,13.357223011009
39.8058252427184,25.5942712130923,11.738906346877,6.87626855440208,11.8221379290296
40.7766990291262,25.9366403238079,12.7806250951296,3.53421626037307,9.06397726509678
41.747572815534,28.4595470581823,15.2596352980178,0.637259222916655,5.45604754375221
42.7184466019417,30.3245703618379,19.4653955035107,0.368188358169541,2.7681840689157
43.6893203883495,31.5225173118672,21.0108424635115,-1.20876414801367,0.487475365667075
44.6601941747573,32.6202985963808,21.2589210617636,0.259519216058439,-0.321558530361832
45.6310679611651,33.5469759093922,21.5338672206966,-0.403753382584801,-2.71333948584623
46.6019417475728,34.5692264685282,24.1558884475275,-2.24718632579639,-1.42963053895591
47.5728155339806,36.4704081498511,24.4027891626344,-2.84814916887014,-1.51323879487035
48.5436893203884,38.3201473738909,23.9007745938436,-3.45871437887443,-4.61715394909984
49.5145631067961,38.0858915390817,28.8986051716151,-3.77148421895501,-5.45441352538191
50.4854368932039,38.6806023750078,28.6036259996682,-2.41806558044175,-5.07707462824596
51.4563106796117,39.4602819188488,30.001179369128,-1.68741210732696,-3.61911083748781
52.4271844660194,40.2170594743771,28.1876815003136,-1.52203963538074,-3.4409511674719
53.3980582524272,39.865795352733,28.3930993524933,-3.26898845338094,-2.70057780587827
54.368932038835,40.2052475082605,29.7458608185161,-2.7093198689736,-4.53291780581466
55.3398058252427,38.8613755911408,32.7832858518677,-3.32751515397789,-3.82119098270303
56.3106796116505,38.2441730500238,32.210551532949,-4.05354817140125,-4.95946456996803
57.2815533980583,37.9652975102911,29.9856802795259,-3.48674863114713,-3.70616920096577
58.252427184466,37.4226674543405,29.4890018118432,-3.5261238320503,-4.45266931225829
59.2233009708738,36.6712581948752,29.6918639651787,-3.2087947181873,-3.58838892899113
60.1941747572816,34.6609829628949,27.4759672629692,-3.13385679393316,-4.89199272727277
61.1650485436893,32.8279208248699,27.0830898801199,-3.11342544741682,-4.53088515316903
62.1359223300971,31.4987203662834,24.8886420448183,-3.90577091434188,-3.3871482266867
63.1067961165049,29.1965012753975,23.4826031184029,-2.85268427489458,-3.43563418844631
64.0776699029126,26.1165406636974,20.5831178556496,-3.95087656286264,-3.50721895467277
65.0485436893204,26.9365604085159,20.4255612802007,-2.42908401247573,-4.03467152664867
66.0194174757282,22.7772928160295,16.9949146556713,-2.77282037911778,-2.53694698772782
66.9902912621359,21.978687909029,15.176381081118,-2.38192025836549,-3.48474359979366
67.9611650485437,19.1556924249282,14.0204978821457,-2.65498635005367,-3.88335568413651
68.9320388349515,15.7699919117532,11.0415596471381,-2.22916666345893,-3.77745905192041
69.9029126213592,12.3111033100186,6.22276758469502,-1.90444682787684,-4.26371705910373
70.873786407767,10.278592856607,4.95462955340735,-2.70306820380725,-3.37819901672958
71.8446601941748,8.42981483695993,3.37922432446174,-2.59250335547024,-3.39679879147972
72.8155339805825,3.98069583302843,-0.06088432348029,-2.79674562719386,-3.37189840740024
73.7864077669903,1.71986014470987,-1.59984825680703,-2.04125275658772,-3.09751365462641
74.7572815533981,1.03449636371716,-6.87177104270632,-2.43510582778174,-3.04444127664322
75.7281553398058,-1.32506134961687,-6.45907242820625,-2.42460690677863,-2.41770202846797
76.6990291262136,-4.19202268834838,-11.2818400161179,-1.91540352448335,-3.19239090286345
77.6699029126214,-8.09995752265724,-14.6728678068941,-2.5875483461716,-1.91123400549725
78.6407766990291,-11.6033676283472,-17.5729150123386,-2.45412833413006,-1.67146727353841
79.6116504854369,-13.6822364378426,-18.6331233716595,-1.92748547603417,-2.35755985735776
80.5825242718447,-18.9791298091397,-20.5485548903049,-2.96431020411393,-2.03000338225048
81.5533980582524,-19.3112907644033,-22.7547032862188,-1.95605703856289,-3.28206446647769
82.5242718446602,-21.4625296005556,-26.8789126337045,-2.6301030718778,-2.50794009639271
83.495145631068,-26.0868442826754,-28.5177452941868,-1.75924562531949,-2.3183980569336
84.4660194174757,-26.6341532478779,-33.2151841801102,-1.90237867106848,-2.23658094997133
85.4368932038835,-33.2490481659668,-36.4322208980401,-1.82072006635682,-2.67273828732386
86.4077669902913,-33.9514477659697,-40.0316862056931,-1.30026080638731,-1.00246194490048
87.378640776699,-38.9691419822161,-42.8021534657442,-1.34565272119653,-1.04543344855065
88.3495145631068,-38.4767570347684,-46.5393012984221,-1.06941594671626,-1.29205809448045
89.3203883495146,-42.677095941635,-48.7403527584345,0.199252762159035,-1.82853751760357
90.2912621359223,-45.8535527830748,-54.0161345867796,0.0668437322984338,-1.31544892815568
91.2621359223301,-49.7277241250444,-54.6786323289358,-0.288777172537079,0.429702989779903
92.2330097087379,-51.2664363981417,-59.3430966694684,0.293519976640627,0.0713249807792825
93.2038834951456,-53.0240131855812,-60.1520745386739,0.557436333920338,1.30963142785106
94.1747572815534,-54.4644950853531,-62.5594399530033,1.95043147808153,1.88683361347999
95.1456310679612,-56.795473208604,-65.5698063784767,2.16161689286751,3.18624636225647
96.1165048543689,-57.4281039172483,-68.2930221572019,2.6760879870891,3.89865248258379
97.0873786407767,-61.0602221965867,-69.5216059731546,5.35917858883203,4.81531330082057
98.0582524271845,-60.3064769497789,-69.4358910261166,6.71869403216151,6.85263543949311
99.0291262135922,-60.9595366266263,-71.4227233378598,7.13246113219605,4.77438995089757
0,-60.3441279695416,-63.6211521912491,3.13366937238586,4.33556155095965
0.961538461538462,-61.5128647391696,-61.7598276496398,1.40934217975376,5.58794207051203
1.92307692307692,-59.1016392633571,-63.0980615669892,1.63181870653978,5.17715507610932
2.88461538461538,-58.7021850783629,-61.4703195844703,2.28767102718839,6.73447613987229
3.84615384615385,-58.6231571150215,-61.0896630832727,4.06638885778158,8.25686383819157
4.80769230769231,-57.1261091555435,-59.1430920303018,7.11665861179196,8.58601346964583
5.76923076923077,-53.0767305596166,-57.1060785804967,9.43443136108291,11.1661573111426
6.73076923076923,-51.2251724567474,-54.2959228285833,15.1201112487535,15.6345746293103
7.69230769230769,-50.2393537206272,-50.6261056856696,17.4251507135606,21.011203040846
8.65384615384615,-48.2675293024324,-52.2480117439626,18.8833922625275,27.3163216484279
9.61538461538461,-46.0672371504403,-49.3886567229104,20.7667091886423,29.7687839447993
10.5769230769231,-44.4415982214505,-49.6522676058171,23.2773930562564,31.72443623098
11.5384615384615,-43.6129341197294,-45.3824214491256,25.8230665571133,31.9959364286601
12.5,-41.7924059414092,-44.163664713348,26.2911025629858,30.7632386642632
13.4615384615385,-40.0127716325594,-42.6365527083039,29.9108504320872,30.9361093835563
14.4230769230769,-37.3869354457862,-39.1546742326712,30.5528110600655,31.2590359475228
15.3846153846154,-35.0614919882067,-39.2320376092243,34.7186541374765,31.4426176619381
16.3461538461538,-33.0272032612492,-35.5858588390191,36.4103727699624,34.42916788361
17.3076923076923,-30.9767859794889,-33.7094519172556,39.550992036416,34.2281604248866
18.2692307692308,-28.0261880196673,-33.4468588276305,42.0234289057271,35.4090841269101
19.2307692307692,-27.1627386509953,-31.0155440497773,44.1501629414332,35.4645896557409
20.1923076923077,-21.516730751183,-26.5258634620793,46.2016375828112,36.5035912833299
21.1538461538462,-21.5019864725157,-26.4910825967989,47.1509124041274,34.99059870449
22.1153846153846,-17.7891101685954,-23.4281990710099,47.3368047963695,34.3704099799854
23.0769230769231,-14.3593657193406,-21.0498737627821,47.4845817816772,32.5694503808373
24.0384615384615,-11.3420820011424,-17.4255323821852,47.9111680433649,30.251305026918
25,-8.68399313626742,-15.458190436031,44.7000349145297,29.0019177355345
25.9615384615385,-5.70737912805014,-10.6236895968137,43.1186716520354,27.4775351285935
26.9230769230769,-4.32727593915357,-8.75675468856345,39.5816808763255,26.4470311603738
27.8846153846154,-1.53970386587129,-6.85398611966379,36.7497929252093,24.3124191723233
28.8461538461538,0.97372168892865,-1.84932016955624,32.1081907816397,22.7097392758779
29.8076923076923,4.25541602014639,0.242641416165081,28.26418779375,20.2713516445365
30.7692307692308,7.51535556193813,2.4794459028684,24.2746941923333,19.1452190554266
31.7307692307692,10.7994658328577,5.4855378388796,20.6152952441641,17.1863832965183
32.6923076923077,12.3101497313748,5.45391427252627,18.8173736556857,14.7620649984112
33.6538461538462,15.1576383154778,12.0556277295129,16.0731470441676,12.4774242358697
34.6153846153846,17.0294198180146,14.5769743952382,13.3394879703838,10.3446702407906
35.5769230769231,20.6752661135317,15.7615332490907,10.2432850763684,7.83244445926143
36.5384615384615,24.2625361112982,19.6020931010064,6.91594907105852,4.05021130493612
37.5,26.7188305040448,22.9334269406891,3.26979001044933,1.16378822831266
38.4615384615385,28.5343755421892,24.0151232773323,0.809262682407479,0.578414704010757
39.4230769230769,28.7606254677424,28.3682708404008,-0.650952961468746,-0.944363958693804
40.3846153846154,29.3695418223892,26.9604958669473,-0.631409135651011,0.451138393963543
41.3461538461538,35.0714144723165,31.3493682291321,-1.80566804295265,-0.493305963168381
42.3076923076923,35.0842218539115,33.1530780695558,-4.31808808610498,-0.380996798049095
43.2692307692308,37.1611585307311,34.8604758915605,-4.16538297249712,-3.38135379732982
44.2307692307692,39.8804938659938,37.9530686739079,-3.23650570872222,-5.07887091904508
45.1923076923077,40.5647831895962,37.319049184199,-2.79208796413395,-4.2156547199181
46.1538461538462,40.085135001524,39.0181444896183,-1.65945844487989,-6.30582549511912
47.1153846153846,41.1354653673672,38.6496831363441,-3.61089106671531,-4.91962385154427
48.0769230769231,40.4508816344907,39.9497664651529,-3.90141188295144,-4.07835293058564
49.0384615384615,38.7429421228809,41.4575988153755,-4.15365126234403,-4.0167684141952
50,36.9251591698486,40.6024310473729,-3.32072212556013,-3.24613878683834
50.9615384615385,35.9578852984522,38.7913800393156,-2.05597918468493,-3.26892068277773
51.9230769230769,34.4941885589552,39.1137131768704,-2.02524717372638,-3.16768328092169
52.8846153846154,34.3977206439097,38.2998978625635,-2.37023151369141,-2.96886439421792
53.8461538461538,29.538577941695,36.9823799286217,-2.74389563667433,-2.79403911007368
54.8076923076923,27.9670897758879,36.0979525264918,-1.71614879512843,-2.36216536216583
55.7692307692308,28.0993678016147,35.9568486377038,-2.53417450774859,-2.71137462944075
56.7307692307692,25.7142458944266,33.9932855741622,-2.62057913904569,-3.30145942420122
57.6923076923077,22.2591791444376,32.8420394126852,-3.37321914111209,-2.88175087213148
58.6538461538462,21.4807275906684,31.6276311884852,-3.19963213981733,-3.40589565354332
59.6153846153846,20.5655381994675,28.5597909930093,-2.39479758098693,-2.3772562735967
60.5769230769231,19.6473953988758,28.9105328696921,-2.62984936360634,-2.16026158173727
61.5384615384615,20.072675400919,27.1968436601673,-2.86048174798561,-2.82225271670116
62.5,18.4920062638242,26.4556178280532,-3.18004026857859,-2.60909597310188
63.4615384615385,16.3736224476545,22.348035427182,-2.64233199005154,-2.37731816187619
64.4230769230769,14.4723591801155,21.8740463446131,-2.67518147624439,-2.80072957131645
65.3846153846154,13.0864881609123,19.9675911115423,-2.70345755356928,-3.6054560239691
66.3461538461539,10.0098060743827,18.2586746310232,-3.11048833880032,-2.32657741837006
67.3076923076923,10.4794374856588,14.9528359712744,-2.69572619749262,-2.60361775364193
68.2692307692308,9.88807899921336,12.8538493630784,-3.13430355063526,-2.92488358111106
69.2307692307692,5.05183257801816,9.83711792683477,-2.48752934358991,-3.0580760556092
70.1923076923077,3.58051681470356,7.85875773597796,-2.47145947096992,-3.01965910350217
71.1538461538462,-0.370756353225561,6.55757940291805,-3.79036364170572,-2.4517804482429
72.1153846153846,-1.8994626474376,3.87322778834273,-3.7223661309271,-2.69985564882241
73.0769230769231,-3.5127362931995,3.49559907569858,-2.89823938842448,-2.88784815359714
74.0384615384615,-6.16798670056437,-0.771096886579887,-2.99978477091368,-2.56994343138518
75,-8.37799892988,-2.17032132723867,-2.51693654718622,-2.30047815689884
75.9615384615385,-7.71469888717337,-6.8962717430617,-2.8831748030727,-2.04188654537599
76.9230769230769,-14.4420343692988,-10.2588383663976,-3.3650879253647,-2.7354981368719
77.8846153846154,-17.3378640523097,-10.8586222972472,-3.08025728079504,-2.12661938820005
78.8461538461539,-18.4120231349223,-14.1817507827955,-2.62786318145898,-2.15879953097592
79.8076923076923,-19.8552424490025,-16.6934997879093,-2.85958604498712,-3.13843092421911
80.7692307692308,-23.341645914112,-18.232431817044,-3.33534874866443,-3.09577666858659
81.7307692307692,-25.0260695631102,-21.6444326287777,-2.55101317860275,-2.21184793383085
82.6923076923077,-30.5350987297352,-21.4028752795483,-2.88345217713978,-2.80682406831802
83.6538461538462,-32.0680117711883,-25.661309788758,-1.94546451959985,-2.03852222794897
84.6153846153846,-32.9556277856265,-28.2065579199439,-1.80227874764016,-1.86716259004312
85.5769230769231,-36.3646460404636,-34.2800524230966,-1.80041573233299,-1.04404910079509
86.5384615384615,-39.8038220546716,-40.8933995918859,-0.396732577387814,-1.11673433612638
87.5,-43.628580891007,-41.2492377430944,0.646352605911493,-0.783386663180349
88.4615384615385,-45.7688013803041,-45.5281429601616,0.677112994550347,0.560002203919277
89.4230769230769,-49.3009996484679,-46.9266139071779,0.483745485736613,0.354402112817125
90.3846153846154,-50.4718550574525,-50.3726182638989,-0.960419610580875,0.712403635323326
91.3461538461539,-52.111899313642,-52.3518334320785,-0.410591138064513,1.32385258711211
92.3076923076923,-52.051167900185,-54.3300163797923,1.76970498102458,2.07602394844533
93.2692307692308,-53.5012781275542,-56.4258323096851,1.7111175441219,2.12871672746789
94.2307692307692,-54.2550744597281,-58.6218678284144,2.11625846543571,2.0602816089509
95.1923076923077,-57.2862919599367,-59.3866293838839,1.68140222681816,2.6718743494731
96.1538461538462,-57.346837678065,-60.5696437138434,1.39904731866106,3.89262437871588
97.1153846153846,-58.775304849864,-62.9907466158999,1.95957705556206,3.75592022741032
98.0769230769231,-57.4872758641247,-62.1796787056303,2.98374768930508,4.35102743874606
99.0384615384615,-57.1241940837419,-62.3762467281418,2.08348690338516,5.47194356151736
0,-65.3172405107106,-64.608400900426,2.72039813928357,1.43154409762533
0.970873786407767,-62.6340464517415,-64.9233725366349,4.27352731942743,2.7074907767975
1.94174757281553,-63.4685297178292,-66.4756340370336,2.35011885092858,1.88185495062926
2.9126213592233,-62.1195357324943,-64.5720988002635,4.23158968953858,2.14673457769972
3.88349514563107,-63.0773139616871,-64.767874069463,3.49813447182434,1.91300929268148
4.85436893203883,-60.067891349568,-63.529980607229,2.07648725564583,1.66683332623746
5.8252427184466,-59.4741875087903,-60.4091361020482,5.22556524583345,4.1375282376482
6.79611650485437,-57.2001221643123,-56.2125719173871,7.66290082583733,5.7979450512089
7.76699029126214,-55.0842178250329,-56.7881664335132,12.0624767767974,10.1703518239021
8.7378640776699,-53.3217860402752,-55.2787093328448,17.3657521208556,13.3751075517363
9.70873786407767,-51.8205816548779,-52.7805063180965,20.7457962107144,15.9382440078286
10.6796116504854,-50.3829487293731,-51.7180977115595,25.0842100334655,17.9143634696762
11.6504854368932,-47.4234249996855,-47.8266735249194,26.848059627749,19.9722955158098
12.621359223301,-46.1982986281814,-49.6507696481256,29.8048079312527,22.3967627301798
13.5922330097087,-45.100391013798,-45.5988342516423,33.7181431490023,24.9772270421237
14.5631067961165,-43.8035331234055,-41.285911409938,35.691155078208,28.7205736916157
15.5339805825243,-40.7420367723413,-39.1854841760007,37.1888031965122,30.596183299413
16.504854368932,-38.8154091241282,-39.5657187287203,39.1482486158022,33.4048662292813
17.4757281553398,-37.2202627512698,-37.3823171700169,41.8082460445,35.4263704895185
18.4466019417476,-35.6599929662658,-33.3854509954183,43.4269608671034,37.9280463685715
19.4174757281553,-32.4170523134553,-30.8335145920919,44.2043266538135,40.7338405290948
20.3883495145631,-31.1704062371532,-29.2316306449377,44.7755446635939,42.4594570627548
21.3592233009709,-27.5235106486688,-28.7071973021784,44.8449151247703,43.3406860542024
22.3300970873786,-26.4645775420609,-23.3530698099748,45.3884720924828,43.8809138231046
23.3009708737864,-23.9484916462281,-23.0391034494639,44.5503018538933,44.6713896318717
24.2718446601942,-21.6963641473844,-18.5660875258143,44.5809687215814,44.3222759168217
25.2427184466019,-18.6046900258062,-14.7180489960594,44.798050893917,43.7930491970397
26.2135922330097,-16.7779977682327,-13.5809937977594,45.3457167176103,42.7246060829409
27.1844660194175,-14.3987523494925,-9.8561377333581,44.0773319398789,41.1894734037762
28.1553398058252,-12.6140593498497,-7.32481187160292,43.9099368679597,37.8180719952143
29.126213592233,-8.7327533183785,-5.50967990152091,42.2183341886764,35.1504674237075
30.0970873786408,-6.31346169846808,-1.10380477549446,39.257714657398,31.6640183938481
31.0679611650485,-3.0569935522419,0.256421927576786,36.2863186184162,27.1268759043156
32.0388349514563,-0.840421768590963,2.20921811074276,32.6631784145908,24.2189168313736
33.0097087378641,1.26710140899533,7.22290073476403,28.5275308000915,22.3157505651445
33.9805825242718,6.9310025906926,8.68284014863895,24.8967102169829,18.9844058329033
34.9514563106796,10.9324156387119,11.6447214383697,21.3002294580935,17.4718176572802
35.9223300970874,11.1738314984623,13.1205719781225,17.0271739082384,14.7080465517174
36.8932038834951,15.6074354392125,18.1474420038418,15.2570004904436,13.4918869665049
37.8640776699029,19.3728544323208,18.3978770132183,12.817407846442,10.6672218374598
38.8349514563107,24.4302191084484,23.5964859966673,10.899104364092,9.34403962597778
39.8058252427184,26.1462460882154,25.2981324596557,10.0240300731388,7.55633948746056
40.7766990291262,27.9197534331177,26.6157275452509,8.90392019338697,7.09379633900914
41.747572815534,30.215287828814,28.6836720825881,6.98980955765794,5.90639834865728
42.7184466019417,35.3832853931908,30.2783579067572,4.18999049569851,2.2957942288298
43.6893203883495,36.4249105950178,32.6644274482138,1.09142341651542,1.65042161962103
44.6601941747573,36.4404004923758,34.994460157627,-0.540569766902753,-0.537387690692512
45.6310679611651,39.1058480454588,38.414769165736,-1.42148651650136,-0.620746375302345
46.6019417475728,41.1236953518612,38.5077617330129,-2.17007415057537,-3.12172743729621
47.5728155339806,40.8713805040502,39.5837864947043,-4.55327800893473,-2.2037783487269
48.5436893203884,42.4059148143802,39.5548037817723,-6.17813475729637,-4.44139320605744
49.5145631067961,41.7774605999726,40.6075953634329,-6.72145710594734,-5.74667954977715
50.4854368932039,43.5865894351319,42.7917565347641,-8.41770844293099,-7.26038988729305
51.4563106796117,43.5618160463546,38.9162127795692,-6.60798574313691,-6.81611890579715
52.4271844660194,43.3860615133127,40.6203688172041,-6.40445184265111,-6.65415121628865
53.3980582524272,41.2298219546021,42.3173348019172,-5.01373979060586,-5.80377278391169
54.368932038835,41.9781512161782,42.1437253227541,-4.2436009084436,-5.73111663958604
55.3398058252427,43.1518283601486,43.5766274142567,-4.60952400053852,-5.55600267423573
56.3106796116505,41.4552331505004,39.8913833629912,-6.06812778428851,-5.94306077693706
57.2815533980583,38.8020809520541,38.8536780030108,-4.79135806241498,-4.92901006978516
58.252427184466,38.7624601906157,38.8783139375682,-6.10079586956973,-5.19200915468629
59.2233009708738,37.3320128409279,34.884033923577,-5.06997833127387,-5.94965211875029
60.1941747572816,34.3159130394764,37.0385286596959,-4.84827959577215,-5.65694803485661
61.1650485436893,33.6586868245342,34.2811179744778,-4.43426383202965,-5.4445470553666
62.1359223300971,31.6935466443203,33.2248574242489,-4.68448957903829,-6.83065513346101
63.1067961165049,30.1956384158855,32.2059254819666,-4.88865211043881,-5.43066322950288
64.0776699029126,28.4236337778664,30.5224898194411,-5.48204527608362,-5.32410420184443
65.0485436893204,23.7405006695978,28.0972648754366,-5.73756663805986,-5.87596022208435
66.0194174757282,24.436453142729,26.6654186906825,-5.84407506143834,-6.18418383061662
66.9902912621359,22.2885070689554,23.1273177517652,-5.30190255019001,-5.34874626195054
67.9611650485437,19.2118052280406,21.7993275602206,-5.53230058468334,-5.50801935479046
68.9320388349515,14.7538306421048,19.3434510191581,-5.31708506614717,-5.62777677409797
69.9029126213592,14.5444729799244,15.0323949321118,-6.02098897465599,-6.39364940514295
70.873786407767,12.1385338326352,12.1075708796471,-5.27498068157773,-6.25761475796847
71.8446601941748,8.71914221915059,9.22796481090182,-4.6360727523845,-5.95023283844828
72.8155339805825,2.64343627346347,7.77771247415528,-5.07273993715329,-5.91945176110387
73.7864077669903,0.833611827293399,4.43130445955244,-5.25880736257969,-5.7507083239195
74.7572815533981,-0.359382924683781,0.836333361487083,-5.77141636189283,-5.55999118716079
75.7281553398058,-5.55824423586082,-2.1121759116776,-5.48081843582005,-4.81720371678974
76.6990291262136,-8.10960491886102,-7.36369478572836,-5.71768406381014,-5.9776849376179
77.6699029126214,-10.6402855687211,-7.62328998472985,-5.00174554576952,-4.40921661428621
78.6407766990291,-12.8378347610299,-13.1587362696611,-4.37561605944137,-3.92902104843623
79.6116504854369,-15.8396715068869,-16.1615323249752,-4.9443222926095,-3.91590520903429
80.5825242718447,-19.2844315197165,-18.788436107622,-4.87736598961822,-3.97530223852205
81.5533980582524,-23.1455237133896,-21.4785320916876,-3.97825768146975,-3.66384694509796
82.5242718446602,-25.7411817207203,-26.4467162633128,-4.3263718249414,-4.42359812943363
83.495145631068,-29.7211490257775,-28.989220838609,-4.38193881508469,-4.14551693450489
84.4660194174757,-32.904650129492,-32.4070519861211,-3.85555246295065,-3.20194503893366
85.4368932038835,-38.382346259909,-35.9773340077219,-3.39238652813515,-3.27330516942897
86.4077669902913,-39.1251413377002,-38.9836152026179,-2.51607022319497,-3.13732896402048
87.378640776699,-41.850639126878,-42.8386296725033,-1.74636210094144,-1.14120056567955
88.3495145631068,-45.4775702794165,-45.4752306466181,-1.27324932773159,-1.67645872710855
89.3203883495146,-47.0512281533741,-50.8710733447598,-1.18800112027521,-0.674164105776529
90.2912621359223,-50.5644628707622,-52.386736777822,-1.38271533366972,-1.23552850462316
91.2621359223301,-52.5308863344244,-55.0521328815789,-0.863563275287623,-0.963239152148327
92.2330097087379,-55.9700124009688,-58.439894946814,-0.556198179263678,-0.769556417309636
93.2038834951456,-58.0216600444791,-59.6103743237011,0.211078186954121,-0.992727025946603
94.1747572815534,-60.0210776159616,-60.8345669734025,2.01258727825312,1.49958680835336
95.1456310679612,-59.7607404102924,-62.3162685959323,3.37090480654854,1.51654349575564
96.1165048543689,-60.8666391460313,-61.8091101413868,4.37462842995405,1.68109660595688
97.0873786407767,-60.1791910746128,-65.5670432203304,4.01772274186436,2.02795923850986
98.0582524271845,-62.6677156479173,-64.4740286600771,4.10591682209883,2.28983878249623
99.0291262135922,-66.1677907604508,-63.4289996441201,3.26886671568047,2.27034643639492
0,-59.476861783421,-56.9828172245055,4.15784653210017,5.22621042191931
0.961538461538462,-57.6778949792459,-58.1472440176979,2.17233946163561,4.21359702253904
1.92307692307692,-56.6184676110282,-57.3721926535867,4.32074300380433,4.59365331488965
2.88461538461538,-59.7688996037075,-55.9324017484735,4.37974348991477,3.24210392794011
3.84615384615385,-56.3643082132913,-56.8099503323744,5.30229078963123,3.19151072322471
4.80769230769231,-57.2053329208082,-54.563801873478,5.1324228751946,3.91884984058313
5.76923076923077,-53.2185065723998,-51.7474615403907,6.79886019303533,6.03757281089266
6.73076923076923,-53.294067961351,-50.3805927220371,8.75547080163872,9.36628815137833
7.69230769230769,-51.1529696097838,-47.5305533388857,13.1643620681312,10.0375467106937
8.65384615384615,-48.581971601943,-48.169237603261,14.6710726107244,12.8262889126841
9.61538461538461,-47.3485266720266,-47.1961255035578,16.2740455269465,14.5925076847892
10.5769230769231,-45.756346204039,-43.4731061547294,19.2388523045115,15.7755925374796
11.5384615384615,-44.9517979553782,-42.6707059832297,20.3282173471202,18.4261363286546
12.5,-41.3494659527351,-40.4742547787552,21.4905210380094,19.3170742858083
13.4615384615385,-41.0938305561559,-38.4328566551534,23.2763445398706,21.0748215155364
14.4230769230769,-39.0042986070093,-37.3044198606213,24.1001626101797,23.6067691364605
15.3846153846154,-38.0721060717295,-36.7483183296168,25.6929800750908,24.2339679761107
16.3461538461538,-34.2687371228959,-33.6313349608738,26.7663700559628,26.8530857611835
17.3076923076923,-34.7815970606684,-31.273358605202,27.1527530815398,27.1806673322446
18.2692307692308,-31.0751445087267,-29.174402379353,26.0573650544667,28.2223446658862
19.2307692307692,-30.200704076352,-27.5757726567278,26.4324171699079,28.0975660651642
20.1923076923077,-27.0265500718625,-25.4973426707892,27.098746381367,29.3238098772909
21.1538461538462,-26.3444180818565,-23.4224121894388,26.4990480293528,28.5115236965307
22.1153846153846,-23.6109975326474,-22.9880183066565,28.0229269474716,28.957922588032
23.0769230769231,-22.6962077529958,-19.304725871224,28.2814353063941,27.5981996855762
24.0384615384615,-19.9402595957744,-18.6784049970482,29.1983524474701,27.7365052218939
25,-15.7093506195508,-15.8409682114528,29.921400304959,26.965552030548
25.9615384615385,-16.4595369146899,-10.6235047512286,30.0381630180533,26.5604409485555
26.9230769230769,-11.7762387130773,-10.0650176581276,30.4485680405119,26.5608165527213
27.8846153846154,-11.5232790264036,-8.00559168520135,28.2471484590398,26.7218281031749
28.8461538461538,-7.37489998445241,-6.10541587424226,27.9381161865928,26.1358041803325
29.8076923076923,-6.31521986402609,-3.89686088837246,27.7303506306454,25.4819681767051
30.7692307692308,-3.72054495875681,0.95042213338413,26.0675808767804,23.0326498245614
31.7307692307692,-1.01456208310438,2.41742594022032,24.2135031754755,22.3136443032436
32.6923076923077,2.13110408851633,4.54938188413136,21.7388716616889,19.4507426549298
33.6538461538462,5.54178238351529,8.23815888881628,21.1891473883487,17.4762623025714
34.6153846153846,7.00359413283734,8.79098381528789,17.7016238670882,15.7492038703658
35.5769230769231,10.0130157376651,13.7802147031064,16.0320949522263,12.7644750211783
36.5384615384615,12.3742877375418,14.1457223470604,13.9345371772054,11.0050355001256
37.5,15.5441097437488,16.0746450268717,11.9070363041738,9.00308455254303
38.4615384615385,17.5713884340837,18.489266167397,9.71989644982514,7.26299390107507
39.4230769230769,21.8702105762407,20.8743276848843,8.87270634022792,6.2183347187084
40.3846153846154,22.1960771560951,25.8585024862199,6.42738219068238,4.76150372630742
41.3461538461538,25.0322931345985,26.5208458328702,4.10678066586717,3.1916020660001
42.3076923076923,28.1343264121973,29.1800815479026,2.79980230702422,0.90253855093058
43.2692307692308,29.2017568713311,35.0774006650804,1.13586035799188,0.00758480611500051
44.2307692307692,33.8440904043001,34.6697329323235,-0.575091529881967,-1.37545611348368
45.1923076923077,33.6857739689698,34.8584579366261,0.204342961824631,-0.618750854335849
46.1538461538462,34.464112714817,36.5778913833121,-0.16515271324597,-1.58457269901013
47.1153846153846,34.7342347353883,37.2145963320495,-0.765808254893722,-0.588772890782875
48.0769230769231,36.8613861069292,36.1732891092288,-0.827608561115584,-2.48996687430004
49.0384615384615,36.6392020752456,40.1559858536375,-2.49970559035524,-2.96537204905479
50,39.007842379598,40.9106832213902,-3.60042858722983,-2.52122791784981
50.9615384615385,40.4155115195381,41.2031905687927,-4.35685403431462,-3.80149216354578
51.9230769230769,39.9516139522211,41.9567173808293,-5.05596982486341,-4.57231930282912
52.8846153846154,38.3269502606524,42.8720279368864,-4.86325461060775,-4.95438672142104
53.8461538461538,39.4396761985614,43.532018143713,-5.31854502251678,-4.12719312942998
54.8076923076923,40.8288783835877,41.3721044972786,-4.08457366346825,-5.81620930262241
55.7692307692308,39.3895450250857,43.2292273216371,-4.84744019720702,-5.26780014524486
56.7307692307692,39.5259669935069,42.086632581646,-5.86794666597058,-4.70716752109908
57.6923076923077,37.1411108550062,42.368193053605,-4.84466277843975,-4.46960865158255
58.6538461538462,37.5883037787978,40.0662425086673,-4.38158912813296,-4.77497742714096
59.6153846153846,36.8802013648645,40.669002873532,-4.33236668917584,-4.18861201838223
60.5769230769231,35.8649949337782,36.3199561495345,-4.44595545132443,-3.5280860542053
61.5384615384615,30.4305692933083,36.8048221279418,-4.42842609542353,-4.52335833826358
62.5,31.8377474545957,34.5846724385876,-4.2928749445742,-4.49933618406304
63.4615384615385,25.7587180948066,33.7322900964623,-3.52934239433679,-3.80949856578088
64.4230769230769,23.4548267821556,30.0664243985705,-4.424453420205,-5.06229271842867
65.3846153846154,22.4015166005712,27.0788500228073,-3.88597147504217,-5.74271665197419
66.3461538461539,18.6132259240494,24.4482923882478,-4.16722152830793,-5.14284520373583
67.3076923076923,17.0209425878876,22.0419046418828,-3.42986982722826,-4.34661094299096
68.2692307692308,14.3387305356913,20.635302794894,-3.76074030778728,-5.06734855285262
69.2307692307692,11.2945703734565,19.5567596159164,-2.15714055402594,-4.50419714567148
70.1923076923077,8.33392389767705,15.3634567745155,-3.81163181609639,-4.36591968223049
71.1538461538462,6.51542689850578,14.4894836646181,-3.61243385577629,-4.58555360370703
72.1153846153846,3.74220121146535,7.28004021568342,-3.58403699719375,-4.39177206111263
73.0769230769231,0.00626563397665358,6.02910545126764,-2.79798681518396,-3.77516879160576
74.0384615384615,-1.56130509003065,2.10890401599062,-2.48959987573961,-3.42470003529182
75,-4.02684651435146,-1.23907232371066,-2.83229607649275,-3.01448365105613
75.9615384615385,-6.75813675497348,-2.17704797111569,-2.10775624230725,-3.14962290343679
76.9230769230769,-8.77273004558765,-5.9815557895637,-2.16156603375333,-3.94110538123916
77.8846153846154,-13.1234226787081,-8.5077217629267,-2.94301351943838,-3.01452624448734
78.8461538461539,-17.0302993245369,-11.4484414749744,-1.6767048003814,-3.62036282319033
79.8076923076923,-18.9813302171323,-15.0219621943847,-3.22032870504779,-2.74737734101072
80.7692307692308,-21.6144517208969,-19.1846987564362,-2.15538493567103,-1.94120830295526
81.7307692307692,-23.4249549869363,-21.5094430086971,-2.77665408078903,-2.37150320282441
82.6923076923077,-26.3785524216686,-23.4557974542863,-2.51478586827193,-2.69106419586939
83.6538461538462,-29.076957903955,-27.6710729651834,-1.97189353696932,-2.47837817883451
84.6153846153846,-32.5355157448585,-29.6312852045727,-1.67890050257846,-2.35079272884812
85.5769230769231,-34.0786264926392,-32.8199055002251,-1.74990915948565,-1.41291168468083
86.5384615384615,-36.3207312744683,-35.4392147435599,-1.71330016278068,-1.11472754945334
87.5,-39.1144793308884,-38.9957037187384,-2.10206599818992,-1.51474023168461
88.4615384615385,-42.3053040353598,-40.550243322388,-0.387080620016483,-0.409359131537018
89.4230769230769,-44.2998151406019,-42.766497662804,-0.378370269383921,-0.285711181463849
90.3846153846154,-49.1027990452362,-44.1945068776962,-0.575739996477366,0.677765967044293
91.3461538461539,-48.9020857224568,-47.7105151332787,-0.686856621392164,-0.32779557240186
92.3076923076923,-50.5213687991595,-49.7951892186215,0.993321585940216,-0.172248215381634
93.2692307692308,-53.2470718497982,-52.1143767256675,1.51131244235631,-0.193955710994504
94.2307692307692,-54.7580675164154,-53.2825550540063,1.47447380084519,0.34008099354846
95.1923076923077,-54.8783249205678,-52.4747343900464,2.30036189381315,1.40762745870151
96.1538461538462,-56.5879032966345,-56.5521809941452,1.78591273145911,1.87769639831986
97.1153846153846,-58.0110101617938,-55.4809387894255,2.98724260962911,3.9625061253061
98.0769230769231,-59.5137181146995,-57.0529252152162,3.96264047113772,3.58734007441419
99.0384615384615,-58.8280661226732,-58.1759359820766,4.48721814968248,2.72827136603954
0,-72.0448327314695,-67.3521937173059,3.68354470709135,3.34791387932367
0.952380952380952,-71.7616816926362,-66.5045448206518,4.99803178125506,2.71600167532127
1.9047619047619,-69.0510737882448,-67.5539699355895,6.16744722943987,3.03556873555364
2.85714285714286,-70.466252127387,-68.7119167859786,7.06705514292005,3.13610350648873
3.80952380952381,-69.9153239642228,-65.1750258839628,9.00445595740513,3.3522563605156
4.76190476190476,-68.6308060014159,-62.3295391249482,11.6050272595863,4.80293154198858
5.71428571428571,-66.9768379255327,-61.7798192119058,16.4981386297081,7.43096408363107
6.66666666666667,-63.2084577086192,-60.7162617699913,21.9292421222572,11.0511874186264
7.61904761904762,-63.0719385611541,-59.1979248671091,26.9679833350953,13.3860879332786
8.57142857142857,-63.140276071572,-57.7489263466084,30.9794738100529,14.5759288653196
9.52380952380952,-61.2335349223449,-54.6553386640439,34.5087139567414,15.2967120852268
10.4761904761905,-59.0708847397715,-55.7085489977304,36.0648933962105,16.4528975795198
11.4285714285714,-56.4570266983265,-54.6883389317299,38.2124913269277,17.1524659509771
12.3809523809524,-55.2631070653268,-52.6118531793657,38.6883427115635,18.2168798892321
13.3333333333333,-52.5892368058302,-52.1415034109138,40.2043223939368,19.7444472517821
14.2857142857143,-51.8811112144205,-50.6153678275701,41.2857446561736,22.6775718146195
15.2380952380952,-49.7503050537327,-48.3641616786578,43.1019830562644,24.7383107970994
16.1904761904762,-47.5515756517136,-46.6841636540947,44.987331142338,27.2228851890058
17.1428571428571,-48.2198780396385,-45.1023233501319,48.4244840275379,30.1510728370514
18.0952380952381,-45.7882192088719,-43.1806857972901,48.7470245737627,33.3390700645151
19.047619047619,-44.2014403808397,-41.9849972024529,49.6604517011586,34.8823669497706
20,-40.8843494397079,-39.0165845946087,50.0617706635589,36.9323636616926
20.952380952381,-37.8604530525232,-37.7875801828189,48.8814796906858,38.5602528531831
21.9047619047619,-37.9852362071722,-36.8863545441965,47.3741861265236,37.9014104332153
22.8571428571429,-35.0913666587468,-33.9105552547502,45.7436732721565,39.036848347985
23.8095238095238,-32.1552942107569,-32.0999423784203,44.6842200630002,38.792526016712
24.7619047619048,-32.4129900882568,-30.1898853672508,42.3831631870276,39.0849471306064
25.7142857142857,-29.8185667469096,-27.0440130900674,39.2963814593178,37.883254929217
26.6666666666667,-26.6862594990976,-23.6240898289362,35.8839080425952,39.2557411203466
27.6190476190476,-25.1103639965625,-20.0526556026126,33.2116468491712,37.6451270078196
28.5714285714286,-23.9588931109114,-20.6797563476333,30.6798103285892,36.603597918496
29.5238095238095,-19.5613606525238,-15.7050534360946,27.3932229409484,35.2215781755718
30.4761904761905,-18.1486117510745,-14.9804681230906,24.6875456456322,33.3987210454029
31.4285714285714,-17.6137523381912,-11.7206593596977,22.0624979859395,31.7628061582737
32.3809523809524,-12.9106458406385,-13.4641414182365,20.7176173976209,28.5045484528211
33.3333333333333,-9.52271193925298,-7.12787860745026,19.0634213475231,25.9183922473809
34.2857142857143,-9.17252695512039,-5.7683791934219,18.9277553148077,22.9621030427327
35.2380952380952,-6.1301767589513,-2.47620664047958,16.3832226590681,20.7892086585047
36.1904761904762,-0.813616896658552,1.78773871477816,14.9295126209824,18.6394153455584
37.1428571428571,1.23501813651562,3.43418213643503,11.7041030864496,15.1707418072055
38.0952380952381,3.62531714582166,4.59923429583651,9.96172318217825,13.4241476756298
39.047619047619,4.27957607866744,9.15907881194731,5.78151523949428,9.98427763433093
40,7.461964691662,11.7263527693969,2.802529867995,6.67318661766113
40.9523809523809,11.7495174695347,15.0083503158694,0.351689344407732,3.36648012226279
41.9047619047619,12.5247907649215,15.1444954222388,0.302786457140028,0.610036979039698
42.8571428571429,11.1204786651558,16.5627927951436,-0.970905995254753,-0.534862408665774
43.8095238095238,15.0093957907097,20.3678396998262,-2.14990854728798,-1.47921445619502
44.7619047619048,16.2497315936265,21.4497469190296,-1.98674214682334,-2.89605869066816
45.7142857142857,17.6156043877219,21.4964722290076,-2.44839525857944,-2.87123658279528
46.6666666666667,21.8745971457174,22.7208077790642,-3.46020069106728,-4.68584355718823
47.6190476190476,24.0370769073148,24.9117860537304,-4.56704426625643,-6.06601329992804
48.5714285714286,24.7779463701759,27.0072379890268,-5.60790899037602,-5.25942652587658
49.5238095238095,24.2322393818083,27.2336636027769,-5.55787462493524,-5.50959348978211
50.4761904761905,28.4250813083944,28.8181129956458,-5.09508298702653,-5.75786817134318
51.4285714285714,27.2461555228644,29.0766043268257,-6.67224500091566,-5.99195405654095
52.3809523809524,28.3349935656828,29.1851741055701,-6.58773719522304,-6.00287513273964
53.3333333333333,27.6950096971182,28.676076079895,-5.49166805897984,-6.46112047479321
54.2857142857143,27.1857059885367,30.3349204224867,-5.04272714638244,-5.73540289522092
55.2380952380952,27.3488755258941,29.1009222147766,-6.15397689613665,-4.42701959179055
56.1904761904762,26.8047371451638,29.2552081074407,-5.20745183269736,-5.33415948982065
57.1428571428571,26.8496714364958,27.96561933534,-5.19215262937813,-5.02077904230271
58.0952380952381,24.397797479795,24.9860397558137,-4.53282499736019,-5.28440871797638
59.047619047619,23.526645303684,23.8577566369629,-3.76926054189724,-5.39968376235999
60,23.838729020279,22.3958354331972,-4.76295382091471,-5.71773257477434
60.9523809523809,19.1707367499814,21.6197074178417,-3.854435809476,-4.67409187641303
61.9047619047619,17.4991984976916,19.2278820677736,-3.91147961533849,-4.37911708420642
62.8571428571429,14.6553018224144,17.3641254634475,-4.30743275633249,-5.50702429262429
63.8095238095238,13.9832289905125,18.9184249956238,-4.34865346227618,-5.25771241838002
64.7619047619048,12.5727023992789,13.7654934950244,-4.18625816077485,-4.39288913067107
65.7142857142857,6.59744565923156,12.6146585448512,-4.44007061437683,-5.23153567935322
66.6666666666667,4.38003009555289,9.93326866140913,-4.39259415838373,-4.9765244569497
67.6190476190476,3.83628672941483,7.81622952925123,-2.72643451219466,-4.53363040360536
68.5714285714286,1.6996070757391,4.98176701807128,-3.51568998803448,-4.63231061278306
69.5238095238095,-1.85535795429031,2.02723414425842,-4.72238465235907,-4.3763200830723
70.4761904761905,-4.98346648265684,0.439320119580422,-4.47326484522291,-4.98089495495218
71.4285714285714,-8.16781094098388,-0.878984352373703,-3.8176326730822,-4.61232464096235
72.3809523809524,-9.84033771887583,-4.92905031422098,-3.86040845060533,-4.01056634318114
73.3333333333333,-11.7658656638776,-7.5267625471011,-4.09830134072137,-4.68346738637123
74.2857142857143,-14.0007600276897,-10.9940306653894,-4.75581689370408,-3.93706816019561
75.2380952380952,-16.7874551843602,-12.5156968578391,-4.63797291389254,-5.04026068428638
76.1904761904762,-19.2521950243322,-16.366379721293,-3.81765421700895,-5.15970972247464
77.1428571428571,-20.1295387191206,-19.1888012145703,-3.94916798501546,-4.68098076810772
78.0952380952381,-22.9291750663961,-21.8345015569198,-4.22527018327601,-3.19498291932596
79.047619047619,-29.4155475879046,-24.877046103523,-4.65776560303912,-3.82504898007947
80,-29.2592204031195,-27.261826667902,-3.04429318352146,-3.65518808395881
80.9523809523809,-33.9383608833016,-28.2996861249453,-4.25680330379738,-3.91354227185791
81.9047619047619,-37.4168548377269,-31.8802956565669,-4.73866977704635,-3.55038498315584
82.8571428571428,-40.8642266356694,-37.1474358599834,-4.47329476900788,-2.46745724371433
83.8095238095238,-42.489357455538,-40.156585706324,-2.18187058760045,-2.99713021163823
84.7619047619048,-44.3341138057976,-41.8714642614072,-2.67579249476298,-2.37122164891212
85.7142857142857,-47.6252061812948,-44.8869214077951,-1.42996804710835,-2.6549157208454
86.6666666666667,-50.2568510884301,-47.7160161286116,-1.14638612428789,-1.57154929173421
87.6190476190476,-53.3899120420466,-51.5531790196524,-1.7385477723874,-0.790559696715661
88.5714285714286,-56.0754816013665,-53.6509236957474,-0.221914375918672,-0.0627731048907496
89.5238095238095,-57.4526941464802,-56.5004314011447,-0.857695312566927,-1.03732996475241
90.4761904761905,-59.4335860425464,-62.0713636341203,-0.121797667398039,0.387185346510928
91.4285714285714,-61.3368877265995,-63.0247323767432,-0.866211346822512,0.51376540591205
92.3809523809524,-64.9336538102025,-64.7816440148925,0.879556786231441,0.615360499082294
93.3333333333333,-64.6321692617842,-65.9516373259568,1.39060005091295,1.29999599189411
94.2857142857143,-66.0818886635782,-68.0065486624783,2.47898581718214,1.91115482757552
95.2380952380952,-69.0435987779684,-69.3689891047398,2.70332005156821,2.30558727029569
96.1904761904762,-69.2718051465085,-68.8342713100531,3.65908897339238,3.70397466061638
97.1428571428571,-69.9464767251628,-67.6065737177739,4.0015042970088,3.83623230152032
98.0952380952381,-71.5251708967196,-68.6716171230757,4.81866712974742,4.51790873711566
99.047619047619,-72.1483059497906,-68.4860005067685,4.34503049818251,4.29594200951361
0,-52.5359367054098,-58.1057821170276,4.6360892318057,4.35626606525636
0.970873786407767,-51.8674326153454,-57.3113702096042,5.49359742002121,6.43794029781019
1.94174757281553,-53.1568785078619,-57.5025512040921,6.2470639292993,5.73633034633197
2.9126213592233,-50.9454388918964,-57.8264712241035,4.57809200525878,5.79053150140431
3.88349514563107,-48.6792804219395,-54.0733818722727,5.53225508731307,7.59219136423217
4.85436893203883,-47.8478385571632,-52.9383839846858,5.37984226421294,9.06749551633233
5.8252427184466,-47.0800120103923,-53.5972926690499,6.2611550096542,9.61346499642418
6.79611650485437,-43.9706545087466,-49.8898900637399,8.61943249415947,12.1146291543097
7.76699029126214,-42.4607535141788,-47.9052197940788,9.29130672763606,14.3610481665884
8.7378640776699,-40.8386491198432,-48.284203207575,11.4831639232557,17.4720601865211
9.70873786407767,-41.4171688710812,-45.373563620352,12.4616241583172,19.3382895394422
10.6796116504854,-38.6771825092576,-45.2862678567882,15.0020903588403,19.9266456310043
11.6504854368932,-36.3408089146309,-42.1723216094522,16.73937471304,23.0953148826753
12.621359223301,-34.9018742343614,-41.6537853270015,18.8137500830179,26.068067032296
13.5922330097087,-33.0322112104039,-36.9237702219127,20.2061654542077,28.1939300076707
14.5631067961165,-32.030786119057,-37.7109055009927,21.8015464298841,30.4650891476572
15.5339805825243,-30.1407602344767,-34.8123849926966,25.0937401077665,33.4806045121057
16.504854368932,-26.2112590884346,-31.9028478093759,26.1351685430543,36.41562138046
17.4757281553398,-26.6500077017698,-30.5517921104251,28.1806177348999,38.3651295321326
18.4466019417476,-23.4031847416472,-26.6438890253426,28.2714195171739,39.7792853543972
19.4174757281553,-19.2557426454524,-26.0527167218936,29.6144004838339,42.2623399351033
20.3883495145631,-17.7671657054114,-22.0966587854826,29.2356278794099,42.5228756890123
21.3592233009709,-17.5652402966354,-20.5291271683285,30.014670476345,42.8920653528323
22.3300970873786,-14.3103033907832,-17.6643606758403,30.8788238532095,43.1040956944904
23.3009708737864,-12.4359413006492,-15.830224333409,31.9722922883272,43.1903416437453
24.2718446601942,-11.3921335355558,-13.1472892800144,31.4993170970054,42.499723010976
25.2427184466019,-6.64949570700729,-10.0137533269749,31.4531991663467,41.0339384461045
26.2135922330097,-5.51521499321432,-7.04433425721055,30.6674585774549,38.4218342276505
27.1844660194175,-2.24669392932079,-7.12258036429753,32.3465596723777,36.3404824878734
28.1553398058252,-0.855017329621576,-1.28948389678512,31.6694091237189,35.0386638291241
29.126213592233,1.40966231786158,-0.0153990686464265,30.6791251096295,32.392740355169
30.0970873786408,2.98495080806469,3.55899324705576,28.9674939331621,30.7493910319095
31.0679611650485,3.48960590766204,6.72015799497094,27.5078563429881,27.9111288920915
32.0388349514563,8.86127626427907,7.45126044677955,26.0825868611632,26.5072296402319
33.0097087378641,10.5158977444383,9.55969236135276,24.4845575949405,24.4708458597301
33.9805825242718,14.6180872703518,12.1450693609655,23.2344680310155,22.3401359011177
34.9514563106796,16.4720111708726,13.9184881765134,21.3808757623585,19.3761157837639
35.9223300970874,20.2881234733797,17.8507378638879,20.5610694222984,17.2451538658965
36.8932038834951,21.3279558247593,21.5546741395293,18.5277743962633,17.173746229053
37.8640776699029,24.9322132149555,23.2231761620324,16.7064419362795,15.2404360060505
38.8349514563107,27.4723747053612,22.9873999815001,13.2637784522622,13.7720275662095
39.8058252427184,30.5911828642419,29.8482260152111,12.3054158217476,11.7018318966674
40.7766990291262,32.8150636156644,29.7702949854049,8.7404812875858,10.5202169353312
41.747572815534,34.5031925764837,31.9451381149164,6.50335548894234,9.24548315571632
42.7184466019417,36.1151824063972,33.8948573588574,3.95746705768459,7.0674450160084
43.6893203883495,37.6913937389425,34.2801015147648,1.22337437171573,4.32050486932655
44.6601941747573,40.2154911346176,37.1739121984632,0.410746381440704,3.61497802902534
45.6310679611651,40.7033957245243,39.6442814430388,-0.694268064720813,1.75130140410137
46.6019417475728,41.7068275620842,43.3621522728502,-1.21688850000802,0.744679773782376
47.5728155339806,43.4267012711719,42.0443363680075,-3.20857494701774,0.313523087232846
48.5436893203884,46.0405566064442,46.4459709624182,-5.64328253563763,-1.98024378034819
49.5145631067961,43.6372300408321,47.6202372549313,-5.74714329526038,-2.51564998818663
50.4854368932039,44.2003261219122,45.9592153751437,-6.17197271057798,-3.73326008379558
51.4563106796117,43.3880872961622,48.1013559550796,-7.11134293079075,-3.97064694395266
52.4271844660194,42.9410056593217,45.7503795208611,-8.35726458622097,-4.08475118898773
53.3980582524272,41.1903288941702,44.996760603599,-7.55026333723605,-4.79336288736669
54.368932038835,42.2110744422546,39.3588096942176,-6.00590166059176,-5.9889033032316
55.3398058252427,39.0440938687702,39.2548102716147,-6.52934192594669,-6.74284504628517
56.3106796116505,38.4648368653234,35.9423250207361,-6.78287678983049,-6.72970286401618
57.2815533980583,35.0243798832447,37.3807243361739,-4.37449171628244,-5.49851114685165
58.252427184466,33.8927983055778,37.20460533215,-4.51431598513584,-4.23732768334505
59.2233009708738,30.6051184087436,37.2605241629429,-4.05636903475176,-2.21382177929328
60.1941747572816,27.2078542515418,32.997485211026,-4.47286037549879,-3.49517748328212
61.1650485436893,27.2873992249456,32.2389308425577,-3.19129169827434,-4.26241917545621
62.1359223300971,23.4989955537525,29.898400330624,-2.84175985221677,-2.39690759670344
63.1067961165049,21.8184078534676,27.7475521304726,-2.87780428119391,-4.49409211204525
64.0776699029126,17.7568556812327,25.5980803992773,-3.91745780465155,-4.28616683890797
65.0485436893204,15.8381371186838,21.8308095279033,-3.08089484023428,-4.00883069209595
66.0194174757282,15.355298658901,19.3272635161257,-2.60654772042538,-4.42513052305636
66.9902912621359,10.8734454813649,15.2462873677149,-2.19729674695597,-3.65815938603868
67.9611650485437,10.700856996005,13.4038441057488,-2.50017587660912,-3.49774668279969
68.9320388349515,5.26290736286142,10.0917241407233,-2.46770697249032,-3.35994191006297
69.9029126213592,3.50136078016827,7.08510232222329,-2.22001338264514,-2.77034162253611
70.873786407767,0.0885092778398837,3.84368499516742,-2.00267940301902,-2.73605364162341
71.8446601941748,-1.19915837582013,1.50319258837082,-2.25256761313977,-2.0112512897117
72.8155339805825,-5.07088662379275,-0.914223579966781,-2.06726107510273,-2.22552450474521
73.7864077669903,-7.11833253595219,-4.51811260520577,-2.02518457552961,-1.24563668575412
74.7572815533981,-9.3774625128598,-6.35875014084,-1.64403627296023,-1.23229202714183
75.7281553398058,-8.5298360923643,-9.34178972878528,-2.04012689338608,-2.44591268000468
76.6990291262136,-11.42045476669,-12.561525792225,-2.06621876311708,-0.921066513912716
77.6699029126214,-15.8400337545573,-15.0285094747095,-2.31153841770676,-0.83227485839186
78.6407766990291,-17.3897123678258,-17.0364860512875,-2.61585363334495,-1.34565370235048
79.6116504854369,-18.7183531773993,-20.9119420631591,-1.95884758056978,-1.65823498386271
80.5825242718447,-19.4472412984256,-22.1185460409186,-1.45249184302328,-1.88943704757365
81.5533980582524,-21.1368194011217,-25.3678393428301,-2.52001635274522,-1.8428578960218
82.5242718446602,-24.7031878106689,-28.6008100276084,-2.02485078469734,-0.886092720394277
83.495145631068,-28.2266250014987,-31.2326470944059,-2.93957295074184,-1.92495926463161
84.4660194174757,-28.3065660838593,-34.1156409406621,-2.1046887433571,-2.30359729819543
85.4368932038835,-33.3634657642841,-35.9301651094538,-2.1583008578253,-0.687066572464962
86.4077669902913,-33.840105629505,-36.8582861976389,-1.49677654591078,-0.429075459561142
87.378640776699,-38.9550847568266,-38.4724956478982,-1.51392843732169,-0.429371543196811
88.3495145631068,-37.6583656719265,-42.7836576571272,-1.20357650957944,-0.709935270582266
89.3203883495146,-36.6671994980001,-44.0740189776149,-1.22869756768343,0.74182645387438
90.2912621359223,-43.095288432219,-48.4483285172356,-0.930308145462637,0.859254479432304
91.2621359223301,-43.0570234472137,-48.3992424345993,0.759316793534949,0.205946260111662
92.2330097087379,-44.0539975170917,-50.424013238187,0.789201313009196,0.68076783602462
93.2038834951456,-47.183760665419,-54.4445970115522,1.40545658887275,2.16542193972219
94.1747572815534,-49.0591979736895,-54.1875613438371,1.36713525105265,3.76228844167841
95.1456310679612,-51.0530786805488,-57.6390659301491,1.46068737379634,3.47576053768112
96.1165048543689,-51.5932019426208,-57.0719435778214,3.0692967521557,4.76126702247489
97.0873786407767,-53.2022395190186,-58.6869900549915,2.69944621052998,4.30678309343309
98.0582524271845,-52.3917601678009,-57.5081770325397,4.73032158580289,4.37027240761139
99.0291262135922,-53.6264695742637,-56.7398030224536,5.04258130194004,4.62112317240169
0,-51.4756351277269,-54.6522688347148,4.62031658572673,4.92027237516012
0.952380952380952,-50.5819456087415,-56.2137444026836,3.75649414186761,5.09250607904261
1.9047619047619,-51.5890995430952,-54.7936409159811,5.30583517045033,4.85709557673832
2.85714285714286,-50.3299449479249,-54.2227634063337,4.62829567109587,5.90498056781188
3.80952380952381,-49.4191313193688,-53.845863827435,3.93336571113811,4.75623472092216
4.76190476190476,-49.7975539283972,-52.1894349689938,4.18996491484422,5.6264065478203
5.71428571428571,-47.4564927789911,-49.1172275312533,4.86760011860777,7.32568135025642
6.66666666666667,-44.4667445474532,-50.0300590362709,6.24073606302997,11.0560310276381
7.61904761904762,-43.9430798098892,-47.0595129716537,8.30870698636803,13.6723070900854
8.57142857142857,-42.1266518725171,-45.445460450778,11.7666370627523,16.7743316391494
9.52380952380952,-41.8173421438911,-45.2147377879801,13.7883769502804,19.5393130630759
10.4761904761905,-39.0790481213582,-42.0296114103753,14.6683850016484,20.6558408214914
11.4285714285714,-36.0882538636176,-40.4728065387346,16.4481247216231,22.8782772454154
12.3809523809524,-35.5974847767417,-39.3249840509759,17.5386375665899,25.8634778204047
13.3333333333333,-33.3566845648209,-38.2904287285213,18.6095023980762,29.2294809141692
14.2857142857143,-30.4485700361242,-34.525959365975,20.3189866423265,32.2060506598415
15.2380952380952,-29.2301654209175,-33.9984288924643,21.7916522704095,36.5283274966365
16.1904761904762,-27.7404023251761,-31.6491505884082,23.5071166023072,38.208500880541
17.1428571428571,-26.3456048725536,-29.6260994934512,24.3654435674268,40.2932271279995
18.0952380952381,-24.5615685699983,-26.7083771773576,25.2143810358196,40.8946874613051
19.047619047619,-23.6707368241611,-25.4423834931552,26.0045935649578,42.2371849820672
20,-19.790670513484,-23.621573848435,26.5159434703142,42.4893976963296
20.952380952381,-18.0780897841998,-20.8928070549001,27.2253079947349,43.6787094693789
21.9047619047619,-16.8312871026586,-17.5165019185063,26.9681369269757,44.4931786912027
22.8571428571429,-13.7637728212754,-14.2380693518505,27.3759614123857,44.4669923576328
23.8095238095238,-12.4074156313862,-13.04381621973,28.0369938869545,45.4256287959411
24.7619047619048,-10.2556748841747,-10.0184303874546,27.9283282316889,44.2668044636913
25.7142857142857,-6.6420746406196,-7.62924886208223,27.4311046249721,42.8280338359309
26.6666666666667,-3.83528153783523,-4.38460139179836,27.7995853521663,40.1476452131876
27.6190476190476,-4.18831010594317,-0.0295962199112965,27.4053466477748,39.2046001253144
28.5714285714286,-2.11164053319167,0.701922106974628,26.8550348681117,37.3221196986147
29.5238095238095,1.17751628036454,4.65644701214261,27.0491641083191,34.284544960966
30.4761904761905,4.694623277588,4.5337461105376,25.6461920168297,31.4326521784421
31.4285714285714,4.68593165527781,8.78943313279887,24.6564400243231,29.3200036374023
32.3809523809524,7.28891194670051,11.5849945942268,24.2455885090569,25.9453456167591
33.3333333333333,11.6740717825112,14.154926065819,23.7904119043918,23.1467103182138
34.2857142857143,13.2788736152096,17.4801818172534,22.0656411280254,20.5658812698065
35.2380952380952,16.7103769119737,18.4186698577629,20.3566500696124,18.3844848218628
36.1904761904762,17.6250927158519,21.4260598499164,18.6265197738574,15.8602649627306
37.1428571428571,20.6484666887745,22.3468159569762,17.2382342698537,13.6866218760421
38.0952380952381,22.5892496853144,24.5136890006683,14.0216854021766,12.4808036204391
39.047619047619,27.9167524377309,28.7605539182827,11.6700107081688,10.1549951832759
40,28.1698555740299,30.2862300240521,9.3146341223222,8.47975068631121
40.9523809523809,30.3685488714117,32.167847316206,5.4770262076162,6.89879028390199
41.9047619047619,33.8631014567516,34.3546165190081,3.31901677846704,7.16763376079862
42.8571428571429,35.0303761018221,36.8769778140148,1.73478949269378,5.61497840396881
43.8095238095238,36.0304053413925,39.5856802409845,0.325666900073657,3.36374327693231
44.7619047619048,39.022192824491,39.0338758802861,-0.0120843216241121,0.787032099469293
45.7142857142857,38.8775396246085,42.6943500420314,-1.13457992250325,-0.471533824254396
46.6666666666667,43.9922312885651,43.5494910155979,-1.10883939901313,-1.31542965120448
47.6190476190476,42.2958145795701,47.063703052058,-3.77721679213743,-2.99685244712758
48.5714285714286,41.3583833264925,46.6557345106434,-6.4175441441922,-4.65454606782794
49.5238095238095,43.8007208538495,48.5966621567168,-6.71740961710465,-4.13998999525573
50.4761904761905,43.6636728839169,47.5801621524757,-6.7806484508174,-3.41516353893864
51.4285714285714,40.9367548797512,48.6163015813017,-7.89564750500995,-4.86370220153497
52.3809523809524,40.1121835599851,44.5967437772603,-8.53320250571464,-6.09503800548274
53.3333333333333,38.2544851368922,42.6397837179546,-6.45383983264198,-5.43279424978586
54.2857142857143,36.760405829613,39.1083333481797,-7.64810327124682,-6.37154833549283
55.2380952380952,36.4608280829543,38.259167415895,-4.86094274269961,-6.77174626392717
56.1904761904762,34.3978823323744,36.2795566112957,-4.96896223034625,-4.39387515254668
57.1428571428571,32.1758193833142,34.8282314685561,-3.73626246343613,-4.03155350111813
58.0952380952381,30.9168786348759,33.5101522603586,-3.79918017076243,-3.03063065889807
59.047619047619,27.8039351342683,34.046504961046,-3.37496400372614,-2.36495949614494
60,26.5476075785557,29.458720670192,-3.07106235020033,-4.93530458848279
60.9523809523809,24.4946114737157,27.2592257240309,-3.34179250000473,-3.47736664881865
61.9047619047619,19.6383075705617,24.5391246671245,-3.11336137074579,-4.18582816013626
62.8571428571429,18.5398821136835,22.2652811000412,-3.33018266440319,-2.59312515432722
63.8095238095238,15.8827045349486,19.7300097615514,-3.42252892364013,-3.3888171542281
64.7619047619048,12.6011835974385,16.3345380223767,-3.50037353867458,-3.34051325025589
65.7142857142857,10.7282494751752,14.4418196564335,-3.21857545971909,-3.18556248841333
66.6666666666667,9.59312947700103,10.8955471337229,-3.03288157667546,-3.70806757802066
67.6190476190476,5.71709590253233,9.64359301112919,-1.83340769784659,-3.09027007776346
68.5714285714286,2.15887063400946,6.38004507798498,-1.6350868133943,-2.88186386772587
69.5238095238095,1.75834205746174,-0.291955506972666,-1.76822896364412,-2.31965264718504
70.4761904761905,-1.74195477852744,3.23147181767405,-1.80722864229598,-2.09341777629032
71.4285714285714,-2.50704400597952,0.31282812831924,-2.59041471022905,-1.74815698629158
72.3809523809524,-5.95896806423219,-5.1894125943742,-2.13251552355631,-1.84612816373622
73.3333333333333,-5.73014444826052,-4.73689468797196,-1.61087077497776,-1.90387719879084
74.2857142857143,-10.7136243986052,-9.4079399432372,-1.49321127414879,-1.42018301321873
75.2380952380952,-11.15482595361,-13.4983341997252,-1.25672613944202,-2.11345944271703
76.1904761904762,-11.8519152069773,-16.0872586473953,-1.62290038615254,-1.07703845227707
77.1428571428571,-14.539915302948,-16.6789387557341,-2.07214016838403,-0.692984836916725
78.0952380952381,-16.1194978344657,-20.3165343810927,-2.20423653416531,-1.67235546327305
79.047619047619,-17.7947739581618,-22.8876558077979,-1.72138396762557,-0.518430951199186
80,-20.621665029963,-24.4040136395683,-2.49327102729048,-0.741947027342607
80.9523809523809,-21.8944317150474,-27.0952903623023,-2.91223936372866,-1.363824928667
81.9047619047619,-24.902147518814,-29.8623289281632,-1.700606223019,-0.700437807838864
82.8571428571428,-28.2789057852984,-32.5065567507385,-2.1616310053404,-1.47273472115156
83.8095238095238,-27.1616716328609,-33.8472589468852,-1.754860185866,-1.97407209357196
84.7619047619048,-29.8703492074854,-36.5348183571707,-1.79467229742831,-1.12607869332786
85.7142857142857,-33.9837373606765,-37.3543525478226,-2.05932528766861,-1.84439952424156
86.6666666666667,-34.9959159303454,-39.2517574112287,-1.86697956549459,-0.213779307264951
87.6190476190476,-37.8903504341356,-41.8989023212281,-1.32271126379796,-0.0235730808351817
88.5714285714286,-38.758707853356,-46.071181027771,-0.654394498534089,-0.74060648514521
89.5238095238095,-42.431174471419,-45.7448204313635,-0.520280484539454,1.07663752587908
90.4761904761905,-42.1889038642706,-46.9561225846902,-0.458849671780974,0.46284788041922
91.4285714285714,-42.3820856434195,-49.7576224398511,-0.0593411064893341,0.590454948177095
92.3809523809524,-47.8908263666089,-51.5576861046327,0.721129291011995,0.784397941108121
93.3333333333333,-48.4804587472771,-51.787665717614,0.535312150445182,1.4592500245315
94.2857142857143,-48.2337629140997,-54.2515196388695,2.7787061705343,1.63994384155547
95.2380952380952,-48.5957870951293,-56.5497145916712,2.89558258305107,4.27201711919477
96.1904761904762,-49.6537525654675,-55.4043856969032,4.17665090525986,3.89709570835009
97.1428571428571,-52.049426458582,-56.5395823681581,5.28097859095174,5.29134905753055
98.0952380952381,-52.4644773965243,-58.6965814498007,3.6068197365104,5.14350898542588
99.047619047619,-52.0782430047627,-57.1361378584954,3.98107439861278,4.58348610538346
0,-51.0367297326089,-58.8390285079304,5.16267887558074,4.65249769945319
0.970873786407767,-51.028213722723,-57.9664491128311,3.77915240721214,4.97489838186002
1.94174757281553,-50.933067740049,-59.5311910440706,5.18949109830937,4.31655200790991
2.9126213592233,-51.1435546842827,-56.7156218868072,4.0636015842376,4.3246972282713
3.88349514563107,-50.3299742272286,-56.2555477150817,4.22726957694899,4.14190558445415
4.85436893203883,-47.87041914516,-56.0226961671964,3.24695539591319,5.84709184690155
5.8252427184466,-48.4057807272849,-51.9581974336543,3.8977731974008,6.06195753368867
6.79611650485437,-47.6527000139086,-52.0882328131821,3.43274610075297,7.84953098142106
7.76699029126214,-42.1665329772962,-47.6900877156828,5.16993809391504,8.52281092268019
8.7378640776699,-41.4812601462551,-47.5655263689293,6.56795884277592,11.778991548079
9.70873786407767,-39.4289764073216,-45.8546644692924,8.98727740635655,16.6558491172365
10.6796116504854,-39.5754197916357,-43.5244473926974,10.8025333258185,16.5930288485969
11.6504854368932,-37.9110586543795,-43.3203352073315,13.5342896033507,17.749405800172
12.621359223301,-33.6991564211697,-40.885599440644,15.6776240847753,20.1736372473981
13.5922330097087,-34.481861941487,-40.5761064213834,17.29180019074,22.1734912534549
14.5631067961165,-32.5317998125691,-37.8949190308851,18.2566270613581,24.4926753003481
15.5339805825243,-29.2438954579317,-39.997928619208,20.1951568099118,27.0139046953655
16.504854368932,-29.01665610889,-36.0641469725705,21.8228636326844,29.0504679718912
17.4757281553398,-26.4519411178724,-31.6414788835397,24.7756784318458,31.9723322985556
18.4466019417476,-23.688650724374,-31.6401058014346,26.11145412631,33.3566271074239
19.4174757281553,-20.6177662756743,-28.5308733430186,26.4128553355291,36.08826664211
20.3883495145631,-20.006702648057,-28.4808245144341,27.9182303063953,36.7068019035005
21.3592233009709,-17.2414205950485,-24.949556122112,29.2963636863194,38.2059602889159
22.3300970873786,-15.6448344156433,-21.5452297216757,29.2629913072842,37.973780819424
23.3009708737864,-13.9828889965035,-18.9410059829002,29.012606467486,37.4746231097108
24.2718446601942,-11.7862133504344,-17.2409519955083,30.087440042225,38.5231485957118
25.2427184466019,-10.0007601361593,-15.2186553835961,29.1590560326834,38.9435164331226
26.2135922330097,-6.05164778492427,-11.7409662293362,28.488015689877,38.6984023447608
27.1844660194175,-5.74352864040796,-9.02610599319008,29.444889042807,37.9342213620872
28.1553398058252,-3.13266360321147,-8.38300042689097,29.0330695811516,36.8063391983995
29.126213592233,-1.48048776519343,-5.6714636599749,28.605240074583,35.5136243299269
30.0970873786408,1.32690867383778,-2.78479956604894,27.8352727755642,33.3620679957919
31.0679611650485,2.46692882673145,1.17273494629314,26.6532828895709,31.5194571610408
32.0388349514563,6.9307483779541,2.81683062426664,27.0566778791304,30.5808058011625
33.0097087378641,6.62541519609398,7.24090508527191,25.3775410617555,28.8385370455358
33.9805825242718,10.8900323597426,8.93796340970873,24.4495383035871,26.2594982809993
34.9514563106796,14.6748174222869,10.4606945175926,22.7248476199285,24.0536041571975
35.9223300970874,17.4817855748545,13.1532577319767,22.0310892730268,20.2645421180878
36.8932038834951,20.6621680701211,15.2573120529226,20.8460872881623,18.9078470058607
37.8640776699029,22.1639669893186,18.4342492679359,18.8002812773772,16.2084759076514
38.8349514563107,23.6253490694639,22.0721060669239,15.6971446846292,14.7440085788401
39.8058252427184,26.9766217978423,22.6315062457917,13.2289740386058,12.8391756165564
40.7766990291262,27.2757895134279,24.0523557474556,11.2689859120254,11.3028550979629
41.747572815534,31.3238979589045,28.1328938013689,8.61452792963105,10.8236442912635
42.7184466019417,32.4028042892727,31.9563013612729,5.59750628755368,10.1894844057595
43.6893203883495,34.8756260924991,31.2604337448052,3.27703349554122,8.12588594976042
44.6601941747573,38.6493254536917,34.2028618551917,3.16154594920776,6.56825856565374
45.6310679611651,37.9677429215891,37.379145222336,0.795251182833998,3.97694591967517
46.6019417475728,39.6773006407889,36.6008432174891,0.644284552556462,2.11571106395936
47.5728155339806,42.9148371005291,41.4027771837963,-0.43552245872134,2.38960726341717
48.5436893203884,45.9336913166338,41.0112485205293,-2.2364377486541,0.247032424205538
49.5145631067961,45.616005591154,44.7308534613809,-2.3852707909728,-0.472896671280204
50.4854368932039,46.3572470850171,44.9138218685692,-3.81929885895742,-2.8363036928559
51.4563106796117,46.4563442960402,45.8653964711329,-5.55717276167433,-4.48650275593087
52.4271844660194,42.9221031143066,46.3263147772932,-6.87042099050591,-7.43030218631957
53.3980582524272,44.6528911280602,46.2515298208321,-8.52869971286937,-7.74477262908575
54.368932038835,41.5715904986337,44.9697319610885,-8.04381097580284,-5.57003728899184
55.3398058252427,40.8935471848734,42.6900225115989,-6.30023333765817,-4.71958521202405
56.3106796116505,39.5308660351362,40.0420589593773,-7.92389373763822,-5.04214647520263
57.2815533980583,36.0594070140544,40.6559330549121,-5.1663878498622,-6.32217984602937
58.252427184466,34.2408528636341,34.6740909446415,-4.51164337838524,-7.43230445085888
59.2233009708738,33.5472594476879,34.5981858257481,-4.1599740566376,-4.00081346038963
60.1941747572816,30.9258934171609,35.6734029766675,-3.99154405506686,-3.69747552520258
61.1650485436893,30.5313142168344,34.6145863394536,-4.04800131488435,-3.84808856927233
62.1359223300971,27.7026063400137,28.8678936067632,-3.85310945941034,-3.77821329908717
63.1067961165049,23.0602492185631,28.0319991308429,-3.21265517720239,-3.70197325102591
64.0776699029126,21.1255285224663,26.1473022009996,-3.57972651699361,-4.38611473910931
65.0485436893204,19.857606581776,24.2781087086057,-3.06518101718972,-3.77206577473351
66.0194174757282,15.8340969389927,20.1987678152863,-3.67928958386465,-3.86158808915134
66.9902912621359,13.8081204346934,16.8777787378974,-2.46973067779182,-4.10587624541392
67.9611650485437,12.4887405329716,15.0468662099366,-2.99774589430251,-3.55040666392453
68.9320388349515,8.1524950080355,11.5160465928446,-3.24355219959041,-3.25162208425285
69.9029126213592,7.19604745521914,10.054662298445,-2.1559517422253,-3.58936186106506
70.873786407767,3.41403314621554,7.04731374377133,-2.51216596419832,-2.62028668645504
71.8446601941748,1.79200544578935,3.15315344710762,-2.37721093078633,-2.42936785029668
72.8155339805825,0.102773416689963,1.36962702522191,-2.10010775708491,-2.16249889677357
73.7864077669903,-3.23973167914386,-4.03258158986903,-1.62983853525758,-2.57220409337932
74.7572815533981,-6.20635156509461,-3.85817554963577,-1.81828217486461,-1.31946673662656
75.7281553398058,-10.7536089122752,-9.76801812817134,-1.38137735417075,-2.16684602525448
76.6990291262136,-10.686240833046,-11.020121691582,-2.27369512351506,-1.7908937353186
77.6699029126214,-13.5391663096974,-13.5702824790996,-2.38843449124092,-2.30124337816866
78.6407766990291,-14.3319484929142,-17.67663608937,-2.03270050252384,-1.1841695063384
79.6116504854369,-15.5257831992587,-19.0294754332424,-2.6054092656615,-2.31720124529837
80.5825242718447,-18.6337628957041,-21.5589975141795,-2.33091354458665,-1.86119057499091
81.5533980582524,-20.721655808765,-23.6783464906591,-1.82637973229897,-1.0401891282238
82.5242718446602,-22.0430656840388,-26.7305521629675,-3.63602325990792,-1.85244674219357
83.495145631068,-23.4247423304461,-26.9309015639128,-2.53801444979315,-1.96667217865529
84.4660194174757,-27.3418126467105,-29.5168552047578,-1.86008456960041,-1.3152590604024
85.4368932038835,-29.2101474461143,-32.8079071326342,-1.53864326516131,-2.14433497086348
86.4077669902913,-29.3817650274074,-34.5492757995208,-1.72777778914276,-0.616486477714798
87.378640776699,-31.7177825974648,-37.0459569201564,-2.19308597684005,0.216021445435109
88.3495145631068,-35.8311433488859,-40.0301091756725,-2.0573137889184,-1.61452006532122
89.3203883495146,-35.7726345711113,-41.945836082343,-2.54409609684194,-0.423307351606256
90.2912621359223,-38.8246652151239,-44.3960194415467,-2.04118275252654,-0.332659786700165
91.2621359223301,-40.9561043292992,-45.5959655410323,-1.28192838313358,-0.0516774342561043
92.2330097087379,-42.6062887115128,-46.2929984588274,-0.278049343073372,0.710086921039643
93.2038834951456,-45.6059041051139,-51.810282879332,0.0651027131679454,0.614988106123207
94.1747572815534,-46.25396538507,-54.0666682788641,0.871904303902524,0.667399636262147
95.1456310679612,-47.5003405580015,-54.5639254016047,1.99654117231387,1.73753908410706
96.1165048543689,-48.9959799678109,-55.9412807827014,1.66478982286115,2.56339473828462
97.0873786407767,-49.4242381244185,-55.8064376238071,2.06330076963491,3.95698138853875
98.0582524271845,-50.2551258391459,-56.4788727626564,2.83185300390699,3.80166176647697
99.0291262135922,-50.0195533670447,-55.2027102300446,2.86550597424075,4.67523380524415
0,-52.4527658655327,-58.7151949545392,4.47496434005292,4.40979605529406
0.980392156862745,-51.9370718908317,-58.9965615885742,3.52160545691703,5.83938202063873
1.96078431372549,-50.820252122229,-58.0298482116884,3.37671425361321,4.31737108181528
2.94117647058824,-50.7706501466948,-56.6668274212796,3.54316446069799,5.30151714964526
3.92156862745098,-49.0622252920586,-56.261341556459,4.87090921681465,5.23783066315424
4.90196078431372,-46.3042986548214,-52.7181410428351,6.06124930195766,7.00168111831592
5.88235294117647,-43.4072325040474,-51.9074126550426,6.05903556502157,9.2247548916446
6.86274509803922,-44.5135604376743,-50.7235629897561,6.91082526571204,10.9260008686577
7.84313725490196,-42.1485834597785,-48.1994016442325,8.1670174593452,15.0881974730947
8.8235294117647,-38.2293125865732,-46.8525880738469,10.1345871468193,16.5318926141222
9.80392156862745,-37.5242404386004,-44.9629859720746,12.097249528917,18.6413927340128
10.7843137254902,-37.1826130611108,-43.8416670308739,13.4730809492111,21.2014854282447
11.7647058823529,-35.1269513657905,-39.5640606639527,15.7043827684586,22.7171257609564
12.7450980392157,-33.2865858186134,-40.2949495441948,16.997166719569,24.8105794128458
13.7254901960784,-31.7949691345222,-38.6068416441998,18.9732471886286,28.4051330264006
14.7058823529412,-30.4835710355664,-34.6949004052244,21.4686266492448,30.9128562468803
15.6862745098039,-28.3022277134392,-34.7398327901741,22.8892894124529,33.9172248851981
16.6666666666667,-26.5698812200666,-33.479716473003,25.1548778287373,35.24460335971
17.6470588235294,-23.4258446469564,-29.654922212441,26.4394229514161,37.4480881885197
18.6274509803922,-22.2837696970324,-27.0411832252478,26.1939434986239,38.990431471331
19.6078431372549,-18.3765195263032,-26.2253150002049,27.606046726235,39.7284016799683
20.5882352941176,-16.8163243756663,-24.0226474234694,28.3066524058412,39.9481818362795
21.5686274509804,-16.5088654498077,-20.8619842830269,27.8469409782157,40.6798002299363
22.5490196078431,-11.7385378453337,-16.223999716247,28.2742141313477,40.0126694728242
23.5294117647059,-9.37419370595119,-15.3846465990076,27.7862197342633,39.5999513664477
24.5098039215686,-7.18807118965211,-14.6704411978532,28.2904380743134,37.6083999510748
25.4901960784314,-5.75603679457756,-8.9036769311577,26.7286476724237,36.0187208485394
26.4705882352941,-5.73159455585041,-8.33589761533092,27.3984056979695,36.3845313619117
27.4509803921569,-2.10152644817263,-4.85044522460637,27.7086277371579,34.8354236950444
28.4313725490196,2.38118774534849,-3.29055319620452,27.5924164685226,33.1799073507868
29.4117647058824,2.99702417392382,-0.442889024917039,26.6689198125272,29.8027326020115
30.3921568627451,4.8822525124768,1.49837165950798,26.0936671688738,28.8942476569465
31.3725490196078,9.15754266839909,3.97719339174003,25.6297406083265,27.0353744361533
32.3529411764706,10.7641461320281,7.29885784175822,24.6148349779844,26.0665856854881
33.3333333333333,12.6991749467818,8.0678084493096,22.5434236543998,22.7024799876453
34.3137254901961,14.9154153500878,12.6660313418566,21.6003370321865,20.5193063644496
35.2941176470588,19.2673862375287,13.9409708268946,20.1311352068217,18.4238819282577
36.2745098039216,22.0711670243924,18.1444477915493,19.8528085134211,17.1622449836848
37.2549019607843,22.2855706932877,20.2154943770632,17.5429124413179,15.5214127456481
38.2352941176471,27.5409909072158,22.8719985672615,14.2819712508451,14.6867315051945
39.2156862745098,29.7828312511216,25.9578648161252,11.8032733676288,12.6682519590918
40.1960784313725,31.8110491511947,28.4021638032813,8.85477087095116,11.263881790619
41.1764705882353,32.3484430216278,31.1701325468179,6.29805031939232,10.6110030627886
42.156862745098,34.3845156390507,34.5293082637206,3.02567046293387,8.0520775593214
43.1372549019608,36.7310009327358,33.5484677774151,1.62540734962185,5.18347854426634
44.1176470588235,37.3080755258389,37.7451326387893,1.54684851501993,3.37824802489782
45.0980392156863,40.0416367187438,37.3458730849618,-0.0772908972209672,2.19407390528597
46.078431372549,41.6208818160549,40.6275149697656,-0.412465257378202,1.37769433259477
47.0588235294118,44.804238675989,42.6686193279012,-1.7177966073016,0.380279386234666
48.0392156862745,45.7374639099031,44.8200193799819,-4.36190306950495,-1.01296174659905
49.0196078431373,45.2994305024075,44.7430453368325,-6.98137257809504,-5.00037250168738
50,46.9218848609523,47.5387038727947,-4.84028228818205,-3.3382609832251
50.9803921568627,44.7105829070024,46.4625885975156,-6.62603481853469,-2.68799306074966
51.9607843137255,45.0449737039889,47.3240657210037,-8.01005446639639,-2.72362068944462
52.9411764705882,43.3779944350543,43.2276080014104,-7.87876591592724,-5.18857601970603
53.921568627451,42.3071626017009,41.2941643259494,-5.72249944920684,-6.4614814823957
54.9019607843137,41.2203500871577,40.0252170240868,-6.10204649784249,-5.96550688551163
55.8823529411765,38.5179031356986,37.2956874033395,-6.81550014303307,-6.27722965347803
56.8627450980392,37.1402245734889,36.458562353669,-4.36180201949512,-5.24002626500111
57.843137254902,33.9782217558512,35.1432741227946,-4.13444301613618,-3.56766255260586
58.8235294117647,31.7300315638048,34.0169778585803,-3.30101627139272,-2.76108229567214
59.8039215686275,30.4040009955319,32.1129433558938,-2.74381721653554,-2.81568057336156
60.7843137254902,26.6830239514657,29.2730626399846,-3.63771581082654,-4.47305710620236
61.7647058823529,24.6599139873088,27.6945518222272,-2.75481950076911,-4.58058017422555
62.7450980392157,21.4561080463133,25.7151956274671,-3.67390108327069,-4.11226943786234
63.7254901960784,19.8439564745855,24.1933363639741,-3.48919753617301,-4.1171418094927
64.7058823529412,16.4667471568216,20.2436945837615,-2.77239575301205,-3.68496423627878
65.6862745098039,13.1011595533469,19.5344899004936,-3.37255886665681,-3.28546315797174
66.6666666666667,13.1038568581695,15.5560185697774,-2.45658036974061,-3.8954525864256
67.6470588235294,8.75679569616934,13.7969647556748,-2.82289544281445,-3.32669022637729
68.6274509803922,6.67917102099545,10.5208541169145,-1.54593515298498,-2.45166574318503
69.6078431372549,4.30133581320077,4.15854567547015,-1.74994288693603,-2.97480050611816
70.5882352941176,1.1942320131041,5.64977529963601,-1.87980225627633,-2.86204889294347
71.5686274509804,0.0875823109397784,-0.264511653172546,-1.60358653195065,-2.26264954310562
72.5490196078431,-2.69361045523835,-0.209871197939235,-1.702366692223,-1.2484564007621
73.5294117647059,-4.56546204359999,-3.64042328622587,-1.12568299440646,-1.56510308977465
74.5098039215686,-10.4319604670246,-8.28493486748476,-1.89065239465899,-1.20431439979346
75.4901960784314,-9.23494274260008,-10.168634020187,-1.76174902552919,-1.4065829666862
76.4705882352941,-12.3495000132809,-9.99938681189488,-2.24271223948281,-1.18195860510483
77.4509803921569,-14.0214216484941,-15.3292768196664,-1.26025042197314,-1.64654186804759
78.4313725490196,-19.3574943911258,-17.3285900726667,-1.82512739045963,-1.80477840303819
79.4117647058823,-20.292137982587,-21.4711610759854,-1.35262251570035,-1.89141498154413
80.3921568627451,-23.2279977663357,-21.8473365742612,-2.48854577575303,-2.02164900268689
81.3725490196078,-22.6516846473186,-27.0406025361859,-2.24451612129763,-1.37584152395819
82.3529411764706,-24.9830140343822,-29.384931379159,-1.89605934050744,-1.70623596176027
83.3333333333333,-27.0720942122828,-30.215258225562,-1.73581117940927,-1.01726254076535
84.3137254901961,-29.77446509439,-34.4553691123644,-1.73836243021996,-1.12997777309844
85.2941176470588,-31.7662529314934,-35.4933580244723,-2.2653683351705,-1.65612026656987
86.2745098039216,-37.0432013886415,-35.9965474847447,-1.36341942366231,-1.18653029121201
87.2549019607843,-35.6494229341274,-39.8964901292037,-0.635512760003418,0.303515840082404
88.2352941176471,-36.3684176318363,-42.1274830163307,-1.07826044285686,-0.717850644645457
89.2156862745098,-39.712828008125,-44.1831266194165,-0.405516393481328,0.282546296815461
90.1960784313725,-42.968693742817,-45.9170248427995,0.192869824072244,0.2207762022819
91.1764705882353,-45.1210079261659,-49.9085496981546,0.490312628504302,0.685967142232716
92.156862745098,-44.7660900411019,-52.3116608286098,0.529708908833127,0.972415152275314
93.1372549019608,-47.4475598752999,-51.5147023479908,0.55058625103671,1.67072094266151
94.1176470588235,-48.8688923333739,-51.4201278577926,1.58455239608029,3.51116816310505
95.0980392156863,-49.4837426346293,-55.6235348525036,2.66129492582386,4.46132133645571
96.078431372549,-50.6009070150603,-54.5987384300029,3.42987785519822,4.67056044482489
97.0588235294118,-53.1217812843561,-56.6224271710893,4.25055070527784,4.96441586310817
98.0392156862745,-52.6420671543368,-57.0341676459048,4.02249310267208,4.77060066246191
99.0196078431373,-54.34650637072,-58.1867551478735,4.2604477530978,5.25229923174255
0,-70.2681240566941,-67.7691222298078,4.52423543497663,3.10383501947736
0.961538461538462,-71.534917702419,-68.0308269969913,5.72615225546089,3.83760446502317
1.92307692307692,-70.4378127722388,-68.9858290002454,7.00391171368141,2.6708637860024
2.88461538461538,-71.0587941461663,-66.8780701960241,7.24942221506637,3.0136894888826
3.84615384615385,-69.8351475496933,-66.4202611931427,9.08370198447069,3.83353716135537
4.80769230769231,-69.1944872522848,-64.2973419776838,12.2856548310893,4.30470401753851
5.76923076923077,-65.4437612146495,-64.0159125641729,17.0702583605111,7.16244683781106
6.73076923076923,-66.3239459806453,-60.7566611757665,21.7698682899369,11.6657075053436
7.69230769230769,-63.2751694796529,-58.3510071094565,27.5698643454721,12.6459112138802
8.65384615384615,-60.2910713924653,-59.1826277208161,31.2844934258139,14.1399349641525
9.61538461538461,-60.8807582093086,-58.6356715528042,34.9761911072375,15.6996503915508
10.5769230769231,-58.2102008912079,-55.4541347140968,36.4463458617902,15.9254993623009
11.5384615384615,-58.7148476408969,-55.4671489170415,37.7662210610841,17.0203500445422
12.5,-54.5803050068548,-51.4501643470878,38.9252764196191,18.9023835982556
13.4615384615385,-53.3957761998919,-52.4131058055834,40.0663834424337,20.6779060429413
14.4230769230769,-51.7256448536416,-51.1836540242232,41.6970507905142,23.1829600544882
15.3846153846154,-50.9283862966329,-47.4246880483795,44.00201194639,25.6039690134236
16.3461538461538,-49.2582439341389,-46.8950564678057,45.5410723105739,27.1980447332989
17.3076923076923,-45.8009581568667,-44.5495159908928,47.2847153783661,31.2527716659362
18.2692307692308,-45.3110296249427,-44.1648455997411,49.7615921169183,33.5158403076098
19.2307692307692,-44.563913458641,-39.5525916726742,50.0118958790211,35.5445020309946
20.1923076923077,-40.246985383144,-39.422218565221,48.9698092094648,37.2631257618596
21.1538461538462,-39.8305599023671,-38.3143572504835,48.4398920236228,38.6835075229603
22.1153846153846,-36.8030781423688,-36.8399912860363,47.4139326573651,38.7892954631373
23.0769230769231,-34.5151591133112,-33.2905832140408,45.4893242763541,39.771363877464
24.0384615384615,-34.1445674649754,-31.8877442553058,44.0725925254096,38.6231287614666
25,-30.8757718501885,-29.8604699391685,41.6225609959408,39.7820786118391
25.9615384615385,-29.8755157797953,-27.4103476375718,38.7423957559154,38.8652599265582
26.9230769230769,-26.899736227111,-24.6427105137681,35.1933976622866,38.7072000639218
27.8846153846154,-24.8058129659448,-23.2595481235542,32.4598447769011,38.1886930405157
28.8461538461538,-23.2396863108818,-19.5072370037649,28.1610705159944,36.5170635488221
29.8076923076923,-19.0993482598188,-15.3071029474221,26.0148369069374,34.9718071163009
30.7692307692308,-16.7775911048497,-14.771428260021,23.3916861211111,33.3494382961274
31.7307692307692,-15.8903730744344,-12.3342962777909,21.7846488328643,30.0400878092001
32.6923076923077,-12.2247181889361,-10.0397045711297,20.8368788465703,28.7495551453958
33.6538461538462,-8.6296616447216,-5.86826367989153,18.9236565184559,25.2597589060672
34.6153846153846,-5.03116674485915,-4.86164016885828,18.6906674120526,22.493269927905
35.5769230769231,-4.35300462811782,-1.11652181146707,15.4348598229744,20.4636742969509
36.5384615384615,-1.66103589269195,1.03653195567203,13.3257112592761,16.9237841337498
37.5,1.77263067284433,2.64833290424352,9.86760152110791,14.2642565790398
38.4615384615385,4.11080974738449,8.16790459790846,8.26027061743195,11.8638326990181
39.4230769230769,4.87472761593544,8.22347214129779,4.62342146026558,8.43292034578562
40.3846153846154,8.12997960363321,12.5696295367712,2.81998829397413,5.57887235251704
41.3461538461538,9.75754455710116,13.6373018924628,0.734410832904277,2.60396600156972
42.3076923076923,14.8503480219026,15.4603704848289,-0.35936510421577,0.577245796079041
43.2692307692308,12.7353004508967,17.2035735741433,-1.2938765947739,-1.04046304639579
44.2307692307692,15.7102968825644,19.6100668121488,-1.82049180271677,-2.48840354375329
45.1923076923077,14.7735709640454,19.6855873658514,-1.96584283049726,-3.42106895028483
46.1538461538462,18.8494571715919,20.3031255014345,-2.27192818661672,-3.68002887296822
47.1153846153846,21.7938321108494,24.6138597736147,-3.85487683860125,-4.99281925175167
48.0769230769231,25.3051025945011,25.0727306175419,-4.8292619701259,-6.18175071035795
49.0384615384615,26.7321676553932,27.668768384136,-6.04041356231048,-5.86174072732958
50,25.5184071404069,28.5376956429578,-5.57248439915555,-5.47127983780823
50.9615384615385,27.8353648398606,27.9673457771144,-7.00202005845098,-5.56115226358038
51.9230769230769,26.2462189528538,28.3248926830501,-6.62717979219872,-5.91565971881837
52.8846153846154,26.0645344716886,31.0871826826208,-5.8359355853716,-5.18787159025001
53.8461538461538,28.6275520332382,28.119995611077,-5.04362684423944,-5.70134176170937
54.8076923076923,26.4427811653484,28.2605372712102,-5.28814565764337,-5.3881363607233
55.7692307692308,25.9674462868873,28.9503570716247,-5.96496206339158,-4.45388426469294
56.7307692307692,26.7844150120583,25.0352153902053,-4.91034683383258,-4.91986893174572
57.6923076923077,24.7891597277151,25.6954496089774,-5.0158133991957,-4.28371606615874
58.6538461538462,22.6365970865988,26.3057667196665,-5.54546302862453,-4.91231955248519
59.6153846153846,21.7170158387689,24.2393441107815,-3.46476746755606,-4.8432725111164
60.5769230769231,19.6870187781916,20.547452394047,-3.79515710667568,-4.32422188639641
61.5384615384615,17.1593619249579,18.5926954013175,-3.4248850326724,-5.0954871738536
62.5,16.1874148554961,18.1924837268548,-4.36237564617953,-5.43722072431184
63.4615384615385,13.8815349849421,17.032069467279,-4.65621737227262,-5.58933381847047
64.4230769230769,11.2457562565522,13.6029667743214,-3.75798817373978,-4.74156044204903
65.3846153846154,10.1117045965713,12.4844644787368,-3.68000288260406,-5.19493322761328
66.3461538461539,5.9155414347039,10.8944463769395,-3.51791579974562,-4.84807239728137
67.3076923076923,3.65979793017584,6.62613876180837,-4.14881926748333,-4.8902614415597
68.2692307692308,1.61682279823339,6.96798482157901,-4.04189761320522,-5.27381510332653
69.2307692307692,0.719997919588302,3.30696077527352,-4.51742005933332,-5.55626428077834
70.1923076923077,-1.81084896922183,-0.527291894824209,-3.6438035652421,-4.86056204138254
71.1538461538462,-6.67263341652817,-2.01316219663691,-3.61527418329397,-5.19392116272389
72.1153846153846,-9.9813516183194,-3.90856479817619,-3.47141211121968,-4.46679717180642
73.0769230769231,-11.1137990280297,-9.68195296908399,-4.71997766799459,-4.91761458379
74.0384615384615,-12.4676735739332,-9.70213482974303,-3.95068008667908,-5.33484340219958
75,-16.3328977989075,-10.2655125239535,-4.20562486701832,-4.75611192092254
75.9615384615385,-17.9117865815331,-16.0052966173047,-3.71796001894138,-4.09886725677186
76.9230769230769,-20.9151246908172,-18.9503608260237,-4.21476550128961,-3.61775939610664
77.8846153846154,-25.3891604766285,-22.5623805397155,-4.35719176021934,-4.11882913991741
78.8461538461539,-26.2622602809378,-25.3205351131412,-4.01787242366383,-4.32607407554347
79.8076923076923,-30.5392182892474,-25.9744487461659,-4.03473426908535,-3.92112106867377
80.7692307692308,-31.1183858866156,-31.0385188572442,-3.82020296042448,-4.69839277993141
81.7307692307692,-36.6421014130663,-33.9638235181138,-2.90961529824301,-2.36541110588162
82.6923076923077,-38.0636071355869,-37.0078839849247,-3.2282896220811,-3.18508321979408
83.6538461538462,-41.6293152625718,-41.0272936558688,-2.84941678114855,-3.31333194606932
84.6153846153846,-44.8682903770446,-41.8346166451304,-2.79581875525719,-3.88999414022076
85.5769230769231,-47.834293070393,-46.3848451447634,-1.6050149597731,-2.17726746669046
86.5384615384615,-50.946793643018,-48.6334017681256,-1.29926106044867,-1.97175625915354
87.5,-54.4590490884519,-51.6831499601097,-1.31840134905216,-0.906533713030048
88.4615384615385,-55.811455861932,-54.8549005603862,-0.928116680054518,-0.191159524247886
89.4230769230769,-57.5262902541736,-59.6669731491279,-0.74383667976482,-0.337350903354764
90.3846153846154,-59.9174551461604,-59.9725157774779,-0.0249065142132706,0.466123972479403
91.3461538461539,-61.8286572350465,-61.9574468180106,-0.00533201850233944,0.456483541136455
92.3076923076923,-64.2731253377653,-64.7927597198619,-0.962130705809105,1.18394915087899
93.2692307692308,-63.9413997693951,-65.65674395428,2.11728792159048,2.39659829233118
94.2307692307692,-65.8411791757341,-65.2135239638766,1.40058832623568,1.09317144819194
95.1923076923077,-68.3822429430572,-69.9285054818222,2.08682146394066,2.35718241420467
96.1538461538462,-69.4101425027769,-69.892375014878,4.03085735916916,3.38178487897981
97.1153846153846,-68.3373353880407,-70.5270547088052,4.27767511620647,3.39411445817596
98.0769230769231,-71.5925195801816,-69.0460662565136,5.15395669884076,4.67845672737633
99.0384615384615,-71.2241173362822,-68.8737716138588,4.92399801040478,4.06642117538841
0,-58.0104684449443,-57.6305611781774,4.74479166915784,5.8148950789665
0.970873786407767,-59.9814149609251,-57.788986290237,3.2177580327474,4.34369528281867
1.94174757281553,-57.8344609363703,-55.9268546210347,4.59519787998728,3.37071093719339
2.9126213592233,-57.7890058026883,-55.6194982287389,4.47343815815425,3.42950990050878
3.88349514563107,-57.1850692291296,-53.9211141223124,5.02565687813561,2.55446337471572
4.85436893203883,-54.1283712851483,-52.838733792079,5.08089636163653,4.31258909688668
5.8252427184466,-53.2471245393142,-51.9914682453543,6.95157862665621,5.88212396293362
6.79611650485437,-53.0835115407768,-52.1662377241217,9.25457600459247,9.09150904943809
7.76699029126214,-50.5098529556739,-47.8703122077856,12.0111203297071,11.4531009653215
8.7378640776699,-48.4803900330859,-46.2347569015476,15.4450842417789,13.2592518465107
9.70873786407767,-47.4062937608952,-43.9059359831129,16.84262834562,14.7236664872409
10.6796116504854,-47.3745024484121,-42.7528740526983,19.6408045069397,16.8672481317565
11.6504854368932,-43.9515310817132,-43.5806914462223,20.3689550225495,18.0120015984046
12.621359223301,-39.6310435691843,-40.6916685512532,21.8765624675472,19.62786930425
13.5922330097087,-40.163646549795,-39.6656308765384,23.0151248414748,21.5315775731059
14.5631067961165,-40.0881710802019,-36.2778332972088,24.7422388445763,24.1117894242657
15.5339805825243,-37.115608679464,-36.7839452323448,26.5089499767547,25.210172272429
16.504854368932,-36.0606002137389,-33.6407733095257,26.7404473842792,26.5589849299865
17.4757281553398,-33.2719178091192,-32.2232196399799,26.9700654389146,28.5720513527143
18.4466019417476,-31.4565426686845,-28.8890900077862,25.6012706559606,28.7116284617971
19.4174757281553,-29.4879152074284,-27.1186101188119,26.0105299989813,28.2704585985483
20.3883495145631,-28.2741865169815,-24.8884594739283,26.495934652126,28.3428829306941
21.3592233009709,-24.3190851213907,-21.9346785090166,27.4799492462196,29.0235383863948
22.3300970873786,-22.8105158212662,-21.1289302488197,27.3911364243395,28.7366446331087
23.3009708737864,-21.029391745034,-19.6618622307848,29.3785485099056,28.0953735811559
24.2718446601942,-19.5664379855161,-16.6673753735938,29.574752593621,27.693482048848
25.2427184466019,-16.5283959671336,-14.9087958852247,29.5456539935806,27.2990628997171
26.2135922330097,-16.2680876593447,-12.5291370855116,30.3015155478541,26.2121067725655
27.1844660194175,-13.4458827040124,-11.0259154234089,29.6002805100256,26.3853507433522
28.1553398058252,-9.08051257124567,-6.88400774712137,29.1950570847868,26.1278978026956
29.126213592233,-7.86109141454163,-3.9659911695521,27.310496435755,25.0230784787678
30.0970873786408,-5.49939828338575,-0.925741751459744,27.053756657752,24.7031813726171
31.0679611650485,-1.43907061544878,1.90464541744489,25.610338960427,23.5566830836801
32.0388349514563,-0.423448140331985,3.05731972187166,24.9379102357512,21.5774683317576
33.0097087378641,1.92485537438319,5.72225996867107,21.8752057371934,19.2296360143896
33.9805825242718,4.82668451752474,10.2232910459988,19.1872940279494,16.7026988617168
34.9514563106796,6.72935246525092,11.143355724831,17.6117203256575,14.091860912201
35.9223300970874,11.3664877530883,13.4180971215203,15.1424739508904,12.2312551249231
36.8932038834951,15.2118965180316,15.3316724775773,12.6814293629592,11.3805126873833
37.8640776699029,16.1063585005752,20.6847446568145,10.9283070381126,8.74308344946036
38.8349514563107,20.591712019342,19.9016931783298,9.44431253590611,6.45434622111967
39.8058252427184,21.1941561981172,23.2444297022034,7.08845615769082,6.01127714694747
40.7766990291262,25.7312576697624,27.2631718167953,5.04871541249333,4.63344489546535
41.747572815534,26.5819955232068,28.7139533931381,2.63239048729087,2.04675028912698
42.7184466019417,28.1478470224988,30.27191437574,1.81678366409377,0.305979230964737
43.6893203883495,30.7024811700392,31.023931071864,0.760894168716671,-1.18617993873119
44.6601941747573,30.9054544488356,33.60440039311,-0.288029161191723,-0.802242537620945
45.6310679611651,34.0992252114012,35.6416425418985,-0.168511378449268,-1.41870364848717
46.6019417475728,35.2881481690518,36.8919274152735,-0.526617658838924,-0.973781635019599
47.5728155339806,35.23417732995,36.4986193304762,-1.07565460760957,-1.65349297089837
48.5436893203884,37.6514180336337,39.9241400143281,-1.2262374487518,-2.66875476210196
49.5145631067961,38.1028176172348,38.8664812176469,-3.01228207510698,-1.97985561074127
50.4854368932039,39.276745738415,41.4740853944689,-3.47957561503035,-3.9818184188663
51.4563106796117,37.9614202396131,43.0148114579458,-3.75520075916652,-4.11343740194336
52.4271844660194,41.355403955802,43.3848182264276,-4.72632808756322,-4.13546936578407
53.3980582524272,40.4892476722041,43.6407072082996,-4.84945472412544,-4.25292277897054
54.368932038835,42.9872442191845,42.0406985385494,-4.80906461858326,-5.61508060063389
55.3398058252427,39.1730658118551,42.3782136471214,-5.8713522252407,-5.39884771705955
56.3106796116505,40.3714515752226,41.7783793255639,-5.59704886659939,-4.90749753015917
57.2815533980583,37.048773190772,42.7041110588377,-4.64309803372865,-5.26892636518513
58.252427184466,36.6453929148755,40.7284852657532,-5.29234501366509,-4.67401471861495
59.2233009708738,34.375653203758,40.4818082136729,-4.39804208824289,-4.73816710468151
60.1941747572816,34.9219605170955,36.5121982225191,-4.07859461335061,-3.85336425181984
61.1650485436893,32.8319734562939,35.4596502395244,-3.93040151177077,-3.83470898375503
62.1359223300971,28.318981018098,35.5525938309507,-3.95685212036047,-3.90065323895406
63.1067961165049,25.5861767329355,32.233735907933,-3.65681479638264,-4.83666066170263
64.0776699029126,27.4022670969918,29.1524968113492,-3.78031926050256,-4.82773621376211
65.0485436893204,23.6467460063425,28.709347687821,-3.03056370989159,-3.91215744495305
66.0194174757282,21.2671361566989,25.409008347582,-3.84821477560219,-5.15410833335529
66.9902912621359,17.3192415872506,21.4790292053292,-3.68261645974633,-5.68947518589863
67.9611650485437,14.853941091094,22.7623922656425,-3.82411551353052,-4.66304435566979
68.9320388349515,12.3363528575288,19.1571053801879,-3.49305929783131,-4.19998048935083
69.9029126213592,7.97680158556878,16.2970704818257,-3.5505896610264,-5.11891779961722
70.873786407767,6.60306495732212,13.2297068570754,-2.7088387137099,-3.92808650571497
71.8446601941748,4.36409380891213,9.75720676603622,-2.74292072012777,-4.55101048739488
72.8155339805825,0.268256724753503,6.15803040243987,-2.47271251139116,-4.04847234838002
73.7864077669903,-2.46417040068977,4.61396803257739,-2.78573787247141,-3.28162245863075
74.7572815533981,-3.63934501402981,1.39095096085883,-2.28127644495824,-3.35490885954008
75.7281553398058,-8.18332401191271,-0.108610492005164,-2.72665639040074,-2.53849848706899
76.6990291262136,-11.2904522648573,-3.43630587064447,-2.42521547399088,-2.96849921875448
77.6699029126214,-12.7002085888912,-7.63672764564834,-1.6355347317077,-3.48655872747407
78.6407766990291,-15.5066653670163,-10.407299521565,-1.78741567374988,-1.86773210268329
79.6116504854369,-16.8690042232773,-13.3737475204986,-2.43506194167488,-3.01051459338205
80.5825242718447,-20.9482181299235,-18.2369425580352,-2.02262160478329,-2.4645959996709
81.5533980582524,-24.8505744727603,-21.4653193960468,-2.04657651479932,-2.16471951957559
82.5242718446602,-26.8692918742914,-22.8730820903556,-2.12381344329071,-2.69754869693279
83.495145631068,-30.4236795839092,-25.3993331547207,-2.01154023148794,-2.46373749990109
84.4660194174757,-32.2908996827767,-26.6279382816061,-1.61399042478365,-1.64989159685875
85.4368932038835,-33.9428002007077,-30.0972231557534,-2.15534594780036,-1.74460666345625
86.4077669902913,-39.9397908128456,-35.3756618721824,-2.34049900984531,-1.23697967645357
87.378640776699,-39.3055923780324,-36.8874975552324,-2.26024293312704,-1.04922462310969
88.3495145631068,-41.2088691318942,-39.0359100215008,-0.114094983278032,-1.50975483927588
89.3203883495146,-45.3680833127354,-41.8057926109647,-1.05872534178502,-0.963673343768899
90.2912621359223,-45.8012673544719,-45.3830669573384,-0.66393717195447,-0.428121515462746
91.2621359223301,-48.7249835570838,-45.9020429861326,0.505763279551931,-0.127158703010176
92.2330097087379,-53.1519790373288,-47.1442119719746,0.202938912341155,0.247564956578274
93.2038834951456,-53.7311656842391,-52.279282086732,1.13761774925153,0.871084085079464
94.1747572815534,-56.090850794299,-53.3026814992296,2.14113541829154,0.642414596229807
95.1456310679612,-55.4728092080028,-54.3633414954095,1.45349851762767,1.23761023016399
96.1165048543689,-57.403623356265,-56.2409005321949,2.3511643073691,2.28548810832155
97.0873786407767,-58.2113496095401,-57.2656206496208,3.05421809642171,2.9762051529445
98.0582524271845,-59.5828531350419,-56.7655609314088,4.11577766978967,4.02831455778128
99.0291262135922,-59.6733120921876,-57.7871072936768,3.70868335075113,4.22564915526013
0,-72.4586052145016,-69.4915518644796,3.94678326108504,2.69400268702499
0.980392156862745,-71.1872125288549,-66.7074069875084,5.55567257127127,3.60444472490931
1.96078431372549,-70.9815886964896,-67.1822306303558,7.23855481425094,2.84427037162244
2.94117647058824,-71.1741201747233,-66.1487833813034,7.62105583619141,1.70649621959375
3.92156862745098,-69.1436954702872,-65.8385508917978,8.66476229272457,3.1934076895795
4.90196078431372,-66.108137848919,-63.9488998223547,11.6879803538012,5.47814952456922
5.88235294117647,-65.7535597757641,-63.8297440863563,17.8338204063638,7.64547106420491
6.86274509803922,-65.3905380053778,-59.2295087822415,22.9673107067135,11.5683650263413
7.84313725490196,-62.4202013007329,-59.7349478148088,28.1555092273919,13.0960577426875
8.8235294117647,-60.5818100845764,-58.6348953723543,32.4628141095892,14.3735576223408
9.80392156862745,-59.5779739744885,-56.3798731787745,34.9362681875794,15.4462678765218
10.7843137254902,-59.5548247435093,-56.2299717668736,36.572173281666,16.6093772771046
11.7647058823529,-55.567976355618,-53.3216879951094,37.7970816697728,17.6909466675061
12.7450980392157,-55.0486404457782,-53.1599989712584,39.2236782443604,19.1411763270497
13.7254901960784,-54.9952391936426,-50.3562911639144,39.5943925688465,20.9388499796624
14.7058823529412,-52.2243767319523,-47.6973029729275,42.1496096481677,23.8682449642569
15.6862745098039,-49.0765347110434,-48.8965410042862,44.3643750911924,26.7382282184843
16.6666666666667,-49.8757700234841,-47.5412364543969,46.0205117333713,28.2459985253748
17.6470588235294,-45.9979691884454,-42.8538199922893,49.246090266976,31.2517410472396
18.6274509803922,-46.0288516412403,-43.1623467139199,50.5857278825889,34.9630124271892
19.6078431372549,-40.4637782513973,-40.3977456098325,50.2018664065902,36.3347421883612
20.5882352941176,-42.6223900460193,-38.986672989385,49.4019470154086,38.0152216322425
21.5686274509804,-38.1911820160514,-36.3532820339466,48.0732658383332,38.4864056901716
22.5490196078431,-33.2730438314077,-36.1975972885888,46.4898115454181,38.8399645883761
23.5294117647059,-36.1404983335824,-31.8814264398359,45.6096002428409,38.3571609941092
24.5098039215686,-32.6070532029428,-31.4524590245783,43.1192547109401,38.802772502522
25.4901960784314,-29.9959417607893,-27.7553892891319,40.2169158909836,39.0500842084211
26.4705882352941,-29.6976403960602,-25.9133029561261,37.0785137819389,38.7028584404753
27.4509803921569,-25.7532920798369,-22.5122988683145,34.0693920065362,38.8052452728424
28.4313725490196,-21.6039737683194,-20.4827406015944,30.4756264252925,37.4012404524688
29.4117647058824,-20.2066825672997,-17.2929225517142,27.6142016123874,35.6846252622778
30.3921568627451,-19.5464455653361,-14.3763062395467,24.6645751655705,34.1003269146791
31.3725490196078,-17.5581400332564,-12.6865317115354,22.5390662912738,31.5381785894178
32.3529411764706,-12.9132039217172,-10.2692683169698,20.4669941882552,30.1517490105699
33.3333333333333,-10.4735190573054,-7.44973450692422,20.0893688936851,25.5862823849256
34.3137254901961,-7.08616489350869,-4.4748235769936,18.2617579484617,22.7861439343201
35.2941176470588,-4.50073831701364,-2.9077187306566,17.2656244890252,20.5522709923076
36.2745098039216,-0.646718799968223,0.366449734641755,13.9579621047711,17.371291037353
37.2549019607843,1.03267817042484,3.02430275254664,11.2650858132044,14.3919508922005
38.2352941176471,3.66229458922808,7.75866406113456,8.76092552003177,11.269078747451
39.2156862745098,4.6544810191678,7.86814480161062,5.54154566554407,8.95291614182959
40.1960784313725,7.93310262898522,12.9407529799279,2.32080867408063,6.52558223780474
41.1764705882353,12.280276079707,15.8320730225847,0.32297027350979,2.39192362947838
42.156862745098,12.4579880437875,17.5268554661147,-0.0130416819218454,0.0777525367240218
43.1372549019608,13.0758943309182,19.1912116868145,-0.899178676906027,-1.57042177435469
44.1176470588235,13.8781322264575,19.7920057004844,-1.55675869114252,-1.34056556358756
45.0980392156863,15.1007858687645,19.9999776888167,-2.08626184618655,-2.16421790660012
46.078431372549,19.8075792475163,21.559057710087,-2.64139318243761,-3.26931945999362
47.0588235294118,20.8430323939327,23.0753764252861,-3.53510225691376,-5.225432088686
48.0392156862745,26.3152583887071,24.444899132684,-5.25982740510074,-5.48640737268199
49.0196078431373,25.4348384757298,28.458234224794,-6.2643202173795,-5.55548239841643
50,27.8987754954544,27.3622840212118,-6.27769735475083,-5.12525578123016
50.9803921568627,25.0747319311875,27.9936410546587,-5.16984887099772,-6.34088820703058
51.9607843137255,26.6310321696019,32.097180839426,-6.16618053191582,-5.43489708165192
52.9411764705882,26.8434316102006,29.1096819786626,-6.59488060552979,-5.88077387180841
53.921568627451,26.7322512293099,29.8650282758424,-5.18798852202922,-5.47082088716879
54.9019607843137,28.5948937372594,30.23794925038,-5.80136294095053,-5.41826735737278
55.8823529411765,26.3495203333309,27.9492656004046,-4.65688410659713,-4.45063535131078
56.8627450980392,27.4201545601401,29.2865576791461,-4.55494832911173,-4.49535387424232
57.843137254902,26.1689192657761,25.8894394751211,-4.60458500931146,-4.54528674425585
58.8235294117647,22.017505833695,23.8034819589223,-4.78520393382906,-5.48635531404862
59.8039215686275,18.9491360228316,22.4440555064452,-4.44444590295836,-4.80772878590565
60.7843137254902,18.7903669368985,20.9712998392902,-3.28974844795056,-3.79877566295625
61.7647058823529,17.731905516822,18.9688628193932,-4.68028999868374,-4.94824115013073
62.7450980392157,15.85622872264,19.9069791687272,-4.77309473997551,-4.32946457344356
63.7254901960784,13.939008926121,15.5030882546004,-4.42583109087076,-5.29235985708202
64.7058823529412,9.51673980596284,11.9882080147403,-5.05059539478615,-4.75848113563699
65.6862745098039,7.74589719233432,12.4263856849439,-4.43651876332406,-5.23860186324864
66.6666666666667,4.93540792055277,11.4689856179959,-4.07365113105617,-4.52539739428434
67.6470588235294,5.37779482206471,8.9142406326859,-4.03934540768294,-5.08754907931491
68.6274509803922,-0.0938347366855593,6.43487325693981,-3.18491644137788,-5.00739137354683
69.6078431372549,-0.975585645396506,3.32947334960389,-3.94185202060534,-5.2098648149438
70.5882352941176,-2.76624297328972,0.285619399924917,-3.9987985757743,-5.40218650814584
71.5686274509804,-7.25861525101463,-3.31170170385878,-3.62118732439478,-4.83134213470439
72.5490196078431,-9.67345027387636,-6.1353042410993,-4.20519371190366,-5.03179135011266
73.5294117647059,-11.5122313869226,-8.0758295597957,-4.69265011885395,-4.34985954214406
74.5098039215686,-15.9837678045879,-13.0862898851967,-4.16069438081273,-4.68930786498154
75.4901960784314,-17.4085557484866,-14.1221763629379,-4.74575533555482,-4.71961464402612
76.4705882352941,-21.6823471038244,-16.0873964381685,-4.41333281422654,-4.94649608932854
77.4509803921569,-21.922848362074,-20.0046182346608,-3.9436412699493,-3.93154652286587
78.4313725490196,-25.7054603385669,-22.2302696839633,-5.06895149815358,-3.30461797455886
79.4117647058823,-28.1600100270788,-25.5505611733144,-4.01548389049967,-3.30709741638669
80.3921568627451,-30.8413635513773,-30.1845282931224,-3.19986507972993,-4.3411282463128
81.3725490196078,-33.8772963862143,-30.6089651706916,-4.47121017887681,-3.84647361555694
82.3529411764706,-38.7264047068445,-36.1727631678789,-2.68555547367884,-2.39971170223341
83.3333333333333,-42.9167903870073,-37.5576067356698,-2.41221199287054,-3.15884665320597
84.3137254901961,-43.2172404973762,-40.3568147999155,-2.48198641104764,-3.04356561883325
85.2941176470588,-47.3575946483167,-43.1746850769717,-1.94433345120746,-2.33878194309771
86.2745098039216,-50.3262270521916,-47.0507082818072,-2.22943259247304,-1.8890360840418
87.2549019607843,-54.021531206874,-52.0979074684033,-0.718793879847734,-1.65424212168147
88.2352941176471,-54.8109202721574,-53.2852349516009,-1.13926719510247,-1.25282378869018
89.2156862745098,-56.9313375678537,-56.998284098063,-0.468873573195994,-1.35900595062689
90.1960784313725,-60.1277884289911,-60.4983704737387,-0.146467570495198,0.698068409845528
91.1764705882353,-62.1258269911977,-64.1081740643738,0.461485831601365,0.983603522578002
92.156862745098,-65.1611051036864,-65.8644936568096,0.362875247995986,0.778015145367961
93.1372549019608,-63.424498945761,-64.7058437676219,0.967920848502122,0.910421228715933
94.1176470588235,-65.4347704885314,-67.0423764811304,1.14454501558959,1.20914151416322
95.0980392156863,-67.7717834675322,-69.0793880057682,1.52705726534133,1.78562117355094
96.078431372549,-68.0835646335902,-69.0129480469025,4.06630676478453,3.19637215696796
97.0588235294118,-69.0924758482362,-69.2122512240964,4.71758549880974,4.04850391658049
98.0392156862745,-70.5757117773437,-71.1611609181501,4.53114755042409,4.79828248891396
99.0196078431373,-70.9500851771599,-70.4985348437646,4.80068312135388,3.64999389122204
0,-61.2539302101554,-67.4323204503589,3.04818361211414,2.17704504700319
0.970873786407767,-60.738241515218,-64.1985858201546,3.51006375137524,1.08480878302961
1.94174757281553,-61.7690249894754,-65.2007764040781,4.01037498795369,2.67135514168706
2.9126213592233,-62.4040267156586,-65.9669792525711,4.84150303237694,1.90660383404904
3.88349514563107,-61.2050147425068,-64.6188130489346,5.03447270559745,3.39628860572961
4.85436893203883,-59.1456451787523,-63.0881573456641,5.637714342387,3.82775198630385
5.8252427184466,-56.248332493196,-60.67913260329,7.6570995626124,5.71355416601032
6.79611650485437,-55.5068215590293,-59.6988510373281,12.0075320556088,8.63480566836551
7.76699029126214,-53.1499795275117,-58.5705782409302,16.4865127593277,12.756265330217
8.7378640776699,-53.0385355918682,-55.8354134011385,19.7541815438163,15.2570709593322
9.70873786407767,-50.6390452674265,-55.1210552857194,24.2430414104929,19.4745433680455
10.6796116504854,-50.2095288040712,-52.0845536911086,26.5728909377667,22.2024253659451
11.6504854368932,-48.2851328694245,-51.4861530056209,28.1042843627065,24.5565421921273
12.621359223301,-44.6886259012372,-46.4994457121775,29.9258465422145,26.8799081956908
13.5922330097087,-43.5413768997897,-46.814841832247,32.3983658962311,29.9068043614674
14.5631067961165,-42.0109436462599,-46.0362905418001,33.0965394973921,32.1155621461355
15.5339805825243,-40.0671481193706,-41.975351544557,36.7475345743507,34.5626096981466
16.504854368932,-36.9790766098825,-41.2244736024668,38.3202331909043,37.6412368397456
17.4757281553398,-35.0083702640162,-37.4197181494689,41.0462962815201,39.0919503864506
18.4466019417476,-35.615862099243,-37.4361960034587,42.624081833957,41.2973931065926
19.4174757281553,-31.7710717808202,-31.3628727670551,43.2304670852951,43.2041462377505
20.3883495145631,-29.7068837517869,-29.0297891089756,44.0043006315672,46.6312451067512
21.3592233009709,-28.348514042214,-25.8988942949386,43.4280442875407,47.9273047643257
22.3300970873786,-27.3790935784927,-23.0917141059181,42.7073675679222,46.9009737333801
23.3009708737864,-26.3451309022263,-21.7360910214123,42.9469074375972,47.880084705728
24.2718446601942,-21.4064197518384,-19.6515892062128,43.0318055358197,47.4440323962391
25.2427184466019,-20.0182741521801,-18.2033634212304,42.609134425937,45.2984019646094
26.2135922330097,-19.6848197868498,-12.7951533807446,42.6321097413005,42.8906806723909
27.1844660194175,-13.035650097697,-14.7201289870517,42.3089893965704,42.2551834893272
28.1553398058252,-11.1597919745083,-8.46053031926311,41.8072635551075,39.211099319853
29.126213592233,-10.2804653250028,-7.2471031995439,39.7661205293616,37.8390752571567
30.0970873786408,-6.3286302490735,-5.37245920891127,39.0041680288612,34.4673184724576
31.0679611650485,-4.40381265131162,-2.28073179467687,36.3706610439406,30.7889952627286
32.0388349514563,-0.946525160862995,1.45890742343111,33.8555367580157,27.6832858605107
33.0097087378641,-1.08622574594463,5.30983482140754,29.0998707336181,23.3267761173665
33.9805825242718,5.61465974442401,6.95809463913564,27.0830824295151,20.1353057911455
34.9514563106796,6.97129517973054,9.03505325048972,23.5075605637237,18.9390637033855
35.9223300970874,10.710855995244,12.0280800712283,21.5672163657285,16.4016472864377
36.8932038834951,12.5141797950617,16.3391036765801,19.1677724441518,14.6643095410056
37.8640776699029,15.34557465655,17.7976990859437,17.8257699215777,12.0541865446755
38.8349514563107,19.8676998436154,22.0624339643655,15.5932880859142,10.9749142623193
39.8058252427184,21.9194018194385,23.0667732905695,13.5612661520358,8.9373592096452
40.7766990291262,23.4764924496624,25.7366737744452,12.2748457215033,7.47360185488702
41.747572815534,29.0181242325266,27.6256188819386,9.82229270012598,5.49893992658752
42.7184466019417,30.6006697244311,30.7010630751727,7.97915054706921,4.40895688939278
43.6893203883495,32.9800549725351,32.5990328216509,5.80944097935427,3.35724518961347
44.6601941747573,35.3540818752542,33.1206138355796,2.96057603509166,1.63327641685366
45.6310679611651,35.171515378094,36.3663942714662,1.16076063690244,-0.274455881347104
46.6019417475728,35.911601394146,36.8311076748839,-0.174215720653364,-1.56009224220954
47.5728155339806,38.0654045834648,38.2450723101526,-1.78500758361819,-2.71422418044001
48.5436893203884,39.3814724008036,41.33886931073,-3.28912963574533,-3.44793545344309
49.5145631067961,39.8936068135579,41.6532202536332,-4.24270397784159,-5.50857220015262
50.4854368932039,40.7654686325919,40.5906698580036,-6.30315785899301,-6.78086195733756
51.4563106796117,41.9694738558182,40.6516691507801,-7.80824711482179,-7.26379059743217
52.4271844660194,42.1065950173475,42.9313123753594,-7.4614808896329,-7.83954705026082
53.3980582524272,42.2242847364354,41.8070587097616,-8.20380394142405,-7.91976310767188
54.368932038835,43.8645498014208,42.8252480720661,-6.70337037723333,-6.76529380490754
55.3398058252427,43.0083612172098,42.8861484315321,-6.4947701359374,-7.27158332221134
56.3106796116505,40.720828261167,42.3108582054437,-6.06743247454502,-6.41460436337997
57.2815533980583,39.4205569967822,41.525404175906,-7.05084334733961,-5.63979706814407
58.252427184466,39.7964494884083,39.9568652663942,-6.56937957337241,-5.96683250433543
59.2233009708738,36.6027545272501,39.3320728363963,-5.42244254694262,-6.12941038458529
60.1941747572816,35.2737448003454,38.1124166435753,-6.10064392799827,-6.00959322269844
61.1650485436893,33.979996316491,36.1961019288687,-6.47434152419559,-5.98448320819869
62.1359223300971,33.1099895624245,34.921861754568,-6.41809178870161,-5.60463111922025
63.1067961165049,29.9745334314312,31.7662328025092,-6.2598903173032,-5.006941278609
64.0776699029126,27.9701893535932,30.9299419251896,-5.9502477953702,-5.79326950045404
65.0485436893204,26.8586548455772,26.5923369469022,-6.28646775787724,-5.12407467001315
66.0194174757282,23.8253763662592,26.3256054823986,-5.80766441307815,-5.42553877660265
66.9902912621359,20.5818759551264,22.1397476631071,-6.20186688175932,-5.74533120151511
67.9611650485437,18.4394850052929,22.5972137138546,-5.68335732398903,-5.84150089916747
68.9320388349515,16.6739557647846,18.1846272712301,-5.39735607578725,-6.16148857407626
69.9029126213592,11.0936611875108,14.1072193667773,-5.9451215429893,-4.96538016196397
70.873786407767,9.5018789688431,12.7248299286912,-4.59933274652491,-5.53151638735105
71.8446601941748,6.37644718673204,9.56248206471251,-5.88501250839259,-6.28099688577119
72.8155339805825,5.94951223794954,6.30067617904989,-4.59786851875912,-5.71229006446809
73.7864077669903,0.805986699500521,4.26779445185609,-5.26482052560843,-5.85517892420822
74.7572815533981,-2.28418112109252,-0.299114200560087,-5.74632210298521,-5.15805511108891
75.7281553398058,-5.34083505935457,-3.36051175279856,-5.49172237023346,-4.35035853099021
76.6990291262136,-6.69790374711408,-6.0408659001609,-4.98072674110124,-5.29266485561223
77.6699029126214,-12.95751175259,-8.65092802776455,-4.7969629599365,-4.55802285399057
78.6407766990291,-13.8757669488937,-14.8229220618659,-6.07599684893163,-5.0620784125779
79.6116504854369,-18.0477407700906,-15.906613323314,-4.97034969841955,-5.19193056685904
80.5825242718447,-21.7283035608502,-21.3068834231723,-3.91557116547754,-4.65274044521807
81.5533980582524,-23.8493436648462,-27.042387026876,-4.04695478007517,-4.1823601804367
82.5242718446602,-28.5321169595198,-28.2037530291144,-4.69520144619498,-4.35036508772377
83.495145631068,-29.6526763488586,-30.871545692599,-4.35960683918579,-3.53358074622981
84.4660194174757,-32.7708050000328,-33.6017705699785,-4.18016319526613,-4.45939857842899
85.4368932038835,-36.7867294873108,-37.6691643427604,-3.08578349828881,-2.57732633293421
86.4077669902913,-39.0573687979165,-41.2867226254687,-3.23930577936053,-2.3131912435896
87.378640776699,-43.3262418091967,-42.8014071995995,-2.76178249235227,-2.2687210427818
88.3495145631068,-46.7300969868017,-47.3671440095216,-1.27979782920559,-1.04569083473878
89.3203883495146,-48.6902633530686,-48.8363840904948,-2.32280475504743,-1.72050339971359
90.2912621359223,-51.5785401840031,-54.0724763429272,-0.993872939303007,-0.315565301129249
91.2621359223301,-54.7279291357129,-57.6784050665627,-1.18814946054004,0.0591548057421837
92.2330097087379,-57.9418563194428,-60.1932273663217,0.543376630977354,-1.50976875810089
93.2038834951456,-56.5744483750487,-60.8016290642278,0.958069729454797,-0.586165315063211
94.1747572815534,-59.6308935961562,-61.7130079692878,0.850392840336669,0.883640746361584
95.1456310679612,-59.6226706942405,-62.3918916476639,2.99695737931766,2.30105586624872
96.1165048543689,-61.8965471737572,-65.0696315219379,3.14242421838716,3.08842678072493
97.0873786407767,-63.1575057053917,-64.3592574252788,3.30953648198083,2.69477969309723
98.0582524271845,-63.9809602882513,-65.7980722837828,2.35166492733742,0.839425244920187
99.0291262135922,-64.0191221814557,-68.3170469727406,3.83352010491911,3.09866807280388
0,-66.4767942051587,-67.6984618658353,5.78133101295515,3.05686935631916
0.970873786407767,-64.4932719530938,-68.2032116330461,5.4537747375533,2.91631309670868
1.94174757281553,-64.1088025437741,-66.2872931087546,5.15168180059704,1.8700512155022
2.9126213592233,-63.2796523286919,-67.5110318984424,5.88442370724169,2.73148268363816
3.88349514563107,-60.6079700881405,-65.8112367175471,5.29740656009169,3.46519490105331
4.85436893203883,-60.2310233111322,-64.9099921934085,9.17101991393316,4.17429273063078
5.8252427184466,-58.3952928197305,-61.6060428660128,12.7912113603057,7.47369037116078
6.79611650485437,-55.8431641471718,-60.1372912647329,18.0019518405006,11.2804639839496
7.76699029126214,-55.3107998941838,-58.7196495055139,22.9045285419349,15.5496250127954
8.7378640776699,-54.4634659519164,-55.9623268598505,25.9066722800966,19.1453845812137
9.70873786407767,-52.0118158568922,-56.862085574006,27.8531239619441,20.5423737724323
10.6796116504854,-48.7194426164322,-53.2610532864507,29.9695719058906,23.1943505027568
11.6504854368932,-48.8596709052236,-53.2446692721889,31.5559799870356,25.2528367285736
12.621359223301,-45.9169675506156,-48.5019109290298,32.8565914859137,27.6412097628129
13.5922330097087,-47.0070266036234,-48.30784720011,34.8996557452007,29.9828727443446
14.5631067961165,-43.5640659373003,-45.3765401303403,37.9834944118914,31.0695236380386
15.5339805825243,-39.5294555745699,-43.6339768198771,39.1612603283391,33.8138553103503
16.504854368932,-39.5643849555305,-41.4577668963678,41.0484198156082,36.6909435118672
17.4757281553398,-36.7188812848142,-38.5485053551238,42.3112259667255,39.1682147311918
18.4466019417476,-35.5894551905916,-35.5206069899515,44.8448469739005,41.7867304379425
19.4174757281553,-34.0813468393241,-33.8203388463022,45.6520914903733,43.5177016952681
20.3883495145631,-32.2190862877973,-30.1312127365468,46.4629452578748,45.0153011344842
21.3592233009709,-31.3880133762086,-29.7736523154648,47.6309753481563,45.7717853174595
22.3300970873786,-28.8590380563448,-26.5687551597923,48.5762589791566,46.7555504070724
23.3009708737864,-25.1214412566155,-23.7955111389141,47.5612368575692,47.4260583574924
24.2718446601942,-23.0410886527719,-20.8021254275909,48.0767397774546,46.5855983524716
25.2427184466019,-21.7528383561049,-20.3206587534508,47.2855426875655,46.0352494936702
26.2135922330097,-19.8377590269794,-17.0876154312966,46.2552382286477,45.6992247762656
27.1844660194175,-15.7381429576007,-15.77310292292,45.4979490950415,43.2203733054899
28.1553398058252,-13.5868902604716,-11.4801114346518,45.1486317198085,41.4656870079747
29.126213592233,-11.3252544857066,-6.68941212235059,44.8202101762393,38.3536637291619
30.0970873786408,-8.58609321489519,-6.09266427118708,42.1416463348709,35.8357988038187
31.0679611650485,-6.57616961253368,-3.50990046033057,39.9572377827323,31.8457791439476
32.0388349514563,-4.08480300065216,0.679276897939475,36.7652618570308,27.5170099652077
33.0097087378641,1.6681887694347,-1.22231061153105,33.3175478861849,24.4027877556489
33.9805825242718,5.2950750693258,5.23944859725968,29.2153365328901,22.3890845731233
34.9514563106796,7.0000051175392,7.54982612900658,26.0719721980085,19.0032703826132
35.9223300970874,7.73964451181041,10.2511331636478,22.0630482935806,17.1515118189837
36.8932038834951,13.0725662306484,12.8286099175485,19.7221196748763,16.3473200345766
37.8640776699029,16.1793708743582,16.2144588527427,17.1150620386991,14.6838873040559
38.8349514563107,20.5446962348051,19.5142552355432,16.7609442721366,11.794654385974
39.8058252427184,23.2090690705011,21.6402123504834,15.6184799498622,10.264092562393
40.7766990291262,25.0401278615222,25.383325793179,13.5700109640087,8.10541921985811
41.747572815534,29.9001152273275,24.7921285150717,10.7853545997046,7.20462339157019
42.7184466019417,30.167323888618,30.052122050249,6.68929631478335,4.62495161198742
43.6893203883495,31.7770124438068,30.332650832525,4.65339669956896,2.2332548919507
44.6601941747573,33.9315092285574,33.1263401227513,2.8078816514594,-0.0802815731135039
45.6310679611651,36.4450709350025,32.597052948648,-0.220920978608955,-1.03195062568901
46.6019417475728,38.5689979559352,36.0067526388735,-0.90993424108813,-2.77598114480616
47.5728155339806,39.4768970559625,37.4422601816604,-2.42953410392711,-1.68050069434652
48.5436893203884,40.6806698134972,39.092976114053,-3.43271269866489,-1.66487865434233
49.5145631067961,41.2255204267324,38.8218172290217,-4.45877262322526,-4.83205526219537
50.4854368932039,41.699313109628,39.4275867991029,-4.83177370194273,-3.81968677795553
51.4563106796117,41.7787703240136,41.6215992187553,-7.06277762655562,-5.23725868793827
52.4271844660194,41.8871998537574,41.8508641614377,-6.11218318571399,-7.12705106306779
53.3980582524272,41.6379317021226,41.3841529989386,-6.22346918333642,-7.23269678878795
54.368932038835,43.1556734209759,40.1842996072412,-5.67818229421023,-5.81257398840863
55.3398058252427,40.1026381734126,41.9936604263139,-5.44784849439764,-6.57500451404048
56.3106796116505,39.6783938343254,40.0498740471101,-5.06750474662872,-5.21377244624487
57.2815533980583,40.1606565700949,39.0533140648204,-4.84727388394149,-5.26489056169409
58.252427184466,36.9447907876733,40.7322331188555,-5.57342935235428,-6.27186180199026
59.2233009708738,36.9985836987316,37.6578612554958,-6.2841239338242,-6.3752420519188
60.1941747572816,36.560004537524,36.5422184415112,-5.13342311140566,-7.75289446912963
61.1650485436893,33.9669015457331,33.3666762282392,-5.61082525251678,-6.88655678177753
62.1359223300971,31.1993451659261,34.9689393270276,-6.06959676753598,-7.04152101251704
63.1067961165049,32.0996027539873,31.3389886324871,-5.98703790954901,-6.59224035983217
64.0776699029126,28.4517546278987,30.29751340913,-5.36594552905917,-5.79076421769191
65.0485436893204,26.8233250110014,28.8835972441026,-6.23066948393788,-6.12480603334188
66.0194174757282,24.274815013344,25.5291964368658,-6.13892852721949,-7.1084176776139
66.9902912621359,24.0226484196201,22.1200255645211,-5.64161366017016,-6.36612547636309
67.9611650485437,20.1499935285315,21.888568155482,-5.79836938548796,-5.82510544403313
68.9320388349515,16.417984584815,16.7234787761586,-6.03431599749648,-6.10824237365214
69.9029126213592,13.8430834655404,15.551521150809,-5.24257990268371,-6.09068077205331
70.873786407767,10.8727821776875,12.6651134722699,-5.8839470453219,-6.07119332990798
71.8446601941748,9.35648777038844,9.86380641978101,-4.60615051381039,-5.72562634383339
72.8155339805825,6.93751304802043,6.3412048729291,-5.01663535139451,-5.94595360994913
73.7864077669903,2.8464788438364,4.84608153130817,-6.25191527584484,-5.32873837532411
74.7572815533981,0.117030526205127,2.90525400948161,-5.68805140504858,-5.43889291647259
75.7281553398058,-2.37883483086181,-1.21266173523052,-6.04839655920436,-4.73297974168066
76.6990291262136,-5.73157662738166,-3.10344539036239,-5.35988754566091,-5.13972778652575
77.6699029126214,-11.1861385876504,-7.67701796414301,-4.75420055497512,-4.30335930597074
78.6407766990291,-12.9855877492976,-11.6050239337749,-5.78924746167247,-5.20394988954012
79.6116504854369,-16.2783303240404,-15.5910609921869,-5.15614489930123,-4.65903992638327
80.5825242718447,-19.5730787813558,-18.5337363497277,-4.85814117758437,-4.72448604489532
81.5533980582524,-24.4759587341939,-22.9222583967773,-4.58825614875665,-3.97988485646441
82.5242718446602,-26.0477392832045,-23.4736917273714,-3.04838980141403,-4.90200693851014
83.495145631068,-29.1581992507849,-27.6636076589365,-4.56992564214617,-3.6440318429146
84.4660194174757,-34.3130549029891,-30.6907807106682,-3.10546276466168,-4.54116056480504
85.4368932038835,-37.3119741335332,-36.5207020841596,-2.72283722718622,-3.57210613038792
86.4077669902913,-40.037499619724,-36.0946370362935,-2.26644920422142,-2.44642732983647
87.378640776699,-42.2107015815691,-40.7640667935584,-1.76192429486431,-3.00824282241517
88.3495145631068,-44.3283100461141,-44.775030649465,-1.45500665210613,-1.43976861352208
89.3203883495146,-48.1538354728095,-46.7220236219206,-1.31226395868949,-2.11699472528307
90.2912621359223,-49.7503798721431,-51.9223279526542,-1.3596437810106,-0.170748474546992
91.2621359223301,-53.3824399224471,-54.37769014833,0.9183215801589,-1.1878737894426
92.2330097087379,-54.7128952972935,-57.5537797382939,0.712424533269344,-0.0759968010114568
93.2038834951456,-58.1891517234205,-59.5308869165095,-0.243849537657471,-0.423674400686394
94.1747572815534,-60.2781563189088,-59.4513313263271,1.13640106626478,0.0506002417455967
95.1456310679612,-63.0496604407185,-64.3763246572066,3.61886369040736,2.23789993203229
96.1165048543689,-62.480620143503,-61.5938135682499,4.35134862614887,3.68655358397885
97.0873786407767,-65.0719295700467,-64.8282592509573,3.55799588105394,3.66954649018466
98.0582524271845,-64.2006077915159,-64.8736256522393,3.75578210779019,2.49433577004527
99.0291262135922,-65.9105634293758,-65.5857232409169,3.79727460515521,3.11485090735859
0,-53.7565324640555,-60.5498481029877,5.55295906200508,4.73402814139381
0.970873786407767,-55.6911530732671,-58.8892424117156,6.46221198674474,5.81607741611569
1.94174757281553,-52.9384861785606,-58.8476679059401,5.86236032806464,7.34271517410096
2.9126213592233,-50.9493303449806,-55.8700182364446,5.41274379627783,7.55617232165734
3.88349514563107,-50.9872595606193,-55.2815591441776,8.00211440094022,9.06923600836626
4.85436893203883,-50.6666311368391,-54.7664409874779,11.7667247853804,10.7633577059536
5.8252427184466,-49.2362939625913,-50.2096027194772,15.2540717936999,13.9767364042595
6.79611650485437,-45.5265034049889,-48.4107319870528,19.4469558984686,16.7789821490969
7.76699029126214,-44.7757203665458,-47.6057164276152,20.5087068512969,18.7445206623889
8.7378640776699,-44.5337361725105,-46.3035670520183,22.2901941265448,20.924299217298
9.70873786407767,-42.4305181459911,-43.9440143286062,22.9537972259286,23.5356079021777
10.6796116504854,-40.4246142823593,-42.7720951631281,24.7484380670721,24.9965769145172
11.6504854368932,-39.9520674640417,-41.6516759379723,27.3520769744686,25.145087254763
12.621359223301,-38.3490981534615,-37.5583508058476,29.4178202529751,28.5743827081169
13.5922330097087,-35.6026357699624,-35.6932591159158,30.7604698135007,27.7098170044783
14.5631067961165,-33.4707623940354,-33.3606854640831,33.6890345461909,28.8551473009151
15.5339805825243,-29.9493293758663,-32.268177512921,36.0788120047202,29.3197229810344
16.504854368932,-30.320913535287,-31.4145577152111,36.0353580867509,30.1847856668386
17.4757281553398,-26.9279483844026,-28.5492210754113,37.2010077753126,29.569587997478
18.4466019417476,-25.2679370178846,-28.6674774564036,37.1583117195753,30.1827602349771
19.4174757281553,-24.0135422150736,-26.4157974305523,36.4694520542627,30.898141729593
20.3883495145631,-20.2033774405126,-25.519403500992,36.4195493658154,30.4737023218305
21.3592233009709,-17.5845814267101,-19.5898521134462,35.1472969068459,30.9119135778527
22.3300970873786,-17.2667798886572,-20.2473963019552,34.225413944457,30.463310179652
23.3009708737864,-14.7115308792931,-16.4467085481382,33.917443305235,30.4104954850811
24.2718446601942,-12.4322728643745,-13.3488415371815,33.0232079441741,30.9690256549636
25.2427184466019,-9.75862977884054,-11.5296500923996,32.5075046328454,29.5538087577116
26.2135922330097,-8.38272066776,-10.2477211211838,31.9738500905903,28.1079323449209
27.1844660194175,-8.84203914369495,-8.86040244660118,29.7366194890763,26.2049292748991
28.1553398058252,-4.95375125234265,-5.34336484254503,27.1735092120109,24.9248205437104
29.126213592233,-2.08947949195867,-2.21298426050266,23.0621407859358,21.7393724383275
30.0970873786408,0.4858421707213,-0.0714402922052346,19.116515870562,20.7765620136795
31.0679611650485,2.63551583434603,5.00143299190071,17.3413930412902,19.4323579975382
32.0388349514563,5.53438190366901,6.79013099822554,15.5886387230966,17.8792057183866
33.0097087378641,7.1378187323593,8.18520918386597,14.3916602875506,15.2943776652167
33.9805825242718,9.00760496147668,11.8325893831389,13.8189099184738,14.5352623847069
34.9514563106796,11.6624218982066,14.6980436399143,13.1465884377291,12.2673652037842
35.9223300970874,14.8445413165099,15.3604637770559,11.2286410802957,10.1163581254481
36.8932038834951,16.1767581179678,15.9203959767625,11.4714764981202,7.73879764762928
37.8640776699029,21.7905192508241,20.8331940036386,11.7084906623067,7.30546000138659
38.8349514563107,22.3153806016466,24.0168294336474,11.0125567712653,5.61530479178104
39.8058252427184,23.0723307081555,26.4860437325615,10.3544010253788,4.2879497424829
40.7766990291262,25.7292147559419,28.6868670255636,9.36145662122188,3.09127115226233
41.747572815534,29.1292245387831,30.1626865145783,7.24868983887963,2.81841243816265
42.7184466019417,29.653372046825,32.7693874402015,5.16485995121553,2.06061240509335
43.6893203883495,32.0814648347159,33.8386565729157,4.3723816725425,1.43997321994067
44.6601941747573,34.2959913259699,34.5072558480175,2.44991344423793,-0.099352995616481
45.6310679611651,36.4557741701688,34.3544794734601,2.00833042861593,-0.477845201952471
46.6019417475728,36.7083501027309,35.5835813087414,0.871503863716308,-0.146901688777695
47.5728155339806,39.083692355264,34.9200073047538,-0.854926140925579,-0.318535301924936
48.5436893203884,41.6312148963925,37.8268907037645,-1.57153952767358,-0.908053540251139
49.5145631067961,43.6237528084356,39.5189440214269,-1.99324244568012,-1.13083592166311
50.4854368932039,45.6712884048272,42.7117439134414,-3.74457211279954,-3.53257164833257
51.4563106796117,47.8977041348218,45.6783218475543,-2.20770175308168,-2.65888755418798
52.4271844660194,47.2255889051101,46.0167662817295,-2.46583246547525,-2.86428507487982
53.3980582524272,46.8512223356383,47.9555484469415,-3.15169174437824,-2.7391741172791
54.368932038835,46.8312117613267,48.2235043759736,-2.75939025024452,-4.34855851614439
55.3398058252427,47.868143902124,48.0568044882948,-3.59283711898656,-2.58540314078232
56.3106796116505,46.2882959964825,48.9866440323498,-3.48925832112527,-2.94821055785226
57.2815533980583,43.606709326478,46.812033894005,-2.58817829137873,-3.39460653403016
58.252427184466,45.2590902710978,45.417603565622,-3.12163768118876,-4.40135829977586
59.2233009708738,41.8453112075692,45.0760776569212,-3.24208601552568,-3.82730582364599
60.1941747572816,39.8967229421351,44.4136881736879,-3.3960573128559,-3.8942392830658
61.1650485436893,39.094309015346,39.873078383169,-4.16543213569442,-3.71361621329269
62.1359223300971,36.4101775371769,40.7721191469401,-3.42571420473392,-3.17289812480022
63.1067961165049,35.9741179051357,38.565390072223,-3.02088866674532,-2.8358101206944
64.0776699029126,35.3500893922568,35.9193004359106,-3.29378428382607,-3.07673502497629
65.0485436893204,32.1711517945197,32.8146570098993,-3.97676594422773,-3.75784088888854
66.0194174757282,30.1689829297359,32.4102149420798,-3.91102625046666,-3.6645228787917
66.9902912621359,27.727149169979,29.7610181316039,-4.25458177455343,-4.75480173698469
67.9611650485437,25.5228143440944,28.3159638574148,-3.90682843903478,-3.91430025502747
68.9320388349515,22.621335113037,23.0621724430747,-3.29821297938413,-3.83041988903859
69.9029126213592,19.2541308963319,20.1227726293079,-4.48436444526117,-3.15064168692835
70.873786407767,17.287910307736,17.5028579083672,-3.20725867541501,-4.28618255627625
71.8446601941748,15.2779436410787,17.1810556371214,-2.47333339810913,-3.46747496475332
72.8155339805825,12.1226068421535,12.4639302228049,-2.72320741281481,-2.85688006373546
73.7864077669903,8.44378243482885,9.27909007815148,-2.91734224208472,-2.95679289361238
74.7572815533981,5.74294466757346,6.05441871976826,-3.1028217043485,-2.56529608478801
75.7281553398058,4.02589472869769,2.58157587990367,-3.09101811043879,-2.12098344050737
76.6990291262136,0.410241899679716,0.518457047226249,-2.62953156029655,-2.22273712857545
77.6699029126214,-0.749972761057742,-1.91215479430041,-2.44547116828609,-2.21254986977071
78.6407766990291,-3.4852285818482,-4.0702282219498,-2.8371447043865,-2.65564082453545
79.6116504854369,-7.09430004665991,-10.8826455468797,-2.65038569874972,-2.41648242141729
80.5825242718447,-10.5812162561073,-11.5096916879402,-2.09482568793473,-1.34369057127681
81.5533980582524,-12.0691741481857,-13.5229909622986,-2.71955059677368,-1.85266082973017
82.5242718446602,-14.596603510682,-16.5144165317755,-1.80433220897363,-2.00611046855949
83.495145631068,-16.7073646729411,-19.9133280356337,-2.57554613145422,-2.49288190586377
84.4660194174757,-20.6928036069573,-22.9677876542841,-1.96995571208942,-2.78340587963178
85.4368932038835,-23.3149996706021,-23.6597474774881,-1.36429842690218,-2.04451410156317
86.4077669902913,-23.3262685985353,-29.4687866153726,-1.53181917174902,-0.824348092736449
87.378640776699,-28.5706030491662,-33.2942247114487,-1.42309378584057,-1.83456587052757
88.3495145631068,-31.1633992201554,-35.314639826698,-1.08157870349818,-0.525517203355251
89.3203883495146,-33.5052958228519,-38.1178772832962,-0.946227578126975,-1.64214878451156
90.2912621359223,-36.9635274436234,-42.001124256421,-1.31628451890989,0.360155033257053
91.2621359223301,-39.6673852471657,-44.6207924645094,-0.0213364293120983,0.762842075740291
92.2330097087379,-41.8045878120912,-48.2959943598255,0.833620099944565,0.417170930887959
93.2038834951456,-46.3809114123177,-50.569166967388,0.722822001538551,0.780995830362284
94.1747572815534,-47.7790767140641,-53.1710711171859,2.36928429743391,2.84125055361735
95.1456310679612,-47.9667853618868,-53.8349406209406,3.06204762995529,2.99177908478047
96.1165048543689,-52.3715406194049,-56.0656898354381,4.81216358869131,4.68916126054405
97.0873786407767,-51.6382135975047,-58.9715489469012,4.2255284149857,5.13362477539093
98.0582524271845,-52.7097356885049,-58.7555269486682,5.62716589760076,5.62489525846131
99.0291262135922,-55.457114538783,-60.1949353068322,6.75644215624506,6.68561850459037
0,-49.7349727321638,-60.9109464797134,5.72294030109409,5.14424532503556
0.961538461538462,-49.3260084134119,-59.3800607617239,6.614628564083,5.47056725682316
1.92307692307692,-51.6740434583283,-59.9640497218154,7.35103884388624,5.3328147059477
2.88461538461538,-49.8102376611264,-57.4016547038871,6.07390792354687,6.93211872692897
3.84615384615385,-50.1959823767744,-55.9696849423796,8.38853475185868,11.1287446841061
4.80769230769231,-48.4169296192879,-54.3185286414249,12.0183905332176,13.6172059539367
5.76923076923077,-47.0802812654132,-53.1615663434224,17.0411397689026,18.4968800227749
6.73076923076923,-45.0166927129316,-51.3664194631098,24.2783586841421,21.0469198682715
7.69230769230769,-42.4678555570526,-47.7632735260265,30.494160761424,22.2441080970995
8.65384615384615,-40.6076156820502,-48.1096222855768,34.644901921698,24.7892043047144
9.61538461538461,-39.6052919102734,-45.8277135117296,36.7345380610021,25.5489252165214
10.5769230769231,-37.7274961437121,-44.0235682783099,37.949893057394,27.0719864769255
11.5384615384615,-34.1006413831794,-39.7520170643893,39.8330690019307,28.0355784697655
12.5,-33.7799282166871,-39.1029640332434,41.881028764153,29.4350060240235
13.4615384615385,-33.428721559385,-40.5787888090123,44.219959227956,30.0884394767339
14.4230769230769,-28.9269730085354,-35.4198957865005,46.4714929934455,31.7997861413775
15.3846153846154,-27.5313322193614,-33.8172463862754,47.0112340698525,32.8389288708715
16.3461538461538,-23.3465755268016,-31.1853303310966,47.2295920047077,34.0832693209224
17.3076923076923,-20.8917210879,-30.1924726099963,46.9924067539666,34.4738952837414
18.2692307692308,-18.1635165218299,-27.4821098488414,46.5057706008816,34.6729908849619
19.2307692307692,-16.1623164681915,-24.5806833575515,46.2464068080148,34.3229629840316
20.1923076923077,-15.411718115688,-23.6624160487094,45.8438365866628,34.8798608050566
21.1538461538462,-12.4753672396275,-20.8247585248081,44.2807448893784,32.8366889817045
22.1153846153846,-9.51757393539014,-17.2219175333497,41.3469099228747,32.5378686990391
23.0769230769231,-6.70921260672019,-14.3317684986445,37.9244666949347,30.0877048707619
24.0384615384615,-3.85850523595242,-12.821461043996,34.5373990799107,25.7753134799166
25,-2.39120018971896,-8.84407655097015,30.1812915402268,24.5393927351535
25.9615384615385,1.79462866081607,-7.55178352699805,25.6269195575112,20.5527878172329
26.9230769230769,3.00988419403018,-3.49856333953876,21.0179281278616,18.8208529633077
27.8846153846154,5.98611853170722,1.03615592043554,17.1055058719307,16.729897430222
28.8461538461538,7.69415414539906,4.63493140907187,14.5855602041041,16.1414462561672
29.8076923076923,9.78459053073367,7.66406608905973,14.1312946158486,15.6100925964842
30.7692307692308,12.3287331310269,9.03600573147769,11.9608349119794,14.6428397436076
31.7307692307692,14.5100780596884,12.3771788375475,12.3147802714924,13.1499522513289
32.6923076923077,19.5849403833819,14.3753569946441,11.5567390114657,13.3281484385795
33.6538461538462,22.0851743018203,19.72574833089,9.30003385224483,11.8924494281241
34.6153846153846,21.7963265290607,19.7004985177691,8.74989025287158,11.2488396235163
35.5769230769231,24.8410345156142,23.5431560870233,6.80843543035713,9.6475285835299
36.5384615384615,26.6418602703814,25.3111339528271,4.7017559455213,7.55529596822423
37.5,30.590467710106,25.1075374168414,1.91113295480039,4.88055459351948
38.4615384615385,32.1416393050419,29.9978222552862,0.314894778159491,1.85716145331844
39.4230769230769,34.6154003815729,28.5725213263107,-1.62777841789798,-0.142303015698555
40.3846153846154,36.3834173497188,32.2284480392818,-3.3160182088702,-1.4122041683178
41.3461538461538,37.2955274221181,34.4878580555654,-4.25083416275441,-4.66438978208802
42.3076923076923,36.2527530274966,37.9174184077422,-2.41750392286822,-4.32571074713653
43.2692307692308,39.1052062433375,36.7591624203796,-3.33960935571145,-4.09640112722194
44.2307692307692,37.8339672169704,38.9489286161018,-4.13911861132809,-5.04930453438212
45.1923076923077,37.8005975696441,38.1350956731642,-4.34372358654587,-3.98622832508967
46.1538461538462,37.292487302459,36.9031207170629,-2.51144847020887,-5.39778603350159
47.1153846153846,37.5723437151807,37.8065816958608,-1.53910531773442,-4.21772626694216
48.0769230769231,36.0447960048003,39.2203116439935,-1.35354023868279,-1.52322140544349
49.0384615384615,37.8713968736018,38.5896345952442,-1.77076441364106,-1.2501940917064
50,38.2209418632676,37.7217446987613,-0.487827177508987,-0.968031917127043
50.9615384615385,36.7949372762351,40.3695245636752,-2.49242597173057,-2.12452420988215
51.9230769230769,37.3273204665977,39.4677585657895,-2.28710494770689,-1.95667042940174
52.8846153846154,36.9483371441166,38.0176704124225,-1.94930894423081,-2.94098740864696
53.8461538461538,34.3985850685354,36.0112630275662,-2.6921573808756,-2.3707951736031
54.8076923076923,33.4756286764416,38.1927901726062,-3.17000427013554,-2.96685251494435
55.7692307692308,32.4322704022499,36.3209472083541,-2.23289078288248,-3.17526625309828
56.7307692307692,33.9654605823641,35.8760888034817,-3.54412850831287,-2.75134582491263
57.6923076923077,31.1360938983265,34.2810697335381,-2.77779995329557,-3.16857502509877
58.6538461538462,28.4060332013581,32.7853298116783,-2.99190193624474,-3.50548836382069
59.6153846153846,28.3152206096109,31.450022422058,-2.01108832627798,-3.14874228755456
60.5769230769231,24.8354258981684,30.0412716985406,-3.54258471134614,-4.38426693164078
61.5384615384615,26.7806030827104,28.1179386733341,-2.25263054543989,-3.70854850885704
62.5,21.9947882756295,27.5298423245917,-3.3170432182847,-4.10843409044849
63.4615384615385,22.3394019568025,27.2089198357786,-2.62504511981193,-3.13249255733069
64.4230769230769,20.6556723017198,24.5960498192823,-2.21735825258703,-3.98570187615152
65.3846153846154,18.6025803228065,19.4913789543758,-2.64923394754602,-2.73112515673706
66.3461538461539,15.849433997283,16.3865469685109,-1.91848325179155,-2.45131937712907
67.3076923076923,13.8680660340949,13.9893060765465,-2.96151128388213,-1.79836337090733
68.2692307692308,10.5157576895005,11.5038110910781,-3.04516255530119,-4.02336193511977
69.2307692307692,9.00941104722934,9.14630631348521,-2.99598993784395,-2.59087411585009
70.1923076923077,9.7068579653491,9.03419285467673,-2.78022251906624,-2.18137703345186
71.1538461538462,3.43897341603109,4.76907423712664,-1.68507627573861,-1.84212437000579
72.1153846153846,4.20875464646325,1.92972383279744,-1.84594193171743,-2.84775723084085
73.0769230769231,2.0901285516259,0.258483115158598,-2.46916152055013,-2.56893244627691
74.0384615384615,-2.7257015454075,-2.70943759733655,-1.86474549257577,-2.64779683312529
75,-1.34514397518663,-4.01085442580504,-1.04946007760759,-1.7616729193951
75.9615384615385,-5.31844303684264,-9.61135182171412,-1.78319069058166,-2.22497252367661
76.9230769230769,-6.9555332547664,-10.7098961380453,-1.57937009533551,-1.93855002359938
77.8846153846154,-9.41650094853931,-9.88561796528866,-1.80647681372757,-2.03073756650336
78.8461538461539,-10.1256472565339,-12.198645847754,-1.88618483281761,-1.16574287386304
79.8076923076923,-11.8518130546424,-16.2490706552445,-2.07464747323396,-1.78495114299304
80.7692307692308,-16.5636878931751,-18.6444185048539,-2.66484906231635,-3.11174093062805
81.7307692307692,-16.0873132211616,-21.06497650747,-2.80432864189571,-1.77302200007425
82.6923076923077,-16.3912706325811,-23.5423864910419,-2.57077276833994,-2.65941720083392
83.6538461538462,-20.5217722260736,-25.1373421281511,-2.55254204159175,-1.88458402105358
84.6153846153846,-22.3635157153199,-27.3490463357426,-2.18760311805378,-2.72114308516223
85.5769230769231,-24.0558454437915,-29.6758747593138,-2.81777979556981,-2.26127108431996
86.5384615384615,-28.2003769026513,-32.7951381945037,-1.36934825359148,-1.2765421829126
87.5,-30.6298323010717,-33.6401064434873,-0.94767229397568,-1.15763178863455
88.4615384615385,-31.6321798617594,-37.2057853509079,-0.0677386579704045,-0.873775126204729
89.4230769230769,-34.6955994522447,-39.5020963167309,-0.549607337051723,-1.03103722587043
90.3846153846154,-36.8127379953855,-44.1217127034528,-0.528616749741453,-1.66844178447768
91.3461538461539,-39.796001636922,-49.6051329698694,-0.137796608789316,0.00508787672539202
92.3076923076923,-41.6136433255403,-51.2137866361815,-0.38609014625268,0.970330715922666
93.2692307692308,-46.3736757605828,-52.7429331038507,0.205379772733634,0.970590164336483
94.2307692307692,-47.3839254604273,-55.8108693049752,1.80067765787223,2.99352487101988
95.1923076923077,-47.5021130665169,-57.0893829375988,2.36461618084473,3.81823517539819
96.1538461538462,-48.2299022262305,-57.9466989250139,2.05698753549339,2.89425660215992
97.1153846153846,-48.9221201226969,-56.6018435494686,4.09104421004966,3.96472612060463
98.0769230769231,-49.1913229279531,-61.4874578160705,5.68489305960411,3.98388977428297
99.0384615384615,-50.0426340505379,-60.8099491092541,5.60874252740454,4.09306906300988
0,-66.8358801938642,-68.4473138013032,5.43292233105914,3.14387486747057
0.970873786407767,-64.3916667170919,-66.9115440697137,4.5742100989022,2.24603552556528
1.94174757281553,-64.0301781457145,-67.9703936422861,5.51251819408426,1.76073113293897
2.9126213592233,-61.7704418583308,-66.7632203429108,5.00639735087595,2.03212268540535
3.88349514563107,-61.7822113626136,-64.5525832083536,6.84040071878085,2.79032489015452
4.85436893203883,-59.4168821384667,-63.7937238112558,8.65276994327797,3.45026533798642
5.8252427184466,-58.7764563888725,-62.0107374506107,13.2061913016755,7.27679308465285
6.79611650485437,-55.8760133312959,-59.9020075534534,17.3965178963908,11.2261799719554
7.76699029126214,-54.9366099402228,-58.3153859219422,22.0327115599262,15.2732617981432
8.7378640776699,-52.3312477005781,-55.6796923185379,25.6074467370431,18.073298993831
9.70873786407767,-52.5023473182669,-55.5869598315378,27.1403156999402,21.9554374817463
10.6796116504854,-49.7990984158689,-53.6207288076493,29.282131178076,23.1754820258647
11.6504854368932,-47.8744869915398,-52.1574815263284,31.4839226587956,25.3382212679943
12.621359223301,-46.5861104712984,-51.1808290377444,32.868616075519,27.7076549323399
13.5922330097087,-46.2345315056374,-46.7402334330965,35.8164190940871,28.4874461906893
14.5631067961165,-42.7932536510785,-44.3969663755792,37.929365408326,30.776177429694
15.5339805825243,-40.9383028166529,-43.5784310559556,40.2731080360016,34.3990939737554
16.504854368932,-39.6359043244319,-40.6528997756488,42.351722153936,36.3765975182557
17.4757281553398,-37.4614628354677,-38.5135566941555,43.4161624778813,38.6969366052679
18.4466019417476,-34.6059478675009,-36.7487713552954,44.9749691394832,42.3492809149402
19.4174757281553,-33.8686203477286,-34.482703950729,45.8139969942124,43.4934886864588
20.3883495145631,-32.8081311836742,-30.300647110401,46.9683893165027,44.8639032661426
21.3592233009709,-28.3915063619734,-30.5724617955281,47.6611560584602,46.4796050348791
22.3300970873786,-26.2666331486034,-25.4351971562618,47.9875532011006,47.9147304336555
23.3009708737864,-26.2488227440377,-25.0498216975718,48.5993058711258,47.3841103008517
24.2718446601942,-23.8132637913831,-20.4294412048854,47.4685941951615,46.343675053518
25.2427184466019,-20.3435292123822,-20.9224464350331,47.4288275518383,45.8937051215789
26.2135922330097,-20.9650961676369,-16.7744242547771,46.4108842379108,45.3120663750741
27.1844660194175,-16.9762313476712,-15.5017150548838,46.0884856055111,42.8723659422666
28.1553398058252,-13.613517477455,-11.7828550221362,45.066600106394,40.69322104741
29.126213592233,-11.7427035318941,-7.87878972648835,43.6011162952669,37.9678714348846
30.0970873786408,-7.62998738259613,-6.67960131771871,42.6248536667744,36.0097413747726
31.0679611650485,-5.63164113273853,-2.6559631963487,40.4146248409161,31.5469582380037
32.0388349514563,-2.17242462431343,-0.204636145906569,36.3575224239529,27.5398589880614
33.0097087378641,1.49232132391615,2.57183902348455,32.632417164357,24.719586227747
33.9805825242718,3.92853286024962,4.59979716607375,29.0767372987113,21.9766538601615
34.9514563106796,7.68523097274009,7.12095727846497,24.8660188008879,19.9575516446746
35.9223300970874,10.8014501560664,9.74017320760757,22.3499177127307,17.2037554815408
36.8932038834951,13.3437808632283,15.1745307363538,19.1079989877556,17.1674055050685
37.8640776699029,15.5582882153567,15.8526897453886,18.019179194918,14.0533015920036
38.8349514563107,19.0127723052159,19.8872093350097,17.1109685759295,12.2575514382722
39.8058252427184,22.4916754395864,23.7322481874473,14.8603953980621,10.5126713050943
40.7766990291262,27.0173270226864,25.4261599820015,12.7864040609525,9.40447445422805
41.747572815534,27.1359601350368,27.0379234292962,10.5899126347917,6.3705462122313
42.7184466019417,30.8539967668833,27.212638783361,8.57885647889056,4.88522420251245
43.6893203883495,30.965774369716,33.4330188348098,4.71610024587237,3.00399363586456
44.6601941747573,36.6181092918401,32.3963800029834,0.607038982940547,-0.251063958119313
45.6310679611651,36.459824163181,36.0327582102622,0.162998856784463,-1.52998119057971
46.6019417475728,39.0963436758109,36.3235868762803,-0.12500695946571,-2.26809300762948
47.5728155339806,39.5695145805761,38.9803519165806,-2.02661883212894,-2.12990479324893
48.5436893203884,42.1527191056855,38.0060771448475,-3.33559442735933,-2.73294428273876
49.5145631067961,42.5565461356827,40.3923513925933,-5.36572626357139,-4.32354741929395
50.4854368932039,41.7252457061495,42.1678484080462,-5.07056493235802,-5.21508024228241
51.4563106796117,42.4724470315718,38.8495486570075,-6.24549807181022,-4.26645345586349
52.4271844660194,40.7572874629824,40.8099474540261,-5.30877396597704,-5.51509542595033
53.3980582524272,41.4085268135097,41.1188220484044,-6.62727888851374,-7.17193395923845
54.368932038835,42.1532827885646,40.8258040516718,-6.28750786483959,-6.36214291881497
55.3398058252427,40.8982032986563,41.0377307351224,-5.29631305962478,-5.7950267379344
56.3106796116505,39.5063558438937,40.1329995661341,-5.59612532090318,-5.90960302332247
57.2815533980583,41.2434891513577,42.0679173807565,-5.19519597660676,-5.43184006292093
58.252427184466,39.2145306530453,41.0907686924234,-5.3560516197221,-5.71702996509973
59.2233009708738,37.8138391494435,37.055507554187,-5.50184546649786,-6.47275566568877
60.1941747572816,36.3757604971144,36.5881361706197,-5.96501233765833,-5.95951740139275
61.1650485436893,32.2189823077653,37.117383559635,-5.69841586767618,-7.01457395578405
62.1359223300971,34.0595551504516,34.0044942722227,-5.90654069246688,-6.50620715677571
63.1067961165049,33.3935852775611,32.9522870238499,-5.5799470425774,-6.47241439886753
64.0776699029126,27.9956145940517,29.5191279319856,-5.56549923506156,-5.88481869043936
65.0485436893204,25.9693165401108,28.4043212605426,-5.45013454716308,-6.33169930424233
66.0194174757282,23.0326627138791,25.7667382991486,-5.27358294877228,-6.39560260282507
66.9902912621359,23.1009893722488,23.0905580178404,-5.70892203325176,-5.57354189585042
67.9611650485437,19.7538735481052,22.4772467798253,-5.50669087893355,-6.16156837222378
68.9320388349515,16.8158528994548,20.0671281525254,-5.4098421791467,-5.7492383470139
69.9029126213592,14.2792216622502,16.4784476363562,-5.91584691215899,-5.38091402783689
70.873786407767,11.7629619525302,14.4994635313662,-5.28343621335004,-5.88162886553126
71.8446601941748,9.70403339974518,10.2153664486921,-5.90374799865202,-6.29726858075597
72.8155339805825,6.83126174477731,7.05965707767908,-5.74898112862329,-6.00325037493619
73.7864077669903,2.1707550066287,4.13731729624023,-5.93491769203427,-5.73561787868507
74.7572815533981,1.18028722698229,1.46720328975333,-5.19115628980634,-5.54754216186197
75.7281553398058,-2.11978444419454,0.365830333051263,-6.71504275772873,-5.32623895145143
76.6990291262136,-6.83956030561773,-5.19989218100509,-6.05708721420612,-4.95029102209232
77.6699029126214,-11.9520600969737,-8.11300790813325,-5.22058152796989,-4.3906398339994
78.6407766990291,-11.7512774405018,-9.75229739135137,-4.52576698231743,-4.80867680787375
79.6116504854369,-16.5547042181075,-14.8944449595146,-5.13853695506489,-5.07988503524363
80.5825242718447,-19.9670423880564,-17.8001666345087,-4.52694770589326,-3.84624791933161
81.5533980582524,-23.2574972343862,-21.4067044570166,-3.65642544138489,-4.36730020248447
82.5242718446602,-25.2830528043504,-24.2776386320175,-3.80551335786738,-4.10443838585943
83.495145631068,-29.3957731696606,-27.3017933949298,-3.50894391642875,-3.56095743322963
84.4660194174757,-34.1862514967375,-32.6583181894428,-3.47205643489618,-4.01259830671947
85.4368932038835,-36.3296921345266,-34.7319143463434,-3.61863002072422,-3.2846090472824
86.4077669902913,-38.8744022029908,-36.8031138563897,-2.36240829659154,-3.69399583651224
87.378640776699,-41.833985465927,-42.0156256739813,-1.34880766083296,-1.62992465585258
88.3495145631068,-45.8054818937741,-47.1470070587273,-1.81956052400102,-1.55411046398986
89.3203883495146,-48.2414746986881,-47.0330207066095,-0.787482904226579,-1.25465313690838
90.2912621359223,-51.6630334646476,-52.009207931839,0.274910290744711,-0.471917302233675
91.2621359223301,-54.7243767059375,-55.0477708652619,-0.147013005836279,-1.5805569562585
92.2330097087379,-55.5432803320364,-58.2066625390025,0.19398775394384,-0.597221461722705
93.2038834951456,-58.1770712654656,-59.6077649579115,0.831198141692498,-0.182992017676505
94.1747572815534,-60.8628072972525,-60.9346257590321,1.03890808801001,1.11486194336198
95.1456310679612,-61.6784181121957,-60.8222510116719,2.42683863143723,2.50678744453776
96.1165048543689,-62.6237383454417,-61.8309205748119,4.25871413664033,2.8889290230349
97.0873786407767,-62.9863213977728,-64.6620136615976,3.2875184484064,2.29677710917877
98.0582524271845,-63.2455587433946,-65.4130865336595,3.61467902415307,2.50572588780033
99.0291262135922,-64.9016007110207,-63.4205312222339,5.4179470004696,3.68730161145292
0,-46.0543007447892,-55.9236397562096,6.68402290556246,1.97118605966983
0.952380952380952,-47.9923473904839,-56.8706722207657,4.68840174096469,1.2883711812212
1.9047619047619,-45.5234145925975,-56.6083302605124,5.47061132723134,0.071511924634633
2.85714285714286,-45.7686882449811,-57.8481712638158,5.2566302274972,1.79765858796003
3.80952380952381,-41.8767916173764,-53.8168471303183,6.23607383757547,2.65658132577976
4.76190476190476,-42.2986121137474,-53.4423902769043,9.39886753228509,4.82576176453169
5.71428571428571,-38.5454327566016,-49.9387166659521,13.7861833504977,6.92935783939275
6.66666666666667,-38.9620964254408,-48.323166456539,17.8956252440345,10.2453428720834
7.61904761904762,-36.3335034492259,-43.8425384956678,23.1176104072098,13.5795378771773
8.57142857142857,-35.0815830339422,-42.7173515448818,27.7664891763069,16.475200208624
9.52380952380952,-32.4099488879259,-41.5248978612888,29.6436028304424,17.4864743912639
10.4761904761905,-30.7114067451194,-40.6725025287809,31.4905931217406,19.0709590917762
11.4285714285714,-29.3990054095755,-37.6254138966946,33.3010811069214,21.8708035042939
12.3809523809524,-25.4662205859466,-37.6621910906591,36.0189140897603,22.7244511799646
13.3333333333333,-23.011146789129,-35.5543395220272,37.0838336640578,23.8659136644923
14.2857142857143,-22.4991369230966,-34.5135595066616,39.1402774549538,25.4398138670249
15.2380952380952,-19.3154338035898,-31.3738988412539,39.5642909777595,27.1889928819766
16.1904761904762,-17.9247117423526,-29.0210359372695,41.0899691727365,29.1570433418422
17.1428571428571,-15.5256818114043,-25.7488377032571,41.1114923579167,30.1197388121156
18.0952380952381,-13.7285564379122,-25.4141986138894,41.6320013552498,32.9016832802683
19.047619047619,-10.3384453066021,-20.6782184647792,39.9019227149242,32.9917175743892
20,-8.41731225885253,-20.0732439723742,40.2276597779667,34.1312013599143
20.952380952381,-6.48255693903201,-17.3791530568888,37.6900813262022,34.8783138023167
21.9047619047619,-4.13827020040009,-15.8846229507518,36.9023735668283,34.3836037968269
22.8571428571429,-0.441855108823138,-11.1317548041048,34.6880798781681,35.0906530135121
23.8095238095238,0.266929286613502,-13.1088364237829,33.1360924718098,34.0565548076977
24.7619047619048,4.54074819252226,-6.98302193587714,30.3131090913624,33.8713370429905
25.7142857142857,6.15397756704278,-6.5859954480658,27.6878172457412,32.5163563194683
26.6666666666667,8.70463206893394,-1.32224694458202,26.2464730102919,30.2718511196756
27.6190476190476,11.5466389759972,1.72922282800262,23.6105128407896,27.0916569908641
28.5714285714286,13.1249740732616,1.02620364022897,22.4291705757863,25.5532714138335
29.5238095238095,15.3428258123894,5.17824523356561,20.6524306683246,22.0497629894792
30.4761904761905,16.9048498488455,8.96231671017178,18.3200662164711,19.5633778884847
31.4285714285714,20.8433151719237,11.7594886993921,16.0692754138648,17.1844514782838
32.3809523809524,24.0657353899092,14.8027053002575,14.4062327521502,15.1957695983355
33.3333333333333,25.4968049602933,15.3371600209348,11.1172206625065,12.1820600564443
34.2857142857143,26.7999644197816,18.5619812647037,8.00042521666455,9.27095239699622
35.2380952380952,29.1264440313024,20.9974265855082,5.81669947250196,6.07646826211384
36.1904761904762,30.8977755870892,26.1693347990618,2.49038371449966,3.10179905339212
37.1428571428571,32.3521734437556,24.5686431911721,0.941530693824059,0.711181250111923
38.0952380952381,34.6441557040075,27.7153263049924,0.143953410342882,-1.19155859747909
39.047619047619,36.7396938052558,26.5533804706065,-0.196275695445025,-1.99941338475695
40,39.1163574325644,28.6936895286395,-2.56187990080703,-2.48980865470964
40.9523809523809,38.3115670375702,29.7645331157524,-4.1670293525648,-3.89871051269656
41.9047619047619,39.6169602481881,32.4038567405908,-5.10037723578837,-5.82684574947984
42.8571428571429,40.5433973002473,35.8865434664006,-5.32232348982155,-6.95911936800264
43.8095238095238,43.1642456646346,38.9363702580101,-5.00444026174178,-6.00560709202208
44.7619047619048,41.3808054336653,37.1906796204949,-4.19272770776775,-4.14052299148625
45.7142857142857,41.5899685561337,35.9376534141771,-2.3098393475733,-4.38805927374465
46.6666666666667,41.5782596288563,35.6733282495383,-2.36549416902224,-3.80229834801601
47.6190476190476,39.7321362315758,36.3771828775406,-5.30049085693666,-5.26958148172522
48.5714285714286,39.9219035033253,36.8441242797097,-3.72671572674258,-1.48970823324812
49.5238095238095,39.84876634369,39.9480713732048,-2.19970465593949,-2.26976689258195
50.4761904761905,40.2959488692101,36.2622045608266,-1.98721118503518,-2.78828198008102
51.4285714285714,40.3169978486828,38.4993294442699,-2.65988015362497,-2.58527629395809
52.3809523809524,39.8239077843184,38.0707618069722,-3.01377704810889,-3.82133226701767
53.3333333333333,37.4484351675896,36.8548463276854,-2.94650280119638,-2.66601695051371
54.2857142857143,35.8531771337234,34.7467915899706,-2.74287338290679,-2.75846939707902
55.2380952380952,34.7436533705821,35.401622982099,-2.84209544705161,-2.89887237667644
56.1904761904762,33.8415963075529,33.7078757855492,-2.92407209061616,-2.89277642757718
57.1428571428571,30.6260296182845,33.4120765858763,-3.15215523356863,-2.77072652228978
58.0952380952381,31.2893822991064,30.0842901662167,-2.22715846648429,-3.71999087345913
59.047619047619,29.9971945478784,30.3890096776694,-1.79312966880194,-3.12552598020788
60,27.3148823743631,27.6354678056459,-2.00837519838536,-2.17882376526154
60.9523809523809,26.0638550777473,25.8533581274925,-1.84449100117834,-3.12802268688835
61.9047619047619,23.4038515578904,26.840218446266,-1.82862742005171,-3.18318152409398
62.8571428571429,22.937777353056,21.8288211101619,-2.10543812647681,-3.11758604333669
63.8095238095238,20.2950375731403,21.9582617127639,-2.70242382900564,-2.61464746722411
64.7619047619048,21.1881190409055,17.8659369781364,-2.74077214913932,-2.25659760302228
65.7142857142857,17.2489575886114,18.0941912510439,-2.12376351434899,-2.81653854016932
66.6666666666667,15.7165717962235,15.7975673678826,-2.10284316115514,-2.91263634640549
67.6190476190476,13.0554761203102,11.3222975577267,-1.7731134656521,-3.09438531389339
68.5714285714286,14.0888475514649,10.4444510993749,-3.56352842676535,-2.2190222950929
69.5238095238095,11.0840075856182,10.0634217047141,-2.75811124749865,-2.85419599827592
70.4761904761905,9.19856580033957,6.44080476475857,-3.21768733220824,-3.03314668272274
71.4285714285714,8.85484902495834,4.68053606375626,-3.03942309227426,-2.31156562340239
72.3809523809524,7.66187309523492,2.30167009866866,-2.98966662837589,-2.42938231653314
73.3333333333333,5.67520780321436,1.10866184456753,-2.88535832037571,-1.99757628444848
74.2857142857143,2.7478775014572,0.74885614100041,-3.56198693314305,-3.10626175796832
75.2380952380952,1.18733877410344,-2.26853717230239,-2.52039436419285,-2.86226881712847
76.1904761904762,-0.8824291295575,-5.42998935027366,-2.87354072506655,-2.64970143260059
77.1428571428571,-2.99138378702646,-7.62979098149682,-3.01208400031582,-3.09400337961462
78.0952380952381,-5.93196613753101,-9.33388651837659,-2.60698517305799,-2.23413376631519
79.047619047619,-7.47926693306684,-13.4952026307425,-2.85728135480313,-3.48224272086383
80,-9.32053399628276,-14.9115491083361,-3.05427573650588,-2.99422464235618
80.9523809523809,-11.3700970222582,-17.4401961164704,-1.84057239983218,-2.97668841788298
81.9047619047619,-13.6474239496826,-17.9786531373987,-2.25668932543298,-2.94944440019818
82.8571428571428,-18.1070438577045,-22.9830014800177,-3.10241939096504,-2.80951528048092
83.8095238095238,-16.6911828461363,-25.2790635493042,-2.12021562065965,-1.9805892944689
84.7619047619048,-19.0331748902042,-28.2423466693754,-2.49146517301467,-2.46493421340115
85.7142857142857,-21.2862346041911,-29.124611860595,-2.39002605096227,-1.78406015853192
86.6666666666667,-24.3552080601057,-32.1856202460627,-1.60708848668519,-1.3502319343551
87.6190476190476,-26.3316354563342,-35.1034160351398,-1.46436925514423,-1.44131862413158
88.5714285714286,-29.6017391738132,-39.0333572991574,-0.953463569326404,-1.521091104975
89.5238095238095,-32.8469143880067,-39.6265462500212,0.086887538907512,-0.625837378605269
90.4761904761905,-34.5601477058738,-44.534185553488,0.700088719287635,0.300783973916647
91.4285714285714,-37.7506567515328,-47.4700567677447,1.03504924557573,-0.0993133116418885
92.3809523809524,-38.3162950028906,-46.963849643582,0.92132532543135,0.0296721039832676
93.3333333333333,-40.7688696306137,-48.9173388920774,1.16887273151188,1.97472908201921
94.2857142857143,-41.0028921281318,-50.5337202369241,2.54204221395113,2.22146958882606
95.2380952380952,-43.8395617730515,-52.3567353108293,3.04658958220481,2.63868220677809
96.1904761904762,-45.841174066052,-55.9572620014882,4.64184366488614,3.6868966081114
97.1428571428571,-46.775413888961,-54.6145771049908,5.55043581291348,4.69027253217379
98.0952380952381,-45.7941204494776,-54.9119065777004,5.77614190357423,3.90859318062564
99.047619047619,-46.6489552168803,-56.2422348733512,6.31439129360944,4.81031454637235
0,-60.4580532659438,-62.7647273288352,6.45625933927963,6.8539331804223
0.961538461538462,-60.5587919529885,-61.7731941362222,3.62284076478863,8.45733949087082
1.92307692307692,-62.3064915992771,-61.4249410982899,5.21991928128143,8.88283125988868
2.88461538461538,-58.0366108337711,-60.0129093314635,6.53231878492819,8.32659793892695
3.84615384615385,-57.3586747379136,-59.9478380662359,7.1868658123971,9.45150573550774
4.80769230769231,-55.2382286365125,-58.1530025185332,11.6196831101443,12.4804741667698
5.76923076923077,-51.5896461022734,-54.590618721283,15.0413742577017,15.3552240114701
6.73076923076923,-51.0086944670866,-52.4293803350639,17.9971302791386,19.0008358507877
7.69230769230769,-50.6642170871558,-51.1761943568139,20.5359320202659,19.8754424506958
8.65384615384615,-50.2170265542834,-52.0452450205886,23.3326348112601,21.0769272602984
9.61538461538461,-45.9584560193685,-48.5258648259304,24.3686235365101,22.1649644861423
10.5769230769231,-43.2769016232119,-49.56112800288,25.9841943593208,23.8781675909885
11.5384615384615,-40.8129658010058,-45.5641566155828,26.9516042447167,25.669361048466
12.5,-39.163944966546,-44.4013288732323,29.5635114575422,27.5740627066842
13.4615384615385,-37.4454052064659,-39.4210738802188,30.98470728838,30.106930330555
14.4230769230769,-35.1409744628545,-41.6723007632582,32.6821211848828,31.8261576154977
15.3846153846154,-34.4363097992047,-37.3116905923452,34.2730287729087,35.3097184370011
16.3461538461538,-30.3915296287794,-36.2696051521319,33.9502193668163,35.2687923109978
17.3076923076923,-29.2979261026654,-31.8284396821637,35.5223019750569,36.8963038567324
18.2692307692308,-27.5095343035925,-31.7855834810146,36.5655281103809,37.2608105121799
19.2307692307692,-24.5549198577737,-28.7686237851697,37.4084916576398,38.6954493337964
20.1923076923077,-22.0586611438852,-25.0572160793822,38.3282898323305,39.3140130389239
21.1538461538462,-18.91603654694,-23.7819615623416,37.2135908879511,40.0211922858398
22.1153846153846,-14.9472052145904,-20.1686616413502,37.4132316081191,38.6940521732466
23.0769230769231,-13.3268641702329,-19.9958262303491,36.2151530336877,38.7963677253158
24.0384615384615,-11.434975973029,-18.0186966610709,35.8675321659503,38.2830427471036
25,-10.0274054752839,-15.0140549491988,33.9456225873472,36.9876387835338
25.9615384615385,-7.71842394512975,-9.22406310335807,32.3694419859112,35.0688931763789
26.9230769230769,-4.39913241611811,-6.59227019828865,31.0640568770843,33.4605499918613
27.8846153846154,-1.36959151378439,-4.35649415051297,29.3194648477822,31.1861469489357
28.8461538461538,1.69173937710584,-2.32544107397859,27.6595528606264,29.2773648891476
29.8076923076923,5.26228502023354,2.25578503041647,25.5822392000361,28.2408496254486
30.7692307692308,8.03772431199065,2.5351214300457,22.2669068058138,26.2351743728651
31.7307692307692,11.3834561984525,6.97660380016126,20.9428125606339,23.6612551094421
32.6923076923077,13.3861516216574,7.82085870115069,18.6480117401135,21.8187872821541
33.6538461538462,17.0810463731092,11.5411504830373,17.5557220693054,20.020635346321
34.6153846153846,19.6391888035627,14.7297551631161,16.2987872270194,16.8970520378919
35.5769230769231,19.8363945810273,19.2417518870789,13.3817395441006,14.0821754003004
36.5384615384615,23.7357301777066,21.2471548023691,10.5978206600694,12.2239963248203
37.5,25.3962821305499,23.0254461760233,7.46919768465611,9.78231654455417
38.4615384615385,30.536601248059,24.8978564035488,3.82507817515332,6.71457517318776
39.4230769230769,30.1343365165402,26.0650236205134,1.56021094568895,3.46210494507161
40.3846153846154,32.4188892744356,28.4092552285552,0.0782054421422466,1.45587223081114
41.3461538461538,33.070882173481,29.4724596777354,-0.437729155510955,-0.298057794515038
42.3076923076923,33.5189907611003,31.7666078940894,-1.55671735810779,-1.26267784324146
43.2692307692308,35.3040511088416,35.4510970013681,-4.35437418826076,-0.45911536812646
44.2307692307692,39.5238615246483,38.6825753597401,-5.25356297966096,-2.15763154170882
45.1923076923077,41.0649841922628,38.405595146906,-4.61480258557045,-5.92331860873828
46.1538461538462,40.4286370001933,37.4637456797778,-3.43343532286469,-3.74196716718196
47.1153846153846,39.7470418812122,39.7735872936005,-4.90391276944347,-3.34066748596093
48.0769230769231,37.6869569054531,38.9119877144166,-3.4194506008546,-3.35159841555438
49.0384615384615,39.6582922567234,38.101027530423,-2.69013141666213,-2.63559358742287
50,39.6917870191596,40.30395490762,-1.26208168844771,-1.96346931687354
50.9615384615385,36.6669697390636,38.6683094458539,-1.80056038891815,-3.6326825738376
51.9230769230769,36.9395513208434,36.9638880706645,-2.23428170145931,-2.44925057738013
52.8846153846154,38.1856465201123,35.7110827321765,-2.49325215132663,-2.88546123970759
53.8461538461538,33.9379397610195,35.4239589617347,-2.97763946686368,-2.92800099575471
54.8076923076923,32.5378863074598,32.750956229869,-2.95227602974258,-4.21443193780722
55.7692307692308,33.729545723572,30.838624807311,-2.66189155962687,-3.28052720534009
56.7307692307692,30.0058544220409,31.1419893922551,-1.5971641068767,-2.54277563226049
57.6923076923077,29.8652733419019,28.608550377995,-1.57272424759528,-2.45720567742677
58.6538461538462,28.7556253649509,26.3383206119803,-2.30293117145994,-2.28921866880657
59.6153846153846,25.0131663424037,25.7984080726535,-2.05984764550147,-1.95037713209774
60.5769230769231,23.2100299368848,23.6879189593869,-2.41303343804949,-2.90731416739267
61.5384615384615,21.2609652243873,21.7143416415864,-2.55739261316947,-3.37161794290545
62.5,19.8961432754979,18.9095893350844,-2.39339198800904,-2.69138823215085
63.4615384615385,16.0794126465909,18.7990286241627,-2.50028530864919,-3.04954141049609
64.4230769230769,14.7370947284673,16.5776192784167,-3.61209108813393,-2.72439475862785
65.3846153846154,10.0574562455019,16.2189565034429,-2.76592983539901,-2.90612984938352
66.3461538461539,7.25611778348121,14.6833172729923,-1.85379516336056,-4.46707793684514
67.3076923076923,7.30457568669248,12.141397019956,-2.29524878287115,-3.27344192392709
68.2692307692308,4.6467368539687,8.06648630478827,-3.48774039119122,-2.45644404549215
69.2307692307692,5.84954581122801,7.00249878072039,-2.16786902610955,-2.7113307346927
70.1923076923077,1.24005753456637,4.26598419617551,-2.72345313915077,-1.75618810058329
71.1538461538462,-0.146570992576221,2.80347269795581,-3.86552592224875,-3.17154187200708
72.1153846153846,-4.58608792990187,1.03633073289085,-2.44685382029684,-3.99261754997605
73.0769230769231,-6.72439251960367,-3.55865651839055,-3.63496188712427,-2.19816532480092
74.0384615384615,-9.64420538508005,-3.91332368174975,-3.5014441156784,-3.06070570293727
75,-12.0634448420419,-6.32175066876964,-3.16053483674602,-2.40555435412676
75.9615384615385,-12.8492595599048,-8.05786542003614,-3.8499781777434,-3.36862444281489
76.9230769230769,-15.3279981732352,-11.7422131637974,-3.02624344588632,-3.43993978747446
77.8846153846154,-18.4479267806699,-14.695889211463,-2.70693980474941,-2.72483173444905
78.8461538461539,-20.7734459461788,-15.7834408291828,-2.42604630336577,-2.63432024936977
79.8076923076923,-23.4948604878361,-17.6967883050501,-1.69717875835119,-3.6410322938747
80.7692307692308,-26.6662492407264,-21.292763175362,-2.41014314048216,-2.44472017087204
81.7307692307692,-26.7499217211959,-24.9727320558816,-3.41521434272808,-3.39638271946858
82.6923076923077,-29.04002748734,-26.8542181377322,-2.37097328785033,-3.14266245897578
83.6538461538462,-32.2229696099041,-28.4369283548324,-2.46391816536974,-2.76686557245816
84.6153846153846,-34.3615838575465,-33.3064957646795,-2.25607951390625,-2.77429845970403
85.5769230769231,-36.8284019299358,-37.4555636773202,-2.41020850725972,-1.71112074216627
86.5384615384615,-40.1598249818954,-39.3297694756191,-1.70083725637381,-1.35289230760652
87.5,-44.0246622459263,-41.6663032700714,-0.650045406343551,0.236165526608224
88.4615384615385,-46.4048702875363,-43.0641840172512,-0.23795447668435,0.0782098135330639
89.4230769230769,-47.0925130103829,-46.0587209403896,0.262419714685252,1.1877114143815
90.3846153846154,-50.705653638223,-48.1950250728534,0.636545600654167,1.75983540332482
91.3461538461539,-51.9852959548113,-52.0527368058561,1.00917541287705,1.87191620899899
92.3076923076923,-54.6322233555606,-52.114743700672,1.06881673249419,2.4309688182534
93.2692307692308,-54.1560048905266,-52.4765919851086,1.09544809526672,3.1055432262735
94.2307692307692,-58.9941280275666,-55.2838752368153,2.3821255966773,2.9188095576984
95.1923076923077,-57.2050811769883,-57.4188661784603,3.7497518403458,3.16970166458841
96.1538461538462,-60.847279030954,-57.2353078539722,4.49836187466671,4.41874390382546
97.1153846153846,-61.1752223062226,-60.5329323933956,4.66063638945352,4.85806997946298
98.0769230769231,-60.7824117370325,-59.985589232739,5.95539166898758,5.38946040879382
99.0384615384615,-63.3110647993684,-62.5484944632752,5.40714481378753,6.23729241815741
0,-60.5831843860847,-58.822664498086,4.14042541758582,4.54084683477301
0.970873786407767,-57.3910962735197,-57.6942330055015,4.38120529479934,4.60209056744908
1.94174757281553,-58.9573818361634,-57.6598168932592,4.29646487275884,2.97244667503364
2.9126213592233,-57.6455697370579,-57.820048149016,3.968562432157,3.68586684076048
3.88349514563107,-57.3231724387001,-54.6787786618268,3.72842948473323,4.29424069516717
4.85436893203883,-55.4720623219514,-54.651072650594,3.16272148850664,3.3447922927354
5.8252427184466,-54.6791594795756,-51.6414569736611,2.96279002523696,5.33896223327404
6.79611650485437,-50.5721542062673,-51.9017541233964,5.36406256673528,8.51074747524108
7.76699029126214,-49.5229985013654,-49.1739460764596,9.33153297450022,10.7450897481936
8.7378640776699,-48.838260770881,-45.8900222969663,13.5208504244402,13.1094796072542
9.70873786407767,-46.6669241739416,-47.155267986951,16.8448398895951,14.9869582893412
10.6796116504854,-46.7136327519524,-43.2852060216931,18.5051746093634,17.4706764068013
11.6504854368932,-42.7723414413703,-44.4166835064164,19.8420724071719,20.2807497282371
12.621359223301,-43.0260865277169,-40.4723564786556,20.9204690070823,21.8038251080307
13.5922330097087,-40.7080511112577,-39.4299427610145,22.5970033640042,22.1196844257203
14.5631067961165,-38.9457251586153,-38.4716995246113,24.752357540071,23.8624844061352
15.5339805825243,-36.0504979229992,-37.0164539012206,25.5480200422156,25.1344545712496
16.504854368932,-33.0106501118731,-34.3021771940979,26.0922347417003,26.9805150206336
17.4757281553398,-31.804251018952,-31.6107798534724,25.7182645424583,28.6999406665368
18.4466019417476,-30.5797431446751,-30.7897388497561,26.2997166384172,30.2427830200752
19.4174757281553,-26.7227208013373,-28.2804894587439,26.2853022410204,30.5856708393206
20.3883495145631,-26.8781961752656,-26.3218607950071,25.237383784569,30.6227906837533
21.3592233009709,-23.7198486026671,-22.3555283653207,25.3086764008658,30.6557908761288
22.3300970873786,-21.1020320085127,-21.6609346905847,25.6665442320985,30.8430495346064
23.3009708737864,-20.3439033484136,-18.5090765147447,26.141158226221,30.2405629800984
24.2718446601942,-18.3878870061407,-16.9399313251071,26.0799496838783,29.641508977674
25.2427184466019,-18.0382668579928,-14.466531743109,26.5772339904796,30.4541806905312
26.2135922330097,-14.2306691142218,-11.1179869097446,26.7455627461319,29.6722195972976
27.1844660194175,-10.0346162734998,-8.5828222767696,27.8125697832824,28.8322597772092
28.1553398058252,-9.26572582018041,-7.49922677110625,27.0284335772922,27.6912344666619
29.126213592233,-6.10491717505359,-4.83997024887898,26.5566598598553,25.9171920931843
30.0970873786408,-4.13843275359961,0.151620865811846,24.7193514160351,25.3392062909007
31.0679611650485,0.638735924187281,1.81368173872872,23.5930745931791,22.9939839269163
32.0388349514563,1.42653506723169,6.33495921333286,23.1318987797686,20.3334939095908
33.0097087378641,4.92749595922081,5.64267369611875,20.5233258864703,17.3041798043516
33.9805825242718,6.08931557456965,10.1742669976954,18.0819367680251,15.9180277615509
34.9514563106796,10.1222910220922,10.0070096876387,16.2505336745669,12.7602600660492
35.9223300970874,12.3093210643774,14.0341813396231,14.1412258270126,10.9685857869458
36.8932038834951,14.4246571516503,16.9264917625363,12.7688005952672,9.23995844740996
37.8640776699029,15.2746077715324,19.2178483168007,11.2815064287326,6.75204482503136
38.8349514563107,19.8539128231763,21.7452594208882,8.17075978849987,6.07614887949002
39.8058252427184,21.9357262628788,25.4831655906722,6.71766182451906,4.74238712814455
40.7766990291262,24.8885232091776,27.5455811040049,4.18484140900274,2.65714766984811
41.747572815534,28.4427984293092,29.5576908416842,1.94750730944102,0.272510108210535
42.7184466019417,30.6981191466412,29.3729659004567,0.406713456875601,0.447992100663734
43.6893203883495,32.0757153411457,30.7199872787392,0.587136967950662,-0.952125877732857
44.6601941747573,33.6067576095827,32.5117950859553,-0.215680103120621,-0.433628835227399
45.6310679611651,35.3243350420463,35.1379763475641,-1.14930553063931,-0.822767793759803
46.6019417475728,37.298826353512,36.2579277385235,-1.52553977797387,-1.85208966036492
47.5728155339806,38.0897068194978,37.4478909545495,-1.5989704933139,-3.26683213762509
48.5436893203884,40.7732715342013,37.1921400759943,-2.49235386825108,-3.45467446964138
49.5145631067961,40.0869707179399,39.0102349772921,-4.63148417521765,-4.3031153875525
50.4854368932039,39.8482724194331,39.5321471810298,-5.27520534276111,-4.64708808068644
51.4563106796117,42.7192263918428,41.7268333905439,-4.13392446792153,-5.24583519198575
52.4271844660194,40.8925313365427,42.8334012620916,-5.67211052932332,-4.72499572564484
53.3980582524272,41.6215391304456,43.9248813371394,-6.48144728193927,-4.81365920810911
54.368932038835,41.3472823181024,43.1249573749455,-5.58030562328124,-5.05254485651531
55.3398058252427,42.2328935290629,42.7922189556421,-5.50028211154303,-4.76370885639261
56.3106796116505,39.0250754509979,42.261912061693,-5.08526717917267,-4.72641347158219
57.2815533980583,38.5953227216168,39.9643572256103,-5.09747611100052,-4.60817000190236
58.252427184466,38.6778102746523,37.8601658402196,-4.48763235181601,-5.80172159517395
59.2233009708738,35.1988664538168,40.5106263461951,-4.15768095409406,-4.99605519935413
60.1941747572816,35.3165535892775,38.3831498618207,-3.92400607096469,-5.4108395829802
61.1650485436893,33.2820374647622,36.8289883817584,-4.42819397950319,-4.32085440322026
62.1359223300971,29.3049315996869,33.2209643796872,-4.898943326268,-4.00989651064003
63.1067961165049,26.7392714090835,33.2692015364887,-3.63374967534783,-5.5235623063098
64.0776699029126,25.1872729015035,29.9427157228723,-3.9064041604009,-4.82321929430288
65.0485436893204,22.7026406297471,29.2145412567721,-4.1315557029224,-3.86915893533428
66.0194174757282,20.0270464311379,24.8862458053167,-3.13605760572852,-5.25488393595406
66.9902912621359,16.2725349399655,23.4195511841395,-3.35639148562287,-4.40365284535852
67.9611650485437,14.3179224686834,20.2440785736601,-3.69794405309281,-5.10008727542543
68.9320388349515,11.7145897954866,18.3450703005086,-2.87391838368056,-4.78952337059812
69.9029126213592,7.54792090031728,15.0616274125152,-3.38785227300411,-4.44027421541496
70.873786407767,6.88108776726424,11.1487629610727,-2.5067638396313,-4.69996132516877
71.8446601941748,1.63621708497361,8.97840236921271,-2.7849164896021,-4.07993612540183
72.8155339805825,1.1901629047283,7.51791395316717,-3.02279687945989,-4.20604442409172
73.7864077669903,-2.73442907529834,3.12027982336312,-3.52779595087963,-3.84303762034073
74.7572815533981,-5.9316342516335,0.0634295075673423,-2.19618696497551,-3.63104584697992
75.7281553398058,-8.63929296253509,-1.50231986074552,-2.47978413341504,-3.46272311136893
76.6990291262136,-10.0645980064359,-3.3843762663076,-2.42127231321611,-3.15747703318605
77.6699029126214,-13.7242190270539,-6.40176525592398,-2.10157170128032,-3.35232840830662
78.6407766990291,-16.1177501903142,-12.6361522739515,-2.52279426211699,-2.96013770260245
79.6116504854369,-17.8932405349091,-12.5283339655204,-2.11686616584526,-3.18943736223637
80.5825242718447,-22.0918919287085,-16.2994661485022,-3.12901026232823,-3.22649600050898
81.5533980582524,-23.3145582837154,-18.2673036413028,-3.06683444671186,-1.6652123833489
82.5242718446602,-26.4795943816246,-23.2650286203593,-2.60427669667539,-2.90691788285311
83.495145631068,-27.9135036641338,-26.2930630467555,-2.55103931062365,-2.46869294221281
84.4660194174757,-30.5661579136406,-29.1675667232631,-2.23393314778655,-2.73573464522185
85.4368932038835,-33.4777948614684,-31.2580656338577,-2.57923383766656,-2.33123609414452
86.4077669902913,-36.3066310460213,-33.7303244102667,-2.09954145413373,-1.30151160376634
87.378640776699,-35.9943539887044,-36.8370956678176,-1.20542232035877,-0.696789323416386
88.3495145631068,-41.4404545067995,-40.0138429532562,-2.13618583642763,-0.907762156557516
89.3203883495146,-43.8149272127695,-43.1382671893076,-0.903350349738207,-0.872172959463336
90.2912621359223,-45.5964543465576,-46.2498778803473,-0.109731673687888,-1.73281377192239
91.2621359223301,-48.6909767700219,-45.7067443126145,-0.709847866116883,-0.759068771375509
92.2330097087379,-51.6612706141597,-50.0220933332424,-0.404839497941964,-0.471234187859545
93.2038834951456,-50.7562861809233,-52.5607917831312,0.748107932678217,-0.518596450810259
94.1747572815534,-53.9045476363512,-54.2907991746225,-0.212133527909724,0.221854959315574
95.1456310679612,-54.7617558112973,-56.323846972763,0.99159802836104,1.55843053924876
96.1165048543689,-57.7692748237399,-56.9808318953276,2.29634760573918,2.00671070345686
97.0873786407767,-57.4310178962666,-57.2142309601077,3.15908411116992,4.27812345849515
98.0582524271845,-59.9525868747917,-56.4293443569592,4.99074232616174,3.35463474248384
99.0291262135922,-58.174408805106,-58.8304717153178,4.13287834280242,4.03662237016515
