"Normalised.Time","Stroke_GateAngle_1_sim_junior_05","Bow_GateAngle_1_sim_junior_05","Stroke_GateForceX_1_sim_junior_05","Bow_GateForceX_1_sim_junior_05"
0,-57.5683196912533,-61.7099216832553,5.04739216307255,7.03817116344196
1,-57.5365786508373,-63.0534708340934,3.89625235329471,4.51390421379559
2,-56.8249189108312,-60.0244675325112,4.47727489701892,7.17682713034564
3,-56.5275059883606,-59.2405099791414,6.46148993287227,6.1802637031782
4,-51.4312970861206,-58.9597888727081,9.43247879568061,6.90687315536169
5,-52.3231009316446,-55.3947397120571,13.4648725806699,9.95009288487688
6,-50.472672665783,-54.2354739225038,18.4636099021906,13.2118798108799
7,-46.3728871778887,-51.1005746951657,20.7575338853654,15.4081821695314
8,-47.0873740063208,-50.9395929525272,21.9864239742996,19.0189985664911
9,-46.4579813172776,-47.0958607400775,22.8918890935845,21.8782965727966
10,-41.9806746631485,-45.9793149945218,23.7884655719726,24.6108815554653
11,-41.5242679638723,-44.9832910235001,25.9433031276944,25.8567700021423
12,-40.5510227302481,-40.5921972843102,28.533713658826,28.6161773297569
13,-38.4444102105632,-40.3170014388483,29.8341076333891,30.1756251338964
14,-35.1146101071627,-40.4424512844743,32.4223269018217,32.1588956597416
15,-34.1295537844048,-36.7072509614584,33.5118447165941,33.5481602607435
16,-32.2311407655488,-34.8712347246117,34.4268073876937,33.8085420826618
17,-29.136854138282,-33.5999780847066,37.1106601409317,33.7823867518409
18,-27.4839603614933,-30.0017702889113,38.8664948238736,33.9610389103997
19,-25.2384677714094,-27.3933428570191,38.6977000775711,35.1736226534204
20,-22.5406314928264,-27.3571147305319,38.2277992933378,35.7494877698034
21,-19.874506846371,-23.2010456073758,37.7345730676519,34.5045727679744
22,-18.7577478992873,-22.0870914040707,38.5011233268555,35.4403474227528
23,-17.9196056601662,-17.0467033758579,39.1795477363036,35.2816140531477
24,-16.3018095873975,-15.613865588572,38.0401208407157,34.2462128232591
25,-11.2925036313159,-15.0147477314341,37.3797708692381,34.1508682338278
26,-12.1746211242161,-10.5320595187833,36.2266255287187,33.5187542695013
27,-7.99295161942077,-7.84301936591366,33.5245413793218,31.7929905307837
28,-3.78086858978901,-5.30979620660331,30.559907060206,29.0362853547742
29,-2.31663557111367,-0.704102222222902,27.2174440999897,26.8213128314579
30,-2.35027219750623,-0.103744330514656,23.2615280797852,24.0771411570982
31,4.50169645631863,3.74020322398535,20.0975458883207,24.3771922675233
32,6.0228915574595,7.14088158330946,18.8735264465243,22.9057953070107
33,7.88216609137711,10.2791434170128,16.3812221483221,19.789858774514
34,11.3224007882833,11.6115640036332,15.6372905928084,19.237032539953
35,13.5782927847025,15.8570126391229,14.8040128539202,15.7575234317398
36,18.1063452802202,17.8346980698469,13.809039926766,12.6707068460308
37,16.87324528287,20.2362195122754,12.4392955285421,12.1460385329252
38,20.2434271635677,22.523967424822,10.8101924137823,11.073827114944
39,21.6391071900444,23.9511425541681,9.8042529898125,10.7624293014844
40,24.9779315186721,27.03052983465,9.66873444015166,8.7474080780719
41,27.7553437896092,30.7466483758571,7.5775808445654,7.54089003446589
42,29.4272785825921,33.7828132798968,5.92977660730046,7.00899869678664
43,33.8457537648591,34.8123491987623,4.72764676771272,4.08800856136034
44,32.9973953481574,37.2091136398074,2.89060725303371,3.75786528572966
45,34.5098496295609,38.5255191320011,1.27503067719651,2.02458273247625
46,36.7559399019143,40.9750606344401,-1.01253154690793,0.555087415274465
47,40.7563599541212,39.7648601333554,-0.813081479889663,-0.892232906590241
48,40.8231801619701,39.1599652607783,-1.85833481021271,-0.749844922526846
49,46.5201497730757,42.0134175372701,-2.68608526126162,-2.8943625241939
50,47.0007979680083,44.8727180171724,-2.06289100804015,-3.40673399129046
51,46.8387163627954,47.0258895747877,-2.8455333262242,-2.56187432277527
52,46.5925925784707,49.7434198430121,-3.45227281955173,-2.04087066472924
53,47.2670226249023,48.2135450713593,-3.44195980956041,-2.98978304035586
54,46.0095442954222,48.0525281186347,-2.46884056358614,-3.8422870420184
55,46.5767668558871,50.4303003014755,-2.98244232072138,-3.85001657112984
56,45.032017308413,49.9881390735923,-3.07197867486583,-3.74992617485998
57,44.4252060596371,48.2210457540512,-2.46348544310278,-3.5709175474568
58,42.0956925747809,45.4175697149932,-3.48291848910426,-3.31519717217252
59,43.3101224529618,43.0794221984228,-3.81253141721444,-3.71677272570854
60,40.6164856700475,42.6063339623817,-3.22858783611644,-3.87028340095889
61,39.8319114625251,41.3127991574343,-4.12526097472201,-3.55135087901585
62,37.2191712304626,38.7423341769457,-3.52197098505224,-3.86070196346136
63,35.7980814311947,37.9440549853931,-3.80728558767778,-3.25257262191399
64,33.209613217347,35.5904008334109,-3.38302327630144,-4.42614656991708
65,30.9217660564662,31.371077329859,-3.70585131057586,-4.09344878906742
66,26.365645764786,28.705790614094,-3.69302914803473,-4.24061358150394
67,24.9210452021604,26.7942308388601,-3.64962657869498,-3.60514463585081
68,22.1336279317178,24.127862702321,-3.10209122919814,-3.25758727653265
69,18.1761760886576,21.0417125884193,-3.44838593414783,-3.57388542770822
70,17.8977274449895,18.1637687094534,-3.54690984259337,-3.41885351315774
71,14.0672327170458,15.4787784260647,-4.23638267712213,-2.86517750102547
72,11.8306930448351,13.8847733941959,-2.51433621969686,-1.91750031910844
73,10.0732522245938,8.67832189745202,-1.52542770286271,-1.17338771010248
74,5.90996027958811,3.80478259850086,-3.09147838276603,-1.52960525056692
75,4.24406163569645,2.47122037296848,-1.94720319381709,-3.77570423939352
76,0.283270097463436,-0.460704136729729,-2.41898247614964,-2.28503942621647
77,-2.32244281050661,-5.35310460727022,-2.87577072565801,-2.72855372474671
78,-3.50283043976449,-6.48930943161161,-1.90014751000067,-1.33585706629817
79,-7.78750183756449,-10.2744723084054,-2.68730426653257,-2.13122585073021
80,-11.4722384721115,-13.0482489915654,-1.99920568376721,-0.868139455616689
81,-13.6483311898094,-16.9246894731554,-2.49472689825833,-0.714096848010944
82,-16.6344721193928,-19.5250384318472,-1.16937246214618,-1.70262171655532
83,-18.314273881371,-23.1421314645326,-0.798469289984708,-1.1063661365893
84,-22.1415153532951,-25.6055416893947,-1.18359526151037,-0.775721101267985
85,-25.4478846054864,-28.3086284757311,-0.516336474428025,-1.87235707824125
86,-29.8109883209218,-30.7017163311094,-0.256184188181835,-1.03175171026278
87,-31.0059953223726,-35.0806074352744,-0.513043405926437,-1.23032357588558
88,-35.129599971964,-37.8397375976442,-0.245293938119559,-0.23577694999901
89,-38.3937081434835,-41.6145375111968,-0.829508808065303,-0.937676790718196
90,-40.3581052256597,-43.5056290308793,0.956349214420462,-1.06621215293241
91,-42.9082407209415,-46.6955019908515,0.230075749666172,-0.325072672155553
92,-47.096868952936,-52.1381756756687,1.87108883061181,0.89956814218412
93,-47.923934503475,-53.9826221739453,2.66471595139843,2.03631796494793
94,-51.8243820572994,-56.4297557345371,1.57882072597166,2.36298254595324
95,-50.2557257050693,-56.1733598877175,3.34422177297086,3.66362409081002
96,-52.3602104258732,-58.5037699572773,5.20438059351544,5.70233517902052
97,-54.8597396526785,-60.1276067788655,4.30799614613173,7.75501892325736
98,-52.4814279892439,-60.1816556407927,5.48278050427539,6.90305288121433
99,-54.9989732972372,-59.0471326586658,7.3096978683305,6.76275174236574
0,-62.6254167911417,-60.1533831391474,4.77736298947713,2.95771450179578
1.02040816326531,-64.5827384696512,-61.7367198874202,5.65939648972625,4.43573103156987
2.04081632653061,-62.1323740933897,-59.7748915508995,6.19781106839075,5.26377562108004
3.06122448979592,-59.6389213998992,-59.8759716131234,7.15146231838384,5.82885085432406
4.08163265306122,-57.8924117462261,-56.8359029454421,10.7651801969645,8.6035427777541
5.10204081632653,-55.9712625698784,-55.50575695884,14.630929227255,10.4547409118976
6.12244897959184,-55.5141271125135,-55.4253752585086,19.4225528998382,13.7186861498926
7.14285714285714,-52.7768202043394,-53.9336897004467,22.9635579771306,18.2079426385907
8.16326530612245,-48.9015501800693,-52.1027799072789,26.7556466364671,23.077333489546
9.18367346938776,-48.0226956993028,-49.5315815351142,29.4916692645674,26.5687540472604
10.2040816326531,-47.0697160340159,-45.4400959412509,31.8708466070854,29.317630135524
11.2244897959184,-45.7482768167942,-45.8993341588739,32.9943905487765,30.6297823724905
12.2448979591837,-44.2620213087673,-42.5751462760183,33.3288748171321,32.562307454393
13.265306122449,-38.9436601055382,-42.0408881611325,36.2133364234287,34.2946800471954
14.2857142857143,-39.3082421766578,-37.9785497588414,37.4957845038855,35.9188940734904
15.3061224489796,-35.6746861524432,-36.1873804270861,38.5716868942588,37.9402790666259
16.3265306122449,-33.2334026354895,-34.2541086368618,39.9612607105706,40.2423462321769
17.3469387755102,-32.7931851750316,-31.1484485233959,41.5040409516957,43.1579377516751
18.3673469387755,-29.5849243653563,-29.9728537238064,41.5755172196644,45.3384484885686
19.3877551020408,-27.2291408767474,-27.5037893018635,42.9166573421475,47.7635961902021
20.4081632653061,-23.2642863023519,-24.9742955040693,42.9551083266773,48.8382764943621
21.4285714285714,-19.4630576292633,-21.6957623709215,42.1074008033758,49.5415188257603
22.4489795918367,-18.5723470962767,-17.706963498699,41.4455363837329,48.8326612227554
23.469387755102,-14.8520348239728,-14.1775117115006,40.3800752419557,48.6121822924588
24.4897959183673,-10.7775651573794,-13.320275177904,37.8814541605502,47.0653507124694
25.5102040816327,-10.7688813888947,-7.42999501243789,36.1300373506913,44.8179069276335
26.530612244898,-7.53576477294484,-5.93492767121177,34.4301905628596,42.7859675639785
27.5510204081633,-5.51268708229034,-2.67214319832173,30.6010259172849,38.2415995397866
28.5714285714286,-1.82339839886343,1.48951653461868,27.034420753498,34.6314202466839
29.5918367346939,1.6057417493091,4.9947175574508,24.4290968850867,30.0946015698419
30.6122448979592,4.60270821806461,7.9108075869618,22.3018772863759,26.0347953266812
31.6326530612245,6.15639779465222,11.503566339576,21.7267190015093,23.3326733194339
32.6530612244898,10.0171050764188,12.9338862078633,19.0285722843513,19.8771281108946
33.6734693877551,12.6293187732786,18.0913020388354,15.2895732869296,16.4385281070836
34.6938775510204,16.0973735774782,20.4588910552656,11.802320144055,11.4511326073306
35.7142857142857,18.2085453075355,22.4484337641683,8.09642351488205,8.49538670822378
36.734693877551,21.7481717066865,24.1196637142616,3.31515384587103,5.18254329262472
37.7551020408163,24.2417549287547,28.3645181011719,1.14576746486091,1.45780054991645
38.7755102040816,26.0810784600316,30.8015645792675,-0.52349062708523,0.319793098528765
39.7959183673469,28.7978692808341,32.7861111230836,-0.539726106410564,-0.381220260582883
40.8163265306122,31.1555712758678,32.5917407223718,-0.866968819018893,-0.324199935185384
41.8367346938776,32.3680205980462,35.7794862386006,-1.66202403121684,-0.489707163524845
42.8571428571429,36.9652781653468,38.8255712677788,-4.57943599532314,-1.12818248724591
43.8775510204082,41.0084442970381,39.9135936846418,-4.90329069531545,-3.08821516803599
44.8979591836735,39.4727952756013,42.2105097862948,-4.24818961168837,-3.18322818803371
45.9183673469388,40.7563508517955,44.2485812369559,-3.63366292019594,-4.06122252074402
46.9387755102041,40.2579894543053,42.8088280012475,-3.794173359957,-3.37203438826498
47.9591836734694,39.9691982063335,42.5747918235233,-4.55717378973966,-3.17350691917241
48.9795918367347,39.3482764293656,44.0743839506263,-4.30190941665169,-4.17336094492507
50,38.100411839121,43.354044140659,-3.32531462765608,-3.49296420748067
51.0204081632653,36.884890205829,43.6476513070898,-2.44794281302798,-3.4816462738333
52.0408163265306,33.3511393408,44.3420123840762,-1.92126561593786,-3.028551270228
53.0612244897959,33.1524638810086,41.0433476025771,-1.95685654626523,-2.19251769035815
54.0816326530612,31.5774287540575,39.5629785437769,-1.69949857934299,-3.02802046565508
55.1020408163265,30.9832638894807,39.4084573667229,-3.34441518535403,-2.11808886923321
56.1224489795918,30.2172036315685,36.5565088359991,-4.30539604153247,-1.77843340017988
57.1428571428571,31.0868381150391,36.0039401784475,-2.88563936284012,-2.57531782888581
58.1632653061224,26.2517439044769,34.16468438807,-3.494364756018,-3.55298589748217
59.1836734693878,27.4227460437565,31.6906318608014,-2.33833240776608,-3.32878542535952
60.2040816326531,25.9840517515801,30.4915664084349,-1.73856488577467,-2.11121388128133
61.2244897959184,21.7961945762741,28.1140396763679,-2.80633965225275,-2.42179766623262
62.2448979591837,21.5335501760305,26.8194981688748,-3.45568675499396,-3.80742292110302
63.265306122449,18.0253609843677,21.9759241195863,-3.99766383636161,-3.40689399425401
64.2857142857143,18.7139130269878,22.036540700274,-3.55557638850157,-3.26639923730323
65.3061224489796,14.0065697141713,19.4806548113328,-2.45501607174576,-2.58407723843827
66.3265306122449,13.378710785758,18.3679396433713,-2.73748511443281,-1.48017563567932
67.3469387755102,10.4157137127984,15.2724611294788,-1.91394256349661,-2.99816744191244
68.3673469387755,9.13117472795289,13.9867197164815,-3.19362030344273,-3.13806309246553
69.3877551020408,6.08531904545691,11.01526653747,-2.93596449295171,-2.39423764427399
70.4081632653061,3.65370452702671,8.46247682740963,-2.9281615934592,-3.26901923297443
71.4285714285714,0.260879208698748,7.10572093723365,-2.2836779954643,-3.38127669998514
72.4489795918367,0.0717540348999272,2.48766097429415,-3.76412066735994,-2.80516890821518
73.469387755102,-4.1460357263969,1.34283231579272,-2.81992116450108,-3.86040411870459
74.4897959183673,-5.00074600731747,-3.38683189661692,-3.68940406252315,-1.93432781791297
75.5102040816327,-8.39217944135612,-5.80964593784258,-5.11011621643505,-1.70565974144439
76.530612244898,-11.066939768965,-8.18467239048766,-3.85672057835361,-2.54342406703354
77.5510204081633,-14.5234189129198,-9.76293127627958,-3.43779864772137,-2.72775797877976
78.5714285714286,-15.5216399214763,-12.0592966877585,-3.36192872181147,-2.8816435839433
79.5918367346939,-18.6384003981104,-16.6186133883519,-1.78137623255471,-3.34351549642636
80.6122448979592,-22.2860476076108,-19.7651518457663,-2.85470867248874,-2.21593863894711
81.6326530612245,-24.1019347603494,-20.2845033733788,-3.31708765223344,-1.73989230989285
82.6530612244898,-28.7112537933693,-24.8840886621756,-2.5860993995494,-2.37931006227648
83.6734693877551,-32.9570062606416,-24.9686691304744,-1.52153986985024,-2.36741460339845
84.6938775510204,-33.62461854928,-29.9379868722265,-1.22371713193943,-1.35471404064376
85.7142857142857,-37.5514723344569,-32.8950474866236,-0.569625449412729,-1.64392214115025
86.734693877551,-38.1109641200255,-38.4013956240585,-3.19491137342805,-1.43106103133225
87.7551020408163,-43.2041533527349,-41.6201425360808,-0.494470407381347,-0.449329744933905
88.7755102040816,-46.4208059796131,-46.1444486282181,0.394423149032676,0.0911378904722772
89.7959183673469,-50.4482852557743,-49.3185512182051,1.41707232651236,0.274268261561169
90.8163265306122,-53.9719960023356,-52.543599834697,1.19783512283707,0.820965235562844
91.8367346938776,-55.1895824194398,-53.9091047755364,1.02065743939211,1.25009428638339
92.8571428571429,-57.8736262376903,-56.0882182680791,1.83481048646734,2.91975069042069
93.8775510204082,-55.4045575483271,-58.7300607154862,0.424591880228844,1.9195556541727
94.8979591836735,-60.1626601985678,-60.3116914329891,1.25433868186249,3.12968802905256
95.9183673469388,-60.8476630678181,-65.8738850843553,3.52438758626535,4.19128919034523
96.9387755102041,-61.7896986293453,-62.6778377581663,3.85786115149923,4.86514272274601
97.9591836734694,-62.6890237868626,-64.073295859779,4.35976325391299,4.71108303311506
98.9795918367347,-62.9902664212,-61.7849201000997,4.30163149871931,4.30900000848294
0,-61.4354012019061,-61.5814635738478,6.67510380336564,7.33821942656868
1.01010101010101,-60.4999694512928,-64.5981370903073,7.26754125978765,7.72026090267526
2.02020202020202,-62.0380387824524,-63.050032688003,7.79470883023956,8.29079132516555
3.03030303030303,-60.4369004241551,-60.9042020961422,8.36679937781549,6.53105314929747
4.04040404040404,-57.3192288396315,-59.0412835708669,8.7639191097378,7.85636380109683
5.05050505050505,-55.8693664483539,-59.0017964329302,10.5230022574682,11.371973673987
6.06060606060606,-52.9915354866245,-56.8462932051971,14.427965676377,15.0227420506145
7.07070707070707,-50.6094179887777,-54.4260861805866,16.8190939953973,18.9670707966913
8.08080808080808,-49.5212605818458,-52.9275589746195,20.7372958913236,19.6413347389664
9.09090909090909,-48.2223135284232,-50.9147761754384,23.3772179442587,20.5709706161433
10.1010101010101,-45.5614145829598,-48.9380331434623,24.3240324592917,22.0387657923036
11.1111111111111,-42.7025356675613,-48.1538950880277,25.6974713783737,22.3506912889363
12.1212121212121,-44.2488506971544,-46.7124469802985,26.7972536620284,24.8500674875552
13.1313131313131,-40.4320339724052,-44.3562076808698,29.1807913898246,26.4170169426734
14.1414141414141,-35.1736784019137,-41.4522060017145,31.5371519711996,29.3514045694809
15.1515151515152,-36.6518459008214,-42.681477035294,33.5619045724326,32.8857100101666
16.1616161616162,-32.2083749278356,-37.5409831581478,35.2685170698444,35.1424615512417
17.1717171717172,-31.0620516221514,-35.5260842359361,36.791109124391,38.1796771364453
18.1818181818182,-28.699130666351,-32.4752574111535,38.8090283284505,40.082280520945
19.1919191919192,-27.1600105531352,-28.9378623391674,39.4606836136153,41.396532816765
20.2020202020202,-23.8505156419774,-27.1842881089369,40.5935235193061,40.757015461713
21.2121212121212,-21.8693159014662,-26.6361687476131,40.6514387042453,43.0035309314841
22.2222222222222,-19.3626052918488,-22.3571313420706,39.8086212734969,43.6629361375546
23.2323232323232,-15.8484337239874,-18.7457497997395,39.9412792209788,43.676244013054
24.2424242424242,-14.0509765248847,-17.7970419325514,39.0489530977307,43.6754340808184
25.2525252525253,-11.1694959487169,-14.3767173435487,37.9145339320246,44.682722582777
26.2626262626263,-9.78270970185841,-10.6449873856207,36.7891079617216,44.6103213647142
27.2727272727273,-6.70216196922218,-8.63273794699953,34.5850299561585,42.8684136285459
28.2828282828283,-2.87393585557796,-7.91383916827897,32.5008730671713,39.5875610734129
29.2929292929293,-0.34964624063794,-4.25573913846688,30.3000799796054,37.7580915101887
30.3030303030303,4.69367241939724,-0.00364736209628078,28.0163419965535,34.4260131799258
31.3131313131313,6.42673265610718,3.50898176370032,26.0332691506425,31.2929336850295
32.3232323232323,7.04287919279385,4.70932321695157,24.1781094711949,28.4178625031891
33.3333333333333,12.6654798016958,9.42538120293955,21.5937955386984,25.9807991401532
34.3434343434343,15.5741872916486,12.8335326676903,20.4636506935609,24.3088217315877
35.3535353535354,18.0547206793235,17.0756975888492,17.6994362329605,21.1235945303513
36.3636363636364,20.3652176515128,16.4487448671554,15.0331831361871,19.3521422182837
37.3737373737374,21.553137681577,20.5045281764679,12.8713324830448,17.3486240655884
38.3838383838384,25.1917917308268,22.2601551769842,10.5087761914495,13.326395927331
39.3939393939394,28.6929327138806,26.7017168603811,6.6520739486677,11.1918749459331
40.4040404040404,29.1963655414137,28.0096873403614,4.23889713034756,7.91633623464624
41.4141414141414,29.7158301952151,30.6834666026905,0.392467144519586,4.124540322598
42.4242424242424,33.0116726216463,32.0561189275176,1.04707313150985,1.28867551781423
43.4343434343434,33.5918639056686,33.960805020584,-0.0449359487439225,0.62147934860903
44.4444444444444,35.8419280895822,35.2734146704738,-2.48078602364362,-0.37767317502446
45.4545454545455,38.4050966233026,36.7460974662554,-4.38351243966223,-1.84806018110283
46.4646464646465,40.3890061034984,39.6675411118822,-5.29546044875257,-2.53570886005039
47.4747474747475,40.8459779125074,41.3291059852747,-5.39626197560106,-2.93855935460697
48.4848484848485,42.8202828046585,43.3746331538972,-5.13674352587539,-2.23745811030155
49.4949494949495,39.7225307560319,42.7169995750506,-6.17739058901158,-2.30381002231349
50.5050505050505,38.3879002614717,44.7155146582134,-3.94999044440669,-4.51759358508931
51.5151515151515,37.5726960346535,44.4929125221784,-3.20151470819467,-4.61786653375455
52.5252525252525,37.2477580037885,43.4934576298945,-2.96331546977172,-4.67085156456047
53.5353535353535,36.5330736684056,42.4224135491034,-2.256741399365,-3.35327187865246
54.5454545454545,35.6042922354605,42.72339010953,-2.97311186102232,-2.47817994936562
55.5555555555556,35.3906006787173,39.9224360013055,-4.219309917661,-3.034737065572
56.5656565656566,34.1968560856714,37.5782403715247,-3.8367610452607,-2.9882111869028
57.5757575757576,31.9854615524035,36.5720459524582,-4.20999405306963,-2.78082868204053
58.5858585858586,29.1734347500572,35.6229977956274,-4.62305190257723,-3.5376136829489
59.5959595959596,27.99329959162,30.5572560513352,-3.91399697895902,-3.50514674025018
60.6060606060606,28.3238025025777,30.4710730899238,-2.5581391124394,-3.19740552548086
61.6161616161616,23.8362881628904,26.7284495265229,-2.34396572069708,-2.70594246668036
62.6262626262626,22.6496673746804,24.2742295410266,-3.19391340500532,-3.61619879826713
63.6363636363636,20.6085970102335,23.5745397187116,-2.71320212152223,-3.34158331586621
64.6464646464647,15.9931423596346,21.6180451974841,-2.095447738208,-3.60153022354216
65.6565656565657,14.4943188583174,17.8891332440874,-3.39908158822809,-3.50621623892507
66.6666666666667,12.6642606128775,16.0683121391673,-1.95708304649005,-3.24249453947372
67.6767676767677,10.7107186550675,12.697844598767,-2.87934525901628,-2.55182179465456
68.6868686868687,6.13090740865815,8.1193055244069,-2.14401605509579,-1.61889767988755
69.6969696969697,6.20179876781138,5.90083513377658,-2.38324173120276,-2.90961441248873
70.7070707070707,1.55159935614875,5.71848780503331,-1.98344599638482,-2.14018199736162
71.7171717171717,-0.614433816945493,2.73177696841843,-2.94077080143318,-3.89380913035239
72.7272727272727,-1.7502139779385,0.52018078528718,-2.44187292670024,-2.3688763690071
73.7373737373737,-4.9871106190489,-3.30413444589583,-2.4874485687157,-2.61272416271777
74.7474747474748,-8.96593917566912,-3.305034684762,-2.4444992512566,-3.6088849522848
75.7575757575758,-10.8804411880737,-5.85575615859897,-3.56733017859498,-2.39548100572139
76.7676767676768,-15.0096612223323,-8.94468705483284,-3.13839886836112,-2.96873456528546
77.7777777777778,-17.3403804011071,-11.552353138074,-3.34178620986724,-3.56774977767633
78.7878787878788,-16.8807042137138,-13.0639580696186,-2.1528416729486,-4.70317899917751
79.7979797979798,-21.225856991416,-18.910205892088,-2.1939182922948,-5.24900803397822
80.8080808080808,-23.9954159089371,-21.286249184834,-2.44395499398657,-3.32747794790182
81.8181818181818,-24.9534334466378,-23.6714721896004,-2.4633724356362,-3.23380651943747
82.8282828282828,-27.3483489173781,-26.5189013838634,-2.31596901318775,-3.24070597655689
83.8383838383838,-31.0569296459224,-31.635157851302,-2.22280879135847,-2.36757245571798
84.8484848484849,-35.5504733210227,-32.5651604432627,-1.24925086084259,-1.96100382250436
85.8585858585859,-36.5265562909473,-37.2047731877013,-1.15856318012929,-0.768967578511013
86.8686868686869,-40.4177274269479,-39.2995911805637,0.385220981745097,1.02575355467352
87.8787878787879,-42.8396065491015,-43.9355933995662,0.554755007605412,1.95350872603823
88.8888888888889,-45.8915418434366,-46.4469296863327,0.102478790864686,1.13218908001081
89.8989898989899,-48.2771536258653,-49.9200521260782,0.0900848110755966,0.821068662306975
90.9090909090909,-50.7506749530996,-52.1125614627618,1.55903231926642,1.87679290704832
91.9191919191919,-51.6148372185505,-51.9813727092158,1.00379026808622,1.82103948912269
92.9292929292929,-54.4522766446302,-53.8984147515364,1.47316049368101,1.87525207613508
93.939393939394,-54.5722076478237,-57.9426208309544,2.24938217429302,3.68365736459898
94.949494949495,-56.1746313513135,-58.6249175663679,4.24508070057533,4.49195159313559
95.959595959596,-58.0260424706622,-60.1497768682966,5.17228088226685,5.97993879381168
96.969696969697,-59.2258552031897,-62.2969972784335,4.86187477422959,6.437246994035
97.979797979798,-60.156218036041,-63.5715256044434,5.6499444684505,7.06696240684237
98.989898989899,-60.2595553187827,-63.8668026331779,5.68385664906459,7.42692775219468
0,-57.2025041804255,-61.3212352331102,6.51146966727819,6.23288522011572
1.01010101010101,-54.3738638574375,-58.9760979825101,6.31128460387625,5.89633236779514
2.02020202020202,-55.7233756959981,-60.1020899227452,7.58799718570009,5.79923569704602
3.03030303030303,-53.1974000590621,-58.9934202040309,9.26117219150832,6.68312901276911
4.04040404040404,-53.0848397116661,-56.0340949732299,8.81896530210249,6.38027842863275
5.05050505050505,-53.3795265060941,-54.2082266296731,13.4765213122475,9.96821274685771
6.06060606060606,-51.5700103333044,-52.7560338251841,18.5226336934884,13.2939047500394
7.07070707070707,-49.471981972036,-50.8076552610326,22.4490495630966,16.8150414331895
8.08080808080808,-47.4083759561375,-49.9600699115412,25.8061853508007,17.6596607863569
9.09090909090909,-46.2352574986718,-46.8181220312691,27.9168042778545,20.0519967863014
10.1010101010101,-47.3186893882539,-46.6780336482465,31.7564865274254,23.9393614856413
11.1111111111111,-44.8507437989484,-44.171481867006,34.7296780888465,27.8225347224718
12.1212121212121,-40.0942131432392,-43.7521647394148,36.573084240531,29.2108923535832
13.1313131313131,-39.1364833706822,-39.1135971501408,39.8659806251264,30.3206104590975
14.1414141414141,-37.8993288387255,-38.8508218325868,42.017414996951,32.1781467020656
15.1515151515152,-36.3750550925733,-35.0803447745578,43.3907028323679,33.0357074174795
16.1616161616162,-32.9062692267601,-34.6940464887123,43.3891027092893,33.3943145635802
17.1717171717172,-33.3602789132617,-32.4021692441469,43.0915601449884,33.7458091820874
18.1818181818182,-27.9316055104981,-31.841896318583,41.4552664583426,33.5580062799722
19.1919191919192,-26.6782774208922,-28.4875211664436,41.2481990235097,34.7174971336734
20.2020202020202,-21.7950180694284,-25.8667221671077,40.6283756848363,35.6146882493378
21.2121212121212,-20.7411931805604,-24.625299618734,41.0726570433294,37.1889601085343
22.2222222222222,-20.158266247091,-20.7977988531446,41.9465247936435,37.5146475651234
23.2323232323232,-17.4883185964041,-17.5686231643584,41.8356343246145,38.1379912451841
24.2424242424242,-14.8020640370153,-18.9596190844839,40.8147967877942,38.210601462984
25.2525252525253,-9.83325899797012,-13.8492665045888,39.0386319121716,37.9248847719365
26.2626262626263,-10.5900406411124,-13.2669581394114,35.7023151375991,36.7586108526989
27.2727272727273,-6.28144064148575,-7.6941163050635,32.5220558564092,34.113937144599
28.2828282828283,-6.89898453255467,-3.02589873676192,28.439944063586,29.4388873206997
29.2929292929293,-3.51226713050772,-3.82805120621466,25.0059666554344,27.1613852887915
30.3030303030303,-0.129269704384205,0.45746510754631,21.9679735990506,23.760124737955
31.3131313131313,1.51105748673712,1.18858232318056,20.0242784757782,22.7873049748761
32.3232323232323,4.57879373249033,4.37959609362501,17.8972197612557,20.1576770451677
33.3333333333333,6.03031125445721,8.90634998599925,17.0424078700056,18.2150677745535
34.3434343434343,9.57477524289135,10.2850221985937,15.448858694959,15.9567759111246
35.3535353535354,11.1181376347853,14.5161377485936,14.7161057710155,12.6679010463889
36.3636363636364,13.9189117860954,17.1785407977379,14.0485240949759,10.5356947209408
37.3737373737374,17.1033889687201,17.8201420340934,13.0191498539383,9.84124377050494
38.3838383838384,18.5692167900747,22.9026252518537,12.5432434069646,9.45403139355903
39.3939393939394,24.0730872094265,25.5253782850013,12.9956921896562,7.31732943909984
40.4040404040404,24.3431966279742,27.5139202317342,10.7379129486453,5.97358350027803
41.4141414141414,28.6301115252642,27.0343056456023,9.55852977403679,5.78823724957897
42.4242424242424,29.9759443291116,30.5111826526925,7.33527236503423,3.24432658237668
43.4343434343434,31.7921219820799,31.2892618624382,6.53941116102919,3.17999898364783
44.4444444444444,34.0264406493725,36.5808998759447,6.21174038166741,0.890284999023298
45.4545454545455,35.580528975186,35.0845479516066,4.1768294918088,0.926531815353657
46.4646464646465,37.4094988393437,38.0852028740819,2.00869273571577,0.106506998490307
47.4747474747475,37.8469074220106,35.974142650216,0.699280200043235,-1.35420150759316
48.4848484848485,42.5465156046909,35.1933583231525,-0.145419671476497,-0.540209628145359
49.4949494949495,43.1806531370181,36.9387617127952,-1.16170941755325,-1.20363123639849
50.5050505050505,45.652505813464,42.4678330134361,-1.66635083186615,-1.41510810811184
51.5151515151515,48.9777795940926,45.9229177435602,-1.80731039286383,-3.645314390408
52.5252525252525,48.6677407020922,46.0964799109583,-2.17803436140574,-2.9539029391719
53.5353535353535,48.9199306282384,48.6758032701096,-3.10027906927714,-3.96450440589655
54.5454545454545,47.7723294363971,48.6578937557538,-3.33165326537397,-3.76797393562646
55.5555555555556,47.6289319138256,48.124384019067,-2.88022224767427,-3.64889232158746
56.5656565656566,49.1617550676,48.4703792041425,-2.78423230676064,-2.43415954133991
57.5757575757576,45.0227622224774,49.7730397160504,-2.49915828085994,-2.41084480891471
58.5858585858586,44.103598012662,48.8280253028345,-3.81065167546885,-2.8221738233423
59.5959595959596,43.0026953547923,48.9083725761833,-3.88518676244419,-2.75646694891992
60.6060606060606,40.6305344885798,43.421056212767,-4.01021039467731,-3.9943134115377
61.6161616161616,40.3312001995012,40.9245783063947,-3.46826563738313,-3.4046160056263
62.6262626262626,37.5771285493704,41.6969581845477,-3.59443580959291,-3.85003289643843
63.6363636363636,35.7834225474141,38.9191220727449,-3.91308173993079,-2.44729647162111
64.6464646464647,32.9871615208072,36.5766903116354,-3.39560239643012,-3.63136588455711
65.6565656565657,32.3950194936707,32.0928656167543,-4.40275712785361,-3.39147593100843
66.6666666666667,29.9050600630672,31.1742617106031,-3.71142276198934,-3.45547632677344
67.6767676767677,26.907308495125,28.420704646226,-3.4799523629551,-3.70834970993906
68.6868686868687,24.7557509160748,25.4252934591145,-4.21104844760377,-2.78787005293448
69.6969696969697,20.0365719219408,23.0618334644748,-3.24925160057297,-2.57635193113771
70.7070707070707,18.597981741345,20.4809747019265,-2.75303560427182,-2.61084224843738
71.7171717171717,17.2239624579988,17.2372444417367,-2.34227767315639,-4.58289210781542
72.7272727272727,14.1557807627529,13.2865915403781,-2.37890001532069,-3.44315906412802
73.7373737373737,9.23494363092332,8.89829402388823,-3.20644215680571,-2.84016532301583
74.7474747474748,7.98475345074505,7.484443784049,-2.42842030126723,-3.44974205851011
75.7575757575758,6.21777272978352,3.22190289728133,-3.2138060183384,-3.27826337825395
76.7676767676768,2.27489145217065,1.79124486411196,-3.38694888099191,-3.79609143835344
77.7777777777778,-0.161557421117122,-1.81545987131841,-3.45502443489311,-2.84486322116715
78.7878787878788,-4.86097899254215,-3.94137416320191,-3.01562483209131,-2.90865111572188
79.7979797979798,-5.49137485826318,-9.04946303840427,-2.18141551234967,-1.27878456376889
80.8080808080808,-10.5981003737566,-11.0487913377191,-1.9437250845461,-1.75857093566297
81.8181818181818,-12.1799434579714,-13.8696191826658,-2.26650377702538,-0.456510132294582
82.8282828282828,-15.9146742272153,-16.7608163491928,-1.51542445714751,-1.94754235911013
83.8383838383838,-19.4989493951997,-19.5668742331117,-0.925402914861058,-1.97808263780886
84.8484848484849,-22.0166944510312,-25.2871265169825,-2.69580210094025,-2.55398911777023
85.8585858585859,-23.4055693944601,-27.3113919460137,-1.08083113731183,-1.04237722228111
86.8686868686869,-24.7141497035193,-30.1867246851232,-1.61477018986987,-1.32176746780227
87.8787878787879,-29.7812842722135,-33.6636574250704,-1.59302156587733,-1.23587146380629
88.8888888888889,-31.0190688746072,-37.5974644021815,-0.771000151482776,-1.33709738532479
89.8989898989899,-35.271338248495,-42.5542615828629,-0.49887252563409,-0.37230658487981
90.9090909090909,-38.6085654889354,-44.2914107129535,-0.147001042138129,0.294478111110424
91.9191919191919,-42.1410305134945,-45.8429566101361,0.940601792398483,0.459066084205592
92.9292929292929,-46.1658479820981,-49.5338051786482,2.25560758560966,1.36884314893613
93.939393939394,-48.0579165731352,-50.7965020747528,2.88709896897335,1.9681086773326
94.949494949495,-48.8276957696721,-54.7259192766251,3.60600107863966,2.80202538457524
95.959595959596,-50.2885425289796,-53.9484580473191,3.07298307702477,3.51597223136214
96.969696969697,-53.0282787366458,-56.6385894782706,4.81684931303107,4.6047516121779
97.979797979798,-53.8032808132869,-56.0318531267099,5.57870799950694,7.37124563421458
98.989898989899,-54.6063419800221,-57.2316301654352,6.52825548134827,8.12803144413202
0,-50.0767641852149,-57.0148943752596,6.80743320071394,5.25983669138626
1.01010101010101,-47.7889500415424,-58.7252885694928,3.74388580981701,6.41317213786153
2.02020202020202,-48.5227146663215,-59.5665020923197,4.75017357050668,3.98426269760167
3.03030303030303,-46.1619918387698,-56.1086900962046,6.74033946760143,6.16970439289291
4.04040404040404,-46.0443762221449,-53.3185315616902,10.4009343113235,8.73448372000381
5.05050505050505,-44.0973190744354,-53.5747906963771,13.4006822739659,11.2860543951484
6.06060606060606,-40.2866795484191,-50.411635979471,19.9351925880046,17.391878775184
7.07070707070707,-39.1154577270497,-48.4074430288757,23.6632565579026,20.7687441791151
8.08080808080808,-36.3722329796568,-45.8846278255114,27.3767097465045,23.4929833190074
9.09090909090909,-34.3331185093391,-44.5076561671721,30.5022311421017,26.9728105188572
10.1010101010101,-33.8294457278552,-43.8971029321813,34.2334594021865,28.7741111755411
11.1111111111111,-30.4879828152707,-40.4771458178566,35.6171933391999,32.735677776326
12.1212121212121,-28.6804385537869,-40.8434316487455,38.0299286461292,33.8813644811728
13.1313131313131,-26.8194651259391,-36.4789733405304,40.6283766728419,35.9871909134144
14.1414141414141,-23.4333913166717,-34.6666452516992,41.9156372137766,36.9222970988623
15.1515151515152,-21.3788911432072,-34.1052753699047,43.2628405653386,39.2027383617543
16.1616161616162,-20.8524728211274,-29.9124790668188,45.589351593856,40.8002659795271
17.1717171717172,-17.87389073113,-30.4498672160814,46.8199467056859,42.0699863815059
18.1818181818182,-13.377633180636,-25.2541548056564,46.9551916911915,41.9245272324473
19.1919191919192,-12.5309182263653,-24.3747803132043,46.6297554360694,43.2686624919086
20.2020202020202,-8.9242713344341,-18.8362822466408,45.8935170764646,41.8780658207835
21.2121212121212,-8.24545997447045,-16.8599770678436,43.7330492143916,40.452691307331
22.2222222222222,-5.76898493480585,-13.0414382004652,41.7532286919516,39.1363939430796
23.2323232323232,-2.60266245240522,-11.8293160433588,40.1311112170147,37.0452107787243
24.2424242424242,0.465954954651183,-8.75769413469818,37.0123462741446,34.7375318111855
25.2525252525253,4.41617501566582,-7.07534134809259,34.5563504738853,32.3450235287618
26.2626262626263,7.08587556473068,-1.64039501752033,30.4705173536884,30.4704340906336
27.2727272727273,9.63655371779225,3.70134050368494,27.1029735145163,28.4189237296039
28.2828282828283,12.2866272881921,3.75937290391744,23.6992299074274,25.2130622570435
29.2929292929293,16.1611554785498,7.1611084678797,20.363123726339,23.6036455137024
30.3030303030303,17.4256015389989,10.8937478819109,17.6519075288223,20.047815573735
31.3131313131313,19.394627963895,12.6147963659838,13.0591919806305,16.5672487387841
32.3232323232323,22.0484480677203,17.827085325795,9.28039967440965,12.4934320572685
33.3333333333333,25.4718690293682,18.7282315139919,4.06609428787685,9.39053241470289
34.3434343434343,26.6188758401469,20.7130769782041,1.91774458179429,6.25124110472222
35.3535353535354,31.6902172254366,23.3058156607494,0.0622080400432236,2.71137863978525
36.3636363636364,32.534652122807,26.8151911459779,0.177361559043464,1.26282845753489
37.3737373737374,31.4183161039645,28.8827526855114,-0.992600122431547,-0.345198926261315
38.3838383838384,33.2402815807976,28.0637344187653,-0.889589765664939,-1.57545517338681
39.3939393939394,36.3277751854858,28.5526262550194,-1.78954508594175,-1.78784934401706
40.4040404040404,37.2524193382232,29.9812371571024,-3.28132577530908,-2.73467772394462
41.4141414141414,38.8398232806249,33.6607096003381,-4.27237588720927,-4.05905618136658
42.4242424242424,40.7161806642657,33.3930729604356,-3.89581796569627,-6.67131394799958
43.4343434343434,41.2676398726818,37.1775981261764,-2.72985432853745,-6.31062097611008
44.4444444444444,41.3345862529559,35.1216056785713,-3.30861151119916,-6.19554800745219
45.4545454545455,39.3091386776374,36.0384060019038,-5.88579472309129,-5.35377499945833
46.4646464646465,39.7108308062284,36.8116294538132,-6.10236779694784,-4.98309200013094
47.4747474747475,38.4934984465078,36.5748616137637,-3.91079520907607,-4.5277723069659
48.4848484848485,38.7295737310116,37.7836660332066,-3.65128206701412,-4.22288956374511
49.4949494949495,39.2745654294015,37.107441235407,-3.65558588750672,-4.10651769032753
50.5050505050505,38.4298681179357,36.3948327416553,-2.34518293667943,-3.35707487211737
51.5151515151515,36.1314094301589,40.017583758156,-1.82033955264013,-2.60328213945484
52.5252525252525,35.8574010379157,36.0692208225185,-2.05450518015557,-2.89313285717256
53.5353535353535,37.0496958608605,35.2766179792526,-1.66545817395688,-2.18296929640957
54.5454545454545,33.3373904869204,34.7211720566588,-2.80983141403968,-2.71768670829754
55.5555555555556,35.1330410258749,33.740527484222,-1.62352839783672,-2.57486942073185
56.5656565656566,33.8731655114358,31.5880500519009,-1.09589095127605,-1.57567031371675
57.5757575757576,32.0575782429998,28.0620258452206,-1.53945887689039,-2.65648395958649
58.5858585858586,30.7561618729612,27.996991712957,-1.53734885511883,-1.77148951981382
59.5959595959596,27.3426675796481,25.6458118109091,-1.70478679433152,-2.79943582704572
60.6060606060606,27.1060848113976,23.4918938820277,-2.3993745665691,-3.23729966122968
61.6161616161616,24.2558777426302,22.889118387915,-1.88098538586592,-2.4088377670295
62.6262626262626,22.5276004357076,20.897291051603,-2.90013918203839,-2.43339262261871
63.6363636363636,21.6227924865161,20.264797601525,-2.9813249851122,-3.43177597121146
64.6464646464647,20.0834483045693,18.2230825342812,-3.82191443400195,-4.50970205681987
65.6565656565657,19.4717741914503,15.5529796230171,-3.61341858605056,-4.5967522037613
66.6666666666667,16.7638372711324,14.8798882220184,-3.97159219314409,-2.77308099764224
67.6767676767677,16.7165108875985,12.5196783768913,-2.99908153533687,-3.68337289965306
68.6868686868687,13.2108361561141,11.2544324517303,-3.13010701744796,-2.83797192329213
69.6969696969697,10.5728072640862,6.94196505094169,-3.21609951185781,-2.84450299220199
70.7070707070707,9.1328729117594,8.25920932887412,-3.51052437031374,-2.8982460959099
71.7171717171717,8.36675643909785,3.44927422714931,-3.69214579703412,-3.45135109187245
72.7272727272727,4.88980067499904,1.21409984035647,-2.34197095173786,-3.31563870283073
73.7373737373737,3.60398489153665,-1.0989569929278,-2.26969418119655,-3.43752122392367
74.7474747474748,-0.506294434374563,-3.15426716218363,-3.07126181428289,-3.44213834086219
75.7575757575758,-1.05703204841231,-4.95426886617659,-3.3349894116388,-3.06976507108682
76.7676767676768,-4.61773334506104,-8.300595903388,-2.31538230926739,-2.61266527628928
77.7777777777778,-5.80405893772576,-12.3849396121856,-2.52908774813641,-3.14730864991657
78.7878787878788,-7.12555635673773,-12.6901548433109,-1.77668450655201,-3.20800654169911
79.7979797979798,-11.2808172645842,-14.9498789788348,-2.19411417277538,-3.18467716957211
80.8080808080808,-13.9521462387022,-18.0882527541022,-2.39316471940465,-2.22778638256293
81.8181818181818,-15.1836601776454,-21.3122103001795,-0.841467860778068,-2.20678317775605
82.8282828282828,-16.4690415875998,-20.5343011015954,-1.66701963674875,-2.56463053909772
83.8383838383838,-16.5684755395496,-23.0706786323078,-2.06723416221444,-3.0687357532329
84.8484848484849,-20.3377393577077,-21.0332817196779,-1.89483041543496,-2.96297298448319
85.8585858585859,-24.4913521517053,-26.6986605703591,-1.55401322419192,-2.51094170586737
86.8686868686869,-26.216004107213,-29.2218488781318,-0.676313387837968,-2.2432485852447
87.8787878787879,-30.5044248056754,-34.1464390689489,-0.701689730695744,-1.5729766213523
88.8888888888889,-35.2434357101703,-35.8629924761418,0.59670254075417,-1.42651369380229
89.8989898989899,-37.6519410461924,-40.9155304300438,1.32600375691325,-0.513995617195076
90.9090909090909,-41.9823658234348,-46.0391064851017,2.46888976087289,-0.958494515775631
91.9191919191919,-40.7190085173894,-49.5692739126791,2.66313565464616,1.7237771454337
92.9292929292929,-44.4196010144557,-53.3668913216341,2.65258573114718,2.51749002427345
93.939393939394,-43.2718428608044,-56.4766450259966,4.10193285015797,2.570957127023
94.949494949495,-46.7330170853097,-52.7045168260958,5.51519624877127,3.63868163017861
95.959595959596,-45.2362946513189,-57.2536528150436,5.45557225725447,4.50786761604249
96.969696969697,-47.2048122318521,-56.5485185391083,7.47367987392222,4.48634899837516
97.979797979798,-48.4935120484084,-57.2541016207833,6.51398173324392,5.19533708562709
98.989898989899,-47.8245840722819,-59.7914397967325,6.31662311337579,4.80074773423128
0,-68.9292118325202,-70.1341548759368,5.05370664554649,3.60986356697929
1.01010101010101,-70.0233719329427,-69.5993795009652,4.5623432311234,4.06796025979202
2.02020202020202,-69.3009677796152,-70.3715824034091,6.6466542744096,4.38775707505526
3.03030303030303,-67.9527968111705,-68.4247302927028,6.08027951867763,5.42504907125699
4.04040404040404,-68.1375024013908,-67.22313082734,8.6879157475224,5.28644873328729
5.05050505050505,-64.5689066616946,-66.2471178627743,11.281204522432,7.61591869964854
6.06060606060606,-64.3597685424263,-63.5765754989243,15.4922279517806,11.0721269000671
7.07070707070707,-63.0366869064414,-62.4970136308667,19.1206927469535,14.6238739600886
8.08080808080808,-58.6094116422375,-60.9645782131843,21.7561209333257,18.4868521119073
9.09090909090909,-58.7159084265931,-59.6834037319609,25.1289751618813,21.2562082752539
10.1010101010101,-58.2789774867053,-59.4469934299075,27.4352796862387,23.4815526908226
11.1111111111111,-56.217933092055,-55.6696412972424,30.1263591733551,26.080348404475
12.1212121212121,-55.3835078927713,-55.3955525165462,32.8937780922438,27.8174111126133
13.1313131313131,-51.5204702439184,-54.314710638988,34.5631930203569,29.1090138823965
14.1414141414141,-52.3468267946944,-51.9703943394259,37.0568656932711,31.7413998311086
15.1515151515152,-47.4653918372489,-51.7781294067973,38.6460518467937,33.3047271451268
16.1616161616162,-47.0646967430682,-48.1442935201677,40.7723376697928,34.4585098118386
17.1717171717172,-47.6444557065154,-47.8031829669929,42.4540805626688,36.8011477477888
18.1818181818182,-41.8624687752384,-47.1605336870176,43.914750524498,36.5278787928186
19.1919191919192,-43.0584862307062,-43.8632071730577,44.9273229935183,38.5368179083143
20.2020202020202,-38.8854703711005,-42.0405875409329,44.1699019747295,38.7579483774044
21.2121212121212,-36.596063354235,-38.2461327984346,45.0704692731342,39.3231080386104
22.2222222222222,-35.353094587699,-37.5377306784849,43.8580917831192,40.327347288244
23.2323232323232,-33.7934310735253,-34.8308163836912,42.9764666187437,38.9858229815456
24.2424242424242,-33.0216429954072,-34.0471337654627,43.6279104826553,39.1478971785879
25.2525252525253,-32.111549342539,-28.4850985895938,41.8993171830475,38.6592101277769
26.2626262626263,-28.5300811205045,-28.8967572550384,39.4464244605764,37.7511688261697
27.2727272727273,-29.3709086778117,-25.9549670823344,37.5814511214542,35.9933018376385
28.2828282828283,-23.9025651923669,-24.2908208904862,35.5062885841366,34.895364044074
29.2929292929293,-21.0863448497938,-21.6288557987235,32.7074617610263,33.8116978136848
30.3030303030303,-19.099579169348,-17.588537158675,30.8338528400535,32.1410334697994
31.3131313131313,-17.7966115774459,-16.5311421451029,27.7603558582017,30.5501684311545
32.3232323232323,-13.6051439162996,-13.7415311451373,24.7324449569275,29.3650931828636
33.3333333333333,-9.16412592583964,-9.85891736151016,23.4531892825179,26.6326492346061
34.3434343434343,-9.45381139604889,-8.24918740457709,19.4894875334453,23.5058699587225
35.3535353535354,-5.66964816123648,-4.08575903703639,18.006030713307,20.8192203757978
36.3636363636364,-2.82175856022283,-0.518528182673446,15.4848915694589,18.6386010248309
37.3737373737374,-2.26533435213239,0.306342243191214,13.2343465534822,16.3277475069938
38.3838383838384,1.51440400896497,5.20749809238641,10.9113174289079,13.7537388873891
39.3939393939394,5.53878714100749,6.62202525011393,7.35679436618499,10.9821612018832
40.4040404040404,7.94939025806968,9.27144665894726,4.89789813720054,7.88032450333701
41.4141414141414,8.55847821950495,12.4232112611858,2.54001788937602,5.34450714768918
42.4242424242424,10.9591180517902,14.7450874528842,1.2489893589997,2.24205471275612
43.4343434343434,14.3668674004243,18.0505972746026,-0.307315491082594,0.385710950016248
44.4444444444444,15.6105171745356,18.9966369952773,-1.53525326400491,-1.58068771357268
45.4545454545455,15.8434019466432,21.5628035076976,-1.55680809788933,-1.88276952410327
46.4646464646465,16.6797075991403,21.2318340826169,-1.53216443083749,-2.28150682443442
47.4747474747475,20.6715294445471,25.4491369614511,-2.67140376537913,-2.89913457238565
48.4848484848485,21.5369043422739,25.7898047672128,-4.19356957442071,-4.08340597347018
49.4949494949495,24.8664815665223,24.6351492606823,-5.23781102111334,-5.16588353210344
50.5050505050505,27.098588970834,25.7490479293382,-5.8392394202566,-5.7726218354817
51.5151515151515,26.1662359385216,27.559751586594,-6.33574975711925,-5.44010514580216
52.5252525252525,25.9284270605536,29.692974596205,-5.52063053497617,-5.68630434499513
53.5353535353535,27.4699022907945,27.7913094644736,-6.36470903232246,-5.88966847318038
54.5454545454545,27.83597898078,28.9265208604692,-6.44932677832178,-6.93307876335419
55.5555555555556,26.4677847884525,29.0187407704114,-5.49856551571726,-6.92254348355503
56.5656565656566,24.8163489124881,30.4672992622779,-5.17027757938182,-5.6070238239761
57.5757575757576,21.8788410524982,24.6742953906224,-5.23238549587317,-5.32787968232686
58.5858585858586,22.3972985165906,24.5463036631222,-4.48926275503633,-5.47325563415125
59.5959595959596,19.5174096734073,25.607295612221,-5.19194442154691,-5.45160852578524
60.6060606060606,18.6850352592206,23.6548254160062,-5.32423935613603,-5.74482377553428
61.6161616161616,17.0984562231477,21.7498249326099,-4.63650378132795,-5.75798314158058
62.6262626262626,13.0320157689948,18.6133779609142,-5.17087937198276,-5.48737320440829
63.6363636363636,11.2527037350314,17.4265797344765,-3.81310452187784,-5.04188039311429
64.6464646464647,10.9287285167849,13.8762818459842,-4.96721441803071,-4.70391718659411
65.6565656565657,5.82918794936487,14.0166531538841,-4.80838114937594,-5.26014217404954
66.6666666666667,6.89259761158075,9.72695655640936,-3.52072553096986,-4.92452406160523
67.6767676767677,1.72737370563904,7.2887736257395,-4.34303923364662,-5.14032993071803
68.6868686868687,0.870594033647752,4.73631169820236,-3.86000173037316,-4.68623224429438
69.6969696969697,-4.03894446846425,1.1823427281969,-3.83297743280747,-5.13841233272231
70.7070707070707,-8.6776020880029,-3.09688036964021,-4.02990821864957,-4.05403278212724
71.7171717171717,-10.0813033349529,-5.04432557011261,-3.56039563949116,-4.66119502809094
72.7272727272727,-11.8638083844112,-7.25258871144543,-4.47371283991705,-5.18449402213134
73.7373737373737,-17.4471046929583,-11.3775393191814,-3.40376076465765,-4.56055270172359
74.7474747474748,-16.5127211851527,-13.0252086081458,-5.65199280457451,-5.11629183754275
75.7575757575758,-22.1842616400361,-17.9069721491329,-4.32982507606739,-4.27118668457919
76.7676767676768,-24.1019711715787,-21.0074924317609,-4.60980586560151,-4.58706400787836
77.7777777777778,-26.2313596571387,-22.5963948557713,-4.75601667510141,-4.18231438131326
78.7878787878788,-30.3602804377368,-26.3914643925154,-3.60324447220803,-4.44051507330352
79.7979797979798,-32.7955136331669,-29.2874327971227,-3.92688927556892,-4.27305298239781
80.8080808080808,-34.6838893623188,-32.9046981511732,-4.29112921611229,-4.27505454044756
81.8181818181818,-36.3564125274864,-36.256008231849,-3.52809424620044,-3.30967553685715
82.8282828282828,-42.6344727732571,-40.8662650324114,-3.69968297036619,-2.34219132389199
83.8383838383838,-45.4418262922339,-43.2561861150831,-2.22614123872733,-2.14818474239994
84.8484848484849,-45.782435055439,-46.7575177296753,-1.8578857091243,-2.26979846597671
85.8585858585859,-50.8275482123233,-49.1074168213381,-2.23542990025303,-1.35828639440298
86.8686868686869,-53.2028294116556,-51.3886567987731,-0.127853112517877,-1.13652764020069
87.8787878787879,-56.9158591839588,-53.4237989233809,-0.135688751048063,-1.60065527433202
88.8888888888889,-60.2077480524325,-57.3996642065156,-0.124228485985752,0.123747850051073
89.8989898989899,-61.1430163071924,-61.3710795338442,-0.428851984096873,-0.0264499955463315
90.9090909090909,-62.802735829402,-59.9132398335121,0.919143260225206,0.0852151865944338
91.9191919191919,-65.417757417733,-61.8587663435789,1.22862388377573,1.74616021777514
92.9292929292929,-65.4407645126355,-64.7016615963787,1.80201158456315,1.75213079012979
93.939393939394,-67.2788689990301,-66.1469800240091,3.13130774972309,3.40750761584958
94.949494949495,-68.4552935559473,-67.1777039156165,3.78391970625586,3.13340888899489
95.959595959596,-71.9058699884609,-68.7729842979237,3.73821836741144,3.42974816795647
96.969696969697,-70.9246843979381,-68.8136413614606,4.62371986699894,3.62284929673145
97.979797979798,-70.1979967128091,-70.2315614076549,4.56252573939414,4.21350752708841
98.989898989899,-69.9249376431736,-67.2151512067783,4.21136196883247,3.39007708529344
0,-62.8885283175923,-65.8399344303716,4.00451888992043,9.03222548688038
1.01010101010101,-63.8360108391118,-63.1675517983227,4.65965632053221,9.04722401995042
2.02020202020202,-61.2319247258917,-64.6815230840186,5.98395425108528,8.27652246361179
3.03030303030303,-61.4807775631978,-61.8552253200159,6.72213439422305,11.4347481046406
4.04040404040404,-60.3716088748783,-59.0910908276025,7.68180476711888,14.8369050705969
5.05050505050505,-57.3361987834684,-56.5711126521536,10.6346377155563,17.4032284789114
6.06060606060606,-57.187560259975,-56.214211252548,14.1332471351255,19.5941303002163
7.07070707070707,-54.7254585335232,-55.9044140242037,17.9133595134082,19.5927143223046
8.08080808080808,-54.816598179672,-55.7051958268553,22.2686475893177,21.5092214868158
9.09090909090909,-51.1889941368756,-52.3394965143654,24.4092470191016,24.0399344076828
10.1010101010101,-49.4946575840029,-50.5128145864693,27.3151990126326,26.4723873210622
11.1111111111111,-49.532256483432,-49.9247492904871,29.1350620990106,29.0268392614847
12.1212121212121,-47.0938108990068,-49.2309044826668,29.356511008896,30.3568720439459
13.1313131313131,-48.0502621623955,-45.0923133927023,29.4233270482044,31.6180551127513
14.1414141414141,-43.0630356653657,-43.5736311902956,30.0675397934484,31.5259696307457
15.1515151515152,-43.8660275376753,-41.6971668807093,31.8792202056334,32.5734697219897
16.1616161616162,-41.9923812647176,-41.2564787429908,32.5109695133036,32.5487590359239
17.1717171717172,-39.1448191185764,-39.7978186245526,34.4127993613866,33.8272455943069
18.1818181818182,-37.1171256555073,-37.5001904888347,34.9585764928163,35.1747816335431
19.1919191919192,-33.6995693736826,-33.0311217013169,35.7884998282324,35.4387805120352
20.2020202020202,-34.09330593223,-31.6071588107755,36.0238611481937,37.1915430486633
21.2121212121212,-29.0488519252061,-28.7769477507988,36.5180082002758,37.4895792033837
22.2222222222222,-29.0969387900892,-28.6048403261922,37.2241420244881,37.3961097934056
23.2323232323232,-26.8955017938472,-25.95450172667,37.6403931293622,36.8102060766059
24.2424242424242,-24.1914004553423,-22.0731151213797,38.1831173681095,37.0302516688855
25.2525252525253,-23.2009670250778,-19.2464438263671,38.7966109187571,37.1032165570981
26.2626262626263,-20.3827126702767,-18.7471028692529,37.9947125215088,36.0650860899312
27.2727272727273,-18.4322121292173,-14.7641453679109,36.7568731500698,37.0342113943686
28.2828282828283,-16.5088162561246,-12.5240972215577,35.8638241805281,35.930716313817
29.2929292929293,-15.1349777400472,-10.4169003472812,35.0882013963764,34.5927219468567
30.3030303030303,-11.8846362697082,-9.64769130705265,33.2538040470877,33.762299679548
31.3131313131313,-8.75017394355387,-4.21791476467482,31.3604876808245,31.7922693682897
32.3232323232323,-5.95438533991007,-2.4568185291407,29.8465237783202,30.1861522640651
33.3333333333333,-4.71868808206629,-0.910130402128336,26.6045338964343,28.6865966325368
34.3434343434343,-1.83948970477524,3.57152529651947,24.9877603912804,25.4556203379728
35.3535353535354,1.28106104568279,6.7805469266474,22.1085591567924,22.8259649819171
36.3636363636364,4.7987076824612,9.51672438280558,21.1440533819936,18.9726641953091
37.3737373737374,7.89383106731458,11.2899589751608,19.2966855645961,16.919145028059
38.3838383838384,10.6572202792696,13.8938841590488,17.9008558164222,12.6908488885178
39.3939393939394,13.4849548340827,16.7845595916256,16.0142270503793,10.9859306675607
40.4040404040404,15.9294269990931,19.4477843161066,14.0182796400058,9.78239916964629
41.4141414141414,19.7343488136628,22.1331728797191,13.3146395274213,9.05935863708235
42.4242424242424,20.8584746085617,25.234190433943,10.5783146139429,8.24229880366203
43.4343434343434,23.4576528137091,27.1907936798461,9.23489299610659,7.6194882545675
44.4444444444444,26.5403559182351,30.1248612196023,7.00764048111795,6.5418891330147
45.4545454545455,26.8643180497437,31.6248862186155,4.97922867756695,4.69761926486705
46.4646464646465,30.340139763336,35.3328143425783,2.29810044267439,3.03358820058066
47.4747474747475,31.8649067280624,33.8378176324137,1.41159847878262,1.31492428847635
48.4848484848485,34.4969069941845,38.9550087632142,-0.313462488745745,-0.489644210721127
49.4949494949495,35.2605655474321,38.7971866816812,-0.525188541617375,0.468799932155741
50.5050505050505,35.4368034032594,40.7145819337434,-0.385342771458531,-0.915859532579479
51.5151515151515,35.0208616812574,40.7811028099347,0.363991350782475,-1.61943307119936
52.5252525252525,37.5749365581295,41.8156885562635,0.371707060553916,-2.21284559493371
53.5353535353535,38.9769876045825,42.1824348123603,0.65563111709172,-2.459615467722
54.5454545454545,41.8837383666481,43.9531489481047,-0.526912754527106,-2.76233538051759
55.5555555555556,42.8222954551441,44.8687401545008,0.357531910715068,-4.38717269413397
56.5656565656566,44.1376150533264,45.8158239524406,-0.735355324722795,-4.75487230745357
57.5757575757576,41.9858197726893,47.152166941703,-1.6919599896482,-5.23916038895735
58.5858585858586,43.3111986127224,46.0079309484159,-2.97034718095368,-4.79636996758804
59.5959595959596,43.339933773697,47.7278222602037,-5.35780274130809,-5.2767707686234
60.6060606060606,43.5596249623973,47.0211725891922,-7.11947566920801,-4.86470779820897
61.6161616161616,41.0929076101841,45.9594508839861,-7.27073977078742,-6.04445221416922
62.6262626262626,41.7034982571597,44.5729872389916,-5.60293322623451,-6.06300389727373
63.6363636363636,37.6909477579318,42.2135844702265,-3.91932218645497,-6.49801213825409
64.6464646464647,37.1104044253152,40.0812877167556,-3.93184595027937,-6.38907349708338
65.6565656565657,33.4238121393178,40.149351814401,-3.54209245417591,-7.07772086684494
66.6666666666667,31.0756974615685,36.5937090570538,-3.60808066224596,-7.21185085077223
67.6767676767677,27.7863546320709,32.5967438705447,-3.21188087973486,-7.01120787669653
68.6868686868687,22.5530549920209,29.7222482798443,-4.0457296959832,-6.68928147985519
69.6969696969697,20.5272972359077,28.1268406018084,-3.48916604126132,-7.03490003553633
70.7070707070707,18.1571181043457,21.8415875371985,-4.24973619193715,-7.55609382301413
71.7171717171717,14.4740139222912,19.0622050424039,-3.36970705764126,-5.30688537359313
72.7272727272727,10.3263561999813,16.0925957025226,-3.3104259053703,-6.07806327195569
73.7373737373737,7.35608006428452,14.3283079388324,-2.78958274061164,-4.80571637820237
74.7474747474748,3.74739094142124,8.72819100975681,-3.65583538070284,-5.79416091545853
75.7575757575758,0.203580137888169,6.40105852853949,-3.41068636941574,-4.8693861341205
76.7676767676768,-4.72102771287521,-0.372587457875027,-3.04856667060111,-4.21688540754953
77.7777777777778,-7.50941884114741,-3.30123677281061,-3.41736932977712,-3.96645768709411
78.7878787878788,-11.5106004968109,-6.77068141585596,-2.76920504369292,-3.44612619103236
79.7979797979798,-13.8718868332112,-13.1774719988927,-2.71395100565256,-3.21325850408647
80.8080808080808,-18.784916143687,-15.5777717011408,-2.59712574921249,-2.66261787867282
81.8181818181818,-20.7467160980732,-19.0666853262558,-2.81883320287894,-2.59003374440551
82.8282828282828,-23.7023639106503,-21.4277605309728,-3.19620984079025,-1.9685340133546
83.8383838383838,-27.9183878870856,-27.0452547856023,-1.73697831879342,-1.71023565550481
84.8484848484849,-31.5012144096725,-31.2137458237261,-1.46303157485808,-2.03458975468623
85.8585858585859,-33.4623585874643,-34.4751820090998,-1.96922606982379,-0.544653823766149
86.8686868686869,-34.5931523815653,-37.7057865964874,-2.73184231502239,-0.493096247542624
87.8787878787879,-41.0079091534788,-41.5347700529861,-0.607134483637174,-0.132234519666631
88.8888888888889,-45.8933781089128,-46.2073697455843,-1.42274517278723,-0.34547899632197
89.8989898989899,-47.4351854564265,-51.6489179522518,0.00193748794071802,0.191578217624825
90.9090909090909,-51.2058216717522,-52.2282642955486,-0.91576491622897,1.40739538613742
91.9191919191919,-53.3967913435083,-55.4630963503265,-0.975974396756377,1.7379830205398
92.9292929292929,-55.7639151050305,-57.0749507391943,-2.25940277579593,2.54875051740085
93.939393939394,-56.0414342557755,-58.4655572232158,-2.86846298466913,4.0185578425522
94.949494949495,-58.434529935047,-60.3938981154293,-2.89806204007211,3.96585181741411
95.959595959596,-60.9978721480182,-62.8263179185433,-0.373592948554994,3.66671785271792
96.969696969697,-63.5267967013885,-64.0258077060821,0.353991489050081,4.37791892151113
97.979797979798,-60.507133014687,-63.4248859532707,2.29389466490872,5.73891289892291
98.989898989899,-63.01035129309,-64.7154088485267,4.31127082477767,7.17488676580673
0,-62.2767827300821,-62.7482237778355,2.3163608328366,8.08962447657558
1.01010101010101,-61.226337458292,-61.8594592803565,2.70107390342468,8.25050825900327
2.02020202020202,-62.0170343105778,-63.6306363327417,3.85048108160662,10.1977292150574
3.03030303030303,-61.6307573813799,-64.1213662467114,5.04344606157077,7.81682377115478
4.04040404040404,-61.0306793199207,-57.3223233805213,5.2826416715057,10.8317449026419
5.05050505050505,-57.6498631184754,-59.0287048751069,6.54342823828956,13.4596954997546
6.06060606060606,-56.3396876224862,-58.29046781583,6.72288843106216,16.9555864922325
7.07070707070707,-56.0802219624635,-53.9441997671136,4.77084582470756,18.7828505803383
8.08080808080808,-53.0248900739998,-54.5714834614078,7.60051146028042,21.2077070962244
9.09090909090909,-51.7468313279698,-51.3898012236467,11.424924793272,21.9326935983829
10.1010101010101,-50.2286925397761,-49.2048443595345,14.369812289939,24.2000549140237
11.1111111111111,-47.1852191288286,-48.0319938790446,16.9043709026531,27.3149920000962
12.1212121212121,-46.8265358144621,-47.3406435295672,18.7932065816522,29.6268591532122
13.1313131313131,-44.0847038281548,-44.1713114691806,21.6146239076486,32.3428423467395
14.1414141414141,-42.2970696902258,-42.4258587193382,24.6697731021411,34.3745014913228
15.1515151515152,-40.1742797694975,-40.6592544944439,26.4932430313452,34.675473512772
16.1616161616162,-37.8325704371747,-39.4306444131028,29.4149965929899,33.6788087397463
17.1717171717172,-38.5130551795451,-37.8178636601305,30.9675504230266,34.3103394512414
18.1818181818182,-34.0751560628004,-34.668331309348,32.3330479341431,35.127030113681
19.1919191919192,-32.0106272705622,-32.3751044750774,34.7907300593719,36.0077618142467
20.2020202020202,-30.9699751869081,-30.1005965616983,36.5657549165602,36.9768449078005
21.2121212121212,-29.6596205347194,-28.361828477584,37.5067556325751,36.4965021672867
22.2222222222222,-25.3751608916685,-25.5464118278212,39.6066728402287,36.5525292759611
23.2323232323232,-22.0018854567146,-25.6968553969755,40.3995685422632,35.6206685929607
24.2424242424242,-21.4909876707614,-21.0262938784592,40.0560266850816,36.2846027131878
25.2525252525253,-19.3356809000439,-18.9455253217514,40.329643584243,36.8585003419962
26.2626262626263,-17.6217920842088,-14.6479146542221,38.2118137937098,34.8774459425282
27.2727272727273,-15.5546011418277,-13.3743466329828,37.5335791389533,34.1603601463321
28.2828282828283,-12.4777431732379,-12.9802514396128,35.3457013929495,33.9589457868801
29.2929292929293,-6.738971844611,-8.612826342663,35.2264841501071,31.4725779484361
30.3030303030303,-5.9962172338333,-5.03641162036014,35.4684997570076,30.2978917842647
31.3131313131313,-4.44304000605324,-3.77953438420233,34.424189803964,27.9299426307173
32.3232323232323,0.472272473404048,-2.02812630664563,32.710932161124,24.7362991412554
33.3333333333333,2.01325670045795,4.58897363120231,30.5908196438932,20.5581648533826
34.3434343434343,3.5457760362399,4.0646976092471,27.7493512569862,16.4434752752271
35.3535353535354,8.22956472738003,6.98379338299241,23.3853245588608,13.6446153218673
36.3636363636364,11.5123345262011,7.76453867149981,20.8226640024158,11.5216496565287
37.3737373737374,13.7383630346613,12.9153658512653,19.379791640383,8.18485302271538
38.3838383838384,18.343047479397,15.8846461836509,16.9829567423638,9.67742691119837
39.3939393939394,18.6917479574338,19.2352941113524,15.509909717724,8.77526302455065
40.4040404040404,22.0578023210694,19.7800712337044,12.1893265310716,6.86380355347831
41.4141414141414,26.1511703837629,23.4784591022094,10.439740569292,7.95410612714947
42.4242424242424,28.6121428949578,27.2413086790297,8.35261920114236,5.32185372155655
43.4343434343434,28.7296542229987,27.6954115778832,5.29341934808176,4.27595684035434
44.4444444444444,32.5974890995653,29.5126968757288,2.97922838924516,2.45472086925277
45.4545454545455,35.4306161339481,31.6053430338962,0.957556130394569,0.655820928440324
46.4646464646465,35.5068204380273,32.5377302540499,0.0986492452990111,-0.468081163741785
47.4747474747475,37.7435283182151,34.9932058681717,-1.16398629261827,-1.92316812279126
48.4848484848485,37.1679630421453,37.2259816706776,-0.810219295889226,-2.26414809709283
49.4949494949495,39.6393801679273,36.5538719714524,-0.480028207702101,-0.603122521893977
50.5050505050505,38.6881017756738,36.4243136217525,1.46113409386973,-2.03613742837958
51.5151515151515,42.1654017609742,38.0320807251074,1.3781058710407,-1.82141933567334
52.5252525252525,43.2915966555825,39.7814460497158,0.211574518918734,-1.66502545683252
53.5353535353535,43.2228612776632,40.6888988519918,-0.00889715801238628,-2.83091382188392
54.5454545454545,44.5140334360307,44.7569223541729,-0.38685540979237,-3.32155701690468
55.5555555555556,46.8220150853548,47.3851670152969,-1.89562539319346,-4.83928510482574
56.5656565656566,45.9475481396276,45.98153851295,-3.70716923388576,-4.76321016192164
57.5757575757576,45.3493795599705,45.5834357771324,-2.70544039413516,-6.0101961294026
58.5858585858586,45.3674017232313,46.7362571142744,-3.07380596431071,-5.59141223344824
59.5959595959596,45.0869048522624,47.118125680985,-3.49138450861637,-6.5461149590032
60.6060606060606,42.7149890241558,46.2676553701098,-2.7444204000061,-6.13490913199881
61.6161616161616,40.131547183922,44.9276771375829,-2.47778757005866,-5.9305299956059
62.6262626262626,39.6379710969339,43.8634929076304,-3.78096507814533,-5.10495793956446
63.6363636363636,36.6731940221508,42.899694827931,-2.89620371188376,-6.17749984239368
64.6464646464647,35.1744606036761,39.0878364205151,-4.05209941051486,-6.28233531106541
65.6565656565657,32.2982609239867,37.5979651883235,-4.93565546138261,-7.19924909935595
66.6666666666667,29.29454493727,35.6676516364445,-4.1962829735035,-7.53715837761107
67.6767676767677,24.7587551334344,32.7874044054435,-3.18596711219851,-6.86258572781383
68.6868686868687,23.2533709779831,29.9896453545041,-3.92799447472695,-6.64441464408473
69.6969696969697,17.8981100326134,26.938179270842,-4.9781540064776,-6.55032102840079
70.7070707070707,18.0248750975502,21.3333940617206,-3.89823266719162,-5.89781958559905
71.7171717171717,11.5574814697558,19.8978776246879,-3.37574733950204,-5.47930057132623
72.7272727272727,11.2063258580411,15.4471133972697,-3.49762423282059,-5.78296804968919
73.7373737373737,5.48062522765851,11.0255451402829,-3.1017307830843,-5.28107526664845
74.7474747474748,2.31444815360959,8.3225172765396,-3.84436227254752,-4.98093973431698
75.7575757575758,0.0591229919256648,3.33899241744403,-3.59263181580826,-4.24211592748658
76.7676767676768,-3.62631969274828,0.632891482415918,-4.10915776180931,-5.35407843432891
77.7777777777778,-7.32570612733999,-4.41608192892282,-3.97059776535221,-4.06644865777654
78.7878787878788,-12.2637923871269,-7.89501467152036,-3.48824265721499,-3.58296230022033
79.7979797979798,-12.8266406977653,-10.0975094959292,-3.1852838277516,-2.23603750430291
80.8080808080808,-17.7207208541139,-14.3486233887096,-2.12572098758213,-2.48986765972933
81.8181818181818,-22.2179998122989,-18.8038674241662,-2.88612128894894,-2.41831488469052
82.8282828282828,-24.6363278635882,-22.6908458202118,-2.44622986190828,-3.92488123479061
83.8383838383838,-28.4984113388782,-26.4466424286951,-2.36391137270557,-1.76611952961832
84.8484848484849,-32.02191666334,-31.4752748472102,-1.88110872531725,-1.21313580677127
85.8585858585859,-33.6116846045146,-35.9477577124629,-2.25327355342177,-1.0172747418378
86.8686868686869,-37.3982174390635,-38.4561369948628,-1.11075916657013,-0.515807662284849
87.8787878787879,-41.790263479513,-41.6751907736298,-0.780223026426792,-0.704539092423427
88.8888888888889,-44.3398794366104,-46.3180435261204,-0.376470272017978,0.0194978328360109
89.8989898989899,-48.1105854464395,-49.4548162840039,-0.0663256466831063,1.26186514549455
90.9090909090909,-52.0761426967656,-55.4391101825351,0.892402160907629,1.0595921070199
91.9191919191919,-57.0381226026669,-56.0815476335516,1.16015462969571,0.735337476133678
92.9292929292929,-56.4916724893173,-59.796287516305,0.267360568636104,0.963041613469564
93.939393939394,-58.4550871598052,-61.6624399518869,-0.463344501595306,2.17162584351147
94.949494949495,-60.4498513199066,-62.8891477927404,-1.18240019581814,2.75801778617053
95.959595959596,-63.0829793488138,-62.660972146925,-1.08604057005748,4.03506450505133
96.969696969697,-62.0789839039563,-63.7632524392554,-0.286590972535802,6.35352502205484
97.979797979798,-62.8873149276854,-66.161920843848,1.38370278584943,7.23429410889509
98.989898989899,-64.7993104799513,-64.2571544563362,4.92127699002494,7.16310405556294
0,-63.398545024726,-60.8492913757848,4.73624163937644,4.07367083918522
1.02040816326531,-60.8282459129317,-61.9449310751553,5.77195980499926,5.27651201097725
2.04081632653061,-60.1816461394438,-61.0808564854515,4.97627004351181,3.77338803417624
3.06122448979592,-59.0163701938473,-58.1875613600234,5.06006224608587,2.61721323535712
4.08163265306122,-56.3781393000488,-59.7761972602534,6.52868578791888,4.35909038615441
5.10204081632653,-57.0251358146935,-54.1003111710295,7.10039124305917,7.09693927759753
6.12244897959184,-55.2521331519073,-53.4936314502336,12.6801279877819,10.3737387935345
7.14285714285714,-52.858556065322,-51.3996840129645,15.8049570158799,14.7332468039379
8.16326530612245,-52.705808850871,-50.8933388401455,20.4059421077355,16.9259185292773
9.18367346938776,-51.1254476442337,-50.8910769274812,23.3315849267016,18.894916432027
10.2040816326531,-49.5244946694102,-48.181303724656,23.4450708977528,21.0399063617283
11.2244897959184,-47.5507130431783,-45.67403179128,23.528412801294,22.7281481018153
12.2448979591837,-45.2642101424785,-44.9492849175799,23.4988601422559,24.2288145111113
13.265306122449,-42.6895192315244,-44.6540855776475,21.9252239864436,25.6666035964361
14.2857142857143,-41.0181306350396,-43.1807774886171,23.8105573177606,25.4678989827681
15.3061224489796,-40.1183863829703,-40.0448616927435,24.8974632537022,26.6682391845821
16.3265306122449,-37.1486367375462,-38.150641402221,25.9394785074724,28.2651833379657
17.3469387755102,-36.9804181705995,-35.4534000842293,26.3923551558158,30.3887113777372
18.3673469387755,-35.5553794399608,-32.6231445172894,26.5783646831576,31.215149400651
19.3877551020408,-29.8716510526862,-30.187986765901,27.4368499257271,32.2114269080133
20.4081632653061,-30.0975862229288,-27.9456965773511,26.843800887833,33.4047200267311
21.4285714285714,-27.237805808153,-25.0356778356493,28.5870610347351,33.3628159915952
22.4489795918367,-27.7795605370639,-22.4967347554154,28.7851269256384,34.7097164665524
23.469387755102,-23.0712014633882,-19.5560795301873,28.6947639896916,34.3806287960692
24.4897959183673,-21.9509222180126,-18.086641914764,28.5324444277888,33.6787357068815
25.5102040816327,-18.1882189141251,-15.944023858355,28.0063549640102,33.1799082237771
26.530612244898,-15.3633018410803,-12.7552096526394,28.268566191359,31.8863768311024
27.5510204081633,-12.9824851588943,-8.51535730601698,27.0113043120936,31.1006327654501
28.5714285714286,-11.9717122989544,-9.49144875809922,26.3996040374815,28.8743665002448
29.5918367346939,-10.0697025381392,-4.89818443214272,23.3032631738641,26.6956196209894
30.6122448979592,-7.59922139678352,-3.46190153054255,20.5652828653407,23.5919540709005
31.6326530612245,-5.19534656695945,1.85264467333707,18.8468873496052,20.9650464084787
32.6530612244898,-0.571328334898592,3.98402503835089,17.1483216152013,18.9331213344668
33.6734693877551,0.516915606872587,6.34882615188297,14.5744264012827,16.3010105282264
34.6938775510204,4.23505198028338,9.33329524135923,14.1429327437875,15.3091009935726
35.7142857142857,7.84781617886905,10.2721310861761,13.2920476903831,13.4172728564992
36.734693877551,8.79163124234698,12.6098331348251,12.7789668253762,12.4200368617863
37.7551020408163,13.2375464344102,16.9242039437195,10.9914883542295,9.96740768992387
38.7755102040816,15.8091420181468,18.3543894594946,10.3717845760633,8.68622113660367
39.7959183673469,16.5207565442948,22.4967275805709,7.61820147363909,7.2655747592488
40.8163265306122,20.2972821828432,23.2066273784139,6.50973040393851,5.90207285002938
41.8367346938776,21.7996016179408,25.5571438237779,5.31005802993125,3.85156493179607
42.8571428571429,26.2618815036647,27.9556922596862,3.40475120307929,1.56988842314232
43.8775510204082,26.8017307837689,28.3636471528933,2.29586572304771,0.43727435016886
44.8979591836735,27.6669105226971,33.4515701240453,0.66752002443258,-0.725169873404472
45.9183673469388,30.9216925147402,33.0485429036324,-0.60197468657738,-1.59146266078542
46.9387755102041,32.5752501665905,31.6681840848376,-1.31496049992818,-2.56064442193987
47.9591836734694,35.1604913917895,32.9668065172145,-2.54023286968459,-2.359103322493
48.9795918367347,35.3660986707758,35.3742524177845,-2.9758224141727,-3.32734998394661
50,35.7868494345937,39.7759128442082,-4.12495972880745,-4.93575721721883
51.0204081632653,35.9858242677461,41.2836769529554,-5.36019062672921,-4.66072755843264
52.0408163265306,38.8100435801225,43.7776800374338,-5.94295989827842,-3.94830401880222
53.0612244897959,39.3885505987743,44.9201719781337,-6.33277953607045,-5.79023816541034
54.0816326530612,38.1489456644436,44.5989000776478,-6.19283700551421,-8.24401135401885
55.1020408163265,39.1675901078567,44.3091642557116,-6.443104593966,-8.25088644305339
56.1224489795918,36.0133080497069,41.5905704767653,-6.50272529033015,-6.89960024887083
57.1428571428571,34.1669466827891,39.6721448833462,-5.71808211899131,-7.29066552076183
58.1632653061224,32.5480841065511,38.5008559298298,-5.68436572963255,-6.31923367740602
59.1836734693878,32.3811343231429,36.2636037876175,-5.12522420495672,-5.82307142066373
60.2040816326531,28.9492678575948,35.1887509212819,-4.52296427646963,-5.35727915054669
61.2244897959184,26.6744031791313,33.1353684847928,-5.10077453063353,-5.39465767985471
62.2448979591837,23.4526628497128,31.4281385432397,-4.68829973093737,-6.02265252603924
63.265306122449,21.7363656238057,30.7642527161344,-4.06616347509883,-5.38358723544417
64.2857142857143,20.8256148310684,26.475982581352,-3.52595974609657,-5.69839629161391
65.3061224489796,19.2693705177713,24.1799139310789,-3.52726082335769,-4.88902284816701
66.3265306122449,14.4140894412311,23.5040020458755,-4.99806288361548,-5.17060213505481
67.3469387755102,12.646233918497,17.1287757970846,-4.63770061471008,-3.60728736025073
68.3673469387755,10.6191598395893,17.5738566292634,-4.53712765195953,-4.09510429059446
69.3877551020408,9.26295461909127,14.8573429288514,-4.59066268838465,-4.63794419663073
70.4081632653061,7.13147522407279,12.3908323833821,-4.28931344141539,-5.2400725256142
71.4285714285714,2.78716497194051,10.0950221947588,-4.27512250935234,-3.75773576354544
72.4489795918367,0.62388388505682,6.98495605690899,-4.74870969612562,-4.11752941618804
73.469387755102,-1.82098818831468,1.29459367079702,-3.55105450753565,-4.38797401017161
74.4897959183673,-4.10727571332169,-0.0244225144381844,-4.07231171217859,-4.06462474784965
75.5102040816327,-6.27177853665217,-1.98268508318164,-4.48201508964406,-4.41486273641905
76.530612244898,-8.93715951132583,-5.7972948059341,-5.10003024745744,-4.13456867311935
77.5510204081633,-12.9548809286994,-8.2122883613566,-3.97560789294481,-4.24221961470664
78.5714285714286,-14.251721799634,-11.3447916464978,-4.77643974539981,-3.5089705114373
79.5918367346939,-16.5105194764916,-16.4789538746334,-4.54208606097526,-3.26598807009669
80.6122448979592,-21.5007928131597,-17.459709119541,-4.29414524571465,-5.1977811032065
81.6326530612245,-22.4172246253031,-20.9813583548109,-4.17822316132525,-4.70627172419676
82.6530612244898,-26.7190414572285,-21.9434953126758,-4.507818619006,-4.18486536447347
83.6734693877551,-28.8536486887993,-28.4167983836512,-4.16555538256082,-3.67485308184563
84.6938775510204,-30.9290195201072,-30.7897001298653,-3.86425641256761,-2.86491780900047
85.7142857142857,-34.8383639657666,-33.2247138693183,-2.54020922413296,-2.28474510689285
86.734693877551,-37.8546040346807,-35.9619181434486,-2.56288428641715,-2.16175682983718
87.7551020408163,-41.6809220621799,-40.8007674997949,-1.15215986959581,-0.972809675292548
88.7755102040816,-45.2168359539879,-45.2364365323613,-0.880819167700045,-2.06548561410874
89.7959183673469,-48.099419240172,-45.9256935258243,-0.026582760564377,-0.770284015892241
90.8163265306122,-51.4574484589939,-48.5526410997328,-1.72809174099943,2.49095783463056
91.8367346938776,-52.5810831133248,-50.6928018831076,-0.140719176105156,2.79214893048966
92.8571428571429,-53.7595718939481,-52.5644184521572,0.727986169725328,2.54089793242141
93.8775510204082,-55.9335027615978,-56.1559227135983,2.42884590193956,0.51975832180589
94.8979591836735,-58.9167665027809,-56.5888433658177,4.66352459939367,2.07292615651268
95.9183673469388,-58.5013656178595,-58.2262706448357,4.83299477226852,2.02836713838375
96.9387755102041,-58.6141997918345,-59.195364214991,4.42903743711794,2.91759832644626
97.9591836734694,-60.8046876057245,-61.0560460333333,4.86334374020381,4.71471528620496
98.9795918367347,-62.7966857101541,-59.2298407937284,6.58707001161468,3.8385437062206
0,-67.7910572291525,-66.8337244702537,4.27544821344265,2.75609147128845
1.01010101010101,-69.2967363981234,-70.4386257776271,4.25528498257215,4.1630171242598
2.02020202020202,-68.5673281265851,-69.6708606091546,4.01782781420915,4.31885864442712
3.03030303030303,-65.9138259093537,-69.5745893888369,4.6446863711401,4.90486925977777
4.04040404040404,-67.9604326761205,-68.0571142452925,5.30814691050751,5.07075417765923
5.05050505050505,-64.1731692079355,-64.8235953510967,8.94772244958117,6.51776735083667
6.06060606060606,-63.0486931376823,-63.4462804345092,11.9615530993449,9.18241686060195
7.07070707070707,-62.8434945633182,-62.7800128636827,15.5859476126307,12.6340781320061
8.08080808080808,-61.0931526426863,-60.3581466105813,18.7349709692395,16.5824594722667
9.09090909090909,-58.4919671157002,-59.7352588495715,21.1689000707234,19.5251227708713
10.1010101010101,-56.6966680901754,-60.1043682875191,23.7500983535113,22.2083149893126
11.1111111111111,-57.5637897307612,-56.007345822595,26.0386950805275,23.9816936203744
12.1212121212121,-54.8680226142073,-56.1964180507909,28.8787289499013,26.4586364146318
13.1313131313131,-52.6202498152334,-55.4143440091589,30.3757448823819,28.7987787831933
14.1414141414141,-52.4272450050673,-51.7594429159582,31.5803213423458,29.9594496105213
15.1515151515152,-49.2735087968045,-50.5435376620692,32.7977609194323,32.1858887708404
16.1616161616162,-47.9506515094833,-49.5578546165566,34.5527289369222,33.5910490635788
17.1717171717172,-48.1409567630887,-47.9377665499254,36.4138247221449,35.4118936450961
18.1818181818182,-44.5691446292145,-45.1515935505614,38.2060201727886,36.9115166674298
19.1919191919192,-42.7552341063777,-43.3407099168742,39.5210809791034,37.8615041218379
20.2020202020202,-40.9227822978675,-40.8659739592013,41.4057015872911,38.6840907431263
21.2121212121212,-39.0068901657043,-36.6509640753214,41.8884540553566,38.357305031004
22.2222222222222,-36.4472700737926,-37.408315331995,41.5950491865412,38.3490912895529
23.2323232323232,-32.5972186384331,-35.9704119596616,41.3721126479901,37.5343035872738
24.2424242424242,-34.2537566404443,-33.3923675108474,40.6629396595296,38.6314307630298
25.2525252525253,-31.6503203124772,-29.0752542650865,38.0925790349132,37.5132271851058
26.2626262626263,-30.0587135964195,-28.1033956149786,36.7508883204731,37.4878516256996
27.2727272727273,-29.3528116512703,-27.1314426078384,34.8300334245246,36.3208522093738
28.2828282828283,-25.5431121636609,-22.7146671799889,32.0439170116893,35.2825307474086
29.2929292929293,-24.6286234655081,-20.3749729064386,29.0591240213416,34.4763724476984
30.3030303030303,-20.6974321673453,-20.5600737136364,27.0322195441848,31.7540682119627
31.3131313131313,-18.6107844652543,-15.85911393515,25.8005553475633,28.8434846925294
32.3232323232323,-16.2602392985889,-13.3041235756458,24.3387382418612,27.5531418130159
33.3333333333333,-15.3592936276354,-12.0905397283728,23.0069477990732,25.7982393793817
34.3434343434343,-11.9395825266906,-7.25668173208942,22.8827840596511,24.4680245073006
35.3535353535354,-8.72966973055436,-6.09616622327246,20.3780838558037,21.7742473636678
36.3636363636364,-7.78097424372094,-1.22853773161777,18.6028820192866,19.6331068086626
37.3737373737374,-4.92767895458623,1.35936588227637,17.1553770318042,15.9599687416044
38.3838383838384,-0.103707524744925,2.56343845188217,14.0202035679797,14.6403060375323
39.3939393939394,1.40234572245255,6.1950556044335,12.0876514481785,12.7545175736803
40.4040404040404,2.09837219437901,9.08690845156642,8.00003673269368,9.96458179039985
41.4141414141414,6.39957643192623,13.341345480094,5.84757317093546,6.57123975495113
42.4242424242424,8.61325770770366,15.0869042658932,4.51416637867555,3.19998452427212
43.4343434343434,12.2526368543223,16.0685598024025,0.237054274534993,1.07806161412257
44.4444444444444,13.7516314595799,17.7271362423167,-0.139702183865786,-1.40231495116842
45.4545454545455,14.3775089178451,19.937441666544,-1.64980066284749,-2.66845726266773
46.4646464646465,16.9042049322884,19.5230940472292,-1.14669272586107,-1.56145127325398
47.4747474747475,14.7551037189639,21.3708021692287,-1.17646846267593,-3.51522612772454
48.4848484848485,19.0438647382854,22.9745409026923,-2.82979460028771,-4.30391540823592
49.4949494949495,21.7614985881688,24.8188443493042,-3.43827154362994,-5.67026023522245
50.5050505050505,24.576803285772,25.8487496692806,-5.11318454768196,-5.50469354008888
51.5151515151515,24.9494138866041,26.5591652857531,-5.73319522883855,-6.59582972034029
52.5252525252525,27.9229290797281,27.3647275031887,-5.6277795064839,-6.24872588051378
53.5353535353535,24.3708883159569,27.5260367624869,-7.98931131410384,-6.5009368093101
54.5454545454545,26.0598369006173,26.1858525736712,-7.34079373306974,-6.80475189100669
55.5555555555556,25.5508144173352,27.6721194107024,-6.41733651682854,-7.41274314759638
56.5656565656566,26.7870600676622,27.3366515536526,-5.55332813327271,-7.169354328484
57.5757575757576,25.2398071724211,24.7084318964893,-5.56178829166911,-4.70051223077115
58.5858585858586,24.7787332342515,25.308332506172,-4.62838795783052,-6.05611470773013
59.5959595959596,21.9732530112267,23.054492340636,-4.99627244936202,-5.34603807771901
60.6060606060606,19.9245153946843,23.7432814806628,-5.91932269115523,-5.46966341093227
61.6161616161616,18.0562401982881,19.6521736122868,-5.05389123889373,-4.98994767421508
62.6262626262626,15.1479874855845,18.0685924270192,-6.442532267659,-5.47016236667728
63.6363636363636,13.0098847554936,17.2796700109737,-5.17840680013497,-5.22392937769175
64.6464646464647,10.0683508521768,14.2810717640072,-4.14705177260257,-5.73405993159577
65.6565656565657,8.86012771505772,11.8037650442334,-4.65689197805411,-5.31233648561442
66.6666666666667,5.79009941310739,9.89074287658838,-3.38537023897615,-6.07478562825215
67.6767676767677,5.25418622209154,7.22002719234792,-4.44910828010123,-5.71834443385102
68.6868686868687,1.22441864383945,4.42165588486045,-4.23496754758947,-5.15220339379039
69.6969696969697,-0.430560342232437,1.25331958429723,-3.68238423297846,-4.82823875233653
70.7070707070707,-3.51078213001491,-1.46403246002453,-5.11476460255041,-5.33216657154707
71.7171717171717,-8.40956708856583,-4.04331346247965,-4.06960521163224,-5.88411934184855
72.7272727272727,-11.2604141708532,-5.67322956738896,-4.53530930625654,-4.99920797108418
73.7373737373737,-13.5353078771714,-10.3938332881759,-3.74591757546613,-4.36556455163551
74.7474747474748,-17.8396472788434,-12.0189105339351,-3.44901296079896,-4.96709038212374
75.7575757575758,-18.9397655776593,-17.5643962009327,-4.13010213873594,-4.00655786920972
76.7676767676768,-20.3059229191828,-19.3468790975655,-3.64067312032565,-4.09473815826495
77.7777777777778,-26.4966747996477,-22.8904038387379,-4.10114826111166,-3.81297106721861
78.7878787878788,-29.2079260975966,-27.3122868873645,-3.17704410792814,-4.24666571101097
79.7979797979798,-31.5940814647408,-28.7373485052732,-3.33376557029333,-3.84749193187429
80.8080808080808,-32.9160884013516,-32.9302908900841,-3.34526107433364,-3.42234229561827
81.8181818181818,-37.6053754239539,-34.4374680402181,-3.29755229743722,-2.44652770680089
82.8282828282828,-39.2350502751096,-39.958628797935,-3.20389244782281,-2.67442105958263
83.8383838383838,-43.6340164988764,-42.5289185760285,-2.19168496672565,-2.0772556757139
84.8484848484849,-46.6402058548794,-45.6338862796549,-2.06785629131903,-1.25628162942052
85.8585858585859,-50.7161428081007,-46.3474887994109,-2.16570450677502,-1.61008492627016
86.8686868686869,-53.8418684090986,-50.9936256572845,-1.14341881531294,-0.8402488028618
87.8787878787879,-54.7558072707689,-55.4397259152941,-0.13145101104951,-0.54936265217472
88.8888888888889,-60.6518253161109,-57.1555768202935,-0.768530737406765,0.472607693367958
89.8989898989899,-60.0974467210368,-60.3564593632139,0.18117972958605,0.360775884091676
90.9090909090909,-60.6164437281397,-58.888777891181,0.618954588103813,1.04100392980465
91.9191919191919,-63.2230786433867,-61.8438327480935,0.651451818604,1.16298372509368
92.9292929292929,-64.1657287259489,-62.9063933733295,1.79707347005719,1.64680738107543
93.939393939394,-65.5751245470291,-63.721868132628,1.93933966255474,2.41212720206856
94.949494949495,-67.614346158439,-67.2938055409755,3.60054005740616,2.64321486694854
95.959595959596,-67.5004683019885,-66.3280431309363,3.29923587480579,1.71979819027586
96.969696969697,-67.2276602788536,-69.3289992871768,3.5403159724563,3.77372009719367
97.979797979798,-70.4094131652037,-67.3561766454953,3.95476449621513,3.58622939899416
98.989898989899,-68.6849648360226,-68.8551035277895,4.62755026398363,3.49140638964107
0,-53.9227553209307,-60.1831307329354,6.71271228526273,5.04042879841763
1.01010101010101,-52.4476869648932,-63.2565731603055,5.45503960670538,5.12675136964027
2.02020202020202,-54.6937146266085,-62.1180108163712,4.8089190802615,5.80818470286067
3.03030303030303,-53.6449123471522,-59.3352250018265,7.39077320161775,9.80084631367024
4.04040404040404,-52.856125743184,-54.375294145308,12.1718973950716,11.5767196537301
5.05050505050505,-48.0970720517608,-55.6557389832613,14.8254474577017,15.8693269538923
6.06060606060606,-48.9212679403955,-52.7088632231906,18.3750575351897,17.3243141044603
7.07070707070707,-46.0234564420109,-51.8168002811131,21.7781422199954,19.9061931025242
8.08080808080808,-44.808787429359,-48.8880054383224,25.058602788183,23.4368947503391
9.09090909090909,-44.0859482618478,-46.1328612333765,28.9486702695076,26.3225663789771
10.1010101010101,-41.6373458507698,-44.7787433952991,32.1105341060376,28.5802541217862
11.1111111111111,-40.3658643936142,-42.5531430058155,35.5057363844552,29.4217974583581
12.1212121212121,-37.4458919706727,-41.3556235356184,38.0219484466364,31.8036492829479
13.1313131313131,-33.6394009131755,-39.7196189580132,38.6100005359174,31.8049704300337
14.1414141414141,-31.9270730511639,-36.9878543303559,40.0142184211084,33.6082273681769
15.1515151515152,-31.9515206183915,-34.7376141490047,41.8489098651603,35.3280159808657
16.1616161616162,-29.34738642965,-30.6979706402555,42.1085152565326,37.0229378028033
17.1717171717172,-27.4358122778789,-30.4146316547551,43.7865624823818,38.0853391199528
18.1818181818182,-23.1517648997477,-25.9685803937099,43.6831317637194,39.2555913977575
19.1919191919192,-21.7800067387226,-24.2372086157112,42.9404184769825,40.2928457367303
20.2020202020202,-18.6052665000135,-21.2192269526251,41.2356021433799,39.6311615186428
21.2121212121212,-16.0305464096991,-17.5219990068479,39.6067066118913,40.6877671618616
22.2222222222222,-13.426861843981,-16.0013738843607,39.1130105917354,40.8804276825589
23.2323232323232,-10.8287905907198,-13.75171985714,37.3612621005807,38.2118784289567
24.2424242424242,-9.46520003609944,-10.0473466493107,35.9945709805697,37.7401670705788
25.2525252525253,-5.59334051616711,-7.30624466377221,35.2331508817615,32.9415754820289
26.2626262626263,-2.4422502836843,-4.15944573093814,33.5577430086634,29.8353889650857
27.2727272727273,-0.0149655226032696,-0.997746760917018,30.7174352239073,27.2165471813488
28.2828282828283,4.28663494598621,0.947535237188673,26.6263519501068,23.4985281763576
29.2929292929293,5.95742992425705,5.55161135508911,22.7194329919075,21.7527000633492
30.3030303030303,8.87660392307011,10.3995046800436,19.9800625871764,18.9028285761961
31.3131313131313,12.85190921935,11.8207866019757,17.7930104153169,17.8915594155577
32.3232323232323,15.0699147179574,15.2180316658228,18.365873273309,15.0464406136649
33.3333333333333,19.258068427471,17.8689330303776,15.5212697958604,14.7636825326881
34.3434343434343,23.1140156260816,20.7564391388936,14.6328815406479,13.3083712175231
35.3535353535354,24.7637554987115,22.3641576380021,13.5239238135931,11.5577602331712
36.3636363636364,27.699673872793,25.9168172749668,11.5810228011372,10.0279150018577
37.3737373737374,28.0954938112564,27.3293480952668,10.6762020575844,8.03556038830576
38.3838383838384,31.1556864855953,28.6819761493421,6.84107524063699,5.57315610305466
39.3939393939394,33.5406079071625,31.5761686211984,3.8011992106072,3.05228341340282
40.4040404040404,34.3227377644402,35.1859105783885,2.27685912471845,1.15900549361843
41.4141414141414,36.4574572537036,36.9682385609116,1.32367284602386,1.12420270305826
42.4242424242424,37.7532240966563,37.5259497190394,-1.33782809190664,-0.328766665033977
43.4343434343434,37.0917544196977,37.7331450044405,-0.723165821521417,-1.68492140253686
44.4444444444444,40.5179528571444,38.8033225942881,-3.04675605152179,-1.73168368052546
45.4545454545455,39.9783699773472,40.9547110157372,-3.09056649305299,-2.92745089338957
46.4646464646465,41.66634969227,41.1251580175908,-3.16217228594307,-4.58936765632697
47.4747474747475,42.1163731801847,41.5510639622126,-4.11804008870372,-5.39220924340166
48.4848484848485,40.9073847918309,41.7926848388326,-3.73105498282407,-4.85805731416988
49.4949494949495,42.1674329943078,40.6241681421828,-3.67278256244516,-4.24617538560682
50.5050505050505,41.2003200496729,41.8318557742704,-4.67369560717833,-3.84936859523937
51.5151515151515,39.0696012630022,41.6126236279162,-4.4378014778212,-3.73020210677641
52.5252525252525,39.9551353909616,41.2479723866409,-3.4594675758492,-3.17684889198226
53.5353535353535,41.1826457605768,39.5295708389215,-2.68144731299998,-3.37994791104755
54.5454545454545,38.4414120675283,36.6452039863102,-2.11213509090016,-2.94013538226545
55.5555555555556,36.907818736152,37.6291652676352,-3.28625697979211,-2.91338802021177
56.5656565656566,33.5914049061849,34.9563116893919,-3.24550039042788,-2.75318239197854
57.5757575757576,35.1069866310027,33.9818401650721,-2.86093995758452,-2.74170457919423
58.5858585858586,33.3923234661386,32.9687261089847,-2.00503718079658,-2.41055579134011
59.5959595959596,29.4782981666699,29.0311005782003,-1.91030401048783,-2.21274091872981
60.6060606060606,28.5523497572401,27.8166544593586,-2.43932794378309,-2.7742321633828
61.6161616161616,29.6895523217655,26.247162095604,-2.05277204015183,-2.06652172814298
62.6262626262626,24.4614686643682,22.9245098896589,-1.88072320989194,-2.26200851726411
63.6363636363636,23.6720521493816,21.9543411359537,-1.77534007822885,-2.94928691025763
64.6464646464647,20.8223402752317,19.905728691811,-2.36492476443228,-2.26792295317589
65.6565656565657,19.9107173490485,16.234893511998,-2.29001643519293,-1.64326230928192
66.6666666666667,18.3968429323697,14.7953270765373,-2.37862917359259,-1.80779386932971
67.6767676767677,16.8419548470627,11.6786048139964,-1.92196890315255,-1.58949800614558
68.6868686868687,12.025647685301,9.7181685859631,-2.279436213667,-1.85705383294891
69.6969696969697,10.918480859791,7.53844398427308,-2.69041966400758,-2.04592497554888
70.7070707070707,9.91674256118465,7.06345292892333,-3.39291705270456,-2.11030237522766
71.7171717171717,5.322764713666,5.37240974441429,-2.19038692240504,-2.38682867300022
72.7272727272727,5.29264642395216,2.15255125640575,-3.01016377941573,-3.01725863493126
73.7373737373737,1.90364927838023,-1.36897024657753,-2.34019535412361,-2.52763111346081
74.7474747474748,1.87343065788508,-4.05279140741681,-2.49858960077629,-3.80689626587717
75.7575757575758,-2.40647044420548,-6.33670303985219,-2.91228975652756,-1.02957281555825
76.7676767676768,-3.47790881376361,-9.42951280655255,-2.38870110840907,-2.14499225689388
77.7777777777778,-7.51204477274193,-11.1662351495191,-2.12815477569622,-1.3625481765694
78.7878787878788,-10.8679938707043,-14.4994168809202,-2.77600885284936,-2.17344235572295
79.7979797979798,-11.22311698836,-17.762141363244,-2.11339228241239,-1.4845172363812
80.8080808080808,-14.5137864813889,-19.915125067562,-2.34703022843852,-1.31823866033395
81.8181818181818,-18.146289846843,-22.0568835767402,-1.62866418203926,-1.1156519866366
82.8282828282828,-20.238575805086,-25.0245071090404,-1.14504147549872,-1.57279815372428
83.8383838383838,-20.8380831069379,-27.8252097414588,-0.793561979384783,-1.75346962909587
84.8484848484849,-25.017511581191,-29.5260315433844,-0.689689469232425,-0.0678096008070347
85.8585858585859,-28.4959909642908,-32.6012908152234,-0.886785550326974,-0.215593399363742
86.8686868686869,-30.8660455048282,-36.7303826521148,-0.859727743075677,-1.22987131424263
87.8787878787879,-33.338027589965,-41.4111261167961,-0.36000691888091,-0.636692467853972
88.8888888888889,-33.5616839700622,-41.6159422340981,0.0582144088829326,-0.149094714310956
89.8989898989899,-36.6849181006446,-42.9774893071174,-1.20460641570469,0.729012662905523
90.9090909090909,-40.133472992786,-47.113902840907,0.581332528368195,1.41589452994909
91.9191919191919,-44.4095823303654,-48.9989929902144,0.821605261521601,0.997071334198728
92.9292929292929,-45.2162702033446,-54.7587619959133,1.06821594575053,2.33696649171317
93.939393939394,-49.2444072589574,-52.6973493749807,1.82057027238039,2.30372592210407
94.949494949495,-50.3790003730118,-55.6719259941942,2.44267348772003,2.69810107470539
95.959595959596,-53.2071407465903,-57.0044445174912,4.07404582925122,4.14013900803856
96.969696969697,-51.178249154904,-58.1814329687762,5.3250731039348,5.87501350903309
97.979797979798,-53.2412490307293,-59.7704828506808,5.53183244503963,6.4507770648482
98.989898989899,-54.28906237766,-59.3684597493967,5.51092732723481,6.34440696766234
0,-52.0157663598931,-57.1544091750119,5.96485210709057,6.07076988828884
1.01010101010101,-53.4911669663631,-57.0233553555397,5.83810533001065,4.64084591764177
2.02020202020202,-54.0631301061846,-55.5909882723136,4.2773010229751,3.98366914018375
3.03030303030303,-51.5247366514544,-54.059278225462,4.76748286136199,5.88352930888875
4.04040404040404,-49.6047029688031,-55.8006984288224,6.16785956235771,6.83999701391627
5.05050505050505,-49.6038653551706,-51.6553085292984,7.57041765708008,7.33564475085577
6.06060606060606,-47.9948818139712,-50.4978084976895,7.77571611656108,9.95354993675888
7.07070707070707,-46.9088373376023,-49.5721716973465,10.7017964287596,13.2833092833131
8.08080808080808,-43.6628879302833,-46.3648332032791,13.3166521044795,15.3875345180705
9.09090909090909,-40.603444989283,-46.6072152484471,14.8712928430815,16.912200074967
10.1010101010101,-39.3195212145655,-42.0165965329019,16.9111668169628,19.0810187949383
11.1111111111111,-36.9006489290077,-41.8674665069636,18.5813693793137,20.1987593581662
12.1212121212121,-35.827991518954,-42.6563687797535,21.0943463186224,22.7317893754385
13.1313131313131,-33.9344078327038,-38.6445858080011,23.1872327966081,25.8840195932569
14.1414141414141,-30.4930054034795,-36.8658032716709,26.6531610494974,29.1677319711644
15.1515151515152,-28.3482517174472,-34.2597751930123,28.5470909712715,32.951966126021
16.1616161616162,-29.1357908240433,-34.4728114353854,30.6360793406924,34.9146994804801
17.1717171717172,-25.7110649342694,-31.6110957407975,32.8996994572624,37.8028701489767
18.1818181818182,-22.0908222944848,-29.0434875566834,32.3280966248631,39.2297825505973
19.1919191919192,-20.456808369155,-25.5841030571972,32.8619503507121,41.4539304584076
20.2020202020202,-19.964403178365,-23.4605048157858,34.2026577102195,43.4786605429563
21.2121212121212,-17.338326451711,-22.2531026144919,33.4624582155446,43.70805218241
22.2222222222222,-15.4440366286705,-17.7431926383864,34.0223975629771,43.0516596413402
23.2323232323232,-10.1802938682581,-17.4627162828586,33.4279145955016,43.4765416734553
24.2424242424242,-8.64062279864143,-13.1134930505652,33.2362369946041,43.4985639518419
25.2525252525253,-7.74365616350374,-10.5693930406035,32.3466152949745,42.684185367479
26.2626262626263,-4.74939418458198,-9.26241008405856,31.5154241975909,41.3909064826951
27.2727272727273,-3.10862839281714,-6.81566827262861,31.4823555519122,38.7130670331296
28.2828282828283,-0.203059973047532,-2.88902622738468,31.4066532968143,36.4285014846128
29.2929292929293,2.36680913678266,-2.84957326371208,29.151407973887,34.3450342926269
30.3030303030303,3.54273782449296,1.16304979446149,27.7979481211019,31.4448139946494
31.3131313131313,5.82276070197115,4.37952438663957,26.5178349562945,30.0605709353581
32.3232323232323,9.2795182916626,5.15473525473344,25.6451595961898,28.831468913272
33.3333333333333,13.0457163676587,10.3886826315907,23.7135087400769,26.9714229532284
34.3434343434343,15.1828378717685,12.0715605280552,23.8611036873586,23.2735878767542
35.3535353535354,17.3925055798038,13.1845672716483,22.2766029626955,20.2122735305606
36.3636363636364,21.2983131732697,17.421426385172,20.1148308940495,17.7770480523366
37.3737373737374,22.5907168545698,20.7824375354561,17.7716403268371,15.9450023058508
38.3838383838384,27.0427821454934,22.8297597704958,15.3545135661005,15.6439531316845
39.3939393939394,28.926307768629,25.4443091232493,12.8863150371594,14.2757204836963
40.4040404040404,32.118517747984,25.3322622807586,9.68269779052045,12.1648671830494
41.4141414141414,32.8367997525787,27.6830525430811,7.52075720800605,11.1601077310376
42.4242424242424,35.4562202388781,33.658826189564,5.52874694442236,9.16838065835729
43.4343434343434,38.1807581068142,36.5446119893631,3.35872457358628,5.9466403632258
44.4444444444444,37.8539791725343,38.0952712448268,1.71799336152027,4.35057958019046
45.4545454545455,39.6174616144821,40.4444857462113,0.897450718836657,3.17799264167117
46.4646464646465,41.2894021547618,38.7874268064667,-0.274916765606037,2.19694904565677
47.4747474747475,43.4121855951509,41.8855197998535,-1.3297782455058,0.64872670522681
48.4848484848485,44.2269336540442,44.8871850381956,-3.61439150127425,1.20268343835457
49.4949494949495,45.7211534303206,45.0635165037003,-6.36096573918289,-2.91160303017543
50.5050505050505,45.0494566945054,46.8522534616855,-6.65436464799143,-4.68613579742307
51.5151515151515,44.2313461262215,45.656624900145,-7.00754786583555,-5.78138205966432
52.5252525252525,43.5936208663325,47.2441356258049,-9.42963447239046,-4.33560296479448
53.5353535353535,44.9443710892194,45.1823954245408,-8.78246084760847,-4.81769891878873
54.5454545454545,42.2688421909338,41.9546446089756,-7.18230077473822,-4.8258019461601
55.5555555555556,40.111821090804,39.0079253139089,-6.62785747546713,-5.59736266709309
56.5656565656566,41.7742634815755,39.1657796311546,-6.24050805134428,-7.01296797849797
57.5757575757576,37.7758231502007,36.9145929891032,-4.41625476723925,-5.91337551201996
58.5858585858586,35.2325610099395,37.7135193822336,-4.38300815062949,-4.2820652604507
59.5959595959596,33.4376668901463,36.4015350415509,-3.45327255519749,-4.00407536860931
60.6060606060606,30.0275778403817,34.6541829004005,-3.34738993873054,-4.04562748534159
61.6161616161616,27.9799311299658,28.9520353966861,-3.57949064027053,-3.86272772340992
62.6262626262626,23.8995010647204,29.8352885053921,-2.97771468667625,-4.17166023360592
63.6363636363636,20.2387442067701,26.2851490630923,-3.54300466864246,-3.57259847108606
64.6464646464647,18.4244161407222,21.1256661054193,-2.94932083763075,-3.78232473208222
65.6565656565657,15.629803105292,19.0124085939457,-3.39250108659838,-3.08621212235842
66.6666666666667,13.4965917822964,15.1594839512976,-3.05906095146477,-3.1467608747249
67.6767676767677,8.90881849196133,13.637769660467,-2.61812063617094,-3.01918343750102
68.6868686868687,7.97155672913692,9.53661335639238,-2.56433202871915,-2.87453611029937
69.6969696969697,4.63615329182557,7.83592885466962,-2.0744501925674,-1.51449766418517
70.7070707070707,2.92685124000978,3.52946475996741,-2.09280822305761,-1.84573548480041
71.7171717171717,-2.21545521665278,1.54538682797149,-1.54173330922344,-1.70732374718105
72.7272727272727,-4.9721831413977,-3.30114450654859,-1.27988200610306,-1.20908766899829
73.7373737373737,-6.50066131268492,-4.83937400493212,-2.39177135008606,-1.67551424205715
74.7474747474748,-7.02979817194039,-9.50693808974223,-1.80571637171544,-1.72688133636851
75.7575757575758,-10.9981982749847,-11.9059789681053,-0.911885795697833,-1.81517705035031
76.7676767676768,-12.807265125191,-14.4587946360881,-1.96429479560115,-0.341181431750313
77.7777777777778,-15.455182564838,-18.3003447867362,-1.62015713493407,-1.57864153757422
78.7878787878788,-17.7462143370781,-19.1336960524297,-2.21990802725086,-1.22358418900115
79.7979797979798,-18.0716732826907,-22.7346012668931,-2.01387426115653,-1.09170352641263
80.8080808080808,-21.9946252314633,-24.4591712046057,-1.93454782791974,-0.586316863688788
81.8181818181818,-24.4158857103863,-27.9072717173241,-2.45694054544656,-0.754217016812687
82.8282828282828,-27.6259379667249,-32.0358287084768,-1.90634789241786,-1.25772740658765
83.8383838383838,-28.3728812767215,-31.8971750584274,-1.72202434463991,-1.20525881333287
84.8484848484849,-30.1570540173934,-33.4693156617177,-1.40612825760009,-0.0468758641824369
85.8585858585859,-34.3739677678797,-37.1165583457643,-1.23619343984133,-0.318534804851189
86.8686868686869,-35.4725159229576,-40.268943781673,-0.80003597697877,-0.0314477468366937
87.8787878787879,-36.8692566055349,-42.7164297334998,-1.30903967148222,0.173191723023154
88.8888888888889,-38.2050112875012,-43.4197807489086,-0.208770195245998,-0.175483751530184
89.8989898989899,-41.6876181622281,-45.0784197675552,0.0924547070793077,1.06326633973681
90.9090909090909,-42.3624880929259,-48.1917537170806,0.868577555661561,0.844449601738718
91.9191919191919,-46.7215789922466,-51.6016520107342,1.44177883680542,1.86057103368514
92.9292929292929,-48.5465339388617,-50.1358595613379,2.12534514736015,2.66780706011513
93.939393939394,-48.8012692032665,-53.7130962275572,2.52947074295404,3.67506462083486
94.949494949495,-48.5224678761387,-56.3077535194035,2.55997583739165,5.02173082609883
95.959595959596,-50.8823865092812,-58.5022172254411,3.28618258378039,5.15095021596266
96.969696969697,-52.6314497561848,-58.0774879153261,4.6629229691406,6.36591640804647
97.979797979798,-50.9080139185197,-59.516808357857,5.53965642337556,6.91468472971128
98.989898989899,-53.6449349887629,-58.8356634332162,4.80066287574263,4.41518914168517
0,-45.8144517866563,-54.4035311100829,6.70291385189001,6.11658379362385
0.99009900990099,-43.3086982283259,-56.517273649987,7.44140572575969,7.44195473587618
1.98019801980198,-44.6635110285693,-56.5572409535023,7.85065019477739,7.84938174112712
2.97029702970297,-43.8961288554325,-55.7623297235114,7.08607944246129,8.62844471741482
3.96039603960396,-42.3368669341154,-52.0593616384265,7.54372181531036,9.22617655472606
4.95049504950495,-41.5086098835255,-50.4100713634252,7.58431628440856,11.0654320950946
5.94059405940594,-39.4849005938188,-47.957599685376,11.8561907764128,16.0099540922086
6.93069306930693,-39.5929239130304,-48.4012853493504,16.2162981820069,19.8629896399974
7.92079207920792,-39.3763789302593,-44.0510905803855,20.5285696285263,20.7962713280758
8.91089108910891,-36.6235272526942,-44.5935262761751,23.1459436620384,23.5161528813559
9.9009900990099,-35.1948603315196,-42.2827814416853,26.371864952126,25.3186755291946
10.8910891089109,-33.1800185323663,-39.7865591912406,27.21189922186,26.8697122614595
11.8811881188119,-29.4796667459859,-37.949136060136,28.6369520599932,28.1044613191557
12.8712871287129,-28.8352721700258,-37.8653211389635,29.7911852980317,29.4160988894172
13.8613861386139,-26.5713217598147,-34.2643505371998,29.4422793354301,30.1930063956086
14.8514851485149,-26.3712313983307,-31.348976546441,30.6525499555676,31.408535140205
15.8415841584158,-24.4371610297988,-29.5608026023812,32.0569984271745,33.2021653774114
16.8316831683168,-21.4116817449298,-29.6648587262763,34.4887084306422,35.150946603344
17.8217821782178,-19.7975628167344,-28.1137331992568,36.0085293186204,36.2725671935888
18.8118811881188,-17.8906081085918,-23.6012928889272,37.8515672079523,37.4822249238459
19.8019801980198,-15.6512732947169,-21.7326738563037,38.7263967323379,38.0976750806501
20.7920792079208,-10.9298071427525,-17.7193576020555,38.2454516545197,37.6495277626748
21.7821782178218,-10.2921408770932,-17.3219340544617,37.7565572793007,37.2731850156148
22.7722772277228,-9.31794858471372,-15.0293562920913,36.446385395831,36.7334421118693
23.7623762376238,-5.722022745238,-12.194716484585,35.2496662118181,35.348119359818
24.7524752475248,-4.15393123362861,-11.0834552638603,33.2560167618599,32.6328526323365
25.7425742574257,-3.30799234623182,-7.60699078746688,30.9473493500779,29.1437756549033
26.7326732673267,-1.73445800154728,-4.81507049127941,27.3184453558522,27.0861252392546
27.7227722772277,2.25755952544864,-2.79383991368603,24.5603088563694,23.6279422395422
28.7128712871287,4.30932873543783,-1.97950448169254,21.5361273876537,21.1693833189993
29.7029702970297,4.60451581182179,2.87484251797946,19.9995571924522,18.5770352847234
30.6930693069307,7.08653788335507,2.57675835382575,18.267305175525,16.6598647390455
31.6831683168317,11.2488595394646,8.76061900560713,16.0334122892934,16.5111693690535
32.6732673267327,15.7066154693793,10.1581574944205,14.466547966812,15.2332295039478
33.6633663366337,15.7476951226266,12.6379811404207,13.5607392366568,14.3925469324469
34.6534653465347,17.8284352814239,15.5903306097491,11.6957262676331,15.466784130545
35.6435643564356,19.8228097208786,18.6708370054441,10.625090080944,13.9194868727493
36.6336633663366,21.5076664155631,21.277284100238,8.71912283690993,13.2781515441861
37.6237623762376,25.7378963194602,22.0305502785512,8.08369943024377,12.8060885368923
38.6138613861386,28.9646860838856,24.7473712117582,6.8778740417161,10.0449519252271
39.6039603960396,28.5024455890626,26.9916056612403,4.97659614710696,8.28265889001312
40.5940594059406,31.9755043363165,29.6193096223491,3.53647654440269,6.60779055896015
41.5841584158416,33.618525598572,28.5382819865254,2.11617553594672,4.87949765069517
42.5742574257426,33.7761114585219,33.7329712388503,1.45144254823701,2.71191932697598
43.5643564356436,35.0794400987307,34.7600868601655,0.121686103925974,1.78907915312521
44.5544554455446,37.6697511255898,36.1615827315706,0.260837683587123,1.0574592707888
45.5445544554455,38.5223929528063,37.6677634139099,0.139990981832899,0.0651159992200931
46.5346534653465,40.7956738615704,36.466533913573,-0.104118950504999,-0.292991292816593
47.5247524752475,42.3152062421195,36.9518376273759,-0.999655146029249,0.00717704049512646
48.5148514851485,42.8086365850213,38.1804191755707,-0.760932122014747,-1.12324936501324
49.5049504950495,43.3377506367905,39.8381695377415,-1.67512844473202,-1.50197786322011
50.4950495049505,45.2191818867657,42.2711641757622,-1.27804793029803,-3.54373788828725
51.4851485148515,44.247283513418,41.9032075620911,-3.06504261747291,-3.6798040515348
52.4752475247525,42.9470445289393,43.8279222431864,-3.95476009476351,-4.77484162329313
53.4653465346535,43.9358987902822,42.7321640440332,-4.23649949181624,-4.85479425865188
54.4554455445545,44.2313968925372,44.8042169882104,-6.21513132075444,-4.02065004181668
55.4455445544554,43.5183863124551,42.3921092379896,-6.84885651403542,-4.96783066836187
56.4356435643564,43.9248879884759,42.5029343664062,-4.64584341798673,-4.97043755026033
57.4257425742574,42.8488812837506,41.4277301583767,-4.96753042020991,-4.52740715415872
58.4158415841584,39.9459004983288,39.6171960258771,-4.43579254814753,-4.61726395592731
59.4059405940594,40.0671665843751,41.3838646999555,-3.63820657788581,-4.02436505328692
60.3960396039604,38.218847012106,39.9745811340733,-4.1694246329215,-3.32149602178221
61.3861386138614,36.7480474677336,38.9735854991506,-2.93078782893982,-3.98565867660415
62.3762376237624,34.1064789416772,35.5975231718808,-4.70350471124255,-3.87602255771625
63.3663366336634,30.9749548182532,32.210986663061,-3.98591815118591,-4.51752487859014
64.3564356435644,30.9545011955038,28.2853743005775,-3.98169459601792,-4.94068369138045
65.3465346534653,28.4410705843881,27.512558218133,-4.39083015000335,-4.32878107121577
66.3366336633663,25.261834253456,25.0538800907828,-3.45626745915373,-4.4956145499453
67.3267326732673,22.1902924965337,24.2315502328747,-2.82405573424723,-4.28376669368251
68.3168316831683,18.7273719968003,18.9791729210461,-3.54014562497656,-2.69011344970776
69.3069306930693,16.4865670925311,17.1082803108215,-2.17475307746798,-2.38273907013329
70.2970297029703,12.8824686746755,15.1669794567865,-1.63062094505327,-3.17835532268243
71.2871287128713,12.3955853172807,11.6785280602495,-2.67344420556046,-3.07615561647324
72.2772277227723,8.70198912600074,10.6523566283617,-3.02222228314504,-3.45814585090022
73.2673267326733,6.29485022053434,6.14555931872714,-2.28818888181222,-2.31864136702886
74.2574257425743,6.73973531294,4.77443377299818,-1.89205160262181,-1.82416817634277
75.2475247524752,1.65061672725085,-0.922925201869517,-1.79941784702214,-2.73627920467364
76.2376237623762,-1.85806128699828,-0.75469650665909,-2.09075830934659,-2.38893863241226
77.2277227722772,-4.05449349101675,-6.11429871954804,-2.26549055009087,-1.66665007834592
78.2178217821782,-7.70522677936408,-8.93754616888183,-2.22092840089944,-2.38309020270928
79.2079207920792,-10.2115263593555,-12.216697627114,-1.19944179465273,-2.17769672776734
80.1980198019802,-13.960896567433,-14.3261095297833,-0.798526207819872,-1.99691133795128
81.1881188118812,-14.6617832372759,-19.1598945165803,-1.6967325331344,-1.58500523396208
82.1782178217822,-17.6441653309631,-20.9339577000683,-1.27596479808063,-1.68993847435342
83.1683168316832,-20.2717561181924,-26.2468441612313,-0.964215505198728,-0.522354452088913
84.1584158415842,-22.6055323197658,-26.5286253100375,-0.805924535588753,-0.199763948664484
85.1485148514851,-26.4017305453958,-28.5561505168202,-0.403444553257231,-1.06823780878963
86.1386138613861,-26.4289955377447,-33.435946135137,-1.02236978470739,-1.0483267100862
87.1287128712871,-30.8169439688585,-33.6561950093281,-0.869208849275014,-0.118181297349297
88.1188118811881,-33.7067700685185,-37.6222421988515,0.40202741913102,-0.307997382571381
89.1089108910891,-34.4790011013599,-40.7484511828507,1.70300468027287,1.06343906825185
90.0990099009901,-37.7416018783432,-43.6569777744358,2.03645319017728,1.40086941560319
91.0891089108911,-40.4330811006718,-45.3023358214773,2.39268526469536,1.92448789729702
92.0792079207921,-41.1281458706246,-49.6016705866889,2.9430893286449,3.05223190531344
93.0693069306931,-40.096999707174,-47.446196505746,2.49543799951583,3.57770881870085
94.0594059405941,-42.7419035461079,-49.8614122155185,3.36435202585876,5.07079107264557
95.049504950495,-43.839146654389,-51.3112900390452,4.35688506298128,5.08386894423056
96.039603960396,-44.662711031117,-53.1887968702168,5.22283279683487,5.06757125649796
97.029702970297,-45.4279792504417,-53.1283242862137,5.95800093069717,5.50034840230946
98.019801980198,-44.6603430114365,-53.3796950584088,6.97765103032243,6.81065934338669
99.009900990099,-44.6934584611356,-55.0040476207162,7.7416860252286,8.38446168732695
0,-44.9652098983359,-58.8752016266415,5.17092801342798,6.86693632432948
1.02040816326531,-47.8883177561249,-59.8543540237727,4.60371546648668,6.51600328576817
2.04081632653061,-46.7637278700517,-57.828158967091,4.49440193108406,6.86111497639596
3.06122448979592,-47.1442321450068,-56.477540752973,5.71431519978992,5.51711062121443
4.08163265306122,-43.2495667898115,-53.7818225585726,7.73854818664897,7.99868176873679
5.10204081632653,-42.6845549370876,-52.4624460884458,12.2768397483391,11.9058681235534
6.12244897959184,-39.6080676902294,-49.2054881809923,16.2163923404505,16.7983507045075
7.14285714285714,-37.8670885975308,-48.0068785504747,20.8748723419414,20.4454759493575
8.16326530612245,-36.0521371335736,-44.2985195035622,26.1293217638373,23.626008215176
9.18367346938776,-33.775215895708,-45.3290381406451,29.5688497155889,26.1887822548171
10.2040816326531,-29.4080306531626,-43.8800855778646,31.4731963545195,28.2960031902913
11.2244897959184,-29.676778953169,-40.3180761062098,33.5859077311014,30.3466889130762
12.2448979591837,-25.5802901241683,-39.0534831654297,35.1745386441657,31.0819732086212
13.265306122449,-25.7875664626002,-35.9913320537358,36.9547212513043,32.2277401110536
14.2857142857143,-22.7382623332329,-34.5076120431614,38.2936858131555,34.0262479499725
15.3061224489796,-22.2993798359135,-32.4555128002932,39.3913867327514,35.3606247741939
16.3265306122449,-18.1832764002368,-32.2367369171018,40.0790620994627,35.9597456508503
17.3469387755102,-16.4797696793918,-28.67021832778,40.9495284539833,37.2330472355995
18.3673469387755,-15.2694730859074,-27.2104707434101,42.264355457435,38.2698013097826
19.3877551020408,-11.3654040951758,-23.7162384862794,41.9205469474604,38.5254278448091
20.4081632653061,-8.85681864393628,-19.8013351001708,41.5141016707901,39.4490600796004
21.4285714285714,-6.21321615312903,-20.3995641413851,42.0814224440929,39.6315354955666
22.4489795918367,-2.94804628488649,-16.2796710049421,40.5045945993802,38.9809041775498
23.469387755102,-1.00213817449306,-12.6527701118026,37.236287079562,37.9685635614735
24.4897959183673,1.66429962614743,-10.7738580025036,34.732982223491,36.3880749247796
25.5102040816327,3.94000974134818,-7.05503238718451,32.3469098040231,34.9450084238045
26.530612244898,5.75172390927349,-3.28789243904908,29.7348149783018,33.0670083157713
27.5510204081633,8.84098754183172,-0.776023351907574,27.3870684993306,30.7471782537184
28.5714285714286,9.37193652148241,2.58091984853216,24.9860450318972,28.2344729467308
29.5918367346939,14.5038314474809,7.01833679374772,22.201760143412,25.8340889200434
30.6122448979592,17.6809523205563,7.78228007450469,20.8873709193967,22.7982101030695
31.6326530612245,22.0273294363841,10.2813828641972,17.0046820664558,20.1568825773612
32.6530612244898,24.1351828513727,14.9227426399992,14.3658505321783,17.5042830154879
33.6734693877551,24.1650245329569,16.523013696135,9.73838483176591,13.556082462796
34.6938775510204,29.4133853830662,19.4546542109396,5.64421108753701,8.6578940054369
35.7142857142857,29.2254229490002,21.7488428079573,3.22804811867813,5.93657987724264
36.734693877551,31.9011918900299,24.2911610536055,1.27949827054977,3.37680687440009
37.7551020408163,33.1906834276612,24.5258512760205,0.463501701619869,2.2346001493026
38.7755102040816,33.1807968757663,25.0036697160798,-1.46623954827868,0.602128168052484
39.7959183673469,32.9229185198987,26.6822265329507,-1.07933522766332,-2.13966104684129
40.8163265306122,35.2593384366249,26.241012964496,-0.601498411799144,-1.78292126438885
41.8367346938776,37.0307033815143,30.3700680841001,-3.50410811336902,-3.16221209157252
42.8571428571429,38.9976813451366,30.6621694240526,-4.44357595329365,-5.27062678412746
43.8775510204082,40.4969162600136,33.1409237487356,-4.40685527295421,-6.17098893088011
44.8979591836735,43.2253535511627,37.3913713505234,-4.51175636809328,-6.72285301278658
45.9183673469388,42.2166434064164,37.4896208741705,-3.28578491904495,-5.97660550038278
46.9387755102041,40.6221653481744,36.4175571492003,-2.30452449286041,-4.34405080654938
47.9591836734694,40.659790199809,36.3799099796289,-2.75941525249898,-3.66683739780714
48.9795918367347,39.1515609245937,37.095018877559,-6.63129062061726,-5.22387021714029
50,40.5213570381386,36.3813938056837,-5.98222126971241,-4.85711407043147
51.0204081632653,37.5812973322894,36.7110815132062,-4.4231228474743,-4.31025750676442
52.0408163265306,38.9173762801495,38.1826018048183,-2.56251294259274,-3.53097581985226
53.0612244897959,39.2924560076232,35.8206570475683,-3.65362821666468,-3.10183554770046
54.0816326530612,37.0573411925413,36.3491192021899,-2.71289339795176,-3.59986346802731
55.1020408163265,36.4658494484061,36.7865492016141,-2.87830607617375,-3.01244021974563
56.1224489795918,36.1369439141133,35.0369049443151,-2.30655415232212,-2.94591115332118
57.1428571428571,32.836607041287,32.9986233551212,-3.19894198404974,-2.59161157511858
58.1632653061224,32.0086202480093,33.8427105422589,-3.277987994572,-3.04427900994107
59.1836734693878,30.2513702064207,30.4896484734119,-2.52022663505113,-2.67684113643916
60.2040816326531,27.64560024438,28.0817839536343,-2.03802831652979,-3.12555664404311
61.2244897959184,26.899685225665,24.648431978151,-2.25970621790138,-3.47463688096007
62.2448979591837,23.4606470390885,22.6631294970578,-2.39978408327638,-2.88639089819212
63.265306122449,24.3076898987765,21.6996017654541,-3.00876760173205,-4.17133462325196
64.2857142857143,20.6894773720514,17.8796754311599,-0.830505909416372,-2.16221937938565
65.3061224489796,19.6814500615572,15.5130582549755,-2.89806440617607,-3.71227434326858
66.3265306122449,19.5548660107946,18.2524602713509,-3.41995589494468,-2.88097617024433
67.3469387755102,15.7019651665318,13.485705579395,-2.49819469211045,-3.27766097100896
68.3673469387755,13.9090941204567,11.6944299326715,-2.45445320809844,-2.98909716927122
69.3877551020408,10.6777095877376,8.02584287242399,-1.93216922669984,-3.87123964893196
70.4081632653061,10.2684027873586,6.85432950006097,-2.93513798713031,-4.04107724912509
71.4285714285714,7.75407781844445,5.35768422243054,-2.53414713954241,-3.21488194973976
72.4489795918367,5.61744439980265,2.25030923674671,-3.17196522537368,-1.45353321643739
73.469387755102,3.39460766795191,-1.32578463389642,-3.5417315679954,-2.97548991103734
74.4897959183673,0.962489794859468,-4.32500306101356,-3.74904498921919,-3.35630803086907
75.5102040816327,-0.135913443298202,-7.16461442435121,-2.90570488694652,-1.96601821582952
76.530612244898,-4.1941343839338,-8.94101598970948,-3.49007225623663,-2.4787002303913
77.5510204081633,-5.51574817278152,-11.2307200673452,-3.00848821069586,-2.99432262096416
78.5714285714286,-7.27901534702456,-13.3478230559636,-2.72383481039275,-2.58861601183554
79.5918367346939,-7.66825458866763,-15.7847809042969,-1.73695480425115,-2.88595862328875
80.6122448979592,-14.8404559582913,-18.0451464849515,-2.19141789194381,-2.68580709092514
81.6326530612245,-14.9600194842709,-19.0514973934778,-1.00321344301208,-2.54886835180425
82.6530612244898,-14.8140204664155,-22.5020432313965,-0.98707987397746,-2.36500210231501
83.6734693877551,-20.3495367115772,-25.1173024607988,-1.70220333669737,-2.96692690881702
84.6938775510204,-20.6198460517204,-26.0951096760231,-1.98765366061157,-1.75901350477376
85.7142857142857,-24.1180546395843,-30.2109287880906,-0.945398236749998,-2.39145422308284
86.734693877551,-28.4687773187135,-36.022102248855,-0.366687169656624,-0.682715665075745
87.7551020408163,-29.8036899553824,-39.2623563040441,0.970636126492729,-0.990740780418197
88.7755102040816,-33.2330421871248,-41.8507015399152,0.263767428952026,2.45075955165038
89.7959183673469,-33.9627954466979,-45.0933428576611,0.610732418328856,1.62875126289117
90.8163265306122,-38.5723581876318,-49.6505629672032,0.639942125452709,2.23077088897352
91.8367346938776,-38.2528909621114,-48.6945601464668,1.2832065539895,3.11206639937336
92.8571428571429,-39.8584657436164,-52.9372845566576,1.87567869702225,2.30627730344899
93.8775510204082,-42.1312282836789,-54.1736413110162,3.46984232583707,4.05419560877609
94.8979591836735,-44.3844819170757,-53.6335036661912,5.07187991783551,5.15044483346019
95.9183673469388,-45.3072098231386,-56.8480300312413,3.03134900516202,4.94732774405263
96.9387755102041,-45.2634879666095,-57.6343175976225,3.02948173397262,4.58561162148954
97.9591836734694,-46.2248362856909,-54.7119093372322,6.72123734318126,4.862581791419
98.9795918367347,-44.869695196114,-58.0939644921733,5.26367434704038,5.69190388840202
0,-69.8593374239317,-67.8888133568997,3.94389514226176,3.68659095051209
1.01010101010101,-67.9335956589735,-66.9322271083026,6.03068622635118,3.55236574660534
2.02020202020202,-66.8982914145528,-68.917263019403,6.13344939905217,3.02390161039336
3.03030303030303,-68.8249417668821,-65.819392382029,7.29534442635969,2.52541411229118
4.04040404040404,-69.009535683617,-66.0543948028917,9.84037096057508,3.63428740085624
5.05050505050505,-68.0789755260976,-62.2888460862274,13.6814203495821,6.56496801138462
6.06060606060606,-64.5883464201804,-61.3501308829014,19.3793722400346,8.8191588319523
7.07070707070707,-62.0787060143337,-59.0295479890354,24.8246249261797,11.8543806441037
8.08080808080808,-62.8503039600209,-58.3904929869869,28.7853960966444,14.8936803689629
9.09090909090909,-60.4454458406437,-56.6343646938248,31.0809164974701,16.3355406765843
10.1010101010101,-56.6145044983615,-53.8225234366294,34.6383864275978,17.3507491765386
11.1111111111111,-56.5318209342945,-54.1595360398318,35.5517506737166,18.6614712886629
12.1212121212121,-55.962244160078,-51.4493970595409,39.629761041558,19.8116815055743
13.1313131313131,-54.0441367588637,-51.7280163723002,40.3876427784411,21.0203292019934
14.1414141414141,-51.1245666841061,-49.2649304546195,42.2577132471429,23.2230969698253
15.1515151515152,-52.303741448577,-46.8113619470807,44.5606218577905,24.8490600128504
16.1616161616162,-47.5705841958079,-47.0123386920125,46.8746361787758,26.9399127611949
17.1717171717172,-46.8787334762626,-45.9142304839951,47.8817953518361,29.567873336055
18.1818181818182,-43.9162839020361,-42.1594603679328,48.8870915106775,30.5607486847954
19.1919191919192,-42.2381199919644,-42.5847771618562,50.0418273673773,32.8301223377833
20.2020202020202,-39.9460278531486,-40.9463611892785,48.8174150977395,34.2669997061551
21.2121212121212,-37.950951107568,-35.0363005115778,47.8315269511568,35.3371813861494
22.2222222222222,-36.3412551873796,-35.5354407830647,46.7194639519206,36.3878998006401
23.2323232323232,-35.3757530696742,-31.8670571834637,44.5085251495958,36.2384857794189
24.2424242424242,-30.6139652384777,-30.4817131804976,42.7623566880851,35.9842358689276
25.2525252525253,-29.9069118265412,-28.3883710600889,40.0154677482123,36.7490053701253
26.2626262626263,-30.1604976993325,-26.0935869451642,37.2849502264235,35.5465690141232
27.2727272727273,-25.0512268381088,-24.9905250120011,35.7139099261502,34.5666368855142
28.2828282828283,-23.6456469346842,-21.8020914625457,32.5987022800968,34.0216325855133
29.2929292929293,-20.2309379985611,-19.3019459844994,28.6926574653629,32.8378307681777
30.3030303030303,-19.482740636753,-19.1570830315445,27.8231651918917,30.5120865011469
31.3131313131313,-16.8302287322516,-13.8072483907427,23.8567162791331,29.3781142780152
32.3232323232323,-13.3530060134517,-12.0286445594135,22.2162591917431,28.474668249016
33.3333333333333,-10.4063921985123,-9.25042517243065,19.5086882613674,25.189265988392
34.3434343434343,-8.59165607661275,-4.30231323470906,18.8370175830117,22.6181042100126
35.3535353535354,-6.86662094378098,-2.82145267225863,16.5195221297059,20.2144486894418
36.3636363636364,-2.67734369990698,0.302708453421402,14.2491504599776,17.6695265299949
37.3737373737374,-0.0274098887970264,3.02812855892722,10.9395040018014,15.1431516724717
38.3838383838384,0.985195091812458,4.10316925756512,8.41699038648816,12.5581349885657
39.3939393939394,5.05794458071344,8.49901288885575,4.50702922829331,11.3331422792994
40.4040404040404,7.75574378496868,11.8663785561202,2.68058749829704,7.01102106209085
41.4141414141414,9.02328399204548,12.7524916960282,1.37073587709405,3.61197855784108
42.4242424242424,13.3958236418809,16.2106614573192,-0.26317383981796,1.66186688977557
43.4343434343434,15.2969511970308,20.5625636302952,-1.42828859313535,0.301499386425712
44.4444444444444,14.8327558691422,21.2088600167008,-1.3684664789744,-1.36981275773136
45.4545454545455,17.3711336326938,23.113245685118,-1.9460415931724,-1.2548612546031
46.4646464646465,17.2351789676069,26.1650389802029,-1.08599732424518,-2.11360131975126
47.4747474747475,21.5810601412351,26.9782989018102,-3.65198539913069,-5.29647954950506
48.4848484848485,24.334184615446,26.2513018981446,-4.46600584644507,-5.30218939432222
49.4949494949495,26.0627144200344,27.787545816684,-6.37314880417448,-6.75254589325005
50.5050505050505,27.0591770261428,28.3965680558412,-6.36686391954635,-7.20478415991694
51.5151515151515,26.3484436320563,29.2230570598554,-8.67169431530101,-6.88214260413736
52.5252525252525,27.9954491730116,28.9020285665888,-6.71469167902807,-7.491630639355
53.5353535353535,26.809931224319,27.8050850430553,-5.90696677425523,-7.35660389899444
54.5454545454545,26.1252662746485,30.5528757701861,-4.58567935305619,-6.53730878135455
55.5555555555556,25.8594788452908,29.7463110280227,-5.92753845291687,-6.86761973998792
56.5656565656566,25.2319307230873,28.4199620865262,-5.17614025369296,-6.28569412098693
57.5757575757576,23.9767035442753,25.5625617876083,-4.94381936362913,-6.44936031407154
58.5858585858586,20.5951023917028,24.6527618710059,-4.66416474078634,-5.50166695423777
59.5959595959596,18.6742809454119,23.2440419381717,-4.29152829291365,-5.64225213055197
60.6060606060606,16.8620686087647,20.8699898357966,-4.48333401277899,-5.39545002737582
61.6161616161616,14.0076211733748,20.2677222276171,-4.0677613608771,-5.78800645855275
62.6262626262626,13.3780643561486,17.8505693863233,-4.97426057886201,-4.69907363016748
63.6363636363636,9.79945955301616,15.1911805378717,-4.74567964058187,-5.8932646775451
64.6464646464647,8.64634521032682,13.0704185358688,-3.98446871992761,-6.02175340093521
65.6565656565657,4.83467243670814,11.7555626347732,-4.26153378413166,-5.86922629213003
66.6666666666667,1.90036904156543,8.66963749945734,-3.42001163765194,-5.69649548723925
67.6767676767677,1.11194206751135,5.54317603380297,-3.61266452152171,-5.2442678527212
68.6868686868687,-2.75231295960566,1.18834101992501,-4.46261701594131,-5.01174703161532
69.6969696969697,-4.96179906249166,-0.46918271607843,-4.29300969723618,-5.44366397781472
70.7070707070707,-6.69967256628988,-2.07732610212503,-3.57454242866995,-5.60236507631381
71.7171717171717,-10.4022178716722,-5.09463644764645,-4.51178492753651,-4.15018111910105
72.7272727272727,-12.1997362571722,-7.04022964314146,-4.68009380998437,-4.59923737316651
73.7373737373737,-15.0803681371182,-11.5665748135672,-4.28609137717759,-4.84723254385916
74.7474747474748,-19.711594617465,-17.1758057735401,-4.45069222601417,-5.29486041274265
75.7575757575758,-22.1498616161537,-14.3729285623633,-3.81622857318124,-3.80717585111101
76.7676767676768,-25.9169963643625,-19.8884909587065,-3.06202405490776,-4.01410083529553
77.7777777777778,-25.7711079255419,-21.4934197567056,-3.45030961644207,-3.40690102020291
78.7878787878788,-30.6184886508238,-26.0511538542363,-3.73955710844057,-2.78991421637003
79.7979797979798,-33.8628755074047,-29.7312590531287,-4.01641055443137,-2.57188301319622
80.8080808080808,-36.502874361848,-32.0738751870468,-3.5703425877874,-2.3614075795302
81.8181818181818,-40.4214538300829,-34.9680879187659,-3.91582096487091,-3.46088683073974
82.8282828282828,-41.8103630024772,-37.221039204844,-2.49889197962599,-3.21188793167228
83.8383838383838,-46.4147320432079,-41.4023517908594,-2.27965975407473,-2.88243433059713
84.8484848484849,-48.0612122923807,-44.0774685687734,-2.38955089864715,-1.60702763643859
85.8585858585859,-52.0890792297202,-47.1870477037531,-2.67831924028359,-2.47728529382194
86.8686868686869,-54.0761669593981,-50.4808217805849,-1.57053003944809,-1.91748262370852
87.8787878787879,-56.1971129897233,-50.5027979706985,-1.83365428425127,-0.209577626538034
88.8888888888889,-58.5665226253841,-57.8010319756439,0.0823923330894423,-0.0589333362196486
89.8989898989899,-59.9519240320383,-58.4720409769758,0.81699167343686,0.0987663837507043
90.9090909090909,-63.3114834256901,-61.4897732205898,0.293428062522395,1.45835261428493
91.9191919191919,-65.0210025655236,-61.8993069306116,0.168055891767946,1.66517807884364
92.9292929292929,-65.189031755625,-63.3252618676801,0.542766255488485,0.81802213856884
93.939393939394,-68.4484417730647,-62.4164383311937,2.95860734897489,3.11447320317628
94.949494949495,-67.330969639013,-64.7994508077989,2.77414518869469,4.09461192276089
95.959595959596,-69.2309157038793,-67.1449786587045,3.11147934390117,3.57908247038299
96.969696969697,-70.4251122842496,-65.7150051155717,4.75804871343114,3.33795167855148
97.979797979798,-70.535896022024,-64.6161606889337,4.54906281279168,3.79089934053265
98.989898989899,-69.6913539133683,-67.4120366457541,4.66435939683311,2.30332492480249
0,-46.2311377515768,-58.2379859362811,6.18590955440902,5.14400472978878
1.01010101010101,-47.009947212966,-57.0697706874749,6.66128436902618,5.31175466480228
2.02020202020202,-46.530004549806,-58.8582243595346,7.86437957683512,5.58120324752819
3.03030303030303,-43.8860794814049,-58.9956147919428,7.0402796616346,5.89518653954099
4.04040404040404,-46.9786858318631,-55.7374164934428,8.52956178897121,8.75906801564675
5.05050505050505,-43.3905726343634,-54.4246518720078,11.1804641963973,11.142991745621
6.06060606060606,-40.0547879227091,-50.7865944044394,16.2129154419623,15.1171975292443
7.07070707070707,-38.0594548693916,-52.6320413592248,22.0393414613971,19.2757338644858
8.08080808080808,-36.6088035747927,-47.4091192601635,26.9613517904797,23.7441410376003
9.09090909090909,-34.4385338451164,-46.4527725949707,31.2068719125557,26.9093582667078
10.1010101010101,-33.419013512024,-44.5774686386373,33.1450813666405,29.1827770462614
11.1111111111111,-29.4011086810923,-41.1995332852495,34.6299634696605,30.2176728718706
12.1212121212121,-28.2341010566489,-39.0187326951695,35.6517223044918,31.8525033713965
13.1313131313131,-26.4463601370226,-38.9821636509678,36.8743652022893,32.7474133344118
14.1414141414141,-25.2788575638602,-35.3381661468913,38.4328867129313,34.4456111474642
15.1515151515152,-22.1879830540153,-33.791011985451,38.6014955481985,35.254601827932
16.1616161616162,-21.1371333119299,-32.2505759252605,39.7884053563899,36.5035264061645
17.1717171717172,-17.9396182672719,-29.8791904877207,42.6219408436847,38.3119325082174
18.1818181818182,-14.5309470925759,-25.4046798417468,43.0369716402834,40.1881456976714
19.1919191919192,-14.8610306733347,-22.7520156079748,43.6000930347931,39.8061260098772
20.2020202020202,-11.4898299575475,-21.2653175405065,43.6787872945144,41.2967409348087
21.2121212121212,-8.86859436808989,-20.7493560631526,43.1643751518793,41.6739334232324
22.2222222222222,-5.53970326137268,-16.7900071864754,43.3716419058926,41.0010133383363
23.2323232323232,-3.48606849077959,-14.7625453122532,39.7362960123736,41.28880902707
24.2424242424242,-2.12415991480856,-12.3153322834509,37.756006176436,39.4164313575075
25.2525252525253,0.778956650384177,-8.72776485773849,35.5856340354354,38.0547774841504
26.2626262626263,4.11304063057323,-6.72375922450872,32.2343096320539,35.7700939225274
27.2727272727273,6.55881547147261,-2.91554075753056,29.0172256156503,34.0211968724882
28.2828282828283,9.22499374513983,0.305224616001939,27.7208119779138,31.7247484043142
29.2929292929293,10.125336089193,3.79712895343318,24.2280910817266,28.958084390219
30.3030303030303,16.7508743800038,3.6684739542484,21.2299465254101,26.2073612306491
31.3131313131313,17.3620824165514,8.83359011612886,18.2390841658687,23.3753262510032
32.3232323232323,18.9124112508246,11.3661669891362,15.6392824660407,20.7376440942797
33.3333333333333,21.1685281761163,14.4710062279252,11.5516007574587,17.8822390297944
34.3434343434343,25.7014257917134,15.4656364402623,8.24979076422763,14.392935014402
35.3535353535354,27.0547366760183,17.9390666038211,4.74942450144128,10.5338024285431
36.3636363636364,30.1539394213226,19.4718269860448,2.51035040544381,6.02820293076098
37.3737373737374,30.5679068344025,24.7995360191654,0.132718668473162,2.71667382049101
38.3838383838384,33.3396591356695,25.7957983836796,0.55516084452017,0.582132110101669
39.3939393939394,33.2408470985908,27.431954965177,-0.302843635653893,-1.13843555268294
40.4040404040404,35.038851656085,28.7224609522534,-1.22312674796787,-0.991479438780192
41.4141414141414,36.1326350123863,27.618021487614,-1.79576084542936,-1.69661426961488
42.4242424242424,37.9349030107512,30.5730882136202,-2.64893852717411,-2.92958465398379
43.4343434343434,38.9955924547121,32.1434761153212,-3.87711159859246,-3.53407855269206
44.4444444444444,41.2057081862127,33.05800156697,-5.3250733030839,-6.41743707933353
45.4545454545455,43.5751129467259,34.06840401478,-5.34745866494907,-6.44575551149123
46.4646464646465,44.6917908474519,36.7912656458123,-4.77426238492366,-5.20130515962483
47.4747474747475,40.7770854037529,35.6994301562221,-2.76997413123926,-5.55242911888335
48.4848484848485,41.9792768474138,36.6679715978039,-2.73293042124669,-6.71174480695338
49.4949494949495,41.4475121714286,35.4651930668258,-5.03353069704336,-4.46234632085633
50.5050505050505,40.2352906909428,36.5833645158038,-5.62535893452811,-2.58815733242428
51.5151515151515,40.3889492603275,38.5256783579558,-6.16235626055885,-3.63367842343777
52.5252525252525,38.7276770450368,36.9398261796091,-2.48399236532179,-4.02270537347217
53.5353535353535,39.1732686589434,38.4669881488489,-3.33025961517726,-4.24006563281918
54.5454545454545,38.0076002624823,36.5010402640116,-2.37867423160087,-3.43738901091135
55.5555555555556,35.4562320574999,36.6149603976262,-2.97785825673717,-3.13339040443117
56.5656565656566,34.2406347555544,36.8312057133896,-3.9462646072777,-2.57491831360568
57.5757575757576,31.0578982508893,34.9202314455647,-3.0537495802693,-2.50309038333191
58.5858585858586,30.0787491428744,31.8458716256095,-2.78731878425768,-3.52552585212665
59.5959595959596,28.4134850212654,31.697995553193,-2.97515334018637,-2.77759278587318
60.6060606060606,29.5252756749418,28.110241153094,-2.88129609343434,-3.03860652276799
61.6161616161616,25.884207626763,29.4251280797563,-3.08875031403718,-3.50889012898809
62.6262626262626,24.1768951431828,25.0525222700653,-2.40971023372324,-3.03692025788622
63.6363636363636,22.4027678544479,23.522888979748,-2.66824084105917,-2.76982436400099
64.6464646464647,21.1343387389557,21.3636961671438,-2.87072752464525,-3.91730183162479
65.6565656565657,19.7878127345698,18.6868559206486,-2.44833065778463,-2.78044140818776
66.6666666666667,15.7765275677335,16.2152637375507,-2.00128739632923,-3.32105827311888
67.6767676767677,13.8848365840659,11.1600718467406,-2.31549437060037,-3.30467133463276
68.6868686868687,12.3335461655606,8.57617254080561,-1.9691344834138,-3.63451389374857
69.6969696969697,9.04552124542547,7.10923861336781,-1.80074329834707,-2.75635415222092
70.7070707070707,7.43760055456535,3.75293170946218,-2.11830575583334,-3.61663618870658
71.7171717171717,4.26374461815956,1.30107671580747,-1.43950251533916,-4.03668198206795
72.7272727272727,4.25231655034355,-2.46519400175499,-2.87710840090113,-3.20288491976984
73.7373737373737,-0.659235156236579,-1.36832183718106,-3.35382804213734,-1.52995275984738
74.7474747474748,0.317404941853253,-5.01845254407279,-3.74851328817497,-1.88701472035808
75.7575757575758,-3.30367772090062,-6.86908841837163,-3.60767871921336,-2.2993257581295
76.7676767676768,-5.22474738112937,-9.51529482874017,-3.26680030734362,-1.86146871899804
77.7777777777778,-8.24142314073995,-11.9353834699319,-3.03924711255145,-2.99090472731078
78.7878787878788,-10.0597869544813,-14.5661500758787,-2.46137269849837,-2.71834430814821
79.7979797979798,-12.1802509210062,-18.9842525078618,-2.00630390342947,-2.44845222335693
80.8080808080808,-15.9456051121078,-21.7194106529337,-2.44531116035169,-2.58766677828702
81.8181818181818,-16.9666469141224,-22.854828288825,-2.00397890438141,-2.6896067588663
82.8282828282828,-18.9404061422422,-27.7025668641937,-1.55696164018807,-2.04058196995635
83.8383838383838,-23.0257662351691,-27.4571482604971,-0.557415299009587,-2.37603937216512
84.8484848484849,-24.9578338131009,-32.141299928093,-0.181085171638888,-2.19468440183791
85.8585858585859,-26.7804690709402,-34.3454106920682,-0.346500753377662,-2.80647330744036
86.8686868686869,-27.4883072173436,-38.2366985876699,-0.913554511938763,-1.98324021282031
87.8787878787879,-32.9552579190533,-41.457720179007,0.40586772923293,-1.32746150729854
88.8888888888889,-34.9517216432113,-44.3022782316859,0.726488684659828,0.331214478607667
89.8989898989899,-34.4357472786523,-44.5870459560003,-1.13729089956074,1.80231955478201
90.9090909090909,-39.6514382280423,-46.2754107703131,-0.170971552559571,-0.146266386417328
91.9191919191919,-39.7212830142049,-49.2944833149842,0.152911517053422,1.40373187575486
92.9292929292929,-39.6346023930925,-52.1430372604205,-0.00205384490303306,2.88745859305792
93.939393939394,-42.7627925881735,-54.6273550031476,2.05092160207238,5.73175704306975
94.949494949495,-44.2651370212928,-55.7544064622114,3.36666630201223,5.83052633717454
95.959595959596,-44.2213993324567,-57.4145441793536,6.76776536912663,6.21467927817423
96.969696969697,-45.0796506753634,-59.4119217136801,4.82553367380215,6.95363321746684
97.979797979798,-46.9126410572601,-59.5770212734664,4.10647897057606,4.93159647719055
98.989898989899,-46.4062288499763,-58.2780329921367,5.71822807104393,5.51704979530205
0,-62.2626181278712,-75.0119690938911,7.71261130049275,6.24499678412767
1.01010101010101,-59.8494908878586,-73.7063968842631,7.64130118609229,6.16938122116992
2.02020202020202,-59.8506732015855,-74.5554508032133,7.16086396832532,4.74678505232057
3.03030303030303,-59.8683743805713,-76.0361983987736,5.95858191327976,5.34079535944641
4.04040404040404,-58.2234512140542,-70.517146207854,7.11498811907202,5.30859262267509
5.05050505050505,-55.5756623202268,-71.8724826375883,10.0974445062817,6.54281850878404
6.06060606060606,-55.9057204941406,-69.5060506644696,14.7912344128122,9.286968431053
7.07070707070707,-51.5375047933511,-67.8884572294142,20.315681876351,13.2340480903738
8.08080808080808,-49.8096262429035,-66.5665861235081,23.4811802432689,17.1540605621646
9.09090909090909,-51.4761007045807,-64.8692558040992,25.6633186515221,18.9557519683142
10.1010101010101,-48.2843584266371,-63.0834373704856,27.7125898384891,20.7893223903232
11.1111111111111,-46.7411816994959,-61.8808712025842,29.4853960079718,23.7795903507921
12.1212121212121,-44.0325483749285,-57.1979989039293,31.9736384400623,25.9224586777525
13.1313131313131,-42.6195242309628,-56.8273990161875,33.3811483845714,28.4925975692837
14.1414141414141,-40.7973700821413,-55.9752662832137,34.5789016746522,30.10500005121
15.1515151515152,-38.5365065664068,-53.3710693497421,35.5623352367522,33.5329198726254
16.1616161616162,-36.7265720666379,-50.8312769931112,37.088523677321,36.1816516104221
17.1717171717172,-32.30961415104,-49.4288086520164,38.8886682764908,37.4064207571612
18.1818181818182,-31.5931105957111,-45.9601399753107,40.6500294424115,40.1760465504237
19.1919191919192,-28.0825806503568,-43.6612700141686,41.6685421974157,40.5309667281943
20.2020202020202,-26.5068167066343,-42.5551084342015,42.1865726128483,42.3632401235088
21.2121212121212,-23.8260862306303,-38.1512069934742,42.1041810744099,43.6924458366888
22.2222222222222,-23.6090280337355,-36.8522843217243,41.2593930631325,43.9358346793853
23.2323232323232,-23.1826139210367,-34.4436405510393,40.6620479652221,44.0519970159078
24.2424242424242,-17.5391545897903,-31.1559723207404,39.7488028127691,44.0245350018396
25.2525252525253,-17.7979116405699,-28.1794502677669,37.6723936149768,42.9923591110056
26.2626262626263,-14.4152280174874,-27.0381209710028,35.5075397575245,40.2540982871276
27.2727272727273,-12.1413581553722,-22.3416051141338,33.8427968302415,39.0996564635061
28.2828282828283,-7.68353933993372,-20.7038397952844,33.1974410794993,36.9087944568909
29.2929292929293,-4.49234556990244,-16.4735755238961,30.7730225506454,34.4910130635155
30.3030303030303,-2.99550015149142,-16.591330491415,29.0430964300046,31.3233213820377
31.3131313131313,0.0939388276249655,-11.1988511119444,27.1114054459138,28.9172693957065
32.3232323232323,2.16565505212447,-7.41615897712049,24.1283702395477,27.910148561796
33.3333333333333,5.52743514672685,-3.95599752883071,22.5648182486776,25.5930024936398
34.3434343434343,8.71874557511877,-2.5316724829078,20.6895968309269,24.160349401183
35.3535353535354,11.1892287977767,1.29959155231548,19.0848909668111,21.4861500565104
36.3636363636364,15.3637409910888,1.95246731384667,18.017623542893,19.1894734127015
37.3737373737374,18.3836618251109,6.23698893529082,16.0085027679961,16.633990037803
38.3838383838384,20.5508855805616,10.5703935009446,14.8694325638819,13.1111765148548
39.3939393939394,24.3949785625906,11.3991126752272,10.888068365968,9.43782176683476
40.4040404040404,26.1725281702847,14.6668297924534,7.81107025082415,6.51041802705391
41.4141414141414,29.1926296901713,15.7595895052661,4.8732569149558,4.07842379242661
42.4242424242424,30.3682971766943,19.0235900260711,1.10338889314701,2.00748956145627
43.4343434343434,31.994368178624,22.2487463990319,0.631209243303492,0.371919229843978
44.4444444444444,31.6314604419904,22.4191336185278,-0.801014157907305,-1.11614148446556
45.4545454545455,35.3339492853939,23.5219765322224,-1.09883880163905,-1.36185088722441
46.4646464646465,35.2688624744256,23.6552686028442,-2.48442079296111,-1.84165759300473
47.4747474747475,38.6377102610159,26.1286175286204,-2.70460039024277,-2.42045129651154
48.4848484848485,36.8188712154174,26.2182827721365,-2.77629313472792,-4.9009839704644
49.4949494949495,37.7774733034088,28.1559064897459,-2.26554065317228,-3.84593105164778
50.5050505050505,38.8234433799199,30.0467479570429,-2.56088491592828,-3.58503230489374
51.5151515151515,40.5268709414344,32.5557933377807,-2.5660635646851,-4.96201078257631
52.5252525252525,39.4948284597887,32.1838954883153,-2.72599437880952,-5.05451309868413
53.5353535353535,40.7366364167885,33.0148914661105,-2.39745982585967,-4.80883926101474
54.5454545454545,40.5841255730292,31.7680911909181,-1.85035062560582,-3.54772392826701
55.5555555555556,39.4653297221498,31.373407802317,-4.1811859607516,-2.78232185489473
56.5656565656566,38.7267684009982,29.0969729600924,-3.92903515221373,-3.04965506488197
57.5757575757576,37.9463582362111,27.5880234037597,-3.0051325876261,-2.55902882602412
58.5858585858586,36.4397545584584,27.973587377329,-2.6247360589076,-3.43353227711337
59.5959595959596,36.4454065259371,27.5985505201668,-2.97151300856648,-3.37314836735278
60.6060606060606,34.2816066422846,27.71552542993,-2.50597104862386,-3.66562046873309
61.6161616161616,31.7902094618687,26.5873502768124,-3.50309782364715,-4.58505656403943
62.6262626262626,29.9752517063337,24.8328519433147,-2.76807022120073,-3.4460758900826
63.6363636363636,27.6945797131624,22.2064849252622,-3.75483773941067,-3.9447727962016
64.6464646464647,27.0544138225182,21.8626342338198,-2.4974689838481,-3.06486404066015
65.6565656565657,24.8880186946172,19.4192496794352,-2.57515325872297,-3.79403954118916
66.6666666666667,21.8026053338431,17.8025924348435,-3.12800851666218,-2.91690719137336
67.6767676767677,18.9056202523658,15.5622818070521,-3.08453307311534,-2.37750569557709
68.6868686868687,14.3639183729571,12.4050925605143,-2.98840747707396,-3.30730654407094
69.6969696969697,10.8430770126686,11.6419963176543,-3.4898090253831,-4.32116795627626
70.7070707070707,9.75936407605296,8.17699189652611,-1.6555504574476,-2.72671002119791
71.7171717171717,5.29950137808578,3.39469491043516,-2.55639325098829,-3.12607808063428
72.7272727272727,5.37998856287979,-0.1566125186382,-1.42420275228546,-4.03397596964758
73.7373737373737,2.35123889980998,-4.2508413109508,-2.1518249061859,-2.70530161240728
74.7474747474748,-0.285963669294077,-7.61810021459636,-2.70078009477041,-1.50097594137899
75.7575757575758,-3.71314130976579,-9.35937592944087,-2.87454759018809,-2.92859420432178
76.7676767676768,-7.78875364173085,-11.4932568370462,-3.62730614335518,-2.7859146142688
77.7777777777778,-9.12693215520115,-17.6017319426728,-3.42411015489387,-3.06497742029997
78.7878787878788,-11.3257715234615,-18.2253923883242,-2.64543276467654,-2.73734153338973
79.7979797979798,-15.4965324990176,-24.291736554128,-2.76496738200078,-2.13295377671675
80.8080808080808,-18.397880814533,-25.8723689563465,-2.50656181992875,-2.20950800688003
81.8181818181818,-22.327571046935,-27.2904641945627,-2.17286094626971,-1.68872775029857
82.8282828282828,-26.6906482151647,-30.4116716672011,-2.00263449042377,-2.88797190450931
83.8383838383838,-28.9505722129614,-34.9183519167474,-1.71887727589128,-1.32171939434815
84.8484848484849,-31.7275848381935,-37.2204234259255,-1.47401963762024,-1.73520997064201
85.8585858585859,-36.7554060448372,-41.4960225868519,-1.48017813214077,-1.26437645620412
86.8686868686869,-36.8626348100922,-46.6225265511291,-1.07999839354772,-1.23359835995324
87.8787878787879,-41.2399607608161,-49.8840756359124,-0.417107454018138,-0.428029796994112
88.8888888888889,-43.1743044874175,-51.2796371216468,-0.243168881156215,-1.30734080806818
89.8989898989899,-48.7768085576933,-55.4631267617381,0.944143907351703,-0.726622166459241
90.9090909090909,-49.8121841396493,-58.4321640960617,0.51259742076794,0.90830879524188
91.9191919191919,-52.8073916031567,-63.1017389515534,1.11521946638505,0.96676005503326
92.9292929292929,-54.9137103381617,-66.6764517305653,2.10465039428008,0.708458958100279
93.939393939394,-56.3470859903722,-68.182374892089,2.64575052372392,2.73915878348198
94.949494949495,-57.3111441301713,-68.7890928602175,5.59371619036527,4.54570036833709
95.959595959596,-61.8280074413156,-70.2595891623209,6.41333275677365,5.90432719813342
96.969696969697,-61.8067242748706,-69.9734144783488,5.89018928250544,4.72123256863242
97.979797979798,-60.7148304140829,-72.6157731301666,7.30940262219896,5.36877365390145
98.989898989899,-60.6899516364626,-71.1496232750444,8.47591379899083,5.54418617467634
0,-64.8637793411563,-66.081722334983,5.32211039910567,7.59973651637468
0.99009900990099,-64.7408535789483,-66.1321949843248,6.59154818870946,4.9186806792699
1.98019801980198,-63.0091096401153,-66.2323597437349,6.79027636837735,5.52870616349587
2.97029702970297,-63.1897999405177,-62.7029425008601,7.46097210497855,6.82334421305334
3.96039603960396,-62.8305770793142,-60.7361888559408,8.13125980534407,11.4386939241968
4.95049504950495,-59.8539453035935,-59.9389131888282,7.58023334800581,15.1423118363712
5.94059405940594,-58.2784895815619,-59.6832228147792,10.509779843629,17.3196598843803
6.93069306930693,-56.8200383279149,-55.9110891931704,14.5772194800618,19.404841218009
7.92079207920792,-56.0897852206047,-54.7050190385655,18.2727567278569,19.7576532163211
8.91089108910891,-53.050616604566,-55.201003942135,21.9833069300665,19.7848893122001
9.9009900990099,-51.0447808565742,-52.5558964843636,24.6108101530413,22.8789776002616
10.8910891089109,-48.3316394060687,-48.884536872164,25.2557166254348,25.6726333167915
11.8811881188119,-47.119083853245,-48.5927032386946,26.5377383321281,27.8286316463877
12.8712871287129,-45.3270412043058,-45.0760210347473,26.4354914272332,29.2331377928298
13.8613861386139,-45.6104027522537,-45.8862323523126,28.0699187120431,30.1627892641638
14.8514851485149,-44.9562272876126,-43.6636440383021,28.3753145200185,31.4080460668638
15.8415841584158,-39.5768036769568,-42.7338937590546,30.0941613769085,33.1568939419479
16.8316831683168,-40.7519053128162,-40.1490565179969,31.3071597491531,34.0604585872134
17.8217821782178,-38.0665426035844,-36.2095172793398,32.7473928265099,34.4940912180066
18.8118811881188,-36.1028175550812,-36.1117199720562,33.4709398171816,35.9271591108061
19.8019801980198,-34.2212271524809,-30.9329456046188,33.1233589186566,37.4078845523213
20.7920792079208,-31.0667890715936,-32.194128718698,34.0395630855122,38.3885424388274
21.7821782178218,-29.1337312261653,-29.0967518467291,34.9047299502891,37.8578787817604
22.7722772277228,-26.4668714563854,-26.6809109021783,34.2378762721648,37.5015690368785
23.7623762376238,-25.9732607909381,-22.3109655158194,35.4859127036634,38.5238902504895
24.7524752475248,-22.8084018657969,-23.0904494464079,35.6807493480888,38.8610583978594
25.7425742574257,-24.0806914601039,-20.2912779125149,34.4892298139383,38.1105177853372
26.7326732673267,-19.7108960446434,-16.3819408209462,33.9287454223145,38.1744945351775
27.7227722772277,-18.7811828141306,-16.3552289169453,32.849301029136,37.8210157729414
28.7128712871287,-16.4051419631926,-11.8510859829061,31.837574686499,35.827094755166
29.7029702970297,-11.0508176807774,-9.82136419809382,31.3602585334183,33.7257262103182
30.6930693069307,-7.95914896661913,-7.68976149481679,30.6106879115266,31.8647016103524
31.6831683168317,-7.37895692802553,-2.30425756341558,29.9132332208578,28.2500847663663
32.6732673267327,-6.45451368987676,-0.853374561294278,28.474616034388,26.9939821997391
33.6633663366337,-1.40695270316152,2.02892055825319,26.5898461688329,24.5090347388466
34.6534653465347,-1.3275465807287,5.91986224367671,23.85042956895,22.7658384747215
35.6435643564356,3.1649754540461,8.60619672906066,21.7581189245773,18.9445188889213
36.6336633663366,6.91256884007876,11.6008796253199,19.0833113606731,14.9851463247045
37.6237623762376,9.41304574069199,13.351331791834,16.5825780155426,13.0287644139483
38.6138613861386,11.5384643125244,17.8746005242845,15.8717104502814,10.6673213124869
39.6039603960396,15.6307343624223,18.7812389300883,11.8954721152875,9.23867514568493
40.5940594059406,16.2221825236514,22.112368931937,11.096490617503,8.41869746469886
41.5841584158416,20.9419632780608,26.0824953899998,10.9308695598406,7.86966540489954
42.5742574257426,22.4215184911938,27.5790194900848,9.09123017519818,6.34211541954965
43.5643564356436,24.4941202046688,29.7201422158011,7.0568493219797,6.8628168405663
44.5544554455446,26.119954154011,31.6908940269005,5.1204984438116,4.62644342785782
45.5445544554455,30.9821699191228,32.8344901485028,2.53320371829696,4.19963306312495
46.5346534653465,31.2594198888654,35.1413356210787,0.381044116460875,2.21618239516829
47.5247524752475,33.7732745473986,36.4235857123019,-0.849023930734046,-0.0707022969957685
48.5148514851485,33.4194635266335,38.4348173904602,-1.0815622927543,-1.20589559580305
49.5049504950495,34.8429359320905,39.7043324111017,-0.442911542214178,-1.42260496123937
50.4950495049505,34.2090360779741,40.6604677196041,0.061644226539096,-2.34411549200855
51.4851485148515,36.1643607369217,43.4835569472151,0.952286757521957,-1.94604605584193
52.4752475247525,38.7514547988014,42.4087152041325,1.97616952083753,-1.15963262821292
53.4653465346535,39.8843892623676,42.2178857772885,2.40164535160319,-3.06085840272247
54.4554455445545,43.0099328374483,44.8010069235193,1.79600968174661,-3.98615645651741
55.4455445544554,44.9320950239061,44.9595238008337,0.106523585048941,-3.09054289769387
56.4356435643564,44.3723707293642,46.5623107917368,-0.420049728679949,-4.65689486002426
57.4257425742574,44.8265291019403,48.4418417903525,-2.19777249122933,-5.73744839702776
58.4158415841584,44.3135383669311,46.0713356620866,-2.78221451172318,-6.85387824434371
59.4059405940594,43.9632850304358,47.5385170464305,-3.00641901388162,-3.88512578808981
60.3960396039604,44.8027704061383,46.8112345283176,-5.67122025182735,-4.45718366471497
61.3861386138614,42.4016789667557,44.9309577222871,-4.2475071152259,-3.98317896136145
62.3762376237624,40.1203782077378,42.8034176032449,-4.4424752699298,-5.76000172116443
63.3663366336634,40.6786265299009,43.2973654396931,-3.12603396998658,-5.51759812677995
64.3564356435644,38.6742392548035,41.0813021362336,-3.12697536221076,-6.52758093091487
65.3465346534653,35.4738861754505,39.5120838388716,-3.69717178512583,-5.13975286763235
66.3366336633663,33.1909967192775,36.7890088121541,-3.88278142806735,-4.62296080070428
67.3267326732673,28.5197416987824,31.306099130273,-4.30622262712484,-5.36446569728196
68.3168316831683,25.7248237532427,30.8700280421141,-3.96926756068747,-5.45389243752552
69.3069306930693,21.8025084398322,28.6731802367519,-3.62963099553308,-5.7416690641015
70.2970297029703,19.2917180506237,24.1190175730908,-3.47057144641501,-5.92308675458366
71.2871287128713,17.232473357341,22.3843013996011,-3.22604698508164,-4.89641422925322
72.2772277227723,13.6103542724186,16.7322475531071,-3.89268792334487,-5.02130101248239
73.2673267326733,11.3466676325307,14.3910817208484,-4.1456730130199,-5.53541585266627
74.2574257425743,4.97150708707389,10.7571669825815,-2.99688995815089,-4.19144399065721
75.2475247524752,2.86546550767613,5.54566184660682,-2.99776162072127,-5.41226865093153
76.2376237623762,0.296256970415462,2.85377885014811,-3.65382110761239,-4.13409231246028
77.2277227722772,-5.21826227968145,0.583999254865182,-3.40851306307212,-4.55279798804351
78.2178217821782,-6.38578217894543,-2.73373287740694,-3.70555145934098,-3.88961084566657
79.2079207920792,-10.4655823339487,-8.35758192916774,-3.33333546955686,-3.89869066125547
80.1980198019802,-12.4607565213054,-11.6607466357299,-2.66800034440259,-3.31832847852075
81.1881188118812,-16.1231258425077,-13.0812482600472,-3.1643915630949,-2.99195799741978
82.1782178217822,-23.9014167283954,-17.5179189832309,-2.82337571918133,-3.90529095381468
83.1683168316832,-25.6715229361172,-22.7482360833039,-2.02921312327512,-2.78413439091668
84.1584158415842,-28.8267401195986,-28.3951627671891,-2.09303440722504,-2.56229814234123
85.1485148514851,-32.303418205794,-30.3563812368596,-1.10171892751751,-2.64679531755436
86.1386138613861,-36.7282221117927,-34.864145717593,-1.55906854827882,-2.14702750152084
87.1287128712871,-39.1664875718118,-38.2051010826343,-1.1875888675533,-0.637807338854771
88.1188118811881,-41.8737771794801,-40.4443457947992,-0.984173936515102,-0.0802136986424705
89.1089108910891,-45.2843779771271,-46.8186947481666,-1.41394674748002,-0.262501424381941
90.0990099009901,-49.8035572594291,-50.8634552286576,-0.425877760791584,1.02795978600476
91.0891089108911,-51.0478117074993,-52.3141677986494,-0.617428148430505,1.29019033509037
92.0792079207921,-55.6948294246857,-58.9231294591374,-1.75985449653548,2.21626745819137
93.0693069306931,-57.6111359460635,-58.0367364122686,-2.4308359090668,3.53216505371194
94.0594059405941,-56.2691040340308,-60.5956703465332,-0.694359230878481,5.55353704773669
95.049504950495,-60.3708042251365,-61.7942465486495,0.366680307401293,5.67309442637394
96.039603960396,-60.9922273870019,-64.0005291844614,0.255443118476582,5.70467855253309
97.029702970297,-61.9113599268702,-65.8304447147691,1.01337235580894,7.17960630728169
98.019801980198,-64.1460667047251,-65.3823467338303,3.425568819753,8.66336611163714
99.009900990099,-62.991507710638,-67.7422003929034,4.73240686569322,8.67063421715777
0,-64.6240001068591,-59.8356658906993,5.69048618111703,4.13531891541768
1,-62.2493557612884,-58.883193805513,6.45771792130762,4.0810949404618
2,-60.5777795351011,-60.9907486560951,6.45849443693142,4.24905381986868
3,-62.1033349667708,-60.9487026329956,5.70463074648963,4.96084435378361
4,-61.2599527655799,-57.6755512438766,8.08855384393332,5.41998344322291
5,-58.5914042906827,-58.1274881741217,10.2407168443362,6.25299075953033
6,-56.3729894434548,-56.2341563481418,15.8897348509368,8.20564766111467
7,-54.1297486636573,-52.7312017399505,19.3574844064063,11.1484270540654
8,-51.8693782278886,-52.1880397402735,24.8863893375911,16.751705455205
9,-51.544206506701,-51.375700270806,27.8101652472181,19.8493667526295
10,-49.1378284293855,-49.4000127306785,31.4332182619119,23.9169723290789
11,-46.1415704631823,-46.1658275952517,34.0370517426128,26.540267532166
12,-44.1755883486626,-46.5887939993479,34.8574673111687,28.0923457534505
13,-43.7750277178987,-43.3055468274653,37.4383893205368,29.5849045593427
14,-40.0640299348737,-42.5020825444187,38.9206791090751,32.0057035968508
15,-39.4021311709351,-39.5212108987742,41.883265309754,33.0694642998297
16,-36.6412381327148,-38.2382949549346,43.6575794804787,36.2171418033428
17,-32.2360775695526,-37.158413194023,45.2785172383316,38.642827130721
18,-32.4240996231375,-33.3722050652631,47.2711919885373,41.6350024209148
19,-29.5521776651195,-32.5920354187117,48.8598196715496,42.673952649877
20,-26.1152348654226,-28.283775243917,49.5693086992135,43.5890557395523
21,-23.8709968567296,-28.4096105385699,49.2440738391916,44.0668753717088
22,-21.1711258198338,-24.5166706656371,49.1994754990563,44.3061340473276
23,-17.9893823822936,-21.4839859096065,48.7794807632113,43.9967621945848
24,-17.0155144291393,-19.8212432473476,47.2280544317726,43.7870846016423
25,-16.391647154786,-17.0920957562368,46.960344495953,42.9567380065854
26,-12.4061310964403,-14.947976034835,42.6017654773971,40.9816567933186
27,-9.84295581749567,-10.9117343438572,41.4843105678338,38.4933349524544
28,-6.89269563220889,-6.34168714021888,38.1429068742515,36.1875032332829
29,-3.06879756235136,-5.29009372175502,33.8275364729939,33.7403127808681
30,-1.01480551861536,-2.70557037011631,30.8314078608513,31.5560967653117
31,2.91803602936001,0.0807065988773578,28.099517836635,29.4367369873209
32,5.69752028142823,2.80318693523089,23.8242308921338,26.9654321669423
33,8.29926219108894,6.59418572463429,20.5766669689866,24.0252722578004
34,11.5648000833895,11.0304916393326,17.4159822713368,22.2128910728997
35,14.5142879231156,13.8811158942645,13.0416150173913,19.5009962631438
36,16.0089427189113,15.8831911918031,10.378623640639,16.2083535573111
37,19.2634658270706,18.4532061370357,7.35741355168993,13.1353910977224
38,21.5824190566165,21.6772826251209,3.336844179245,9.39152778791087
39,24.5494361076273,24.7881567763544,2.00479342037861,4.71555307834068
40,27.1685777977155,26.2905754530667,-0.415286980439682,2.4417699468522
41,28.1624807209601,27.7735566844519,-0.473860061621151,1.28038576708782
42,31.3058205154223,29.9668271428648,-1.15924900826554,1.33792049994827
43,33.886111671854,31.8011133173807,-2.70242603133707,0.80217205387832
44,36.206193836692,35.0634715361267,-4.72782403315951,-0.176164425393157
45,36.4740657076609,36.0234920176282,-5.71581427130671,-1.46742277692061
46,40.2044259325859,38.7021574737734,-3.25123692253008,-2.80523920682822
47,40.1285049285237,42.5414467497943,-2.10522859952178,-3.53645679451179
48,42.0828754004954,39.4432245450007,-2.65556340626014,-2.76713873956033
49,40.1500718653628,41.1322629570501,-2.96322735294924,-3.99374796437066
50,42.2636776222502,40.9330170084589,-2.49635264574927,-3.07716413127697
51,40.8071635720212,40.9354328693877,-2.80005964444462,-3.54996815304782
52,38.3248248654057,40.8179726562266,-3.30145041023038,-3.68382471464291
53,35.9624406285665,41.4168590372012,-3.50599907696509,-3.8569266093882
54,35.5259217037142,39.9320039979675,-2.55188778449181,-3.86038303340682
55,35.2909553580481,39.3872110561872,-3.28793055660346,-4.24348572463407
56,29.4372302004097,38.0504118152676,-3.64565101517673,-3.4271357700402
57,28.3970979397605,37.6499576976858,-3.58830412303091,-2.34868523863533
58,28.2299209457051,35.6744143108589,-2.98388469099321,-2.02844768668223
59,25.3948422377755,34.77825486644,-3.51226596454753,-2.29464114286432
60,23.3451091016764,32.4306074620871,-3.12981285606687,-2.63543564272261
61,23.4269755390699,30.1905634959149,-2.97039703871803,-4.50265410104375
62,22.7499240157034,25.2642983954739,-5.14956841981985,-3.44265264506572
63,20.9839841786356,26.2724217064807,-3.82748007568759,-2.43707983034484
64,17.6197501160597,22.1333486565247,-4.16848368911637,-3.92895242366353
65,15.7756058544753,21.4243448319575,-2.45083441050222,-3.15104500016047
66,14.0629880001596,18.7780477785696,-2.73174431032547,-3.03214272504023
67,11.4981135912893,16.4066660061455,-3.02871703048671,-3.38714609164196
68,8.37462391288428,13.2940044601997,-3.1812340256824,-2.43594484529936
69,7.20405993346697,10.6095216925484,-3.53023380026731,-2.71677372228559
70,6.53699877186133,10.0085982547879,-2.53646945394922,-3.43350635355966
71,3.42356338319922,6.73111733608872,-2.58356977643147,-3.25598408039411
72,1.76888229176747,5.03771407670034,-2.73768008171854,-3.43170101653863
73,-1.69307477866259,1.49112144365309,-3.56456666685386,-3.09852094073031
74,-4.84223341643983,0.242594793877151,-3.44441350524895,-2.79101189450355
75,-6.68864194628321,-3.18859038964267,-3.2864516997108,-2.25631314491157
76,-10.4436094663141,-5.13680509218743,-4.1311543861987,-2.32886590341348
77,-12.4401183053178,-7.4877203413834,-3.19783675788116,-1.57963828328502
78,-14.9721308959918,-13.1941488871017,-1.91620411721207,-2.28725314792329
79,-17.8137429455398,-14.5962464507583,-2.36162033238546,-1.69868419877837
80,-20.108691747829,-17.0280385413659,-2.5811405140882,-1.63509325792037
81,-23.4713563571992,-20.4321865340088,-1.56435464889404,-2.06563329014655
82,-24.8527059224216,-25.1883175433306,-1.57169650959473,-2.63257419699352
83,-29.1076094713469,-25.1228628943202,-3.22074088459593,-1.72329751891667
84,-31.8152846148208,-28.3811650451157,-2.4047502690671,-1.85747799477896
85,-34.7665438633825,-32.0524782902395,-2.03751793374084,-1.586491391626
86,-35.7253450720391,-33.2705667666384,-2.07301614138671,-1.36869792284223
87,-39.8302132527906,-37.7634078613288,-0.428233064729418,-0.377707072770766
88,-42.927577782352,-44.2614773511816,-0.258428135295872,-0.451775283851729
89,-45.8337759893889,-47.1976159228567,-0.620667891368373,0.724358265117565
90,-48.8622934352442,-47.0143347224167,1.56612790653709,1.40311083279051
91,-51.7576037021348,-51.9987378135153,0.591971020551366,1.3054042973271
92,-54.7076025378733,-51.0226332148149,1.44008489086662,1.75558385218842
93,-54.1414923788771,-54.0182389027962,0.866016151196066,1.96265952427199
94,-55.7034473025605,-54.8358100435115,2.64202994506711,0.612776117944657
95,-59.3653201196278,-57.3816195693845,1.17994958829083,1.09922870344947
96,-63.1325122321351,-57.7708460087436,3.66891714365458,2.80914470471492
97,-64.4443114585771,-60.2206638805554,5.13999912948662,3.59378203088839
98,-64.0837019056474,-61.4916813277462,5.04977168650196,3.61301217698714
99,-64.0467321434535,-60.115360929066,4.51574813453228,3.85201006248653
0,-64.9201916815658,-65.8915660985851,5.68675708457019,2.92328493090479
1,-65.0454030475056,-67.1503737084973,4.86310428995101,3.12713873578015
2,-62.4332116135156,-67.2800131527212,4.10593421727019,2.66149371127417
3,-62.4259783094931,-67.7794027773355,4.06961939511532,2.89741447572433
4,-60.4997773157123,-66.5895269133313,5.1879020758849,4.36779377688884
5,-59.8877727613666,-65.0948703153263,8.14767369226785,5.96172542703689
6,-57.6545211414636,-63.8309335788943,12.8682702026321,10.0104075071033
7,-54.9588025833892,-61.1866008373121,17.8470539492014,12.9606459248169
8,-54.7172687841852,-57.8239655839216,22.224250263758,17.5681608524869
9,-52.6565347340391,-58.5657888811081,23.6076227116033,20.8138680750293
10,-52.0832880149982,-55.1331995681933,27.2673713283083,23.8236265987161
11,-49.4271541371041,-53.6008139657485,28.5836021076343,25.9221895090309
12,-49.5351593984693,-51.3017287103293,30.9341739737676,28.650274607973
13,-43.8490334702582,-49.3253028833745,33.0482590413276,30.4368218477528
14,-41.4048402561393,-45.5339411166612,35.7398802325547,32.7998390929024
15,-43.1062785775676,-46.2540187131677,38.8114878865891,35.7143094874068
16,-40.4094214280732,-42.5536573880425,40.4128817622594,38.3083080939713
17,-37.3276845263754,-39.8025328376393,44.1814582358647,40.9739447855871
18,-35.0268540218987,-37.860497897176,45.6454766040665,45.0755735856407
19,-34.1594316286409,-35.3889362816933,46.2655156343085,47.3733073784154
20,-31.4550085258726,-30.5014417645582,47.0295415592733,49.580216365968
21,-29.1971296751467,-29.5226936586552,48.6827640334139,52.0581404197331
22,-27.5523315727305,-27.3284325486769,47.6756236266926,52.9105104488344
23,-24.0483146339125,-24.5573443423885,46.8722461583764,53.3366782618986
24,-22.8891486254813,-21.0042283040559,45.9993340552796,52.8921790366894
25,-19.4507675417745,-19.9236502826847,45.1702973165808,53.3926771664977
26,-18.399467219786,-16.2506875709543,44.9962874480909,51.2420626423933
27,-15.6009976572592,-12.4522573040237,43.8414870262997,49.1146580791307
28,-12.4778896779009,-9.08050626480046,44.2520194323293,48.5710866290408
29,-8.36571618453034,-6.94532061558482,44.2666594803862,45.7518494747174
30,-6.97076938280751,-3.15534193585376,42.2014234684,40.4979546613231
31,-5.30707885424241,-2.85530729065981,40.0055346065311,35.8566667348595
32,0.247836703267309,1.64596169349654,36.7948040652297,29.4137009791563
33,1.70323511111972,6.68260608691874,32.0537162002746,25.367906172109
34,5.25879969049459,7.90095227752602,28.7895553861991,22.055313090441
35,9.33774656152919,10.7867014796177,24.9570342743839,19.0678466259209
36,11.3520775579276,13.7599973278001,21.3849078228884,16.4580547548605
37,16.291952842625,15.7666506086533,18.8737041309874,15.5729486585522
38,18.5285106399707,20.2092183275526,16.3977348381266,13.6551518586798
39,21.6955955710327,21.3685464476662,13.5299652853646,12.365441632185
40,23.1757035272874,26.0078965068851,11.5586528233201,10.8249714892091
41,26.9885042446606,27.4139481276205,8.65806659910086,8.69617274184867
42,30.7802216376855,30.7347401881704,7.28381907030114,6.4705701770607
43,31.1796819648704,31.898890107255,4.01647109806024,3.99607406922043
44,36.1584327505112,34.7416525790139,2.24775557070563,2.05843534902739
45,37.3011057139218,36.1795868067459,0.806471845071095,0.0215953006000082
46,39.9011867088715,38.8838516605477,-1.09780264114458,-1.35264338765441
47,41.6068774480799,39.3058935547739,-2.93704885429484,-2.69523146886917
48,42.5941134039316,41.1391428383042,-3.84439897317264,-3.58217833491821
49,41.9288918040595,42.4760950241434,-5.67835638265789,-4.47287260620401
50,42.8100290809565,42.9136398773688,-5.90616080215142,-4.45465029246452
51,43.548716694224,41.605414416666,-5.44867766389393,-5.7201902424686
52,45.8398705081279,42.8387773844594,-6.04541335507599,-6.24933103261061
53,44.3325490239243,43.4174859503669,-5.73579025933776,-6.1893635618525
54,43.56882354808,42.98963642174,-5.64111733648594,-5.89292876292816
55,41.8653858883262,43.7611996502831,-5.15311925167586,-5.19458229215012
56,42.2894368585662,42.2340200937626,-5.69289222528789,-4.83398240525458
57,40.3625654828161,42.0014786494739,-6.37725931938958,-5.5023625048861
58,38.4566457710055,40.4946904934338,-5.24415723987952,-5.79950162142768
59,37.3463723167648,41.1843452887692,-6.24854565274644,-6.12056567784539
60,33.8945691230783,37.7066024259459,-6.26051819668698,-5.25084703037021
61,33.5985073537541,38.4508095906223,-5.21955005326035,-5.43517092032523
62,31.4449267975369,34.2897542976582,-6.23661152632767,-5.3625158586047
63,28.8322532121109,33.4515410112613,-5.60983954530284,-6.58959023592266
64,27.6779359735741,31.1411640173832,-5.25434002682192,-5.66428024525416
65,27.7515058309299,27.7318414981063,-6.09025889389823,-6.551782859474
66,22.7913353527278,25.2586866399289,-5.54131306727876,-6.22058174774847
67,21.782089604999,23.4484940260711,-5.04445846177312,-6.6559241502439
68,18.6405413306952,20.2213219301903,-4.18247118049859,-7.18110384625599
69,14.4251319209211,17.7903890028083,-5.74346842859543,-7.34404862332427
70,13.2223253454981,15.0703338822685,-5.88750075452335,-6.26424058505337
71,10.004787103349,13.0270284620714,-5.18678533640136,-6.90232447656158
72,8.44523813949168,8.25843685274048,-5.31410852192914,-6.21874610000347
73,4.30651614810542,4.65132562469113,-5.80749625687707,-5.31829244693704
74,0.217639885172183,0.56190176547857,-4.51137562063682,-5.81307537437986
75,-1.46926538389312,-1.93169419485452,-4.62844110687101,-4.59382301696766
76,-3.85534799142762,-5.79095654447504,-4.96990026059277,-5.4110940786717
77,-7.57834132007423,-8.88542607670535,-6.22945740826852,-4.16603058834275
78,-9.81831375236444,-11.8584293878424,-4.68169060464494,-4.44015846864031
79,-13.8923534545875,-16.450046722859,-5.94476973279904,-3.61946969071987
80,-16.7024042708416,-20.1983249864609,-6.44242970555823,-3.93661239375213
81,-21.9978499661965,-23.393861256909,-5.49476675322604,-4.51526644184703
82,-26.3894624830811,-27.3915652561307,-5.03179718567111,-4.22475869054938
83,-28.7258907647386,-29.4732514158535,-4.63419104549547,-3.55776949750418
84,-30.4763900487174,-32.7784359157228,-4.64332451341409,-2.81425851147217
85,-34.6154085464875,-35.7143073412558,-2.50698769826092,-3.03888257115467
86,-35.9899233875759,-41.8230902213646,-3.69566938815242,-3.22364183486857
87,-42.061898593077,-42.5795740455155,-3.62462318730476,-2.36748085918373
88,-43.5164055666452,-45.6599748417908,-3.35747354742203,-2.18732984339644
89,-46.1877556231431,-50.4478554894238,-2.46463290734959,-1.32175882094999
90,-49.5902922914806,-51.4112069334634,-0.960583895616186,-2.3158221134539
91,-52.1699083486653,-58.051116713611,0.201742385876502,-1.32610982703243
92,-54.1265980889194,-58.2547228535155,-0.561534418665698,-0.510734732460374
93,-57.9461254306523,-61.7070966671327,0.211696738666241,-0.125946672539254
94,-60.4787907405116,-64.595786604018,0.29641217950323,1.35036707426687
95,-62.4294205516425,-65.4723124677346,2.62013949776626,3.14879294192817
96,-63.4787313916246,-65.3172661153787,5.13852830572731,3.18448053022145
97,-64.3050609131595,-67.5649527097132,4.2676573312035,1.65976272903338
98,-62.0929571410008,-64.5411716757376,4.61418407848246,2.01068567724442
99,-64.5407191688309,-68.0692558581832,5.2898778292311,2.37094990228707
0,-64.7781974152423,-67.6549510730491,3.82586211179577,3.04484972402591
1.02040816326531,-64.1817688923152,-68.0552145862064,3.85543959650898,1.84215507326409
2.04081632653061,-60.0336652624762,-66.8707136160405,3.6904741096382,3.3763933434636
3.06122448979592,-63.6585571908018,-65.9525520021088,3.34819138992629,2.11186436121122
4.08163265306122,-60.0379631614805,-65.6761417734281,2.735438453259,3.18642374690793
5.10204081632653,-57.9868524400283,-63.2269425935606,3.66754061309251,4.46159166535232
6.12244897959184,-56.3765976408562,-61.8866962521071,6.96843133321669,7.12026735341235
7.14285714285714,-55.3628888873807,-57.9483850437395,11.0134999558744,10.411175804796
8.16326530612245,-54.10513482805,-57.4664202863865,15.6645187672748,14.5575971105354
9.18367346938776,-52.8962169522297,-54.9938521070954,20.0820581098465,17.1597202200794
10.2040816326531,-49.8818424045125,-53.7712089922588,22.829880226115,20.8251654528984
11.2244897959184,-48.0534980250126,-50.8173154210189,25.6362178203593,22.753602416224
12.2448979591837,-44.6264042434752,-48.4817794329734,28.8458787420469,25.0515223063659
13.265306122449,-45.3467149467738,-46.3552240240755,32.4543361164133,29.0616441823286
14.2857142857143,-42.8579801374803,-43.3479388578465,35.344194207811,31.2838503733983
15.3061224489796,-41.5037806349209,-41.0430262653803,37.4135347916048,34.6411734365101
16.3265306122449,-38.0943340457289,-39.6070541176645,40.087781863941,38.172052487129
17.3469387755102,-35.8505800410189,-34.0178937889999,41.277460009785,40.8778279233616
18.3673469387755,-33.7715237483168,-35.8001064059569,44.4253348711663,44.2354253042078
19.3877551020408,-29.8973791413959,-30.4860936724606,46.2256392525022,46.8446356928192
20.4081632653061,-28.2799155801553,-28.6532064221066,47.6671553493017,48.3349764520393
21.4285714285714,-26.5059889370738,-22.8780499484126,48.6606099669834,48.5123275195429
22.4489795918367,-23.6713053208164,-21.3046308384341,48.2966443353286,48.3814323766386
23.469387755102,-21.644422487687,-18.686719980443,48.7608567315296,48.4050779408962
24.4897959183673,-18.7108026471705,-16.877814845604,48.6469595716736,46.369066679265
25.5102040816327,-15.7610002384904,-13.2948250772057,49.3736156072755,44.205089834364
26.530612244898,-11.4685045831632,-9.84915188898275,49.8373491884275,41.4594299080136
27.5510204081633,-10.9855380174385,-7.16218104616628,49.0648125213516,38.6018119601359
28.5714285714286,-5.88144790392227,-2.50344016000564,47.2842233489814,35.111833374078
29.5918367346939,-3.6486212559529,-0.719450404218642,44.1559039307367,30.3838151834158
30.6122448979592,-1.24126028088193,2.1614629496124,38.9747977780576,25.9578028568621
31.6326530612245,3.88035884790071,3.26518921609319,34.5129709107184,21.5831766442748
32.6530612244898,8.5562889863551,7.84078042180568,29.3882087684113,18.7473150776655
33.6734693877551,10.5843704634466,11.396840207872,24.1860601638661,15.5427216727499
34.6938775510204,14.0803770586529,14.0445516869138,21.3192723438194,13.9869117764487
35.7142857142857,17.5153911509049,18.4000579575992,18.7327484189845,12.0578885063794
36.734693877551,22.0835006289058,21.3148415587192,16.6667458152782,11.3195016879948
37.7551020408163,24.7627860475432,24.6126248050143,14.5497646948799,8.53995428690428
38.7755102040816,27.9592873837487,25.9553840169893,12.054410726918,5.95214800704785
39.7959183673469,28.9354794211296,30.635399127102,10.3271250354623,3.27036871235887
40.8163265306122,30.8562107184024,33.3408330420007,7.1425325992162,2.75313028456219
41.8367346938776,35.9977373490522,33.1340764131932,4.11808161300981,0.664823447695727
42.8571428571429,35.9225655096543,33.7360095394094,1.13670279277871,-0.531126675395487
43.8775510204082,39.6944910786421,38.10890296626,-1.82341688493076,-1.35983895751768
44.8979591836735,42.3537982893701,40.8530456779464,-2.3869311182232,-1.49373240488139
45.9183673469388,41.8442957855572,41.5273260840341,-3.74418877987528,-3.72656459641923
46.9387755102041,43.8003356723455,43.0473477954912,-5.83293149382475,-5.07450276724054
47.9591836734694,43.2817209681974,42.740323460811,-7.18997139991989,-6.09757912062001
48.9795918367347,42.8031822499849,42.4064717779092,-7.19406338167921,-6.39281676254703
50,41.9665618039539,42.8754718812407,-6.51316650100394,-6.9809248039744
51.0204081632653,40.7243060600286,43.5933526745988,-5.51069808976567,-5.2728391464248
52.0408163265306,42.9302722324538,45.9577893840962,-4.84794116171539,-4.14251383890759
53.0612244897959,42.2997794606802,45.8562637181066,-5.53933128731234,-4.94424880051136
54.0816326530612,41.9044866334187,44.4302650578907,-4.50152167914605,-4.44972091400785
55.1020408163265,41.9540926594896,44.5943428954083,-4.35339278287656,-3.99905200834583
56.1224489795918,37.1965496540131,41.6195702739449,-5.02446190204433,-4.86071249006044
57.1428571428571,37.0399523864102,38.6640740622273,-5.07305577661166,-5.22430520025047
58.1632653061224,35.3153113739235,39.0247741014953,-5.04267820599468,-4.85338181462902
59.1836734693878,35.9939787068939,37.9338027623772,-6.78238301006186,-4.64504534024062
60.2040816326531,34.3721337515967,36.8139978695174,-5.51177660346886,-5.15985222541114
61.2244897959184,32.0136203949289,34.2209162058355,-5.07887749913392,-4.92908096388298
62.2448979591837,29.2400573600459,31.884838909725,-4.92757584318232,-5.39399727830172
63.265306122449,27.7178869712111,31.7679157891359,-4.17684889156613,-5.18367769529746
64.2857142857143,26.0041401553643,27.6408884092373,-4.56530815150129,-5.5138614760637
65.3061224489796,25.1578156337092,24.8526836796669,-4.89890386895306,-5.00312550230207
66.3265306122449,19.6169344918048,22.1405296260943,-5.48271428048949,-5.64217171758453
67.3469387755102,18.0532288610372,20.8944642779501,-5.31997449937454,-5.66641109790622
68.3673469387755,14.7654268438739,19.4284599845603,-4.81444726600594,-5.96019893742311
69.3877551020408,14.4143860793291,15.9635424982164,-5.19664919388723,-5.80487480347727
70.4081632653061,10.9378540832045,11.5545786173856,-4.62396114649082,-5.627764643081
71.4285714285714,8.56125760516838,8.98558281552104,-5.63891978907041,-5.12286666023871
72.4489795918367,4.68328473025129,6.23270772050093,-5.15167054403422,-4.66456523761039
73.469387755102,0.23919642187624,4.54132877054194,-4.92418799312708,-5.85154573832685
74.4897959183673,-1.91319156684696,0.873406831959113,-4.31567243452916,-4.0876160915528
75.5102040816327,-4.50228593131594,-4.08332291934693,-3.91035436032165,-4.43640896756049
76.530612244898,-7.42432842725402,-6.65810732693258,-4.81466089257107,-5.21401934953985
77.5510204081633,-9.5957071035656,-9.31157316853867,-3.87889076588451,-4.76114285803533
78.5714285714286,-13.2620062744064,-16.3435830228328,-4.73581999863767,-4.15011641938895
79.5918367346939,-17.5773610377988,-16.5916936089498,-5.01959979378386,-4.9989632534072
80.6122448979592,-18.7991721271797,-20.797666982814,-3.61692216103315,-4.51115078509172
81.6326530612245,-22.1271374465711,-21.8744625186764,-4.18925057412204,-4.25873622148927
82.6530612244898,-26.1555067170782,-27.5243159917214,-3.12173215242508,-4.55653417608824
83.6734693877551,-28.5068606527021,-28.8427997185706,-4.16375322177002,-3.77164116560623
84.6938775510204,-32.1263679665316,-34.3648759746465,-3.56715454760423,-3.66150000776404
85.7142857142857,-34.3309689906026,-38.9256722263189,-2.09753260207374,-3.53467293208249
86.734693877551,-37.6707865755553,-41.658446906446,-3.45124286054154,-2.46907227679584
87.7551020408163,-42.4070893336548,-44.5196352123403,-2.50850407134915,-2.56828294601061
88.7755102040816,-45.2560627060008,-49.2910097523798,-1.44431284213813,-1.269734249622
89.7959183673469,-47.3018850959882,-51.4733667610303,-1.30783867439286,-0.882148771415778
90.8163265306122,-49.0287604312488,-56.1189820435711,-0.244521113334146,-1.64969222612034
91.8367346938776,-53.64389162859,-59.8003376779577,1.5059239306928,-1.03813484786571
92.8571428571429,-54.4441704748195,-62.6096165263247,1.49708749855463,-0.411493573926319
93.8775510204082,-57.4978919137035,-63.417295546502,-0.0271890790834843,0.625746706500542
94.8979591836735,-57.8367565542287,-64.9779155927787,1.00371126671932,1.85192184578895
95.9183673469388,-60.0294556734158,-65.5851089858396,1.21056627552232,3.08642121106127
96.9387755102041,-60.7981493550107,-67.7336149200406,3.44908784891354,3.24618601615459
97.9591836734694,-60.7242902435121,-66.6958718690259,3.46111765595122,1.99870849319985
98.9795918367347,-61.7900758854698,-67.2627602521892,3.35885717187721,2.67787924213197
0,-59.7312350038339,-63.8645276594272,4.94274003004366,5.69990761481756
1.01010101010101,-60.3424894388124,-65.469963518306,3.34387352146523,6.02780417880062
2.02020202020202,-58.83497750375,-63.8016883443485,1.82240963762867,5.57812154425145
3.03030303030303,-56.3341336192209,-64.3569852749824,2.94099538227514,6.85303023901644
4.04040404040404,-57.3354325649842,-63.0421116423216,4.98978054304764,8.2630054212059
5.05050505050505,-53.6910558059571,-61.6325157977319,8.30065611425304,10.6756448905258
6.06060606060606,-52.2279899310708,-58.6455008426797,12.5413787626545,15.4636103960827
7.07070707070707,-49.872723664634,-57.1840737145439,16.6232487152317,19.4897879802583
8.08080808080808,-47.9328095859662,-54.4618447665006,19.8554825305207,26.4428424248518
9.09090909090909,-47.43469263309,-52.0936727668443,21.0922590928334,30.5795442400969
10.1010101010101,-45.9750322418222,-51.7395697188386,23.3509186273572,32.5794994086943
11.1111111111111,-42.8210654624927,-50.5924744466216,25.8880773816197,33.5064093777931
12.1212121212121,-40.8473561093998,-47.4292413371678,27.8738467034733,33.8705073715794
13.1313131313131,-39.6378694797566,-43.9082024675527,29.7716287701929,34.3399392378709
14.1414141414141,-37.1557448432882,-43.8577355612798,32.4907996142971,36.0108715956384
15.1515151515152,-34.0638403761606,-40.8076294171863,34.3015412996648,37.0073932159914
16.1616161616162,-32.9026241315898,-38.310513116369,37.054053787786,38.8060243213134
17.1717171717172,-29.7162673178741,-36.865831906545,39.456700129161,41.6512854356348
18.1818181818182,-27.6785452919932,-34.2179242944085,40.4300776113471,42.0034818127557
19.1919191919192,-25.9589796711178,-31.7487102747239,41.8583528627988,43.5038181992312
20.2020202020202,-21.8822529218048,-27.6569953606672,42.426261743641,44.8760299009875
21.2121212121212,-18.7417776786015,-25.831696851147,42.4918145296059,46.0105639305081
22.2222222222222,-16.9882012218247,-23.8452442419105,42.5003022692375,45.3836084297329
23.2323232323232,-15.009401320593,-20.8768815181676,41.734757345262,44.8697106985009
24.2424242424242,-11.3386003537404,-16.3462533711766,40.4857839940054,43.5179689109967
25.2525252525253,-8.96358374660345,-14.2322147699856,39.3609713396575,43.1894281874095
26.2626262626263,-7.6407823055667,-11.644242226381,37.8663974956074,41.0940809003743
27.2727272727273,-4.97715270273462,-7.34082780714084,35.4002176748493,38.5092545085586
28.2828282828283,-0.398391679342512,-4.65576259441701,31.8659650442499,34.7985019160948
29.2929292929293,1.45576895004684,-0.591249277858455,29.6283185467856,31.6725092717712
30.3030303030303,6.40557332531318,1.69129838736833,26.5912101183515,28.1699209511627
31.3131313131313,6.33369931804624,2.75339954035536,23.5961749554198,24.6700709322051
32.3232323232323,9.6630247359412,7.33125791367254,21.0868335285534,22.8316695268936
33.3333333333333,12.8745489951334,11.9283176155726,18.0092406872417,18.3214514158725
34.3434343434343,16.1623166364208,14.2460086522249,14.0174712237557,16.3435547741612
35.3535353535354,18.0159030077256,18.3053434900309,11.3940231043006,13.0304707909938
36.3636363636364,20.1013632729654,19.4897559339649,7.51986908924341,10.8022108188682
37.3737373737374,25.1171299553977,22.0791792343776,3.6699817453476,7.32796333036317
38.3838383838384,26.5336677102813,25.7261839268318,1.22881290763318,3.92071537264135
39.3939393939394,26.8046982312194,27.4494155157629,-0.23559521616713,1.1602848504274
40.4040404040404,30.2233521356667,30.3990675696686,-0.429102959109015,0.296155748355588
41.4141414141414,32.3069350494966,32.9608952303649,-1.26248248699497,0.469381978504719
42.4242424242424,32.8376260357237,34.6782626068535,-2.68467126682638,-0.137593566223641
43.4343434343434,36.9907188901427,36.3074875651883,-4.03561202260915,-1.13105595850036
44.4444444444444,38.3177961313786,37.0528793171064,-4.33349266559828,-2.06699183569522
45.4545454545455,38.9660080954917,40.1969057977073,-2.58603071124103,-3.33019966028963
46.4646464646465,40.7307568173128,40.3783523867024,-2.25299179250913,-3.73330006016175
47.4747474747475,40.6957031257084,44.3867296015431,-4.44479832397342,-3.43334449747732
48.4848484848485,38.8823133117396,42.5692004114234,-3.18501009387988,-2.55604171960687
49.4949494949495,41.2740694212424,42.2367192470198,-3.85799882243058,-2.96864677614272
50.5050505050505,37.6507834219433,42.1927404663489,-2.29570220474605,-3.88054581473732
51.5151515151515,37.2142790107215,42.5354607859569,-1.78719848310857,-3.22135996411345
52.5252525252525,36.2969603864262,40.615163544624,-2.60819188169397,-3.49571222146467
53.5353535353535,34.3274114418244,39.699570295681,-2.59093621252381,-2.753369731009
54.5454545454545,31.1470836328637,37.8548348406224,-2.61100824780583,-3.07112700891236
55.5555555555556,31.4602691579247,35.9247508714142,-3.12437853343602,-3.37505191064506
56.5656565656566,25.4953290544361,36.0296144228217,-2.743577682435,-2.17465800780001
57.5757575757576,27.4579202677646,33.9308342176175,-2.97456161177351,-2.3734052065246
58.5858585858586,24.9324459010621,33.9946819147647,-3.10759167066666,-3.89505978907879
59.5959595959596,23.9034822777544,30.8617826318336,-5.11631265129819,-3.34438621637739
60.6060606060606,22.2374989945687,30.3203472350595,-3.21722211768267,-3.67951161217404
61.6161616161616,20.6201895734248,27.7537437699101,-2.71487943511561,-3.00557702105803
62.6262626262626,20.1638964729767,23.8149151897119,-2.43579013684147,-2.94175162377966
63.6363636363636,17.6868917109813,23.6943860677491,-2.46395774027625,-1.95405075849887
64.6464646464647,17.2925683379446,19.4364094106153,-3.07899268496257,-2.57814194011282
65.6565656565657,12.3421624601289,18.3119024405349,-2.4847484427353,-2.8007752144787
66.6666666666667,12.4123246180298,16.0455374003847,-2.32985164375409,-3.46603331542982
67.6767676767677,7.97262874835863,14.1225852982194,-1.8437373175162,-3.12837140350501
68.6868686868687,8.88986966259126,11.3744141024064,-2.77533084497822,-2.85150884003308
69.6969696969697,7.15425777057946,8.75738433591013,-2.1821752189107,-2.11535025495535
70.7070707070707,3.6136570528741,6.70498628478995,-2.73940145446799,-3.24792647541725
71.7171717171717,-0.490604735557601,6.82237908779701,-2.39403511989359,-3.2691027222592
72.7272727272727,-1.92891675388611,2.43746507795183,-2.97894753663895,-2.32715488945845
73.7373737373737,-1.97932164399103,-0.0717581782498107,-2.50114295628926,-1.71938118593413
74.7474747474748,-5.2004838324458,-1.6264977110541,-2.46316565085594,-3.94305129584372
75.7575757575758,-8.501177327171,-4.58024190896246,-2.37201508692271,-1.94783784632455
76.7676767676768,-12.7064212229134,-7.93309149185814,-3.584287129168,-1.73757705648454
77.7777777777778,-14.7792828462119,-11.1346629861778,-2.95904329640357,-1.91206019592158
78.7878787878788,-17.5864099615463,-12.454621119146,-3.48284449094493,-2.03667669441114
79.7979797979798,-18.2241710955857,-17.1859943867471,-2.84320686997356,-2.41662930228316
80.8080808080808,-19.9587637972383,-19.5630290191897,-2.61876687554946,-2.69592914364208
81.8181818181818,-22.8218157673746,-23.5655212830137,-2.12617557104616,-2.35683735728014
82.8282828282828,-28.1967774693485,-25.2783466502005,-3.13454552410008,-2.13621115694603
83.8383838383838,-29.979419513718,-29.6443483068116,-2.44538836831542,-2.2574763002145
84.8484848484849,-31.6860097794631,-29.2609718257167,-2.2306674093178,-1.70638192841979
85.8585858585859,-34.361727537034,-33.3461508875752,-0.791107820859014,-1.40411190305557
86.8686868686869,-37.4166639908391,-36.5572221043915,-0.984126244781451,-0.820332264588457
87.8787878787879,-42.4038757371079,-40.2606102331437,-0.40080610622064,-0.153350046544216
88.8888888888889,-47.3751637410797,-45.7360305180594,0.656915700351827,-0.420076260112671
89.8989898989899,-49.2356443250145,-49.5081755024401,0.535804950098035,0.552908517743558
90.9090909090909,-52.811731061901,-51.6027637198273,1.475573429604,0.443821087879071
91.9191919191919,-53.0062384270019,-51.5399387365632,1.06432935425241,1.28101048223516
92.9292929292929,-55.326211083121,-54.261587935514,1.27524560018908,1.66192488737948
93.939393939394,-56.9674840465298,-58.2381603879711,1.43967585354628,2.77587710689052
94.949494949495,-58.8276550051008,-59.1097491593212,2.83449913822366,2.1951593954011
95.959595959596,-59.431712687049,-62.042814389095,1.99363801653629,3.72395559434964
96.969696969697,-62.283129253969,-62.6708828931859,3.76660024005099,4.66567131040339
97.979797979798,-61.0557084288479,-60.8124121136239,3.91441013818586,4.61487547729801
98.989898989899,-63.3332167151222,-62.4975579088238,2.82172587410554,4.26579952327206
