"Normalised.Time","Stroke_GateAngle_1_sim_junior_02","Bow_GateAngle_1_sim_junior_02","Stroke_GateForceX_1_sim_junior_02","Bow_GateForceX_1_sim_junior_02"
0,-52.8727379780917,-56.3597288856363,5.55556567132149,5.55201831751762
0.980392156862745,-52.5437742624053,-56.4158433332084,4.86364324978172,4.45032663563542
1.96078431372549,-53.0975115414709,-57.226697584967,6.80615232839353,5.63956683959197
2.94117647058824,-52.7628291291586,-58.1244806386427,5.16283284649028,6.27317539989046
3.92156862745098,-51.3734734911123,-55.1372817063076,5.02467824219863,6.35966809808663
4.90196078431372,-50.2065794056044,-54.4096230610513,6.27895508751361,6.66162722257966
5.88235294117647,-49.6231044359329,-56.5234627101177,4.50346900349808,7.63632653341699
6.86274509803922,-48.8456769526067,-50.8002768979944,7.20304515538006,8.22545661155639
7.84313725490196,-46.3240979547705,-51.0765101432882,8.70102663200375,9.03517643801622
8.8235294117647,-44.0962769311971,-48.4996278943797,11.3056799098168,13.0698513793772
9.80392156862745,-41.0314338783379,-47.0766325288305,13.2971765243392,14.7061021392749
10.7843137254902,-41.0927615353927,-46.2383616207478,15.3318832597407,17.2812913623196
11.7647058823529,-38.6763073310041,-45.0861390326367,16.0783109475772,18.8541245315161
12.7450980392157,-38.3038296685571,-43.4884472304264,19.5000984764425,22.166068222326
13.7254901960784,-35.8785832593305,-39.6231595026893,21.1238946455481,24.935752027636
14.7058823529412,-31.3306447182022,-38.598949406711,22.8147564461061,27.5557859526026
15.6862745098039,-33.3041787223066,-37.31980742131,25.8848197506332,30.1677933556296
16.6666666666667,-29.0809028879519,-35.5347954728002,27.7426682510051,32.8198940513469
17.6470588235294,-26.7755751103673,-33.4160976341698,30.1356560826143,33.97098247767
18.6274509803922,-26.3307713727129,-30.2947331620444,31.5019102144156,36.4305509441994
19.6078431372549,-23.0220635959311,-29.1357228148099,30.9312973103341,38.7915847068603
20.5882352941176,-19.4207525793292,-25.8388397191925,32.3038784758433,38.5400811381198
21.5686274509804,-19.46574625192,-23.7237867928319,32.7947011088411,39.564435595255
22.5490196078431,-17.8225344283171,-21.1637737368659,33.6299481354464,39.6120753101347
23.5294117647059,-15.3994538523821,-18.1545310178723,34.682610718015,40.9329085366351
24.5098039215686,-10.4609016882914,-16.0117305940902,35.2115111013003,40.1558631347087
25.4901960784314,-9.95993717097615,-13.4581047484569,35.490620755127,39.0430528584592
26.4705882352941,-6.58628785858403,-11.5776724357504,35.2522951312119,38.6961190255293
27.4509803921569,-5.92602348709133,-10.8649382500445,34.6082499729138,37.7227804535806
28.4313725490196,-2.74695878261604,-4.94146056719122,35.090407744901,35.5531194585206
29.4117647058824,-0.7423767089224,-3.0838266083966,34.5389991185786,34.3925101795791
30.3921568627451,3.24151324500856,-3.14432994502521,33.3170201155507,31.4384867088615
31.3725490196078,5.42705312883534,-0.406082794976611,33.4903564461565,29.9595174460425
32.3529411764706,6.98560040041456,4.88198362585881,31.3221338474299,28.2490588327669
33.3333333333333,9.54818411089056,6.97425079538274,30.1214600866364,26.3765890036352
34.3137254901961,13.6791898030696,9.05721152839319,28.0247722096835,23.8822269630395
35.2941176470588,15.4508259124905,12.4553266496312,26.3266983161876,21.7228180903252
36.2745098039216,18.1186059708865,15.0581269221773,23.672409398788,20.2217725173245
37.2549019607843,23.2824933933324,16.460520051813,21.5742710614712,18.0183296990431
38.2352941176471,24.0464953698122,20.1280430784396,18.8468907711381,16.3817931742575
39.2156862745098,26.0239972343918,20.9872165055405,16.4457432824817,14.5150623182334
40.1960784313725,30.0123532187841,25.1778321668172,14.033237372883,14.2730262157669
41.1764705882353,31.310965026946,27.302365005158,11.0681142413512,11.0848838056465
42.156862745098,33.4044419828002,28.492403175243,7.96543736184885,9.63982711015294
43.1372549019608,36.7380123482798,32.0980231250022,5.01270809164193,7.3362978317224
44.1176470588235,37.3157370038724,32.0693264169859,2.85729173115106,5.13116014448453
45.0980392156863,39.6728478465798,36.2719290450215,0.847775458569316,3.92229444978807
46.078431372549,42.545662429261,35.6347686214273,-0.333063570878967,1.82137289661403
47.0588235294118,44.0061252666052,37.1649442447432,-1.93962786715123,0.784107337607897
48.0392156862745,44.7528062906572,40.2270683878642,-3.84071692363799,-0.356126967075088
49.0196078431373,46.046823550551,41.6012827724583,-4.65614851184835,-2.6995029939953
50,46.3017366670126,42.5190916959955,-3.65019017320624,-4.12078348980773
50.9803921568627,44.6566923864345,44.8368211175173,-4.65877534075292,-3.58243502727932
51.9607843137255,44.7660562888076,43.7021544972026,-4.9658824909988,-5.38801340495566
52.9411764705882,41.1452233053802,42.2349890927198,-6.57837059104362,-5.68958073166578
53.921568627451,40.8408869760667,39.3025281441641,-6.71276223640209,-5.53746026804374
54.9019607843137,38.2361350636382,37.827510065613,-5.14084879220585,-6.42505111409753
55.8823529411765,38.1115220713639,36.1705352492289,-4.00204296891869,-5.89214992678734
56.8627450980392,36.9387949299791,36.5577825465868,-4.56236997120779,-2.61261964353941
57.843137254902,35.3813492936076,35.561027615802,-2.56905039515876,-3.06489176766264
58.8235294117647,31.6531583716035,32.7936327777129,-3.31237989639737,-2.75643059934084
59.8039215686275,29.9800765335326,31.1843870352721,-2.27403488959452,-3.41214509361004
60.7843137254902,28.3118453053881,30.5689072177297,-3.01610967842057,-2.90927624751713
61.7647058823529,23.3321488316975,27.5595784342731,-2.59921305762693,-3.5403504164131
62.7450980392157,21.6839030969497,25.2019239440048,-3.29602389229125,-3.3614127178359
63.7254901960784,20.2033191226472,22.9319097721493,-3.38478564825107,-3.22983338567415
64.7058823529412,17.1890563867949,18.9838806550566,-3.20961001835801,-2.91172855483227
65.6862745098039,14.8221807171428,18.0550271545015,-2.51082907794771,-3.0869481497636
66.6666666666667,12.0186451137585,14.5232159298054,-2.44848671744594,-2.21074355658169
67.6470588235294,5.48489405229593,12.6264981157183,-2.06130343891519,-2.71041507173959
68.6274509803922,6.69691422160916,9.72134899471668,-1.16183826795526,-2.57922452972608
69.6078431372549,3.51552324512371,4.09202462732284,-2.86366239312203,-1.32203782332497
70.5882352941176,-0.152280052103534,2.78285747898772,-1.11010784002462,-0.926172170911011
71.5686274509804,-0.7686687172088,-4.10035839929757,-1.98645358102217,-1.75870945953679
72.5490196078431,-3.19640350363042,-3.60516221564424,-0.681779274137096,-0.863549756215639
73.5294117647059,-6.07148281458741,-7.49750766063531,-1.39404260804919,-1.13743475162141
74.5098039215686,-7.10644868556324,-10.3783301722212,-1.78185034596918,-1.12702408956499
75.4901960784314,-8.09094501048314,-12.03653848837,-1.09891111448334,-0.984062554327067
76.4705882352941,-11.1964959993874,-13.8029548006612,-2.05580968133032,0.0176855765378411
77.4509803921569,-11.8213619270017,-16.8527746233345,-1.21350170007558,-0.678555107495997
78.4313725490196,-17.2804951223459,-19.5129336338325,-2.5955828596408,-0.723126617666726
79.4117647058823,-16.3842406469467,-21.4493534448857,-2.97278733021834,-0.163196588187038
80.3921568627451,-17.6338630301069,-23.7751253565555,-2.14643976597249,-2.05614453026943
81.3725490196078,-21.8412833210792,-24.0802228681505,-1.69160584814059,-1.0597220644199
82.3529411764706,-23.968734114549,-27.6640718562091,-1.35967134085656,0.477924206418352
83.3333333333333,-26.8485594317628,-26.8573466885292,-1.57531958553423,-0.398893845565114
84.3137254901961,-27.8775424561884,-29.7974913341509,-1.30363924752874,-1.13222976089587
85.2941176470588,-32.5364551398569,-33.428337179257,-1.31689337790917,-0.719758228016036
86.2745098039216,-34.1489380098678,-36.2738595345564,-0.783901128171515,-0.825657157126401
87.2549019607843,-36.5790737513162,-37.4555900604351,-0.698257066789216,1.03333011114431
88.2352941176471,-38.9484880637225,-42.3633016865005,-0.744608373126242,0.505876187389407
89.2156862745098,-39.1050326719839,-42.5820903970109,-0.764539680897869,0.416016535837733
90.1960784313725,-41.8552899613733,-45.7342318983818,0.0333841128215863,0.522502654411501
91.1764705882353,-43.9880928291164,-45.5822490900068,0.654945509341933,0.963255300822074
92.156862745098,-45.0413725556673,-50.0229777767726,0.645769344821929,1.36403889116249
93.1372549019608,-46.8158406956895,-53.210224368328,0.970328610126381,2.18076950647147
94.1176470588235,-50.1430065527912,-54.8696087050852,2.74795590377474,4.06227468047759
95.0980392156863,-50.6141936249882,-55.3018080204707,3.39345788010414,5.7918337147132
96.078431372549,-52.2686950536381,-56.0730795655696,2.7000287205653,4.87413961979547
97.0588235294118,-50.7851826721373,-55.9665261687797,4.15969300716309,5.06095705998999
98.0392156862745,-51.6423196186911,-57.0595182576362,5.41383962048342,6.08600171079955
99.0196078431373,-54.3740166376421,-56.0661716681069,4.61882387370352,6.04655414031775
0,-62.2254932815644,-64.2781268023411,5.5158944003399,7.94741400904048
1,-62.1358765994891,-64.8618211003992,4.85705420577618,9.49355839912307
2,-61.666337996699,-61.8177157623083,5.32072641527784,10.0569770056301
3,-60.3587059789306,-62.5448720543649,4.21297873733886,10.9516125911035
4,-59.2073707113408,-61.4750855568166,5.51937235911403,11.4248164612671
5,-57.5691331265814,-58.9421109093922,8.62263854218019,14.8677314584589
6,-57.1441626243581,-58.1935577082411,12.5311337285662,18.8107121099436
7,-54.1045657217353,-55.067703004122,15.5568587644325,19.6447962334264
8,-54.7752216720001,-51.9951545373033,16.8440714149475,22.6631584981128
9,-52.0819341718095,-52.5637045845004,19.8449573610049,25.5842962072305
10,-50.256531384969,-49.7555008090852,21.3243618651829,27.9491734380025
11,-49.0578954224271,-48.9598108386069,22.7889716958992,29.3867099562815
12,-46.3469149321647,-47.4493469377989,25.0276871458522,30.6984083017224
13,-46.1577228195365,-45.3503795358962,26.5197777873205,31.507255812781
14,-43.8420998151704,-45.5978858790883,26.4555503154255,31.9331890239555
15,-43.9986678597067,-41.5101458147482,26.2175735023953,33.5906829202125
16,-39.5601516596999,-40.7417393242401,28.3745617031839,35.1840471367284
17,-40.3177825404967,-38.4962019328751,29.5783290307163,34.9014680515738
18,-37.0556512212878,-37.3290628625128,30.7423683079882,36.6127468726747
19,-35.2968129840742,-35.8717748297752,31.4119438278663,36.2916436732989
20,-34.3636869114337,-32.0328109589127,31.6418624433309,37.1813135956421
21,-30.4189815898795,-32.8053063283548,31.0083079112753,37.1563561528068
22,-29.8424916234181,-29.0020559098298,32.4660282931019,36.6605317423954
23,-25.6476124715686,-26.1990692606624,32.5022980218444,36.9671186031428
24,-25.8467812819002,-21.7632871848243,34.0390204542184,37.476747489206
25,-24.7778072065911,-19.3269072072761,32.7032209782607,35.6325754733528
26,-19.3879877146978,-20.5813690396341,31.947813975151,34.4627172377925
27,-18.1988504829735,-16.4811861389527,32.0585226248035,33.3961300640939
28,-17.4908426865334,-13.191513706008,30.7090529260285,32.3935568099415
29,-13.4467413645872,-10.7968133106063,30.7585459692224,30.8433872532155
30,-12.0122984012067,-8.00313928494012,29.1851269921185,30.8113910823576
31,-12.5859447513524,-3.82450771244496,27.7947951959321,27.7134037652305
32,-8.42865712170033,-1.21316191614156,26.8518337097405,26.7676037683612
33,-4.18713814771824,1.86890976328245,26.1299950715858,23.6066962715618
34,-0.464921038392805,3.21338080433987,24.1802166683969,21.7125227710599
35,2.06978044236323,7.89581327531855,22.6259751742489,18.2349186451414
36,3.78048652462096,10.4816081678634,19.8548954017102,15.5083060881371
37,6.64081799224594,12.7068619549017,18.4822293118268,12.7109420241416
38,7.76930825912351,13.8366161409949,14.9529216120629,10.9455976831822
39,11.2948448824445,17.3459163551621,12.8527417262113,9.44036930133942
40,15.4433880096067,18.7071599694272,11.8830658680287,9.19946712645104
41,18.2001370919933,22.6576219048482,10.5143430246126,8.16873898775518
42,19.8908575429418,26.7237959681212,8.4278130465411,8.08002438194261
43,23.8462101973506,25.8291708247316,7.26130318848712,6.16649559185134
44,23.8958739294952,28.4526956488107,5.70506660601514,5.32368089843316
45,24.711308525266,30.9196116300022,3.81641079817376,2.96971736106888
46,27.9024401759885,32.0375579830177,1.39718677541726,1.55847233478673
47,31.3573601351733,32.7528776587322,0.540961174158831,-0.860558817772825
48,31.397952274958,36.264148941276,0.0202409899616147,0.145048017009751
49,32.2521355453863,35.9148735813376,-0.0285440999556684,-0.989176852445397
50,32.9871835421548,37.9538478875498,0.394395175558865,-0.810747580541981
51,31.8782443434143,39.4908119778368,0.781406360400322,-0.762798938662218
52,35.6984426655757,39.8310018863349,1.19371047092593,-0.667197162414555
53,38.165037941032,43.6119854301742,1.28422780275798,-1.53164140243889
54,39.0619080870928,44.4211316649581,2.21868560787496,-3.39969480713274
55,40.4012214215525,46.2508802849377,1.06256651010084,-3.38361383970822
56,39.5804975310748,45.6498230928557,-0.674921926698462,-3.41331460415018
57,40.0716852582222,45.9804803859777,-1.88004580337357,-2.78954545463209
58,39.0892072498719,44.5787355460042,-4.75000705052413,-5.09380478615004
59,41.2445938268771,45.6992353830998,-4.77762356076659,-3.94105895193522
60,39.0261189648015,44.6332250651601,-4.46772512763004,-4.00023703193037
61,39.7904689054952,44.5334914571586,-3.40227702502329,-4.42206896388217
62,37.078007199347,41.2035934327456,-2.96352435752299,-4.46019654461802
63,34.2451726453665,38.9321832402876,-2.73418287325051,-4.66393702711767
64,33.7457764468191,37.6528692261567,-3.51739077693225,-4.51568727452319
65,31.9585982274671,37.6460856139633,-2.57524284506526,-5.09197276093513
66,28.8879401122237,33.0248692508207,-2.45693796738956,-5.27639348709379
67,27.5122117882111,28.8166901023404,-2.9325052833261,-5.35834064934951
68,24.8000856018801,27.8494315738226,-2.4131611998794,-5.22606496822057
69,21.1156931054639,24.5186432052517,-3.11613048256292,-5.53656015587995
70,19.1653171600298,21.7556156587941,-2.94078777556159,-4.33068826414934
71,15.2156162575471,19.293075322445,-3.021869808212,-4.43703361295861
72,13.3342729816172,14.7687720403977,-2.45863170145638,-3.21128781400965
73,7.30086054796968,12.1955146697392,-2.72434732963915,-3.46255216723238
74,5.62446956628585,7.9828379377849,-2.45950928492208,-3.51003222031001
75,0.250984836705652,4.91894682057124,-2.73281205112662,-3.80678826603773
76,-2.84072559275908,2.28978172485653,-2.9570559138556,-3.40738859952831
77,-3.2044208955817,-2.73038169592612,-2.39526177288308,-2.9040585711698
78,-7.62812963256622,-5.77225559916719,-2.43530216818038,-3.15168444661309
79,-10.7851960892491,-8.88783271010962,-2.92484835747941,-2.00023293697753
80,-14.7338515882048,-13.122953819107,-1.88937916459761,-1.78683297440559
81,-17.8006526237121,-17.4748797307675,-2.96616836954764,-2.59173865856418
82,-19.8631387196344,-19.675143123137,-2.66680710424159,-3.05191022317999
83,-23.739910884443,-24.1103882300427,-1.9568796765812,-1.56530458023798
84,-27.7183887126773,-29.461151978585,-1.53124958609685,-2.09914678709961
85,-30.2943696282587,-31.9693779495432,-1.74376414355332,-2.0325732607914
86,-32.9837108405626,-34.4178887778917,-2.22669024617891,-0.958079272668339
87,-37.846115162457,-37.6160764903147,-1.49840009813441,-1.19494283054616
88,-37.9064702793846,-42.1833280650713,-1.21322970606309,0.645410375625427
89,-42.6965904509772,-45.7110838986648,-0.427650007889035,0.924655832543515
90,-46.3186678228386,-50.2999608089149,0.185668124566949,1.80411615144024
91,-51.1434857329562,-52.9819873450489,0.415713234023827,1.05334892159003
92,-52.728290016419,-55.4841924119074,0.407146227216941,2.03221742756039
93,-53.7356376579355,-55.4669282210258,-0.805132654511098,2.28149668610205
94,-55.3998613307377,-57.735714151808,-0.605261704767426,4.00660830450431
95,-56.8652907584235,-60.5563571890701,-1.86038440513129,4.66613433282983
96,-59.6199017348795,-62.7103385058211,-0.984613370423123,3.55794146781748
97,-59.4378099882312,-63.6726807852408,2.53283370180623,5.90388680972998
98,-62.9281934748477,-65.8683347536752,4.27438323788175,6.83335297657218
99,-62.0431210649656,-66.5057668467132,4.06614226713827,7.12260626500343
0,-52.2981748428863,-60.5738882849587,5.71788357624432,4.75822726819366
0.980392156862745,-53.1710169583071,-57.5555092269982,6.24955584480068,6.08682184889358
1.96078431372549,-52.1174029764814,-58.6906662558811,5.96770759905711,5.31572499725576
2.94117647058824,-52.342050465159,-55.5372235104098,6.37033332338307,5.61040563021839
3.92156862745098,-51.7536103029212,-56.051694954542,4.5649199945445,7.53297690863501
4.90196078431372,-50.3853711744264,-56.1808208821175,5.33009494251189,6.21064884919079
5.88235294117647,-49.4712220892673,-54.9984189433071,5.96550463920598,6.45315168171325
6.86274509803922,-48.3475250166029,-51.1136577827226,6.09872309341868,7.91570202070142
7.84313725490196,-46.1130171471535,-51.1027428211741,9.05786547274155,10.6159198700077
8.8235294117647,-44.4954613219208,-48.0225082196992,11.4400907803924,11.712313816729
9.80392156862745,-43.2692516406655,-48.3502482654658,12.7964398073499,13.6453322710775
10.7843137254902,-41.7298815690255,-45.8149084875546,14.6080220818043,15.5686534223092
11.7647058823529,-40.451600224088,-44.5655420289927,15.888179600943,17.7973638155755
12.7450980392157,-36.786591128805,-42.4666769141284,18.4505809872446,19.4693087068666
13.7254901960784,-35.6498509373902,-43.5965187672454,20.0978684776763,21.9682315995775
14.7058823529412,-33.8177903556697,-40.1204501128263,22.3380718008709,23.8756147237866
15.6862745098039,-33.2218547801793,-38.3230275294686,24.5777366201853,26.9061647506369
16.6666666666667,-32.0893227820244,-36.3508141492813,27.3665094829816,29.0483303732791
17.6470588235294,-26.7861051920267,-32.9205959349646,29.2210157383031,32.16389470325
18.6274509803922,-24.1517648993545,-31.1676856042486,30.3023831570542,34.9551860882541
19.6078431372549,-23.1134724096786,-28.7272729405204,31.1910071101264,36.0823931075404
20.5882352941176,-21.8823440725953,-27.0423249502977,31.5727523920786,37.1503821796459
21.5686274509804,-20.5265202336276,-23.1474383105124,32.2324395110175,38.0851677004617
22.5490196078431,-16.8432904630323,-21.4721111038115,33.0042095600713,39.3165243154244
23.5294117647059,-14.5786018849406,-22.8102508065686,33.1670697555121,40.0197407827419
24.5098039215686,-12.0345714921107,-17.974797733598,32.8580438473419,39.69039781924
25.4901960784314,-9.60863114542286,-15.2114250164476,31.7767993936537,39.2633214112905
26.4705882352941,-9.38573134029106,-14.4541870497366,31.5020118736384,39.5451004875163
27.4509803921569,-5.02558160807182,-12.5150984627332,31.7960415221626,38.3004175369667
28.4313725490196,-4.92273612236284,-7.40253204382365,29.9139910724852,38.3868479954576
29.4117647058824,-2.80079259163208,-5.27106832578139,30.8123057801307,37.6355648499269
30.3921568627451,-0.242030915955048,-2.22878072933074,29.2336496148693,35.7816917880243
31.3725490196078,3.80391372469164,-2.44764158793027,28.6991069123492,34.1644254968044
32.3529411764706,6.15860756657478,-0.999621228901387,27.20415728801,31.2763621703997
33.3333333333333,9.11337663449027,5.15250092034481,26.1707141130706,29.8647314122415
34.3137254901961,9.60309928519464,6.18998415945891,24.4932437747715,27.345012175119
35.2941176470588,13.7428124871965,9.67572219612908,23.7356442432551,25.1999333984971
36.2745098039216,16.7177145068998,13.9328314478109,22.6999608630524,22.4234563808509
37.2549019607843,17.8470692020616,14.2359543009756,22.0507011506052,21.4415178456123
38.2352941176471,20.6684950298426,17.9339715602184,19.9062300032663,19.0937825850668
39.2156862745098,24.6456092871136,19.6537614557779,17.3431787354805,16.3631041494875
40.1960784313725,27.1015328138367,21.743694399752,14.898893015486,15.8389052029823
41.1764705882353,26.9790367055563,26.7216725051925,12.5327184832339,14.120902901347
42.156862745098,30.7199251867991,26.6416336097357,8.11410240667519,10.0107480261512
43.1372549019608,31.7906608877547,30.6201695275944,6.04067224011689,9.3109560671841
44.1176470588235,34.6975797555296,31.648218300546,3.77867498925131,6.54894176092144
45.0980392156863,36.6570829779344,33.8981634995435,3.53282394662823,5.6123402140945
46.078431372549,38.3140350635676,35.6963614982996,2.04327546429886,2.83952432463703
47.0588235294118,38.7119736741502,37.2600487794593,1.35132720373043,1.95303482623167
48.0392156862745,43.0251425975578,37.9444221447412,-0.672411384541273,2.25306820175068
49.0196078431373,43.1038854353761,42.2962399850987,-2.39778765585672,0.140451622957835
50,43.4569361142208,43.7080629007631,-4.80280966852079,-1.93770177681574
50.9803921568627,45.3142335634475,43.4038323210034,-5.13330739318129,-2.73338419295376
51.9607843137255,43.3722504844959,45.4842041959768,-5.8871541600932,-2.91453551256975
52.9411764705882,43.8515951990555,43.9933303883741,-8.1957182688586,-4.04485385861361
53.921568627451,41.8787998622082,43.8312612083654,-8.67754829910366,-4.78395371226248
54.9019607843137,37.9700173982741,42.5860026826319,-6.99120589782767,-5.07663606883547
55.8823529411765,37.9658375631894,41.991246719738,-6.83891203023987,-4.86713225912945
56.8627450980392,35.5987251750271,36.1420048338102,-6.32268802601757,-4.73617502657128
57.843137254902,34.4975520357924,37.4814752586058,-5.27917826489646,-4.82990712351965
58.8235294117647,34.9603860252421,34.9439500665504,-3.76375672893934,-4.27830899138538
59.8039215686275,31.9831222934694,34.6302861667753,-3.24333886390233,-3.91784388743792
60.7843137254902,30.1169694755783,33.5649071060305,-3.00648636157867,-3.34597436502733
61.7647058823529,25.482734988246,33.0628896109182,-3.27499561996123,-3.24356837475813
62.7450980392157,23.1788119502147,28.8002391461684,-3.29466944779981,-4.00809680385083
63.7254901960784,20.9430945859626,24.6989836684572,-3.2813832243513,-4.50733717839022
64.7058823529412,20.030362235302,22.4815295058298,-3.45104303665152,-3.73873896202677
65.6862745098039,16.1451194166668,21.0462312186674,-3.27017340882381,-3.60140911448025
66.6666666666667,13.833174007438,19.1893926279213,-2.89703603791985,-2.5465556333312
67.6470588235294,9.6521880635737,14.9047052920681,-2.15224050117666,-3.14486046874891
68.6274509803922,8.7953427625701,12.3271352592243,-2.11222490795725,-2.56265453505727
69.6078431372549,6.08106089926466,9.73352847546205,-2.41101982877841,-2.12175668718034
70.5882352941176,2.55098439900322,6.24425589218992,-1.06203493683651,-2.17511652917815
71.5686274509804,1.43237023003749,2.7470162217269,-1.2579855560258,-1.31517882623093
72.5490196078431,-2.20300663228954,-0.0553406230431056,-1.36885378952679,-0.699278727454952
73.5294117647059,-4.55066143970678,-1.26189560695922,-1.38769827107586,-1.61680443600515
74.5098039215686,-6.63116660652478,-4.74093166604993,-1.94576947123203,-1.8972663503109
75.4901960784314,-9.46957955387927,-9.03657866798313,-0.913443055897087,-1.09805655249664
76.4705882352941,-10.2982414957561,-10.9850875171483,-1.28545114689751,-1.20621953735358
77.4509803921569,-11.2651120544617,-13.3457928327541,-1.37653247713609,-1.06658768409476
78.4313725490196,-15.5535149574947,-17.1114075754382,-0.762793387322544,-0.304684634935589
79.4117647058823,-15.2028657812859,-19.4623312093366,-0.961337300073004,-0.376327952211446
80.3921568627451,-18.2677091159673,-22.7379357232931,-1.68742530975552,-0.4381263601873
81.3725490196078,-22.1361700515186,-24.1284614833241,-1.77135807613336,-0.774354977872846
82.3529411764706,-23.9512491489121,-25.6476841722496,-2.15800102844218,-0.148440453030903
83.3333333333333,-25.5358580005562,-30.0020512551892,-2.73890541227115,-0.977268353844414
84.3137254901961,-27.7107424789368,-29.0584559141867,-0.929661770649441,-0.716086861479212
85.2941176470588,-27.9922040077796,-32.8075477587279,-1.29550361199405,-0.8334954065925
86.2745098039216,-32.102245712634,-36.5611395390609,-1.95478897596819,-1.56643738133799
87.2549019607843,-34.6868788342587,-35.1343435445079,-0.994923631917117,-0.294640122869553
88.2352941176471,-37.4372451286451,-38.9030050840902,-1.43421584606667,-0.0578621544293913
89.2156862745098,-34.6677870101423,-41.9101588571707,-0.834423864497795,1.19684448186158
90.1960784313725,-41.9090810208071,-43.8092534180288,-0.34617616531025,1.4498000889127
91.1764705882353,-41.8318851124122,-48.9251616223088,1.05879690855468,-0.113295441532424
92.156862745098,-43.0946781879872,-48.9408709587557,0.761283461840142,1.07349930638517
93.1372549019608,-45.8551511458487,-50.8059516090475,2.17415879017365,1.3514103305975
94.1176470588235,-46.7889450585599,-52.7899162342025,0.807078539929795,1.54562767533168
95.0980392156863,-50.1381301040626,-54.5788299457244,2.96030866568484,3.39360569237612
96.078431372549,-49.4607242234581,-56.2862495535149,2.8942133886832,2.84833507919263
97.0588235294118,-51.6086437831754,-56.7485581058369,3.58740164124241,5.14914845156602
98.0392156862745,-53.3744542414824,-56.1482894220729,4.51768900416343,5.5062196657436
99.0196078431373,-51.1441903501529,-57.5983725212474,4.63429472960247,5.35560416944412
0,-70.9356490265362,-65.5720031922737,5.62674913046633,4.00407554755121
0.980392156862745,-68.9206450657575,-67.0186676833827,6.84116067896326,3.90254366839062
1.96078431372549,-68.5133509889609,-66.6039228874588,7.85981925547622,3.21560871635358
2.94117647058824,-69.8736692410765,-67.8578981756561,7.9667047947189,4.19845916982166
3.92156862745098,-67.8993128157223,-66.135077721463,10.1775029649947,5.43325063418642
4.90196078431372,-66.116352518784,-65.4862522849293,13.5390628929793,7.50977898116732
5.88235294117647,-65.0928561062292,-62.1509437800684,18.3014087872103,9.72606207319697
6.86274509803922,-61.177490077375,-61.1145907334062,22.8501045576421,13.2700574646597
7.84313725490196,-58.0582296612892,-58.2641391296857,28.1004783267374,15.6779608042599
8.8235294117647,-58.2400120272938,-59.1207668616872,31.3685154709241,17.2668341132968
9.80392156862745,-58.7957713715435,-54.7886697372375,36.1953241420447,19.4077125199704
10.7843137254902,-55.4840197581467,-54.6047099836301,36.3466351941663,20.0733251913358
11.7647058823529,-55.3220974145813,-53.7987522961644,38.9271867261472,20.7701011585791
12.7450980392157,-51.2248414144563,-52.1003604135252,40.4447747024921,22.2085689900747
13.7254901960784,-50.870491452171,-48.723549749001,41.0914513524003,24.1849158555025
14.7058823529412,-49.7914135837017,-49.0381649697938,42.9880108552018,25.5722431888965
15.6862745098039,-47.7461755301447,-46.2646354213687,44.2386098465789,27.2452214239844
16.6666666666667,-48.1434836626252,-46.8523958228657,47.109484735311,28.7209239029167
17.6470588235294,-42.5124404937237,-44.5771148313836,48.0692019171307,31.6739937819113
18.6274509803922,-43.0208387196335,-40.7141266327749,49.5037608746048,33.9399362827912
19.6078431372549,-40.2729626628209,-41.0868035547653,49.6453295246497,35.6392538682044
20.5882352941176,-39.941558099087,-39.1744257209847,48.7831495924247,36.3748778795272
21.5686274509804,-37.5947010963093,-38.6337284979788,47.1714347514413,37.1320216608302
22.5490196078431,-36.3839504643531,-34.7067717149549,45.7567063207897,37.2160423236117
23.5294117647059,-33.8117018091359,-32.106412496748,43.9421733723057,38.3181449493301
24.5098039215686,-30.5878714061506,-29.892374260999,41.8058317834697,38.0160031062417
25.4901960784314,-29.8602681436096,-28.7057781034346,39.7214164300095,37.4675462428365
26.4705882352941,-26.9983529049703,-27.4288896996371,38.0631102108746,35.8729075935601
27.4509803921569,-25.4462820290597,-23.3933318541772,34.7315364768459,36.4142348293526
28.4313725490196,-21.7674035994414,-22.0819649102716,32.0646689447154,35.7877060421774
29.4117647058824,-19.7284942331214,-19.2747914376966,28.5904060233315,33.5403483091238
30.3921568627451,-18.5684847357154,-15.9507586537812,26.1914068485398,33.0950764168008
31.3725490196078,-16.9456018603613,-14.5933471134829,23.9922060799338,30.6678658349648
32.3529411764706,-13.7519488838785,-10.6495625298719,22.1879666412561,28.5087595142932
33.3333333333333,-11.002071224654,-9.67780615237629,20.2866776438218,25.7254148848553
34.3137254901961,-6.29132843657071,-7.72831583812611,18.4763720107065,23.4482779140027
35.2941176470588,-5.30251064339069,-3.41278999316383,16.393489833078,21.1369440520864
36.2745098039216,-1.71329032764591,-1.27879813349344,13.1630167264339,18.7722051983525
37.2549019607843,-0.257961163756061,0.2979804979586,10.6019594226237,15.7017207838865
38.2352941176471,3.41948568612705,4.79486596877896,9.12035237265131,13.7988892551732
39.2156862745098,5.55735096842143,7.08154380777447,5.73559320633145,11.1425196362436
40.1960784313725,9.42751292451824,9.64034389708314,4.01441541252507,8.21539681795502
41.1764705882353,8.25782435283527,11.799474878738,1.94768718074556,4.90099917165882
42.156862745098,13.0406064969213,13.6284831803524,0.337436167054232,2.49718153974514
43.1372549019608,11.8949283417776,17.7964135708494,0.105598521787624,0.557305117965807
44.1176470588235,15.2672189572036,19.6716844672525,-0.388424929336121,-0.533906652247679
45.0980392156863,16.6031579399582,18.8862271224035,-0.909354725205036,-1.61967667552194
46.078431372549,15.8242459049462,21.2426924841705,-0.967741315422671,-1.45187206193633
47.0588235294118,20.085200449334,23.959162289203,-2.553579287441,-3.87329842398304
48.0392156862745,24.1151350951889,24.339382306277,-4.09454917985418,-3.5604381309669
49.0196078431373,24.3521542940557,25.7765726007408,-5.16160615917906,-4.90984490108331
50,27.1465965544374,28.0048899924872,-4.84204967779139,-5.99967648253167
50.9803921568627,25.0146014956293,26.9079796956046,-3.79358215688496,-5.63588945922761
51.9607843137255,26.4575799526486,26.7951702174141,-4.7958078961446,-6.52485497637677
52.9411764705882,25.423807172271,28.0468637311283,-8.23706690144148,-5.45823018093672
53.921568627451,25.9592870048097,28.8087210207879,-5.73063129572879,-6.27810678103037
54.9019607843137,25.3800008269931,25.5073000448077,-4.30788781036056,-4.86855188806739
55.8823529411765,23.7754091530962,27.5675112348724,-4.51681794420696,-5.63777375887186
56.8627450980392,24.3628982383528,27.276941165228,-4.27824973942179,-4.93408450136352
57.843137254902,21.3200388000065,24.6144331842016,-4.56741080830265,-4.25106638598209
58.8235294117647,21.48845113032,25.101841213248,-3.44345590845445,-4.44147324459023
59.8039215686275,18.7676305939468,24.1582726821953,-3.47635293902359,-4.57796024649925
60.7843137254902,18.1787419247496,20.4864629536357,-3.47963835395456,-4.32566727275443
61.7647058823529,14.9114689468411,21.0368175355049,-3.97619547778522,-3.71271706189089
62.7450980392157,14.1796087351827,16.5348644792684,-4.7248794288248,-4.33322462365204
63.7254901960784,13.4352671260617,16.7670299460369,-4.29524439054789,-5.09703267929917
64.7058823529412,9.21199429548621,12.8509468409816,-4.27921427830358,-4.79757847676181
65.6862745098039,6.24595411758332,12.1278568410069,-3.82518356231882,-4.42912365764088
66.6666666666667,4.50520211071307,9.81085661638874,-3.54263726819642,-3.22068559698588
67.6470588235294,3.02084526169486,6.55847123374365,-3.44579801135044,-4.7361661614282
68.6274509803922,-0.995578892885053,6.06606514879122,-3.86480456995458,-5.09779572148953
69.6078431372549,-4.10578454221778,2.36394465429049,-3.26117324137437,-4.18873777761168
70.5882352941176,-5.20262841043875,0.763664168480926,-3.72530447497235,-4.28281727898528
71.5686274509804,-8.4888294519645,-3.84993049796874,-3.28384009348319,-4.68400226367335
72.5490196078431,-11.1555812008769,-7.04482473725789,-4.08525059217736,-3.51813792156252
73.5294117647059,-15.2446300241955,-8.87499155607659,-3.95407657392614,-3.88905171156192
74.5098039215686,-17.9812037773695,-13.3437588033491,-3.57984601723554,-3.88509984705249
75.4901960784314,-21.5954234366507,-16.9077039368281,-3.94236244094495,-3.26745480424045
76.4705882352941,-22.4851084851521,-19.3720982229096,-3.87007730744419,-3.65160647281454
77.4509803921569,-26.3738656639221,-20.9029525068081,-3.33999156535706,-3.49554141803733
78.4313725490196,-27.1065821421354,-22.4761321746702,-3.09783889352337,-3.34404397000054
79.4117647058823,-30.9072962175652,-28.5871609229575,-4.05450702051583,-3.5134147213869
80.3921568627451,-34.6824225824259,-31.057993380588,-3.5478944875884,-2.02877752216357
81.3725490196078,-36.5147771007145,-32.5257485883272,-3.30429662757858,-2.53912860813212
82.3529411764706,-39.0561345267307,-37.6463892452559,-3.2905273817404,-2.61343106644404
83.3333333333333,-44.0164515526844,-39.1314942138026,-2.34236744256318,-2.13952540908442
84.3137254901961,-48.7836411451036,-43.9499123178942,-2.3082105328383,-1.55840638878601
85.2941176470588,-49.6498644105519,-45.1249676492291,-1.29670515798,-0.786400054125886
86.2745098039216,-51.2342163702435,-51.0136885121616,0.140001017527997,-1.21562848872628
87.2549019607843,-53.2937782631572,-51.4952597686987,0.460150571271113,0.116395664762241
88.2352941176471,-57.2771706379647,-55.561651267445,0.0566808053159101,0.174840150368286
89.2156862745098,-59.1520452867449,-58.3702294287454,1.44022695051333,0.121594187674527
90.1960784313725,-59.6421728176459,-62.5475330839042,1.07742940506744,1.24236443899438
91.1764705882353,-63.4456884486336,-60.9846618146123,1.29086792884591,0.4318061821363
92.156862745098,-63.1905015371083,-62.6433884201123,1.52868904675777,1.12306876097465
93.1372549019608,-66.177012324084,-65.8515193951809,2.56565834003824,1.76526258437724
94.1176470588235,-68.2362475545177,-64.9149752313886,3.26428596560823,2.57377193015393
95.0980392156863,-69.8267129856477,-67.0585453116838,4.26176896758679,3.78143836886064
96.078431372549,-69.0175344086526,-66.2101627469952,3.46087944419961,4.35587366024275
97.0588235294118,-71.077175921812,-68.8803290219797,4.72491848974153,4.62368677878666
98.0392156862745,-71.1412482520493,-65.8525228946577,5.78305857531578,4.5776792806648
99.0196078431373,-73.0410673303174,-68.9224196467028,5.7805555590134,4.34129870967366
0,-58.6666290874852,-60.1749160189599,6.46396956627868,5.38781266141657
0.980392156862745,-59.24274605699,-60.7355018667158,6.27627000132013,5.31076280406472
1.96078431372549,-58.1569816589645,-59.4637810843347,5.93391027394266,4.3024009509057
2.94117647058824,-57.5957690613456,-58.2729185420865,6.06601694607799,4.05030563526714
3.92156862745098,-57.1978752898004,-56.3442086753115,5.60497440705582,3.80108993137508
4.90196078431372,-55.2001148368189,-57.3114249594122,7.48706052629127,5.17163662266561
5.88235294117647,-53.9963573566615,-55.749557605807,10.3490160541553,8.65568923435526
6.86274509803922,-51.3645035791503,-51.4439619107932,14.648811172317,13.0328056555287
7.84313725490196,-50.9464215330349,-50.8360940442131,18.3747398944086,16.5996099591928
8.8235294117647,-52.1280718019377,-49.1291427104271,21.296095155857,19.282095902661
9.80392156862745,-49.6542022428123,-48.0354716657743,21.3537939051852,20.9205032610834
10.7843137254902,-47.3709981945797,-45.7718853720619,22.327928919263,22.0913890782456
11.7647058823529,-46.2121298310364,-45.7019585966011,22.8923482364605,23.1245254730155
12.7450980392157,-44.7841667848496,-45.268839915221,22.7636147205711,23.6002322321797
13.7254901960784,-42.3232725141011,-41.1116116677583,23.0537354204551,24.160655814397
14.7058823529412,-40.2348180582138,-40.7775686635067,21.6198955035532,25.1529716371686
15.6862745098039,-38.7016306203494,-41.2964862652571,23.3065244896342,25.6900553986
16.6666666666667,-39.5482720135607,-37.7995339074785,23.7965298542927,26.3255124162283
17.6470588235294,-35.4681199797956,-36.4849415305417,24.7117279055094,28.107073311657
18.6274509803922,-34.3385676998702,-33.3026175655921,25.6015072176864,29.5527403089334
19.6078431372549,-31.202020751681,-33.4176694834115,26.2568445338597,30.62271189263
20.5882352941176,-29.8510136704851,-30.7476185958905,26.3701490495458,30.0487041435515
21.5686274509804,-28.2747687373805,-28.1292898113246,27.3801697345796,32.0144204953029
22.5490196078431,-24.9483889913828,-24.3518580484076,26.0859418722538,31.9686358198205
23.5294117647059,-23.6554464552955,-22.9303174370781,26.9146464878393,31.4199317396579
24.5098039215686,-22.0153112690597,-21.5135358091168,27.0647218965234,31.5618910996456
25.4901960784314,-19.2780135938622,-17.9030133593163,26.8121760311553,31.035512086535
26.4705882352941,-17.5260896509162,-17.6437569851164,25.7298245100454,29.4633112886861
27.4509803921569,-17.2510882048474,-14.3697000961449,24.7171510507806,28.425942560932
28.4313725490196,-14.8494644406788,-12.0508577866737,22.4519533318186,27.8981211748354
29.4117647058824,-13.6981476425617,-10.8651234559435,21.9860702355909,25.3106116769802
30.3921568627451,-10.0886093424251,-8.15868671036387,19.5376289948037,22.7403458988613
31.3725490196078,-6.7978174409843,-5.39639653471689,17.4738265260911,22.1374611687349
32.3529411764706,-3.66021019803212,-0.936907288995034,15.1981845823543,18.2426800995532
33.3333333333333,-2.56883074029723,-0.0117708728417283,13.0036520038037,16.9585344630947
34.3137254901961,-1.49413668479935,2.73602588559413,12.8358854139244,15.0629974110715
35.2941176470588,0.813646477687157,4.06588203865384,11.5362305094713,14.1828255552791
36.2745098039216,3.61563056164511,6.44894970167043,11.6941643681747,12.9460640979955
37.2549019607843,7.87623270432524,9.78827273846403,11.4823681674206,11.2686232101795
38.2352941176471,10.4402237376791,12.4864254948629,10.8160955581183,10.1038835833885
39.2156862745098,11.4670120097752,14.1535952007188,8.70500996053821,7.85778641590869
40.1960784313725,12.8188520570131,16.6803841431324,8.45859588292602,6.43141706630796
41.1764705882353,16.3278375324634,18.3280739323563,6.69895745654858,6.14301475930988
42.156862745098,17.705551606973,22.0002792643107,5.17049508520383,4.72083987288808
43.1372549019608,19.7979654598096,23.0592115770866,4.16354717245318,2.67089356961232
44.1176470588235,22.2582069426966,27.1567555904523,3.08951968643399,2.62806279528466
45.0980392156863,24.5916565928634,26.8724209201539,0.560796882983123,0.49469107234795
46.078431372549,27.8013765637522,28.8575113381862,0.0386600952807999,0.119278591768122
47.0588235294118,27.2764082891947,29.349908186364,-0.205979606316439,-0.40934334901296
48.0392156862745,27.890866772069,32.9603189815785,-0.783318514059749,-1.67533079303733
49.0196078431373,28.1897707506772,32.0834706398635,-1.24539081293647,-2.27867670790382
50,28.679029923046,34.0472836702911,-2.96793991245871,-1.73615964534533
50.9803921568627,31.7203760471798,34.7837093313315,-4.09717614848422,-3.89275129568476
51.9607843137255,32.4644458136811,38.1145548117969,-5.34131283596126,-5.56544791491296
52.9411764705882,33.9336113716764,35.187143108062,-7.09436868830551,-4.21536134116484
53.921568627451,35.463898893851,38.4397375557417,-6.41308501458538,-4.25912897206793
54.9019607843137,35.3687008204769,40.3487924288927,-6.25026884136759,-3.37265033567212
55.8823529411765,33.2659232007532,39.2403113646584,-6.09222671576293,-4.44054416200225
56.8627450980392,32.6796645378911,37.1197609430881,-5.90166120456242,-5.30629564944815
57.843137254902,31.5275836019526,32.0080060317024,-5.63397103889253,-5.63902322069156
58.8235294117647,29.0968183847328,32.086817652467,-6.82589828247167,-6.79200878779225
59.8039215686275,25.7799585131638,30.4042803253436,-6.15676485088483,-5.6348653330154
60.7843137254902,26.1575707527097,29.2018361491265,-4.77979688401812,-4.95554297735175
61.7647058823529,24.6669841142965,31.156299752173,-4.01674780721779,-4.7461101245663
62.7450980392157,22.973574308967,27.8685964719122,-4.78747187818805,-4.57690347025432
63.7254901960784,18.6786567346189,25.0452973376561,-3.70156545484366,-4.83660159973356
64.7058823529412,19.088694668609,22.9495245563886,-3.75971304915699,-4.772246437656
65.6862745098039,15.7552365515076,21.8103026797702,-2.71270502961582,-4.17385215410225
66.6666666666667,15.1370568559817,19.2816743767985,-3.47994733818171,-4.84771579939777
67.6470588235294,10.6494803410126,17.3861079543622,-2.26376654285232,-3.48362417489427
68.6274509803922,8.71009758004882,12.0696637266249,-2.57330577444478,-3.40834727443264
69.6078431372549,4.91330311110026,11.480030395285,-3.71529246986222,-4.66720665165643
70.5882352941176,2.99919994520166,10.5732568065803,-4.53838784002751,-3.3962601763341
71.5686274509804,0.168527003687347,4.37697266926422,-2.89213837261344,-3.07469083536721
72.5490196078431,-0.558952105786888,4.51559043606654,-3.24350187197453,-3.17204595630473
73.5294117647059,-1.19600535281231,1.00708253607848,-3.4524038142608,-2.89939880118379
74.5098039215686,-7.24085985977951,-3.04710835632654,-3.78102363987033,-3.06992994832503
75.4901960784314,-7.85106618118028,-6.09345603816846,-4.95626220825722,-3.81195009967327
76.4705882352941,-10.6862103540627,-6.48747402169613,-4.25088078120122,-3.29730064593926
77.4509803921569,-12.6661121448075,-8.68210541107714,-3.97481963942118,-3.58965487227193
78.4313725490196,-15.3759545343451,-11.0521443358524,-4.26813281578476,-4.1145346097539
79.4117647058823,-18.2026878081117,-13.9122020458261,-2.82109063795144,-4.19929825642928
80.3921568627451,-20.4734571902796,-19.3270391127794,-3.765721911065,-4.51326616149004
81.3725490196078,-22.6390220624454,-23.0422344324461,-3.7775513860346,-3.8178994782904
82.3529411764706,-24.1625514617119,-25.3606018885656,-3.65002080822563,-3.24384825486611
83.3333333333333,-28.2538980910459,-28.4876302211718,-3.97960392865893,-3.02591101113858
84.3137254901961,-30.8426931722331,-27.4251921980496,-3.56504029257039,-1.01369556511094
85.2941176470588,-33.6941019583932,-33.7774322122066,-1.92864863644835,-0.814337228039152
86.2745098039216,-34.9882129771744,-37.1010032030015,-2.05457323603821,-1.13437749550234
87.2549019607843,-37.9456025989741,-39.7691895359698,-1.26991494460652,-0.737085129507926
88.2352941176471,-42.0229349259151,-43.224087861058,-0.314775375427748,0.310814232966047
89.2156862745098,-43.40662845909,-44.2697727758131,-1.3567338619144,0.517001815108
90.1960784313725,-47.8713234902421,-47.3245171667794,-0.0426254053418821,2.13772280158109
91.1764705882353,-51.1482246225144,-49.7402672712019,1.2253341529048,2.61734015460811
92.156862745098,-51.7325089763102,-52.2641616646855,1.30269101463038,2.40994967363016
93.1372549019608,-53.4417940722717,-54.1890397461783,3.60728055938888,3.44428435039569
94.1176470588235,-57.0202983782613,-54.6873323463891,4.48553073328496,4.02340684029179
95.0980392156863,-55.9619686967632,-54.7755556030293,3.65764986524345,3.64915481804259
96.078431372549,-58.3292668663365,-54.6811268895158,4.55992342858002,4.4488533429988
97.0588235294118,-58.8084080752018,-58.481457843249,6.0706225286139,5.61091138255199
98.0392156862745,-60.0873830169488,-56.9482631310607,5.57341222306943,6.51901277588279
99.0196078431373,-61.101598825543,-59.2982725528732,6.61562936651654,6.18800347763345
0,-53.7818098925024,-61.007574166596,6.66954549825478,6.84957139962258
0.980392156862745,-55.4741346319049,-61.3645489005175,8.55296596054387,7.60772007076226
1.96078431372549,-53.3849288434977,-60.8878282490844,5.69002827276318,6.7316675590922
2.94117647058824,-55.4606243422655,-59.4749323410838,6.31376476323869,6.93076494833308
3.92156862745098,-52.4850062868616,-58.2644188997834,8.72787253787084,10.4167590303993
4.90196078431372,-52.5763259150472,-52.2321623784757,10.0306167535252,13.425437632673
5.88235294117647,-51.5538785157993,-51.8400214410879,13.336980822009,17.2411400066158
6.86274509803922,-48.4577302623769,-51.3482456385645,17.1874725895199,19.8853944051324
7.84313725490196,-48.0561482029075,-50.675890687304,20.3208262199553,21.4498841258283
8.8235294117647,-46.9253493981951,-50.3304078063643,23.5863363696908,22.5878776009684
9.80392156862745,-44.8874278029702,-47.8017165923807,26.7453923567982,24.4834847175666
10.7843137254902,-41.5641222003256,-45.7340075688908,28.86884992325,26.6698628569799
11.7647058823529,-40.176832370215,-43.5252277629547,32.3155974425214,28.2527132588968
12.7450980392157,-39.7616047703521,-41.8516695575247,32.1688089530351,29.6453071539308
13.7254901960784,-37.2560450197426,-39.9850345811904,33.8068108537654,30.1502382085542
14.7058823529412,-36.8091142978167,-36.2525653590648,35.6617289915259,31.6921705478353
15.6862745098039,-35.1661399678709,-36.2697996930059,36.9817626816003,32.5390783947161
16.6666666666667,-33.5595852836287,-33.9504677577578,37.9665122293852,33.4623259630762
17.6470588235294,-31.7266748876614,-31.4206008864647,39.0827918639569,34.2638699348043
18.6274509803922,-27.6740261472882,-29.8313660023429,38.402178884633,34.9374547288628
19.6078431372549,-25.3531494171244,-27.997384389007,39.3075973624345,34.5180667130999
20.5882352941176,-23.2601247199679,-24.8924404366126,39.0749624771209,34.590174519073
21.5686274509804,-23.4434208931739,-22.6198286633975,39.3536137169893,34.8793555208501
22.5490196078431,-20.992920429862,-19.8351610227509,38.7871842145049,35.0403512908107
23.5294117647059,-18.1719751815056,-17.9489721382196,37.5836362346892,34.798428169233
24.5098039215686,-17.1559178806716,-16.2545608566158,36.2561430015156,34.0154411100818
25.4901960784314,-15.2287909169588,-12.5951965012331,34.5020016632184,33.5568998251162
26.4705882352941,-10.008526891624,-11.1510589881442,31.9524913742182,30.3307233116584
27.4509803921569,-8.8110528019057,-9.24927870399097,29.805497395574,28.8254201080441
28.4313725490196,-5.34752863847566,-8.37491240306031,28.0848994167297,27.4124718959847
29.4117647058824,-4.20054467564966,-3.56596324798326,25.5014172015511,25.4339567692933
30.3921568627451,-2.50170112208104,-2.01887810361607,23.4446041535519,23.2889964205623
31.3725490196078,-0.345393421113794,2.40134559753352,21.9518552759711,21.6772086572639
32.3529411764706,0.419140891276906,4.97850668183048,18.9501454019849,21.0693222824513
33.3333333333333,4.3890998116467,6.16544811901262,17.7381469255771,18.667683311053
34.3137254901961,7.17892732303093,8.4064038213017,15.5270713059978,16.2904006886963
35.2941176470588,10.3264374895424,10.7666058637963,16.2626881920189,14.2506869277028
36.2745098039216,11.9447041289503,13.4671597807464,14.663682447246,11.8999632250089
37.2549019607843,15.0766600947101,16.5004706875606,13.2275340945219,10.8625609351329
38.2352941176471,16.571288423125,19.5221342238975,13.6307408084475,9.92321260891816
39.2156862745098,18.2274748501915,20.0630171784395,12.2981572417198,9.56563337336659
40.1960784313725,22.9230391541426,23.010979287658,11.2643022110133,7.97397858919823
41.1764705882353,23.7722196159503,24.8481927682157,10.5020282138111,7.10794223382152
42.156862745098,27.3206504110839,29.9611021369766,9.01065482682021,5.38605267297684
43.1372549019608,28.1946618879942,29.375360185538,7.62510032484279,3.83893755900121
44.1176470588235,28.2244388174594,31.1829448029213,6.76252849443028,3.25498314067294
45.0980392156863,32.4008006321508,33.4362985538929,5.26864430136295,2.19777576160943
46.078431372549,33.2626106632647,32.7216903792176,3.38161228572312,1.66636816291475
47.0588235294118,34.3613855485038,35.2591589861088,2.41841501571122,0.5626082381037
48.0392156862745,36.3128343576011,35.1690463133086,1.73974732046795,-0.286396777519251
49.0196078431373,35.6952254622737,35.3307996078336,-0.533780366331061,0.919164958666452
50,40.7835038081005,37.2155864654418,-0.554732109008055,-0.805208856877873
50.9803921568627,42.8751986278421,40.5440497109827,-1.080242499209,-1.75979096562832
51.9607843137255,44.2162454152306,44.8608879869965,-1.44614274276523,-1.67496146412229
52.9411764705882,43.835379368597,45.3708815098729,-1.71430003325857,-2.65185696409825
53.921568627451,45.6859338430785,45.6784633676682,-1.60864318212209,-2.24712369573183
54.9019607843137,45.1078719769406,46.9183491392599,-2.65864682874945,-2.49641604287315
55.8823529411765,46.4414419098775,46.6706548708904,-2.59745878195893,-2.10493143659297
56.8627450980392,45.6405008214016,47.0671178509775,-2.69719405244265,-1.22378189362486
57.843137254902,42.2405687160283,46.2974735288599,-2.70363212679676,-1.61248275025329
58.8235294117647,43.451452868714,46.6600880517296,-1.93896524458979,-2.5609486603907
59.8039215686275,41.5406748570887,45.4910113877809,-2.91796174872437,-3.53308616640333
60.7843137254902,39.1397443814677,43.0234728171057,-3.15353895264745,-2.68205320223471
61.7647058823529,38.6483367500507,37.202208850343,-4.01535214884178,-3.84331375614394
62.7450980392157,35.7386475791281,37.759529177556,-3.37697733150952,-3.79865852537863
63.7254901960784,36.6545458659812,35.7909033668917,-3.42128179148047,-4.18674673509636
64.7058823529412,32.8907318194097,32.9694701626451,-3.257627982151,-3.55255434895546
65.6862745098039,30.2572068413423,30.9677857687435,-2.03638413567634,-3.42243491119562
66.6666666666667,28.2159979242187,27.3614398311398,-2.80369976083416,-3.84079527210433
67.6470588235294,25.4840521047255,24.4829636824646,-2.40759465568457,-3.39133044481111
68.6274509803922,21.649388251588,23.6919274945937,-4.04504566499132,-3.16615748173025
69.6078431372549,20.3049077045323,18.8191487219461,-3.47660106282271,-3.23341001000367
70.5882352941176,17.8519169082454,17.501948917143,-1.33116590723594,-2.51109346197632
71.5686274509804,15.7088147245118,13.9467305368733,-1.45622479109511,-1.770882122353
72.5490196078431,12.8195946685095,11.7733762099612,-1.92479244276452,-2.32643369392179
73.5294117647059,9.127740867625,8.79231029680581,-1.33053694534227,-1.60341466590255
74.5098039215686,5.1690253729276,4.76952127886704,-1.87025974530954,-1.78932348166083
75.4901960784314,3.19406756059205,2.06712415599797,-2.14246792929926,-2.25407840102934
76.4705882352941,1.7542268960868,1.10778450328232,-2.06372433396199,-1.95158590503047
77.4509803921569,-1.65168576695502,-2.25299185107598,-2.50913222460245,-1.78423251193064
78.4313725490196,-5.65234431083452,-5.46555743193625,-2.35629691058201,-1.52023754199619
79.4117647058823,-6.8767414369982,-9.80205146030424,-2.82470094386337,-1.00352873728468
80.3921568627451,-11.4866454528823,-11.8686255856315,-2.37282048789289,-1.13632256651994
81.3725490196078,-14.0431196540973,-14.5717129541159,-1.31065979791046,-0.959544512479315
82.3529411764706,-17.1015019559266,-18.8651941256764,-1.08497896477811,0.0629538162593466
83.3333333333333,-18.6844386544199,-20.6673683288025,-1.91179931520204,-0.961313093827618
84.3137254901961,-22.2430483072437,-23.7294287533155,-0.857984140342933,-0.461305806934264
85.2941176470588,-24.4498725775241,-28.7051793218233,-1.23066021367725,-1.42599716377548
86.2745098039216,-27.3166155904122,-31.2188206092952,-0.0493921526766363,-0.191787410047461
87.2549019607843,-32.9747032560108,-34.3865666968201,0.65976941443897,-0.463455317827127
88.2352941176471,-31.7192830644311,-37.6700448833044,-0.233106346498944,-0.064977037632949
89.2156862745098,-33.8302127911089,-38.7491019211236,0.37562052081258,0.0890874926103918
90.1960784313725,-35.4515593851165,-42.2696427370504,-0.0883725568551689,1.11575663721487
91.1764705882353,-40.685558841359,-45.2202569441873,1.40970416269581,2.22242226339971
92.156862745098,-44.2157254477246,-48.4698728670686,1.34525394546299,2.59353812919996
93.1372549019608,-46.7232349415139,-51.3116007120892,1.30575564578445,3.34390813217493
94.1176470588235,-49.31893291433,-54.7327420167251,3.59508455474619,4.71013588798234
95.0980392156863,-51.0664430456282,-56.0904855593346,4.059294716697,3.95034610764051
96.078431372549,-51.1927422627185,-57.4192914171151,5.59170701338958,3.66052334926224
97.0588235294118,-55.256605928136,-57.0718129699546,6.03648223020511,5.74150910015135
98.0392156862745,-54.8571719437255,-61.461608951386,7.22017527438683,7.45661520836442
99.0196078431373,-55.4090415694276,-59.5666568859214,7.41237834657833,9.05065557239324
0,-62.4672223157555,-63.2571788021677,7.06621231976666,7.96966797840095
0.99009900990099,-61.0200573997378,-61.9912395720777,7.74894651718138,7.35636965065544
1.98019801980198,-60.8862255808649,-65.2939657389204,9.02595714708186,8.12534643299141
2.97029702970297,-60.0752083984357,-62.5869190432657,10.5140276611503,7.06379843092903
3.96039603960396,-57.9718397226636,-61.3460768906865,9.72655703246292,9.2010908330774
4.95049504950495,-58.290984682658,-58.1880318564774,14.0790213244872,11.9312484844021
5.94059405940594,-52.8359938014523,-56.1646781175159,16.6435787959448,15.6845871184462
6.93069306930693,-51.8899989320814,-55.2446087938838,21.3762098337624,19.4680110629156
7.92079207920792,-52.1982435171014,-52.928902932214,24.2784059300066,21.8200880434666
8.91089108910891,-50.3483497856361,-50.1450496849103,25.1437053388748,21.8679430126408
9.9009900990099,-47.8257516819967,-50.1184464728491,26.1405162019825,23.3362968031484
10.8910891089109,-44.9392239588233,-49.926361020119,27.2086465314755,24.7534601300948
11.8811881188119,-43.3506231416514,-48.4522968851256,29.6136699554401,27.151232305617
12.8712871287129,-42.0881796568171,-42.7435140203949,32.316018725146,29.2061435480861
13.8613861386139,-39.4024149347819,-41.9018295197139,34.705000093345,31.1835194293058
14.8514851485149,-39.5322436014203,-41.2052817054442,36.7163337326247,34.7728119472371
15.8415841584158,-33.4650647508499,-38.7330391051106,38.6278289392484,37.5554376002968
16.8316831683168,-33.1484860040697,-38.6004266887737,38.8765331817167,39.8437708340618
17.8217821782178,-29.6024449986717,-35.5203125838928,38.5965891716019,40.5993509261643
18.8118811881188,-28.1772607240318,-31.6081966397978,38.7819920196188,42.6935515305327
19.8019801980198,-24.9488585318889,-32.3717858515242,38.632936416648,43.5064556256205
20.7920792079208,-21.3834105715287,-27.1157149280651,39.6658631377455,43.5197090147424
21.7821782178218,-20.0462963195403,-25.7240771723539,38.822143771744,44.8372484249295
22.7722772277228,-19.5045916942892,-22.2423623636002,39.8479714885391,44.8061407789951
23.7623762376238,-14.7767395884255,-19.4269320829327,39.7029576860171,44.5085559053695
24.7524752475248,-12.5020933587734,-17.5058475568606,40.1876989946136,45.1719259482513
25.7425742574257,-9.86690586958625,-14.3734380540948,39.1056096925402,44.260658273991
26.7326732673267,-10.7452393783728,-13.4607987251948,37.137459895033,42.5731794644193
27.7227722772277,-5.21057369331268,-7.3450348356606,35.492968982893,41.3903814534888
28.7128712871287,-3.78330995091741,-6.68255713866209,32.8078189701764,38.2691490651434
29.7029702970297,-0.737275582260704,-3.26143621829561,31.4964218087169,35.1239237277086
30.6930693069307,4.70565946271443,1.75007933464697,28.2892493769389,31.6407381609014
31.6831683168317,6.80350809253783,2.278637031596,26.1852801755617,29.2990893707423
32.6732673267327,9.5421458801162,6.11648251961046,23.6766284937455,26.2510220255471
33.6633663366337,10.4633501885357,8.14629245953971,22.9665134399469,23.710130797466
34.6534653465347,12.5344128341009,11.0955694193118,20.1896721606958,21.7168538848488
35.6435643564356,15.6261930573922,15.3153054804774,18.6231529655084,20.207460699116
36.6336633663366,19.3613883519391,15.9089475936054,16.597605498593,16.544042396933
37.6237623762376,20.660044442481,19.5823622335987,13.8693836894611,14.6090205628497
38.6138613861386,24.2785663449295,21.345302214788,9.92067838132718,11.125688183116
39.6039603960396,24.7905438797922,25.8436270116549,7.12974449064305,8.5151620224676
40.5940594059406,29.341516043785,27.0685224068408,3.43626071405945,6.47374972172815
41.5841584158416,29.8864812965852,29.2136020467546,2.9825251529543,3.18402853899738
42.5742574257426,31.2428716532894,29.7723279553593,1.02753300707258,1.34598587825934
43.5643564356436,33.2543169459168,31.1147418435686,0.230378578047235,0.614908055049352
44.5544554455446,35.9400236846269,33.172217350792,-0.453002965959137,0.886345829832791
45.5445544554455,35.8661188941944,34.2650611566925,-2.64826480487283,-2.71496740931244
46.5346534653465,38.2937798874503,35.4422670499768,-2.68041087486583,-2.25775441756008
47.5247524752475,36.1685829533558,40.1051840129246,-3.10914966594615,-2.25671700416946
48.5148514851485,38.5447561171357,39.4914315119992,-3.82579906129116,-3.3298569296642
49.5049504950495,37.3041873539291,38.1724748494694,-3.200066141454,-3.83196437040255
50.4950495049505,36.4963418614633,37.5780521880148,-1.22431441000089,-3.3405185257032
51.4851485148515,39.1409962409268,40.0542789196401,-0.564673156604657,-2.18440153697565
52.4752475247525,35.8412642685534,36.3756095290654,-1.30132924998215,-1.68860063411108
53.4653465346535,37.2713671681898,37.6350098524489,-1.76312343753398,-2.02475345763623
54.4554455445545,35.9958525441374,35.8148367843328,-1.87822184959226,-2.06980267810537
55.4455445544554,37.0820452370797,35.7552479651096,-2.01936356885719,-1.79598823876637
56.4356435643564,34.0786171696186,33.4267521413785,-1.92287604758735,-2.70498321796532
57.4257425742574,31.8076531421925,32.6415500951687,-1.95872667052293,-2.81428067567666
58.4158415841584,28.4918403709416,31.5275372840595,-2.60459270389527,-2.9034865312608
59.4059405940594,27.5012283815768,30.6002854630674,-1.74074968101092,-2.0203175241673
60.3960396039604,26.564441921749,28.7973990096691,-1.03277439413457,-1.64534824801857
61.3861386138614,26.1397050921508,25.9735847036438,-1.55913395300384,-1.21224555694929
62.3762376237624,21.1599172371407,22.751479192498,-1.54196306432004,-1.07823760555173
63.3663366336634,20.077103898732,19.864260818384,-2.3998442467676,-1.94886452292385
64.3564356435644,15.7941273564924,20.8802622087257,-0.762344960395528,-2.096110473964
65.3465346534653,16.1576834648819,18.0648981697278,-1.79870181454533,-2.75105289316345
66.3366336633663,14.0561255446134,13.8603752037657,-2.2366927848842,-2.49338853898024
67.3267326732673,10.666629244595,11.8433925894952,-1.48818266457184,-2.29914666014286
68.3168316831683,8.68503953827946,12.1995183152487,-1.95694370093194,-2.54303687928522
69.3069306930693,5.60381492369254,7.83896048495206,-2.89271411040549,-2.7215375756807
70.2970297029703,4.63498789087191,4.93851550739868,-3.32025977109027,-2.38906054969403
71.2871287128713,2.52633397480461,4.58001342611713,-2.97560143527967,-2.7935110348898
72.2772277227723,-2.77456289523958,0.318189673752059,-3.64900947140882,-2.69060921667583
73.2673267326733,-5.03569492300131,-3.12533025005539,-1.60838106282243,-3.17985981530654
74.2574257425743,-4.20482757859687,-5.40544725574556,-2.32682184942803,-1.74295177529464
75.2475247524752,-9.83195174725883,-7.49670887357661,-2.00818714745506,-1.59612119761975
76.2376237623762,-12.6797237483195,-9.52511180319345,-2.24580814296103,-2.017448988063
77.2277227722772,-16.0902230911969,-11.1871658333159,-2.83982263150042,-1.83459382057534
78.2178217821782,-18.5565349080534,-13.992265079611,-3.11910800307252,-3.15359022902313
79.2079207920792,-19.8174803976724,-18.376231401849,-2.29169638647519,-2.85240553827425
80.1980198019802,-21.3070104501268,-20.8746160415721,-1.7598826757851,-2.75260726713849
81.1881188118812,-24.2540700602952,-22.5543629588952,-2.47496561058907,-2.95186876542156
82.1782178217822,-28.0134083287666,-24.3501701640759,-1.81665076813933,-2.35930522496156
83.1683168316832,-30.1841553589147,-28.0271228555777,-2.66856000724483,-2.18330672947172
84.1584158415842,-32.9501618349123,-32.6118619593533,-2.33256597573162,-0.305803580606461
85.1485148514851,-36.7340192657397,-34.9850414423651,-0.120185128908949,-0.643706947435875
86.1386138613861,-39.6523193064386,-38.9866659616528,0.376082085665339,0.56894321301826
87.1287128712871,-42.575280869627,-42.7280159251406,0.929688226227567,1.46534398889712
88.1188118811881,-44.8155717036635,-45.1423561164622,1.72715621332141,1.10827890839264
89.1089108910891,-48.5046680114915,-47.1258567990233,2.67283367197651,0.71265405423758
90.0990099009901,-50.7664200930601,-49.9240240010511,2.44662077022811,1.94431807473569
91.0891089108911,-53.0610469987533,-53.4036460866067,3.01194335650334,1.5122106826948
92.0792079207921,-56.2102414050981,-56.2696553326826,2.38669290348928,2.86036325756127
93.0693069306931,-55.9405579621396,-56.1253075625441,2.92539292685165,3.79084833480935
94.0594059405941,-58.8268637752016,-60.1783136261652,3.37138128902662,4.48506000727479
95.049504950495,-59.8860065786106,-59.4882307610882,3.6612266455392,3.76110370986885
96.039603960396,-61.6645135123349,-61.4379673519581,5.46384485903177,5.30313773044423
97.029702970297,-63.6344733681614,-61.701870706983,5.12919250998302,7.10752282762162
98.019801980198,-62.4267545753782,-62.6343860395965,5.48522399959233,7.17891475755011
99.009900990099,-63.7782784565594,-65.018845373001,6.19280760165784,7.89394991843327
0,-69.5488352615103,-66.8940368666892,5.03616778529565,4.11956941451728
0.970873786407767,-69.9139334195491,-66.2226928352564,4.87950626923435,4.34231173996115
1.94174757281553,-67.2884172618521,-67.0443175791618,6.79779120267376,3.90810386377157
2.9126213592233,-68.7607229280585,-67.0804111556318,7.4913711317687,3.7502959353436
3.88349514563107,-67.45906166749,-66.2213507991913,8.0626293101597,3.46719294502046
4.85436893203883,-66.1642561750616,-64.6636583920344,9.71677298115863,5.89737526720381
5.8252427184466,-64.7437256183243,-62.751599574124,13.0915670253628,10.3782229656805
6.79611650485437,-65.3322867914198,-62.6333734065907,17.3424975810185,12.6219122185484
7.76699029126214,-63.0744232220894,-60.4503235368762,21.0134643190189,14.481501310718
8.7378640776699,-59.4311041809667,-58.6016428082809,25.4116335259187,16.7417858912099
9.70873786407767,-59.938752110705,-57.8747271646514,28.383201477631,18.0725673632114
10.6796116504854,-57.2798017407759,-55.9689695523425,30.8101708429104,19.9771352513923
11.6504854368932,-56.5924751343258,-55.1864335951044,31.9659490485606,21.678451738307
12.621359223301,-53.1317333764151,-51.8825644278486,33.6450178522037,24.7364339722931
13.5922330097087,-52.1921647256399,-51.6094027095957,35.4223391536847,24.4441285685967
14.5631067961165,-51.8416535589065,-49.7856743674337,36.3920399296289,26.8524588659284
15.5339805825243,-49.9088356771834,-48.6293062555905,39.5020579298258,29.5845897907674
16.504854368932,-45.8326457363779,-45.4459068473593,40.7309134624011,32.1886670275476
17.4757281553398,-47.159447816652,-43.7159998883639,42.1522722884321,34.2805590382399
18.4466019417476,-43.0470091859259,-43.2628405454931,42.7254151434162,36.0368456616912
19.4174757281553,-42.6964293916226,-40.6591704897221,44.2469721985846,37.6920670321101
20.3883495145631,-40.6026718838052,-37.0696069951408,42.9292831271324,39.0903522476954
21.3592233009709,-39.4549599140526,-38.6823714362845,42.5522127873706,38.9229595049912
22.3300970873786,-35.067763830898,-34.7202049189053,41.7427264424718,39.4917352278593
23.3009708737864,-34.3076888784315,-33.0325041885383,39.9182931621402,39.094161655334
24.2718446601942,-34.8927119169831,-28.8595622388784,40.1715917013037,38.2137781845067
25.2427184466019,-31.2124979771583,-29.801418451976,36.7740439555655,37.1315851257357
26.2135922330097,-28.2368682503827,-25.9150486164843,34.8607904565949,36.3738771801042
27.1844660194175,-26.0876174519389,-23.2613001190113,32.4751620131845,35.159257076448
28.1553398058252,-25.2365690757136,-22.5573875726265,29.5748666087862,33.9702862262692
29.126213592233,-21.2366831520793,-19.8771439767548,27.5296180843716,32.2694490890733
30.0970873786408,-21.0310458198766,-15.9550591096221,26.0553692904591,32.3856363603279
31.0679611650485,-18.3252288959988,-15.4272420055885,24.5385100333594,30.5106663211098
32.0388349514563,-15.6541238887594,-12.6371371988156,22.1392312228549,28.4122987367738
33.0097087378641,-13.0568266197428,-10.3670931503947,20.0082008928936,24.4386344988112
33.9805825242718,-11.5896567032205,-6.88789481844043,19.2452417236795,21.4082951323576
34.9514563106796,-7.14511313000579,-4.64824783035318,16.909008318555,18.9251493092699
35.9223300970874,-5.47519208167819,0.339063094700952,15.321862467895,16.4721437579465
36.8932038834951,-3.01841109065616,1.88122316446502,12.9846768969217,14.7050925141646
37.8640776699029,-0.918456235346179,5.3219818955966,10.5478225969187,12.0934043193466
38.8349514563107,0.714715449717459,7.91641992383909,7.42221402747322,10.106597280198
39.8058252427184,3.77100779941119,10.82321976077,5.3479075405363,6.64909967309014
40.7766990291262,6.86354865018589,13.8777287040467,2.27147995047018,3.27097985117524
41.747572815534,9.479116507584,15.5117802391914,0.711887001085219,1.92994044152137
42.7184466019417,14.0008237722179,17.3950044316078,1.01577193112939,0.264940120515157
43.6893203883495,13.3332839441813,17.9953604314681,-0.821279087577067,-1.10761887712131
44.6601941747573,13.1737060587492,18.9760642333787,-0.42960574528955,-1.65662151756179
45.6310679611651,13.8341976992533,21.0154382698587,-1.23007569896244,-2.7647094534955
46.6019417475728,15.7801272793041,21.7441242768185,-2.04687577314381,-3.53034339377627
47.5728155339806,19.2332732622304,24.3196089267378,-3.43876923208759,-2.99399080028987
48.5436893203884,21.2655093102438,24.9313207301721,-4.47663574367748,-4.45254076676064
49.5145631067961,24.7141264588857,27.3846054550037,-5.03244826935943,-5.17788868214342
50.4854368932039,23.8826206945406,27.3829041775012,-5.8053169283008,-4.81224180394789
51.4563106796117,21.2584997098824,26.4037008948283,-5.4701077616363,-5.18960110096979
52.4271844660194,23.9657411230915,29.9824363097053,-5.35384534919147,-6.08819119930848
53.3980582524272,23.1233232031403,28.1901698211569,-4.24265625548451,-6.03400545242768
54.368932038835,24.050528463421,29.0075522129205,-4.98953533300921,-4.2113835805881
55.3398058252427,21.7943236260708,28.4988785717169,-4.8345426632446,-4.0517543761911
56.3106796116505,22.9757565039263,27.2753076414722,-4.04160102409562,-4.19573637305834
57.2815533980583,19.5176062303409,24.5923403598676,-4.38714901083384,-3.59665690248342
58.252427184466,21.4071882897756,23.888061364975,-4.19758647790872,-2.3846900947444
59.2233009708738,20.0800777057116,22.4893786273106,-3.37398614880406,-3.87584756851006
60.1941747572816,18.5274707968893,20.2614840670772,-3.34606595587589,-4.21255579451482
61.1650485436893,14.8856638869862,18.8920689706981,-4.05461054440763,-4.46905617992234
62.1359223300971,14.0487794429952,17.5975994765456,-3.73213549809229,-3.4872920732717
63.1067961165049,9.84550554716807,13.5310646752959,-3.49273284495411,-4.6609853127103
64.0776699029126,9.59198747339116,12.856205067293,-2.90761756498117,-4.21680142117843
65.0485436893204,8.24077330056458,11.0673246831132,-3.52004307287709,-4.55070267226504
66.0194174757282,5.07913663994155,7.38858359227638,-3.36493914487709,-3.54625067843291
66.9902912621359,1.54027346073307,6.58974196523521,-2.67095411077495,-3.97825804279765
67.9611650485437,0.444784139765884,4.93954818212052,-3.59592121604454,-3.56718174817315
68.9320388349515,-2.80651910779848,0.66407462506395,-3.42720935372497,-4.99912152017051
69.9029126213592,-4.13876160463125,-2.27299071485211,-3.09416495887757,-4.32933883648206
70.873786407767,-9.35782293678915,-2.94418282633377,-3.28487296066113,-4.4998577751638
71.8446601941748,-12.075670001087,-6.67964051680218,-3.35273351806684,-3.27486876726517
72.8155339805825,-13.9756681090897,-11.8656752313672,-3.88114940470264,-3.6817227124526
73.7864077669903,-17.3930716012234,-12.3965910411495,-3.61826653049668,-3.75138253001632
74.7572815533981,-19.5749126680242,-13.3843407545572,-2.86370585077249,-3.34592792293603
75.7281553398058,-21.7056934135363,-19.5016614150116,-1.92579747407569,-3.54045604001727
76.6990291262136,-24.1915904756049,-21.2441702664695,-3.11945955926917,-2.44645158123532
77.6699029126214,-25.8749086097217,-22.4674390835943,-3.30200018072303,-3.30095131438961
78.6407766990291,-28.9235165717502,-25.6048178922771,-3.05144642813447,-3.50346162091396
79.6116504854369,-33.5521784279363,-29.5386761445424,-2.98132565270907,-2.72389633923636
80.5825242718447,-35.6472414584098,-31.6159694955735,-2.34387343500615,-2.96804766541301
81.5533980582524,-39.9957519835484,-35.2917553635604,-2.37786634942789,-2.58398197480895
82.5242718446602,-41.2683626900873,-39.4884540268919,-1.20070352775511,-2.92364467443274
83.495145631068,-43.0111407395265,-41.8604307670309,-1.9917733549599,-1.54531287661181
84.4660194174757,-47.4663721387133,-45.1320328273758,-1.46033005171667,-0.536673260528172
85.4368932038835,-49.208222773778,-47.2431427309033,-1.78794046525594,-0.490443524968075
86.4077669902913,-53.2327350378838,-50.746838736049,-1.05468511073897,0.0863754623126913
87.378640776699,-55.0036694949324,-53.13157169563,-0.522200037876152,-0.257692825573644
88.3495145631068,-56.7020910682294,-57.6728990027569,-0.68049382249121,0.485731234621323
89.3203883495146,-60.0489432695119,-56.313638118439,0.375201468864524,0.397613045397423
90.2912621359223,-60.3879871184317,-60.9043470932003,1.11889029015785,1.01424192382379
91.2621359223301,-63.7197856373387,-61.5931172559402,1.32964812853134,2.77337483516168
92.2330097087379,-65.044106188868,-65.5300110341806,1.85769367162896,1.72999145976112
93.2038834951456,-65.8139791303308,-64.9344040010079,2.4312285054709,3.31623047841052
94.1747572815534,-66.7857749123212,-65.4394264791516,3.18301594402392,3.5171251262653
95.1456310679612,-68.4155723443073,-67.675814604982,4.0649338518561,3.11633956057337
96.1165048543689,-69.4135961721808,-68.4483403924995,4.2091699421535,3.46390328394408
97.0873786407767,-69.4759531409705,-67.5127075174838,5.07090596784321,3.96648270050021
98.0582524271845,-70.0077954763669,-68.4080201974124,4.35051420812467,2.85397369770677
99.0291262135922,-71.496431343538,-68.9345969776375,4.14768400382634,2.40675397865981
0,-45.0824645695342,-50.4563077002621,6.62223314451773,8.09059741795475
0.961538461538462,-45.6344802505622,-53.7258105296653,7.24529497138169,7.7296295853363
1.92307692307692,-45.0875362646771,-54.0341972234306,6.70183088817576,7.62478837861555
2.88461538461538,-46.2074365062135,-53.9354949860607,6.53989131490224,8.44476777438106
3.84615384615385,-41.7036544074015,-52.060162361864,8.16951155137539,8.86628926973057
4.80769230769231,-40.4854346958189,-51.6431152440693,12.4860424360014,9.23216137053038
5.76923076923077,-40.1956903314274,-46.5132059577892,17.2116629426222,10.7490612224407
6.73076923076923,-38.1981427413709,-44.8357980570172,21.5230328847487,13.9762839480906
7.69230769230769,-36.0663077282439,-41.9848695272236,23.4257959381622,16.2838891721364
8.65384615384615,-33.739186920343,-42.0169065340545,25.954948127169,20.5390080033124
9.61538461538461,-32.3286443212057,-40.6650826675336,28.0246692785144,23.4667379977157
10.5769230769231,-31.198389925052,-37.8315825411538,29.9748174621286,24.2319506307782
11.5384615384615,-28.0331464282938,-37.3752698571812,29.4876900013146,27.7442263054061
12.5,-26.0097795838212,-35.2365213538026,31.8669230623704,28.1673591641862
13.4615384615385,-26.9756529374161,-33.8921904281968,31.4709518782294,29.8126772122141
14.4230769230769,-23.2132267194208,-32.9508249531688,33.2630977291667,31.294862648473
15.3846153846154,-21.6109873648159,-31.9319024707015,34.0853834792345,31.4827494195089
16.3461538461538,-19.3632695624996,-28.752950499323,34.8514502972091,32.8993555710309
17.3076923076923,-18.8849546233811,-27.0339663549455,35.8682633629156,34.714783969757
18.2692307692308,-15.7052823977224,-25.4303539894454,35.9479416304944,36.8910260585998
19.2307692307692,-11.8109847653903,-21.1357009281606,36.6754138888483,38.0387707511483
20.1923076923077,-13.3544376203241,-19.8348419002887,36.4169526061528,38.6320384013899
21.1538461538462,-10.260251894559,-17.4805686385095,35.7183947219189,38.5379539063069
22.1153846153846,-7.79321840970825,-13.9514526327293,35.7063911681657,37.9839196595583
23.0769230769231,-6.58449335761779,-14.0645071233509,33.4103841874227,36.7880938389766
24.0384615384615,-2.45605676135896,-12.2026388628095,31.097098658768,34.8353732086643
25,-2.56939268979644,-10.3206912299146,28.4518598014574,31.0927983929793
25.9615384615385,-0.858617295073121,-5.99927193164737,24.4933664002692,28.4658252552383
26.9230769230769,2.40145643526462,-4.25557436960907,22.9120192349241,24.8880338244472
27.8846153846154,5.13254511400024,-1.16928466991515,20.1242854849055,22.5447549205068
28.8461538461538,6.50295869463498,1.80211441567162,17.7468884745224,19.9584461465316
29.8076923076923,10.4012538106479,2.49277717586201,16.1718607615524,18.9783707703588
30.7692307692308,14.4709200436124,6.35918513422878,15.7992108559775,18.3217778740136
31.7307692307692,15.6173757165435,8.59616094713215,14.1573657498215,17.8544978497311
32.6923076923077,15.7480982452223,13.7807766430561,13.224771739822,15.8617496178226
33.6538461538462,19.2623582395828,11.2325570119501,12.7400848494836,15.4108561547567
34.6153846153846,20.1263774046686,16.506035539967,10.3686129511916,15.1997626216673
35.5769230769231,23.9406070740861,18.6186589875104,9.8181287654931,14.5767088600171
36.5384615384615,22.1955391706221,22.7157075181936,7.87814475434177,13.1251313215381
37.5,24.4935207304727,23.5445802404423,7.33849211976069,12.0944448942172
38.4615384615385,27.4834635544494,26.5944688168665,5.2140648355188,10.5944799373772
39.4230769230769,29.777717076124,27.3420745927104,3.88414213237529,9.77996028523729
40.3846153846154,31.0469583317881,30.664064841512,2.66626540104822,7.57857938874769
41.3461538461538,32.9244131074231,29.0357453567606,1.63267425391977,7.04382695348031
42.3076923076923,33.4105758855337,32.7356246992408,1.65766415054509,4.47358582764201
43.2692307692308,34.4604628705408,34.4351080296831,-0.063839750267485,3.17732051424886
44.2307692307692,34.1651313273833,33.9855503450751,-0.649549148583265,1.82107973600567
45.1923076923077,38.9081803491626,37.7615828545955,-0.434332037691837,1.006982994334
46.1538461538462,39.4136521774154,36.5983312056099,0.0956968788104221,1.24442707332207
47.1153846153846,39.3159431566627,39.0323661873972,-0.0190155165349936,-0.0733498295937546
48.0769230769231,40.6675688053788,39.0831596997011,-2.26201394230148,-0.48723496960506
49.0384615384615,42.4348765028065,40.1341037994113,-2.96451164128667,-2.14277639731911
50,41.8454367654275,42.0156237459615,-1.94094019288751,-3.14355393738749
50.9615384615385,41.111125771919,44.135806528124,-3.78676276070788,-3.05164789868395
51.9230769230769,42.3518168419648,44.2494777326803,-4.90382844299878,-2.89156221035448
52.8846153846154,42.4548876865412,43.3353896427321,-4.55347555387979,-3.69665765815437
53.8461538461538,40.9150162199636,42.4163529261527,-3.62210335512792,-3.59551812082738
54.8076923076923,40.5380501473149,42.572088779284,-3.60893720030649,-3.38526743085571
55.7692307692308,39.8580986564519,40.6535181987328,-3.08343890285912,-2.48906967529546
56.7307692307692,42.0938661935043,40.8266985503465,-3.37029422589716,-2.94602826310604
57.6923076923077,39.5084664811446,39.3148153061062,-3.67436652063119,-3.0350908258846
58.6538461538462,39.1900454111843,39.5204927982253,-3.31547564123539,-3.37663124663057
59.6153846153846,37.2818984679167,35.7183953654544,-3.61582369343632,-3.27437045943988
60.5769230769231,33.8817841326059,35.1304449623326,-3.18791770539312,-3.10738302683604
61.5384615384615,33.0210298899536,31.2976024925757,-3.14312625587996,-3.78718580589609
62.5,31.0474906084515,32.2034289749875,-3.14826492310191,-3.81215985618864
63.4615384615385,28.1550202174497,30.1209455394223,-2.71896820421968,-3.4326042748386
64.4230769230769,28.5800257633565,26.7021578732628,-3.17645936447317,-3.04164998203396
65.3846153846154,24.5696584059004,23.5858832882441,-2.19116561812075,-2.8476058663853
66.3461538461539,23.6535864318563,22.1847745741339,-3.01585224028794,-2.56735970533492
67.3076923076923,18.8862748760399,21.4610674818792,-2.25697743284079,-3.39274162766617
68.2692307692308,17.1946170486004,17.4401837951685,-2.76220784780075,-3.48825211735593
69.2307692307692,15.4053060936234,14.8765061259746,-3.12335367064787,-3.49951285628854
70.1923076923077,13.4928240204611,14.5575198156301,-2.73293814623971,-3.20898082717751
71.1538461538462,10.4653185588565,11.3849760179327,-2.16583759066808,-2.50443609643576
72.1153846153846,8.42090740606762,8.81216352729663,-1.27491688592032,-2.79646523626004
73.0769230769231,4.22861696301118,5.24978816722085,-2.71847928318609,-2.85170729295989
74.0384615384615,1.52661580994857,2.87443090699756,-2.29186644715682,-2.12894941812421
75,-0.0852590063266826,-1.00278749088052,-2.90962423661431,-2.37760424299087
75.9615384615385,-2.5512899183511,-4.27809758823078,-2.64026465218885,-1.47867515877035
76.9230769230769,-6.62791413085179,-7.04685042781241,-1.84283340496524,-2.04875258677817
77.8846153846154,-8.00957631905697,-10.5125464175452,-1.15718122737532,-0.76724425781367
78.8461538461539,-12.1128809502942,-12.4400105156864,-1.31923835908502,-0.786823747468185
79.8076923076923,-12.5623109271251,-14.3825523294895,-0.693223843489026,-1.48616607358824
80.7692307692308,-16.1714944080564,-18.1231149152694,-0.277551169738163,-0.756992861390988
81.7307692307692,-16.8960771213336,-20.0035977205124,0.214650007265008,-0.736005403967466
82.6923076923077,-20.9022582433412,-24.8158243176584,-0.385178588349322,-1.4046455969225
83.6538461538462,-23.1600511932034,-27.4184164473192,0.0193655245219775,-0.301644540787163
84.6153846153846,-24.3082206783255,-28.9549043220706,0.233079821133979,-0.740278459679188
85.5769230769231,-25.7646612258807,-31.9000900007868,-0.180888274134767,-0.791700402228079
86.5384615384615,-29.3339750084395,-36.0856082974467,0.398596681221807,0.458411545060552
87.5,-30.4214496003091,-38.7548194764084,1.53640085218008,0.817336034105959
88.4615384615385,-35.627707149911,-38.3230751741761,1.63480079709832,1.46733765484875
89.4230769230769,-38.6814471256997,-44.5339732644147,2.32388539338345,2.9678890750858
90.3846153846154,-39.6493777337228,-45.1231943972023,4.05496985155554,3.46158523299326
91.3461538461539,-40.4039074992811,-47.8659400520838,3.01100273796632,2.76642256227102
92.3076923076923,-43.5715002547639,-50.2334558955618,3.98981505996718,4.07913693019916
93.2692307692308,-42.3981370213005,-51.7713755895569,4.00810080432699,5.09358665126707
94.2307692307692,-44.885973306774,-52.6206686653509,4.47982848610247,4.08173270227999
95.1923076923077,-46.7599371598821,-55.1358381635845,4.89586606163248,4.77582304014746
96.1538461538462,-46.2803883256435,-54.4356140661929,6.12097738632565,5.55232094298246
97.1153846153846,-48.0819216817762,-57.2320151795273,7.78467371673824,6.90138195760793
98.0769230769231,-45.948942286579,-54.341794645085,7.7457849005745,8.3510142877095
99.0384615384615,-48.5039533503562,-56.180738671937,7.47809298017457,8.26895916509101
0,-59.8156931393808,-58.9776058103785,4.49585071737408,4.96852115695993
0.980392156862745,-60.8144796397428,-60.8725758634172,6.26578554826844,4.83916421679927
1.96078431372549,-59.5793669141411,-61.229934561829,5.95666172856537,4.68751864410677
2.94117647058824,-60.8066664783377,-60.7602301472555,6.11492113235796,4.20000746718886
3.92156862745098,-59.8478152077115,-57.8583412061511,5.9776154514705,4.39022711253913
4.90196078431372,-57.7153070369777,-55.2398060451263,7.73274028219918,6.21976655003426
5.88235294117647,-54.601509256096,-53.6398543082755,11.2990696045773,10.5323710345332
6.86274509803922,-53.9200107576728,-53.8160504520844,15.0359295063159,13.8360864504431
7.84313725490196,-53.3553318668893,-51.7108496150161,19.017063592646,16.2465395634322
8.8235294117647,-49.1749307964265,-50.2023045050437,21.3914026181803,18.087016572691
9.80392156862745,-50.7341450928424,-48.5623081754881,22.4122830630287,20.0743857292641
10.7843137254902,-46.9361642200001,-46.9421999392006,23.783979259036,20.9898919470623
11.7647058823529,-47.5519005921693,-46.732651646216,23.0688382424372,23.3574185090069
12.7450980392157,-43.4668095459321,-44.2909187899831,22.7511389569282,23.0156871289588
13.7254901960784,-43.9297028243151,-43.6133019398371,22.804473774955,24.4363887415248
14.7058823529412,-41.7070321087957,-41.8018255034849,23.2814473013963,25.4792629915721
15.6862745098039,-39.9607347785259,-37.5697973408331,24.4406254388075,27.3128756495173
16.6666666666667,-36.531696820114,-38.952031358094,25.9454108141539,28.1036062078605
17.6470588235294,-35.8858264541846,-33.5572467688905,25.7188208938662,30.0024699592502
18.6274509803922,-33.8197460034196,-32.6899023246339,26.1442365991348,30.9329289862557
19.6078431372549,-31.6851305257479,-31.4753365033208,26.3867827804653,31.2240732184278
20.5882352941176,-27.5875266908318,-29.6023318636564,27.9356915296149,32.0114808582556
21.5686274509804,-29.8571991784498,-25.0561175889953,28.7953338837933,33.5392869619344
22.5490196078431,-25.2377250989547,-24.337854996815,28.6896937858302,33.7476841635498
23.5294117647059,-23.9564533138939,-23.0393299025914,27.9225893286852,33.9224116159507
24.5098039215686,-21.4527465483081,-20.2634189833051,28.7529255290236,33.0364123601677
25.4901960784314,-19.2732391625057,-16.9670496028277,27.8519535846505,32.5891217151013
26.4705882352941,-16.6625756759397,-13.7726935477118,27.990236131238,31.6079637234045
27.4509803921569,-15.3045827664721,-9.94473397402689,27.0091070237102,29.6640590744692
28.4313725490196,-13.6213693691862,-9.5380292963879,24.9349573249492,28.5048161233863
29.4117647058824,-12.1142821682004,-7.19708543663017,23.9703054413497,25.8450123485293
30.3921568627451,-7.57874647665139,-4.14333838990989,21.3771211947413,24.7031911232729
31.3725490196078,-7.55730145880599,-0.223952737756623,19.259447114086,21.1287133479751
32.3529411764706,-5.20687094012865,1.25542476489899,17.59965287671,18.8216737855752
33.3333333333333,-2.66246497526426,2.97688287126023,15.8124563290363,17.2928168110288
34.3137254901961,1.29556354487735,7.81850880438422,14.2282943962574,16.0132416246152
35.2941176470588,5.4458385599364,8.27199789820757,14.6342006402565,14.3823925901316
36.2745098039216,8.64864736059939,10.4723658032413,13.0716202948062,14.2225024494929
37.2549019607843,9.48195268157938,13.9040718946507,11.7968531146412,11.7139581309151
38.2352941176471,11.4777722828379,15.9555182422746,9.94247643196676,10.0517520818206
39.2156862745098,13.7928488684575,18.210449308217,8.8585611136084,8.9047529928332
40.1960784313725,15.7845222994664,20.7873454651292,8.17309740379188,6.05589444832805
41.1764705882353,18.6449173395733,21.45700889663,6.06173816511068,5.8081426146069
42.156862745098,22.4695455500422,25.5398474873597,4.55690520967649,3.29637715615517
43.1372549019608,24.9402460537027,28.5595608786583,2.58916854557748,2.32656405793843
44.1176470588235,25.2358827793232,29.1672374313641,0.826255314859752,0.0254196222644746
45.0980392156863,27.4378742456548,31.0179218419081,0.529158647475634,-0.477564781049287
46.078431372549,31.0472690366995,30.6920282555026,-0.039838570071044,-1.455468340364
47.0588235294118,30.3431553819548,30.7233301097008,-0.522186569347963,-0.640829840133753
48.0392156862745,31.0851478630248,31.1537711776297,-0.85373746152451,-1.75528715776728
49.0196078431373,33.7174165892811,31.6489630305548,-2.90361651503086,-2.40253852853755
50,35.4776503867641,38.5378101581122,-3.01607995036496,-5.19806341197143
50.9803921568627,36.9473860752239,39.5576256987832,-4.83467118255583,-3.56761517066602
51.9607843137255,36.3792689232041,40.8944399455882,-4.626025302151,-2.89237843375844
52.9411764705882,37.5846182273948,40.8899230188999,-5.46818035780982,-4.35697163191533
53.921568627451,35.1005335876181,43.241775363768,-5.49387262568099,-7.61500141324446
54.9019607843137,36.7669831687174,41.6144688753952,-5.20708889520523,-7.77390833202071
55.8823529411765,32.8396918374956,38.9009960110688,-5.12676796638662,-7.38772457561899
56.8627450980392,32.6709686263855,35.8666552201571,-5.4794400768521,-4.71826434490798
57.843137254902,33.2616965126918,35.6208032938056,-4.78698585544724,-4.92507219398424
58.8235294117647,29.1874719976178,35.0548590226576,-4.48212211142002,-4.88879334967605
59.8039215686275,26.7181477598525,33.4395462080658,-3.28316333308472,-4.64013996488166
60.7843137254902,23.6889630245237,33.5631401490187,-3.08967747604307,-3.73364232862404
61.7647058823529,25.2049019191381,32.4358980802496,-3.77383076831615,-4.21986440282995
62.7450980392157,19.7698566476527,29.1183397187218,-2.98979433709592,-4.24716213811153
63.7254901960784,20.0334493545517,26.3585003023213,-2.36197872254516,-4.88702048548073
64.7058823529412,17.8469566531247,24.9941972493421,-3.23312964382564,-4.71813211581453
65.6862745098039,15.605491374085,21.6395858552865,-2.71026568732582,-4.45089306555274
66.6666666666667,13.4261478490246,18.0930646234985,-3.56264762522644,-3.45743790252613
67.6470588235294,12.4599035903088,17.0996718087038,-4.26836558922047,-2.99932453678542
68.6274509803922,10.8730877582911,14.9635287582743,-3.28969903372776,-3.72469866236556
69.6078431372549,6.59418434214787,13.8517902216145,-2.44688313772902,-3.53142577930159
70.5882352941176,5.78515527287736,11.2434851412911,-3.29602376368578,-3.68775556876344
71.5686274509804,1.64217916372235,7.63765149087919,-4.6045069447106,-3.41364103514569
72.5490196078431,-1.79790753244074,4.07993048860555,-3.57890545598536,-3.27027757881693
73.5294117647059,-3.81822498652338,2.34635307691512,-3.07457203114843,-4.43145924340078
74.5098039215686,-4.6119361223815,-1.27578189422949,-2.87834519330606,-3.96696346075436
75.4901960784314,-8.57600645185025,-3.75272845423788,-3.65217359091438,-4.13977951755827
76.4705882352941,-10.6341541455796,-5.87899444928615,-4.63169006168362,-2.45556087939628
77.4509803921569,-13.1174192957346,-9.93104385822588,-3.53821309463075,-3.23483930755004
78.4313725490196,-16.5529461843192,-11.8231824053494,-3.83874358113624,-2.40237939582025
79.4117647058823,-17.8348595938935,-14.7578465117812,-3.42607942183104,-3.79771579894735
80.3921568627451,-22.7057974953848,-15.593085329796,-4.1563307836257,-3.55409394174529
81.3725490196078,-22.368559018216,-22.1371321233418,-3.80671065437967,-3.61844434695603
82.3529411764706,-25.7700976836105,-23.7498875778883,-3.12123175681139,-3.29649552204644
83.3333333333333,-28.6606226355095,-26.6261178375539,-3.53629229606947,-2.76039902153543
84.3137254901961,-31.7693397716883,-30.7389881643859,-3.47832236480226,-2.00343830751655
85.2941176470588,-33.8126988177829,-34.2418742849008,-2.92056211682831,-1.64964595955409
86.2745098039216,-37.3182671787476,-37.4449246586599,-2.48453184436268,-1.06029605041265
87.2549019607843,-38.6544653506106,-38.3484504169909,-0.843200893829865,-0.824253289166032
88.2352941176471,-43.2416715644943,-41.3804175359073,-0.886158907483681,-0.285234231903472
89.2156862745098,-46.3580197927933,-44.4150554971312,-0.373059797149157,-0.614456600900915
90.1960784313725,-47.9122556648659,-47.9618503663642,-1.18332549022735,0.905929563946248
91.1764705882353,-52.5523329337056,-48.7371316368757,0.412774509191326,2.45438744879953
92.156862745098,-51.9456450892918,-50.7909849010778,0.505218754070378,2.04944071891812
93.1372549019608,-55.6456086076867,-52.6929661181791,1.21390092489359,2.36993859085069
94.1176470588235,-56.3468249577538,-53.2740847847676,3.08526119484766,1.7890693852439
95.0980392156863,-58.3525652552111,-56.9761493723386,4.80701360053487,2.84720770828849
96.078431372549,-59.0501978185164,-55.8834138918741,4.51605887119797,2.88572797383047
97.0588235294118,-59.5507495137341,-58.1773468397665,5.24565668434565,4.04687253706802
98.0392156862745,-61.0539178247058,-59.6304107897325,5.83559351488942,4.33805113249461
99.0196078431373,-58.4107195817874,-59.853411320943,7.59656961266308,4.52438579306816
0,-67.9483216467187,-70.3021562419791,5.24152662772351,4.3186200536117
0.99009900990099,-68.4405056558853,-69.5777272006501,3.98328774614457,4.61273363410871
1.98019801980198,-68.0420862765703,-69.4563416852338,4.2331233135162,4.54504381085306
2.97029702970297,-68.7487525206004,-69.2250635645396,5.20010573699687,5.46827245861998
3.96039603960396,-65.9766732880124,-68.1263894523759,5.46699341551329,5.16737531090006
4.95049504950495,-64.3861850715512,-65.3088634156554,8.11674964020009,7.46703365494116
5.94059405940594,-61.9738572048412,-65.8139787574551,11.2640363537524,8.45792983885636
6.93069306930693,-60.7343513976297,-61.9623739868808,15.4681002702916,12.894847058933
7.92079207920792,-60.4233967475212,-60.7624538612339,18.1040902109478,15.0611820722079
8.91089108910891,-57.7929469299546,-61.7809874524525,20.772844888027,18.3266846903373
9.9009900990099,-59.1488797821671,-56.731278311391,23.9429951537635,20.7698272271667
10.8910891089109,-54.4860219981793,-56.5964707427893,25.2769086578417,23.7443216552149
11.8811881188119,-54.4925429736295,-55.8277290920015,27.5283094326286,25.937771353687
12.8712871287129,-54.5346237327225,-54.3563394144908,29.2324029181513,27.1769821729242
13.8613861386139,-48.6084912750429,-51.7012724118788,30.457516649752,28.3411415894846
14.8514851485149,-50.8477507033463,-52.1806990747465,31.3784404194657,30.6651375950653
15.8415841584158,-48.4535160362733,-49.0906661755469,33.7461059722006,31.8514611789653
16.8316831683168,-48.5102323397826,-45.2038324798574,34.2986307361813,32.944651104814
17.8217821782178,-45.3711793057121,-45.5389006980974,37.0001304326745,34.9970310831337
18.8118811881188,-43.6293094061058,-43.6053005053405,37.8538360882874,36.6499794718001
19.8019801980198,-40.8389346392543,-42.8321082573261,40.0001188496493,36.6677940829012
20.7920792079208,-40.6110165578522,-40.2455473239785,40.2600918556669,36.8027052795187
21.7821782178218,-38.1523637695557,-37.5044747493893,40.3902484021637,37.0428585989217
22.7722772277228,-35.8078969882283,-36.9464114512556,39.5833948952017,37.4308403620961
23.7623762376238,-35.135760518537,-34.1366005531573,40.3117773318279,38.0382139990063
24.7524752475248,-32.6123909134719,-32.0668101342941,38.9211372270797,36.9376392931624
25.7425742574257,-31.1290628255152,-29.0516323690468,36.2839198460197,36.4258095771323
26.7326732673267,-29.5917053005847,-28.6946504391621,35.4818221424229,35.6173892627131
27.7227722772277,-30.021014832574,-24.571829118999,33.0127611021111,35.5900196651878
28.7128712871287,-25.553400388289,-21.89237134607,30.6738908873517,33.370835492305
29.7029702970297,-24.7194004110519,-20.0096849738561,28.5464617736312,32.8913382313923
30.6930693069307,-21.929509482295,-17.494730937845,25.7803645435031,30.4382523166837
31.6831683168317,-19.4908854678175,-16.4413533667505,24.5443630975345,28.2400990805934
32.6732673267327,-18.453210019581,-11.1001290436015,24.1986376981279,26.9514766206927
33.6633663366337,-16.0606192074145,-10.5908364439717,22.7726326496456,24.8164239486277
34.6534653465347,-10.842161070323,-9.39314843832175,21.2917324274506,23.2139578828208
35.6435643564356,-8.92105484196355,-5.18547742237345,19.618358956491,20.2914763218585
36.6336633663366,-6.14174201428475,-2.8381160017877,17.7851376096683,18.0542703562013
37.6237623762376,-5.42477634788813,0.104140043523768,15.5135976815639,15.6167420725678
38.6138613861386,-1.34110321252147,5.24702391235785,14.1358464794193,14.2113621459957
39.6039603960396,1.23795558314485,4.27597086538804,11.2393449465774,11.7949405278701
40.5940594059406,4.29708973508987,7.94111152924298,8.08705896610313,9.4128500091962
41.5841584158416,5.49694895076423,9.84861973077767,6.14741626612033,5.70887388477147
42.5742574257426,7.75279892634371,12.7790952275649,4.47442664026235,4.19395602301626
43.5643564356436,10.7012299963753,15.5413096095751,1.29832149416963,0.778788296002409
44.5544554455446,11.4110371091444,16.2003173323723,0.447982926347652,-0.500107576527178
45.5445544554455,12.4594079522493,17.014334264317,-0.341264352458313,-1.0937427234169
46.5346534653465,14.4004717977478,18.7436828576697,-0.976568308509195,-1.720956442645
47.5247524752475,16.7876152170117,19.1944466370316,-0.683464017620083,-2.16370941539205
48.5148514851485,16.6056285469572,21.1567712245064,-2.1226056994342,-4.17805793972064
49.5049504950495,18.8232523462653,21.8632342329492,-2.45122086551507,-5.11187869221559
50.4950495049505,23.0163452537581,25.0481973349871,-3.04752220207889,-5.20151865267644
51.4851485148515,24.4596135337816,24.1541624098397,-5.07724607626,-4.96180549025008
52.4752475247525,22.4106848342903,26.0778671047387,-4.87299681814856,-5.40272835285815
53.4653465346535,25.1412490324136,24.9398337776204,-6.94886504878084,-5.19387274488026
54.4554455445545,24.9506196368203,27.2271295038329,-7.18308511684368,-6.22978684529828
55.4455445544554,24.4664363034018,26.3535314755151,-4.88222516454059,-6.21170896758988
56.4356435643564,24.0997004589579,24.90150565713,-4.4775579793803,-6.16676011544609
57.4257425742574,22.8478941167496,24.8623039252655,-4.83748036427227,-4.69159094744412
58.4158415841584,21.7000359917768,24.2319064918122,-4.18246088532728,-4.59720743174207
59.4059405940594,20.2658042616331,23.1707186858813,-4.39921118974971,-5.59993379246108
60.3960396039604,18.0757396992101,21.2124379602136,-4.82760188630321,-3.52980026608651
61.3861386138614,15.2598240799112,21.0141487660939,-3.98018686901102,-4.42756364098263
62.3762376237624,15.0240358927504,19.4410994180315,-3.87074618611966,-4.30066670179517
63.3663366336634,13.0702421527616,16.2872820092957,-3.96160618685972,-5.00632342205212
64.3564356435644,9.38825263791252,13.2413893148704,-3.75669703531528,-5.17096322122732
65.3465346534653,8.04501442115251,9.98439041266542,-3.80333530625211,-5.05364853862672
66.3366336633663,6.91888215370822,10.4757746645681,-4.2132571193294,-4.8279926772886
67.3267326732673,2.79560741513746,5.23220537645818,-3.56969797752294,-4.54544273613044
68.3168316831683,2.7525069303735,4.46546316277819,-3.10999852018738,-4.9466301921143
69.3069306930693,-3.89568237512841,1.70661936439534,-3.59948049376131,-3.96175743871417
70.2970297029703,-5.75747983139944,-1.33302291192852,-3.96051406293193,-4.63760514235076
71.2871287128713,-6.78411136356749,-1.60279487832009,-3.65559730649763,-4.51407924255662
72.2772277227723,-9.8991535033894,-4.96327418902463,-3.47176841688843,-4.23206364566705
73.2673267326733,-13.9130884744606,-9.40489153762462,-3.45418486406841,-3.48975362348845
74.2574257425743,-14.8819776947992,-12.948633762536,-3.75526209506766,-2.84066470795379
75.2475247524752,-18.8056395791437,-16.6470656378875,-3.7054361867194,-3.91579288195975
76.2376237623762,-21.2593702980704,-18.6231135022471,-3.31565325265064,-3.43361964980124
77.2277227722772,-24.7846197382888,-20.607979882999,-3.55032213924161,-2.91668610811874
78.2178217821782,-27.2401667822567,-25.3044155959157,-3.29572281861303,-3.88545042616376
79.2079207920792,-31.8345562256584,-28.3363291668975,-2.81482087200397,-2.86231157290269
80.1980198019802,-31.8287507575582,-29.2424673485812,-2.80329905283145,-2.5490513440762
81.1881188118812,-36.0469268113125,-34.407236471992,-3.22911012934483,-3.57073144527231
82.1782178217822,-37.8700757139973,-35.7782136882475,-2.72809058990919,-2.17021066410456
83.1683168316832,-39.126031518693,-40.0121037476851,-2.12441063938308,-1.64427589003026
84.1584158415842,-46.7837720185817,-45.1045647488266,-1.42387477093681,-1.269640816466
85.1485148514851,-47.6712309644428,-44.4404489995632,-1.48173331220267,-1.41527852306746
86.1386138613861,-50.6183907449065,-49.554925432017,-0.283108395044352,-1.05643015437035
87.1287128712871,-53.0323116520608,-50.4479655571503,-0.497711605358679,0.226336962113385
88.1188118811881,-55.1589014927197,-54.682479446617,-0.0516156538444343,0.488413409419936
89.1089108910891,-58.5817751324507,-58.526027377653,0.0732475095600664,0.423111192003613
90.0990099009901,-60.812950057317,-58.0349384189689,0.634655338670382,1.13074914683074
91.0891089108911,-61.0513208477324,-59.3234865730002,1.03171321885399,1.700538385638
92.0792079207921,-62.5850565809809,-61.3713246600886,0.591377925784197,2.18234009641334
93.0693069306931,-62.6959696517975,-63.6420818390693,2.19429842066867,2.35220144748462
94.0594059405941,-64.3830778335478,-63.0277753291553,2.88584739082424,2.85883563010423
95.049504950495,-66.722148131672,-66.4501842345173,4.48142809863112,3.51490696363708
96.039603960396,-67.4928147515983,-66.8787387150756,4.15674855430847,3.90041086707398
97.029702970297,-68.4425285951797,-66.9292160257579,4.26263031183385,3.21594898986364
98.019801980198,-66.8140007538667,-68.2926440732236,4.42177826213142,3.7462486115004
99.009900990099,-67.9842192460992,-67.6755742051112,4.2698361127115,3.92459339052887
0,-64.3847138549248,-63.9235325212769,6.37561546140483,5.61826994980157
1.01010101010101,-63.8291322006175,-61.9979769229231,4.58964612315467,4.91949371912526
2.02020202020202,-61.6628969303406,-60.3443096022675,4.83800333516226,5.30470073340723
3.03030303030303,-61.0072011814932,-60.8687001101039,5.53038066524829,6.46834034945466
4.04040404040404,-57.6067225278799,-61.0967523253307,7.83430467475839,7.69808166552268
5.05050505050505,-56.8323155203487,-58.6833801908248,11.8011801893575,10.053214273658
6.06060606060606,-55.8568714008506,-55.3744878361206,17.3716898137299,14.3470216390752
7.07070707070707,-54.3682133874084,-56.8835504798329,21.4336199524092,18.6190352603298
8.08080808080808,-49.4454911972215,-51.2704987186156,24.5279277398407,23.5178332837774
9.09090909090909,-52.2377222279281,-51.8535751596931,28.302579515614,26.3594224339881
10.1010101010101,-47.7116517286441,-52.0300983068999,30.2403848780668,28.0600669112745
11.1111111111111,-46.4718815059074,-45.9892980783953,33.5374584292709,29.8815953731714
12.1212121212121,-44.0894780497878,-46.4944458418444,34.7433809665586,31.4252296373871
13.1313131313131,-40.5990881611498,-45.2139472092102,35.6449694587494,33.5354778477514
14.1414141414141,-39.7512013450125,-40.7350421372923,38.5241168954348,34.983033847785
15.1515151515152,-36.7138634148164,-39.5441763213513,41.0207066835543,36.6642202641825
16.1616161616162,-34.0406614250503,-37.0470571834124,42.4999820574802,39.9059420735887
17.1717171717172,-32.3426286306601,-35.1126421225589,44.8811497246418,41.4525486189681
18.1818181818182,-30.1748082384471,-33.4251927750372,45.9174132045942,43.7832410171043
19.1919191919192,-29.8166185290619,-29.6390193928391,47.1724699776068,45.8129679384033
20.2020202020202,-26.1308456339075,-27.7033448329828,46.5566447976374,46.6319314115495
21.2121212121212,-21.8049206083847,-24.5739197990769,44.9531896163395,48.7283719806893
22.2222222222222,-21.1761337043907,-23.0181361774108,43.4975976656176,48.7479875174825
23.2323232323232,-17.1093810185084,-19.5375322948755,40.3571103626299,49.0602273957003
24.2424242424242,-16.6535452606216,-15.49210536231,39.7104792912752,47.3140061025588
25.2525252525253,-13.6836369103627,-14.8211705768299,38.0060634467505,45.4015079968477
26.2626262626263,-9.38817952039255,-9.08542329632606,35.4593641424881,43.1943280140492
27.2727272727273,-8.95996189905857,-7.43093843763871,32.8875210905394,40.5626482972849
28.2828282828283,-6.41498621419577,-4.4609667272105,29.3304632146537,36.912958715684
29.2929292929293,-1.43171267770135,1.04477401445394,25.7164315071181,33.4962637376025
30.3030303030303,0.198121598530022,2.77144069558841,24.5078719996472,29.0590592584463
31.3131313131313,5.15726612383975,6.04855440888153,22.6701589900687,24.6594557513897
32.3232323232323,9.1305402386373,9.47527726955438,20.3542039238247,20.5959887846121
33.3333333333333,7.87571353790571,12.3858798165657,19.1788200767254,17.3406751493386
34.3434343434343,14.0619219047329,15.311119765048,17.8375827356517,12.5995008011391
35.3535353535354,14.8606065799393,19.8861083918332,14.8843715093072,9.30326121912558
36.3636363636364,19.6978417911238,22.7582096887119,11.415516750239,5.18552155175754
37.3737373737374,21.6209390083068,22.4361245179877,7.83406612074201,2.18483820582428
38.3838383838384,21.9195320436853,26.4626336558316,4.23686516287936,0.348696291609128
39.3939393939394,24.6819097927626,29.5946181807072,1.00660736717362,1.85865032439309
40.4040404040404,26.6535811581965,29.9319416426365,0.62416623851539,0.754245975645432
41.4141414141414,28.5697216659757,32.7971040466372,0.127760061781771,0.0241223147459921
42.4242424242424,33.2430313249743,35.3026930737987,-1.35143922921906,-1.4385471458915
43.4343434343434,36.2964762348018,35.5157466173295,-3.45879290609207,-2.4268618142708
44.4444444444444,38.0265782906566,38.0069102043409,-3.11109526831496,-3.11306245470078
45.4545454545455,39.1914592095652,39.3649897523593,-1.49373323063474,-1.95983806952119
46.4646464646465,38.0039836947232,39.0982788639001,-0.93152188794354,-2.51602578967193
47.4747474747475,39.191358357346,40.1411458722092,-2.10637061653279,-2.9764517286799
48.4848484848485,39.4470482567601,39.3629277960992,-3.21205325286726,0.127551654089135
49.4949494949495,38.2054298914581,41.8272413744463,-3.4663691760526,-2.61947537991799
50.5050505050505,36.822159341645,40.2504680519078,-2.09425263388909,-3.19676246362621
51.5151515151515,33.7866490556499,37.9112453001204,-1.93551310735003,-1.52964541021532
52.5252525252525,32.6440181982455,38.3906491036219,-1.28616306073952,-1.95674230488339
53.5353535353535,32.3897587917634,36.0664005905575,-1.71343309416837,-0.649469186049931
54.5454545454545,29.6396967366949,33.3894118664158,-1.14833855384847,-1.39271851861824
55.5555555555556,30.0970635807564,33.9146317901565,-1.56103649993145,-0.928181211635471
56.5656565656566,26.5428602703155,34.1600281809076,-1.78397481196734,-1.05695181730569
57.5757575757576,24.9238765858083,32.2501642848235,-2.94640689689443,-1.45484018630717
58.5858585858586,24.1355653861518,31.3303788282459,-1.60924397316053,-1.76305526866175
59.5959595959596,20.1070174199227,28.9461065619621,-1.97593430528283,-1.22497631690745
60.6060606060606,19.0419581303096,27.2961945632353,-1.50254977433604,-1.4387151314239
61.6161616161616,16.9192477452529,25.0961132905058,-1.12406399157979,-2.40127857222278
62.6262626262626,13.6786216768923,21.9346131632945,-0.648283516291152,-2.90936667071743
63.6363636363636,14.5200850877713,21.6315082940471,-1.97114014296818,-2.43058238777242
64.6464646464647,12.0112687845857,20.3249887211151,-1.85525822781865,-3.13654580496267
65.6565656565657,9.23876644773231,17.3882370578581,-2.58233811722685,-2.43613464163108
66.6666666666667,8.88993278956693,16.8780616215729,-1.82535872323628,-3.18424734077126
67.6767676767677,6.21471164772039,11.992813369192,-2.02214926105744,-2.12136816193791
68.6868686868687,2.97160933733098,11.6662811189288,-2.18245855839926,-2.74441758672159
69.6969696969697,1.20017776086659,8.12806421062931,-2.14158312357728,-2.37581185333844
70.7070707070707,-1.04889575141862,4.34489645182033,-1.70734082570125,-1.68457955610693
71.7171717171717,-2.92571276897208,3.3150583696148,-2.32093945072353,-1.57632632221341
72.7272727272727,-5.19715618966177,3.48387870852554,-2.57130957292314,-1.3611083836872
73.7373737373737,-8.17895686374973,-3.29005194198869,-2.88012404772131,-2.48722525301494
74.7474747474748,-10.5992717988528,-6.56254538416459,-2.36267280125643,-2.11563150190686
75.7575757575758,-10.310588414086,-7.17582554500523,-2.16443095179883,-2.08445934633705
76.7676767676768,-14.2783553099445,-10.3140644553416,-2.76766227906332,-1.34958373192107
77.7777777777778,-17.0140400109118,-13.7146986782233,-2.53498781065298,-1.67540159064703
78.7878787878788,-20.0379776173162,-17.8645314106259,-2.25570368228604,-1.80487303204851
79.7979797979798,-22.4950597475344,-18.2339489561666,-2.86162924069906,-1.15100369576521
80.8080808080808,-25.9733658570294,-22.7470111191748,-1.76689312208887,-1.43928889768859
81.8181818181818,-27.2390973004414,-24.1965178689434,-1.45650512315843,-1.26278213190326
82.8282828282828,-31.178804054933,-25.9499072166522,-2.13199167243154,-0.81743369146553
83.8383838383838,-34.736506210593,-30.6250515651681,-1.2526236670842,-0.134107658919934
84.8484848484849,-36.3261506921591,-34.6892618539882,-0.819238552457009,-0.205392340404547
85.8585858585859,-39.2496640641041,-37.65178628034,-0.350018414427136,-0.452258050401695
86.8686868686869,-44.249770555495,-40.4918278695797,0.348185425347527,-0.146104144241112
87.8787878787879,-45.766273482209,-43.0163458442681,0.757441593789525,0.378265216660511
88.8888888888889,-48.4459581134324,-46.3361542368946,2.03348114653543,0.975959379379487
89.8989898989899,-51.8708872182473,-48.7044759479912,2.10949787833162,1.45628791039
90.9090909090909,-50.9323476654148,-50.6629744653844,2.14555331522361,1.08596328356287
91.9191919191919,-54.7768106852454,-54.6229793887693,1.81196945361276,0.934001322779834
92.9292929292929,-55.6822472615983,-54.8408952164893,1.86667731291833,1.49434360255552
93.939393939394,-57.1851778759112,-56.4467791994592,3.54092525212393,2.175021007745
94.949494949495,-57.6976590472523,-60.5769841597506,4.0238917472386,3.50849789858305
95.959595959596,-58.9712696674214,-58.1576575572067,3.75582964579239,4.79118636723147
96.969696969697,-59.9203760014722,-61.1886931360592,3.80871615692835,4.60988944716565
97.979797979798,-59.2997996969843,-62.5846944466298,3.53371200261747,5.32988234153265
98.989898989899,-61.6783957394508,-62.9476974876518,1.88731322452594,5.35334258879383
0,-49.6763715898969,-54.9882210713368,5.32487844118777,3.55888008631915
0.980392156862745,-46.5780314068448,-55.6224761569348,5.08396987889104,1.06680833866323
1.96078431372549,-46.3402492234126,-56.572799638193,4.86865685270236,1.75778280984982
2.94117647058824,-46.606481867694,-56.2803554117911,6.53345664835833,1.70298212043373
3.92156862745098,-45.409997101616,-56.3092030656728,6.04011541089315,2.88987624095706
4.90196078431372,-44.5532472482052,-53.327619557635,8.32903932688131,5.22833640457957
5.88235294117647,-42.5314085904283,-48.4364055253178,11.7878382152046,7.31188707896266
6.86274509803922,-37.7007340865149,-48.7827568595023,16.2806836273488,9.51789534338247
7.84313725490196,-36.9253289787707,-44.6133465157728,21.3299051043352,14.3931980910968
8.8235294117647,-35.6278926278338,-40.1820466342454,26.1237009493261,16.1375297005778
9.80392156862745,-30.8404017275696,-41.381223299299,31.0056605467035,19.5531482791309
10.7843137254902,-30.8976604231038,-37.9025534792412,33.1765921892338,21.8268006084893
11.7647058823529,-28.7971638109366,-37.4567986769136,34.7559676275136,22.8704512176638
12.7450980392157,-27.0859032204893,-35.4248568911093,37.5646618231598,24.3883126809184
13.7254901960784,-23.88390791417,-31.5116431071344,38.9083592826981,25.8641039937139
14.7058823529412,-20.1906285821008,-32.9115169162931,41.5152671156586,27.0764253688131
15.6862745098039,-20.089867761757,-30.2906877018653,43.1893327911436,29.2283910273966
16.6666666666667,-16.7285276143117,-27.3471650248845,43.3762427899758,30.8321178726552
17.6470588235294,-15.224648472406,-24.4857466537182,42.4488892107942,32.5922853905441
18.6274509803922,-10.6206773497647,-23.0824912638724,42.4105094887802,34.4860902060046
19.6078431372549,-8.65897617138727,-19.7784452640872,41.2653044228271,35.7441216247691
20.5882352941176,-6.38818951402119,-16.8947244866682,39.7680187074987,36.8686055841749
21.5686274509804,-4.63802103129431,-15.3223551816913,37.4589386274193,37.1513199751984
22.5490196078431,-1.81008457451347,-11.1410062756123,35.5974079350804,37.5198101795455
23.5294117647059,0.823850568375069,-10.1640673246489,32.6098381029852,36.4261374488786
24.5098039215686,1.27173691993791,-7.32137064862614,30.3699098855763,35.1960444038744
25.4901960784314,7.50633837352643,-3.63529330530873,27.3959214550524,33.0898490691969
26.4705882352941,8.91703559535093,-1.09981861729315,24.4601557637307,30.6104706751114
27.4509803921569,11.5387797205146,0.959022293157952,22.2210190548292,28.4477658836256
28.4313725490196,15.1584026325027,5.14898697362869,19.8892695189649,25.3218429288621
29.4117647058824,18.3657820329502,6.73093609168,18.2924774553838,22.8730103855638
30.3921568627451,20.7275971344386,11.0238030919472,15.2859721669841,20.2694583837802
31.3725490196078,22.4719962780731,14.6234289833726,13.1394338303359,17.0995618771144
32.3529411764706,25.4574181494013,15.9371331746276,10.1009275265237,14.2813545337029
33.3333333333333,27.4067391505172,19.9096709198304,6.94254745844025,10.710320754177
34.3137254901961,27.1501785909824,19.6308341621673,3.60335470393321,6.76493405736009
35.2941176470588,31.6834881861616,24.0441203510314,2.75759267915125,3.34283961196248
36.2745098039216,32.7427004491008,23.8033572685402,0.570181571823587,1.0191601969643
37.2549019607843,36.1688842323574,27.2182121363382,6.70814410426712e-05,0.102239464271542
38.2352941176471,33.71759919638,29.4584683314367,-0.762661894683126,-0.418058389597594
39.2156862745098,37.5440392508598,26.2731197432412,-1.57225090225236,-2.23142205963931
40.1960784313725,34.5905122723933,29.6563471610475,-3.19778168699505,-2.5257039075538
41.1764705882353,37.7586216029879,31.693918272448,-4.43634559810873,-4.7068618519344
42.156862745098,38.8824248043608,33.447695675064,-3.3200701692554,-5.11096877149975
43.1372549019608,42.0350217334142,33.391579091,-2.20239151805219,-4.01326972920962
44.1176470588235,40.2116856998947,35.0488191652902,-0.934063365169359,-3.68130540359776
45.0980392156863,39.2033937266015,35.9087314942312,-2.22705433944304,-3.34255718344891
46.078431372549,39.4544075471109,35.4057949605379,-2.49316175099823,-3.01539239131943
47.0588235294118,39.635968562803,37.275084313132,-1.42359306460143,-2.41880880169987
48.0392156862745,39.2480030132311,38.3878214005727,-2.18156254362111,-1.85755451650273
49.0196078431373,40.7572175975125,36.5020934013852,-1.76996531915606,-2.30484989879606
50,39.0893826014474,35.2252972763152,-0.989975558476504,-2.16125329311984
50.9803921568627,38.1091383889594,35.101458448175,-1.71071479003492,-2.23470500620979
51.9607843137255,38.8162995947259,36.0424730746703,-2.42369239976314,-2.26039649602976
52.9411764705882,36.7626009873897,35.1910574401512,-0.880935652328737,-1.84261367083267
53.921568627451,37.4295588715653,33.9508314547909,-1.30302493637842,-1.65676540850553
54.9019607843137,34.3617205283381,33.4909840773835,-1.03670915995259,-1.94383886068187
55.8823529411765,32.3279198078329,32.2926346789281,-1.53204971692867,-2.26875782654274
56.8627450980392,32.6446460470419,30.3431114904919,-1.59924142452798,-2.07061012552173
57.843137254902,30.5429995444482,28.1310544169212,-1.3757916306456,-1.33034581604191
58.8235294117647,28.3532843899901,27.8548478386629,-2.35446254831187,-1.55893207340202
59.8039215686275,27.6147529773893,26.409196074702,-1.35619685277558,-1.38252910571918
60.7843137254902,25.1476794789023,26.3678150991316,-1.97093432534805,-2.55601416365529
61.7647058823529,24.3980747249123,22.9671554787747,-1.58927617564814,-1.84047381748844
62.7450980392157,20.3952164195457,19.7545803948553,-1.42395451734074,-2.02854148964473
63.7254901960784,20.0494074834245,19.5106852462064,-1.58889554423866,-2.19089058346373
64.7058823529412,18.7524547386702,16.3659316747817,-1.58877532045171,-2.13463553414749
65.6862745098039,16.8050569232339,14.7103033279395,-2.0109097611736,-2.42132621836696
66.6666666666667,13.9285284985935,13.3831388169056,-1.94378316195715,-2.73929315506625
67.6470588235294,12.3130488727864,12.4060103216333,-2.68552930911753,-2.06197770455402
68.6274509803922,9.66364381047029,9.72562867542641,-2.04331192065236,-2.04744995955536
69.6078431372549,10.2136428778218,5.63023992660031,-1.56682752212048,-2.36666294100206
70.5882352941176,6.53872552534068,3.79774291285926,-1.25587993453916,-2.76898094813749
71.5686274509804,5.97200696767531,1.79688676550795,-2.02705787650047,-2.22923068330707
72.5490196078431,4.46949317825687,2.17552546455031,-2.06871798213369,-1.66442068123147
73.5294117647059,0.683682178164392,-2.57206757752027,-2.6929977124025,-2.10991128047607
74.5098039215686,-1.97156287430039,-5.22330641781573,-2.12996475262414,-1.04423139170939
75.4901960784314,-3.43061561753703,-6.30114950914197,-2.5490987264918,-1.81858278467821
76.4705882352941,-5.82767376042734,-9.04567592478962,-2.03454257580733,-1.5173316828706
77.4509803921569,-7.54746406285334,-11.4255909485713,-1.9045462137314,-1.55791225450883
78.4313725490196,-8.22008133961791,-15.2178437074212,-1.3704179089023,-1.65265786854177
79.4117647058823,-11.4272037874211,-18.5515633023108,-1.33971073493205,-0.686371805196376
80.3921568627451,-13.5951226929007,-18.4862820527297,-0.872379872863106,-1.56837692871809
81.3725490196078,-17.7609459829757,-21.0233013498479,-0.577124245147651,-2.0685664655177
82.3529411764706,-18.2244138265085,-23.8619619622231,-1.0210088227907,-2.38359923096844
83.3333333333333,-21.4682536461581,-24.4315626119065,-0.00695327923429812,-1.30318513914141
84.3137254901961,-22.29726685256,-24.307674997013,-1.46927808351665,-1.35263316785859
85.2941176470588,-25.61948706619,-26.6127520582107,-0.575519562345569,-1.28412475974522
86.2745098039216,-25.9731466670481,-26.5828896589968,-1.65773799265724,-1.30343949410273
87.2549019607843,-29.0054399506459,-30.0218256132277,-0.650397488582573,-0.699134338518039
88.2352941176471,-30.9006859792389,-33.3025561619977,0.0597867887932031,-0.997953211157165
89.2156862745098,-33.9503985775616,-35.5148811194882,1.19835516123296,-0.445763879297641
90.1960784313725,-36.8322310913692,-39.5308608928016,1.33212480690949,-0.221907635582528
91.1764705882353,-38.3510714089236,-43.4204844190906,2.33059449626395,-1.08121808547467
92.156862745098,-39.6810894369899,-47.2719949896459,1.85888356222848,3.22631578918987
93.1372549019608,-43.6267983176643,-49.8239754837487,3.00320671547487,3.0291022329753
94.1176470588235,-43.2566569441678,-53.1734237691932,3.63510124401534,2.69163215326302
95.0980392156863,-44.4103306343169,-53.4389524790591,3.85367821507644,3.54883328441379
96.078431372549,-45.8211542133725,-52.0154727119707,5.14973569996726,4.58198883098942
97.0588235294118,-47.64158666512,-55.0805638697833,6.454692492687,5.49335744733481
98.0392156862745,-47.5913390902684,-56.3679371107255,7.14981232481313,5.23546789099526
99.0196078431373,-46.0037260114291,-56.763952248178,6.9718618144086,5.29077426470129
0,-69.9008868271956,-69.41948859776,4.18350082786535,5.16542716866302
0.980392156862745,-69.1415616617217,-68.1370181596688,4.84091458193063,3.84343944005495
1.96078431372549,-69.0918341451822,-68.4033282456543,5.89462564836077,4.56609144681815
2.94117647058824,-68.9870362994533,-67.51644403694,7.22790125691113,3.5228151553857
3.92156862745098,-69.7381898193036,-65.6720799840427,8.0645851426476,5.49275991388217
4.90196078431372,-67.1424366731412,-64.1152052747216,9.13788957280279,8.26246584866315
5.88235294117647,-66.1257587609479,-64.8831640534635,12.2569854956966,11.0265325563208
6.86274509803922,-62.1670829824239,-63.7468052164449,15.9511280076304,12.4754312197164
7.84313725490196,-62.2822370347972,-61.5958875805448,18.9554955553842,15.0536811203033
8.8235294117647,-62.3337532925543,-59.5098875523922,23.1523604343235,15.8631437099308
9.80392156862745,-56.8159362609478,-57.6858608524702,25.8947383556903,17.3513442882009
10.7843137254902,-57.8651001148451,-55.8363464918397,29.6421205881395,18.6688190756247
11.7647058823529,-55.043295630791,-55.2089948275997,31.0894618938342,20.1548380571215
12.7450980392157,-52.9879237578276,-53.5460092820937,33.3072729074694,20.9106955775926
13.7254901960784,-55.2655034158248,-52.4492045668455,33.4614110368709,22.4464219075576
14.7058823529412,-51.1001799489854,-50.6799550481462,36.1832118176755,25.0991475591746
15.6862745098039,-50.3769789058194,-49.5484696301124,37.3556807040893,27.1615654556536
16.6666666666667,-49.0078711321054,-48.507484428511,39.0401465654533,29.3714611565898
17.6470588235294,-45.5420192155096,-47.4060162260767,41.0369876260453,32.6052414462471
18.6274509803922,-45.9398234675439,-44.6173244351896,42.4387581569794,33.3264007037518
19.6078431372549,-42.175380324024,-42.2192590659614,43.7510706793742,35.4030444102409
20.5882352941176,-40.4346775232222,-39.1815347036406,43.3828894972011,36.2308310453411
21.5686274509804,-38.119959243863,-39.9085516354937,42.8784029769791,37.3896260414328
22.5490196078431,-38.6665061490791,-37.9256138629542,41.695761605246,37.5872133010616
23.5294117647059,-35.0438854201905,-36.0050722492852,40.6143216001261,36.9867339582193
24.5098039215686,-34.5029433219214,-33.0502912813696,39.5681333928688,37.7037833625634
25.4901960784314,-32.7491828499833,-30.98025695024,36.6050494760205,36.3477765497178
26.4705882352941,-29.574347637367,-29.8530459972255,35.4246763683734,35.7001452142007
27.4509803921569,-29.2526454285598,-28.0741686063765,33.7895144307912,34.6173699895597
28.4313725490196,-25.8913373770962,-26.9568220625412,30.8812125525301,34.7143397757523
29.4117647058824,-25.033320279186,-22.1152060691597,28.1019363316013,33.5114009323963
30.3921568627451,-20.6317113821612,-18.3971610276269,25.6998979305116,31.8293810200944
31.3725490196078,-20.3472778911456,-17.6079109416512,22.0976395130703,30.8008183814775
32.3529411764706,-17.6673369721294,-13.7328756561578,21.4017962565204,28.6210443005957
33.3333333333333,-16.2123491525433,-11.4814285158046,20.0544800802097,27.6484357142588
34.3137254901961,-11.223035811567,-7.90584386127429,19.1729507205005,24.6704165361962
35.2941176470588,-7.95030649181993,-6.26205243887842,18.129571885868,22.2497725688283
36.2745098039216,-7.1631274608012,-4.02378251547267,15.9555965437601,20.5148342378674
37.2549019607843,-4.30589286033047,0.454302663069789,13.7343752813909,18.2354950592288
38.2352941176471,-3.52143643460915,2.37500831015399,11.0949108504235,16.5272512229294
39.2156862745098,2.64823673235237,4.4869618969444,8.47193404489486,13.4705576933825
40.1960784313725,3.7931284788915,6.78466268403634,6.66354683869146,11.435899728667
41.1764705882353,3.40741148916531,9.22529087576064,4.65052260337397,8.9139029195287
42.156862745098,9.99805665999266,12.8009989110481,2.71023358612779,4.8235418221219
43.1372549019608,11.8925091564143,15.8947711285836,1.35670096846147,2.32021642762529
44.1176470588235,12.0871122325735,16.787162433467,0.480339601172084,1.02988396206826
45.0980392156863,14.7211654300725,18.2660697290227,-0.498515552233888,-0.846290969595122
46.078431372549,11.8222375872106,18.7227745091169,-1.22572266092653,-1.64413315869303
47.0588235294118,15.1187886926025,20.5895866149871,-1.50779131436961,-1.68677114585033
48.0392156862745,17.8555347025634,21.9610947809569,-1.00099964129917,-2.92965088289372
49.0196078431373,20.6950587348438,24.9203643517182,-2.19837370121645,-3.86066230758385
50,23.2724997762277,25.2711741566045,-5.28733486281987,-4.91467170194459
50.9803921568627,24.2904931978525,26.6170144854444,-5.51495112465803,-5.17730399492117
51.9607843137255,26.1218615917805,26.3930109242133,-5.55415155456306,-4.49841231326374
52.9411764705882,24.8164209101861,27.593083631339,-5.65449354277205,-5.09068688475162
53.921568627451,22.9712067478322,28.6818649277059,-6.40550921342309,-4.61819636687521
54.9019607843137,24.5763478677114,27.4945527398478,-5.56706577454971,-5.29379860662044
55.8823529411765,24.0300218698251,26.3982947503498,-4.34112071233661,-5.92842466860497
56.8627450980392,24.8195710296397,27.7441811463258,-4.05555963826556,-3.94786510109046
57.843137254902,22.5803715267351,26.0336561148982,-4.42541963052842,-3.59926686899914
58.8235294117647,22.8697996114096,24.1285213987609,-3.71596852751067,-4.35760536297115
59.8039215686275,19.1780661823834,22.3786004341133,-3.54215730072653,-3.12399924440102
60.7843137254902,19.0294324222327,21.2435434449458,-2.98829111805994,-4.82642172868984
61.7647058823529,18.2653526146404,19.7355887803183,-3.58169503099113,-4.0761637284165
62.7450980392157,16.290337932547,18.6106563595862,-3.53628134389797,-4.21228386548163
63.7254901960784,14.0607508124056,16.5817065918645,-3.52605166342258,-5.67921722008243
64.7058823529412,11.5473098329019,13.9574732570819,-3.17844777589481,-4.13904194535653
65.6862745098039,7.70029465609022,12.8025520157647,-4.05892758536663,-4.69438125846566
66.6666666666667,5.57649766300244,7.54330851880635,-3.47461518222065,-4.26681515975667
67.6470588235294,2.58296649660057,7.88491838787648,-3.45075866003243,-4.69121469857755
68.6274509803922,-0.171895144380942,3.21249714958529,-2.78677320251218,-3.92175554010272
69.6078431372549,-2.1900760581176,0.677686279377544,-5.143402252453,-4.55414574806427
70.5882352941176,-5.89204904480576,-0.0640945408522606,-3.54965772953011,-4.23851914887642
71.5686274509804,-7.98662376560945,-3.5769415886394,-3.09590800526325,-4.92281464450368
72.5490196078431,-11.5417033923084,-6.09392946508232,-3.83858139142038,-4.27032268535285
73.5294117647059,-12.3164327574786,-8.44349067034753,-4.15272954846751,-4.11347553719919
74.5098039215686,-16.4831561666745,-10.7994695232753,-3.92832136317103,-3.95473625096781
75.4901960784314,-19.3049564234653,-14.6026073299567,-4.19304707589498,-3.84762985640004
76.4705882352941,-23.177417194022,-17.8309410823542,-3.3418446476761,-3.61748112555418
77.4509803921569,-24.6317812718725,-19.923093103414,-3.49777646751272,-3.66695254700323
78.4313725490196,-27.3603876946707,-25.8973556247785,-3.7873767382649,-2.96814674808565
79.4117647058823,-28.4783083731796,-30.1220055771289,-2.99355348117895,-2.77376850931385
80.3921568627451,-33.7195253038134,-30.7353699482712,-2.61106101699046,-2.97596580986194
81.3725490196078,-37.7841144502755,-32.9670233197139,-3.1017784895774,-2.70469108701124
82.3529411764706,-38.7017545330681,-38.5373679897915,-3.20715323057114,-1.52756206491227
83.3333333333333,-41.833301066888,-38.9691126036608,-2.07472206094242,-0.849120185850109
84.3137254901961,-42.7165089654722,-43.2114431099692,-1.5313167984712,-0.948444826314862
85.2941176470588,-47.8747887590296,-46.9242792732099,-1.15648416983425,-1.09874903384761
86.2745098039216,-50.3421915693037,-48.1232948110972,-0.554843344156634,-1.40004745137135
87.2549019607843,-51.5415925400399,-52.1808507971814,0.525287064042694,-0.0603541623423144
88.2352941176471,-56.9500778053868,-55.5942070533101,0.298129663274764,-0.245694702369355
89.2156862745098,-59.2547993634769,-58.270002991614,0.534406174093972,0.017625173920534
90.1960784313725,-61.302277432464,-59.8825248098738,1.36298454515286,1.17317107441785
91.1764705882353,-61.9326953342235,-62.612119622902,1.14637987547924,2.4855633884578
92.156862745098,-65.3328239318332,-63.803242477056,3.34838015882535,2.09743719180465
93.1372549019608,-66.1456499042305,-63.3790132896408,3.01902106361341,1.94727881019706
94.1176470588235,-66.6885886760983,-64.6612537147045,4.0726930164725,3.31225221634371
95.0980392156863,-69.1095201688339,-65.1996561575167,4.96952663156485,3.29985800940352
96.078431372549,-68.9756128672942,-64.9039655463897,4.58889273269205,3.59992213926257
97.0588235294118,-69.5796884717068,-67.4607162120425,4.8365040865485,3.24807987438095
98.0392156862745,-69.7205536693277,-67.1104789888974,5.03138533021932,3.63412973456477
99.0196078431373,-72.3119083234317,-65.5819258886598,4.82387798387783,2.77928326013351
0,-61.1297412438265,-73.7569940526656,8.0122237342831,4.76255375238734
0.99009900990099,-61.218502127708,-72.4817314515902,6.42481349046479,5.21759897859415
1.98019801980198,-61.927952685811,-71.7530200093878,5.55586424834789,4.47912269410653
2.97029702970297,-59.6993530803511,-71.4007852376393,6.53367808450324,6.04625397418618
3.96039603960396,-55.9951727800067,-67.8941151530398,8.84659091016357,5.04490045595462
4.95049504950495,-56.1657658193977,-67.079815119161,11.6141136764366,6.55466687498149
5.94059405940594,-51.9818528604457,-65.0596870874727,16.8317977467212,9.6650497379908
6.93069306930693,-54.0573176672004,-66.6837320046193,20.4619930477446,12.6216958525351
7.92079207920792,-50.6047364799521,-65.0206870613845,23.4541757580321,15.7615251605313
8.91089108910891,-48.9494196934142,-61.9420604561471,26.9095441080526,18.6508114566191
9.9009900990099,-46.3513486667313,-60.1117804890769,29.7333350934196,20.2927157246506
10.8910891089109,-45.8385837767833,-59.5696078717399,31.8247447364481,22.8184843374316
11.8811881188119,-42.476002100506,-57.748333693666,33.9656696208179,24.4384177457066
12.8712871287129,-42.2206440256415,-56.0832171108177,36.3587414159648,26.6177112667245
13.8613861386139,-40.4513116045804,-53.285442955235,38.7317492384091,28.4596843332382
14.8514851485149,-38.6838329108779,-50.049892526486,39.9621154995859,31.1162141818292
15.8415841584158,-36.9721307293425,-52.0356315459517,42.0703460576897,33.3072377688595
16.8316831683168,-34.8596623606768,-48.4165730058567,44.501473537993,36.5230553730198
17.8217821782178,-34.3357192958564,-44.2693021617581,46.0447531869303,39.7246758474198
18.8118811881188,-29.1471730845744,-41.511237041155,46.6836019569214,41.0990182533456
19.8019801980198,-27.482538531328,-43.2835704382133,47.817622527756,42.5830798716182
20.7920792079208,-24.6128348520244,-40.188870267782,47.0588727960068,43.8134386702295
21.7821782178218,-24.9394055764076,-37.5613512696184,46.5305949544825,44.2258931971321
22.7722772277228,-22.4810232641016,-34.4498792094111,44.8631466201085,44.9008696967536
23.7623762376238,-21.2537713232347,-32.9079461453826,42.9002185004623,44.1120791064228
24.7524752475248,-17.8014276448845,-30.3967388355743,41.1908141781187,43.3671458185155
25.7425742574257,-16.253113284602,-28.8394968286169,38.6369066162047,42.9343927927306
26.7326732673267,-13.3946186204712,-25.4563743294859,36.3227680547931,42.1195526686986
27.7227722772277,-9.44318003473696,-21.8699813265047,34.0390530777255,40.264776335423
28.7128712871287,-7.82015134906712,-21.5437411635236,31.4526708330435,36.9852672287063
29.7029702970297,-6.94347548459328,-18.1169770943416,30.0384329760955,34.691974044694
30.6930693069307,-4.12017297181558,-15.8591962520371,28.8593068489807,31.7366167136334
31.6831683168317,-1.28620464500364,-11.7279380800501,26.8851884605767,29.146756325181
32.6732673267327,1.50710863851082,-9.2393837446198,25.7295803706964,27.6415873350443
33.6633663366337,3.22237624612534,-5.32350116585962,23.4140810377208,25.5472828568051
34.6534653465347,7.25444358444152,-2.92898630581561,20.9370465739475,24.1199837102545
35.6435643564356,8.25858219756963,-0.769616618221911,19.3922962025557,22.1727416783845
36.6336633663366,11.8116460028294,1.59730811552208,17.0880673977822,19.7135480645989
37.6237623762376,16.8852216540768,5.03553445151315,15.3199605508794,17.8517615562973
38.6138613861386,18.1437724795161,6.79888108567367,13.2331694591805,14.6728414370541
39.6039603960396,22.3641301346579,9.57115828478537,10.0859466899628,12.3905486611319
40.5940594059406,23.4832632767759,12.732024755801,6.50668136829093,9.25519146924902
41.5841584158416,24.875873068468,14.679234280496,4.33845550795382,6.49287092367242
42.5742574257426,26.4817191167621,18.8741075608724,2.31701616949493,3.77670754030507
43.5643564356436,29.0533329293166,19.9210802665061,1.58005064954353,2.15776653542994
44.5544554455446,29.9470220732113,19.5243748894318,-0.238088311972262,-0.0668540772588248
45.5445544554455,32.9401875295582,20.1744654151433,-0.602488059603878,-0.36054900971897
46.5346534653465,32.1549532443509,21.1931403911683,-0.406762594330414,-0.776320343396339
47.5247524752475,32.3033866506997,22.3353875070754,-1.43805450868715,-0.744496449045734
48.5148514851485,31.8654912920521,22.9631878032728,-1.70465199153126,-0.982708076267474
49.5049504950495,34.4833096420577,24.6404997849455,-2.36095905471088,-3.25530909865739
50.4950495049505,35.4329024325145,26.6069003982323,-3.19031820194067,-3.72844735099921
51.4851485148515,36.5714594304191,29.0599881963281,-2.26531754116319,-3.36399239704301
52.4752475247525,37.8384460050179,30.5135909896086,-1.68668812970073,-4.76881291635883
53.4653465346535,37.0546198039978,29.4385668894799,-1.2419679535347,-1.78405295479257
54.4554455445545,36.5340345654093,30.7731617930123,-1.41339784446462,-2.69680770412521
55.4455445544554,37.29904827079,30.5740591131623,-2.6788352276179,-3.00089988311644
56.4356435643564,37.8539436435349,30.7194185003998,-2.5509773140499,-3.0141666512388
57.4257425742574,35.4924288089075,30.4948314237258,-2.94553318206562,-3.68550722909241
58.4158415841584,34.0561081102047,28.3376355484107,-3.617861345417,-3.27914870760456
59.4059405940594,33.6189786833454,27.3488862023515,-2.99057370112846,-2.41094534891691
60.3960396039604,32.8328090261634,26.9018938070871,-2.13440253316498,-3.40964637466907
61.3861386138614,30.2528143497491,26.3118341882565,-2.20762834721335,-3.24884520746694
62.3762376237624,29.6321991882452,23.2844899042412,-2.40673411983434,-3.14992350974213
63.3663366336634,27.9596877286708,22.159589313336,-2.73430617278994,-2.88755893733013
64.3564356435644,24.9845347918229,20.6978517447338,-2.74216033725451,-2.44508339505334
65.3465346534653,23.7210047025574,17.9140367742476,-2.43364939810844,-2.88891568244991
66.3366336633663,20.8383293858477,16.9046045070539,-1.50516059108889,-3.10360232527075
67.3267326732673,18.7459594288989,17.6242154433525,-2.58339453629046,-4.08483433684842
68.3168316831683,15.5940831640052,12.1234622403208,-2.27629665131426,-2.49991580185362
69.3069306930693,13.9486114759114,12.3850740890284,-2.42569296228988,-2.01353145486167
70.2970297029703,10.8296742979312,5.04961704631141,-2.72265929496224,-1.85836239453807
71.2871287128713,8.09987429383259,3.08590141979317,-2.73102460387596,-2.39455148486868
72.2772277227723,5.68375888558378,-0.401486638544124,-1.95913788039212,-2.18206356157274
73.2673267326733,2.63611404190882,-2.75642483893549,-1.48148596657522,-2.13428713284341
74.2574257425743,0.0996610161118032,-6.75025955395527,-2.0064524282736,-1.39920942634893
75.2475247524752,-6.16237080669373,-9.68264759626291,-1.66551543510844,-1.70991650288693
76.2376237623762,-3.68493127690658,-13.2561560654207,-0.843477635822266,-2.06189562717397
77.2277227722772,-7.57820652217557,-17.1478577724435,-1.76028934345267,-2.26068081993034
78.2178217821782,-8.90822937676539,-20.5556591678213,-1.4157238673012,-0.249506512880403
79.2079207920792,-14.7438955661386,-18.9215026726305,-0.464605786966454,-1.56147895754216
80.1980198019802,-16.1166267885774,-24.5321691065345,-2.14603540006045,-1.18776982826233
81.1881188118812,-18.0827675242498,-25.6806370487757,-2.53813050850107,-1.34359206158839
82.1782178217822,-21.3301982026508,-28.5481123265478,-2.93729962886577,-0.944525993308263
83.1683168316832,-24.8542556497976,-31.1244384309341,-1.35154146775423,-2.10117991498779
84.1584158415842,-28.570584357319,-35.5807869091482,-1.5986657298383,-2.39670391575792
85.1485148514851,-29.8198273370358,-35.9696255442547,-1.42000336157043,-2.02683735081172
86.1386138613861,-32.8846923411833,-40.712818805793,-0.389893186508207,-0.974850431660564
87.1287128712871,-36.0263140659034,-44.4171928218964,-0.337362457845241,-0.762804783034326
88.1188118811881,-38.4946417865234,-47.883732782753,-0.222684251735289,-0.082114545426983
89.1089108910891,-40.803104258188,-50.3349147079759,0.615663622426364,0.0150918104939389
90.0990099009901,-44.7003686531507,-53.6106957737494,0.680203298141034,0.293794883673534
91.0891089108911,-47.7077221295866,-55.3299130516201,0.82391366307755,6.08057755528413e-05
92.0792079207921,-50.4199807592492,-57.9142850528449,0.683352513901145,1.4590236243554
93.0693069306931,-52.8338011285982,-60.4121185157665,1.96436269520787,0.299534188436339
94.0594059405941,-56.5902252533237,-66.5242447235785,2.7571621431406,1.96936034094325
95.049504950495,-57.1011440319686,-67.3861817287457,4.84546302747314,3.56263274035455
96.039603960396,-56.2322960768509,-69.8109951667239,7.00067098308543,4.98647446114347
97.029702970297,-61.0068987723324,-70.1807025441033,6.27725540046154,5.79370333466372
98.019801980198,-60.7422383971165,-69.5165306551911,7.19118703361724,6.8219137474199
99.009900990099,-59.9637701124831,-73.6333960926672,8.54957576268788,6.68027314548582
0,-55.3625687158412,-59.0135104749888,6.11297076154362,7.21059448076467
0.961538461538462,-54.842230345155,-55.8219167711016,5.56367756151426,5.94792273547665
1.92307692307692,-56.3913730338205,-57.4360285831585,5.77432508192191,7.55579647289982
2.88461538461538,-56.558657721129,-56.4686913611047,6.03179020800707,6.39635345693165
3.84615384615385,-55.231125362241,-54.4598269266144,6.22404332548762,7.08507965062189
4.80769230769231,-52.052701026901,-53.1867366316028,7.31405540857073,9.7258914783891
5.76923076923077,-50.1106350497467,-51.0775665378369,10.6175102772017,13.7962319233463
6.73076923076923,-50.2619018173032,-49.1895176186454,13.1222529503061,16.6588946230782
7.69230769230769,-48.9532786939385,-49.2345846629408,16.5675854519546,17.4379713164293
8.65384615384615,-46.948345754613,-45.9450111379578,17.6264069529335,18.9675488214051
9.61538461538461,-44.4976064244507,-45.420194146442,19.2346318873252,19.7193253813152
10.5769230769231,-43.2373896784021,-42.7687079939816,20.5875845273274,20.426155672632
11.5384615384615,-42.8239254069163,-40.9158832860197,19.2575915329159,21.2124952640295
12.5,-42.6543161606189,-42.8848564798376,18.8517904191309,22.5368190292572
13.4615384615385,-40.2095820860692,-41.2925420794909,19.0857993308284,23.1016684795889
14.4230769230769,-37.3136267276559,-38.6896005779881,20.3457504149275,24.3496078937782
15.3846153846154,-37.0901826255227,-36.8637522502477,20.8686184852333,24.0477743915666
16.3461538461538,-36.4898351523982,-35.366037235233,21.2839041079053,25.3841469252423
17.3076923076923,-32.8953682779109,-32.0989191993548,22.0718695280669,27.9143659946942
18.2692307692308,-30.1209681325542,-30.8925283961474,22.8723503178873,27.3800331339647
19.2307692307692,-29.1889034378922,-28.6277012339954,22.4923183256111,28.7682492951452
20.1923076923077,-23.8634433728465,-27.3087323812257,23.0989504516919,30.3380133433487
21.1538461538462,-24.8453902265805,-25.9025420394924,24.4533747880505,30.6512749724911
22.1153846153846,-24.2106289331066,-20.5565028054757,25.5386306098426,32.471030672478
23.0769230769231,-21.9232090230282,-21.3101262308981,25.7732616875091,32.8322026421107
24.0384615384615,-20.0261615052837,-18.7564041249303,26.0053400342027,32.9227758442978
25,-18.9144099493118,-14.8818871029226,27.1778919731417,32.4228500503882
25.9615384615385,-15.7752732566028,-13.3929497924156,26.6262411400362,32.4038619829496
26.9230769230769,-13.5207843567302,-10.0933863588314,25.1146722693208,30.9872646323363
27.8846153846154,-14.5242247773275,-7.00521403185819,24.9812067691664,28.5096322753196
28.8461538461538,-9.51902252320106,-6.8523068911356,22.6240589878201,25.8272221491804
29.8076923076923,-6.42209577423954,-3.95479415933343,19.7209574912778,23.442821715145
30.7692307692308,-4.5149010950943,-1.53494320839012,18.125920849313,20.1147680774394
31.7307692307692,-6.35331513203273,-0.362482035351376,15.9115511003427,18.775853771818
32.6923076923077,-1.93944327290011,3.26569924775338,13.146100625878,16.6931457221659
33.6538461538462,0.701399088265293,6.29335030626642,12.3233509500815,14.0335419727004
34.6153846153846,4.44729885036447,6.33596194894043,12.0729236267378,13.4527948690253
35.5769230769231,5.88953810981818,10.2755152293921,10.0704823969686,13.1726980587
36.5384615384615,9.87468284270605,13.1577885347394,9.41343814195831,11.8231713522022
37.5,9.4382303579824,15.5038960803834,8.7898603274618,8.79889895471226
38.4615384615385,12.2144464322573,16.1085211795213,7.11761437692722,7.58094362279449
39.4230769230769,15.1087393427375,18.4481432747994,5.10208106790082,6.05912544228128
40.3846153846154,17.5173205846128,21.4274427522992,4.1431148567444,4.85872703833234
41.3461538461538,19.2804985010819,22.1291349066006,4.04876525857194,3.5709573715544
42.3076923076923,23.1963577494767,24.7122359441846,1.87540429321546,2.03563906900101
43.2692307692308,22.1858841702883,28.3549182506544,0.99294157524468,0.492081549344734
44.2307692307692,24.8587515408122,29.6428787940764,0.128595749558217,1.45931840780505
45.1923076923077,27.7226317058414,29.0920418550601,-0.54101935916541,-0.410224256432883
46.1538461538462,28.2432369235502,27.7748004131359,-0.865404695286304,-1.05601199761926
47.1153846153846,30.2778935698956,29.8222932428581,-1.21142490862018,-2.27995788018353
48.0769230769231,31.2086579343029,31.9149888785964,-2.45459281734281,-3.40095064815957
49.0384615384615,32.9564428899758,34.3414832195156,-3.57484465010049,-3.92680351426131
50,35.017844625144,35.1792899196755,-4.9380424781638,-3.1426198522271
50.9615384615385,34.4673012355187,37.2929944318856,-5.24355378125794,-3.03001938345333
51.9230769230769,34.4094562342054,37.4354542986824,-5.52502257935708,-4.75077729858083
52.8846153846154,34.5826425436055,39.6875208771808,-4.15364950820996,-3.99786930623848
53.8461538461538,34.2560592528024,38.7236813366899,-7.12410237329557,-5.50358287741157
54.8076923076923,33.7034241245024,39.5540858821006,-5.13447542996036,-7.56557131719908
55.7692307692308,30.6200478533989,37.6120382015763,-4.2805892722406,-7.34904236605357
56.7307692307692,30.4992078523239,36.2878716506503,-5.64865747197083,-5.41999832201246
57.6923076923077,29.5812281477608,32.729122854955,-4.45030874448325,-4.968544971998
58.6538461538462,28.3900358854012,32.2823492298206,-4.1757228625726,-6.27479929831721
59.6153846153846,25.0974675918337,32.3326524470147,-4.46240780276532,-5.32037976148773
60.5769230769231,24.5268204042638,32.888470021623,-3.89094888407728,-4.93780263940923
61.5384615384615,21.2041054156361,30.5545908090422,-3.41385301540848,-4.06525247254173
62.5,17.2196828329343,27.4513844541814,-3.97758371631387,-5.62177885464193
63.4615384615385,16.1824479072935,26.4232225021455,-2.95312872428513,-4.7881457544622
64.4230769230769,14.6722210208889,22.7338403386874,-4.15288790436222,-4.71036750289293
65.3846153846154,12.553180890697,21.3630784578468,-3.03154155704509,-4.94365878059447
66.3461538461539,12.4503182042389,19.1481638464459,-2.0789645627059,-3.80433686720523
67.3076923076923,11.0164877018839,16.6372758096563,-3.28167948982686,-3.93101000634051
68.2692307692308,6.91843382547127,15.0801313195641,-2.95511354414076,-4.47359560458209
69.2307692307692,3.80548264426647,13.9480790876869,-3.73593386776221,-4.09388484397792
70.1923076923077,3.47897612613285,8.5144998425469,-3.01835627391943,-3.33837041612714
71.1538461538462,2.41328973736152,7.66953357760485,-3.03313293167285,-2.90067047236571
72.1153846153846,-0.958929153250839,4.84057478393756,-4.14521111865667,-3.45645666645094
73.0769230769231,-3.01971216940314,1.33252296494144,-3.56147973164662,-2.50191953300673
74.0384615384615,-6.20155711677251,-1.52734085873471,-3.80429849783294,-3.3835383245774
75,-8.82943889320842,-4.44851282244519,-3.37890528332093,-4.01354577154818
75.9615384615385,-8.48312669576984,-6.06076739797124,-3.95063300562184,-3.00963357465337
76.9230769230769,-12.3677566679113,-9.04392643824115,-3.53059104522299,-2.97530725738051
77.8846153846154,-16.6504801088772,-12.3858078675278,-3.00967676974378,-3.09317641782769
78.8461538461539,-17.5127372288661,-14.8131874467565,-3.50471786043139,-2.74001281517874
79.8076923076923,-19.071950773225,-13.9293383701745,-3.42051564173651,-2.98719951754437
80.7692307692308,-19.5054534903479,-20.4032570731131,-3.69029645362603,-4.10815469738577
81.7307692307692,-22.9119331884207,-21.3890741794695,-3.51827005385152,-3.72809845294903
82.6923076923077,-24.2975263474164,-24.3208400394499,-2.67800560590095,-4.06159526700527
83.6538461538462,-27.3102976649592,-25.865790595015,-3.04330309584229,-3.10106282900022
84.6153846153846,-31.6855494967487,-30.3448526121064,-2.86512902366628,-2.10535945360429
85.5769230769231,-33.3002903928809,-31.8446853858291,-2.37198555768098,-1.51714837836941
86.5384615384615,-35.7144802408018,-36.9019820607752,-1.78722761394182,-1.44122935866591
87.5,-38.3324953435148,-41.463055885139,-0.108684452473956,-0.80157384261971
88.4615384615385,-42.2432348017854,-42.0681705546225,0.18322548847465,0.482632059232724
89.4230769230769,-43.8022634711783,-45.3295001024636,1.72789739769078,1.48220707548556
90.3846153846154,-47.5159807748049,-48.1370180089875,0.687496660499702,1.33304220590923
91.3461538461539,-48.0864155627883,-49.4791092856082,1.05289088598375,2.42105809296809
92.3076923076923,-50.1008003359687,-51.0293210158051,0.422543553239691,3.35923344585129
93.2692307692308,-50.5816078601046,-53.0915866925874,1.44574303033114,3.86071494412418
94.2307692307692,-53.5415538781536,-54.7609371431947,2.95197723050564,3.83853525095097
95.1923076923077,-55.0115423855269,-54.5209584908477,3.35805145456118,3.07281835240802
96.1538461538462,-54.9959590972566,-57.4043915303773,3.57454306869039,4.66009091829693
97.1153846153846,-56.8990632614891,-57.929278419064,4.72154080827022,4.61962635288561
98.0769230769231,-57.1586096687834,-59.6466320156807,5.21959516514871,6.39063567598063
99.0384615384615,-56.2024286274869,-59.2119353371061,5.05764364393724,6.27094902669726
0,-63.5971978303287,-58.9852785125665,5.78275536629705,3.96451593623186
0.980392156862745,-62.1475450470825,-59.4687264057628,6.40266779787887,4.3140157045621
1.96078431372549,-63.1128871562775,-58.7549207666226,6.72342637783833,4.79775060129064
2.94117647058824,-61.4250539154692,-58.8939413750238,6.87718384053884,5.88186216554304
3.92156862745098,-61.2144082427052,-58.397344581322,6.64142788033762,6.32965777693784
4.90196078431372,-57.2780349963268,-58.4023389014667,9.94150322129714,6.10856311210391
5.88235294117647,-56.3081819721525,-55.178477080603,15.4302051777742,8.53194785725838
6.86274509803922,-55.338223964758,-53.4779652810856,19.1643049648947,11.1279322909206
7.84313725490196,-51.8901233413487,-52.7480399836205,23.35974576761,16.4793053799141
8.8235294117647,-50.6242794188326,-52.1801158523833,26.4533636968285,19.8951357667441
9.80392156862745,-50.1451837534245,-48.8981210282715,30.4198141638184,22.4077581149317
10.7843137254902,-46.6526568000391,-46.5786027754797,32.408948836167,25.9717440576617
11.7647058823529,-45.858834144169,-45.5184104833079,33.5026932652044,27.781263545473
12.7450980392157,-44.4622632928785,-44.859521238527,35.7745907214932,28.7962188166174
13.7254901960784,-43.1730471622474,-43.2753779669416,37.6884083737093,30.1311252809939
14.7058823529412,-40.2452434233539,-41.7168459145871,40.4113611285004,31.3965385783802
15.6862745098039,-35.1584466807653,-38.6858255237326,41.8697142505302,33.9119462081713
16.6666666666667,-36.6836954130217,-36.3175169602277,43.5061283575908,35.844314051701
17.6470588235294,-31.7903177582512,-36.6932564967147,45.9852830045348,38.7969425853638
18.6274509803922,-28.8873614748052,-32.3910404865096,46.1762230826119,40.95845026339
19.6078431372549,-29.657022874837,-32.2315862612227,48.1603623821443,42.1268812872216
20.5882352941176,-26.9527989775173,-29.6930437696753,47.4590324615863,42.9908894865782
21.5686274509804,-24.0656735634141,-26.8336112783027,48.2759610300099,43.4418953432952
22.5490196078431,-21.2986550037755,-23.2298175020898,48.3475607653146,43.7287741971323
23.5294117647059,-19.0130725851084,-19.8663343653884,47.5080381478265,42.3360129962638
24.5098039215686,-15.6918683628328,-19.5160602581133,45.3819858645737,42.2129941697288
25.4901960784314,-14.9018032911805,-17.5253375545439,43.6965317751944,39.7294498886555
26.4705882352941,-11.593712594818,-14.1118754156827,40.8903075388784,38.4348245989431
27.4509803921569,-8.50241548354241,-10.902684148692,39.1175398509076,38.0034652612173
28.4313725490196,-6.74887026975154,-7.14247322285359,35.573808251292,34.6730493140557
29.4117647058824,-2.31932214454229,-6.93221207606599,32.657152800873,31.8116890211173
30.3921568627451,-1.72928639781627,-2.98838501822996,29.0880915062394,29.9865111025376
31.3725490196078,0.855129957190338,-0.58643665202895,26.2113371477234,27.5867448108215
32.3529411764706,6.21899274141322,3.79560447798514,22.2207241051326,26.1955079064458
33.3333333333333,7.53843029747705,4.5005694966379,19.5237446473932,23.0894479132524
34.3137254901961,11.9960758269568,7.02206845738052,16.0133611112221,20.2270833261272
35.2941176470588,13.5871131717851,11.3907901586514,12.5963060555862,18.5671999600537
36.2745098039216,15.466412411904,15.680959116032,9.41969072838793,15.301678162449
37.2549019607843,18.7670029721171,18.6448923657182,7.21134256862624,11.7609083205066
38.2352941176471,19.2124298218892,19.1540605685903,3.64040039550975,8.28194346558813
39.2156862745098,24.4263913614406,20.0165119806944,2.1345687825921,5.03996794818285
40.1960784313725,25.6704013908366,22.422804315308,0.9106397507082,2.49757265177933
41.1764705882353,26.6205958741895,25.5023052354922,0.249285690804074,1.46251593862063
42.156862745098,27.4957785714102,29.9512254613283,0.267127655373586,1.39104125767993
43.1372549019608,30.8064286397663,30.661378920023,-2.60762061210082,1.80142042026287
44.1176470588235,33.2146027001101,30.9712679644462,-4.15086497878684,0.636446947847411
45.0980392156863,35.7948599073783,34.402906390967,-4.98857037710338,-1.20913127102512
46.078431372549,37.8780905632979,36.4382494682535,-4.37088981020046,-2.29740400580712
47.0588235294118,36.8121436425506,38.8482696554223,-3.22083674930645,-2.3365573715649
48.0392156862745,37.9682400603217,38.9324872581797,-1.70220189959862,-2.14977208831221
49.0196078431373,37.7907170334322,39.5054350492726,-2.98225938054003,-2.9095899913118
50,40.1495882246933,38.7974009291414,-2.88639591588181,-2.60870194333347
50.9803921568627,37.7110672505402,40.8876687390633,-1.87635823134502,-3.37894543945756
51.9607843137255,34.6544247534703,38.1281522030367,-2.04301736397067,-3.56003858339059
52.9411764705882,35.1558309978216,38.2125146112985,-2.0344928513335,-3.06249523392031
53.921568627451,33.5446141083684,35.9221700357176,-2.91602085401436,-3.32192171533549
54.9019607843137,31.3605520559939,38.1985722752876,-2.45760370974554,-2.40024371506609
55.8823529411765,31.9173607681066,35.8241283780535,-2.61384969009167,-2.86276246041463
56.8627450980392,26.4751725210115,34.0297659561999,-2.12132042863597,-2.75090181732101
57.843137254902,26.0164054263132,33.0562113677507,-2.9942720761707,-1.69377964472775
58.8235294117647,22.7984650543329,31.5506324703958,-2.73851812391318,-1.89301510274703
59.8039215686275,24.1780785365265,27.0240578478565,-2.14579213686567,-1.87206779466423
60.7843137254902,23.153354031297,28.609588367213,-2.18937681066408,-2.85910497397997
61.7647058823529,20.9038535470325,26.0995657976868,-3.4509556344455,-3.04078485034201
62.7450980392157,18.9459852290672,23.6618504666247,-3.11032530640419,-2.86298334124118
63.7254901960784,18.7730050532743,21.2983696429651,-1.92685438642058,-2.92891825892907
64.7058823529412,15.6719450268951,20.4427339647417,-2.51903093001055,-2.31732737558536
65.6862745098039,12.5680320565929,16.4936548857674,-1.77016454202364,-2.56957097848868
66.6666666666667,11.4929626396297,14.2486326227295,-2.23312142533175,-2.62219445644685
67.6470588235294,8.46409444037218,13.6356172910335,-2.54706702756217,-2.44369718253477
68.6274509803922,6.79315486868164,9.24599518297305,-2.52430710459283,-2.84331716591439
69.6078431372549,4.15249046823121,8.64364230737217,-2.6095433206129,-2.25747161929835
70.5882352941176,3.01703194170352,7.77140674334526,-1.68288527640272,-2.64035507481006
71.5686274509804,0.0774610155794759,5.81556131347958,-1.5006384804114,-1.95809254756498
72.5490196078431,-1.14853639310403,-0.896690941099779,-2.57511156852391,-1.9030076149037
73.5294117647059,-4.71359641062274,2.27418728431339,-1.92900784847157,-2.82724823815194
74.5098039215686,-6.84040751378949,-1.23644406107658,-2.76376230805519,-1.72136933387568
75.4901960784314,-9.94765747840247,-5.06172050893819,-3.5613997880133,-1.52460223710888
76.4705882352941,-10.4045319888903,-6.46151639121918,-2.47093839852531,-1.552823005176
77.4509803921569,-13.032353185318,-7.65057454779039,-2.08487726829343,-1.88156720573941
78.4313725490196,-17.1261947914427,-12.9053096433761,-1.70161151483697,-0.926662261643318
79.4117647058823,-21.648063336803,-16.9946654854674,-0.856857876697208,-1.08028347142442
80.3921568627451,-21.5401524836072,-19.2743259391341,-1.81069614717629,-1.27268280087488
81.3725490196078,-22.7933281180536,-20.8428905835221,-1.76982947022809,-1.39788146905572
82.3529411764706,-25.8387198151066,-23.8119336874774,-2.05301909054576,-2.33181398741015
83.3333333333333,-28.9816110024337,-27.7496758328888,-2.39430311135137,-1.85094819896384
84.3137254901961,-31.6078625390114,-28.8700788369473,-1.34287800169383,-1.37103155397087
85.2941176470588,-33.7676504859848,-32.7887219256315,-1.36794901974067,-0.544257339682137
86.2745098039216,-36.9084766508672,-35.0208702971938,-0.481461563998801,-0.645901298081756
87.2549019607843,-40.6662737473044,-38.6143350648677,-0.561652902687988,-0.187781398815082
88.2352941176471,-45.0136955032713,-42.8424221589573,1.10078899388212,0.0649236974565246
89.2156862745098,-46.923902441448,-47.7385361594996,0.699893347666799,0.421739011840769
90.1960784313725,-49.8525303690239,-48.5289306988224,2.88717664272007,1.94502526403386
91.1764705882353,-52.4672304048399,-49.248175872491,1.87093794324933,2.69252762362649
92.156862745098,-54.4491657838095,-51.4995039672918,2.24842515692741,2.67982905785884
93.1372549019608,-55.383836693982,-52.9353684414667,2.33613151184765,2.77177066210706
94.1176470588235,-56.8852691891411,-54.7078351046021,2.39501763056368,2.07377990538114
95.0980392156863,-59.1400511463245,-56.7282066022152,1.99061061472386,1.62509664215286
96.078431372549,-61.6277754071681,-59.3376083788409,4.05506007600069,3.21067550945099
97.0588235294118,-62.2024726802035,-58.8335222808152,4.7985025767341,3.58681458715572
98.0392156862745,-63.9156874159034,-59.284368901261,4.92589504153572,3.6340209840237
99.0196078431373,-62.4884976462013,-59.8892625989829,5.00513497606982,4.78397731111232
0,-71.0649427983605,-72.3806332740953,5.90171992094342,4.15878327780366
1,-72.3781659777682,-70.0042256990148,6.31144371290344,3.59592044666904
2,-72.5713335163973,-68.8779127162127,6.67333057955113,3.60610955673511
3,-72.1409213164306,-70.658305710959,7.38153177034495,4.09089533857021
4,-69.1325449477396,-67.5914583884852,9.13822511196595,4.27979533005944
5,-67.5253469165889,-66.2453084193875,12.3697319915761,5.90740206213813
6,-68.5464615601404,-65.0093759823423,18.0952213543822,8.32448630722538
7,-64.958506845234,-62.2011997024415,22.1574230947445,11.5647150159685
8,-62.1566570087512,-62.2542902464303,26.9144276560493,14.1470593539027
9,-61.7759219467832,-59.2609727431845,30.4561130730176,17.3946137734021
10,-61.3703587734036,-60.5885675255502,34.0002827236594,18.5789885829197
11,-57.9128648042415,-55.4120868700506,36.0971415547888,20.3718061637768
12,-59.6801095317334,-56.6577096987397,37.6035627012736,21.8919730919077
13,-56.0863849239102,-54.8034950670396,38.3355304252032,23.8794150795983
14,-53.628719965055,-51.7103141121281,40.2633280924306,26.2300652358797
15,-52.2836612388999,-51.7676601789767,42.3343464612077,28.0808620024942
16,-47.6392659803917,-50.9619693381104,43.5749008333531,31.3747600263748
17,-47.2894886483749,-47.3010119645583,44.8447201234915,34.1921117391274
18,-45.3996681333492,-46.1547131384777,46.3678909301599,36.17449683939
19,-44.6019862833701,-43.1536791017372,47.2875988005322,37.8862651780412
20,-43.7979575603224,-42.5487102455492,47.0354588938672,40.1252742774353
21,-41.664378125724,-39.373986814224,47.0612524350434,40.5593554618301
22,-40.8828498533018,-36.2085855785297,45.9957153911897,41.6764162218201
23,-36.100166321619,-35.9401855379928,45.160020865149,41.481353718164
24,-35.4237708683825,-33.2337218547526,44.489148705474,41.8085766563085
25,-32.8147437266799,-31.6700621856317,42.2066481869909,41.218407645655
26,-34.4515809042365,-31.8456674468475,40.293094667594,40.4741952138047
27,-28.4186190256449,-26.833188493684,37.1677633107798,39.8911467841831
28,-26.85076613011,-22.7943388077057,34.279716764898,38.384310074927
29,-25.266405478167,-22.5007236658892,33.2457569768922,36.7035848879162
30,-22.2772354752992,-17.5363922786675,29.5847870364884,35.2167446417837
31,-19.5951283092771,-15.2188937724674,27.2654081003905,33.9748780158584
32,-15.9203091174952,-12.7012748388331,24.7918458994341,31.6080113926544
33,-14.2770178271948,-12.4665555985927,22.8125962345521,26.8815851889088
34,-12.1611431325812,-7.6029399420045,20.689722054166,23.2686493006839
35,-11.1639767983332,-4.58204259462456,19.1570713245277,20.1806450088801
36,-4.94512545041135,-0.355080216626893,17.5631946368317,19.6432934529353
37,-3.47025514397018,0.777782642965052,15.6895569069336,15.8957733714222
38,2.4767954778055,3.90813202762566,12.3133348712487,13.642246057619
39,2.48861057244681,7.94051821725543,9.62044714923661,10.802117869433
40,4.90956530292358,9.04582594686225,5.90103854163934,6.56735604392502
41,7.78262114093264,12.3147665544836,3.43279997979252,4.29258916875348
42,10.1940693166567,15.5662921835581,1.90173848998029,1.97958885741401
43,12.1515395731976,17.5180474015,0.553495824031591,-0.505785410757414
44,11.1948584149008,18.4094066953252,-0.165545944025042,-1.20819848553246
45,13.9742304648758,18.8250151678383,-0.574289814737209,-1.4353728714103
46,17.3772606263279,19.6352929207148,-0.773279769663652,-2.95092890677875
47,18.2454810966894,22.1300509261424,-2.85929924782517,-4.39396290093031
48,21.3811450661079,22.7394844699213,-3.37120991551563,-4.47695959958129
49,23.4308678965666,25.367717168732,-6.06500366126187,-5.50704330190972
50,22.8477272130589,26.9534206065709,-5.40216753884406,-6.03519590335923
51,25.5443101261752,27.5327738427951,-5.44866093605682,-5.11903999150472
52,23.4650292788028,28.7540476028671,-5.34258538328996,-4.87054414466072
53,24.8396798056067,26.2302322962436,-6.05172738835153,-3.69493428069921
54,24.9897077190232,28.9315267379233,-5.589726859537,-5.53513687135585
55,24.1808281059997,25.5497440893864,-4.95743596600818,-5.8135436024552
56,23.259492911744,25.6783425875284,-4.12670434263146,-5.07057239899264
57,21.7986956044156,27.6706715158952,-3.32605380426185,-4.26514762597174
58,19.8473581518304,24.9597904691676,-4.40001450397247,-4.8271389264418
59,18.7676775941394,23.1188883991214,-3.25099883655046,-3.73761319091126
60,16.5964989005114,18.6401561654866,-2.83429566781079,-3.76893250943222
61,16.0235313012408,20.5405490685376,-2.6669107152714,-3.20527804348231
62,13.1421701402747,16.6309623091176,-3.30535325994113,-3.99207005430265
63,11.8649904944646,14.6595661160356,-3.41940718873739,-4.42535959388615
64,8.38319605195153,11.8399472683066,-3.43025442307902,-3.94656642271842
65,3.62687231026045,11.4279718721932,-2.89968606586002,-3.45281178724091
66,3.72143604436415,9.98050853097865,-3.40326942206559,-3.74923631147517
67,2.86381496909897,6.81219112936888,-3.32795839916556,-3.93007928538167
68,0.275420963239727,2.41001167048603,-2.77963809545768,-3.71790983115065
69,-3.60766353671574,4.81120807453145,-3.0999186633359,-3.06034179615417
70,-5.70781834482882,-0.361498305908388,-2.8314769129062,-3.98152686942019
71,-8.14179202675477,-2.37696394535365,-3.09794658201145,-3.67787031452323
72,-11.4622841261673,-4.95839865293552,-3.78244888946112,-3.82137717297449
73,-13.7378990544538,-8.81179067089818,-3.59055815840869,-4.54364642815385
74,-16.4755307518148,-12.9677342794864,-3.12640682382601,-4.12633960458436
75,-21.4504750446653,-14.2893863539547,-2.99437883886532,-3.29131341488315
76,-22.7871023341231,-18.0243320658565,-3.92244280596849,-3.28054666128756
77,-22.6368267002822,-19.5223784683801,-4.19552802774129,-3.14011563121115
78,-28.2740852645462,-24.3607164946237,-3.97546393384941,-3.86316912296648
79,-31.6506950323298,-27.2141087352109,-2.89672232171035,-3.20952425831945
80,-34.9158794524278,-29.0572306211661,-2.91505603384741,-3.45990388947729
81,-36.7196784121114,-34.7640946205144,-2.90608249693468,-2.34543002941869
82,-38.3655867565865,-36.1968747745784,-2.9632446331472,-2.97140083712397
83,-40.8560936043838,-37.8234041574751,-2.80411206501363,-2.70968607961539
84,-46.0320386152919,-42.5959831521947,-2.02165265353724,-1.73305825442278
85,-47.875743340538,-45.8892958225198,-1.1114105482721,-1.33395120308703
86,-50.6382808867361,-47.4794244330182,-1.38035925572312,-0.695405763938748
87,-54.5858993572001,-52.2817628628362,-0.711475988349115,-0.0679785476698655
88,-57.4738263365476,-54.498418920939,-0.157170444176337,0.385477835911244
89,-57.6728225790727,-56.6616601841744,0.366788754078159,0.567395510062384
90,-60.5395224890637,-59.4534255332304,0.718877087270744,1.43421525991286
91,-65.4133504480558,-62.1109727306346,1.18110871340422,1.17607784547456
92,-64.9491008460309,-63.3626413133042,1.18869301285405,1.24757189790869
93,-64.239900911489,-63.460201731013,3.07244042921475,2.24628646375076
94,-67.595359495026,-66.5924414450505,1.96333127236292,2.14134485956522
95,-67.621701986665,-65.8030522838074,3.99205649178807,3.62096621158426
96,-69.520181578857,-67.6323406659057,5.35858572838842,3.43865277443344
97,-71.1262169832779,-67.2904436627163,4.23330267940615,3.9016291095252
98,-69.3581629222073,-68.0797726078595,3.9514594381637,3.9387563015603
99,-70.3472166371515,-68.5897517035178,4.49923181001696,2.57817937577479
0,-44.5007956781963,-57.7100272857749,6.81119147317191,8.04423459810274
0.970873786407767,-43.5909506844826,-58.3445552096051,5.1584618526244,7.6334432597912
1.94174757281553,-45.4212108397072,-56.0105443254501,3.84824236937056,6.32004385748363
2.9126213592233,-44.8796003425152,-54.6267693483148,3.30281208539902,6.00296581062081
3.88349514563107,-42.9126655078189,-53.9866229084633,2.93842146123402,6.55980925364055
4.85436893203883,-45.3809180341969,-51.1867236852123,4.13935168509404,9.74054548420534
5.8252427184466,-39.9797639480668,-51.5501135510565,5.43574618078781,11.5085616536765
6.79611650485437,-41.5963469942671,-48.9766063189375,6.41293282685516,12.4455489961303
7.76699029126214,-40.1466216207142,-46.9048597253291,7.30688822060051,14.8254656088685
8.7378640776699,-37.8719255376505,-46.5206122267407,6.82788758709725,15.0640973258671
9.70873786407767,-37.7650130045282,-42.9213834437272,8.15470712680306,17.3013322262054
10.6796116504854,-35.4246145619009,-42.6726849083764,13.5172541282773,20.4738016448597
11.6504854368932,-31.5202573441186,-38.8485656616037,20.3702064208569,23.3280408558239
12.621359223301,-28.4505546491487,-40.2646414138614,28.3598392169435,25.2157472236177
13.5922330097087,-27.6932705332224,-37.6450883201488,33.0537270653247,25.6794461622754
14.5631067961165,-25.0669399903935,-35.4485274748379,36.7663370623953,26.3947203739661
15.5339805825243,-23.3998044725597,-32.4775264303789,38.4866672797138,27.3506587369636
16.504854368932,-21.6032747240568,-30.8548838128742,40.8117917505557,29.1776253441196
17.4757281553398,-19.6996700336602,-29.1603463971709,41.9720382497203,29.7651147741144
18.4466019417476,-16.1520523380499,-27.0820662364675,42.2877636144722,32.0997706239243
19.4174757281553,-14.4703406410211,-22.1782136277265,43.3246776642378,34.0324066644067
20.3883495145631,-9.95066993777101,-20.2499947273129,42.6127555495436,35.5529954508906
21.3592233009709,-8.65274101205025,-18.9007762522777,43.2705909589286,36.9940115595988
22.3300970873786,-7.60621061877654,-17.3705918342937,43.1645160634322,37.2213365836892
23.3009708737864,-4.11639452356633,-11.201284102464,41.9703349135312,38.2714349048135
24.2718446601942,0.202031480573024,-10.8377663647794,40.4623763629281,37.401190217697
25.2427184466019,1.39114641101471,-9.08836960718573,37.6038416065338,35.2206352280518
26.2135922330097,3.52397069791988,-5.69273730962688,34.5717672065973,34.0716668187947
27.1844660194175,6.14892827317062,-5.00975719500613,31.2193406753477,32.6149645073621
28.1553398058252,10.2127970447879,1.72191219888411,29.5743692195885,30.5407043885116
29.126213592233,13.683937352539,5.42514386924509,26.667935775495,29.4458162102985
30.0970873786408,13.3848198865117,7.6815009388059,23.4794702116342,26.8361612032358
31.0679611650485,16.0003770919563,9.24513437146677,21.3317678225226,24.8625624019962
32.0388349514563,20.0561300204021,13.9539067101198,17.9620636481278,22.6062117978571
33.0097087378641,20.6233706475578,14.2222712741765,12.9941810380628,19.5690623171082
33.9805825242718,25.6915690765381,16.3263817254701,8.19521552989101,17.0412812086646
34.9514563106796,28.4898732218913,20.3060127471667,4.55552859036187,14.4794118844609
35.9223300970874,31.2854290269404,21.7023400902366,1.78902161119283,10.5435174445918
36.8932038834951,31.6175387950411,22.5716559057637,0.0138838910479801,7.52659914362227
37.8640776699029,32.5085311745236,28.6413907885324,-0.400938134490633,3.79191380733375
38.8349514563107,32.1370221078323,24.7129638649482,-1.60957387919175,0.434902851587577
39.8058252427184,35.9662257517001,27.5181512299113,-3.84703138158607,-0.643698064782907
40.7766990291262,36.8195555923126,28.1545240558309,-4.97888925265928,-0.104091469255875
41.747572815534,38.4505008687828,30.6640557680602,-4.68985895203492,-6.16491247450662
42.7184466019417,39.0844585458087,35.5158415023847,-3.6145321745442,-8.34335513427422
43.6893203883495,39.5796704790773,35.5464965172769,-0.65724672395874,-11.6286475830621
44.6601941747573,40.7741958619151,37.4796165755703,-2.3229217829123,-8.89790197164965
45.6310679611651,40.8111487039014,36.1556194486765,-2.9392028496075,-6.82862617054244
46.6019417475728,38.4264996504544,37.2588050752916,-1.52836855997248,-4.49999339138919
47.5728155339806,39.0505588347527,34.8334122549581,-1.86656084062289,-3.74070439668675
48.5436893203884,39.7171169197032,35.9933092527832,-1.04486895992681,-3.24125187166623
49.5145631067961,37.6089431775204,35.9622195173461,-1.18069805143181,-3.68296614206769
50.4854368932039,37.8034620290997,36.7713086262361,-1.05873880165327,-2.53862614384968
51.4563106796117,38.2793724068191,36.5778781465653,-2.37894715062241,-0.603288132156753
52.4271844660194,36.8124669877747,35.5177019551685,-1.6392813248469,-0.858659758182289
53.3980582524272,37.6280540992493,35.3235113118789,-1.5812713249903,-1.51815718535959
54.368932038835,34.7939958649274,35.6181132047254,-1.75009821675875,-2.49299445984451
55.3398058252427,36.8062140396357,32.9506437092444,-1.03228839844606,-2.39491916920831
56.3106796116505,35.0504051348541,34.8452794523037,-2.20098709508219,-2.74421209184017
57.2815533980583,37.7462506468676,31.6491279411639,-1.74178292016524,-1.89019314660508
58.252427184466,37.2025039095793,30.8315184568843,-1.41357573159723,-2.51199647358293
59.2233009708738,34.2669062866553,27.7346516561839,-1.37590854965883,-2.59420660426857
60.1941747572816,33.7895298406297,28.4393667248,-0.905580696749903,-2.27732762408456
61.1650485436893,29.1801961158594,27.2967140186788,-0.80871911238293,-1.79267519840294
62.1359223300971,24.9554820404157,26.4656159394716,-1.66464899376213,-2.4892419494299
63.1067961165049,23.6508743859662,23.2496243677174,-1.88253608753359,-2.204409173523
64.0776699029126,19.2148270697209,21.8943128211352,-1.88737775894941,-1.22100458271962
65.0485436893204,17.7356808721641,20.3866006380882,-1.73094937239707,-1.99152235340305
66.0194174757282,16.6211710593738,19.8840189447919,-1.58266078892719,-2.04432010714581
66.9902912621359,15.6352157210262,17.9343629348934,-0.886460684178665,-2.82885311806005
67.9611650485437,13.5014081575107,14.196071920013,-1.75275628806417,-3.60565628595567
68.9320388349515,13.4434170906268,12.8761091343305,-2.22895156906447,-2.2362504582363
69.9029126213592,10.6140958690316,9.57396398156737,-2.69892519282645,-2.31934208166374
70.873786407767,9.02105500551152,8.32869669615486,-3.65309572306135,-2.13368644945893
71.8446601941748,8.29358636586127,5.90801648607204,-1.1843871254636,-2.0202926972716
72.8155339805825,6.63185948990134,1.33554559814075,-2.8044553429215,-1.96964058540273
73.7864077669903,4.05786008707744,0.519677866524852,-2.49676670189517,-1.61155274744524
74.7572815533981,2.57129628516305,-0.969140502551185,-3.06428441742502,-2.13432256368626
75.7281553398058,-0.637740155489984,-4.44928928155245,-2.26408470892606,-1.78528314109444
76.6990291262136,-1.58823843402052,-6.18123747691512,-2.06956232703746,-1.7156688859462
77.6699029126214,-4.46590107026011,-10.503268522901,-2.75882662409126,-2.3075819190945
78.6407766990291,-4.1008778663638,-11.2056417403497,-2.81970794733625,-1.83559301471659
79.6116504854369,-9.52410361267651,-13.8757415831035,-2.13250989848297,-2.26411284627894
80.5825242718447,-10.4941376539907,-16.3063343359363,-2.51105072143276,-2.47594950095203
81.5533980582524,-12.4152445222889,-19.5203294325292,-2.7657270084288,-3.15428204617348
82.5242718446602,-17.3846873900221,-18.3819841823085,-0.881225542753312,-2.75645572560241
83.495145631068,-16.8415987659034,-21.2511457572114,-0.738521850365302,-3.45197506646761
84.4660194174757,-17.9953611388594,-21.4205006955194,-0.373524960114758,-3.18239161371843
85.4368932038835,-18.2548164762284,-22.5506431909611,-1.60056193321474,-2.59617521191735
86.4077669902913,-22.1500047703264,-24.7975033595797,-1.13124312721494,-2.95691055322083
87.378640776699,-25.8322546037474,-28.7470924265947,0.532312114705021,-1.4400848854641
88.3495145631068,-30.7936048859536,-31.7278956034815,1.12874476312473,-1.96772630186749
89.3203883495146,-36.5706726495967,-36.1730017740687,0.671126428583089,0.344040631092528
90.2912621359223,-39.9181746314953,-42.5419061526042,0.254218381663981,-0.272520557115256
91.2621359223301,-45.4576959297794,-47.2695375210835,1.29668987273735,2.69324260551929
92.2330097087379,-43.8935482052397,-51.2735902679761,1.48195570135317,2.59573870344826
93.2038834951456,-44.6384897100594,-52.8247661420066,1.77065918617666,1.91935801316326
94.1747572815534,-43.3030038431004,-54.1977427263654,4.23654122460907,5.18815769704736
95.1456310679612,-47.5083507900164,-53.6512488634353,5.67982572700806,6.90105839258489
96.1165048543689,-46.892218812736,-54.9360002824148,5.38685205218727,5.07146221378195
97.0873786407767,-48.3728349338706,-57.7639295129482,5.20518432519347,4.88604835138328
98.0582524271845,-49.880668263569,-58.953959348479,7.2886864253965,7.54459281513538
99.0291262135922,-49.0068497698097,-61.0592494595181,6.88561636786651,6.35294283090666
0,-51.9539518297413,-58.5775638115646,6.92392799250514,6.00212916819263
1,-49.1164016372063,-59.8114278518088,6.92327499805135,7.06502812817147
2,-48.536574760951,-57.997015432521,9.00060937513963,8.03186095991851
3,-48.587975337773,-55.1917289443017,9.99762146253924,8.69700432748603
4,-49.2124888588228,-52.8080271372304,11.1979731954322,13.3092979187537
5,-44.820388954107,-52.1366641505811,16.4966402146298,19.6290351771749
6,-44.4283752564547,-51.9658466685964,23.7377205368135,25.3548884460892
7,-43.0125214753642,-48.7650343286803,27.6952405374677,28.0870024539986
8,-38.2461320382437,-46.6114779594328,34.7732926135362,30.8535964440984
9,-38.2128869439486,-44.8488787640855,37.8112818046737,31.9419452897498
10,-36.6197853851176,-44.1547803660243,40.718483983791,31.8006815439795
11,-33.7518902219227,-41.052236432888,42.5370721857756,33.1544125561257
12,-30.6153462329732,-39.5075795220803,44.2767045622419,33.6281853675268
13,-32.0064405196421,-38.4444550489252,46.778004008278,36.0327867093154
14,-26.8665341271885,-34.5354978049015,47.5810503337573,36.922721991717
15,-26.3915692833496,-35.5801948675892,48.8342127247469,38.2473438499825
16,-22.6633624984253,-32.2236844151377,49.3370423982834,39.056351807156
17,-19.4102349179576,-27.309353390004,49.8120841014573,39.5385621238334
18,-19.0376400928407,-26.2986205721677,48.6556000579657,39.3086946636544
19,-15.2568255150853,-23.5742695153802,47.5568241004378,37.9997816377144
20,-11.6584087744359,-21.4163578362639,45.2641400161094,38.3045753062128
21,-11.082769859161,-16.4614249595655,42.8159071741573,37.105994628309
22,-8.14024476209245,-14.6322287326351,40.8136072761098,34.2168587819053
23,-3.53547628325807,-9.28146707328199,36.7433108488097,33.0317397024752
24,-2.11033780003431,-10.0338990921127,33.1968150456581,29.5553214350801
25,0.626331427465342,-4.89417042007632,29.0058232823388,26.3830905335847
26,3.19959059288928,-4.8074143991015,23.1298967155868,23.3945113650591
27,5.80556003336189,-0.422354716616375,19.8073519639181,20.2301438713891
28,6.8653615665403,2.72542484065806,16.5778161793031,17.729459031258
29,10.4820129388796,5.80710289808679,14.3294290444908,16.8630897477837
30,12.2228914274219,8.05031102335734,13.4800159608001,14.9842860813138
31,15.4678063138504,13.4551924481669,13.0968122262335,14.8273326717399
32,18.775769983598,15.6615628290832,10.5635814655691,14.7505226011473
33,19.7042282120037,17.5814247612133,11.0123407030545,13.5977156980863
34,21.6875090646783,19.1907704805919,10.3515815849942,12.465907889026
35,26.2093481343241,22.2116175914053,8.92489122071914,10.7550328445458
36,27.6456618984506,25.6273962274803,5.16721445359582,7.65716071959417
37,28.5782450842003,27.6717711477427,3.43945387448425,4.08961142616653
38,31.0260447886205,28.1505639116706,0.334744133861984,0.90636106628219
39,34.1399637170489,28.1852718695049,-0.613428659049488,-0.450624485064441
40,35.470315021603,28.9932411655103,-2.90503675087747,-1.08749991154899
41,38.8874425914551,32.8748830595682,-3.13066989944817,-2.12201387108608
42,37.0943632452672,32.7471706094059,-3.35929564306048,-3.31604869331659
43,35.8688827200317,36.1302514120048,-3.30007997295102,-2.88755737440369
44,34.4160606324897,37.336471503876,-3.2035300761083,-3.73680715286882
45,35.8981278344802,36.9925151889583,-2.62955283773937,-3.11177798565259
46,36.5632483717062,36.4696615491239,-2.44029782197101,-2.64618806328991
47,37.4279189301622,37.5672235971699,-2.8622450255773,-1.17620348662234
48,34.5820119553644,39.2982958944177,-1.47358055653245,-2.44225450592835
49,34.6298103079505,37.411253974138,-1.37178331780905,-0.752663031985737
50,36.0230611519146,37.7560854758639,-1.31024117537093,-1.95027516487146
51,36.3929781636337,38.9507419035125,-1.6799079749863,-2.00454005654821
52,33.4538027811149,38.1633107251995,-2.10403706757607,-1.98645226052535
53,32.1132118862743,36.4661504127875,-0.693658628896124,-2.24528066572342
54,29.9105061999612,36.4691967340792,-2.16086933978622,-2.55147418338105
55,27.7630899143538,33.9328758667796,-1.92281806565931,-2.07813316878112
56,29.1411964862581,31.280742729168,-2.48184037695425,-1.98775295772915
57,28.3094834481393,30.7378382390305,-1.24465040613531,-1.58134435464993
58,27.5814699914456,30.1370558919202,-1.64703517497833,-2.22422335425601
59,24.4479138378401,26.9775802438685,-1.92433054077362,-1.73241339073712
60,21.9544764436813,23.7988405119884,-1.93574552546796,-1.90236225262106
61,19.9668937069407,25.0982221599941,-1.67557418671579,-0.925209495192819
62,20.7620384726451,20.0921081051334,-1.9783714178196,-2.35816063571348
63,18.9566436313643,21.5286568309716,-2.09272020586944,-1.00290270193931
64,16.4504918027476,17.3183155673048,-1.4674291168872,-1.41636841610502
65,15.8852459097858,15.5662142461051,-1.17377124815024,-1.74854540291121
66,12.8674632512216,12.0896823604372,-0.558032116350703,-1.10414073504221
67,10.6254736574616,11.3499025888226,-1.28311147678185,-0.500467433597239
68,7.7046852578217,8.48202709027632,-0.864993146038881,-0.449044195134092
69,8.10989696921408,6.16387395786602,-0.582648617265264,-1.69880110734847
70,6.33362284513422,5.60826826498286,-1.5651028694795,-1.40623962563587
71,1.78078115738752,2.11487553642413,-1.00401769570576,-1.48711154973805
72,1.525353137626,1.8888878614244,-1.67465058147446,-0.945579298606089
73,-2.10708088141053,-1.98539293942501,-1.30965401109848,-1.08445259546388
74,-4.69228083135078,-3.90008463066979,-1.82725715537284,-1.14006277814308
75,-4.67786887253465,-6.37283745128701,-1.61479307045035,-1.06659667120567
76,-7.22064370988944,-9.64024196169888,-2.26344643975156,-1.68592124767596
77,-6.7521567543014,-10.1658993825926,-1.44943319036009,-0.994079893083389
78,-10.8950430326314,-13.9183319080417,-1.59589947728506,-1.06957060783487
79,-11.9526651725205,-14.9667365750506,-2.03946797213183,-1.57680870332438
80,-13.7497401435906,-16.6736300453462,-2.26487746373263,-1.19045640553187
81,-15.0573230981684,-19.9017130826123,-3.17862085500395,-2.26070541289299
82,-17.8027806074524,-20.2626962435315,-1.93231454109775,-1.44575659348029
83,-19.1957384584418,-23.6910607275104,-2.07154399671208,-1.80417293647069
84,-20.9358354899643,-24.6392690334295,-1.93969028743296,-1.73508033983321
85,-26.0776997200202,-23.832685197567,-0.600326264475281,-2.30526744056919
86,-26.5475412970076,-29.6346244159472,-1.78050174661882,-0.788793889784064
87,-29.5932990896113,-30.2960100028842,-1.24361703670649,-0.729589177203756
88,-30.2724311907011,-34.7704545462702,-0.283685339717917,-1.46311559905109
89,-35.3576714435596,-38.368715380948,0.543991502632503,-1.07487402384676
90,-36.2225199627112,-40.7261173367329,0.878326063966407,0.162188514254944
91,-40.4917369660936,-47.2386449974467,1.01979774967611,0.425489005292826
92,-42.8736998018029,-50.329495498148,2.22146619367325,1.7333730747909
93,-47.5344025907787,-54.3462896184454,1.60440952802438,4.0990953314327
94,-48.2429648275833,-56.4741944540049,1.92055851447212,2.83937671217899
95,-47.647643690443,-57.781976196803,2.81920585535666,2.59245308727753
96,-49.6270545141732,-56.4545299093777,3.95090482312189,5.5801191520435
97,-49.7163314376624,-59.6273003500603,4.84577914942521,6.49692346103767
98,-52.1475496716081,-58.4612106924362,5.45016772507147,6.49572759180869
99,-51.9168386695509,-61.8344144153068,6.84116319399615,7.3215224811599
0,-69.906653566525,-69.0700087410192,6.5865362327186,2.7103400742682
0.980392156862745,-66.6817258108014,-67.1988522379941,7.25670758095143,3.78487079521736
1.96078431372549,-70.0752424054639,-69.9912646430195,6.23577477477515,3.86772539835057
2.94117647058824,-70.9418280544711,-64.8810477453873,8.15228163899721,4.54705944064748
3.92156862745098,-67.2375992962793,-67.8782240636387,10.3258509789358,6.52077749740166
4.90196078431372,-66.5099086402643,-63.7420179736877,14.6376495452189,8.62467132210297
5.88235294117647,-64.2083855920559,-59.8584227973576,20.1911435784593,12.2751418055526
6.86274509803922,-64.0080113823629,-59.3663073803384,24.4143783598887,13.3146275385168
7.84313725490196,-59.9622984995357,-57.6293599656534,28.894942555194,14.6217043370621
8.8235294117647,-60.473509603357,-56.3939695705671,31.7016941570736,15.3790998019093
9.80392156862745,-57.860132309514,-54.3568658200256,34.2411803152287,17.1290818004633
10.7843137254902,-57.2682536106417,-51.6120060111868,34.6275260312618,18.2694434301137
11.7647058823529,-55.7381574799479,-53.183927824679,34.8874679364802,18.7353406248459
12.7450980392157,-54.6033913593283,-50.1396352334619,36.1764743226746,20.8336966847428
13.7254901960784,-53.0388723936878,-48.9013365370051,37.8998641555084,23.2925999110214
14.7058823529412,-50.0187676495309,-47.5145958370946,38.6102167017912,24.7567156328397
15.6862745098039,-48.2443436167692,-47.371814213791,41.3953056362407,27.2720959845851
16.6666666666667,-45.2625821190753,-44.915447078123,42.2030160095393,29.8222859281062
17.6470588235294,-46.6155171773629,-43.9178390403411,44.6639560513601,31.43192059277
18.6274509803922,-45.1719758470263,-42.6168844198429,44.288115093216,33.1520786339229
19.6078431372549,-42.215683624344,-38.8527183325115,43.9301477576933,33.9560459840671
20.5882352941176,-39.1013218955683,-35.223933295305,44.0812475482319,34.9345309952954
21.5686274509804,-38.8800858773717,-36.0900820530632,42.4560253882795,36.1251695605135
22.5490196078431,-36.544294654863,-33.7180195399645,40.919025215491,36.0660105981433
23.5294117647059,-35.9642527272245,-31.5778313189198,39.9333006480568,36.1900291381375
24.5098039215686,-31.6829032069541,-29.4321570935807,38.4897878443844,35.8144920403653
25.4901960784314,-31.5210043914871,-26.9900179056563,35.4699545468017,34.6004744125065
26.4705882352941,-28.5663502219646,-24.5608735110757,33.5091354377141,34.3129115281425
27.4509803921569,-27.0768666850439,-22.5504518351184,30.8780086129863,33.8033486205985
28.4313725490196,-23.0865037457454,-20.0340096206916,29.0174624063849,32.6909871890431
29.4117647058824,-21.2851614885646,-18.1335625416909,26.7987759606159,31.4176906619767
30.3921568627451,-18.4217389302751,-15.4580052141473,24.4180478660123,29.2714176936474
31.3725490196078,-16.1749938086135,-11.4836020820918,23.2024278556952,28.6649783010944
32.3529411764706,-14.9441290189544,-11.2982876077603,23.0778330218848,26.4579222011787
33.3333333333333,-14.427655109033,-9.1331434951748,20.9152988808623,23.4607070822127
34.3137254901961,-10.9902124484134,-6.23829290361828,19.1691230122129,20.7146865499647
35.2941176470588,-6.24420157729874,-3.97426421886452,16.8532941980368,20.283875813744
36.2745098039216,-5.46796656736724,-0.440477221970681,15.0511853619621,17.8444497888949
37.2549019607843,-2.77636420860204,3.64562828968462,13.3224953278396,14.4600754156065
38.2352941176471,1.30333941756543,5.10223739863866,10.7400323311228,11.9281023773422
39.2156862745098,3.40126545819088,7.24116575801011,7.5067668193764,8.36855094820798
40.1960784313725,6.45979445734643,11.0049531598902,4.83112173961399,6.6104902537727
41.1764705882353,5.84911597384885,12.5996843363523,2.41919490774379,3.72788214767637
42.156862745098,8.68709694813712,14.2262807217482,1.71530851268013,0.900313661520623
43.1372549019608,12.6292716516036,17.4338695246283,-0.792523801774085,0.772836955135172
44.1176470588235,14.1194403284356,18.3111574266455,0.164789435501039,-0.950422356976568
45.0980392156863,15.018021542788,19.1856918511502,-1.19707041642275,-1.75549173644021
46.078431372549,13.8669304543426,19.15547047089,-0.405843971693814,-2.43890386243601
47.0588235294118,17.8574611388544,21.8126385153153,-1.75257686093502,-3.77079376315574
48.0392156862745,19.1953285685846,24.083046635368,-2.88525248678978,-5.29273998505973
49.0196078431373,21.888841997493,24.0958609716468,-4.50683409309639,-5.10445863195845
50,22.9844818245129,27.0984989004622,-4.2769108311828,-5.82780229551375
50.9803921568627,24.5694055546149,26.7393710555488,-4.90626236129897,-5.11721557394631
51.9607843137255,26.376776641604,26.2865626499856,-5.12300952747863,-6.59889881940975
52.9411764705882,25.2620704946674,26.3327199625407,-6.97316600158638,-6.07745433619439
53.921568627451,23.6277859649225,27.1075071606746,-6.43901031464628,-5.59308753825917
54.9019607843137,24.5445332695975,26.1601160210871,-5.88583976595708,-6.23170330359643
55.8823529411765,25.6269924681121,26.3489794635753,-4.68075501178014,-4.66136401234078
56.8627450980392,21.0237775799713,24.2972911723514,-4.53961227158606,-4.19580329575175
57.843137254902,19.6935021755277,24.0096561746179,-3.94370731210237,-4.00382433160845
58.8235294117647,17.9760337625588,22.112730123033,-4.17379346533356,-4.83858407031663
59.8039215686275,18.6662693363973,21.85219523208,-4.66187823472493,-3.93828770475574
60.7843137254902,15.3364555210065,17.7267666958061,-3.29650842718412,-4.50620623503646
61.7647058823529,15.3942681998671,18.863216965694,-3.30553482478625,-4.33396185242615
62.7450980392157,11.4904264814431,15.7064684460875,-3.5365960134429,-4.23554839748331
63.7254901960784,10.81546212874,15.026881198632,-4.08932314582033,-4.35553251212706
64.7058823529412,7.91234036373038,13.6574837051629,-4.67472114470709,-3.79350393902893
65.6862745098039,5.78336263401083,11.6088421959556,-3.40445061850518,-5.11116425096854
66.6666666666667,3.85883107950518,9.18682556278031,-3.78982415014623,-4.03705585690065
67.6470588235294,1.85406013751587,6.51308147010575,-2.46971500822903,-3.71604400239803
68.6274509803922,-1.46610156974073,4.84438468944304,-3.46904667796102,-4.22345844304347
69.6078431372549,-4.7303791276718,2.50276184303183,-3.44334542150043,-4.1099750848891
70.5882352941176,-7.71117302190887,-1.99843066320629,-3.49884031266965,-4.47927291758638
71.5686274509804,-8.97060531196516,-3.67526684031048,-3.70243447155272,-2.83450505459178
72.5490196078431,-12.7582589902973,-5.19220448872487,-3.20403850441753,-4.06991420605602
73.5294117647059,-14.3310569373229,-9.40638335110748,-3.51396696913402,-3.6508912342412
74.5098039215686,-18.2383102851374,-11.1804409322555,-3.40851545261676,-2.95015584977799
75.4901960784314,-21.3127288364843,-13.8771210552429,-2.84322958170723,-3.63321170754385
76.4705882352941,-21.6636060463142,-17.6271230329441,-2.60867254265819,-3.72204713242934
77.4509803921569,-25.2167935609418,-18.6530483512786,-2.81647183125153,-3.82221501461658
78.4313725490196,-28.8403422676078,-23.9804512881471,-2.92987261518821,-3.15546715743624
79.4117647058823,-30.2162242738317,-25.6318344738062,-3.29780608112847,-3.72893850232556
80.3921568627451,-34.6027875489029,-29.8950262240241,-4.11761179655656,-3.64447040098104
81.3725490196078,-36.654648108726,-32.4881014302967,-2.98146377902841,-3.32536796970267
82.3529411764706,-39.7317183759702,-35.5158259206676,-2.68731048328731,-2.99449889050454
83.3333333333333,-41.5039056217214,-38.6641322391532,-2.41936896174647,-1.9058375040014
84.3137254901961,-45.4994145079629,-42.2066824250171,-2.10945031249359,-1.6082047959734
85.2941176470588,-48.7993080891934,-47.4834508463389,-1.05396748756597,-1.21144235405123
86.2745098039216,-50.2931090927628,-46.6830788285962,-0.787821190752216,-0.947202834765601
87.2549019607843,-53.4312529219582,-51.183778744905,0.309427458038563,0.255266097890577
88.2352941176471,-57.1467472223624,-53.4142013951131,0.251365305955095,0.363211665944118
89.2156862745098,-58.3784998448569,-55.1495351438017,0.1787080869058,0.663484431426596
90.1960784313725,-61.3283278377145,-57.8927847015543,0.663524029807616,1.97720818952969
91.1764705882353,-63.2918628793165,-62.2863102275669,0.68159445975841,2.54734805066514
92.156862745098,-61.2192421561627,-62.8389272600188,1.78006785754861,2.57597986796995
93.1372549019608,-65.3659300445574,-62.9226270040022,1.71226591596471,2.63199565631414
94.1176470588235,-65.2933679512609,-63.3460276572115,2.27662540799396,3.09384752911505
95.0980392156863,-66.7853589831038,-65.7599596308633,2.97886888181066,4.13593974701026
96.078431372549,-67.7479635476035,-66.3019112416663,2.81277883418931,4.06127492929019
97.0588235294118,-69.1424639629999,-69.8686004033342,3.49970181788444,4.28285215245554
98.0392156862745,-68.5501084429134,-67.3153566760224,3.68166780790429,4.23438227097973
99.0196078431373,-68.0986421638853,-69.949282205898,4.64358462553945,4.92405180951726
0,-50.8844035401368,-58.8392311556032,8.05727455167349,7.26805683188476
0.980392156862745,-49.4564527702091,-58.1813356863523,8.74346470728321,8.4340915381527
1.96078431372549,-49.2652288680163,-58.7708557323241,9.94760030296442,10.7211868073067
2.94117647058824,-50.3241337076153,-58.2626689527154,11.3855242289001,11.4359393998583
3.92156862745098,-48.133562802226,-53.3873749634061,15.1873021916335,16.8145663794594
4.90196078431372,-45.6583405643315,-52.1210115476821,20.9625346259932,22.0464894186661
5.88235294117647,-44.9442108660485,-49.0875866985549,27.7328807402316,27.6476411040378
6.86274509803922,-43.8262009584551,-48.0579635227204,33.7940002346862,31.129176388833
7.84313725490196,-41.3960330765266,-47.6885233894435,38.8693301680063,32.8366093813663
8.8235294117647,-41.0403766425592,-44.407343999591,41.6076049098947,35.5806578945051
9.80392156862745,-37.015847223461,-43.9924828097587,42.7369760922582,34.5577537047499
10.7843137254902,-38.0789587245882,-40.6326035592619,42.6701736680347,35.2484870336297
11.7647058823529,-33.7476934318228,-40.3073132346897,43.4480528857386,36.1328738441858
12.7450980392157,-32.6429078562995,-36.9687965141273,44.1574238905577,37.2536133947059
13.7254901960784,-30.6439360768682,-34.8124730554797,44.795171441997,38.5729708921204
14.7058823529412,-25.9933215554794,-32.9837952507478,45.2702627812703,39.3718803304041
15.6862745098039,-24.3804705403158,-30.0127204431256,46.1834839797279,39.3055165679795
16.6666666666667,-22.5120746175935,-28.3168087654584,45.8925055999668,39.9699729411568
17.6470588235294,-18.4953703006887,-25.0512330670303,44.750393492728,39.7959478245831
18.6274509803922,-17.861476663389,-21.5014371259552,43.0781586336822,39.9266194003837
19.6078431372549,-14.1558676385564,-20.3354971050329,41.9938936519823,38.5494520597854
20.5882352941176,-11.6346127168065,-16.3093567891907,40.2626167851801,36.6631918779216
21.5686274509804,-6.7165556475511,-13.4038564706299,38.1580321932105,34.8639752562142
22.5490196078431,-4.7631471029018,-9.2932408074148,36.0323599346784,32.8151029354557
23.5294117647059,-3.16581085755754,-8.11047923002113,32.576003991157,29.3610875899475
24.5098039215686,-0.129769825768893,-4.37627003459786,28.330103731296,26.0605319481491
25.4901960784314,0.508748770289748,-1.08422161120892,24.7263842872722,23.2337303239464
26.4705882352941,3.56162575647962,4.58593635263543,20.3318150011349,21.5980125311228
27.4509803921569,6.14536662999212,5.71794426270428,17.3618842968905,20.2964795579195
28.4313725490196,7.97432585758948,7.78586768489789,15.6277747100449,18.2580241220394
29.4117647058824,9.73823203868772,12.1233409443399,13.8244376727459,18.1459959392418
30.3921568627451,14.1563164073244,17.0858714145806,13.1891543610801,16.7780957583935
31.3725490196078,17.2547424889871,19.0718718417103,12.0665842620237,14.7033632795715
32.3529411764706,21.2634775548193,22.4125568703485,10.2068786607218,13.6658181177451
33.3333333333333,22.1882946449937,24.8829947424902,9.58655152256125,12.9547740056728
34.3137254901961,23.5835064345133,25.6690185353143,7.08168377364565,10.3355657347507
35.2941176470588,27.698104920008,26.3420321925446,5.02863416517334,6.42037686312505
36.2745098039216,28.3323835469975,29.691906064923,1.85493021666072,1.95618793433984
37.2549019607843,33.0420126059663,29.638696861725,-0.19550956829738,-0.20205230500744
38.2352941176471,34.5351079046225,32.9267445395311,-1.43473197984328,-2.8552149073572
39.2156862745098,35.3312735426175,32.9017427114634,-3.20761763023897,-5.10375432998072
40.1960784313725,37.923679119758,34.6289423708585,-3.26719536829733,-5.92622587325313
41.1764705882353,35.0905081005756,35.7954099432944,-2.22550852763491,-4.59201328098059
42.156862745098,38.7036298319438,37.2374179424981,-4.0476098849092,-2.97336765833342
43.1372549019608,38.4251980132794,34.2712398254313,-3.08306240800199,-2.78909953896367
44.1176470588235,37.248554877805,35.8721062266292,-3.1334062971345,-4.81977187176155
45.0980392156863,36.3725974345584,36.7451986438893,-2.50731109215628,-1.5170111049462
46.078431372549,37.1836601115819,37.3409504024012,-0.921438531706879,-1.25393769793863
47.0588235294118,34.8690940952907,37.1717925400303,-1.60362740729257,-2.04200990389684
48.0392156862745,36.2576309442272,37.3447348358254,-1.74942970124658,-2.8214215415113
49.0196078431373,36.738174011319,39.1381949936546,-1.60667653442094,-0.990279021761386
50,35.8791409520846,37.356421470195,-2.01804491041291,-1.27483138016315
50.9803921568627,35.3413404110131,36.8609593603485,-1.78906979570423,-1.37393763157958
51.9607843137255,32.1993373257312,35.509932032375,-1.69719098793706,-1.48793772049488
52.9411764705882,32.7045529493922,35.5839885833641,-1.24951861041542,-2.08051198319392
53.921568627451,32.9908131878885,33.1674872646556,-1.51722480374464,-1.22940900497987
54.9019607843137,31.3383453346817,34.1082345145659,-1.18477303417386,-2.21091433050569
55.8823529411765,29.1583043806146,29.9472639493111,-2.20165660636484,-2.00552358234874
56.8627450980392,29.1325867937161,31.7379608784322,-2.09980858935816,-1.81538540519899
57.843137254902,28.3882420178941,29.5607286062257,-0.971009447697013,-1.14779995671229
58.8235294117647,25.4058548061276,28.7391702193221,-1.84032124771053,-1.29278595142182
59.8039215686275,22.8323403475418,26.8882450851001,-1.69872116983102,0.103466613717498
60.7843137254902,20.3625240303758,25.468131075953,-1.95780335739726,-1.39267345342333
61.7647058823529,19.507677781852,23.1923376721172,-1.44948292066874,-2.57970475763274
62.7450980392157,14.216516024138,20.3579169534305,-1.86147490638243,-3.07750856367576
63.7254901960784,12.7344324481492,18.4308034788559,-0.889914118535726,-0.831959145722527
64.7058823529412,12.6773383768825,15.1550538477486,-1.20075408309579,-0.729048942509815
65.6862745098039,9.66162640335499,13.4825396294507,-1.22283827973062,-1.1655592522515
66.6666666666667,8.67633251963139,12.2881398667157,-1.18163619460387,-2.29656120001761
67.6470588235294,7.39619588353133,7.5425094582385,-0.407656043296853,-1.44418931367755
68.6274509803922,5.28679661460716,8.96943858132688,-0.845959684977481,-1.307400990533
69.6078431372549,4.37275607947234,5.55439869617481,-1.16916609703317,-1.67743797916904
70.5882352941176,2.21307368173677,3.58940614504691,-1.87287161586956,-2.20335839703893
71.5686274509804,1.2478973423795,2.09516104828954,-1.14648351620139,-1.56655726956271
72.5490196078431,-0.752988633369478,-1.23758317095842,-1.05071908846768,-1.11462693495088
73.5294117647059,-1.91268151357219,-2.34905498596533,-1.31639753875503,-1.30382554788149
74.5098039215686,-4.35502199905458,-3.94338172062463,-0.840253796960867,-1.27748277169128
75.4901960784314,-5.40113566461224,-8.16179458243817,-1.95093767646264,-0.740254809882876
76.4705882352941,-8.17464968453906,-10.2077781039019,-1.17828669587578,-1.1161412890212
77.4509803921569,-10.1271874542391,-11.5019347610434,-1.06874633965518,-0.666635315573903
78.4313725490196,-9.86920991472492,-13.7846776820087,-1.58646778584938,-1.85954146293296
79.4117647058823,-12.5566983808569,-15.5444090771169,-1.6470088166752,-1.34742331467551
80.3921568627451,-12.6331827272637,-18.2180309043357,-1.73827776185453,-1.44225791429365
81.3725490196078,-15.2873244331192,-21.0714105183907,-1.52704581061885,-2.32384602313058
82.3529411764706,-16.448498563628,-21.1992601104816,-1.74102792848604,-1.65372176644054
83.3333333333333,-21.8539965915508,-23.5695807638862,-1.44713595988409,-1.27901368880532
84.3137254901961,-22.9619493241585,-24.9372542405975,-2.42488565274628,-1.4653563082966
85.2941176470588,-24.0342927536815,-28.6513623807034,-2.51613150297095,-1.73377891775404
86.2745098039216,-26.8232606485922,-29.455100701717,-2.32438073283277,-1.57225820544027
87.2549019607843,-29.6561327558867,-33.9456752507219,-0.209064151960291,-0.970323285958801
88.2352941176471,-32.6077707299894,-35.2661231196694,1.02012483032979,-1.50377137550493
89.2156862745098,-35.371099059791,-41.2165597521003,1.24236402800289,1.06118622940319
90.1960784313725,-38.5325507181442,-43.8030407780382,0.527358669973396,1.13805962450156
91.1764705882353,-42.9032846910613,-46.6524091658993,0.237737337638437,0.22816832913054
92.156862745098,-48.6089124220858,-52.4423367410805,1.24347099961801,0.845614563745148
93.1372549019608,-47.2399232377436,-53.3082074314918,1.59034200092202,1.59367914259886
94.1176470588235,-48.6118212704408,-53.5173724427009,2.7298720699518,1.38667107341004
95.0980392156863,-48.2906142915455,-53.5644965994936,2.92222628992361,3.01229623199052
96.078431372549,-49.3639904917677,-55.8111792476321,4.61291838270629,4.31167405917946
97.0588235294118,-49.6064753663892,-57.7890401721738,4.95371714656217,4.51747766938617
98.0392156862745,-48.6725375602435,-58.2639998356932,5.86329819498719,5.29472769728402
99.0196078431373,-49.2016752013938,-58.9740875633879,5.92976268883598,6.4020093530489
