"Normalised.Time","Stroke_GateAngle_1_sim_junior_15","Bow_GateAngle_1_sim_junior_15","Stroke_GateForceX_1_sim_junior_15","Bow_GateForceX_1_sim_junior_15"
0,-55.8306160377977,-57.8102624864908,6.93162932838857,6.34253988885834
0.952380952380952,-58.5070165175786,-58.1694398960899,5.58708861514742,6.14000062836767
1.9047619047619,-57.138688954796,-55.6688773958648,5.58133091706092,7.6398636428383
2.85714285714286,-54.9626818580741,-55.8608361092922,6.76774476448306,5.7512842165116
3.80952380952381,-54.4810865316265,-54.0980225053591,6.24978230633208,6.461132276335
4.76190476190476,-51.922061267204,-52.1768433800937,7.04162427637219,8.69513654735091
5.71428571428571,-51.523272247146,-52.5270098527013,10.2957821571704,13.4819144813358
6.66666666666667,-50.1382870324799,-48.5496420750619,13.1955633439169,15.3300212121245
7.61904761904762,-48.1955931491576,-50.4220987057475,16.6812131669047,17.9967473983489
8.57142857142857,-45.3974354473823,-46.8944294663679,17.5464212523233,18.3127885633574
9.52380952380952,-44.6992576583862,-43.8406828032198,18.5928582445626,19.4367088749058
10.4761904761905,-43.3471611502377,-43.5082599781855,19.7120119797171,19.6818021738581
11.4285714285714,-42.8029937401743,-42.3245816612099,19.1324980998294,20.0288103252146
12.3809523809524,-41.0754861942331,-42.2246858771647,18.690679636534,21.1490589972049
13.3333333333333,-37.4889914755178,-40.0505821405342,18.3668661852748,21.4046459128424
14.2857142857143,-37.4909588986797,-36.2158689626035,18.636997712823,23.4172309862469
15.2380952380952,-34.7276308170827,-37.4860595235114,19.0242872207572,24.0264355385257
16.1904761904762,-34.2430097563885,-34.4940738171355,20.8304429264281,24.5093447671761
17.1428571428571,-33.7909523598656,-33.6301351375929,20.1326285251042,25.6197282355849
18.0952380952381,-29.8528963561268,-30.6513819696106,20.9296124399539,26.6652730161949
19.047619047619,-28.5765773491059,-27.3662358668439,21.9422750480515,28.3172344477918
20,-27.3381158726144,-25.3391550517822,22.4019848516553,28.8799874218438
20.952380952381,-24.0566676680059,-22.632981559126,23.1937356101832,30.2309944959342
21.9047619047619,-20.5124888660295,-20.8194069810426,23.951024825545,30.4001984475319
22.8571428571429,-20.0922873377482,-18.7555840639979,24.4303353795032,30.3615576938757
23.8095238095238,-19.4085859367736,-14.8150235924273,24.9715511994886,31.5284149709705
24.7619047619048,-16.5767115059143,-13.4764766871346,25.2085871750552,31.7982060734986
25.7142857142857,-15.1888968093561,-10.4374972404837,25.0708846273451,30.8445850033233
26.6666666666667,-13.0237729815472,-7.02519963392535,25.0508085333735,29.9421993396183
27.6190476190476,-10.1675321074715,-6.42490855272946,23.8230754884727,27.9495132529359
28.5714285714286,-6.05283726425136,-3.76018196355762,22.272158287482,26.6105794153192
29.5238095238095,-4.40144908769674,-2.37551574441866,20.3997480086413,23.6142153209295
30.4761904761905,-2.75031361626264,0.840730537023523,18.2585493338401,21.2651591137741
31.4285714285714,-0.297753716139283,2.12017234124439,15.8906331344202,18.60684068947
32.3809523809524,1.29351864414866,6.19086574058918,14.4763537589167,16.0758812372434
33.3333333333333,4.51301470042041,10.3963870065174,12.5828125910046,15.3635939805137
34.2857142857143,8.03376598448582,10.3368585662211,11.3784895492544,13.1624444372298
35.2380952380952,8.26485496250808,13.9569012315817,10.5681072300526,12.3918598564186
36.1904761904762,11.1309819265415,16.3941386254833,9.59336989991283,11.1196301216405
37.1428571428571,15.4683737791028,18.9829718397036,9.20784112182492,10.2493826483068
38.0952380952381,14.8618093259053,21.8527111016108,7.91257146972746,8.66794216617772
39.047619047619,16.5273837054625,22.8361443388809,6.36202477466711,7.28855169525493
40,19.6907473727454,24.5694692843911,5.12752429399802,5.56321417578342
40.9523809523809,24.6012370894552,27.0037735753035,4.14661678804525,4.25886898034443
41.9047619047619,26.7338601295177,28.8521746762745,2.68362055351174,4.20214231053239
42.8571428571429,28.0719613787608,32.0497859899261,1.82439035392151,1.82888362612939
43.8095238095238,31.6713630643676,34.5344912622752,2.24524083125639,0.906912526640062
44.7619047619048,32.1898317047985,33.6866173529397,1.05618228267877,0.0726097064229621
45.7142857142857,33.2658607977146,34.683762550018,-0.165898638827705,-1.20603995195306
46.6666666666667,34.9844864753894,38.7191172880287,-0.339570322383282,-1.45560232473205
47.6190476190476,33.4149305070893,36.6028206233579,-0.974236903388156,-1.91934477642987
48.5714285714286,37.3703460499957,40.420816475395,-3.16721369938905,-3.01050418002338
49.5238095238095,38.9851808606803,43.0182473428159,-3.35144505844977,-3.56693685167314
50.4761904761905,38.920942030669,43.4397710920645,-4.16191715982068,-2.88778752237023
51.4285714285714,42.1279428351533,45.824221229406,-4.20622663653281,-2.42341485847058
52.3809523809524,40.7334477981181,44.4528229611832,-4.71881753220211,-3.14809636035239
53.3333333333333,41.0555683394133,46.7573853974598,-5.96684286241446,-3.87781072205878
54.2857142857143,40.0973238839495,47.6891503982399,-5.59243609616474,-5.53045543415656
55.2380952380952,40.9061277714758,43.7308602352951,-4.51880320473722,-5.70261373471003
56.1904761904762,37.3641642698916,44.5863131830957,-4.67978590221862,-7.13082746307798
57.1428571428571,37.0153317029697,41.4666405991625,-4.6906043249367,-3.54392018244981
58.0952380952381,34.8549628387665,40.3288477477142,-4.51780813451174,-4.45426778673455
59.047619047619,33.2896283207779,40.0470345996073,-3.03004288630452,-5.73883953898485
60,32.5695886164927,39.983495411122,-2.90973366048955,-4.0672647741536
60.9523809523809,28.9901971487969,37.9523067932235,-3.06037098181708,-3.21909680786181
61.9047619047619,26.6463359432082,36.9612523730201,-2.2101216220045,-5.26183130825676
62.8571428571429,24.1561794717779,32.3984080712945,-2.02797569243818,-4.68107256595503
63.8095238095238,21.0305016002057,30.4756791649507,-2.78286235878691,-5.34861273198565
64.7619047619048,20.8659559680242,28.6279778383859,-2.56521874514389,-4.875464811137
65.7142857142857,18.2113561664601,26.4136972754973,-2.57527451579641,-3.50477587131832
66.6666666666667,15.7698113254937,26.4832611220004,-1.02599560788436,-4.076329338034
67.6190476190476,11.9802484342486,23.556354294575,-2.86123227992303,-3.94583782154347
68.5714285714286,10.2235330979159,18.9075296025717,-2.56888035490109,-2.84951642758024
69.5238095238095,6.67349961291182,16.568312934257,-3.53069057681869,-2.79612928055066
70.4761904761905,4.1261701660259,12.9810411001167,-3.19056222461487,-2.23826501276425
71.4285714285714,3.77074660107277,12.1747283148022,-3.38185354576756,-2.79006948366764
72.3809523809524,0.0189559141858349,6.81134040705662,-2.88459920993885,-2.67810506779108
73.3333333333333,-2.29989789420218,3.95546436860999,-2.12484384164037,-3.06235852362453
74.2857142857143,-2.1883814953615,3.25920673172265,-3.65448789044226,-2.01405036102967
75.2380952380952,-6.36129897910596,0.203440826162774,-2.7747868031337,-3.28501357119899
76.1904761904762,-8.73121765888539,-1.87684490823492,-3.40443922893897,-2.63205698721227
77.1428571428571,-10.7068174459117,-6.77460652619825,-3.47918787019705,-2.88710110049566
78.0952380952381,-13.6343415588402,-7.94982263277149,-2.99151425065083,-1.5475296709013
79.047619047619,-16.2954947144934,-12.792813063185,-3.5251418545481,-1.80342699963138
80,-17.9085795567355,-13.0423862028684,-3.46066996388515,-2.87286455768805
80.9523809523809,-19.2055982076195,-14.6361689407465,-2.86736453748943,-3.38150457706983
81.9047619047619,-20.614277792995,-20.2419299919801,-1.9536080048515,-3.78286265311077
82.8571428571428,-22.8629176559087,-23.0958290274758,-3.63795828757652,-4.01943658079077
83.8095238095238,-23.9686391024816,-23.7496005853787,-2.56589824141985,-2.37627485767081
84.7619047619048,-27.1801709049478,-31.3495652222269,-2.50646369425219,-1.94687026324611
85.7142857142857,-34.9725609123116,-31.3767614528734,-2.52036390321013,-1.47755397025307
86.6666666666667,-35.487236151372,-35.3999277782655,-0.932641910522399,-0.181037904956057
87.6190476190476,-40.8396524385383,-37.5157520098255,0.308353181468881,0.542025506986799
88.5714285714286,-40.6939732600304,-42.7293100403844,0.0568119674372183,0.426576338023349
89.5238095238095,-43.3056572690439,-45.637264274257,0.970556959705789,1.013702629505
90.4761904761905,-47.5827278482232,-47.3790254948784,1.57542329963167,1.40917759052967
91.4285714285714,-49.2204072802478,-49.9258795519923,1.8519879310049,1.90856019560806
92.3809523809524,-51.1996814506331,-51.3927082177056,0.964766817960963,4.17752145207288
93.3333333333333,-50.372403051081,-55.2902282941807,1.59847278799804,3.5161535421037
94.2857142857143,-54.2385171491398,-53.797918373722,2.47127343936796,3.57187517250083
95.2380952380952,-55.335037342492,-55.0470465009959,3.32454910554102,3.94215432292593
96.1904761904762,-55.0850558043223,-58.2791284386475,3.34358728033678,4.89259809634683
97.1428571428571,-56.6896643485031,-58.7041327930705,4.46461524241597,6.24809146462816
98.0952380952381,-57.7890151428009,-58.7585853500865,5.0707313233846,5.81099691127714
99.047619047619,-56.4919458069216,-58.9727965255671,5.13417682889828,6.69930298189968
0,-62.3222857227375,-64.8325578266958,5.0986282650255,9.35069386367735
0.980392156862745,-64.00826467047,-65.6483725165404,5.30810461008967,9.80729479610955
1.96078431372549,-62.3214887891503,-63.3139215329167,5.69522913320786,9.03253606973687
2.94117647058824,-63.067198952682,-59.8316970968533,6.04487449098619,10.1062164038334
3.92156862745098,-60.3908897145484,-60.2645825676519,6.48313791373314,13.2304226063553
4.90196078431372,-59.8802198519627,-61.4144595478863,8.42144896012025,16.3702295671646
5.88235294117647,-57.5194486613502,-58.558803509065,10.3197790930631,18.9842551014116
6.86274509803922,-57.2838356179364,-57.3956126536635,14.8000211372063,20.8829678064314
7.84313725490196,-52.2767793293075,-53.3567005727229,18.8956334286204,22.4907934883144
8.8235294117647,-52.083926912139,-52.2427057230345,22.6755548793988,24.1520796594056
9.80392156862745,-50.8918888898466,-52.2710222332817,24.6569139347186,26.0278210642965
10.7843137254902,-49.4362032824584,-48.8838112240139,26.1011818468142,28.6820504846513
11.7647058823529,-48.0756565765041,-47.8879734986017,26.1658876502223,29.8847460197874
12.7450980392157,-47.6275236750894,-46.6868617948055,26.1507492363377,31.3751250223562
13.7254901960784,-43.4209997757298,-43.8425777879608,26.2381263838573,32.705575425653
14.7058823529412,-43.261057175612,-43.951401236809,27.8168106912288,33.4213564035719
15.6862745098039,-40.92149905514,-40.2273991235367,29.6953114651879,33.1715684595206
16.6666666666667,-40.1647522789953,-39.1445419867887,30.3703939354571,33.7728891447707
17.6470588235294,-37.9720985355802,-37.9137913250618,33.2013611130069,36.3918387715506
18.6274509803922,-34.4527267598103,-34.7142905856838,34.288438858594,36.2882016831356
19.6078431372549,-35.2850427155617,-33.0844080675276,34.2547897407627,36.9037416052794
20.5882352941176,-32.6288548683803,-30.9896988453938,35.2362490742555,36.6346240584963
21.5686274509804,-27.7267712251474,-28.8006036268248,36.8958703127111,35.8479158437067
22.5490196078431,-26.4484626255727,-27.2974006485767,37.9469306053065,37.0714764649541
23.5294117647059,-25.2691704604848,-25.1066967408182,38.7765082910818,36.2734702766643
24.5098039215686,-23.4276195815327,-23.1825531979861,39.6954809987125,36.1355410411505
25.4901960784314,-20.7620166382768,-21.287695479183,39.360502554895,37.2404485607743
26.4705882352941,-18.5111401267839,-15.5974321368062,39.3563233924466,36.5234151671596
27.4509803921569,-18.2631291450613,-15.4525150908192,37.6747490237294,37.0752017886399
28.4313725490196,-14.9411405846967,-11.2552711127807,37.5820231314557,36.718817340781
29.4117647058824,-11.8891842290997,-10.4985338835211,35.2866496568068,35.3468119093496
30.3921568627451,-10.8289850171772,-5.50190385234791,32.9301066370402,33.2198209373664
31.3725490196078,-6.44201245212802,-2.85788675238808,29.9056488729285,31.4108507336863
32.3529411764706,-6.10017522880893,0.627420864408364,26.9893076827998,29.4665788238507
33.3333333333333,-4.56933861239828,3.47855173557948,24.937438054183,27.5926764515277
34.3137254901961,1.03326426659373,6.79804784106685,23.3686533380631,25.2770527994859
35.2941176470588,3.11273547370206,8.68881633417952,22.4531007077167,24.5027465273935
36.2745098039216,6.65168267994897,10.7252043361611,21.2872281852457,23.4085899232848
37.2549019607843,7.60502587244212,14.8078579266755,20.3759831958612,20.8598253598746
38.2352941176471,12.6312883138228,16.8570372197259,19.5471854104962,18.6025722090357
39.2156862745098,14.2418590325897,19.0301723856148,18.4229651782765,16.6997177758812
40.1960784313725,17.0069189056071,24.1133136901921,17.2436517637343,14.3874688968545
41.1764705882353,21.6547131349415,23.3914061593293,16.0428425702037,12.6728424980231
42.156862745098,23.840764620593,28.217798420316,14.9158391177113,11.5158702850708
43.1372549019608,25.1157112653465,30.3475032204591,13.9293921073023,8.91332973588676
44.1176470588235,27.3505264219604,31.1479441346566,10.6973374718107,8.59135120568797
45.0980392156863,29.7814779440826,32.430838011054,9.18777546416683,6.48907738647929
46.078431372549,32.6830161227117,36.6644519141203,7.51258058605111,6.18926343857203
47.0588235294118,33.8654585416136,39.1609925160797,6.06812562769767,3.59870035506541
48.0392156862745,37.1872291516508,39.9408065855223,4.00513000938821,2.10693433900459
49.0196078431373,38.2296354219583,42.4445393631656,1.289378633991,1.86433982750908
50,39.505847993939,42.0939769108608,0.91377478049826,0.263336502413265
50.9803921568627,40.4830681809949,45.591181883389,-0.11931727087282,-0.115241773952796
51.9607843137255,38.4421439984378,45.1871792171829,1.6663488513787,-0.212500219827991
52.9411764705882,41.1791923650003,46.8485997034305,1.90545022101403,-0.438899772259908
53.921568627451,42.913070301721,48.5433659689461,1.13564162650729,-1.53430230543097
54.9019607843137,43.4417856044711,47.767952815661,2.02472688435047,-2.11291466759943
55.8823529411765,45.6971462976259,49.9360472992929,2.66378975219457,-3.23493901406746
56.8627450980392,45.143712010585,50.5106414949083,0.948677598342261,-3.80228644744981
57.843137254902,46.1739378301306,52.5560575506572,0.166468457103369,-4.45572657713184
58.8235294117647,48.8842222351665,52.8333553195722,-1.74086138668538,-4.26134643762515
59.8039215686275,46.389274149708,52.2672980833801,-3.51311933844223,-4.22064979416215
60.7843137254902,48.1170644301307,53.1692429177471,-3.74950850711293,-6.28924105832707
61.7647058823529,49.941034516791,53.011965057116,-3.45366679311103,-5.98147357415581
62.7450980392157,46.4699597704886,51.4427802262245,-3.27171427188229,-6.34358227191054
63.7254901960784,44.1504653566281,47.5345578094887,-4.04749539514148,-5.70308255552967
64.7058823529412,43.2136955320917,48.5533210639619,-4.58730280785769,-5.64947334147307
65.6862745098039,39.6962990489944,44.7126523087626,-3.49068482768519,-4.94445804845767
66.6666666666667,35.5765590092191,44.3310911070207,-2.77873488565268,-5.88351958127927
67.6470588235294,33.9308093686009,40.1391068862855,-2.96669634796483,-5.30635085532732
68.6274509803922,31.3543456351968,37.3883668042218,-3.44280345586299,-5.8009687340535
69.6078431372549,28.5570116139054,32.6026663878523,-2.86326796614679,-5.3790808198979
70.5882352941176,27.4919707572622,31.2434235324147,-2.48041020513819,-5.38904668681431
71.5686274509804,21.6695111856576,28.6125283258433,-2.48220467631948,-4.92037816851695
72.5490196078431,18.9772358107722,26.2654586418056,-2.29216375079006,-5.42458480336767
73.5294117647059,14.7712364034281,20.3978003360098,-1.67693828751001,-4.63703959359488
74.5098039215686,11.0870772597454,16.8180331652803,-2.72351852034488,-3.11119269675682
75.4901960784314,7.51206610232302,13.450606973149,-1.77479534952765,-3.95987069442766
76.4705882352941,6.75207706653332,8.86697771613946,-2.38187832716807,-3.35179463729196
77.4509803921569,1.69970732832379,5.90303045529301,-2.70653855582453,-3.82534780098443
78.4313725490196,-2.07328667693096,3.31608848282095,-2.45893520827081,-3.41889043662504
79.4117647058823,-4.63724957130707,-1.62149404820958,-2.20922948517104,-3.1849866838548
80.3921568627451,-9.66073134634401,-6.57621218402018,-2.67624899663367,-2.16919439933939
81.3725490196078,-13.2495673412303,-9.17335048799652,-2.11889475675741,-1.18156229157515
82.3529411764706,-18.1917556358583,-15.5605087507326,-2.19997438008648,-1.85359953071007
83.3333333333333,-17.3730369100512,-20.066225802694,-1.8983386563133,-1.52343694713615
84.3137254901961,-23.1182458172071,-21.3445418458824,-1.80479907374277,-1.29296842751391
85.2941176470588,-25.1461209261166,-26.2772879038488,-1.70864365551974,-1.57837322977185
86.2745098039216,-28.9743481523147,-30.9871389377969,-1.95477135999523,-0.695643980584246
87.2549019607843,-31.6403079445874,-35.5938596985064,-1.49762321046397,-0.953678766774274
88.2352941176471,-37.4984638192357,-37.1027881950322,-0.390478980849439,0.0200301511677127
89.2156862745098,-39.7638020413371,-42.4940114729756,-0.66173048728339,0.757663772015282
90.1960784313725,-43.0849770392586,-45.2675403211207,-0.396922428649219,0.761117717874992
91.1764705882353,-46.3334181357674,-48.9401194672678,0.485559374356844,1.56549911972592
92.156862745098,-51.6482376820815,-55.5476304268351,1.75397445578442,2.96657764681677
93.1372549019608,-52.8830321548283,-55.2740791130146,1.66577183227636,3.76741261449391
94.1176470588235,-56.4909136219917,-57.5598362983688,0.604713746591226,3.98752315402335
95.0980392156863,-59.3885434969132,-58.1849743780252,0.673980229624055,4.49994154814958
96.078431372549,-59.5930248571577,-61.4458987012469,-0.357072097718775,5.50749272539245
97.0588235294118,-60.7257352673598,-62.7559963512856,-0.472440101355643,6.2329382591801
98.0392156862745,-60.5511820373777,-62.3028662459403,1.11254094587149,6.17977410850911
99.0196078431373,-63.5274684233045,-63.1212077718864,3.10829528191865,6.06196097623686
0,-64.9910586018792,-62.5275988474907,3.76335785036022,6.46616846776984
0.970873786407767,-63.4107901826589,-64.4879198398504,3.97505360497517,5.55518377286111
1.94174757281553,-61.353762308751,-64.3390912168049,3.36412210878436,6.21477118010015
2.9126213592233,-60.7926825866615,-62.3168072789182,4.1197986083704,6.58487173461855
3.88349514563107,-58.6293082498667,-59.7443103114958,5.2782066208766,7.8263563497494
4.85436893203883,-56.1001480841735,-61.6170861254079,8.17716555176209,9.71845662803624
5.8252427184466,-53.7169769802079,-59.2178962134706,12.6362789010624,12.3102313833342
6.79611650485437,-51.5167557257896,-57.4960206152285,17.5067326669395,16.6847027423823
7.76699029126214,-50.0845403094107,-55.0236909890862,21.3073662691877,20.4432585399294
8.7378640776699,-49.6109657594238,-54.9109730880517,24.2529162693037,25.5021968962506
9.70873786407767,-48.1938405333391,-51.5895120894366,25.8650108240374,28.1973809818921
10.6796116504854,-46.029156917588,-50.9655641154328,28.9558790223322,29.632854633379
11.6504854368932,-43.9277303180482,-47.4325874947518,29.8528420077825,30.3170824534986
12.621359223301,-42.4965829885158,-46.6486185596154,30.9453397464968,31.1774610865127
13.5922330097087,-39.7027016800342,-43.01413972144,32.4070066458082,31.397779385554
14.5631067961165,-37.6170734834746,-41.6912918378852,34.9749641592389,32.6890931259635
15.5339805825243,-34.8671606284709,-41.0143787451899,37.4001470808938,34.1848193304233
16.504854368932,-33.7808599361475,-38.295882167306,39.2550790927385,36.8962536343996
17.4757281553398,-29.0190798886923,-36.9476883462498,43.1203911018185,37.4805633250351
18.4466019417476,-28.9614914459569,-33.6024141964591,44.4045056100572,39.2267777876907
19.4174757281553,-24.9282312286103,-31.4808289486186,46.6532566577981,38.903485555501
20.3883495145631,-24.4679500532624,-29.2440406842733,46.2322169819679,39.3981909117906
21.3592233009709,-21.3294124846992,-25.446803265286,46.5529971770627,38.903658898941
22.3300970873786,-17.9974657262488,-25.9061116611154,46.0244779257933,38.5512096040111
23.3009708737864,-16.1576083158489,-21.0043888568252,45.4370608475357,38.8236106598804
24.2718446601942,-14.3836395151293,-18.8004921777687,45.0251099691599,38.1301255175091
25.2427184466019,-12.4872910577719,-16.7021263401376,43.0812708367075,37.6921042258571
26.2135922330097,-7.26285472765057,-14.8351255267203,40.7760490235797,36.6302946405565
27.1844660194175,-3.62811444766491,-7.74569726859787,37.8819242828681,36.4866176519111
28.1553398058252,-2.2655957202626,-7.63409649855375,34.6028274142596,36.381891818397
29.126213592233,1.28398850144831,-2.92024853652384,30.774752270963,33.4468484311429
30.0970873786408,2.92826036613561,-0.383688757091568,27.7661908165603,30.911719172981
31.0679611650485,5.65258027945548,3.34588725171492,23.7824154470504,28.3706689337942
32.0388349514563,8.61129406844894,5.55701862338929,22.2058497259669,25.2821331856957
33.0097087378641,13.208818377546,9.59400995408307,19.9073712442231,21.7640896382008
33.9805825242718,14.7990916890616,9.56915989536718,17.6069172088187,19.8040363452164
34.9514563106796,18.0294739372677,14.3151772161523,14.3572530941171,16.7195147385791
35.9223300970874,21.2769088321844,15.5416055984908,12.11181471996,13.7871064328325
36.8932038834951,22.4428818881573,21.2822936808183,9.20167189508664,10.2716207655497
37.8640776699029,28.1873163631292,23.2595433156914,6.74332415673662,7.69556485989125
38.8349514563107,28.7763087381963,26.057232654787,3.43601248424014,5.12870169470209
39.8058252427184,30.3697518404307,28.3671285484797,1.56903468011722,2.91338405669673
40.7766990291262,33.6125868237113,31.4373611845064,1.08299851321618,1.66286936975118
41.747572815534,35.0289081650001,35.0212122223473,0.787278075070784,1.35032780023985
42.7184466019417,37.8848804414166,35.2873153250427,0.170203528592542,1.03641087493056
43.6893203883495,38.6053102391611,38.4900594285392,-1.7417621160325,0.587289637053256
44.6601941747573,40.1300968206446,42.5608569160905,-1.61126921689022,0.673762981748899
45.6310679611651,43.8584230130991,41.7195629461627,-1.97790583464176,-1.46472866181546
46.6019417475728,44.6266417354664,46.0992823410334,-1.5699731221018,-4.32719917818434
47.5728155339806,45.4367533787981,46.4605712796986,-0.595505024251739,-2.17588383204021
48.5436893203884,46.161762864981,45.5993490652939,-1.98695384138916,-1.56727831799305
49.5145631067961,45.7437744212502,46.7782134800111,-2.02101666283448,-4.27438687327197
50.4854368932039,45.7556481540712,47.3396629554932,-2.20372339123981,-2.44313309291113
51.4563106796117,43.5118608267908,46.8338500058515,-1.72318576061986,-2.66951257678895
52.4271844660194,40.884986890757,46.7986592033717,-1.53430954285305,-2.81974174759246
53.3980582524272,40.4584936820057,46.052544465029,-1.56584036495647,-2.51422069069017
54.368932038835,37.8021454310717,45.8835277053819,-1.10058952729942,-1.3604992607556
55.3398058252427,36.2715170896969,45.3872385489771,-0.919964889350284,-2.03292679646009
56.3106796116505,36.1438375757752,42.0312040716799,-2.50501317263064,-1.7006984944973
57.2815533980583,33.191159676648,40.5845887730399,-1.29878442032211,-0.181397221669736
58.252427184466,31.8736128370496,39.1201872353978,-3.06869038844657,-2.00400556057607
59.2233009708738,31.8684069967342,35.8139298698321,-0.90067203809334,-1.73322315965756
60.1941747572816,29.8362058991573,36.9061844174346,-1.7236361082328,-0.573442552023347
61.1650485436893,28.2562337066666,32.8030590736243,-2.41092755421478,-1.8295755769236
62.1359223300971,24.8316885477578,33.0354816874553,-1.93308241670152,-1.90401072260416
63.1067961165049,23.3509602139438,30.58335880154,-2.27290563713674,-1.06528254792177
64.0776699029126,21.6425789268712,26.2014940464248,-1.13667908813405,-1.85426842477158
65.0485436893204,20.8671204977165,25.7331070230861,-1.80402330585337,-1.26349062856274
66.0194174757282,18.1225841064728,26.1038022042563,-2.53046613332326,-1.83845558081724
66.9902912621359,17.1689705167944,21.7831447708967,-2.5415330386933,-1.64938087554065
67.9611650485437,14.3119267047623,16.8423363127998,-0.239180509029314,-3.02875043276114
68.9320388349515,12.307888870448,15.2584541860169,-0.66428141571356,-1.57724518475255
69.9029126213592,9.33043130729973,13.9027224958788,-1.00998542040895,-2.36110981879717
70.873786407767,7.74574914594307,9.80597714901142,-1.39635448362968,-2.02369956634389
71.8446601941748,6.03246489832942,7.15202603141495,-0.968135351039776,-1.78901784033827
72.8155339805825,2.38932464125029,6.00787706628962,-1.36187429785955,-2.21797088585907
73.7864077669903,0.859093668346011,4.27883596646519,-1.05526470804488,-2.12154429410492
74.7572815533981,0.307345562151617,0.792193338678806,-3.5935688061969,-0.271709935507427
75.7281553398058,-3.53604510064025,-2.53753210915113,-2.7191235508612,-1.03513589156192
76.6990291262136,-5.74583789184713,-4.117370158119,-2.63541651397159,-0.834791665449792
77.6699029126214,-9.38377300935315,-7.35039677592332,-2.25867023526393,-1.50263185253518
78.6407766990291,-12.8988328630163,-9.42547157087806,-1.64097682211884,-1.09348959856309
79.6116504854369,-14.8736310297252,-13.0685515207305,-1.80642542598923,-0.83597298493773
80.5825242718447,-19.4080266441005,-16.2252338459742,-0.978255420237779,-1.46065393945183
81.5533980582524,-20.9931002220862,-18.3006746353109,-1.34192982877214,-1.00177953323471
82.5242718446602,-25.7388316805456,-20.5236723312485,-2.24294195138668,-1.91905602237267
83.495145631068,-29.3752865903163,-23.803449404674,-0.954897916149146,-0.877766488878022
84.4660194174757,-31.6509279455096,-22.902114939135,-2.41010782281239,-0.759788797251637
85.4368932038835,-33.3445171830808,-28.6956573183746,-0.0467065391966958,0.134372776347142
86.4077669902913,-35.7557209928942,-33.6289701658107,0.509356838699342,-0.0795791041784614
87.378640776699,-41.2674807490083,-38.4497964058083,0.553625759111396,-0.100963965021863
88.3495145631068,-40.3152684541053,-44.189389513543,1.65653334378755,1.94758322235705
89.3203883495146,-46.6761289787176,-46.8872825634165,1.10129102662716,0.902907049713738
90.2912621359223,-49.3368258005194,-48.1098752995873,1.2134541472909,1.25732407280063
91.2621359223301,-51.4266994951897,-51.8324955987048,1.35902053178656,2.33795916104641
92.2330097087379,-54.2124160788809,-52.3128515348324,1.94503307189494,1.9485337710083
93.2038834951456,-55.3926727801072,-57.332714744701,2.68893848531016,3.6157695147204
94.1747572815534,-57.5002378971372,-57.033588291855,2.58535522732926,1.81319103020649
95.1456310679612,-59.699348327735,-58.8161618604617,3.40065320291094,3.38049424886513
96.1165048543689,-58.5637199012145,-59.9502649196085,4.3625070859672,4.02058654644714
97.0873786407767,-59.4780027336134,-60.7025822915238,5.20128552390252,4.37207437337761
98.0582524271845,-62.737929291551,-63.6124418448482,4.69538186977253,4.3028046144726
99.0291262135922,-61.4247099982125,-63.6534667552053,5.6902659928166,4.1413566574071
0,-54.1843870762783,-61.8818860037971,5.86130785505425,7.8537501588646
0.952380952380952,-54.4353260280606,-60.8561061243981,6.69557728217203,7.49379347070909
1.9047619047619,-53.3224773441787,-60.6737465161138,6.83686132254221,7.80270279005283
2.85714285714286,-53.2920313207463,-59.9368774757189,5.19368541007017,7.0124562846413
3.80952380952381,-54.4099423629463,-58.0187090788622,7.17920348653475,7.54054807959837
4.76190476190476,-51.3123270030452,-53.2790045753588,8.916326687484,8.63406805108087
5.71428571428571,-50.7191900041309,-54.1329771413088,11.7041860637677,9.79679369120496
6.66666666666667,-50.2439720643547,-50.9730995607968,15.268051714042,12.4383147975322
7.61904761904762,-48.2164208697846,-51.2085369674694,17.7588712858402,15.3662715358288
8.57142857142857,-45.6530266647357,-47.9697469930903,20.0877744303405,17.0123089900388
9.52380952380952,-44.4015654653435,-46.9592231322714,21.3937246256459,19.8062916568834
10.4761904761905,-40.8380181609762,-44.1213069142284,22.0908307812472,22.5355806654419
11.4285714285714,-41.5052226904565,-42.7412313943886,23.5913437846491,24.4842371376716
12.3809523809524,-40.0422363529234,-41.9551992421771,24.9062971425789,26.6192858863834
13.3333333333333,-37.4266347784269,-37.9907381539294,25.7244763133853,29.0643985784185
14.2857142857143,-36.9036209283703,-37.0373237270842,28.1271234812874,28.9909195151053
15.2380952380952,-32.9975205684544,-34.2783605976006,30.0506618206164,29.4608782083921
16.1904761904762,-32.2268293137153,-33.0399089691696,31.0201136532311,31.6779179663219
17.1428571428571,-30.5022823469966,-31.4882831089751,31.3102798176894,32.4508102769184
18.0952380952381,-26.052175171316,-29.3789017197772,32.3376283851499,32.076514436266
19.047619047619,-25.5846064136712,-26.5481892896263,32.7496396422106,32.8457764281218
20,-23.8357453762826,-22.7568654053349,32.6865794109192,32.7187187659138
20.952380952381,-21.3335304423848,-23.3809393234927,33.8466758034448,32.5206951521397
21.9047619047619,-20.2943207861502,-18.5683053148345,34.0741329602858,32.160583020745
22.8571428571429,-18.3572867858763,-16.8473261767475,33.9333574759721,32.8304779508556
23.8095238095238,-14.3251293545218,-15.4926465972793,34.1855503300051,32.8539124609413
24.7619047619048,-12.3171915334361,-10.8531793815212,33.6334760543733,33.5543801776755
25.7142857142857,-10.7581487342272,-9.60944464450461,32.8527063113797,33.8527235647899
26.6666666666667,-7.62402552480004,-6.45803161038999,31.3243723135247,32.6661006801776
27.6190476190476,-7.96442140811332,-4.29315527419884,28.6057516412185,30.5036580410542
28.5714285714286,-4.3500082280338,-0.235615206469093,26.3661233444596,28.0430505317371
29.5238095238095,-2.20965682004402,2.77212987799848,22.8325449007503,25.0030176785935
30.4761904761905,0.942185254709448,3.59444351228329,20.6483165061778,22.8283048685444
31.4285714285714,3.20200450848883,5.62873271878589,18.6613111902333,20.4781449550519
32.3809523809524,3.58597269013524,7.18808523444983,17.1912318431861,18.6655429125329
33.3333333333333,8.91525762353402,12.9075378977975,16.6961928794323,16.9913158819812
34.2857142857143,9.86744252459263,14.6128595308588,16.0713210632841,14.6566724178966
35.2380952380952,11.1798780218294,16.2256426636211,14.672419721198,13.9278071702097
36.1904761904762,15.1382466859205,19.7621413860506,14.9463403122155,13.0766613571605
37.1428571428571,19.8775340343379,22.5829046145352,12.9851966685202,11.8794064381709
38.0952380952381,20.9951463625751,26.1413645956466,12.1205394659081,11.2921635474356
39.047619047619,24.6593907279705,26.615608336437,11.0626674238369,9.8182243802909
40,25.914548445104,30.6845162114171,10.2593016691163,8.69293527966805
40.9523809523809,28.6289591068588,33.3754177083517,9.76409282542632,6.89397817988242
41.9047619047619,30.7896443583846,35.5349477364446,8.58733254012079,6.23999947205313
42.8571428571429,33.8507685867531,36.9973243941168,6.33974181699928,4.54071295044575
43.8095238095238,34.1493524614933,39.9091174055149,5.65562359140092,4.38330123062519
44.7619047619048,37.4881940553721,40.559368996003,4.65979828123245,3.46464007520655
45.7142857142857,37.9615605001913,41.0330574373872,3.42944274173359,1.26047169134472
46.6666666666667,41.3612663313971,42.5974392636043,1.28283433156525,0.6031943986185
47.6190476190476,41.0297223340359,45.8331361859443,1.47433765421973,-0.112335504831801
48.5714285714286,43.8979166315064,44.1576819789917,0.493770852762508,-0.109677038307136
49.5238095238095,45.4791153447056,45.6247366111394,1.02771949148316,-0.282884683914484
50.4761904761905,51.1961924994433,50.2600779700485,0.250017307204383,-1.20740214266959
51.4285714285714,50.4047330377411,53.8142685682038,-0.562377640850352,-1.38708167673545
52.3809523809524,52.5944502527188,55.730495628035,-1.05353801087708,-1.11645041144485
53.3333333333333,55.721823001705,53.8626019567673,-2.03038552246113,-1.48592589216089
54.2857142857143,51.6995101485155,55.4240991597237,-2.28158597943297,-2.26956714503598
55.2380952380952,52.4326178455151,57.1560600751454,-2.0511441958566,-1.83581559401809
56.1904761904762,51.9634141286495,55.4415881905567,-2.12429406949151,-2.11700524926409
57.1428571428571,51.4516279793753,55.005956653933,-3.01595223998997,-2.26693318591844
58.0952380952381,47.5078241762144,53.6477942221129,-2.25437316444556,-1.92183926111939
59.047619047619,47.1813777140283,50.3789108533257,-2.43048248182591,-2.90052265908935
60,44.4824061716775,50.3956098208034,-2.75446545491873,-2.12754276781458
60.9523809523809,44.8411144116879,49.9118610220084,-1.75959771064136,-1.72372591110158
61.9047619047619,42.6309376440151,44.6290250894746,-3.10298226248491,-2.16072642882053
62.8571428571429,41.590954094446,44.5570790016718,-2.54472683171654,-1.64651233815287
63.8095238095238,38.6908995059786,42.3802358501309,-2.01061477399909,-2.36871090159119
64.7619047619048,36.4767621030422,39.9072908058949,-2.92341346859819,-1.19695220113428
65.7142857142857,33.9654225841802,37.0022984681735,-3.01974425559999,-1.85434610914538
66.6666666666667,31.2078200311528,34.9831091954005,-4.76144294099096,-2.74020282643742
67.6190476190476,27.9737478082352,32.0460615327864,-1.13167720801467,-1.92713005816741
68.5714285714286,26.3954816850051,30.4093613283533,-1.75167825744622,-1.50138287237608
69.5238095238095,23.9670912163787,28.3905903028497,-1.78555045210751,-2.37485477859462
70.4761904761905,22.0781712014363,24.6667444604423,-2.44182333666677,-2.28471325454211
71.4285714285714,18.2092473206808,21.4068277218768,-2.6093545695404,-2.1087740927096
72.3809523809524,14.0625838020873,18.819272622178,-1.80371829429631,-2.20313335277462
73.3333333333333,12.8471117230082,15.2202821830974,-1.32505183971757,-0.454230811275618
74.2857142857143,8.3202997178625,13.5381101813841,-1.54141512029726,-1.50620699642477
75.2380952380952,5.07454307996357,8.19498936552822,-2.39732974390175,-2.06540986961972
76.1904761904762,2.85318078707867,6.13224252746861,-1.62773032532968,-1.93696944283972
77.1428571428571,-0.515790173749717,1.46030551240359,-2.12463924014258,-2.01812533805686
78.0952380952381,-1.93836240849514,-1.8429572163957,-1.75258390759965,-1.79277276317128
79.047619047619,-5.74506923487845,-4.33802731747521,-0.890366607837219,-1.54755929417882
80,-9.16680568275473,-8.9947007899879,-1.56697647939838,-1.07510156676161
80.9523809523809,-11.3115109853805,-10.6198169063545,0.130709750354603,-0.30539117144211
81.9047619047619,-16.3908251803292,-13.5701698240277,-0.445087137353863,-0.884747709163538
82.8571428571428,-16.5551249359702,-17.8497889735791,-1.71468108477287,-1.0206375953347
83.8095238095238,-19.1108518125785,-21.1608301358341,-0.212495968591545,0.688796021125346
84.7619047619048,-23.1514965636347,-25.3395035453311,-0.354083373129964,-0.930252733237119
85.7142857142857,-26.1667091140212,-30.2129508234594,-0.146858883517029,-0.159614985574785
86.6666666666667,-28.9689539719471,-32.252193004652,0.428477004176142,-0.20941709134936
87.6190476190476,-30.7893815894808,-34.8112311274449,0.339307924823513,1.07553310152231
88.5714285714286,-34.1956930039489,-40.4867793806544,0.253325199482947,0.95237015064584
89.5238095238095,-39.1877512048346,-42.8966867330195,0.974035240982871,2.01264962691954
90.4761904761905,-42.7787597884957,-43.0940192660851,0.461931752283135,3.90042443346419
91.4285714285714,-45.4782762982717,-48.6009097515519,0.755845216211908,3.21614061553819
92.3809523809524,-46.0502086053916,-49.6826996858857,1.65531120556117,3.46764760214963
93.3333333333333,-49.2817497965568,-53.0170905732514,2.86612789207347,4.19978658828412
94.2857142857143,-51.8340578933619,-55.7817472030177,3.8983213939025,4.01685151453263
95.2380952380952,-51.2352116337877,-57.6462233294724,5.83843767285557,4.83038372689572
96.1904761904762,-52.818279753682,-60.6815010775748,6.63464893425013,5.25345772910291
97.1428571428571,-53.6262919738444,-60.6393726995473,7.61781248793515,7.4672166823509
98.0952380952381,-57.6371656352191,-59.5020308314453,7.73052929261648,9.03412815821141
99.047619047619,-55.5426540855312,-62.2429853353025,6.66457964065585,5.80521186036329
0,-65.0224753048017,-67.5573686096803,6.91075081022699,4.68994991484862
0.961538461538462,-68.2309861434449,-67.0961626841314,6.00241912960199,4.27409192700738
1.92307692307692,-65.3634092849975,-63.9045626316986,6.85966268602241,3.13435537932002
2.88461538461538,-63.8344946539047,-65.4290811119021,7.09027628425961,3.03426841893396
3.84615384615385,-61.8190947769098,-63.0052909524352,7.92093440530792,4.37047384836409
4.80769230769231,-61.7070426674986,-62.3914018531297,9.14509679487809,6.11566106272195
5.76923076923077,-58.8130319867215,-57.8210132266025,11.8347831952683,8.34670472126381
6.73076923076923,-57.3904137197228,-56.737833937767,15.6760719753543,12.2215317318565
7.69230769230769,-56.796166882563,-52.9390158487261,21.3641078796481,14.5385149625235
8.65384615384615,-52.2166647169589,-55.6566902015253,25.5817907499768,17.364448657145
9.61538461538461,-50.6601935396551,-52.003872083691,28.940674295142,20.1268266621318
10.5769230769231,-51.2201575370698,-47.9326748958896,32.2226970658205,21.641603193862
11.5384615384615,-47.0912291193484,-47.9808937745276,34.2573742660577,24.3008988351843
12.5,-45.3502531727234,-46.1240246832696,34.6208496753719,27.1046308113385
13.4615384615385,-43.7067879952751,-43.2379598617979,36.4087739924815,28.2539466203623
14.4230769230769,-41.342354262583,-41.4694652489162,36.9093860563255,30.2946196312423
15.3846153846154,-39.5430948119196,-37.6290632223057,39.6051695647337,33.4870108746033
16.3461538461538,-36.7565778080638,-37.3337186966907,40.4719442642888,36.2729726023085
17.3076923076923,-35.6476087711505,-35.087252754776,43.21859673729,37.9019309334789
18.2692307692308,-35.1247432525116,-30.2417470289863,45.3714725706973,40.1952308267304
19.2307692307692,-30.044799199609,-29.944328873598,45.6894132570709,42.4196585062595
20.1923076923077,-27.0048991196216,-25.1831449799039,46.3162294685202,44.2966112798658
21.1538461538462,-28.514510760635,-24.5790410728822,45.8437854742374,45.2023187632134
22.1153846153846,-26.536836518027,-20.8905125030763,46.0287685285015,46.0061515160889
23.0769230769231,-22.835951155881,-21.260964036043,46.3266170447646,46.2235483701543
24.0384615384615,-20.3959094928294,-16.5709023319631,45.9492638381371,45.2268312242106
25,-17.3366599515427,-13.9532909336292,44.7728603261896,43.8187705356298
25.9615384615385,-15.4538660770368,-10.0341175327511,44.6578301599674,41.5336658417045
26.9230769230769,-14.4329591234831,-6.32588519222536,41.7029497432981,38.6455986897051
27.8846153846154,-9.96618944618209,-5.02910940318024,40.0060836786499,36.3630727411199
28.8461538461538,-7.55285112825793,-2.89273200209913,37.8979966595197,34.4952845119806
29.8076923076923,-1.56470787944857,2.69875161199242,35.9294008017076,32.4748066016559
30.7692307692308,-0.601977694504198,3.85736042820759,32.4787327367386,30.133202476116
31.7307692307692,1.53292760437506,6.37123581545279,29.3236630909046,27.5690947102983
32.6923076923077,5.28230328160719,10.1141957673595,27.4646260315801,24.2936496448036
33.6538461538462,7.78278068625477,11.8173795397446,24.3318388873492,21.723487754887
34.6153846153846,12.8959021532322,15.6567255952021,22.6008912011994,20.7548485910546
35.5769230769231,13.8810616989739,19.0905536031792,21.1128113036458,18.7230625705316
36.5384615384615,19.2112935213018,22.0461477407364,21.3628654888439,17.0460795957039
37.5,22.3593166893475,25.0571522942899,19.4489636740447,15.6275255406722
38.4615384615385,23.4164604336033,26.3396317763151,16.5521212426222,13.7434605300468
39.4230769230769,27.5938409425529,30.0837754450998,15.223150656412,12.1040875514481
40.3846153846154,31.5407373938658,34.8834833618434,12.3578145544347,8.74392880919923
41.3461538461538,35.0327864656092,36.2731583896084,9.04731630082301,5.82620341216121
42.3076923076923,35.2649957971351,38.7772548632745,7.12080039197685,3.47304952783898
43.2692307692308,37.73321621882,40.0443391777305,5.13917621838438,1.07299297212737
44.2307692307692,39.2108291737127,43.1174471445593,2.15019328889018,-0.34480071901197
45.1923076923077,43.3891718076005,44.9005161915745,0.959622453504317,-0.868452604709355
46.1538461538462,44.620599995027,48.0825202676093,-0.764271207138005,-1.32109164324548
47.1153846153846,44.837528035168,49.4648426753911,-2.9775975569546,-3.46752080248888
48.0769230769231,46.8166326773544,49.25557079337,-4.07893611555747,-5.81054537807668
49.0384615384615,49.0588289418926,49.4683537037313,-5.79763121759541,-5.29051698806251
50,48.0372198243426,49.7595727352623,-5.41258452992265,-5.96722390996004
50.9615384615385,46.3232259105964,48.3187476865279,-6.05229068559693,-6.531045338959
51.9230769230769,45.4483299909893,49.3902067401948,-4.46887521239577,-5.69269168367834
52.8846153846154,45.7485988495086,50.6914267821382,-3.79600141705027,-4.37141309818613
53.8461538461538,45.8491685757198,48.7089398441124,-2.34805385839823,-3.01208947129434
54.8076923076923,43.335968960046,48.2391458419102,-3.24071946182625,-2.39705797034414
55.7692307692308,43.8020531190689,48.2527521355657,-3.56661861892946,-3.10487004722215
56.7307692307692,42.0638473730389,46.0504371221373,-3.25246642993175,-3.32545543034329
57.6923076923077,39.7948120216994,47.5397166126801,-3.35381148723801,-4.39348351734167
58.6538461538462,40.0470220121422,46.1965877820046,-3.92231628990865,-3.71235773606755
59.6153846153846,38.4621118562537,45.3722642563826,-5.13812573845806,-3.25651245177495
60.5769230769231,38.6162876593363,41.7687363617111,-4.16154553256109,-3.88665096718559
61.5384615384615,36.1855180584158,41.8247817696828,-5.14585184122433,-4.2596733826917
62.5,35.535584830865,38.6767154518624,-4.65443235301478,-3.67511156855815
63.4615384615385,32.7504904683603,38.1371588416458,-3.80330661125145,-4.23185241005241
64.4230769230769,30.8926184408976,34.4454894292208,-4.18947149239574,-3.56723837048041
65.3846153846154,26.4167169360727,32.8915373190365,-5.377476785439,-4.34064748639709
66.3461538461539,24.9901999428598,31.4151191650646,-4.96062304098686,-3.84784744813575
67.3076923076923,22.857982763454,28.7925132246464,-4.81004714363379,-4.32312281993563
68.2692307692308,21.8895983170615,25.0617619748963,-4.46858620383524,-4.3685330652744
69.2307692307692,17.8516963824864,22.4362193662273,-4.00931873825812,-4.38627854313316
70.1923076923077,16.8189758470032,20.4935154576379,-4.87338784767795,-5.22729983420291
71.1538461538462,13.4419241805701,17.8456840045985,-4.37860574681665,-4.81239305698731
72.1153846153846,11.3526972336259,15.0165490122554,-3.7191394333555,-5.32846635865238
73.0769230769231,7.02429009841615,9.91341366091879,-4.02649194799215,-4.31214842987055
74.0384615384615,5.62475404520137,6.08633919810466,-3.44388635567954,-5.00147202198714
75,2.09325328202132,4.06589451656308,-4.71897634367223,-4.33384961837375
75.9615384615385,-3.33345343100933,0.837333220020081,-3.85074137847415,-4.06527544285846
76.9230769230769,-2.73146383517603,-1.62256888015696,-3.84631011484417,-4.10463208855256
77.8846153846154,-7.0349669770853,-7.45704914621281,-3.30497968831901,-3.46119424992865
78.8461538461539,-12.1587397244969,-10.9163773246983,-3.68228226634597,-3.10729408366157
79.8076923076923,-14.8378117602362,-13.7771575472155,-2.7986754031498,-3.39720617119036
80.7692307692308,-19.1963024709767,-16.9753596309487,-2.99239190288343,-2.574378707178
81.7307692307692,-21.2593294764165,-21.396165382224,-2.66872712809428,-2.8179519694291
82.6923076923077,-25.3327793999949,-24.5790755348271,-2.79909107319107,-2.77075358120028
83.6538461538462,-28.3871320912556,-27.708013451804,-2.07996747277334,-1.69883600420227
84.6153846153846,-30.9379378700418,-31.9331875284347,-1.57368076146917,-2.88189210903844
85.5769230769231,-34.8508861986521,-36.477306994673,-2.04821472425483,-1.69759787613557
86.5384615384615,-40.0520802832011,-39.2871290208705,-1.43625601952732,-1.1863821903085
87.5,-40.1879584042472,-43.4927634554574,-2.07668156099238,-0.209610044756208
88.4615384615385,-44.7446556782572,-46.2766429765626,-0.26691773720055,0.0832065420549609
89.4230769230769,-46.9252759157911,-49.1514717119554,0.361714290646512,-0.174918065235011
90.3846153846154,-49.8582388314279,-53.8729600367237,0.964495757297513,1.89858788225245
91.3461538461539,-52.5130700386159,-57.6461283868012,1.40630701897392,0.982778721707683
92.3076923076923,-57.3537173401585,-58.1986727865928,1.85190098029941,0.479456829923859
93.2692307692308,-57.0440593187266,-60.0230340237347,2.55842262395852,1.20376437481929
94.2307692307692,-59.044041545454,-61.4344160769494,3.87247465649621,2.4162068443083
95.1923076923077,-58.6604788532295,-64.0143980501279,3.98816870078561,2.83890937803983
96.1538461538462,-60.3224735854116,-64.5828341418872,4.26044805527847,1.76118541295769
97.1153846153846,-62.6104619844386,-66.0239760866769,4.75963143021095,4.01985470293028
98.0769230769231,-64.4698839157465,-68.41271979371,5.31375423105514,2.76048152361277
99.0384615384615,-63.0919184449402,-67.441813759072,5.33571410345825,4.32317915195976
0,-58.7208800164003,-58.0290994892254,6.52771291817339,4.49036459288663
0.961538461538462,-59.5281739787139,-58.7556709291155,5.67722431850317,5.76470131329721
1.92307692307692,-59.8177185360252,-57.3344730286691,5.91034318140165,6.13481512946237
2.88461538461538,-57.4426694267724,-57.706643332432,5.58565157413708,5.31081270774319
3.84615384615385,-55.0969618554648,-57.9918524178835,5.62143682992627,5.19511495834525
4.80769230769231,-54.7712212301838,-56.0447127972894,6.67358406822391,6.13193921352306
5.76923076923077,-53.5584446058841,-54.4319463491536,9.15276648495494,7.22112857702165
6.73076923076923,-49.8228835747363,-53.6457693949807,12.1073056526771,10.0063219853725
7.69230769230769,-50.1687049265205,-48.9000837818715,13.3713348840318,12.6259639624436
8.65384615384615,-49.0774876141033,-47.5511171322308,16.4217224210155,14.8927608647565
9.61538461538461,-48.6914988121691,-46.6718571322498,17.6605906116637,17.9829183309875
10.5769230769231,-43.5937526355328,-43.2999893287981,18.8889088460735,19.7272415742633
11.5384615384615,-43.818569082705,-41.7058363841973,20.1322482428402,20.0841935560074
12.5,-43.2408972062696,-40.6216959610481,21.7076059558517,21.7889189347005
13.4615384615385,-39.868451533697,-39.9881285928234,23.6664991967232,22.9136253784141
14.4230769230769,-39.4091629285722,-37.646246678543,24.3641874099837,23.1012539670265
15.3846153846154,-37.1007340141549,-34.82701015267,25.713123816874,26.2775464434819
16.3461538461538,-33.8506764626229,-35.0117675063878,27.2652762199411,27.9322862191793
17.3076923076923,-32.1385096830017,-32.8137922286543,26.7838010488645,27.7804769805782
18.2692307692308,-30.8690217109169,-29.0924756995906,27.2206128850457,29.1839869056293
19.2307692307692,-26.9050216214056,-28.1247526716361,27.1207152045718,29.8939360869054
20.1923076923077,-25.1605224047161,-27.952318857727,27.9680692089733,29.5991930644606
21.1538461538462,-24.4301161608462,-22.5960088203577,26.7098662166139,29.8636936243375
22.1153846153846,-21.9414913266798,-19.5778487985606,28.0356242926149,30.2569898036104
23.0769230769231,-19.6047721209157,-17.4840529446359,28.2962127577485,31.3061601353746
24.0384615384615,-18.0860241439289,-15.8494537215406,28.7042713089306,32.0586223966011
25,-16.5031169767318,-11.9327331747866,29.6820071660455,31.4496904502814
25.9615384615385,-14.6306676634951,-12.2604674438042,29.4580168698292,30.347442911542
26.9230769230769,-11.2535099131727,-9.49705593145176,29.3754991713601,29.023644224649
27.8846153846154,-8.16657077953119,-4.5909789441638,27.6103609148559,27.0678925793529
28.8461538461538,-6.07749076060945,-3.70370105406524,27.9727808930637,25.9876267827633
29.8076923076923,-2.35949867966463,-0.628238436688092,27.0861306441936,25.3467757104355
30.7692307692308,0.818874478498036,0.606173991696211,25.9717909868543,23.3341109654497
31.7307692307692,2.17058828423264,5.39681899188594,22.9530033475722,23.0633585395353
32.6923076923077,6.04598901011606,8.24208192266281,20.582343664538,21.8761369760518
33.6538461538462,7.42510447887065,10.1006323716152,18.4998951321454,17.8375656852192
34.6153846153846,11.3064309352744,12.6393242237568,16.4869651337713,14.5369215272368
35.5769230769231,11.836383170502,15.0393854732489,14.5518549481482,12.5274993756901
36.5384615384615,15.331219726134,18.1120579599899,14.0509787878419,11.3964184464431
37.5,17.9592847132703,21.4288907808995,11.257914710628,9.99591609374932
38.4615384615385,20.480228813365,24.20346254081,10.1893636352125,8.51424170991945
39.4230769230769,25.1532605507111,27.1155964386377,9.7702483694825,7.35506335410549
40.3846153846154,27.1347830240952,30.7889807779916,7.80005597333356,6.07657837382493
41.3461538461538,30.3194368950629,32.1888059661649,4.94043435919337,4.75778408720386
42.3076923076923,32.5266243797,35.7230552835347,4.71703966117764,1.577475176437
43.2692307692308,32.2199339395831,33.5118000863019,3.08684532520216,1.33746536032862
44.2307692307692,34.8337512341516,36.9372917931059,1.29746986206844,0.674334864401618
45.1923076923077,37.352811326005,37.7163934923217,1.80553537061088,-0.252009163480569
46.1538461538462,38.5897961619691,37.9021446913256,0.725996518901633,0.482084531900781
47.1153846153846,40.0279119878383,42.5902722399421,0.0726729869642063,-0.580733025033567
48.0769230769231,42.209939581549,41.1931880550171,0.281288429424816,0.250819454221412
49.0384615384615,43.3539187268238,44.6181409339188,-1.24076683981735,-1.81354187055479
50,44.2026592918766,44.8596193098313,-0.79302633294601,-3.69208351893269
50.9615384615385,43.4046974652425,47.1677359524779,-2.56323827765942,-2.80175045650887
51.9230769230769,44.2323572687356,47.0224814615127,-3.97643743259383,-3.36678604718096
52.8846153846154,43.7617418204336,46.7306401581792,-3.40783379251294,-4.81574058726981
53.8461538461538,43.5302212176328,48.3399498259299,-4.0085042941825,-5.3093007887359
54.8076923076923,42.0025431865697,47.1614155983536,-4.32702972340109,-5.57716471253991
55.7692307692308,42.8505104860023,48.4667477032148,-3.03087123143827,-4.18005579622976
56.7307692307692,41.4912575244233,48.3768312750884,-3.8933448333798,-3.1114322446472
57.6923076923077,42.274844550899,46.0253509913905,-3.38407431413688,-3.36710455665012
58.6538461538462,40.8620235516704,45.1544487371417,-3.50575952271064,-3.09935955646526
59.6153846153846,37.1932419162723,43.9942262211326,-2.02894851340504,-2.52488302091958
60.5769230769231,35.4580292736903,42.1264438493448,-1.16615876022264,-3.19546384576186
61.5384615384615,36.0616064252069,41.1459310965985,-3.44698505535411,-3.01428548604497
62.5,31.0195275151083,39.2167050228448,-2.66589809347629,-3.50911227934439
63.4615384615385,28.9034970446747,35.4167563248075,-3.70282271898278,-4.22456926977515
64.4230769230769,25.1592935051773,34.8653165622621,-1.86017123523431,-4.42647053247029
65.3846153846154,24.9809189066432,31.4183898802362,-1.6809457993074,-3.93090743543428
66.3461538461539,18.9132838093471,30.8164764091943,-2.66691127005298,-3.32628122641417
67.3076923076923,17.4322904777165,26.8829730039085,-1.87528573329503,-4.11177594139844
68.2692307692308,15.9743550084141,23.0879890317368,-1.64348597961202,-4.16616032803914
69.2307692307692,12.5821796619407,19.4266729991388,-1.2882545180026,-3.27542051247573
70.1923076923077,10.2538874471722,19.1234691903969,-1.62086941019683,-3.25624626503368
71.1538461538462,7.31586017185843,16.6263164809556,-1.39778371422057,-2.53252310321827
72.1153846153846,3.67763036958778,12.267730941791,-1.00943986692846,-3.34879187682781
73.0769230769231,0.253113595891987,9.04206914986426,-1.95553826875918,-2.70583545307816
74.0384615384615,-2.38876745463166,4.18879598057414,-1.42064427607344,-2.90150297731374
75,-6.57632208448362,3.25321081902681,-0.998312187307362,-2.31533684700644
75.9615384615385,-8.43223263184207,-1.0732914236201,-0.913599949109695,-1.82821850422506
76.9230769230769,-10.210625266299,-3.57707292542003,-1.45241500530871,-1.68988484823343
77.8846153846154,-15.2398841372919,-8.83805649849546,-1.30095083053615,-1.71495628288154
78.8461538461539,-17.7023794214755,-10.0854726265862,-1.38634899547283,-1.58710956616828
79.8076923076923,-19.5016654215726,-14.7784265507475,-1.53200096955897,-1.12589684752536
80.7692307692308,-23.0905874623263,-18.7847960312025,-0.926361899466446,-0.929187566610273
81.7307692307692,-25.3820236100048,-19.6354245323227,-1.19233749944309,-1.16942971870189
82.6923076923077,-27.6192840024424,-24.835389541409,-0.859709195767981,-0.289694020524767
83.6538461538462,-29.6794386503046,-26.2557000274563,-0.361246179353414,0.577380997108159
84.6153846153846,-31.1954776313763,-29.5644400179043,-0.781359655199786,0.370118486491638
85.5769230769231,-35.5317302641531,-34.9643948777814,-1.03115966549543,0.142486091734005
86.5384615384615,-38.9643450155308,-37.4300952869452,-0.660359211723311,-0.148988125392692
87.5,-40.5797485360342,-38.8997088417564,-0.196395249652376,0.721266674070281
88.4615384615385,-44.0616379923663,-42.74380840658,0.281259718758631,-0.0268765723131278
89.4230769230769,-44.1411262996781,-46.6526974284452,0.220937501986878,2.28145047554171
90.3846153846154,-47.5871396395852,-46.9589644219061,1.13811420210605,1.38150736852113
91.3461538461539,-48.3888086039973,-50.3114262151365,1.21522448159382,1.11138046214841
92.3076923076923,-50.7898551176212,-51.5973566261106,1.10034986241669,1.53712223114727
93.2692307692308,-54.5663791752256,-54.1280347201911,1.54730427716285,1.67111594428299
94.2307692307692,-55.5672512854283,-56.9286602340784,1.0472666229964,2.76034756030819
95.1923076923077,-58.0179669917242,-59.3365495175417,1.60790528207097,3.52571530928
96.1538461538462,-57.0851747048414,-58.9597590318633,1.46059648373964,4.20092928698736
97.1153846153846,-55.5747905787823,-60.9209986045318,3.47405841110385,4.58789052618885
98.0769230769231,-56.666043718818,-60.7020270525434,4.9035198310081,4.93628432051035
99.0384615384615,-58.3460923509361,-61.2300502239878,4.46808081478164,4.55662859181176
0,-63.6089417975331,-67.9201410243538,4.48582204292403,3.4983195980364
0.943396226415094,-62.5684359878187,-66.0694979358889,3.64959792524554,3.52376146917916
1.88679245283019,-61.7315998791743,-67.375196021172,3.42246597725707,3.00425003474961
2.83018867924528,-62.2056731766748,-67.9929726597408,3.63324304857598,3.72706408432033
3.77358490566038,-61.1123212684972,-65.612646067613,2.48845804908955,3.24475427881351
4.71698113207547,-58.7636115752209,-64.7790815235269,2.65734971374677,4.15974448909131
5.66037735849057,-56.8704266904698,-64.1223916815329,3.48183280191887,4.61799272592908
6.60377358490566,-54.8992747390105,-60.573073738116,6.29565745523401,6.55554442351787
7.54716981132075,-54.1814921218375,-59.8204209256603,9.96323560473115,9.12803099398002
8.49056603773585,-52.0195249844103,-57.4943014958935,13.5158463489577,12.7528067132533
9.43396226415094,-53.4638464196123,-56.9399981993707,16.678834976176,17.0422863949976
10.377358490566,-48.5224979193619,-52.1718560489464,18.5040677886675,19.8025741794491
11.3207547169811,-46.1552870831885,-50.6612907586742,19.5255571839768,23.2381387533686
12.2641509433962,-46.0020020835468,-50.1699084123313,20.8276921758593,26.794018048354
13.2075471698113,-43.6722047581804,-47.2436446166998,23.3437762828977,31.0768469226155
14.1509433962264,-42.3817317007104,-44.5298182458349,25.4702525213365,33.702618734487
15.0943396226415,-40.9183412520462,-41.5551274667273,28.6147761715802,36.3528051083629
16.0377358490566,-38.3856966777629,-40.0624972776961,31.6318018166149,38.8293673989489
16.9811320754717,-35.8611233326655,-36.8675001632043,35.1428885325276,40.3644413109681
17.9245283018868,-33.5309982993804,-34.3927241429151,36.7268918308882,43.0496616309831
18.8679245283019,-30.680545730945,-31.9323540486493,37.4922006969016,45.203978592523
19.811320754717,-26.9488171544466,-29.573159377397,39.0483608187364,46.2733729617372
20.7547169811321,-26.0689636356927,-25.8437251814265,40.8739387964773,47.0652233138139
21.6981132075472,-22.9055106943445,-24.690900187579,42.2080266332348,46.6766531246972
22.6415094339623,-21.1672020736218,-21.0563528627145,43.6846431848756,47.2862882182252
23.5849056603774,-19.6321418788548,-18.540245829194,44.8109327888469,46.5935373035554
24.5283018867925,-18.7798692491541,-17.3106305318903,45.1608357737895,45.9363307003656
25.4716981132075,-14.4241165922212,-12.295379910898,46.6707116852246,44.8473190657706
26.4150943396226,-13.5083222645978,-9.75881706905927,47.2674732219334,42.9278175876321
27.3584905660377,-10.1860614656951,-6.55993724117684,46.6674508213765,39.8562057472613
28.3018867924528,-7.31973768671731,-3.27760490763382,46.8884610382871,36.3433719562642
29.2452830188679,-3.69054473042443,1.28123381176621,44.2653710033848,32.7942877313813
30.188679245283,-1.57079980729183,2.63028112880079,42.4956692515901,29.6013057660888
31.1320754716981,0.315938553743046,6.16575736479327,40.029006146032,26.4592909061095
32.0754716981132,4.26787996129673,8.38459096629554,35.355387748027,23.9999706437171
33.0188679245283,6.74832119687324,10.5357108793297,31.9117098665251,22.0692697980627
33.9622641509434,9.38381858695568,14.4912496573685,27.4447828131731,19.64173444645
34.9056603773585,13.6186196644018,18.2248183092702,24.9340124605524,17.5288394774863
35.8490566037736,18.8650160600292,19.9275024850642,23.0007268651676,15.1947883470697
36.7924528301887,19.7202847603204,24.387915052435,20.5946841582595,13.913660394033
37.7358490566038,23.4174902032489,26.8899330869386,18.1428380728679,11.551226894447
38.6792452830189,26.2890993334278,28.1083456326508,16.9133770070204,9.7559778401058
39.622641509434,30.755605660332,30.8461452577436,14.0702800921147,8.41218146347799
40.5660377358491,32.1981231584227,32.8062347202576,12.0547797751278,6.206180600426
41.5094339622642,35.609168825954,34.3004196781391,10.7195517113638,4.67443162300716
42.4528301886792,37.3547830545425,38.6263329562944,8.60765811759186,2.32048892928806
43.3962264150943,41.0523440555018,39.6453891447397,5.74919785038325,0.861671703540058
44.3396226415094,40.8977021547799,43.1925596968934,3.32074662098324,0.258692792420327
45.2830188679245,43.3946346881194,43.3331503985866,1.06134168806377,-0.143963369016703
46.2264150943396,46.4909624719618,44.2734963200792,-0.0407215334307602,-1.40848861415705
47.1698113207547,47.3155704414845,44.9205851470533,-1.59481770335909,-3.02647336625636
48.1132075471698,47.6810857865722,45.7509439884184,-2.16493422091102,-4.77343900669606
49.0566037735849,49.3550072879544,46.6473931477227,-2.97447965978927,-5.4828232879995
50,47.6986979990907,45.468438088086,-4.37487345473635,-5.32748259347427
50.9433962264151,48.7700754173897,47.5411661953301,-5.34221409451079,-5.50851182731606
51.8867924528302,49.2929157920855,47.8709644231637,-4.64607644772993,-5.1547860596659
52.8301886792453,49.9855753184764,47.9748903146945,-5.45109083611553,-4.55781859192525
53.7735849056604,48.4781971939632,47.5609468221973,-3.37372514069592,-3.85512079150887
54.7169811320755,46.0881748383684,49.7044520215202,-4.11776790970949,-3.33943999524702
55.6603773584906,44.2533545362176,48.0760137353219,-2.71642878172893,-3.34527041141131
56.6037735849057,44.8989199692577,46.2848673134711,-3.84606914024627,-4.65399872801263
57.5471698113208,43.6228941148162,47.7134342627782,-4.54500553257002,-3.20774677553047
58.4905660377359,42.5397108958272,46.140200666855,-4.04102961122206,-3.9923037139285
59.4339622641509,41.8988977136347,42.8925752319504,-3.37720947015943,-4.43117338795044
60.377358490566,38.6936694041214,41.1988048329235,-4.10114351320688,-4.98561463897191
61.3207547169811,36.2023585756924,40.6017178888428,-3.62516098801654,-4.7269724748175
62.2641509433962,37.2815004556356,39.6230881928692,-3.77850910939584,-4.53439309162418
63.2075471698113,32.6827513182333,37.7810798201475,-3.97367632786462,-3.87497217908786
64.1509433962264,33.6102507480494,36.3189514187421,-4.13272847017499,-3.75613543414707
65.0943396226415,29.5384842281754,33.9043421286379,-3.74076402899263,-3.42530790459055
66.0377358490566,30.0395779421456,29.4872008008661,-4.41711252183047,-4.66609102681029
66.9811320754717,26.9940622268981,28.5739529918973,-3.07326108334545,-4.35787394293923
67.9245283018868,24.2225917565907,24.5448249987445,-3.78448205547888,-4.96800724076131
68.8679245283019,20.9452170707769,24.4218441593785,-3.90672040266388,-3.75841069039426
69.811320754717,17.9387481113217,19.3984886630352,-3.75619998048475,-3.84795343419631
70.7547169811321,16.6562389060341,17.1090557498158,-3.79091362145148,-4.53549600014204
71.6981132075472,11.7375774291882,15.4465524716149,-3.08100695771065,-4.23835679605358
72.6415094339623,9.77417907485796,13.2549208122544,-4.23178222617963,-4.30129879921415
73.5849056603774,7.84077313465459,9.2368036814728,-4.2088689236816,-4.79914746180124
74.5283018867924,4.06554479284639,8.35668322201773,-4.02599433815664,-4.90369052070824
75.4716981132076,0.979323288629246,2.85791636390017,-3.95688634152742,-4.28096858981784
76.4150943396226,0.697317452905166,2.15721984374831,-3.762778776103,-3.06746136264804
77.3584905660377,-4.13513451753843,-2.12028475393046,-3.74787837366284,-3.51340196008513
78.3018867924528,-7.10713673077814,-5.579706167678,-4.06822876904324,-3.85708525024217
79.2452830188679,-9.57668034651639,-8.0175753000688,-3.35853680336001,-3.57119639122762
80.188679245283,-13.6631969883983,-12.8843476354285,-2.92914390563655,-2.6497686621817
81.1320754716981,-17.0976098915577,-16.2251844073708,-3.2968499220573,-3.59308163455373
82.0754716981132,-19.8662419258511,-20.4500362927893,-3.92980433494914,-2.48030313231723
83.0188679245283,-25.0373196831399,-24.2141010301699,-4.12542385693149,-2.37546703477968
83.9622641509434,-25.939859920779,-26.2263643123309,-3.29914928430292,-2.24746649424909
84.9056603773585,-30.7449454053497,-32.7070870086901,-2.71839255358954,-2.9403106027072
85.8490566037736,-34.576760509313,-33.9904926382317,-2.46878883996259,-2.79216215544806
86.7924528301887,-39.6742205040652,-35.4546415158168,-0.57173979248069,-1.71271785227489
87.7358490566038,-40.0177631205419,-41.5661576465306,-0.830495110372493,-0.509319899348441
88.6792452830189,-41.7777930626051,-45.5701659198929,0.154709327227764,-0.0873292929430526
89.622641509434,-44.7840373502188,-47.3368304635186,1.22280027742623,0.936189962553142
90.5660377358491,-48.8131278756955,-50.7420700261119,1.0267209370154,0.010903511941186
91.5094339622642,-52.947149349589,-55.7666755715348,1.23364303326502,0.112210937215807
92.4528301886792,-53.4534695852456,-57.7468194068134,1.04224167022009,-0.0532951123142121
93.3962264150943,-56.9536691451697,-60.5294806002736,2.75092980909302,0.886401249576613
94.3396226415094,-57.8757290856743,-60.6141933687384,2.30126802089777,1.85824604175025
95.2830188679245,-61.2065023246443,-64.5273777757218,2.45936842279286,2.69783909540278
96.2264150943396,-62.2166283244542,-65.2548098928438,4.0242252217678,4.27787962856236
97.1698113207547,-62.7005957169933,-65.8092416636811,4.5916161219888,3.61340902344815
98.1132075471698,-62.4526063352368,-66.8677805009595,5.28660978838436,3.57780868385115
99.0566037735849,-63.9114040301773,-66.3495665079983,5.25366267241645,4.21530764355937
0,-73.0142083694757,-68.953770426004,5.85006905133094,4.62243186778394
0.970873786407767,-73.9905918119567,-68.3381188130301,6.25336199663242,4.96988502071648
1.94174757281553,-72.8443306317086,-69.0158972122027,7.31257591651603,4.10451529177854
2.9126213592233,-71.3757718693305,-68.1905804318942,8.45156284197935,3.6152454867594
3.88349514563107,-70.9285265780402,-66.0429503389349,9.66523949387308,4.59394913568078
4.85436893203883,-69.8043731941693,-65.8210676883962,13.2040391464986,6.21129445813283
5.8252427184466,-66.684993190015,-62.411018934977,18.1991816391983,8.6396760715413
6.79611650485437,-64.5681342770227,-61.7889140593942,23.4344945500353,11.4256687318572
7.76699029126214,-63.0131576023169,-61.0927304950624,28.3940121115557,14.2150383353324
8.7378640776699,-62.4748053735819,-58.1032586926742,31.981868484499,15.0594714015834
9.70873786407767,-60.748063878727,-59.1220279719346,34.454587253477,16.1196863999906
10.6796116504854,-60.3061410758595,-54.3216706575654,37.0605078695064,17.6036418474197
11.6504854368932,-58.2148739627155,-54.8791017665024,37.4863924522569,17.9111385087731
12.621359223301,-56.0178856289226,-52.7887220271621,39.2772494248854,19.5716356363017
13.5922330097087,-54.9456259720809,-53.0027609462692,39.4839277104612,21.7649881550677
14.5631067961165,-52.6044467793858,-49.8664345938354,41.4927668483584,23.5687280664481
15.5339805825243,-50.3694133649877,-48.5595079212467,43.7844818604904,26.3652972846747
16.504854368932,-47.5241747366493,-47.4049562537592,45.6689332357559,28.9255818124557
17.4757281553398,-45.5611808674126,-43.6199908141437,48.0437465055241,30.8417069957906
18.4466019417476,-44.1296151922075,-43.1854644737153,49.7573602565963,33.5470904933141
19.4174757281553,-42.0858406099055,-40.578618639777,49.5761974326758,36.7160616537649
20.3883495145631,-41.9160558372241,-38.8363174276434,49.7385893310172,37.652611714777
21.3592233009709,-38.4731737741895,-37.0799884166338,47.2065186633016,38.6713042453306
22.3300970873786,-36.2754409942312,-34.8835420479004,47.0461247954715,38.6529318321714
23.3009708737864,-35.0868615269085,-30.3633367944859,45.3784090216123,39.2727211150778
24.2718446601942,-33.4838411164469,-31.5321880888052,43.3280432945187,38.5851938367365
25.2427184466019,-31.2221018261235,-28.5251820968465,41.1131703643055,38.1218316821083
26.2135922330097,-27.4858960275267,-25.1033103903859,37.8845482237703,38.6025091971491
27.1844660194175,-25.1299054134456,-23.9634803940784,34.0018658925409,38.6256286622048
28.1553398058252,-22.9682960066272,-19.3253457745068,31.2168017815309,38.0382503883816
29.126213592233,-19.2381340310559,-18.0995641420438,28.3666707250683,36.5316085178857
30.0970873786408,-18.2307775577522,-14.9714905531153,26.5441729310119,34.5310292311895
31.0679611650485,-14.9969050823455,-11.1888746043577,23.3698570929196,32.1480300062077
32.0388349514563,-11.9348013155867,-8.51478771701975,20.7110073540243,29.7441830528953
33.0097087378641,-8.48277889644075,-6.05719273723516,20.5167243795681,27.6988841675194
33.9805825242718,-7.12516623014595,-4.11099889703702,20.1350667125865,23.8733200635082
34.9514563106796,-3.78599111437092,-1.05033097078942,17.7395614142008,22.0930454328188
35.9223300970874,-1.2731781000559,2.95769147227748,16.8339108854708,19.5520600269024
36.8932038834951,3.90553065220505,4.27289006065018,12.9933863801045,16.0806446608123
37.8640776699029,4.782388119024,8.414532036775,10.9535766003175,13.1956526821719
38.8349514563107,7.253745628661,11.9008241203477,8.38536103282623,11.2196592463274
39.8058252427184,10.4091831149349,15.203110680252,3.56420292817841,7.87291893474621
40.7766990291262,12.1811524271441,18.5841856200478,1.2993306510127,4.8894373289274
41.747572815534,16.5725784452714,19.0494743880853,2.41978060578986,2.32436741461613
42.7184466019417,20.1234465110258,23.7930802014878,0.615450340955124,-0.224652969978174
43.6893203883495,18.1778041890162,22.7090033935841,-0.108957865566776,-0.270812464021017
44.6601941747573,19.2899806380238,25.1713561061461,-0.941236192600936,-0.705614574611929
45.6310679611651,22.1572982485167,25.7807626320582,-1.11179202497753,-1.80491792457066
46.6019417475728,24.8932365287762,27.7677763222578,-1.82014568952298,-4.00096785218816
47.5728155339806,28.132710145468,31.9676483802314,-3.54993526559588,-4.48794819626863
48.5436893203884,29.2100921329898,32.49786892589,-4.10501284598349,-4.86775162808838
49.5145631067961,31.3811027791208,32.266714094983,-4.84665368177398,-4.84230142118142
50.4854368932039,32.0772134559577,33.3638901446548,-4.04465393789917,-4.97975707190468
51.4563106796117,31.3156598209685,34.0379120375675,-4.77023562124478,-4.81930048555852
52.4271844660194,32.2281586145599,34.8601289830934,-4.99959120196962,-4.68327675866355
53.3980582524272,30.2927698462368,34.5310164219874,-4.2283179097911,-4.09015161140511
54.368932038835,33.9540338204329,32.7756388281879,-2.8912859443285,-4.41710769949511
55.3398058252427,31.5952774098638,31.7911484121933,-4.52863926947327,-3.73064915234939
56.3106796116505,30.5550903202929,33.2541244606964,-3.86110166561342,-3.52420907620796
57.2815533980583,30.9117321981737,31.4666702174496,-4.40854016751645,-3.88665477024407
58.252427184466,27.6899986663541,28.6509874646314,-3.11240214424004,-3.97950093711489
59.2233009708738,24.6506671090715,27.5949322391834,-3.27169229887121,-3.70730453243546
60.1941747572816,23.2282699033002,27.4715638650406,-2.93660700363326,-3.5791670830686
61.1650485436893,21.5726924805023,25.2333166643058,-2.5259249460634,-3.30263157773162
62.1359223300971,20.088175614445,22.7740569818911,-2.74658486906754,-4.86312185318299
63.1067961165049,17.6145153724945,22.7461372440093,-3.37068943852255,-3.30446584617101
64.0776699029126,15.883357648876,19.1242337951553,-2.80124883654912,-3.95904329651662
65.0485436893204,13.0081575236463,18.0707526245013,-1.91539497477044,-2.90355087209207
66.0194174757282,10.2436140163671,15.7234438598159,-1.81077627363046,-3.83837415344552
66.9902912621359,11.150217964633,13.394023739648,-3.04351056807086,-3.06014758570606
67.9611650485437,4.91207343298883,10.3936794090139,-2.98001378352811,-3.64759070262928
68.9320388349515,2.64293528994275,6.93552009788734,-2.36513909560023,-4.00468086491894
69.9029126213592,0.202526578818579,4.56821990643609,-2.18142826563833,-3.39023248432344
70.873786407767,-1.65722190648527,3.28915308730301,-3.19469468213572,-3.69837062215331
71.8446601941748,-6.74947178525733,-0.728088210713532,-2.03730925450048,-2.35884314711406
72.8155339805825,-7.94278744184026,-4.02262581618894,-2.51991435502319,-3.17487786278281
73.7864077669903,-12.5172952785096,-7.39821666788498,-3.36429621851995,-2.90237317511926
74.7572815533981,-13.0068495805398,-11.1305178123744,-1.71612490993254,-3.66679790718061
75.7281553398058,-17.354946691053,-13.5372260973226,-2.53023541552373,-3.36686323919548
76.6990291262136,-19.5702504141733,-16.5119215939932,-2.73566716588494,-3.28120917799289
77.6699029126214,-24.4658549996455,-19.9639754348881,-2.70528051706432,-2.40057770739768
78.6407766990291,-25.9709129906278,-23.1532207507482,-2.77625140053471,-2.38539794094956
79.6116504854369,-27.8950063153984,-25.4234657344307,-2.57681255351585,-2.58935905343891
80.5825242718447,-33.3127592037217,-29.5184881650115,-3.26116674217821,-2.99521994990987
81.5533980582524,-35.0161248244424,-32.7177298642213,-1.79423906573655,-2.27164671732546
82.5242718446602,-37.8659496081115,-35.1273775092305,-2.11736210592943,-2.88647077252595
83.495145631068,-39.882278703336,-38.2685218955182,-2.10430715285892,-2.10302706453638
84.4660194174757,-44.5373911003908,-41.1438556744485,-1.41838156040192,-2.07585564506168
85.4368932038835,-47.0646937229049,-46.900187811741,-1.26892601656182,-0.754760283444339
86.4077669902913,-48.7691591265247,-48.0103241025131,-0.401456311791169,-0.385528294736111
87.378640776699,-52.4061428309464,-51.4721271028297,0.728891483685343,-0.307304193439349
88.3495145631068,-56.7031330744394,-56.2242660971603,0.23697592872383,1.88964857812826
89.3203883495146,-59.3644244130247,-58.2536742215619,0.326436944184646,0.811411019044491
90.2912621359223,-60.1072565532617,-60.5220012362416,0.689557986320261,1.58175201893845
91.2621359223301,-63.7105293452435,-64.0476391069321,1.24560169198059,1.08130455736929
92.2330097087379,-64.2330694196703,-63.5663658253631,0.528501646895436,1.98321030553261
93.2038834951456,-65.8558314858703,-64.5940576385626,2.47703990831906,2.34907614759301
94.1747572815534,-67.3938021441549,-66.5619951662378,2.85743034529156,2.38695486051413
95.1456310679612,-69.7329578477668,-68.288131415502,3.51834131512221,2.93776886812145
96.1165048543689,-71.5729125232335,-69.9703193619983,5.09218481252135,3.69548108762828
97.0873786407767,-72.7812132565667,-71.3556832791602,5.02416208214692,4.16730614006592
98.0582524271845,-73.2700055046573,-72.5053272298921,5.2417031988497,4.43359558371486
99.0291262135922,-71.7810440303989,-72.7910732858103,5.33977726914189,4.80767204408815
0,-61.336294220617,-61.2511877356207,5.02090019519728,6.68930606841792
0.961538461538462,-59.5933913144899,-59.707390210219,5.65881545706602,6.54324516077341
1.92307692307692,-59.4901537147164,-60.3456456324531,6.02273877943893,5.6607814935895
2.88461538461538,-59.6046902290689,-58.0529256836671,5.92748254193581,4.82323345878378
3.84615384615385,-59.3612184128674,-57.3788566470231,7.54111404468833,6.01920316392542
4.80769230769231,-57.732161542029,-56.1291154209242,8.39892283424606,9.90942357348808
5.76923076923077,-55.7076093296919,-53.7361156281406,10.450565965622,12.313900811676
6.73076923076923,-53.4659026424486,-52.4753062590261,14.6494745362094,14.4662852046339
7.69230769230769,-52.3158087777007,-49.6810576095444,18.7428771960472,14.7130362382653
8.65384615384615,-52.9893726303846,-48.9206545406723,19.951911671792,15.8213722408528
9.61538461538461,-49.4837934394182,-48.967195193264,20.7460616040565,17.0085933590466
10.5769230769231,-49.2672584893415,-46.2090588151393,19.6171751249928,18.2820942533296
11.5384615384615,-47.5909276999997,-43.9469875514808,20.949495083707,20.017374276468
12.5,-47.0675962137713,-43.6767392072826,21.823413493452,21.3994129711064
13.4615384615385,-41.7626125464653,-42.4350273228484,22.9618710020649,21.7039255771893
14.4230769230769,-38.6338612237262,-39.9167454465273,23.9817302569594,21.3914925813702
15.3846153846154,-37.9821667074396,-38.2484354406575,25.0748363087598,22.5551740687827
16.3461538461538,-37.6167873758474,-37.655096946606,24.9878094586455,23.8782413997602
17.3076923076923,-35.2376057370679,-34.5865598094756,25.7186636315294,25.6395125752179
18.2692307692308,-31.9994259498429,-30.880304082195,27.5073081740962,25.3772713867903
19.2307692307692,-28.5106135675097,-29.9067941597086,27.4579136335902,27.1454883120677
20.1923076923077,-27.7047186539509,-25.7639233497049,27.3361954651301,28.4811949681775
21.1538461538462,-24.3258961447858,-25.3173457791789,28.0397920519895,28.6950658024399
22.1153846153846,-23.4465450831772,-21.4896413338791,27.8028578008181,30.1029021520705
23.0769230769231,-20.935082639336,-18.2632092371746,28.856675103015,30.1420864324448
24.0384615384615,-17.278961487318,-15.9968383278358,29.1083948711239,30.8506643227915
25,-17.7317668531903,-14.0193127560154,28.6316287404467,30.0369231224363
25.9615384615385,-16.6143573082242,-10.7181691603225,28.1482977380684,31.0085838713718
26.9230769230769,-12.9267269078036,-8.42294221353659,27.7961634766201,29.4990500962342
27.8846153846154,-9.80304454641173,-5.9517257360377,26.6160303551304,28.1620863500096
28.8461538461538,-6.32419732322453,-4.64420740273764,24.5007090206178,27.0363181557522
29.8076923076923,-4.40692646950807,1.11740895440818,24.7191454230419,23.6293309737103
30.7692307692308,-0.820149189818211,2.21707232845777,20.6831278743207,21.330253720496
31.7307692307692,1.76496364578055,5.128094062307,19.2532440744385,18.5196227258047
32.6923076923077,3.11694478529182,7.50636863921405,17.0438782645282,18.088036030467
33.6538461538462,6.23423349782219,9.75803601624125,14.3547618864264,16.3346822185468
34.6153846153846,7.3050878178922,11.160206725773,13.7821063727961,14.5854391720897
35.5769230769231,10.7726720247399,17.4825761279267,12.5252853054937,13.6600120669151
36.5384615384615,13.8480276920778,18.829790046049,11.2664007349554,11.4386206483799
37.5,14.6885217874979,21.2282550098911,9.78293798607711,9.61588221261617
38.4615384615385,20.7394938715655,22.3070875628904,8.01776956444605,8.79704901371753
39.4230769230769,23.1612817016037,26.119737339001,6.54226889614985,5.66055578566341
40.3846153846154,25.204076577821,26.8602512972685,4.56337076749676,5.14728675910436
41.3461538461538,27.1674813689936,30.6879948586946,4.30463576801237,4.04536291864898
42.3076923076923,30.4398559049432,34.3151704249813,2.8753065658866,1.53280059016704
43.2692307692308,31.7407236466429,35.311670251338,1.92920548573017,0.899164940872508
44.2307692307692,34.1157159307673,36.5177257153832,1.20041430565438,0.0262228369696906
45.1923076923077,35.9862086520709,36.7369283838781,0.110439769314903,-0.130688924385861
46.1538461538462,37.5241538397835,37.7777249436439,-0.148822497515034,-1.41393347696538
47.1153846153846,38.5905739938005,38.5655389246302,-0.950839196806724,-0.481149072259327
48.0769230769231,40.2243020081888,40.3558482784123,-2.48008473431858,-2.11050215723914
49.0384615384615,41.7716771175733,43.4483112613088,-3.99694545375014,-3.39685006427942
50,42.2536089689628,45.9516491912083,-3.77106355190462,-3.34569852336078
50.9615384615385,44.9119596366935,47.2809936807804,-3.15956865966512,-2.76017584155505
51.9230769230769,41.0635812308924,47.6568083267577,-4.63241626849179,-3.87790400347415
52.8846153846154,40.7849905786152,48.1584591094728,-7.47136360806499,-6.7608643698933
53.8461538461538,42.1810934215074,49.5354271327522,-6.47135012814301,-6.52532864593288
54.8076923076923,40.4974647290238,46.2606685072787,-5.64944855892155,-4.99179139491471
55.7692307692308,39.7678077051926,45.7995775426971,-2.64080271746332,-2.45640150535654
56.7307692307692,36.8633166855751,44.0419074141045,-3.9568529892492,-3.19837714167428
57.6923076923077,35.3373317904658,41.2885221834892,-3.97101472073598,-4.62899119778017
58.6538461538462,34.531313289604,37.0610974328666,-4.2264453662805,-5.56901092040385
59.6153846153846,33.8224573928545,38.5504399902383,-2.95797115739203,-4.554106722246
60.5769230769231,31.8763024202256,35.84194566345,-2.35950524961545,-3.64053837290723
61.5384615384615,30.043029147189,35.7569057497821,-2.83706029919705,-3.40761058422521
62.5,26.4812197137417,34.2102217016136,-2.39335836585102,-3.10829443638423
63.4615384615385,23.6113861891288,31.7181558719835,-3.51047096223003,-3.28415153699993
64.4230769230769,21.7307112711495,29.385904058708,-2.09532606335048,-3.45011965677838
65.3846153846154,20.3875396680977,28.7582835853451,-2.416108330673,-3.98396547072578
66.3461538461539,21.3695532603865,25.0620441656246,-2.96712913054978,-3.31088521890393
67.3076923076923,17.2214016480283,22.2401796661549,-3.07826629098476,-3.90107441513003
68.2692307692308,12.7210053031175,19.2448560308546,-2.18879296801106,-3.3578944421762
69.2307692307692,12.4146663456228,17.3634159272517,-3.26380770057048,-3.26689234309031
70.1923076923077,9.51204493696226,12.5767014658057,-3.6446398002065,-2.63643219225838
71.1538461538462,6.48252536557008,13.1558470005237,-2.61035818583355,-2.85611533165619
72.1153846153846,4.95155177920592,9.037425751401,-2.88469848323062,-2.87372193670455
73.0769230769231,1.39848696893499,6.26961045721803,-2.99973984434482,-3.26363075403692
74.0384615384615,0.0319279699516597,2.60485279213443,-2.6745648661114,-1.97931897435225
75,-2.87897157156108,-0.835766561375754,-3.08826295987198,-2.5920785721959
75.9615384615385,-7.59836883409325,-2.73558764040148,-3.92280375171259,-3.05597121272212
76.9230769230769,-8.03764821695992,-4.66736273292113,-3.30505933696768,-3.16545153974924
77.8846153846154,-14.3419232312927,-8.31162173726646,-3.49282827596125,-2.40148721504143
78.8461538461539,-14.9075298232683,-11.887513634533,-2.39097004215905,-2.12144879163813
79.8076923076923,-18.0165291291331,-14.4546971239993,-2.93246700552371,-3.34443603113191
80.7692307692308,-20.5126067749927,-20.943582687877,-3.17003457579007,-2.39513252511392
81.7307692307692,-22.0690030517006,-22.0228528665461,-2.38004116213144,-2.84891508203225
82.6923076923077,-26.420346172492,-24.130509018848,-3.25922516792716,-2.70566730685937
83.6538461538462,-29.1394831501199,-25.4136181592107,-2.38030569448418,-2.30983565230842
84.6153846153846,-32.9858574446624,-30.9349373741574,-2.69944616359366,-2.45169803582806
85.5769230769231,-37.2606985836008,-33.1155975286029,-1.95552837886412,-0.972657941705233
86.5384615384615,-38.2764883950924,-38.8254848905895,-0.332622989591872,-0.399578299366009
87.5,-39.8025910863041,-42.1669716289853,-0.126282284828969,0.739166147090796
88.4615384615385,-43.3904436498099,-44.2482960557604,0.364370138209744,0.374940427828608
89.4230769230769,-46.3129120135047,-48.1731310143585,1.22394312779721,1.64551330449056
90.3846153846154,-47.8103785535209,-49.4427200080795,-0.335159614224447,1.63951844337154
91.3461538461539,-51.5917965410885,-52.3403192083828,1.07585318661771,1.99782427922025
92.3076923076923,-53.7103068354465,-55.4629785412428,1.32384082255269,2.84441832046218
93.2692307692308,-54.6522555619422,-56.0465995256285,1.30520415997911,2.8423860278498
94.2307692307692,-54.9255535670877,-56.7928496004702,2.48717410084628,2.5473793622955
95.1923076923077,-58.98967041978,-57.3220064043841,3.08744791179869,3.33122562923203
96.1538461538462,-57.6267385047487,-60.6105654108227,2.65789273180034,3.51454999351711
97.1153846153846,-60.4165742708225,-58.5705461515902,4.04404618389778,4.22529651618355
98.0769230769231,-60.2827297403498,-61.0557541073188,5.14215988443152,5.63392575709495
99.0384615384615,-60.8270668680412,-60.5771045370366,5.05075228557849,4.59975903747148
0,-57.0248785189171,-60.9519277098766,5.97585417072443,6.14705235708527
0.952380952380952,-56.588516617112,-61.1572378084666,6.78168649298666,4.74812441844266
1.9047619047619,-54.5699998158438,-60.3040466835682,7.23152615614444,4.96096481608237
2.85714285714286,-54.893455164389,-60.283601708318,7.08476749002039,5.57788916410911
3.80952380952381,-54.4473202697277,-57.5224545205751,8.40653571076184,6.73043323711102
4.76190476190476,-51.5216061255682,-55.6206681900159,10.1115950567613,9.37997054784111
5.71428571428571,-51.5519370025555,-53.0275575033144,13.0975005427922,13.9863926166715
6.66666666666667,-50.411854850587,-51.9673555502775,18.106658576201,17.7455616985153
7.61904761904762,-50.3717429428291,-49.6372257028872,21.7242939818348,19.797763427004
8.57142857142857,-47.9939503333596,-48.5133378851881,23.4981062984995,21.0820231137306
9.52380952380952,-45.5795516513446,-45.5740279223044,24.4550518542948,23.0376253165249
10.4761904761905,-44.7243680365625,-45.0199929870747,26.1476389554181,24.199370632072
11.4285714285714,-41.6277382921932,-41.2783522007071,26.195678410393,26.1449420118046
12.3809523809524,-40.6105043658051,-39.3501061840607,29.0752817716066,26.6579330799802
13.3333333333333,-40.0914383455677,-38.2010683448974,30.1541537041739,26.8949504026314
14.2857142857143,-38.8472650350777,-38.9493904284548,30.0861326302114,28.0228850432555
15.2380952380952,-35.4980334879311,-35.9717984244032,32.5811532639742,28.3277696785384
16.1904761904762,-32.3449799798055,-30.8753514325222,32.6398764704743,29.4264849498947
17.1428571428571,-30.9559402675285,-32.0430591322643,32.097032229388,31.7790946101772
18.0952380952381,-30.7820275613592,-28.5097896882173,33.6078453056376,32.8543766526505
19.047619047619,-24.6646938207424,-29.1163634064042,33.5792365559298,33.8705223174628
20,-24.0329452625258,-23.7942187210438,33.8655227251299,34.9257466680455
20.952380952381,-22.0362756754405,-21.6640222964521,34.0837267576156,35.6732013887902
21.9047619047619,-19.6446609090379,-18.5469440343119,35.2794510170099,34.6923437847581
22.8571428571429,-17.6194522836884,-16.9193726112486,34.3132633224987,34.3952873628642
23.8095238095238,-15.801017957862,-15.3166536792888,34.8008434060276,32.748590671395
24.7619047619048,-12.8694791039068,-10.7535982795644,34.5476383311107,30.6896696608582
25.7142857142857,-10.3032798515711,-9.31571576825798,32.8439104985939,28.9732141283811
26.6666666666667,-8.22956368230866,-6.29307320600475,30.6916690210885,27.5100192994136
27.6190476190476,-4.56870182164151,-3.33419442886533,28.1332364706814,25.3287118686449
28.5714285714286,-3.38251635883262,-1.81881704465025,25.727873201763,24.2920509424236
29.5238095238095,1.87950032935593,0.594841513412236,23.2767965803413,22.470506219358
30.4761904761905,1.40737622488201,4.05288297823331,21.9557079423083,21.9826335348004
31.4285714285714,5.12877605687071,7.42535934297911,18.4150514563712,21.1435022081748
32.3809523809524,7.75673741488805,8.96440608066305,17.12209432643,18.7493022409458
33.3333333333333,11.2291140334546,11.8556329257487,15.2771377588098,16.7604570562813
34.2857142857143,10.7338075676097,15.4990182830275,14.3051971232761,15.5085139407361
35.2380952380952,13.5185525217037,17.3558889836427,14.1238121034712,14.9971622027578
36.1904761904762,17.7279150101152,20.6297797431348,11.9853069765104,12.6242993643891
37.1428571428571,20.5866985395048,22.248406289076,13.7428723978384,11.6649225072494
38.0952380952381,21.3218001894599,25.3215266139887,12.0805824323515,10.0669659539363
39.047619047619,26.1412134671077,27.5482179615098,10.5317282759809,9.85852278596254
40,27.9990359689272,31.3731119441799,10.0458862359963,8.40358927149262
40.9523809523809,30.7580569548556,33.1752779792531,9.75336031015997,6.91124500406398
41.9047619047619,32.5268428121382,35.6332999622728,7.53768255604547,6.36319713898573
42.8571428571429,33.2889560033619,36.9356743806075,6.17327611210844,4.4452768876504
43.8095238095238,35.7262550984105,38.2721999176385,4.26052846870997,3.93122833455564
44.7619047619048,38.2735147197289,41.1392898124825,4.19594676287655,3.09088339185248
45.7142857142857,39.4849171717406,43.8670348465445,2.53972752970446,3.17065305146354
46.6666666666667,42.6733654362586,43.5189865809426,2.20312817506306,1.21393524238621
47.6190476190476,46.2304266531633,44.7828064676359,0.113190415055334,0.996659295611547
48.5714285714286,48.4292063974464,45.505764138448,-0.120781963691305,0.721602688299782
49.5238095238095,48.5492647404315,47.3324111277235,-0.24965223071257,0.338876035269381
50.4761904761905,49.1337421067552,48.7538682062856,-0.677341471506444,-0.562806847722886
51.4285714285714,50.6332684068955,51.4863802606359,-1.61576276583913,-2.21913379714161
52.3809523809524,53.1808385546219,56.1332918596435,-1.97420870161704,-2.62955728138601
53.3333333333333,53.6066137011556,56.1452521261219,-2.05333924693476,-1.81501410319127
54.2857142857143,51.3696912158178,55.2884205773686,-2.17824773529287,-1.80731034390456
55.2380952380952,52.4223137299954,55.8646262689784,-1.84408278473382,-1.36811467866649
56.1904761904762,50.1610406346207,55.2038025239085,-2.1423354994867,-1.7335880162219
57.1428571428571,48.5971535540281,54.193529333438,-1.71650385269602,-1.38968462398694
58.0952380952381,48.4730790921847,51.4971584455995,-2.5617678488835,-0.334970988868031
59.047619047619,44.332734837645,49.40543825364,-2.7999478150918,-1.56646588325003
60,43.1538774577903,47.7793585682539,-2.35036998399833,-2.70417555173006
60.9523809523809,41.4738918827089,46.801519810591,-2.90147363877074,-3.1884864860008
61.9047619047619,40.1067591630632,46.7494093373337,-3.20070489304238,-1.24042254364869
62.8571428571429,38.2871507229907,40.7245328012979,-5.50634731620362,-3.04028901377753
63.8095238095238,37.1742097064342,39.6343413893365,-2.36358429368327,-1.73990269326107
64.7619047619048,35.6346446012799,37.4635711915223,-1.50044034239013,-2.40610521006443
65.7142857142857,29.9943926881894,34.5933662412465,-2.83800129445432,-2.89431970463253
66.6666666666667,28.1758304625231,31.2928060374291,-2.43665867660123,-2.98896903595911
67.6190476190476,28.0317058331903,30.0726193768153,-1.63562673492682,-2.63159098557975
68.5714285714286,26.804760169832,23.929127887245,-3.02451289762006,-1.95085091310278
69.5238095238095,22.3132834748727,23.9899748641225,-1.84911454764432,-1.7406684121364
70.4761904761905,19.6134510488117,18.2809341486984,-1.11714687573301,-1.43054548555892
71.4285714285714,15.4738837620706,17.1872960721886,-2.07135922850793,-0.777671629554197
72.3809523809524,13.4347235091049,13.084913464104,-1.57219457147527,-1.52350384906473
73.3333333333333,10.1502486560611,8.84101970275695,-1.09519894925587,0.0357802049216793
74.2857142857143,8.9511637850511,5.70225211503685,-1.18993731939828,-1.86048033854084
75.2380952380952,4.21953994516811,3.68227870932273,-1.14139674001265,-1.13316148378128
76.1904761904762,3.29626790564918,2.88028812020502,-0.976393290593224,-1.18050744583525
77.1428571428571,-2.01717579118562,-2.60686800467864,-1.72555605378597,-1.01659420542664
78.0952380952381,-3.47081731206595,-4.78905313865439,-0.652087821297067,-0.86199690217449
79.047619047619,-6.97429877762948,-8.92994077554999,-1.01762541871634,-1.1889581745533
80,-9.90803671322228,-10.5143958874574,-0.934835745732329,-0.728827723797143
80.9523809523809,-10.1813188491469,-12.5575146620956,-0.664032474765521,-0.0331464168521168
81.9047619047619,-16.4650072751576,-15.9852907079647,-0.802934500863751,-0.118962614592019
82.8571428571428,-20.0716173482226,-20.837915410807,-1.0140392837542,-0.798940081815789
83.8095238095238,-21.7444864252299,-24.251777299409,-0.631925814935505,-0.352082833958077
84.7619047619048,-23.031658839344,-26.1861127751618,-1.18341017599722,-0.445143571619785
85.7142857142857,-25.2583126850634,-29.6930417509861,-0.569419889026512,-0.21161967599228
86.6666666666667,-30.2876622857609,-33.1761209573352,-0.192428179358821,0.022128272139645
87.6190476190476,-32.6425320746391,-37.8024451330292,0.112079293292563,-0.206458930910265
88.5714285714286,-34.352250772694,-39.2501279563388,-0.174232742029704,1.45045806398036
89.5238095238095,-37.5310606742709,-42.8673664071113,1.53494261325421,0.639738453277413
90.4761904761905,-40.9781719738995,-44.4540613300121,0.163639983799486,1.42756958067391
91.4285714285714,-45.9245562192473,-48.6411572590699,2.6209480174298,1.81211019193791
92.3809523809524,-47.125273306243,-51.3568387299151,2.74271081468511,2.90425909772691
93.3333333333333,-49.8207576758642,-54.6460052636738,3.60840455605009,3.39968478776242
94.2857142857143,-52.3785667121393,-57.065142815852,4.28295896274917,4.07767095137255
95.2380952380952,-52.4144631615551,-58.6764947557881,5.04402739659595,5.16341413325017
96.1904761904762,-55.3209358687056,-60.1620739854676,5.49627140969386,5.48859670445111
97.1428571428571,-54.6469703645755,-59.4385024519236,4.36065822487327,6.37628147053823
98.0952380952381,-55.8770704820696,-63.4594696061225,6.72002476466368,7.55144503352977
99.047619047619,-55.8890396773701,-61.8019097674799,7.66278451390042,7.95212639765519
0,-54.453591866892,-59.8657351539437,7.13840016430599,6.7357468290827
0.970873786407767,-54.3908145104475,-60.9204041327556,7.21134150418257,7.81410126774858
1.94174757281553,-54.2089142576729,-60.0023454000269,6.59879811567923,6.61867141323998
2.9126213592233,-53.8301546365187,-58.6798607946702,9.27636692737081,9.83556565543629
3.88349514563107,-52.0297652105064,-55.8339949522913,12.8263637746945,12.5215837016958
4.85436893203883,-51.4361656337222,-54.6940459682886,15.9127674892077,16.0120261404019
5.8252427184466,-47.6601052365314,-52.323725243435,19.9799353679483,18.7343958107373
6.79611650485437,-45.2339208571981,-51.7596580432993,23.2829433246938,20.8274481389948
7.76699029126214,-44.5275335701062,-49.9043819397889,25.7684186040868,22.7973745052314
8.7378640776699,-44.6820668515875,-50.2074466921687,27.8821075972106,23.8275592700846
9.70873786407767,-41.2296502413142,-47.0948683081239,29.7378940700739,25.7517612100495
10.6796116504854,-38.8742388485509,-42.7298433057128,30.9410043646709,25.9502192550764
11.6504854368932,-37.9136061688016,-41.5733328464001,33.2087154046592,28.1292002579881
12.621359223301,-35.173255323969,-39.4750199809766,34.2837028878418,29.5982278075057
13.5922330097087,-31.6641980779951,-35.4583330332335,37.3179866489202,31.2903918933914
14.5631067961165,-29.0234242895213,-36.9225583163311,37.0309944871481,33.5466184383227
15.5339805825243,-29.3417620351178,-33.7685870347606,39.0820746456585,33.9852829611038
16.504854368932,-24.2579052800151,-31.3560991443566,39.0581121555883,35.8045159051602
17.4757281553398,-25.363207719505,-29.7439299730089,39.2839379019679,37.1467966815316
18.4466019417476,-19.459009823929,-26.2688082266144,38.5061004630161,39.126979381172
19.4174757281553,-18.8546924587153,-22.6128437282931,37.2403582621596,38.8311804764345
20.3883495145631,-16.9441706380736,-17.7033040270832,37.2111621474329,40.7129770615781
21.3592233009709,-15.0890572946953,-17.6529954504411,36.1319631338163,39.9000020743755
22.3300970873786,-12.4746870473355,-16.2788310582694,34.9094642383288,39.6097264793233
23.3009708737864,-9.46925643707778,-11.7116053250999,33.1987089350928,39.6121733668333
24.2718446601942,-6.33927476807868,-7.60461868595815,31.1249040430372,39.2985747550837
25.2427184466019,-4.02025739801773,-6.08845360162417,30.2550554621507,36.4804862556665
26.2135922330097,-0.94059425584804,-3.64782485846083,28.3140507443373,33.3728063666777
27.1844660194175,1.40344243176228,-0.539462147588326,26.1559085776179,30.0722776696605
28.1553398058252,5.34604661379877,3.88471153102954,24.3719909562072,25.5457060790039
29.126213592233,9.76625956395048,6.4625218086973,20.8846153347071,23.1882205569984
30.0970873786408,10.757855459096,10.1071066846912,18.6344875720745,20.5926455522918
31.0679611650485,13.7292208622184,12.9896814060925,17.3171163004583,18.9102797142017
32.0388349514563,17.466739418355,17.174087737937,15.2091727172118,17.7313547997718
33.0097087378641,19.849637520482,18.7182058922617,15.4233132791034,15.419748485999
33.9805825242718,22.6493039305424,22.4249113022178,13.8786108865501,13.3680206080058
34.9514563106796,25.8210406988573,24.6337144907743,11.9653432347144,11.7472494877382
35.9223300970874,26.2351216237368,27.2311795231584,11.377817344662,10.5254673612925
36.8932038834951,31.0529119739663,30.075683625128,9.83910207238324,9.16141374950501
37.8640776699029,32.6035632292443,31.9065925770895,7.58665366738555,8.16649695043783
38.8349514563107,33.969607871793,33.4910246982533,6.11587860739327,5.20435879061299
39.8058252427184,37.3259412379299,33.9877654847984,3.21969061148926,3.65911716180754
40.7766990291262,38.7632351978162,39.0744003178092,2.19096027027599,1.84200319457235
41.747572815534,39.0000380730907,42.1610209240312,1.89230576944157,1.09236577146196
42.7184466019417,41.819536644442,41.052445539326,-0.301923864686465,0.529708973542214
43.6893203883495,43.0002398530569,42.0274853800691,-1.20396277364425,-0.673109512670111
44.6601941747573,43.5011122225721,43.1621808342718,-2.38487511817975,-0.432657028154106
45.6310679611651,43.3528591523526,42.35843650417,-2.74977801785673,-2.22994248110849
46.6019417475728,44.1758114750265,44.7623520453799,-3.56451100714666,-2.45469379817618
47.5728155339806,44.6959652749881,46.8180464796689,-2.36769879700366,-4.51736519462637
48.5436893203884,42.9290170494492,45.8087381802235,-3.17870905783206,-3.9566170121639
49.5145631067961,45.2521575343684,45.2134932486876,-3.28137011255179,-4.15709972958371
50.4854368932039,45.4017662357481,48.0837004958839,-3.16744254290238,-1.99453804411119
51.4563106796117,45.9211040507996,45.7444474915561,-2.34970963050803,-2.30212985329165
52.4271844660194,45.4658954313663,45.1882849110424,-3.62525043887028,-2.05653954119649
53.3980582524272,42.9823647465362,43.8520197811424,-2.0621720576226,-2.39028278532933
54.368932038835,41.9315450527884,43.4761291522938,-0.99643684771397,-1.65904186881472
55.3398058252427,43.982163430288,41.2418287944865,-2.12902718943208,-1.28983459133518
56.3106796116505,40.2192046877869,40.0179703623621,-0.922826271651804,-1.7387155876938
57.2815533980583,36.4936012830669,39.5409848655686,-1.28469635862117,-1.49414463253818
58.252427184466,36.7378178286737,39.2200697439467,-1.55161582504789,-1.62463795047612
59.2233009708738,35.6609004035816,35.5308439871445,-2.37440735968161,-0.108636163102469
60.1941747572816,31.6218951836737,33.1136835253588,-0.783945193681969,-0.990947954973809
61.1650485436893,31.1920921190142,32.406078928001,-1.24381241380605,0.0243821225383845
62.1359223300971,28.67402201453,29.7843895794108,-1.20313919485899,-0.674821332442367
63.1067961165049,25.9432135177152,26.7788590136156,-1.65172847420787,-1.13150238159892
64.0776699029126,23.6800420011427,26.1044914043368,-0.747445557639345,-1.68040062198486
65.0485436893204,24.5445809872734,24.2157901184136,-0.922524912521218,-0.542517177934916
66.0194174757282,21.7017219390972,18.6230555471276,-0.807067012318898,-0.825742636591888
66.9902912621359,20.1686954097415,18.243433474475,-0.179576572974292,-1.76328826200776
67.9611650485437,16.8208620086758,14.8901769040389,-0.655625897580759,-0.548964957348142
68.9320388349515,13.9726332599893,13.1893866386878,-0.519112549341094,-1.54858744093604
69.9029126213592,10.2146924536338,11.9381385908321,-1.16116659795439,-1.02547840061588
70.873786407767,8.65900037777488,8.37069571665754,-1.73580255327676,-1.37256215944922
71.8446601941748,8.21555096202478,8.32287219177274,-1.74245264624201,-1.87173813530654
72.8155339805825,6.5931896484586,3.94896721012263,-1.73996540822391,-1.25803961073996
73.7864077669903,5.10619978736726,1.28706143165209,-1.94931291366554,-2.03625643074732
74.7572815533981,1.95383862821336,-2.92804638396007,-2.36804471716602,-1.08966495615252
75.7281553398058,-1.28637267865583,-4.09486977491787,-1.44755767198911,-0.408429582905293
76.6990291262136,-2.42410649805536,-6.99207618667346,-1.3007540412401,-1.10107489747114
77.6699029126214,-7.42857226684224,-8.02875437218251,-0.806094293002635,-0.338263925654279
78.6407766990291,-8.82656079566516,-12.3969686474276,-1.33023878697116,-2.08526553653079
79.6116504854369,-10.8815681991834,-14.4978056012521,-0.926258583183459,-1.07562118877743
80.5825242718447,-13.1643245537636,-17.820099344649,-0.9763680674607,-0.670181063246703
81.5533980582524,-16.2417537267465,-18.7234162317858,0.102990011354547,-0.405363594188464
82.5242718446602,-18.7082341770427,-22.4737832319998,0.104706408132916,-1.37201310946024
83.495145631068,-20.0771765644529,-24.5492176554621,-0.481580993226337,-1.16486615259502
84.4660194174757,-19.8946963308586,-27.6731568375568,0.31287742716484,-0.689554624692486
85.4368932038835,-25.3949231268116,-29.873088984863,0.894164439469676,0.131975690905873
86.4077669902913,-29.5237239263477,-33.6093915835927,0.58642586576594,0.255885765312665
87.378640776699,-29.3551623808205,-36.3414438834294,1.31542110524731,0.136282831618544
88.3495145631068,-33.7707103321337,-37.1114047603413,1.36729648663998,0.474586698718075
89.3203883495146,-37.1741365739093,-43.0654309664287,1.3831267325675,0.655482183465068
90.2912621359223,-38.4493429198802,-45.889390156458,1.04016246252955,1.94024627280834
91.2621359223301,-38.9448960883136,-46.9794446958586,1.43636348301582,1.62025015633111
92.2330097087379,-44.1909336261814,-48.812648620651,0.681436152899621,1.43454364733148
93.2038834951456,-46.4542581890454,-53.3849866648414,2.06687958889559,1.96086346268747
94.1747572815534,-49.2527669291787,-55.0664525114368,2.90436987497782,3.19782330365934
95.1456310679612,-51.7486436003476,-54.9118559159344,3.04053759981165,3.26578115222663
96.1165048543689,-52.1149008994174,-56.9678184804839,2.86098713800086,3.72841234082503
97.0873786407767,-52.8630034476132,-57.7372590380822,4.65433887323027,5.69033645893762
98.0582524271845,-54.1607633246382,-61.8255287578414,4.41811444758851,6.41380766407377
99.0291262135922,-53.0991221424484,-62.2932696791814,5.94775955908724,6.0545293266866
0,-60.7335722840092,-59.5245717621145,6.17150372720533,6.78835389241432
0.952380952380952,-58.0903633020944,-57.3542509691487,4.54181094568512,6.92086007127065
1.9047619047619,-58.868711102756,-58.5098254255705,5.40581521120886,5.60794400223682
2.85714285714286,-58.1055993751486,-55.2088195021439,6.90840369579627,4.73974948534882
3.80952380952381,-55.8400886595714,-55.5032395769292,5.36878590130123,3.7364143794942
4.76190476190476,-58.4672085029732,-53.713106479535,5.34240526764334,7.02133195051206
5.71428571428571,-53.5258137459531,-51.7227152328735,6.74192047349061,11.104713735381
6.66666666666667,-50.9732108072674,-50.3588965386891,9.7810150007334,14.1670199649686
7.61904761904762,-49.9414175135242,-49.0514841828286,14.6128400877244,16.8652715294386
8.57142857142857,-49.0752740763637,-48.754220514256,17.8396673294962,19.0438225647254
9.52380952380952,-47.2450884856882,-47.628957544197,19.6718195377237,21.2077997699659
10.4761904761905,-48.089480520178,-43.5025809668762,19.9685293088852,21.9513096581091
11.4285714285714,-42.5243620248617,-43.5493558054174,19.6284377293869,22.7708360911569
12.3809523809524,-42.483371545685,-41.4129042958391,19.0257465341032,24.2380926528312
13.3333333333333,-40.4672204894894,-39.6161660385324,20.2484140908516,23.7010719095703
14.2857142857143,-39.3751200927823,-40.3233435812375,20.1651891320234,24.4604349034212
15.2380952380952,-37.505064346588,-36.8132941157892,22.0526751393602,25.5168443915177
16.1904761904762,-34.9726078945247,-35.6591002140478,23.7011866284981,26.2283224618685
17.1428571428571,-32.1991328150374,-31.8761234728488,23.3758142826389,26.3308343372175
18.0952380952381,-33.1114187851232,-31.7919987852316,23.579389904603,27.7509397829978
19.047619047619,-29.9782331278065,-30.1832979487775,24.9785343174128,29.6532409120544
20,-28.9626300919462,-26.4370783197462,25.4249722599902,29.4790682277949
20.952380952381,-25.7138226734913,-24.0362672573928,27.2607223219076,29.6472561674511
21.9047619047619,-24.1991452504374,-21.2685543177241,27.2880640712669,29.8169913986284
22.8571428571429,-21.3964699629035,-19.0347091975822,29.4378135437138,29.8621655627803
23.8095238095238,-21.0957565620079,-18.036189103825,28.5338640694441,29.7625077043568
24.7619047619048,-16.5685608077735,-14.9887387519029,29.8630930942725,29.7789835023207
25.7142857142857,-15.8110617853406,-11.0915725893576,27.382267108649,27.9710053333696
26.6666666666667,-12.240421206632,-11.2554884569105,27.7406569424152,26.9891391074526
27.6190476190476,-11.3252265291986,-6.58885653849495,26.8996545535059,26.4673696583644
28.5714285714286,-8.38480340810243,-5.73667979638893,24.8795672144109,23.5409217967295
29.5238095238095,-4.71461414181402,0.982874790485008,23.0524314078591,22.5754569548987
30.4761904761905,-3.31347986312496,1.80148624279617,20.4180207544397,20.6147292885496
31.4285714285714,-2.65929750821038,3.24006327993475,18.7491977909681,18.6166574609562
32.3809523809524,2.2955084262965,4.87756238738465,16.5544781853011,17.6511908762083
33.3333333333333,3.13191690385811,6.82910910290875,14.3233618842473,15.4850573120009
34.2857142857143,5.34962631308612,10.7451039327637,12.639803851484,14.6083196085303
35.2380952380952,8.15667063097683,13.7818880105457,10.9395934518227,14.3082817602075
36.1904761904762,12.1728857045064,16.646631640526,10.7383193618376,13.3171151128565
37.1428571428571,13.7365423262158,19.507201920202,9.75742451409013,11.700319200534
38.0952380952381,17.6691181173385,20.4626275829456,9.14147505285222,9.73161002564776
39.047619047619,17.9930706599042,25.8840521437952,7.87559156191329,8.54198250968258
40,20.4785934327051,24.7838625826907,5.97857480993482,7.32514545394831
40.9523809523809,23.7762078118301,29.1248481246673,5.25531893779751,5.73057068336598
41.9047619047619,26.2521878438879,30.7696086261266,3.08336885427275,3.86559390890406
42.8571428571429,28.6342670020776,33.7939020001555,2.07392852594483,3.01499194429734
43.8095238095238,30.0937871119957,35.5257641706509,0.978834834506675,2.09042458505561
44.7619047619048,34.6731425523269,38.4633227365764,0.504005884259411,0.241303678936989
45.7142857142857,32.1512333428262,38.2449056510521,-0.111802476384596,0.528296197869709
46.6666666666667,34.1907842727961,37.6402517099872,-0.352130554958986,0.0725194574833021
47.6190476190476,35.7416284434464,38.0931763523196,-1.47318336847615,-0.998957903855268
48.5714285714286,37.8348487697034,38.8026509617343,-1.20970946528405,-1.07140320992016
49.5238095238095,38.2078488604146,43.4284591255869,-2.28150405371883,-2.68658442647571
50.4761904761905,42.2818159366913,43.6615780883489,-3.64932576529542,-2.55766751308468
51.4285714285714,42.4876217793141,45.0864864314957,-2.78350810594937,-2.12898064115975
52.3809523809524,43.7063766788665,48.3536148485214,-3.9785562448118,-1.54162892712621
53.3333333333333,40.8688322032371,48.4120065002676,-4.28955626046917,-2.83965245455128
54.2857142857143,42.4696555023302,49.7852191517604,-5.07842134224894,-4.72500127774464
55.2380952380952,41.8751127028927,48.8530065371303,-5.75986996452778,-3.5622045782566
56.1904761904762,40.8369531624922,49.3086467920034,-6.21432423327831,-4.60287266006359
57.1428571428571,41.6039045028946,50.1524517005601,-5.79330767496036,-4.62245943071634
58.0952380952381,37.9167141111105,46.2791055106344,-5.35851027233194,-4.39594631191326
59.047619047619,37.7099812592242,43.0229133505836,-4.38171317797244,-6.11570707438495
60,36.9554350770917,39.3025058440185,-4.534627699999,-5.74810671111024
60.9523809523809,36.6346287324885,37.8523027883182,-3.35765857679453,-6.20390325457961
61.9047619047619,32.8914196111743,33.7809415374809,-2.41396706435739,-6.36445109954722
62.8571428571429,31.2826285962925,34.5071939319046,-3.1900236180498,-4.36409364091662
63.8095238095238,30.6574344418715,33.4600320299092,-2.47809062101742,-4.18040330251235
64.7619047619048,26.1706055926063,31.9438915727598,-3.11496137656828,-4.37718086917375
65.7142857142857,23.814480879997,28.3661109817467,-2.11354636600766,-4.64717888511866
66.6666666666667,20.9982892537146,26.7552180392908,-2.76553620648591,-3.43219187368308
67.6190476190476,19.2344400910322,24.831374282445,-2.80285911099101,-3.63576690880929
68.5714285714286,16.7027272708802,21.9887668105831,-1.97727204435265,-4.20921495863066
69.5238095238095,13.5548701939099,18.050736231346,-1.89357768471777,-3.75931345460269
70.4761904761905,9.67927648942836,16.5848635555306,-2.63564191754955,-2.84349156798782
71.4285714285714,7.14179209451957,13.2034817975616,-2.00974606715199,-2.65132526640963
72.3809523809524,4.84795545794436,8.31989452548721,-3.1827284405553,-2.99528690911316
73.3333333333333,3.36586731454786,6.6312501010132,-1.78327431861963,-2.79838864432773
74.2857142857143,-1.10388557970503,3.0724623582317,-2.66411584274247,-3.41422695499283
75.2380952380952,-3.53191537092166,0.281526556132169,-4.02523669427593,-2.61487720466724
76.1904761904762,-5.6034139075938,-0.615369183578572,-3.30430082798999,-2.01884011732319
77.1428571428571,-8.01875844270871,-3.66093286087082,-3.09036380197254,-2.44465498055207
78.0952380952381,-10.7865480399825,-5.35698051870702,-3.60670675584238,-3.12214259205345
79.047619047619,-14.7316886042206,-10.5041815866228,-2.90914601333837,-2.97180401487932
80,-15.7074355755645,-11.4794926626014,-3.19387088057079,-3.04527098216928
80.9523809523809,-18.5005526177352,-14.6419744949086,-2.65083703966586,-3.4921264871727
81.9047619047619,-22.7168034891944,-18.1234949074576,-3.08194320005575,-3.25276298436452
82.8571428571428,-26.7837546170238,-24.8631423683451,-2.89767770599732,-2.73581124716739
83.8095238095238,-27.332246288674,-27.2682000170505,-1.99460155299265,-2.30922281332852
84.7619047619048,-30.0641618615358,-30.3607508454391,-1.61732661943828,-1.27572747642218
85.7142857142857,-34.8772682462426,-35.0817483679122,-0.842478807079482,-0.290845809403881
86.6666666666667,-36.6831455023924,-36.0264770680293,-0.729576985788744,-0.0560605555327906
87.6190476190476,-38.5688436869776,-39.613363121264,-0.410291783793396,0.406290456063451
88.5714285714286,-43.1855085887004,-41.8128251378686,-0.234605248939322,0.243659199775398
89.5238095238095,-46.4321628843189,-46.1959428453343,0.691997215102643,-0.237253366439552
90.4761904761905,-48.567999143194,-46.8620297066168,-0.499688197133092,2.637125760524
91.4285714285714,-48.5265522481891,-48.8578022874751,0.40819069214359,3.76874037486143
92.3809523809524,-51.0601620961752,-52.1125783353359,1.55656191499827,3.51863857259741
93.3333333333333,-52.4966309511115,-52.2002538999865,1.96471247021327,2.82034771829007
94.2857142857143,-54.6964466977061,-55.525943885803,3.76354845311719,4.45679084831934
95.2380952380952,-56.9664895744106,-56.2090447075912,4.93650558811246,5.04636596754868
96.1904761904762,-57.71563870214,-57.0402188983178,3.75805785767823,5.00232997251458
97.1428571428571,-59.366056934573,-59.1337876982875,3.75251809044842,4.58009174018477
98.0952380952381,-59.033360929027,-57.7873589230933,4.38945546115891,5.40682697623714
99.047619047619,-59.5447514131929,-60.0380721094185,5.58474138746964,6.12411991751431
0,-56.1608344923008,-62.8180779910794,6.82111522388927,6.05062989389396
0.961538461538462,-55.0988310610968,-63.4810462395181,6.86884822851166,8.42264016745769
1.92307692307692,-55.5563871511381,-62.5117287860453,5.20972615077972,6.31188147679946
2.88461538461538,-55.1980813384772,-58.4951183567182,5.80955345407697,7.45647098571862
3.84615384615385,-54.138028616734,-57.4112188917905,6.41770627910882,10.3594641711286
4.80769230769231,-51.4135143910717,-53.9873640862304,9.21485695149367,11.8845336925518
5.76923076923077,-49.4154364813565,-53.845998021195,12.8437800689726,16.4003328498373
6.73076923076923,-48.1084199863753,-51.4242643263685,16.9701260925516,18.934425387461
7.69230769230769,-48.9852638699702,-47.3690371028979,19.4178454390041,19.6465627784951
8.65384615384615,-45.622599931309,-48.9072503859232,22.1910153005268,22.5312096668666
9.61538461538461,-42.2710077467114,-47.2935465508691,24.9345908071515,23.8653662500702
10.5769230769231,-42.1949917974973,-44.7348254490714,26.7364211061522,25.2995109948915
11.5384615384615,-40.3634622468377,-44.2694545399189,29.3634261855567,26.2609399211437
12.5,-37.9612647824002,-41.4751797778982,31.0108262247345,29.0909507826395
13.4615384615385,-35.599098725221,-38.6241507674746,33.4744188079862,28.6804970298117
14.4230769230769,-35.8946044904894,-37.1766245269246,33.9747154801746,30.2884646691121
15.3846153846154,-31.9944284973323,-35.7068066150362,35.0031004997979,30.9794579936111
16.3461538461538,-29.3539508340908,-33.3701838351683,36.7807421517421,32.2746400956114
17.3076923076923,-28.2147612725413,-32.4124749926226,37.4355894559565,33.0301446999371
18.2692307692308,-29.1633479190856,-29.5818910669252,38.0723609143133,33.7104196370195
19.2307692307692,-24.9907988302531,-27.4094223953885,37.7308366532922,32.8006388469484
20.1923076923077,-21.6641234769255,-24.5188735963455,37.3495336283513,34.0683250114303
21.1538461538462,-20.3435175215713,-22.687482410696,37.3255851858695,34.2150390132512
22.1153846153846,-18.9639020787423,-17.9972482958906,37.5049850944227,34.3337931045145
23.0769230769231,-17.6509157781357,-18.9078943540731,36.9216447083487,34.0116488892663
24.0384615384615,-14.5989046517714,-15.2729904868744,35.4359999254168,34.0663436390094
25,-10.9935032347025,-11.4753065630326,33.9668992898925,33.0624298974591
25.9615384615385,-10.5986528023338,-11.2576204972497,32.5011577869304,31.0123861502795
26.9230769230769,-9.7011110243844,-7.73239074850729,30.5729113611255,29.3781444819141
27.8846153846154,-3.62481857610014,-5.63881335768348,28.7046600351684,27.526969071487
28.8461538461538,-2.34682367247601,-1.74528587847063,26.3348345924495,26.002639891094
29.8076923076923,-0.551122364407516,2.02166126010184,25.358586433325,23.9400157246164
30.7692307692308,2.30738218536475,2.91994064488481,22.1203785072884,22.3101770806259
31.7307692307692,2.64495227975942,6.63804642953155,20.2642911150201,20.6954093042612
32.6923076923077,7.28999749927236,9.01223552098837,17.7073984023606,19.8923942356662
33.6538461538462,8.92828698199252,11.2651808899215,16.7499260966909,16.9734298951674
34.6153846153846,11.9332116290641,14.2743184026369,14.6254574834341,14.9070458425689
35.5769230769231,14.9284105547502,16.6872811792509,15.3967449717072,13.1152586291674
36.5384615384615,15.9675984400579,19.9154517712226,13.4702010165374,12.2223908416456
37.5,19.6178101659303,20.8561471813925,13.5397981513894,9.98711562779409
38.4615384615385,24.1289318008546,23.9378960604408,13.1034150806145,9.52980901313864
39.4230769230769,25.3313975051137,26.9723038460635,12.2888789213523,9.37406207665572
40.3846153846154,27.8533180792443,28.8870161254061,11.2378894661245,8.32009794777798
41.3461538461538,28.3953082117805,29.2861189736763,10.5723943434858,6.61203338908768
42.3076923076923,31.372501337768,32.6054998786658,9.84933335607814,5.32060148971668
43.2692307692308,33.0247641030457,35.8599995191198,7.43822163106315,3.83053784313938
44.2307692307692,36.0351891671107,37.9609141275844,6.51050952066146,3.75122680617672
45.1923076923077,37.2785076003357,40.1692714161731,5.79621082637362,3.0492713374269
46.1538461538462,38.2754593899718,39.8320260496048,3.8523770188075,1.1859056511067
47.1153846153846,41.2926867040469,41.2280460699007,2.5305160704802,0.966239527287503
48.0769230769231,42.7401857606681,41.8321207750039,2.49824796286096,0.677703806556814
49.0384615384615,43.1721427471108,42.6358502651279,0.406551104175447,0.0492190053552866
50,47.1805082364476,44.2798860145614,-0.939749372406105,-0.545419158717787
50.9615384615385,49.9616868301028,47.1609874902609,-0.964909362939012,-1.87382081535409
51.9230769230769,50.8623396550245,50.3901995946133,-0.454610126007905,-2.26219705064707
52.8846153846154,52.6478912940771,50.7899129069503,-1.31777624157658,-2.47775887386098
53.8461538461538,52.109149552234,53.3193956384562,-1.85570366030765,-0.90360931868203
54.8076923076923,52.129866874022,54.9596491666822,-2.08791662767499,-2.50944410012578
55.7692307692308,51.6938561129036,55.2957129973123,-1.76975508987137,-0.835671271674942
56.7307692307692,51.262068024335,55.2497760944629,-2.81075464893074,0.0511795083277403
57.6923076923077,51.7910375577101,54.1272501571302,-2.7531025194873,-1.30944969912506
58.6538461538462,48.9419083045795,50.9513722161888,-1.43788517437899,-1.66110066988888
59.6153846153846,47.2009321229948,53.5824905317952,-2.68672556460411,-2.78014690022174
60.5769230769231,45.9723797972045,48.2811224098183,-2.23259371731208,-2.77837139149053
61.5384615384615,44.110101171373,45.9543462589387,-2.01618649134868,-2.97007516827674
62.5,43.0175637076673,46.4185258268496,-2.60854496755422,-3.01562071086566
63.4615384615385,40.7490784341554,41.5618225825096,-1.58664110656213,-3.59196158076613
64.4230769230769,39.752261678893,39.4566915243862,-2.84326858557487,-2.99437284565213
65.3846153846154,35.9923134957051,36.4021767093717,-1.92963710471466,-3.0822151127782
66.3461538461539,34.777455965706,34.9234477550959,-2.17860868071341,-2.38990200497353
67.3076923076923,31.1350648822101,31.6037055275001,-1.96903338761419,-2.33963128547937
68.2692307692308,29.502989034175,28.2026499337837,-3.00284466915785,-2.44929311853238
69.2307692307692,27.3658671299102,25.4029632470183,-3.82712497976527,-2.68924681560089
70.1923076923077,25.1493323203396,22.8595475917177,-1.55215302240408,-2.03027988092378
71.1538461538462,22.2948849371339,19.5689086656829,-0.487382177306462,-1.01185975770478
72.1153846153846,18.8873740114331,17.3180500994965,-1.46139531682774,-2.21928677725153
73.0769230769231,15.2978046757618,15.2814888422796,-1.62925887751445,-2.11372177775925
74.0384615384615,11.203736564767,9.73921852562351,-1.72898403967623,-1.51610609049913
75,8.46422998104054,8.00735047868093,-1.89412627172557,-2.29230670173018
75.9615384615385,7.37954959391273,4.55248577583942,-1.93118164738039,-1.33979013367117
76.9230769230769,1.44980593998458,0.653897445095194,-2.08062321814132,-1.40364247940038
77.8846153846154,-0.586236981354706,-1.0231338416598,-2.52847883762796,-2.06999328055762
78.8461538461539,-1.86487083725764,-4.42522698004713,-1.47414346647239,-0.898268515008524
79.8076923076923,-5.83481334362148,-8.01702137991229,-1.59203567616731,-0.824906270524723
80.7692307692308,-8.84411680606507,-10.7884902427188,-1.26737130435029,-0.231405015066895
81.7307692307692,-9.73015847966197,-15.1410092652254,-1.70794136349192,-0.0933957011395662
82.6923076923077,-14.3750744895582,-14.3574585509769,-1.0002034949487,-0.70813800339994
83.6538461538462,-19.3704873658133,-21.1190307577673,-0.739435417877385,0.34943304457071
84.6153846153846,-21.0321596164254,-23.5150423329113,-0.228078349610127,0.36446533093037
85.5769230769231,-24.9692247885336,-26.2071060370996,0.279655567789753,-0.158368993718816
86.5384615384615,-26.6624946712924,-27.5385491221574,-0.176653600232466,0.508490297596307
87.5,-28.2982167065209,-32.9495779842658,-0.0454296598630858,-0.0969819251263532
88.4615384615385,-30.6206399443671,-37.27685812177,0.833578329535994,0.144290629731987
89.4230769230769,-33.3921477667675,-37.9042948268355,1.06143040576549,1.40950747165535
90.3846153846154,-37.3582000682149,-41.8070210809224,2.28666622676504,2.97244495435197
91.3461538461539,-42.2443403729616,-45.9243163898187,1.69812081508716,2.40092093429711
92.3076923076923,-41.577720542917,-48.7843670205448,1.38233542007483,2.73906051646844
93.2692307692308,-47.7784486150905,-52.6199307383496,2.72762171699825,3.08902196178956
94.2307692307692,-49.2334146825124,-54.9762236828348,3.33650543815288,4.63383700970183
95.1923076923077,-49.599320565255,-58.0878543574143,3.5496904419744,4.33493327952584
96.1538461538462,-53.1184171428697,-56.8404713360838,5.93457597865135,4.83885520582972
97.1153846153846,-53.2822632647097,-59.7797035431758,5.49139643243311,6.23359211309109
98.0769230769231,-55.9407962436312,-60.6129551408244,7.97133059110176,8.19158898514005
99.0384615384615,-52.5113311119539,-59.9848191725863,7.08989803451709,8.83815849614287
0,-63.8581603798704,-66.2565918598491,4.55759657198827,6.03790252308076
0.952380952380952,-61.3471020157747,-61.9379348783454,4.07168698386417,5.63574228738271
1.9047619047619,-61.3005319954272,-62.0459339522309,5.30693274702311,5.86031742523383
2.85714285714286,-62.4970370065868,-62.0980205121267,6.48228767400202,5.52459958515364
3.80952380952381,-61.264596264415,-61.644976251573,7.00837808730624,7.03750504425046
4.76190476190476,-57.0886227919701,-58.4849146935999,8.12086915902847,9.34121923776974
5.71428571428571,-57.5134072208247,-58.4246095728473,9.83131525483178,12.6316492302296
6.66666666666667,-54.1352381889441,-54.3137390403511,13.7298863676324,16.060887567486
7.61904761904762,-52.0482425166425,-54.7591624605762,17.2636868942953,20.1993181026106
8.57142857142857,-52.2847095744981,-51.6818637739566,21.4310824299657,22.4435029866539
9.52380952380952,-47.9879085565494,-49.4077922397244,23.4342241831735,25.050007447956
10.4761904761905,-48.8405975376542,-48.5884688695504,26.6703606742057,27.6052767943778
11.4285714285714,-45.4864790592998,-47.0906815099888,28.6398696525173,27.5437033313628
12.3809523809524,-43.9206849955823,-47.4089849847213,29.712577863045,29.8697204020214
13.3333333333333,-43.1954770680208,-45.6957859150273,30.2818639122773,30.7895839463482
14.2857142857143,-39.0714827346938,-42.3063928078103,30.4587995919258,31.955211622443
15.2380952380952,-39.29840639754,-39.8136056869986,33.3010124529237,33.450431246676
16.1904761904762,-34.7600807839514,-40.4425207988025,35.0879755910774,35.7936750613353
17.1428571428571,-35.2662586667733,-37.293721476072,36.7213831599669,37.8535573473699
18.0952380952381,-31.2352997335156,-34.0850039144281,38.1573431069204,39.1001288196798
19.047619047619,-29.568632121659,-31.505787275166,39.493529327808,39.4144186362149
20,-25.5315443460967,-28.0689271220671,40.1465223173464,40.8076332692232
20.952380952381,-22.6956392571414,-28.5376097582868,40.5093334562506,41.2502997516934
21.9047619047619,-24.0893546131003,-25.5152890837696,40.4887851811282,41.7358471124507
22.8571428571429,-20.7764252458688,-22.7866922592718,38.9218169377506,40.661913934886
23.8095238095238,-17.2867945342403,-20.2304137504953,38.0502559679933,40.2645923615315
24.7619047619048,-14.2101630815819,-15.9278659805613,35.9822772112142,39.98887986514
25.7142857142857,-12.0507122603094,-13.9126351633715,34.869291875196,40.0501031391284
26.6666666666667,-10.8335974801114,-10.3231270336595,33.5114714869848,39.9747463030382
27.6190476190476,-8.46656831744177,-7.09765689770491,32.5016512239175,39.9651756329071
28.5714285714286,-8.79204171117115,-4.34745493276,30.3335096246701,38.5780499930894
29.5238095238095,-3.88587186043547,-2.87373065415316,27.876268866022,36.8702751046594
30.4761904761905,-1.63417883299692,1.66079705162372,25.153194550333,34.1197688439793
31.4285714285714,2.25496546031929,4.63828718677717,22.6738244016998,31.2227556115201
32.3809523809524,4.35560181750822,6.47662929250089,20.68002664003,30.0651468346406
33.3333333333333,7.31855366928241,9.60807110151075,19.3247375696693,27.0361873199857
34.2857142857143,11.6551165931816,12.9739759589672,17.2791664558391,22.4063790587279
35.2380952380952,13.6509252896262,14.9160904943807,16.0086884275407,20.7315552853687
36.1904761904762,16.7022374906204,19.1300220334323,13.466561494021,17.1259040807174
37.1428571428571,17.8434661033784,19.942086122209,10.1701650090774,14.5281473034502
38.0952380952381,20.854805064888,25.6709455648752,6.92561693693108,10.3838073556975
39.047619047619,21.2445738116784,27.4278309205787,4.71637534377823,6.95351015632351
40,25.9447749536453,30.5980626603825,1.80543556879978,4.85550962055194
40.9523809523809,30.0081408768079,31.98682180463,1.77958852102264,1.68704260687719
41.9047619047619,31.2233876752189,35.0182452716888,1.21016168166087,-0.408607169590194
42.8571428571429,31.5232171815935,34.2753722544965,0.604407826225993,1.12854417940751
43.8095238095238,33.2294277574046,38.5269030265633,0.140243397663736,0.122628927094032
44.7619047619048,35.6857307857154,40.383313419665,-1.15956490564527,1.02075774543058
45.7142857142857,37.6192263210396,41.3561530469977,-2.81569635770375,-0.508325005819791
46.6666666666667,39.7214413262756,44.7666003028829,-1.82535042321033,-2.19569378822479
47.6190476190476,41.4224689842616,45.6209897465809,-2.09556331292733,-1.49591747818762
48.5714285714286,44.5150321963411,46.1238213935743,-2.19884947782299,-2.25593990148954
49.5238095238095,45.2234258652237,47.5397570772946,-1.34358110652629,-2.4029840721439
50.4761904761905,44.5512799090099,46.3894123352517,-2.51052951615473,-2.29139112844587
51.4285714285714,44.383443100145,48.2929400901627,-3.5914538991549,-2.03581505007542
52.3809523809524,41.2162309853063,45.7788888649269,-2.88326803094792,-3.02854324189785
53.3333333333333,39.1617295523617,47.0916004671762,-2.27977894623545,-2.40774859349319
54.2857142857143,39.0708029932258,44.8622761506215,-2.04273365300469,-2.77724714375415
55.2380952380952,36.5150469680376,44.6362342654887,-1.79957252779048,-2.13204811061961
56.1904761904762,32.598187937941,43.5129927146422,-2.87252068799944,-2.00496753078862
57.1428571428571,34.0762253445618,42.2279059379486,-2.46101333321336,-1.41548936222116
58.0952380952381,30.8622015180087,39.5302827129594,-2.13857063484634,-1.60096181070863
59.047619047619,30.0653636042007,39.5354295079098,-1.40625000098741,-2.21363932716186
60,27.2445455729679,36.8949916121087,-1.70235885687779,-2.49571877703048
60.9523809523809,25.8102911032903,35.3206201315256,-1.0901914492135,-1.74596412632255
61.9047619047619,24.1235269930233,33.9092725342431,-1.16258222597679,-1.75926957712171
62.8571428571429,22.2703961749568,31.6969797600896,-2.11059057085386,-1.99429302182462
63.8095238095238,19.2434933879373,28.2914671895669,-2.47051950784409,-2.0569862491014
64.7619047619048,15.2502463855165,28.7716273934314,-1.93206724954658,-2.70003311038864
65.7142857142857,15.2735376119559,25.3499199486815,-1.94530734118431,-1.58221727234443
66.6666666666667,13.784664567261,21.7748291736816,-2.91659932885969,-1.9647775879093
67.6190476190476,12.5457963838591,21.0924201272203,-1.89834933738084,-2.16177648492943
68.5714285714286,9.3604573846065,15.4420916013069,-1.27322350478205,-2.00176364274268
69.5238095238095,7.84100209688249,13.4331857897798,-1.63688159565733,-2.06077873585813
70.4761904761905,5.40040796071494,12.0937921559977,-2.25646009229001,-1.78002498706664
71.4285714285714,4.68256109404468,10.7275548993982,-2.1248489821795,-1.4838221486941
72.3809523809524,2.33288737534308,7.71405996940953,-2.78153357362194,-1.2528155582511
73.3333333333333,-1.37102259757033,5.9706651199107,-2.31918762290208,-2.30483367755471
74.2857142857143,-3.11719151933423,2.99442957453492,-1.76784646402859,-2.06795569912694
75.2380952380952,-4.94668719616615,0.618023266436303,-1.91846526503291,-2.12350285466124
76.1904761904762,-7.30087618359896,-2.76503426217951,-1.83190750901876,-0.970966188903281
77.1428571428571,-9.14315135961063,-6.29630931325361,-1.88392290194544,-1.77230249246138
78.0952380952381,-12.7985339887301,-7.77395983739995,-1.39744210057895,-0.651979863370996
79.047619047619,-16.7358398256106,-13.9612160211977,-1.87014940575039,-0.703965958166591
80,-21.0212331755771,-17.6345207974241,-1.4666544778453,-0.555819908653009
80.9523809523809,-24.9037031566638,-17.9278134357334,-1.14118118855757,-1.07333190019646
81.9047619047619,-26.4860709228196,-21.6448383810638,-1.09619291293808,-0.78040411516466
82.8571428571428,-28.9782426251991,-23.0874811514877,-1.8215559147908,-0.458681066470277
83.8095238095238,-31.0866613432398,-26.2043079010247,-0.695334912216896,0.421996319850952
84.7619047619048,-34.7540867526618,-29.4670142388755,-0.640419963999633,-0.6770892780052
85.7142857142857,-38.8324538768999,-32.4731791765068,0.28612701643227,0.223050026469969
86.6666666666667,-41.0793223986348,-38.4069266996777,0.469395111206153,1.02266484892194
87.6190476190476,-44.0680388407155,-41.5409177185757,0.778986167006698,0.994949283185521
88.5714285714286,-48.4936255826274,-45.4063893346576,1.50843486525561,1.68780282838716
89.5238095238095,-47.5072586349158,-48.1810374017358,1.80898806040576,1.73016192366555
90.4761904761905,-52.2600102225605,-48.5389796328604,2.1237095796671,1.64709993723895
91.4285714285714,-55.2695158220309,-52.4841787291357,1.61304097704963,2.43272654783939
92.3809523809524,-55.7971552790804,-55.3056516432776,3.14024594614298,2.27213633824903
93.3333333333333,-58.3740526766523,-56.7376101149587,2.73671808300921,3.18521905670195
94.2857142857143,-58.549137951085,-57.7367569258744,2.83071842687653,1.7916520259266
95.2380952380952,-60.6114112003687,-59.0412956190081,4.35014030849748,3.46895182942348
96.1904761904762,-61.3644290503828,-60.3090688387877,3.43438289585154,4.26117069906301
97.1428571428571,-63.0781349610048,-61.7753206189992,3.80984288079441,4.38970264737578
98.0952380952381,-62.8946889823388,-62.2567936814403,5.61174430309581,4.71301953163758
99.047619047619,-63.9510165774566,-63.4134309723709,5.86406038315426,5.35759117883826
0,-50.2331689854503,-57.6564877526165,5.32637086494623,5.96993950949859
0.961538461538462,-52.7697204190815,-57.9641263391401,5.90971776833214,6.86721445984398
1.92307692307692,-50.9998415987368,-57.9835376456494,5.10019308187134,5.84506683448633
2.88461538461538,-52.7732891858092,-56.7138699902661,4.20959521798106,4.62965172437236
3.84615384615385,-50.9131273007385,-54.06994612932,4.89302084765747,5.39550585283285
4.80769230769231,-50.8287361307042,-53.7254186996422,4.73096206362353,5.97513736840031
5.76923076923077,-51.4335780903373,-52.6014629124626,5.18516204163051,5.14750703179676
6.73076923076923,-45.7800874988266,-52.5743896724523,6.0134437981053,6.98859884763053
7.69230769230769,-44.0322814817214,-50.79349516054,7.07173677273312,7.9345917054655
8.65384615384615,-42.5776429674557,-49.6396679575921,8.79190770964469,10.4533278861896
9.61538461538461,-40.3879102166797,-46.0261310748694,11.3196129715834,12.3315853816996
10.5769230769231,-39.5178266868584,-43.8267814084856,13.0572732541524,13.6500967054235
11.5384615384615,-37.6328368337337,-44.9114601876319,14.6918907890678,16.864205898014
12.5,-37.0222489448309,-41.5421902410837,15.4011294418636,17.9822075599175
13.4615384615385,-33.4110304506643,-40.3022810732021,18.2637917434193,20.8672693353659
14.4230769230769,-31.9340445700299,-38.9219370931971,20.3996475269038,22.923282452166
15.3846153846154,-30.4927570780974,-35.9514888432181,22.1008705528919,26.4270205288715
16.3461538461538,-27.1616060462538,-34.285290580201,23.793217867862,29.3042491425968
17.3076923076923,-25.4929986176898,-31.9510761783622,26.3802038486757,31.1691104859294
18.2692307692308,-23.9948844214816,-30.7043586670634,28.9206101100759,34.4335859300942
19.2307692307692,-22.4766566133717,-27.0420075536857,29.5613273150602,35.4134397488331
20.1923076923077,-19.4904840757454,-25.4493680405023,30.6973118066329,37.2842233751967
21.1538461538462,-17.9814409350073,-23.18360324214,31.0612806268535,38.4585525716018
22.1153846153846,-15.0326162279996,-20.2807269680173,31.672936677146,39.5335976812649
23.0769230769231,-12.1149264357643,-18.811781166441,31.7298993319328,40.3889536629529
24.0384615384615,-8.95627017326328,-16.5583614164301,31.5454999651736,41.0482998599607
25,-7.52256300023005,-16.1655519124347,31.6184747038305,41.0646354871163
25.9615384615385,-6.70908825681936,-11.7149060404136,31.2252559059221,41.2330619759228
26.9230769230769,-2.53198544940872,-8.65081962989593,31.7251145767701,39.5188468120404
27.8846153846154,-1.38763799443575,-6.28025898703613,31.1249484275566,38.7553180281405
28.8461538461538,-0.163335518678337,-2.09140471597259,31.4796611656309,37.9940340486615
29.8076923076923,2.25386891323955,0.252019485563373,30.0051897675393,35.4063308004293
30.7692307692308,6.29059444770094,-0.0569994630850053,29.2834254535348,33.6429029075801
31.7307692307692,9.97741627151197,5.11679044497187,28.2715887053333,31.522883428561
32.6923076923077,12.6266271410002,7.679735161703,27.9821455488089,30.3345066838386
33.6538461538462,15.67794326935,8.61307977255544,25.2629099576528,27.9760648458903
34.6153846153846,18.348918483116,14.5955547356721,23.9731842149665,25.7574044544628
35.5769230769231,20.6914501585947,14.9948709870281,22.8024735530045,24.1271168023474
36.5384615384615,25.1667475771878,18.6607982107392,21.5052080407462,21.5324116498447
37.5,26.4656021222622,20.5002362203724,20.152276822615,19.473915636732
38.4615384615385,29.0352314180371,23.9525632256922,17.7769338699161,18.0410560268483
39.4230769230769,32.390375883474,25.6473123993376,14.7685894657138,15.5994041117963
40.3846153846154,35.2998232385208,29.5065869184534,12.8249122023491,14.494582376728
41.3461538461538,37.6319789606004,32.6791020245173,11.0667980672328,13.1328376630073
42.3076923076923,38.7755894472267,31.2267353102841,7.03998297956476,12.1450032299166
43.2692307692308,40.7389025759093,36.3266066326177,5.32379946033856,9.64834412162282
44.2307692307692,41.4263722074764,38.9980827708209,4.3553039189943,7.20220015199031
45.1923076923077,45.122348544941,40.679191532467,2.15832352948933,5.55347230424778
46.1538461538462,46.3420499569018,43.8599401998305,1.45344710962284,4.31810899592821
47.1153846153846,50.5746926853937,45.8913028852921,0.375408348236992,3.3990548953015
48.0769230769231,50.3635857662824,47.6638961038763,-0.0938096546573377,2.16542276654226
49.0384615384615,50.3965681827216,47.9901840919403,-3.1742107413898,0.319918674017514
50,50.7256036869862,51.2509566888383,-5.3805490751712,0.15026761784483
50.9615384615385,53.1775865987762,51.4081261022577,-4.06546007245415,-1.41576896809069
51.9230769230769,51.1433762084535,50.7151096007327,-6.02196055083032,-3.80416963574877
52.8846153846154,48.3977207882528,52.7951017066931,-6.77190556628255,-7.67593733627916
53.8461538461538,49.6348043400745,50.6331063818747,-6.92520110841536,-7.08454889962618
54.8076923076923,47.1467070154644,48.9670667287155,-6.61747215209042,-5.26095710969209
55.7692307692308,45.1279179367467,46.3003303603139,-4.97015188714587,-5.09829820547682
56.7307692307692,42.5827605355466,42.9564915631078,-4.43441975893444,-3.37095302007713
57.6923076923077,42.0496024417545,43.7997320426686,-3.85197463339435,-5.13436862251652
58.6538461538462,40.7684085160826,42.1497535339698,-2.2702078337092,-4.15767862706154
59.6153846153846,38.1349483768716,42.8549142251758,-2.62725749868681,-2.83359577879384
60.5769230769231,35.0973691433623,41.1654602492838,-2.62845026053887,-1.87039681132453
61.5384615384615,30.1049417394768,35.7405424834222,-2.43157240868454,-3.67190457038136
62.5,29.0048086999257,32.272632024856,-2.6729961526963,-1.83090431052903
63.4615384615385,26.3931759234787,30.0540995270141,-2.30499513212564,-2.99857941506252
64.4230769230769,23.8153502746493,29.831736849025,-2.40174703561017,-3.23514015664598
65.3846153846154,19.9954461236314,26.8855938519813,-2.94291071957079,-2.20128541274026
66.3461538461539,19.9733282503121,23.4938360887541,-2.21538780398078,-3.33473642702099
67.3076923076923,14.9638376355573,19.654535055299,-2.48676044974322,-2.06175679446054
68.2692307692308,13.0493275020117,17.3979585731572,-1.57921917952711,-2.38732890420354
69.2307692307692,10.1947732727148,13.1614787487567,-1.55573276563498,-2.44289048184816
70.1923076923077,7.70045562542727,7.90201826314945,-0.341403382993936,-1.32215798986923
71.1538461538462,6.07024600816067,7.10753194298711,-0.611297883334626,-1.07924847219436
72.1153846153846,2.44263208465494,3.92422207879446,-1.21833916294253,-0.994803636094362
73.0769230769231,-0.481163414593153,1.53672814095321,0.0582127560988888,-0.819646234988989
74.0384615384615,-3.97944698602414,-0.528808585010843,-0.612449790845114,-1.52052219545557
75,-4.27230532888816,-4.43949748283943,-0.792132714047255,-0.85172753546699
75.9615384615385,-8.10898619893424,-6.47169352722385,-1.71457056534569,-1.04835631682501
76.9230769230769,-8.13118233043295,-9.48997507592511,0.0794530843308465,-0.665850332276934
77.8846153846154,-12.6235271736082,-12.7248049050591,-1.10245490629307,-0.674985278290031
78.8461538461539,-13.5910644368709,-14.9856362381565,-1.39693549255028,-0.465620935211162
79.8076923076923,-17.4798241812325,-18.8519544922796,-1.31000720068916,0.231228617498812
80.7692307692308,-17.236745089242,-20.3201754870755,-1.55003784661307,-0.0574985755752116
81.7307692307692,-19.0054558966615,-21.3046932685316,0.281304035081097,0.241676462949303
82.6923076923077,-23.2651521554966,-24.2080191891928,-2.02325152586816,-0.0528841020016006
83.6538461538462,-23.8239493692627,-28.1762035680777,-1.65021912952591,-0.333111136400123
84.6153846153846,-28.8903494242994,-31.2413191772309,-0.689744039539522,0.089654429911486
85.5769230769231,-29.9015357969327,-35.211493739008,-0.586499794741171,-1.30033296821615
86.5384615384615,-30.4856174552225,-35.7493604074656,-0.892280472768401,0.0603944443660022
87.5,-34.640879376757,-38.0789709496184,-0.503605762658164,1.15875146864453
88.4615384615385,-36.5383236430968,-39.3566255758691,0.00639451826287835,-0.220739913012544
89.4230769230769,-36.4281923928359,-42.1547500725333,-0.301674609647439,0.803885943209939
90.3846153846154,-40.0258079296511,-42.6108087254586,1.01139610999934,0.76265375284937
91.3461538461539,-41.6770904946483,-47.6133816445468,0.375163842457205,0.844511225445445
92.3076923076923,-43.2649825198713,-47.7809386077475,1.76258458751898,0.52946156817717
93.2692307692308,-45.0499554215056,-51.8172864835756,1.82399143328955,2.17603986364711
94.2307692307692,-47.1689770565038,-51.9548091175014,2.75503539181898,2.68657544772698
95.1923076923077,-47.9073370540727,-54.9882948346052,3.30109634756052,4.30395440981209
96.1538461538462,-48.9907483615844,-55.9584444588123,3.34469753989864,6.33488816804115
97.1153846153846,-50.3232793388464,-56.3375322408679,4.17120220854407,5.47330374016183
98.0769230769231,-52.4745535324896,-58.1270630417039,4.45711506246921,5.33478894172868
99.0384615384615,-51.4732029552576,-57.5554144795923,4.79068108430944,5.36128770328002
0,-61.6751336907497,-65.704882193523,6.16397509312307,8.11325591124671
0.943396226415094,-61.1409403891508,-63.5829796290179,6.91823164800518,9.37703736211139
1.88679245283019,-60.1883960387586,-62.0682635439336,7.44800639335158,9.48993365166738
2.83018867924528,-59.2007468986732,-63.1757517150144,7.64890263398117,10.2720453397856
3.77358490566038,-57.456430075069,-59.8125188743418,9.50638613592629,9.94040038585073
4.71698113207547,-54.4547010700007,-57.4053378523477,12.3306415186907,13.2541184636386
5.66037735849057,-52.2252146409422,-56.0583700993068,15.442213991616,16.8511156810705
6.60377358490566,-50.3808953263066,-54.8935442586609,19.1525237528164,18.5624567715178
7.54716981132075,-50.0938567906835,-53.7126378559745,19.5611854748702,21.3008260229136
8.49056603773585,-48.9009400462235,-51.6584626403606,20.9789373207092,21.9511703751797
9.43396226415094,-44.3604106582944,-51.1131515323386,22.2428752871291,23.4359737305765
10.377358490566,-45.8027726821952,-48.1032057511881,22.9183358946911,24.9773322033377
11.3207547169811,-42.8966703934626,-46.7117275497522,23.8709654062483,24.2224861214007
12.2641509433962,-40.0852163724833,-44.2362464672955,26.5083343475018,26.2440570669952
13.2075471698113,-36.8995623077491,-42.2094068412241,27.8828991477922,28.7093803987394
14.1509433962264,-35.8516178094236,-39.0701802898081,29.8601660626957,31.214563499394
15.0943396226415,-34.4533603679237,-38.1388889356858,31.8338203437896,31.9500131678893
16.0377358490566,-30.3987272738812,-36.3241558686052,32.3107712348925,33.1329235941349
16.9811320754717,-26.6350718984461,-34.7044942184981,32.6547598377529,33.9493100017113
17.9245283018868,-27.1432770931405,-32.4382525071099,34.3144461624371,33.4897537596259
18.8679245283019,-22.2398144053375,-29.1440443001697,34.5589895689658,35.0424651708479
19.811320754717,-21.2185043630882,-27.4329565551662,34.2369353299467,33.7767541085836
20.7547169811321,-17.3549153382666,-23.3441713343848,34.7747740916714,34.2752597223727
21.6981132075472,-17.0420737630184,-20.5980880564065,33.3345074483334,35.0269488806521
22.6415094339623,-13.4737036818116,-19.3047633798228,33.7205390154442,34.5263528025075
23.5849056603774,-12.4750584591921,-15.4004252501699,33.0545898082689,35.2684353559291
24.5283018867925,-6.83195404176315,-13.4131897910158,31.1488215931731,35.8116813356961
25.4716981132075,-6.48258490879633,-9.85589146122238,30.1197539521093,34.2611768655676
26.4150943396226,-3.3968070935513,-8.08343730650707,28.0622630287209,33.3051873084555
27.3584905660377,-0.379986584831888,-5.2199093522602,26.4972892023232,32.2922197434386
28.3018867924528,3.6580587384106,0.00869455143239684,25.4852917136741,30.1502498347596
29.2452830188679,5.14496559608596,0.832359432402176,22.5820690813157,28.6232730947512
30.188679245283,8.18045481220508,3.30729459002433,21.8069982724122,26.8137896788807
31.1320754716981,11.6390709109532,6.19182656779138,20.9434374278289,24.9376815779039
32.0754716981132,12.5895828298139,9.13671209036895,18.6696167993772,23.5191792544781
33.0188679245283,17.5777178550491,12.9200303056944,17.8879343081249,22.2288675051845
33.9622641509434,20.2321570178555,17.4071383611186,16.9480708093395,20.0553901218761
34.9056603773585,21.9767362720477,18.9972921173559,15.0475220145059,18.4561116649616
35.8490566037736,23.3763053098201,19.8732174349187,13.8193299735815,17.0966324817584
36.7924528301887,28.5554618302211,25.1223100060931,12.047664569959,15.4705141165688
37.7358490566038,29.3907682781429,27.5373497882388,9.8856075904206,12.4490114643527
38.6792452830189,31.4749175624268,30.8905569241636,6.51055259573974,8.74255860684977
39.622641509434,34.7773937435076,33.1087579933528,4.01938505489246,6.93979744131065
40.5660377358491,36.6248920571392,33.5400819079308,2.54054223079251,3.54785756127752
41.5094339622642,36.9227314908148,35.4016947745796,1.59174959191889,2.40623467178702
42.4528301886792,38.7862761716617,35.5487831997192,1.45029348218309,0.762187581952149
43.3962264150943,39.1215524802265,39.5576798665587,-1.17542821582835,0.947877237942088
44.3396226415094,43.5794452473607,37.8952771241044,-2.73035538125781,-1.11516167603966
45.2830188679245,44.1196665486469,43.1822786966015,-3.22472062837282,-2.18562658318316
46.2264150943396,44.331466620228,44.3074795468059,-3.66965525796856,-2.40627409913822
47.1698113207547,44.833137612021,44.1716921554742,-2.99380762432626,-1.09277243264674
48.1132075471698,46.9370202655366,44.9481936209262,-2.8975012889896,-2.58907492960181
49.0566037735849,44.470867153209,46.1465881101632,-2.75418623314807,-3.95310236855306
50,46.3213083143589,45.8787022234949,-2.98776044784052,-3.89891793229507
50.9433962264151,44.9617762454588,47.599668397192,-3.20131806442072,-3.30667413361722
51.8867924528302,44.0022777068842,46.532191114973,-2.01070720314282,-1.04787658664228
52.8301886792453,42.9421688818817,46.6744381014651,-1.39327703998597,-2.2254609033137
53.7735849056604,41.9865940555039,43.6252816098695,-2.54622451229002,-1.61099684917975
54.7169811320755,39.498810072043,43.8466848563225,-1.76799142568364,-1.40235966754615
55.6603773584906,37.7600036430811,41.1478879411705,-1.7567493188896,-2.51998408573606
56.6037735849057,36.8888072533946,40.2970168300778,-1.22257793611074,-1.74539903673769
57.5471698113208,34.8812825221904,37.4297288053159,-1.1579319976546,-1.19845887414833
58.4905660377359,36.173393352638,35.909014685216,-0.516886223169623,-1.66607083080077
59.4339622641509,32.5350462193189,31.6941536106498,-0.881479130452494,-0.950662626128105
60.377358490566,28.0360181952935,32.9613504628212,-1.30455019710649,-1.64421075318643
61.3207547169811,29.7061952567003,29.7781569689445,-1.32396791550324,-0.823519375849332
62.2641509433962,24.8280044788505,26.7739019369291,-0.600887757240061,-1.46058975723342
63.2075471698113,24.1970881053562,24.4864955231098,-1.02292229741947,-1.2969757204318
64.1509433962264,19.108146768752,21.5498737124169,-0.110527124359583,-1.22582947383045
65.0943396226415,16.6928215970852,21.8738877267051,-1.64668909960586,-1.08483203331495
66.0377358490566,14.5214867450443,18.2275149512326,0.145524370871544,-0.718950891071742
66.9811320754717,10.7810814267471,16.1163001760971,-0.684292812257328,-0.801525402721537
67.9245283018868,8.42892989212682,12.8624818216643,-1.14677048314752,-1.38309652636477
68.8679245283019,6.09511591510124,11.2400850123364,-1.17242055089309,-1.029392904806
69.811320754717,5.55562496806477,9.12647472921723,-1.33770773646867,-1.91540029246243
70.7547169811321,3.81607054741114,4.52061543512387,-0.933407843708282,-2.49025024951867
71.6981132075472,-0.653748083590168,1.5878870691777,-1.93605366275687,-1.48704020445141
72.6415094339623,-0.178269013391131,0.017716562767335,-1.54572956446973,-2.26922888148402
73.5849056603774,-3.57270994925849,-0.78447358745971,-2.88277582733433,-1.27589066512627
74.5283018867924,-5.89502921491039,-5.32684736327686,-3.13421486946472,-1.44340636196783
75.4716981132076,-10.9566422320895,-6.65698946433623,-2.26725949837589,-1.04176886352387
76.4150943396226,-11.8583835017813,-8.58980522768817,-2.56008429369606,-2.10103385606841
77.3584905660377,-12.6865708524394,-11.6218762942947,-1.72887375606597,-3.19827640913115
78.3018867924528,-16.081032051641,-14.6415790570716,-2.02473817007963,-3.21077653215984
79.2452830188679,-18.3038957630092,-16.2217091092914,-0.934140147478358,-2.25254019724551
80.188679245283,-22.1977177427791,-18.7323292917631,-1.27309393065701,-1.54402408078159
81.1320754716981,-24.7663852772826,-20.6398179110206,-1.08685256554391,-2.02593052416456
82.0754716981132,-27.4758551657886,-26.3769554534757,-1.78693342887043,-1.0774669261646
83.0188679245283,-31.8087054238394,-28.9441844703684,-1.64520856484218,-0.204903958871856
83.9622641509434,-32.6066404743946,-31.2753100292324,-2.06412310643342,-1.11324656238739
84.9056603773585,-36.6561677361817,-36.1772879277582,-0.881553890276266,-0.749587738450737
85.8490566037736,-39.8464343888129,-39.9731528801485,0.607246286213042,0.673908364511766
86.7924528301887,-41.7520439593784,-41.3160472946268,1.97303073812486,1.15361241849811
87.7358490566038,-45.5372232393017,-44.34213299947,1.3268801952204,1.37207521446842
88.6792452830189,-47.7416748964939,-48.1114798698068,1.94453692861862,1.45467717498537
89.622641509434,-51.3828378423448,-49.8012331808343,2.408664889747,2.16260349080972
90.5660377358491,-51.4988139583292,-50.5176735577345,2.59648733866118,2.44857391703493
91.5094339622642,-52.2311360737643,-53.4306672557979,2.1778215143864,2.92497652906271
92.4528301886792,-54.8031456782568,-55.1355303129663,2.48161479129564,3.41811656476355
93.3962264150943,-58.128906725091,-55.8148124110822,2.69067653816515,3.5716233804618
94.3396226415094,-59.4524675065524,-60.285210963625,3.70470364481283,3.31129924672145
95.2830188679245,-60.9302279439221,-60.9310597900471,4.85070296612588,5.17426162544713
96.2264150943396,-60.7160655081108,-64.0270626079931,5.88474338730533,5.16393093121323
97.1698113207547,-62.891622001367,-63.7206009567625,5.6179545784829,6.21623117802896
98.1132075471698,-62.1642044595129,-66.3708435376281,6.97284740794701,7.6110872398637
99.0566037735849,-64.7687907648791,-65.7027559634668,6.04971330840086,7.49759443427338
0,-49.7488980715556,-62.012441813527,5.75697782447075,7.06592468746799
0.970873786407767,-48.2630091071471,-60.5175161682266,6.8497979048228,7.25991295086138
1.94174757281553,-49.3136252570692,-58.3436966015995,8.26213467508137,7.33455163750125
2.9126213592233,-48.9683651617685,-56.3788376943565,9.62454528669817,9.0305343555104
3.88349514563107,-47.4150755502863,-54.0730979727415,10.8173840608018,11.6389571240036
4.85436893203883,-44.7369950094037,-51.7669820544373,16.0602515486471,18.250802697429
5.8252427184466,-44.7110499039211,-50.5237613124292,21.6219053421102,24.8491269148617
6.79611650485437,-41.9847733660036,-48.3057395015955,27.0719254012787,27.042410177225
7.76699029126214,-39.3791788361209,-47.4808937253209,32.1471521079531,29.0077801066905
8.7378640776699,-37.7826170305961,-45.2126167645829,36.0887596159183,30.3626142346926
9.70873786407767,-37.3245388219792,-41.3838069500621,38.2760997816812,30.3491111436261
10.6796116504854,-34.6792682349522,-40.3345298737005,39.9317832236795,31.8779882683736
11.6504854368932,-34.8167565240467,-40.2646544457888,43.3526558539839,32.7085712139569
12.621359223301,-29.7079894975458,-36.5135826462338,44.2462512324312,33.6999203003001
13.5922330097087,-26.3592129706664,-35.9954187942223,46.1186918985871,35.5897534454268
14.5631067961165,-22.9049275082547,-33.423282729175,45.9141841810221,36.0270153789854
15.5339805825243,-21.1012448995689,-29.9193031261699,46.8106346731791,37.5433907190245
16.504854368932,-19.761548808597,-27.8847270127719,46.9121506857766,37.8130397745414
17.4757281553398,-18.0671483906682,-26.001952759845,47.0581659805181,37.574669167454
18.4466019417476,-13.3563783217124,-21.9590434160795,45.8960545233104,37.7847220016806
19.4174757281553,-11.6074968082968,-19.7081428130886,44.9025065438867,37.331513347407
20.3883495145631,-7.49654348747105,-15.303712877972,43.0779064567347,36.7489831545014
21.3592233009709,-5.74817007293399,-12.701555201273,40.9642755121261,35.4760662164637
22.3300970873786,-2.88510669220542,-10.020911817116,38.0971675721623,32.7136073965475
23.3009708737864,-1.46292879071475,-8.14212712983707,34.6852560634982,31.3777919239489
24.2718446601942,4.50590231132985,-4.61228127056051,30.0434127213265,27.7453284866965
25.2427184466019,4.90591902874377,-1.1794607013461,25.7996008715941,23.8396688663277
26.2135922330097,8.50858828325055,0.745827410100579,21.7460486562969,21.3846420038855
27.1844660194175,10.7533591118475,5.55753159469353,17.7168938414833,18.8049744014776
28.1553398058252,11.4746028145942,7.69707879049889,14.7157664452848,17.8334756254752
29.126213592233,14.7692586065985,12.0927175557245,13.5634579775085,16.8280124154066
30.0970873786408,18.1854363546918,13.7171586731828,13.4398146510179,15.5470095131187
31.0679611650485,19.6326812781663,18.8315071057108,12.4543080191078,14.9405415346274
32.0388349514563,22.5249196649102,20.4401516294223,11.3042486221574,14.8829648600323
33.0097087378641,26.6821249205246,22.7550938257045,10.8633659637593,13.5132102354745
33.9805825242718,27.0877322274323,26.2755232972503,9.84049735350977,12.3239763525891
34.9514563106796,29.5951850623508,28.4804507762967,8.18888239742866,10.1117516274113
35.9223300970874,33.3621346047005,30.9303985501718,5.36931712342293,7.91694318001937
36.8932038834951,32.8074631381916,31.7282348700818,3.73651600269996,4.35270356965995
37.8640776699029,38.0936004888139,33.5326561557649,1.63058842034657,1.093282935731
38.8349514563107,41.8315721722839,32.8660561421513,0.00539353443357263,0.146456239563173
39.8058252427184,42.1328409557175,38.0688855911605,-1.48961255023401,0.385137228409554
40.7766990291262,43.7771531357588,38.1148350464338,-3.01787827240517,-1.9977000749438
41.747572815534,42.4686619684908,39.8723904821945,-2.15431476190451,-3.11153050495624
42.7184466019417,42.4841298372061,42.6154087511645,-2.72855888535759,-3.23708632805396
43.6893203883495,43.0013053250034,44.3684063123679,-3.42368433835749,-2.90211708101523
44.6601941747573,41.8442510724337,44.01661715521,-2.12580129034406,-3.65403852021121
45.6310679611651,43.1629584337697,44.5379114179876,-1.25902841593634,-1.39709609798737
46.6019417475728,42.8676079198435,45.1456350663662,-2.62836908899087,-1.9887111933983
47.5728155339806,42.7822488642368,44.6183104675984,-2.22400096634167,-2.21859945097003
48.5436893203884,41.3431920670926,44.9162401139689,-0.88269576261512,-1.55685876289135
49.5145631067961,43.0871359783165,44.7461353649021,-1.08596899791044,-1.15054759685972
50.4854368932039,43.2251439102998,44.2940428509719,-0.331649909804885,-1.63296537825028
51.4563106796117,42.7678236120741,44.5091666793636,-1.21250051318698,-1.39401414389462
52.4271844660194,39.2040320483638,44.1701925552256,-0.715586930276486,-1.63059917278323
53.3980582524272,39.8411207199534,42.972754224394,-0.694071449929404,-1.35701457447918
54.368932038835,35.6652359950744,42.8310252621345,-1.4110682039264,-0.890354993341038
55.3398058252427,33.5053864293885,40.0156301953906,-2.27696825881124,-1.77931547779323
56.3106796116505,33.8095091797674,38.7084178191114,-1.66759492429405,-0.832106495132804
57.2815533980583,35.5197401496049,35.1994694566808,-1.00247033466472,-1.1482366847622
58.252427184466,33.8103565696796,33.24578006558,-1.24001222800349,-1.64350805219807
59.2233009708738,30.7482140786089,30.6280591522959,-0.995640983280232,-1.81027133060588
60.1941747572816,29.733076709195,31.7934688551744,-1.17518675193872,-1.07368122300533
61.1650485436893,27.2890409179246,28.9157816286952,-1.78857893142003,-0.589961986402751
62.1359223300971,25.8709600718512,26.6535748457487,-0.936452987488705,-1.6203177900986
63.1067961165049,23.8749470221936,27.4810596408709,-2.07028095658917,-0.288046664703294
64.0776699029126,22.2845891363209,22.7297873310207,-0.716064163411235,-1.33106963221053
65.0485436893204,20.4472239213122,18.6321711705061,-1.29815815076225,-1.2274473673396
66.0194174757282,17.2142159757867,18.2799010984232,-0.638228086733472,-0.347913069751838
66.9902912621359,17.845229323071,15.1335514777208,-1.10088446100025,-0.793890366483625
67.9611650485437,13.8251139012344,11.018300202639,-1.27080349734188,-1.40642587006214
68.9320388349515,11.1592018963547,11.5155017186607,-0.758972878216157,-0.305752783368243
69.9029126213592,11.3043019700289,9.0163617336015,-0.370252110780723,-0.500004354249921
70.873786407767,6.30853696324006,5.69867481068711,-0.699083436856297,-1.31000836406488
71.8446601941748,6.22069551088573,4.99937793693779,-1.38393368959143,-0.225068223393063
72.8155339805825,2.57604376533346,2.68867258210318,-0.620530070525345,-0.774436676131364
73.7864077669903,2.26316469024711,-0.779453342762188,-0.906127276249116,-1.28040124176125
74.7572815533981,1.30051959430884,-1.70329256830128,-1.35320630617693,-0.755389730085731
75.7281553398058,-0.897833843626491,-4.83892782200447,-0.717383657585612,-0.488147906918512
76.6990291262136,-5.64126659120336,-6.62265523297151,-1.12412826393223,-1.21933691637402
77.6699029126214,-4.6462102201685,-8.56539553661638,-0.78161974743282,-0.97116289140497
78.6407766990291,-7.83521950482524,-9.59421168834769,-1.07205138748512,-1.0797221921076
79.6116504854369,-11.1173818182872,-12.9767516944273,-1.16487930475648,-0.985022723608645
80.5825242718447,-12.1385224897229,-14.2352399521288,-1.61582846782955,-1.18034451224923
81.5533980582524,-14.3048345806003,-16.9452134550699,-0.779090818693738,-0.802094954524719
82.5242718446602,-15.5882202674575,-19.8945615079694,-1.3125954545342,-0.931956627149234
83.495145631068,-18.4653201591825,-20.9778932530595,-1.09374342926819,-0.880649588316212
84.4660194174757,-19.8853960866879,-25.582219728183,-1.04781096817882,-1.2916202538671
85.4368932038835,-22.8054890342248,-25.6731657254961,-1.07473641845453,-1.47681139323327
86.4077669902913,-25.7114985322307,-29.1366777257966,-0.972742133739262,-0.801487893630684
87.378640776699,-26.3884036832883,-31.8812409683087,0.297634057735053,-0.548744379274766
88.3495145631068,-30.3125701660608,-34.0203175569027,0.0752989091750025,-0.157205142834637
89.3203883495146,-33.6942662398445,-37.8500010849288,0.909026721580597,0.320947092877781
90.2912621359223,-36.1031890104156,-40.8988228390721,1.22514041430201,0.153156853587972
91.2621359223301,-40.4158734123227,-47.884752343572,1.65959260708987,1.65323221204107
92.2330097087379,-44.05047190321,-51.5619694794044,1.60965601449654,4.0193976579005
93.2038834951456,-46.0944305094985,-54.7009303672708,2.28153588847595,3.59830088458273
94.1747572815534,-45.9192976899534,-55.7848113853381,2.90815431497241,3.10234675360849
95.1456310679612,-46.7496282240712,-56.4850633624004,2.66236940678048,2.90536775563703
96.1165048543689,-49.3901055783241,-58.8667623849211,4.94443399095408,5.33964368005491
97.0873786407767,-49.3271393816425,-60.5705024857027,6.00707878767,5.04417175696226
98.0582524271845,-50.9718096009853,-61.7139797306568,4.59081325231705,4.39055457237762
99.0291262135922,-50.8051393686011,-62.5801002594665,7.32628425289086,7.1126112136061
0,-63.2283940545571,-68.818497603686,4.16903286044404,2.5515901926238
0.952380952380952,-64.9606809799522,-67.6887362732321,4.09967647299104,3.21329978843804
1.9047619047619,-62.2290458270556,-66.583010028934,4.62808679489837,3.26060123503016
2.85714285714286,-61.3028201269733,-67.1677969872804,3.42287778682078,1.9960558293538
3.80952380952381,-60.2299714600327,-66.2592796977334,3.11088746180962,2.85217695167666
4.76190476190476,-60.2212161217322,-63.0007359876155,5.21741636413845,3.53690080369202
5.71428571428571,-57.0196508024797,-63.2390728531962,7.23734587662766,5.10117670142654
6.66666666666667,-54.7855321332606,-58.6544374248074,10.5722772178216,7.2065810106174
7.61904761904762,-53.3156938065201,-59.2098227944573,14.847463425681,9.70311971453421
8.57142857142857,-52.878533017487,-56.4268222175581,16.7081326797985,13.4926719478068
9.52380952380952,-51.3186098201227,-54.8816390745164,20.0806332290739,17.1427161479455
10.4761904761905,-49.2343958511079,-52.7770097622369,22.668249727754,20.1750082149345
11.4285714285714,-48.4503163652581,-49.6395786612684,24.8031534271334,22.1839122803644
12.3809523809524,-44.1831719689486,-48.3761635637522,27.0654084582042,25.7129336101893
13.3333333333333,-41.7131353754322,-47.7211518490989,30.0373715334517,28.0027403140211
14.2857142857143,-42.9429001667302,-43.951391435973,31.4438550073474,29.8656653755988
15.2380952380952,-40.144693393397,-44.2460887217978,33.6799317842931,33.2897600767175
16.1904761904762,-37.1393860020979,-39.3224331026946,37.3223713141031,36.2255064807736
17.1428571428571,-34.2840207805338,-37.9913703292885,39.5907980847768,38.4509976885308
18.0952380952381,-33.494787249513,-35.2525703792022,40.8130964369446,42.4406356635937
19.047619047619,-30.8885115802806,-30.8678147462141,43.0968067843943,44.6937908314116
20,-28.7137147822616,-30.0973172149384,46.6822203252606,46.925916911052
20.952380952381,-25.9604329966985,-26.7555438363019,47.2304481938977,47.1328633110772
21.9047619047619,-25.5568573409586,-24.7953423094354,48.4100802060575,48.6849118495531
22.8571428571429,-22.9969085163632,-20.8837666604892,49.5978041610568,48.7752587844707
23.8095238095238,-22.561127014975,-17.7923928491391,47.7573412034389,47.8946890103835
24.7619047619048,-16.3683826670602,-15.2937902518198,47.7996353316113,46.922717244902
25.7142857142857,-16.5234886005743,-14.0025884187779,46.6963777529856,45.6956364784885
26.6666666666667,-13.645475280717,-11.6796866435753,45.2776558457067,44.0343816744757
27.6190476190476,-11.8898300368418,-8.82857585823009,45.7532661242286,41.5963147740832
28.5714285714286,-7.98812336986351,-3.7057051403279,43.9852558650385,39.334851171038
29.5238095238095,-4.76672648586495,-2.02347970026935,41.8171123621883,34.474716847295
30.4761904761905,-2.1172038956301,1.45772951880086,39.7237087144456,30.604838750693
31.4285714285714,1.10129291867244,3.66200833770023,37.153002076845,25.619994723327
32.3809523809524,3.99239259501942,6.42759522977865,33.2201910716244,22.5967397190711
33.3333333333333,7.40374115023909,8.7868060988076,28.2423690743661,20.1157529632969
34.2857142857143,10.7650115983331,12.531743848526,25.0350612309348,18.6944269798265
35.2380952380952,14.5175504174883,15.9701277985018,21.4549090219792,18.0248573579305
36.1904761904762,16.5943962104177,19.0112481046082,20.0104708715815,16.8688285795162
37.1428571428571,20.8366980209404,21.7471578986898,17.9824590422181,14.1286507959647
38.0952380952381,23.2589904950748,24.3715021783863,17.3028987812377,13.0243274290741
39.047619047619,26.6304535807557,25.3566739115244,15.8309803630656,11.8428211824866
40,30.7887549404812,28.9880504937502,13.7443481543555,10.2374850494252
40.9523809523809,32.2164001580409,31.7352929248559,11.5514852845378,8.10529538684154
41.9047619047619,34.4563491681181,33.7235323261415,9.91581810956959,5.41675477631666
42.8571428571429,37.7307765994866,36.0334153367617,6.58689494514623,3.01819004004928
43.8095238095238,39.4306439936947,38.5913531407882,5.3411454778515,1.82285953280605
44.7619047619048,41.4919381444322,41.1301349225756,2.49596773008416,0.845591751963676
45.7142857142857,41.9854973967474,41.0539195657978,1.25386810717036,0.578146799716973
46.6666666666667,46.1307863305041,44.4842760292126,-0.822190417582992,0.102743150487701
47.6190476190476,46.1340666805277,44.6278228737304,-0.0201327910646359,-1.41075964527397
48.5714285714286,49.3208513974426,46.378045836425,-1.73809686775332,-2.24409609064298
49.5238095238095,47.7426822236885,44.3551844665722,-2.00036146402991,-3.14927539959919
50.4761904761905,46.5518070386591,46.9057693026668,-5.56204522767349,-2.73484654521071
51.4285714285714,47.0474305521321,48.3161251960789,-5.02317410727468,-4.19087037415779
52.3809523809524,47.8569252810008,47.0791334043943,-4.72866325317925,-6.17143432428547
53.3333333333333,47.23035299303,47.7188790992543,-4.28823718824457,-5.47491270805785
54.2857142857143,48.8446799198304,48.7655493118954,-3.76666463152515,-4.58858103809586
55.2380952380952,45.5201874885567,47.1349721147942,-3.84510094864266,-3.73158900157465
56.1904761904762,48.6630410748805,46.5423518916482,-4.3296097576329,-3.65812979847306
57.1428571428571,44.4179799961782,45.7119822587175,-4.73128474162998,-4.0928308668651
58.0952380952381,43.7990883354449,46.9647684242676,-4.12013512610049,-4.47616459401981
59.047619047619,41.5767212908654,45.8326716844493,-3.55527560181997,-3.79022013918866
60,41.8651063255142,42.24576363431,-4.68427129458168,-3.88878402370632
60.9523809523809,38.9671167395426,43.0990537424147,-3.9228457911094,-3.6774322694431
61.9047619047619,35.404535780629,40.4340119896724,-4.56867488737227,-4.71188524714418
62.8571428571429,35.5208741171556,39.941102705431,-3.63097455826662,-4.56260983053214
63.8095238095238,35.6703898309367,36.2476198660843,-3.97542309502002,-5.23337772195545
64.7619047619048,31.4164200595201,37.1723644562286,-3.92474052600778,-4.73791495964257
65.7142857142857,29.0278640582253,34.4558322020471,-4.08261599405256,-4.85426628582046
66.6666666666667,27.2292195083794,30.338687420072,-4.70969232768558,-4.26450747740752
67.6190476190476,24.2087251153821,28.4698634350714,-4.55736044442429,-4.37386124883021
68.5714285714286,21.6323904567261,25.6387398378306,-3.50711753253744,-4.61219919330816
69.5238095238095,18.6944169109842,22.8561834447626,-3.50760138866965,-4.33401316000908
70.4761904761905,14.9083935022844,19.1684108530251,-4.34909107586073,-3.99572701294539
71.4285714285714,13.5891574016824,15.4812992841854,-3.70566546524683,-3.97101925589149
72.3809523809524,10.0520180414705,14.5874727765463,-3.94385596505198,-4.34920982633894
73.3333333333333,6.88045684979673,10.1017924687192,-3.17123925621117,-4.32754730153234
74.2857142857143,2.20584286994815,5.69913654352344,-4.12180242503303,-3.13108626521543
75.2380952380952,-1.35554118781814,2.79029131653087,-3.67336078354698,-4.3672811676323
76.1904761904762,-4.31234392288488,0.658381060317206,-4.67703717849348,-2.99323795565569
77.1428571428571,-4.6248796819698,-3.02729227610518,-3.95555825748692,-3.70096557224331
78.0952380952381,-8.97459139248065,-8.4195369968639,-3.86093450180192,-3.20645273270351
79.047619047619,-13.4705894504007,-10.0231573363426,-3.36793393849951,-3.25035779510241
80,-17.9987499284595,-15.5503573559188,-4.03222468678396,-3.93836244820038
80.9523809523809,-18.9500873734694,-18.0160731328038,-2.70888168675123,-2.44124074531596
81.9047619047619,-22.0456499326483,-21.1508473187019,-2.11229072547234,-3.25193403376236
82.8571428571428,-28.0605352578188,-26.4897008579936,-2.33846624520205,-2.73254327896415
83.8095238095238,-30.8539999347572,-30.2167741887971,-1.9623108753882,-2.96833762419295
84.7619047619048,-33.2400056935507,-34.5600961596786,-2.13963784889575,-1.47126059027645
85.7142857142857,-36.302815070752,-37.8831011755141,-1.12220558491189,-1.71601632678403
86.6666666666667,-39.481661796142,-42.5013046233713,-1.09675902888224,-1.61666938045137
87.6190476190476,-44.2380813467449,-44.8154112626636,-0.85282060382583,-0.137712185903888
88.5714285714286,-46.0479163746667,-48.4459669165403,-1.16605803474847,-1.03973130574645
89.5238095238095,-46.8143482130457,-51.6659060751922,0.00368844985226124,1.41316956969723
90.4761904761905,-50.2793431258171,-55.5828730377683,1.10536456908787,1.72010815231407
91.4285714285714,-52.3624149005596,-57.8827392362809,1.43404309350048,1.74119993789353
92.3809523809524,-56.6120618901646,-60.4956769771639,1.00562041306876,1.99511792914843
93.3333333333333,-58.3648571464009,-62.5930433427246,1.21155515749558,2.21137097514521
94.2857142857143,-59.5770831456754,-63.5920235080284,2.54867881611865,2.12614336923566
95.2380952380952,-61.1037093849807,-67.3003054256685,2.40568291532407,2.17116563727353
96.1904761904762,-61.2303794067119,-67.88620698584,4.15022205464101,3.13466735264767
97.1428571428571,-64.162706250719,-67.5658948352017,3.43270933111119,2.58599661934243
98.0952380952381,-65.6582415931808,-69.169874133955,5.05330589913618,3.43862044645448
99.047619047619,-63.3437299478932,-70.2566893541576,6.1755168934026,4.4028590023565
0,-57.3263237475652,-58.8507008416121,5.48941776595706,7.02952647221262
0.961538461538462,-55.9033217037975,-57.7969144698903,6.49152979289136,6.7032312267686
1.92307692307692,-56.1595415806184,-56.9845769488451,7.85484347743009,7.20252332179268
2.88461538461538,-55.5929935352253,-57.1818532296741,7.74828996740788,6.72336726655722
3.84615384615385,-53.6080338097634,-54.1379868244123,8.16869018388902,6.75442958920241
4.80769230769231,-51.9252505190503,-51.4476125215942,9.51121043220094,9.48788204781788
5.76923076923077,-49.9735600617373,-48.4051530033795,13.7642687306586,11.9973810748602
6.73076923076923,-49.075297329459,-49.0800640196308,16.7478486553466,15.546294580715
7.69230769230769,-47.8863877750279,-50.4196704410535,19.8642889616592,19.5653473592839
8.65384615384615,-45.6470830243928,-47.6347149394549,20.5599314035944,22.7245001100281
9.61538461538461,-44.4574583253541,-44.663205830068,22.4162525055909,23.7599375557601
10.5769230769231,-41.9509088542324,-45.5236044502056,22.1140126811483,24.7744140037965
11.5384615384615,-39.2761354384011,-42.9982484645388,21.8231368832919,26.3962753996032
12.5,-37.5435365615067,-40.4540900109907,21.482136243312,25.7291171577607
13.4615384615385,-34.8074852883835,-37.4861066692584,22.3459117235397,26.0586711632831
14.4230769230769,-34.3967383374426,-35.0796070391741,23.0558634853049,27.8767239857148
15.3846153846154,-31.9912959253182,-35.2377728003039,24.2524027671052,29.2092976207222
16.3461538461538,-31.0300667109548,-31.7330223168962,24.7557869156088,30.1821333387718
17.3076923076923,-29.3218617482293,-29.7888994414776,26.2041622761845,30.7550058149209
18.2692307692308,-26.8812892510499,-26.7380782706082,27.7023494071417,31.9037229865461
19.2307692307692,-24.2717287022497,-25.7291049055067,28.6249739183838,34.1861473486828
20.1923076923077,-23.7034394595931,-23.2859580201912,29.1906868431906,34.1297492782341
21.1538461538462,-23.1705173010443,-17.4671495994515,30.1055334153665,36.1752230593945
22.1153846153846,-19.0725038201477,-17.171815080853,30.6524408006651,36.720421439911
23.0769230769231,-17.7584077767765,-15.621085641153,31.1565308950897,36.7227928850039
24.0384615384615,-15.8643994005336,-14.1024969376909,29.4359983290539,37.380887914734
25,-13.0017480036709,-9.82055236298782,28.4364932706308,38.0371201963086
25.9615384615385,-12.3423118695243,-8.37620834585982,28.6602996805129,37.051224025937
26.9230769230769,-8.87975869911518,-3.93478010330775,26.7983115226838,34.8386539157676
27.8846153846154,-7.02151337011704,-2.4624879592329,25.6286716004005,32.667956005337
28.8461538461538,-2.72143273356162,-0.00199310878095987,23.7617692778679,29.4763604841592
29.8076923076923,0.0358503216053645,3.00228565196302,21.8722002410793,25.9812897344084
30.7692307692308,3.3312854387912,4.28686325618693,21.2102536404408,23.7322015796176
31.7307692307692,3.67034003840034,7.34061737880165,19.4778385643918,20.6810762924536
32.6923076923077,5.7482082815612,11.0287792245287,17.1885376625276,19.2725074947853
33.6538461538462,7.97840146616882,11.4704825435677,14.689515157499,16.7208104233154
34.6153846153846,11.9229771108819,16.1700177231523,13.1281427773632,14.74512559833
35.5769230769231,16.8844205601548,17.5299623707543,12.2492901612025,12.9892622655311
36.5384615384615,14.722759615019,18.3264879862867,10.5307849279783,12.0957429669409
37.5,19.5949171222424,23.577349344657,10.8199532273463,9.00868186050251
38.4615384615385,23.2323446299485,25.2979023215294,9.11309912884636,8.65245976632668
39.4230769230769,22.3844293354839,26.4043863555629,7.80720552196999,6.92855526516045
40.3846153846154,26.8445751517221,30.1376192847532,6.89853628758576,5.58402300721445
41.3461538461538,31.587002421428,32.8775815820785,5.08165449483704,4.84667445113863
42.3076923076923,31.725229491984,34.0826938458455,3.8590447717218,3.53563976842931
43.2692307692308,32.9034258842407,38.0751752323973,2.0325270141673,1.74264745448041
44.2307692307692,37.6139012390611,37.9242537824595,0.65864985164524,0.373225611754749
45.1923076923077,37.3809898943672,38.5040125002543,0.482980603381346,-0.995968622454187
46.1538461538462,38.3631886819052,38.2778743835184,-0.665713613374004,-0.385250799246013
47.1153846153846,38.7969718571773,42.6478160752118,-0.883151793825678,-1.06502837703981
48.0769230769231,43.8593560355448,41.5946843894954,-3.11644232639371,-1.73149110163961
49.0384615384615,42.603068147075,44.0463918477979,-3.26191266099354,-2.59851887196796
50,42.6441687981489,46.8677940996197,-3.05219208038941,-2.21464576229955
50.9615384615385,45.0631632950297,48.5991156921595,-4.40928828500548,-3.48170332248788
51.9230769230769,43.0611485529778,47.7505946552778,-5.6467893829199,-3.15176909776075
52.8846153846154,43.8311731002395,48.7514462718594,-5.8376346045991,-6.7931850582074
53.8461538461538,42.4281720230535,49.4571259752314,-5.63895429286681,-7.11257193357016
54.8076923076923,38.8901031324049,47.8839933115964,-5.02757175179544,-7.33110304952508
55.7692307692308,40.061797071304,45.7540634697833,-4.22093253995891,-3.92180184059637
56.7307692307692,38.8772141019239,44.8814456422571,-3.05853745745342,-3.7345962149417
57.6923076923077,35.3364049097157,41.912922170825,-4.39906555646423,-4.20216407593352
58.6538461538462,33.5444134535523,40.2692935172316,-3.7945838825947,-5.79825702686402
59.6153846153846,30.696456731612,39.6799209985095,-3.89616030002396,-5.36499410444257
60.5769230769231,30.451178835625,38.5562469564933,-2.61594668098799,-3.70512352379982
61.5384615384615,26.2804160738649,35.8970613598917,-4.1311820163438,-4.13334620816303
62.5,24.228393670584,36.1992261633993,-3.9648984203152,-4.11984370875992
63.4615384615385,25.1931245396468,32.2681532358657,-3.60306560600558,-4.90708860488704
64.4230769230769,19.8420892431705,28.7049543401841,-2.60587226851568,-4.36091934700733
65.3846153846154,19.6374539500429,28.7431829538789,-4.07016123713621,-2.93301192256272
66.3461538461539,16.6133669431383,23.348835969608,-3.58423475201474,-2.69121258088281
67.3076923076923,14.5715821605901,22.2557839823431,-2.50320400422401,-2.89315586772362
68.2692307692308,10.7288107841774,17.6071943480449,-3.05129315724031,-3.09119998424573
69.2307692307692,9.3374641374007,16.5053251855397,-3.04994493947326,-1.8687812557276
70.1923076923077,7.04831311233908,15.3131439011145,-2.23592583457726,-2.45375845345375
71.1538461538462,4.25352630626825,14.0279270665153,-2.8144462820204,-2.65455456885597
72.1153846153846,4.41323471328125,9.58844652555351,-2.79659861240535,-3.51330675893323
73.0769230769231,0.0620369209144843,7.55674774947552,-3.18051725674686,-1.6571001795336
74.0384615384615,-0.240021391389438,1.92288887589,-3.16553754858114,-2.21500307564488
75,-5.09211758289971,0.64462651068299,-3.38763251756721,-2.40703305966955
75.9615384615385,-4.55673124979708,-1.27008656320149,-4.3605737989898,-2.33405896697167
76.9230769230769,-8.79396808420413,-3.810926174252,-4.17732082494591,-2.96861493233793
77.8846153846154,-11.9542611550241,-7.67393965750452,-4.11492810304223,-2.19821149164601
78.8461538461539,-14.0519131276706,-10.1359372144707,-2.90549677513594,-1.94202340481939
79.8076923076923,-18.6063943850511,-13.4065502085527,-2.92402412489904,-2.68543788716792
80.7692307692308,-20.0407221263987,-15.9868126715499,-3.05372638743316,-3.62911826108096
81.7307692307692,-21.0537933297615,-19.0354022833419,-2.97542358009793,-3.39508540642468
82.6923076923077,-26.0619132383365,-22.3556187796435,-2.77802050977151,-2.82473708552702
83.6538461538462,-26.2433457277479,-23.4630024852384,-2.8112734591294,-2.94324313591904
84.6153846153846,-30.3274758154211,-26.6617681769172,-2.29512785025708,-2.77497624573282
85.5769230769231,-33.6899430635005,-28.3648300911022,-1.91473393015231,-1.17216858813227
86.5384615384615,-34.9326444767762,-33.9346568004048,-1.42818153116653,-0.406749486576795
87.5,-37.240654956012,-37.0397054754069,-1.0684257636019,-0.752376566800363
88.4615384615385,-40.6386378861345,-37.7526973354367,-0.624645041680021,-0.319615798028505
89.4230769230769,-43.4716332955059,-42.7499446577304,0.417767092348615,0.645343290089082
90.3846153846154,-44.9575807750359,-46.3116166649773,1.02800395850967,1.31408822812906
91.3461538461539,-45.9630420833529,-49.2362575181918,1.73948381367389,1.42427672270337
92.3076923076923,-50.677626599029,-50.5914469729377,1.17595994521246,3.00728128713162
93.2692307692308,-50.2412639868069,-49.5070665759624,1.62431477733416,3.81014799231856
94.2307692307692,-52.2367618404094,-52.9526708389649,3.72793575227473,3.84559631408639
95.1923076923077,-54.5966548560269,-55.0200811960249,4.72971807799504,3.94488454908806
96.1538461538462,-56.4162623226491,-54.2663777168132,5.85894183490337,4.90080182965404
97.1153846153846,-58.2559549683352,-57.1026770803632,4.95350107550751,4.8938656139337
98.0769230769231,-57.5463268515417,-58.6719596479134,5.88157998049984,5.76828083132365
99.0384615384615,-59.352398513801,-57.6918723472566,6.86481703162925,7.03896228660623
0,-60.1368118626588,-60.4309331090843,6.18100530627707,5.42660936060932
0.961538461538462,-60.9453512057152,-59.9399785003703,4.64122644609417,5.21360509967759
1.92307692307692,-58.3186549053358,-58.0257930023742,5.65684127389445,5.63079721509129
2.88461538461538,-61.0222396815648,-59.8225657260852,5.42820955386839,6.89191914173586
3.84615384615385,-56.0662329015585,-58.0431307322734,5.3275510890172,5.47378555733515
4.80769230769231,-58.2608634848982,-53.9576980797054,5.52800933611463,7.19400826356209
5.76923076923077,-53.192262745637,-52.5033278849003,7.35348682559889,8.66932289773662
6.73076923076923,-53.8661356083577,-51.9921916195933,11.0811960135908,10.6685044413018
7.69230769230769,-50.4112805308275,-49.7566668870679,13.0712553107607,12.7837066906214
8.65384615384615,-49.067007134297,-47.8323823758633,15.3125629560529,13.3196957398721
9.61538461538461,-46.216671079409,-47.6216786027756,19.4074903547107,15.7646831851746
10.5769230769231,-46.3777637903169,-46.1234571999715,19.7846665808036,16.1872077084731
11.5384615384615,-43.0050244714904,-43.7149181075053,21.5812227271618,17.7109763359912
12.5,-42.5383707338235,-42.1631914112672,22.2864140196082,18.9293350143032
13.4615384615385,-40.2646579793516,-38.5551686949275,22.2713831405004,20.8433128808983
14.4230769230769,-38.005499056957,-36.175942640408,23.5436899292782,22.7464346104985
15.3846153846154,-37.047448906097,-35.0296312880455,24.6769858659631,25.2294340365352
16.3461538461538,-35.1219435493968,-34.2116958315614,24.7362690735242,25.9304452475448
17.3076923076923,-32.9723214642605,-33.107496621758,25.0180043607719,27.6717962923673
18.2692307692308,-29.0409479695085,-31.3592707654798,26.5149462774937,28.2045269099479
19.2307692307692,-28.4354741192586,-26.1348563277822,25.5907000883022,29.5665520216016
20.1923076923077,-24.0670294004784,-24.1713276425847,25.8376882311156,29.757110975883
21.1538461538462,-23.1408792306919,-25.0827816261165,25.7147605910508,30.428467580999
22.1153846153846,-20.8042295332541,-20.3132094545076,26.849529536938,30.4974892691422
23.0769230769231,-19.4806648434716,-19.2997888831318,27.5668688863415,29.7947942470958
24.0384615384615,-15.8679845960783,-17.0686035337024,27.6315774212959,29.2070354769273
25,-14.0882601455093,-15.6408051674141,27.2322329856687,27.7810931286713
25.9615384615385,-13.4980393189885,-11.8477161118059,27.0139381515933,28.0505684543151
26.9230769230769,-9.30794104804171,-8.49689850771567,27.6402257123726,26.1446883535462
27.8846153846154,-8.05934950855128,-5.44592162892869,27.048001900415,25.1198072927281
28.8461538461538,-4.82869586535293,-3.03553797447985,26.9878695788232,22.8124517271193
29.8076923076923,-1.72284154827781,-1.58839274536812,26.2337031577357,21.5851374869674
30.7692307692308,1.19567409654311,1.04292318822452,24.8666753345487,20.4348167966707
31.7307692307692,4.75981602012639,5.60277757085936,22.6407016030754,20.0953213020793
32.6923076923077,4.13793711344647,5.44213410183382,21.184624300939,18.2648736658391
33.6538461538462,9.66528033838814,10.6320417739819,19.433393718463,16.0370704703025
34.6153846153846,10.3437395816578,14.5729014176373,17.0146184019784,13.6916663452718
35.5769230769231,13.3705809490716,16.4172172066452,14.9092485207692,12.6324082354065
36.5384615384615,18.7934044237836,18.9982239478986,13.593969014112,11.3535384673317
37.5,21.088731851989,20.3811816600744,12.5223151652653,10.591821843257
38.4615384615385,23.64220035868,22.3510410762138,10.2946522596114,9.11974777726127
39.4230769230769,25.6950411649447,24.643548177161,9.48899640695475,7.83200979014243
40.3846153846154,30.2812393485596,27.108989574581,6.73300027162063,6.1434262870626
41.3461538461538,31.5616572944907,31.5745864708002,4.02816044081152,4.20881644826534
42.3076923076923,32.9166480317965,35.0093105066116,2.26516410751791,1.45342770781296
43.2692307692308,33.5908736150217,34.513775173537,1.77713209739329,1.17820643548799
44.2307692307692,38.6452686323886,36.2142155014051,0.895541120411766,0.496734092163084
45.1923076923077,40.4381496937986,40.7190787285735,1.11911394493501,-0.522553230359112
46.1538461538462,43.4602223923655,39.1261190580435,0.098296545566061,0.624006816707246
47.1153846153846,44.5662468427903,41.4059165823036,-0.226865200749739,0.205662311641025
48.0769230769231,45.1310132321037,43.6170289958266,-0.0715157621294438,-0.172505068731319
49.0384615384615,45.8193908653229,43.1978556103302,-0.667099953136086,-2.2369267795604
50,46.9495816993161,44.7788137412464,-2.49342467248819,-3.58678871932807
50.9615384615385,48.1666871133468,46.9371496328639,-2.42754102033348,-3.07471875813443
51.9230769230769,46.0219703256955,46.7055864176506,-2.58600981025695,-3.45434437837144
52.8846153846154,47.3337881369889,47.648426731412,-2.8958393998608,-4.24312916703743
53.8461538461538,46.510791811332,48.3765668420045,-3.2889948820102,-2.88778680781616
54.8076923076923,44.999288807436,48.1368811961651,-4.16477326910709,-2.60583237069991
55.7692307692308,45.8698670480485,48.0050142901294,-3.51570250162406,-2.71721698656789
56.7307692307692,46.928711844142,47.2388423065107,-2.48665428622283,-3.74319126497055
57.6923076923077,43.4697127134042,46.1626800411791,-3.478921029452,-3.98510122406593
58.6538461538462,43.7769609676532,45.529867689181,-2.91328911679747,-3.21188865140194
59.6153846153846,40.5247829436347,44.4946881329752,-3.18913591539897,-2.98633220992307
60.5769230769231,38.8697002395899,42.6276128621246,-3.14553368406809,-3.47340043113161
61.5384615384615,35.3625488083479,41.0596784040442,-2.09085447014759,-2.35415838941568
62.5,31.8057589335746,38.2641384052749,-2.3733281711617,-3.0314400325761
63.4615384615385,32.3090987803082,38.7689438722136,-2.66844282378874,-3.13819226811853
64.4230769230769,28.4570955651035,34.9965613249329,-2.39924941507058,-3.30980410681515
65.3846153846154,26.9708032356249,33.5321522415251,-2.18516202322507,-3.55471325341414
66.3461538461539,23.3585681527852,30.499827559243,-2.01308617948757,-3.53221225075007
67.3076923076923,18.4770476180288,27.3865435887306,-2.04243318002855,-3.95157136570661
68.2692307692308,17.4288341329234,23.3453389908124,-2.15057394049422,-3.56501329022682
69.2307692307692,14.2592696441632,22.1751708627905,-2.40514688266667,-3.2911625164399
70.1923076923077,14.8641809036844,19.9062647453713,-1.32617241089765,-2.00778870867432
71.1538461538462,8.27300246744851,15.7338989518838,-1.76307244769017,-1.6516987308024
72.1153846153846,5.02994654728947,11.5300346905037,-1.04775141691467,-2.51225937664437
73.0769230769231,3.86709851731816,8.45737318356626,-1.24677577445153,-2.48012225488358
74.0384615384615,-0.0572910079557396,8.24307941789351,-1.46595437700576,-1.40009296532286
75,-3.78689975908754,3.65862746763654,-1.00910754004154,-1.78561188936173
75.9615384615385,-6.46979422220752,0.62841873367374,-1.2340008739225,-0.696924046152605
76.9230769230769,-9.08967090630189,-2.92244912130441,-1.23269442099288,-1.18786898358685
77.8846153846154,-12.4623858535704,-6.06661034115878,-1.17318099703339,-1.56864041216339
78.8461538461539,-16.1240642776718,-10.5721766272572,-0.697246159028294,-1.6979823773497
79.8076923076923,-16.5194473060345,-12.6325881452298,-1.61217811719019,-1.29618803529779
80.7692307692308,-20.150426249771,-15.0817079331359,-0.80119337687994,-0.969860826251065
81.7307692307692,-22.7242229686769,-18.8327844096098,-1.32665639551015,-0.694683070222588
82.6923076923077,-25.8460912437282,-21.9208423144696,-1.87992471245492,-0.437579981562363
83.6538461538462,-29.3987950329541,-23.6218103043864,-0.410859130179922,-1.41321104426671
84.6153846153846,-28.2868800122487,-27.7155333094095,-0.629015550233358,-1.35166780777053
85.5769230769231,-32.502021650355,-28.8747481417124,-0.308146320460456,-1.09442482789315
86.5384615384615,-36.9701314710881,-33.9136790913415,-0.506902453151847,0.00956971697239545
87.5,-39.1393377525246,-37.5812666329842,-0.0648086651185273,0.770752142311554
88.4615384615385,-41.1460477786267,-38.9523844097606,-0.498133606691058,0.949300551523795
89.4230769230769,-42.9308664613515,-43.6898662143859,-0.248884251013406,0.487178186798546
90.3846153846154,-45.758285894574,-45.8359656935959,-0.49911537067721,1.73696330588506
91.3461538461539,-47.51264159145,-46.831384726627,0.523775375822981,1.96657590317783
92.3076923076923,-49.8617034671348,-48.0159453479975,0.296535710245247,1.61996242403381
93.2692307692308,-54.0682759183646,-52.0731832993387,1.79702696388429,1.92289079284094
94.2307692307692,-55.3878038155508,-53.7496545953288,2.68651127033137,2.79632944368259
95.1923076923077,-55.5776285306289,-54.1121008188825,2.36090690033836,2.34274084716826
96.1538461538462,-56.3698875846596,-58.8420031568478,3.64403595185419,3.56975310041939
97.1153846153846,-59.9913871340341,-58.6067186926247,5.47776630690406,3.73911608133567
98.0769230769231,-58.3523676972095,-60.1560057516565,3.2766648447941,4.15264683634997
99.0384615384615,-61.2529551426648,-56.7463613542384,4.59399557462408,5.0250577447564
0,-62.3203165772426,-74.3253508722624,7.43909003004431,5.20046357970855
0.943396226415094,-59.9353409181607,-72.4919162989782,7.37300906706936,5.09032760951439
1.88679245283019,-61.8682801910654,-73.5080638358698,6.1174765254906,4.3646855477446
2.83018867924528,-59.3533086412293,-74.6380558436816,6.01973216850899,5.17409959742186
3.77358490566038,-57.0238222780124,-71.7632052138205,8.4363661242814,5.84905505719291
4.71698113207547,-55.8742390976719,-70.7534551073286,10.9644848634478,6.04204634432464
5.66037735849057,-54.9070587281603,-69.2988451799928,14.6756868290017,8.57717994700066
6.60377358490566,-51.1418086539475,-66.1521195757743,19.2689081903669,11.02074025564
7.54716981132075,-52.8501221582587,-64.4515444914033,21.054326882662,13.714670016278
8.49056603773585,-49.0241363836858,-65.1357395729811,24.5293444087795,16.3971445461852
9.43396226415094,-48.6355625648793,-62.4204979220847,27.7672330191667,18.9789166705104
10.377358490566,-44.7790844807689,-60.853036106254,29.838335465138,21.1052197297622
11.3207547169811,-46.9408130259762,-59.1832537138762,31.5277728237312,23.4812315061601
12.2641509433962,-43.9480284862085,-57.9204241566565,34.4654573606474,24.8278140647707
13.2075471698113,-42.6073952132778,-54.6772412573451,34.8683296732383,27.1619807784164
14.1509433962264,-40.5881174449959,-54.6751775586039,37.7316227746519,28.5176056335183
15.0943396226415,-37.1337047240874,-51.2250727992587,39.1254123410793,30.5647774080697
16.0377358490566,-34.4953418704736,-48.4255356436891,41.7661928232235,32.9225799113512
16.9811320754717,-33.2160624976985,-47.1226562611287,42.7873821219943,35.8564235784272
17.9245283018868,-30.4761670459491,-47.3719460342737,43.4483242476193,37.6315798883726
18.8679245283019,-28.564530401602,-43.1110178729584,45.5902557266447,40.6961103200713
19.811320754717,-27.1488820886776,-40.6081923714054,44.5374280376448,41.9434448070106
20.7547169811321,-24.5817003442966,-40.112288161104,44.7847599715342,42.7097824371293
21.6981132075472,-22.1059751892307,-37.5623737995405,44.4706696316568,43.0371392848112
22.6415094339623,-19.9919085150895,-34.4717464495532,43.3591928385406,42.0970729455747
23.5849056603774,-18.4482486534755,-31.6187803306792,42.0425564648101,42.10356515635
24.5283018867925,-16.7331433772786,-28.8906940920686,40.1660257826858,42.1420753207644
25.4716981132075,-13.7611614114414,-26.8630578446651,37.614380601882,41.3196837302459
26.4150943396226,-12.1394860751478,-24.9250682934739,36.1602638381571,40.6206022465246
27.3584905660377,-9.93604641222569,-22.5265432288025,34.1784642607527,39.0489246462584
28.3018867924528,-6.59478454842269,-20.3724669533415,32.0620723721756,36.7970626137322
29.2452830188679,-2.93892533788517,-17.3310329403009,30.5923658564937,33.967079971242
30.188679245283,-1.14765616307936,-14.072972396327,27.8866416687634,32.2847343161685
31.1320754716981,0.828530238327619,-10.1625093577917,26.9471633053568,28.4589488062652
32.0754716981132,4.57364204099057,-7.5675624631224,25.534224301297,26.3868895803084
33.0188679245283,6.70418394783343,-5.83635297951876,23.3844038900597,25.3801627676192
33.9622641509434,9.09365827384676,-1.1137810787169,21.841384277319,23.4653925482748
34.9056603773585,12.5810802362832,-0.57062481700651,19.8558855854899,22.652595565733
35.8490566037736,13.4579461554146,4.10161791720127,17.5352338486601,22.1090280225949
36.7924528301887,17.0317820803877,4.54827243397608,16.448672687141,19.1462572754442
37.7358490566038,21.4875636926377,8.39066986797699,14.650643704236,17.2412405509839
38.6792452830189,24.6750323641817,11.4502988856148,13.3716430776301,15.2075362882073
39.622641509434,26.9093290853615,14.6745576827174,9.52303594179293,13.0752379454056
40.5660377358491,28.2469897665125,17.2691971346163,6.46583637138901,8.92697531835117
41.5094339622642,28.6451492706395,18.7174104477559,4.51746768685943,7.12890144346012
42.4528301886792,33.3743823773482,21.58138845525,3.11124807293004,4.53309783845779
43.3962264150943,31.8026971632699,22.7405964664559,1.35694773869186,1.94827595220342
44.3396226415094,36.1892445016861,26.5299991103323,-0.0308410318974466,0.891503203071947
45.2830188679245,37.6048455626747,27.2161201987938,0.467570503645016,-0.377040875033827
46.2264150943396,38.4571254598225,27.2003442267752,0.225047338290145,-0.677791679416609
47.1698113207547,41.7511005156758,27.0391568339044,-0.456694836374022,-0.442220490548989
48.1132075471698,38.7090914774826,28.0306278450215,-1.11253080366466,-1.23898428709137
49.0566037735849,40.6853112486151,30.0229051836779,-1.85024922810817,-1.0725723468849
50,41.3404117720898,32.8728994006865,-2.03134328166102,-2.80711804539535
50.9433962264151,40.7627035811822,34.2086065585015,-1.76320607554799,-3.17130119881331
51.8867924528302,43.6246041796651,35.2644677947782,-1.84130454420788,-3.00373130192211
52.8301886792453,43.3355772788404,34.5462156136403,-0.237265096726283,-2.95931558519296
53.7735849056604,43.3492133412076,35.0921748096508,-0.915442706116415,-2.30214677500101
54.7169811320755,42.6014036359712,36.0293436223068,-1.39722102018837,-0.567473949523257
55.6603773584906,43.69808183822,37.5785701807182,-2.54286417573517,-3.73261241617672
56.6037735849057,43.9560067953406,36.6294043896622,-3.09631412219804,-2.14895177616259
57.5471698113208,42.3920286708759,34.1899185784996,-2.94597722628209,-2.516592660351
58.4905660377359,40.2123842880047,33.9571971458693,-2.83458548616747,-2.66043582102535
59.4339622641509,40.8419133553795,32.1182335394332,-2.58345465541381,-2.18951826338409
60.377358490566,36.9211157006743,32.6958968910215,-1.67680205817327,-2.35826938309884
61.3207547169811,37.0531179057689,30.7748403149182,-2.29605311358991,-2.59829043579819
62.2641509433962,35.5326240911151,30.0529884781479,-1.89164921999279,-2.40362350529166
63.2075471698113,32.7150302669142,28.644100226499,-0.736323279000518,-1.7152607948307
64.1509433962264,31.2626546934428,25.6814538816473,-2.18893240645065,-2.99317596158255
65.0943396226415,29.0515298140081,24.3676788088851,-1.70030713596468,-2.76196116736063
66.0377358490566,26.0286804025577,20.4115611792662,-1.51565404326116,-2.67804435233551
66.9811320754717,24.6101733478846,20.9166234280192,-1.33939238191025,-2.3077670295513
67.9245283018868,20.9082544640722,18.8052628540125,-1.398613699852,-1.45035597876198
68.8679245283019,20.1243455725515,16.8171347141406,-1.76057249350754,-1.56733134877637
69.811320754717,17.5382709353909,13.7974362633821,-0.870962262008689,-2.14296906537789
70.7547169811321,13.8314352732828,10.5356523087507,-1.45314752009578,-2.53078470832056
71.6981132075472,10.9941081442059,5.80904887084689,-1.95617373605913,-1.29704508555159
72.6415094339623,7.96148909291522,4.38245028313158,-1.82313504445643,-0.996285280692226
73.5849056603774,6.24045243801196,-0.876911936067312,-0.8690148138304,-1.87756186995481
74.5283018867924,4.88328371871877,-5.27185971144343,-1.48939847672297,-1.63401064418113
75.4716981132076,0.132000407177581,-5.85893162066315,-0.635672071095644,-1.29583145914308
76.4150943396226,-1.59151310916281,-10.0126850470153,-0.306370247161995,-1.47592126655811
77.3584905660377,-6.06266210413019,-12.4104862018416,-1.01371507451402,-1.37747207742967
78.3018867924528,-9.37134037978653,-16.4453973262801,-1.52373315645011,-0.660450801980591
79.2452830188679,-12.8259955467112,-19.282969910555,-1.29360647857475,-0.728023552864353
80.188679245283,-12.2902551607867,-21.968446492789,-1.5158005946477,-1.60045332995271
81.1320754716981,-15.8904388134187,-22.5404456794241,-2.07147407906626,-1.45041691642636
82.0754716981132,-19.5946349766593,-27.9395985905027,-2.01167315853252,-1.46237796678015
83.0188679245283,-23.0538325266739,-28.8584393313274,-0.958709078704505,-1.70153971089583
83.9622641509434,-26.0714780796541,-31.9412385921796,-1.29561136643276,-1.77427406397628
84.9056603773585,-27.4554379249722,-35.1724288151006,-0.302405636196093,-0.400925094039925
85.8490566037736,-31.807319917328,-40.6048725599192,0.755186333691124,-0.577657134023455
86.7924528301887,-34.9119616269083,-40.7249727479325,0.265234851455536,-0.0456256714245788
87.7358490566038,-37.9786288141631,-45.7630975630984,-0.924980474409978,-0.0688923710180663
88.6792452830189,-41.9028129277979,-49.4110790639157,0.1536602325248,-0.0413875268974398
89.622641509434,-42.7287504224459,-52.0670341401318,0.662507473757614,-0.515217291078934
90.5660377358491,-45.2382888371145,-55.9952924269442,1.67730024366551,0.881841523524672
91.5094339622642,-48.9654851909429,-59.2547616225807,2.04478569933034,0.939232519517313
92.4528301886792,-51.4782157616196,-61.0881077371717,1.66740178078559,1.220474697645
93.3962264150943,-52.572782926881,-63.4365815278398,2.79200461400825,2.57824744912012
94.3396226415094,-56.7364849922082,-65.6184426480124,3.01634355104218,3.3411912754012
95.2830188679245,-58.2702479085679,-68.0027407190352,4.92493852686104,3.44659675744376
96.2264150943396,-59.5447964078992,-68.6886100529294,5.91558642722962,4.53140285481298
97.1698113207547,-61.5392979062764,-71.9461385604356,6.81700303576207,5.42036006145923
98.1132075471698,-62.8147576536553,-73.128484138576,6.98460840135987,6.2378167141496
99.0566037735849,-62.1267202568459,-72.283686372139,9.23617463014015,6.13110390434017
0,-62.072711102549,-68.9852121509971,4.07830891347784,3.50048911795322
0.970873786407767,-63.2676205017159,-70.1858630695133,3.89164755100039,3.12307274657511
1.94174757281553,-61.7189569587765,-66.7788294912156,3.36936387944174,2.8155667310154
2.9126213592233,-61.7612576542762,-67.7682428564375,3.52918755722284,2.02079201734563
3.88349514563107,-60.8164857741754,-66.585842787245,3.46894540916548,2.9137030975337
4.85436893203883,-61.4224469611285,-64.5068888827092,5.72527137815395,4.42401247673034
5.8252427184466,-58.3174608887338,-61.8048860888196,7.43466178189243,5.19358325742928
6.79611650485437,-55.8973416399698,-59.9175207427442,10.6892320932749,7.52597273772517
7.76699029126214,-53.1972411151906,-57.1580533339924,14.2254390711927,10.6260472547818
8.7378640776699,-51.6420253498979,-54.8433790468833,18.552335960362,14.5578977519172
9.70873786407767,-48.691420127629,-53.2315678520908,20.0135565109079,17.8017762764867
10.6796116504854,-48.3721079981983,-55.2476087108372,23.2208173432917,21.3601351051349
11.6504854368932,-47.7423202807311,-48.9681956304479,25.1103626331643,23.3504883036465
12.621359223301,-44.7310792422704,-48.2138332455915,27.020517295974,25.382334966788
13.5922330097087,-44.2102319712113,-48.7020130700121,29.1341737203501,29.2419348581443
14.5631067961165,-40.0556430714222,-42.880441042701,32.5304107233907,31.0659696977879
15.5339805825243,-39.5559793580721,-39.426867589687,34.3974906954404,33.0345150749252
16.504854368932,-37.6156305461856,-38.62899548296,37.2985479806306,36.8336242290877
17.4757281553398,-34.8100561597023,-34.3949457161213,39.2946968850618,40.2307621618146
18.4466019417476,-33.9159233767587,-34.851707577286,42.5742511739788,42.8121805933947
19.4174757281553,-29.9386694711835,-32.1546593175935,43.7330962181708,45.4581634982333
20.3883495145631,-27.8113148273555,-28.9324838020093,46.5533935363669,47.3802303807844
21.3592233009709,-24.9975729241887,-27.5988225621248,48.586484547402,47.9392313597408
22.3300970873786,-23.4148808973482,-24.6156232848459,47.9102583202682,48.7282983252001
23.3009708737864,-22.6219242283904,-21.671895761469,48.1395191329177,48.0005088926941
24.2718446601942,-20.2069414798941,-18.355004035379,46.4527338966517,46.7708083538076
25.2427184466019,-18.1262318015526,-15.9041392940032,46.01583678901,45.8199559034434
26.2135922330097,-15.6053458079744,-11.6541305489666,46.0197893456817,45.1921669401887
27.1844660194175,-11.79631878367,-9.55475721327723,44.9141424401504,41.7434957294764
28.1553398058252,-9.74148461050381,-6.87021732426858,44.0194580216883,39.1760634089563
29.126213592233,-5.42322382334966,-1.80854168993687,43.2427596787495,36.6167569887579
30.0970873786408,-1.98495963171167,-2.78647304898667,40.8229458152457,31.0633600179069
31.0679611650485,-2.84482301888122,3.48101534772323,38.23070250489,27.1477458800552
32.0388349514563,3.08576476060208,4.99013542263525,34.691717502348,23.0297133648067
33.0097087378641,6.88666021281981,7.21935038034496,30.2424426529947,20.7935552678707
33.9805825242718,9.30775407448616,12.6083919592078,25.8524889959172,19.7646763828405
34.9514563106796,13.8231566875418,13.3325426104475,23.3093532802634,18.537148021966
35.9223300970874,16.4058383005349,15.5172399470985,20.8662787258997,16.6138076031598
36.8932038834951,20.3541847953362,20.5465318726941,19.49100494967,15.2258186477907
37.8640776699029,23.2227709717161,24.5597678658059,17.0411747965121,14.1319234068383
38.8349514563107,24.4737962609086,25.9954080431655,16.061445010025,13.1317275339598
39.8058252427184,28.708488447768,31.3578443766701,13.9647597465671,10.6712296119215
40.7766990291262,31.8136858013883,31.9046279420346,10.9857357549306,8.84781750612974
41.747572815534,33.2200953116452,34.1595146214445,10.4138270117046,5.17264628594518
42.7184466019417,37.5684100308826,36.7028278770307,6.87575785846211,2.79300053271166
43.6893203883495,39.8506212578193,37.0949689654073,5.42796917720178,1.6276889235003
44.6601941747573,39.5466824075745,40.1599022288032,2.97074428881836,0.996087960710648
45.6310679611651,44.220927854642,40.4273306763035,1.85539796169707,0.9111200468947
46.6019417475728,45.9640043169263,45.8593248702593,-0.940510317847979,-0.419029365615397
47.5728155339806,46.1560245485283,46.7328662332088,-1.14061332501855,-0.449928731680199
48.5436893203884,47.7455212598047,45.356631530561,-2.39908267580535,-2.64987802655682
49.5145631067961,48.9062765131974,47.7435271018701,-2.95195681306999,-3.90023575988948
50.4854368932039,49.1751219810086,47.7643022629616,-4.48058484717206,-3.03794096503796
51.4563106796117,47.2149323474501,47.6069381162288,-5.3944493893331,-4.98418050809792
52.4271844660194,48.434374584896,45.8885311071678,-5.07543725994528,-5.61940195801753
53.3980582524272,47.2421629882569,49.7180855237112,-3.89808497510182,-6.04578867453393
54.368932038835,47.1908259768344,47.3111875365976,-4.09980352244875,-4.41208191316888
55.3398058252427,48.239152381935,47.9923742046699,-3.92943216971279,-4.23620502475047
56.3106796116505,47.2589212814711,47.1928704496187,-4.22253336212263,-2.44171240144293
57.2815533980583,46.4048975565318,47.7018104782373,-5.07380757633452,-3.65560984314504
58.252427184466,46.0229420996322,47.4065199284389,-4.27682796839641,-4.17182807401793
59.2233009708738,43.0837286174563,46.3647816873285,-4.21094383777616,-4.1521651576436
60.1941747572816,41.6504002443926,44.0107571366637,-4.58834780146708,-4.38311643575524
61.1650485436893,39.1297369819889,43.1812650177359,-3.82913158100686,-4.49062310724879
62.1359223300971,37.7087319951123,40.031750173992,-3.22912789003309,-4.69034716623911
63.1067961165049,36.0941879810771,41.8501804575498,-4.20112210703273,-4.91300486677103
64.0776699029126,32.5417033378291,38.865620931636,-3.68477165591829,-5.57242774294537
65.0485436893204,31.00039018435,35.5053332164137,-4.39472766419634,-4.80557487083458
66.0194174757282,28.2541335936251,33.0764629066106,-3.95541176661598,-5.20822797882633
66.9902912621359,24.6726867932284,29.8825615162653,-4.69393722069328,-5.06624348363122
67.9611650485437,22.2474130931317,26.6602160258743,-3.59890991666306,-4.09586009375884
68.9320388349515,19.1494811892196,25.0820145159333,-4.04240375203467,-4.25650202505251
69.9029126213592,18.7524443402902,21.4957661267771,-3.47083347665449,-4.87920312162687
70.873786407767,15.1986392375641,17.3715772632492,-4.62068307535203,-4.53632262458408
71.8446601941748,11.0919086348973,15.138253510162,-3.99581805330156,-4.37782055993893
72.8155339805825,7.3037575870748,12.8985625526388,-3.53053376396682,-4.69761149636013
73.7864077669903,5.17272344291052,8.84148257652334,-4.2774705406076,-4.28149197189535
74.7572815533981,0.784591041212004,4.7969402693708,-4.49834104331295,-4.67477214996928
75.7281553398058,-2.3034544594977,0.781067055414305,-3.39050933519393,-4.18925108809508
76.6990291262136,-5.16659941510318,-3.05792192374997,-3.8241504282179,-2.88388837470311
77.6699029126214,-8.21325125173318,-5.29879654397395,-3.19335559557381,-3.97292252012553
78.6407766990291,-12.7859108985449,-10.5151770654517,-3.23662632594463,-3.63706473683286
79.6116504854369,-12.6609347657222,-14.5526168159625,-3.88350576556053,-3.24334805331557
80.5825242718447,-18.8959832930617,-17.5330220750494,-3.57496703145156,-3.36788610554688
81.5533980582524,-20.9399602896753,-22.657147158195,-2.77667425460111,-2.82335307459131
82.5242718446602,-24.6691752109169,-23.9157956734619,-1.81077157875591,-2.37377186816773
83.495145631068,-27.0544096946173,-30.510389119655,-2.55716298767212,-2.90554721245108
84.4660194174757,-32.3652720029997,-32.1153311584358,-2.36117147841249,-2.46656976939567
85.4368932038835,-35.9196403574206,-37.0853711177785,-1.30453164788339,-1.97440343482904
86.4077669902913,-38.9584504005507,-40.7227569732389,-1.7990053313061,-1.57796994160704
87.378640776699,-41.6148823707502,-45.2480682560031,-0.697158715110981,-0.700931152687036
88.3495145631068,-45.5824687896279,-48.8086071756882,-0.522860071900289,0.624048579076795
89.3203883495146,-47.6260070663769,-53.223308221944,-0.0622691188414228,0.61184354483456
90.2912621359223,-49.8707889600565,-55.157496069342,0.874696195415977,1.00730351769313
91.2621359223301,-51.2621316803001,-59.7775723824178,1.66705755027585,1.29931980403087
92.2330097087379,-55.0167310400395,-59.1624155105496,0.84031256338216,1.78942023542678
93.2038834951456,-56.8930117206676,-62.6497475306886,0.983688682808056,2.69842337948589
94.1747572815534,-59.188234182031,-65.4643317337924,2.08346984005725,2.33909451405442
95.1456310679612,-61.2734434543531,-67.5115363467249,2.27263407139141,2.51134801570118
96.1165048543689,-61.8387100191991,-67.9659825218651,3.7932898487247,3.30316855648652
97.0873786407767,-62.4850761740118,-68.5843410128898,4.09786354820622,2.34329871129272
98.0582524271845,-64.1148819287492,-67.6877922854436,5.35176693622243,3.22011172932889
99.0291262135922,-63.1480408228311,-69.0293723260336,5.70589608314696,3.83427118069505
