"Normalised.Time","Stroke_GateAngle_1_sim_junior_01","Bow_GateAngle_1_sim_junior_01","Stroke_GateForceX_1_sim_junior_01","Bow_GateForceX_1_sim_junior_01"
0,-60.8282251275099,-63.5346831608906,3.18326964998203,10.1701085587274
0.99009900990099,-60.1361420168236,-62.6039168731235,4.91866698082418,10.6592710929383
1.98019801980198,-61.5482500688377,-61.6884024357491,7.05540235220068,10.5243857944938
2.97029702970297,-57.6007667503341,-61.6618993540955,6.43404977626009,12.5237948784162
3.96039603960396,-58.7076060288816,-60.3085900027065,5.44279110055149,15.2653589782181
4.95049504950495,-57.7133503311221,-57.2464450623769,7.71248579497319,17.2023703035747
5.94059405940594,-54.2157056204562,-54.5085123568717,10.1462903659068,20.0266509122901
6.93069306930693,-52.7053415427772,-53.4661313678525,13.3301738492771,21.7478543031413
7.92079207920792,-52.3443047044377,-52.7761845288451,15.9129756947132,23.0099820749668
8.91089108910891,-50.5922005890672,-51.1590575349178,18.1145620013465,24.7014100069046
9.9009900990099,-49.7224571101369,-48.8649539417121,20.4075399972513,26.5747253361554
10.8910891089109,-48.5434395839389,-48.8694581262033,22.7367032332221,28.9872172409563
11.8811881188119,-45.848419849263,-46.8703060159292,25.3410593230041,30.6384036496278
12.8712871287129,-43.658415781463,-44.1162961301914,27.5126433524722,31.2389996980068
13.8613861386139,-42.2081342022121,-44.4487865069452,29.8543264728633,31.726341939253
14.8514851485149,-40.8678214363532,-40.9354068324031,31.5365148661461,32.4140570348097
15.8415841584158,-40.9267115678941,-39.7418267783984,32.5892352912578,34.0309519660269
16.8316831683168,-39.9538291884703,-38.3844645879947,34.2212950851154,34.9564426838966
17.8217821782178,-36.4274429976179,-35.0930406637017,35.7567125329349,35.2309328763834
18.8118811881188,-34.9167084920171,-32.969753390126,36.2098616580959,35.588883181516
19.8019801980198,-31.7844809933212,-32.5779342758235,37.1704238802404,36.5497966678688
20.7920792079208,-30.9126314598767,-31.6299879828905,38.6296353472065,35.6648272186559
21.7821782178218,-29.5737904584107,-27.4272337850379,38.8099323747572,36.3298597470517
22.7722772277228,-27.4109959288872,-26.7918236621387,39.2540317264493,37.5651636689073
23.7623762376238,-23.6141982100959,-24.2379282379574,38.4525043807507,37.2182508232163
24.7524752475248,-23.4879548048762,-21.3366437551197,38.0935502809061,38.6980390975517
25.7425742574257,-21.036428346542,-18.4818508328359,38.4137734656912,38.2026620219069
26.7326732673267,-18.9923692348748,-16.3500398235173,37.6323905758178,38.3286729182733
27.7227722772277,-17.4258514750885,-15.3819271661487,37.0839976195472,36.7106571234426
28.7128712871287,-14.6499966028608,-11.7495151275122,35.5381954243459,36.6082297517732
29.7029702970297,-11.616758227573,-9.6304528077547,33.7479638487351,34.9859833931196
30.6930693069307,-9.70404515454486,-5.94776007600244,32.8106500659119,34.5417864156345
31.6831683168317,-8.55057642376068,-2.10657537517359,30.7564110188861,33.8790503902808
32.6732673267327,-4.46625771881519,0.721299828746172,31.1562961467542,32.9850062013184
33.6633663366337,-1.42095326980747,2.19986196089856,29.3219409201482,31.4374718976793
34.6534653465347,-0.549103905644181,4.31397090889329,27.604734006844,29.8380209554821
35.6435643564356,4.08441585917592,7.86630341423099,24.8377850862303,26.5636014673866
36.6336633663366,6.07353927463418,10.7274599624011,23.66640282648,23.81135665607
37.6237623762376,8.85978124509365,13.8537561782185,22.5162186780601,19.8949239394774
38.6138613861386,12.4703722856291,15.56335058402,20.8407834876861,16.4194504347333
39.6039603960396,12.6710553253717,19.0358687727535,19.6112722597395,15.0866911349006
40.5940594059406,15.4454300624183,20.3663519929267,17.6140537257191,12.5910316603197
41.5841584158416,20.1692762977232,21.9848408864169,16.0064254061667,11.2139019900379
42.5742574257426,22.7030244207569,25.6947627208326,15.0201012999158,11.614166691905
43.5643564356436,24.50470636941,27.9186303552308,14.1397353286123,9.76088990854127
44.5544554455446,26.2273512165711,30.0035211996775,12.6499227125666,9.2585182982768
45.5445544554455,29.0692790978379,32.749525344272,11.1706798755045,8.14886855845953
46.5346534653465,34.0527615853673,34.5104912971924,8.75618878095455,8.50810950539282
47.5247524752475,33.9651649545981,37.2398733035892,6.45790567801806,5.94886360319901
48.5148514851485,33.554946666793,38.3534201376124,3.77193032753101,4.63047445352534
49.5049504950495,38.5879492857139,38.6540765717475,2.20730427322468,2.70022037343541
50.4950495049505,38.9090735094236,41.3993308770287,1.97589652484677,1.78668136147582
51.4851485148515,39.7836571514531,41.6844118281445,1.08487467801539,0.0940278054557301
52.4752475247525,41.0352742438867,46.252894141814,1.80681858145874,-0.0885611040280502
53.4653465346535,40.0201251567715,44.8569169709831,2.63343911540682,0.214162953943372
54.4554455445545,39.9297559094314,47.9904337185798,3.23907979433503,0.601426519280791
55.4455445544554,42.3754546257747,45.8718644735973,2.22439835983742,-1.34916386176373
56.4356435643564,44.6433070803529,50.2441608305527,1.81210372100166,-3.13614247572579
57.4257425742574,42.9648111274579,49.8872281113741,-0.0859566699116978,-2.38530271713365
58.4158415841584,43.4769546202139,49.9439444807983,-2.57581694995424,-3.59090653376276
59.4059405940594,44.6971305184079,48.9005237552479,-2.07086668350434,-3.76229305130481
60.3960396039604,44.1283435739067,49.4117849107197,-4.52038103744832,-3.24880025033553
61.3861386138614,43.6524116199952,47.7357186205528,-4.20405217468181,-4.04371432101314
62.3762376237624,41.431142011291,47.0886693231134,-3.24243754728753,-5.57176345332846
63.3663366336634,40.4385460887512,45.1326351404673,-1.76813694725575,-5.59188397724831
64.3564356435644,38.2265245231117,43.4515321680152,-2.05646942915829,-5.32829969138278
65.3465346534653,37.4105260248388,41.8867202615714,-1.65631380197254,-5.07419141495474
66.3366336633663,32.6096990993219,39.185507155544,-1.28255847065245,-4.4247418067463
67.3267326732673,27.0979708838541,37.3773366389181,-0.0351629752492911,-5.35227736844782
68.3168316831683,26.5556821475394,31.9292472081818,-0.589197650295157,-4.60947532440012
69.3069306930693,22.4886881833371,28.1062190826727,-0.666217932052973,-4.25307946290381
70.2970297029703,19.4584704795861,26.4041127976515,-1.90029745804039,-4.48782778231937
71.2871287128713,18.8594021524491,26.1132566485568,-2.10855238570954,-4.06557137546014
72.2772277227723,14.6580850468762,20.0688224108916,-2.81904705910225,-3.5919229127324
73.2673267326733,11.6379162886934,15.9308419699329,-2.03539532922941,-3.8555809090633
74.2574257425743,10.0804969091796,12.5576877920396,-1.74150773404973,-2.50702347132058
75.2475247524752,5.62744893139927,8.11402225160005,-1.3829597632772,-2.61227639946701
76.2376237623762,2.45633822673124,4.99702461564562,-2.02914846817464,-1.64069909412252
77.2277227722772,-1.92540263135755,1.62925970359839,-1.80786617303336,-2.10214878237892
78.2178217821782,-4.32282371212907,1.13564684896085,-1.79874611719026,-1.75866392762305
79.2079207920792,-6.98661540592324,-4.73095450082844,-0.512611757877662,-1.89495929319713
80.1980198019802,-10.6739403033885,-10.7478464729655,-1.15163482718543,-1.33502316925508
81.1881188118812,-12.1015782586285,-14.1603699595368,-1.0833894644617,-1.44020927325417
82.1782178217822,-19.1182594113275,-19.3205706586302,-0.895311252193424,-0.669125851174853
83.1683168316832,-21.1339166615872,-20.7646399009538,-1.12450855709039,-0.285913527223801
84.1584158415842,-23.0069227086182,-25.693187081059,-0.792577790216162,-0.873902792374765
85.1485148514851,-27.8944438689674,-28.7922549277354,-0.576087074103779,-0.732497963427146
86.1386138613861,-31.9585319556361,-32.1748431749303,-0.533416654000051,0.911252781757622
87.1287128712871,-34.6712317831952,-36.0248202438378,-0.285484963895253,1.06734828045634
88.1188118811881,-38.3939827414136,-38.5989167468592,0.27743771691127,1.8808203039746
89.1089108910891,-40.6956338654953,-42.3879219344412,1.1938902476037,1.79612746294467
90.0990099009901,-44.1669630315626,-47.3603905356119,2.05127805307179,1.92725525447476
91.0891089108911,-47.7350188938137,-47.1004551083838,1.4842325400048,2.00471438361041
92.0792079207921,-50.7578866929406,-49.8758342804794,1.04766377918558,2.74800177197553
93.0693069306931,-52.1926779578878,-53.7895214182621,0.434968342521245,4.69449765011218
94.0594059405941,-54.00723836266,-54.5425261418805,-0.614038500506775,6.08969558031993
95.049504950495,-55.149917378809,-58.1521584005871,-1.0606983437165,6.48234218678916
96.039603960396,-57.1301475352194,-58.0968238220673,1.90346600823163,6.63455134075087
97.029702970297,-59.5606752904544,-61.7471841046904,2.90858095536858,5.55121963743368
98.019801980198,-57.01114991754,-61.5189495568221,4.23588344772936,8.13260665021158
99.009900990099,-61.8082185857346,-62.6847924744,6.8333852278141,9.17321453626027
0,-47.9650917538255,-51.2242392987844,6.42046215210901,6.61328158147766
1,-49.3375910459498,-53.8476912691731,6.67152993958362,6.76238892813458
2,-46.8685037744012,-53.6144979665586,5.42297748184881,5.27935845446945
3,-49.2737913709468,-52.7684158645821,6.08402362497901,5.57935109881233
4,-45.766450606367,-50.9397169857172,6.86433073627746,6.32662897711524
5,-45.0804689982373,-48.8312840273805,7.32524434397854,9.05876228568009
6,-41.4978061500971,-46.0351387272732,8.46065780617754,10.2451907556971
7,-41.711010911968,-45.0631944203919,11.2231460508594,13.0921465089019
8,-38.4791532660033,-43.2968278885304,12.8805912144348,15.419906858458
9,-36.0988937104458,-42.0431575648546,15.8774612841034,17.7738110636933
10,-34.068135850662,-40.4640686190678,17.5285639740917,18.5909081092894
11,-33.0513011964703,-37.5729095768856,19.1686973544816,20.6154660097442
12,-30.0709622367645,-36.5583457100529,21.0883572876723,23.2915555052311
13,-31.3860570232724,-37.0619689091585,23.490301696601,25.641601214136
14,-24.7724373348943,-31.3069483851017,26.2428022753875,29.3152541321339
15,-26.9560005239722,-31.0693953341947,27.68874151705,32.2348421664465
16,-23.1401325357659,-27.691599870279,29.1297002596529,33.4383902053063
17,-21.7822890707107,-29.3763787395306,31.0898806596947,35.9485222467372
18,-17.1256874199389,-25.2230017036263,32.0559765731204,36.726662041988
19,-17.4684549705681,-22.7848505373584,31.5183131374239,37.4849920884099
20,-14.2200666344557,-19.9765814333862,30.6381343504831,37.8228501854565
21,-13.7234678233313,-18.1484770123673,31.1724693660079,38.3385235823629
22,-11.7143197978062,-17.1644833155935,30.9625002970695,38.8019862125139
23,-8.16194824400146,-13.2756477410531,31.5586495725478,38.9761615626815
24,-5.99788444055512,-11.4117623670326,30.796410333318,38.8342267498694
25,-4.61371911941294,-10.6841115134345,31.9324102719588,38.328276038388
26,-0.800482203661032,-6.12927230275647,30.8726070794505,36.7855577338732
27,1.0667816807136,-6.09052898730424,31.0267158111713,34.8425235915236
28,3.02624971577398,-2.11303968308738,30.4010173413638,33.5538935300411
29,6.56002586620496,1.16285398048747,30.9752332206191,30.4727536989284
30,8.07180310800402,2.75549855049814,28.4714987291362,28.8129983165268
31,10.7723841317478,7.07793160863837,28.5267819156495,27.6951967506427
32,12.1059491907551,9.14143555738268,27.6810890470345,26.203677553592
33,14.8816216638132,9.75367413171996,26.2998296447371,24.0111243007468
34,19.8367982220016,13.0338658895949,25.3289548242355,22.2551574933782
35,20.808549622963,18.0733007630881,23.9872156287818,19.6799528559928
36,25.2247297891585,19.1241354387099,22.6338625094925,17.6505153220665
37,28.0852196897664,21.9822766072476,20.72888948095,16.8176403321069
38,30.824307316307,23.7678171920465,18.23560783289,14.7600709163415
39,32.9480494519848,26.1702751904621,15.1780552153809,13.345420262942
40,34.8045925852021,27.0960032323033,13.1353872291004,11.7340608560963
41,37.8779798976359,33.3895462979818,10.2006700563756,10.4426372376012
42,40.3016426638493,35.5278884307255,7.37980358234628,7.83118142010055
43,39.2527427213401,35.1220544370801,5.9652432334837,6.73814034343641
44,42.5006544353783,38.0150189884411,3.75207773032673,4.93342495310214
45,45.3671221428894,39.7429829228303,1.84588106742041,3.93914588073022
46,48.0353184161215,40.7637273847334,1.91756552389005,3.22269868858141
47,47.9797282543941,41.3944798443769,0.076881854465632,1.37761046732625
48,50.248055961356,45.7325505328737,-1.6802939039146,0.154314884796153
49,48.3643562569732,45.2897646822388,-3.51084686095632,-1.22817925969499
50,49.7161048138134,47.158404565085,-3.45345792382124,-2.99472603885102
51,48.0882809033939,47.2148489562117,-3.71934564909435,-2.54949005656081
52,48.6155926102217,47.4106256199662,-4.64980205937844,-3.69336701347035
53,48.0492031805108,44.6606578779141,-4.44878057334526,-4.99238805879445
54,45.2090891053418,43.5190786602394,-4.93449148091374,-5.64600523500442
55,43.6547708939649,41.8223496889463,-5.50368647118603,-4.7361287437585
56,39.7340001033441,42.6289935104238,-4.5025149159078,-5.20032532850006
57,38.8076461782287,41.315772709581,-3.04016010626064,-3.44305325124766
58,35.6183589744886,39.0523718196597,-2.07004495482523,-1.5954166019457
59,35.74212856864,37.539019284823,-2.46649841629926,-2.01832790550982
60,32.4822622140027,34.942703284598,-2.40163367728384,-2.21089288109722
61,28.7788900790344,33.2593415075604,-2.28991650884016,-2.69186109070028
62,24.5289487796599,30.3827768001464,-2.55128690183837,-1.97319167663502
63,23.6941641956505,28.7962594571219,-2.15196060204611,-2.24919542810266
64,20.8630562896572,26.8354992709655,-2.64798745997219,-2.4896733093058
65,19.02684703505,24.7469627800557,-1.94274857090747,-2.59595411066054
66,15.272303521359,19.2639150460793,-1.82663174721513,-1.92419568629303
67,12.8189586418479,17.0013781940212,-0.944620079708534,-2.07421549749939
68,10.473021254345,14.3386888449328,-1.37245888402108,-0.872725497534646
69,6.29780154173341,12.6211741767642,0.356125012734215,-1.55816891665883
70,6.42311200070244,10.2888757885012,0.114928769216386,-0.214765214657999
71,3.36419228879107,4.94380158420784,-0.251921552502726,-1.00997094459834
72,0.371252419863851,2.37540833172358,0.074586656337348,-0.853538025368717
73,-3.94262968975295,-0.50662204581576,0.11165800400567,0.181426595308213
74,-4.61205968704089,-4.31274294612775,0.520007516105797,0.489106075192328
75,-8.02931812067796,-5.8856926927494,0.0987053529587735,-0.147225690790238
76,-11.2240415932809,-8.89497918199164,0.262435329455564,0.0464718495965747
77,-11.7384748258997,-11.3845064799559,-0.27091000639014,0.315224529322277
78,-14.778783237891,-14.4732910007364,0.0333782479402459,0.8748893399588
79,-18.2045084084097,-15.5982257395868,-0.824831181202645,0.0833814179283388
80,-17.684415035951,-18.0919041672633,-0.192899132529863,0.325548809779713
81,-19.8171349589906,-21.6121575704438,-0.971166953947367,-0.38718978216341
82,-23.8306229688061,-22.550708050189,0.0864721780240136,-0.330632212340026
83,-24.5837904340048,-26.6136383445698,-0.334507354349357,0.228329310235357
84,-27.4671448157259,-28.9105487924299,0.546286854458864,0.79787565344071
85,-28.2348388341941,-32.6547583783809,0.310992378667613,-0.0136527462656103
86,-30.3651057721843,-34.2625474222094,0.567802630468653,0.994306662950675
87,-35.2521668837341,-37.9763247125605,0.72468108145966,1.88368690994039
88,-34.601122096871,-41.4872620451191,0.751661821513891,1.17011592301017
89,-37.7086660655834,-41.7206023306327,0.98926684079875,1.18935439978338
90,-39.7767019921773,-42.7769794414494,2.08232401192943,1.94252367153994
91,-43.4545173680344,-46.696937577322,2.84117039568311,3.55765275938101
92,-43.6799313903182,-48.3360686174285,2.7060681401063,2.95367739968175
93,-45.7159895930504,-49.3710310769651,3.56445056644414,3.07085004956839
94,-46.7876133739899,-50.9735330948653,4.26336279142081,4.85606586313763
95,-49.0073382812687,-53.3424747619387,4.93723992535783,6.54889575509047
96,-48.2134378945752,-53.1083168710845,4.91646988559453,5.7746168704231
97,-49.9090847310565,-53.1940322309205,6.27027185339895,7.29596410836278
98,-51.0297900910613,-51.662928195293,7.27516973513266,6.47984963561502
99,-50.9996677724956,-54.6908992285746,5.76211452240817,5.55113302561532
0,-53.4558159694551,-57.4507739029614,8.35733868670248,7.8529890042075
1.03092783505155,-52.4996198893745,-58.3086410689429,8.96803271894391,7.25572929604052
2.06185567010309,-52.4570743425774,-55.9284437391114,8.64101682866994,7.16235217251039
3.09278350515464,-51.6001432503614,-55.1768668764042,9.53193825934136,7.33366897473497
4.12371134020619,-52.121124894535,-53.4523584319252,10.2848708822691,9.50900751740867
5.15463917525773,-50.4671207792798,-51.9961211525535,14.9095031455344,12.0086946144478
6.18556701030928,-48.3828588952816,-48.9491581527247,19.9694108582531,14.717549562752
7.21649484536082,-47.4175583749222,-47.0343631524469,23.08466616958,17.83727854945
8.24742268041237,-45.3992841021081,-46.7896505620032,26.8027663786999,19.6207403381129
9.27835051546392,-42.4109536564485,-45.3267298351434,29.6619999050063,22.6391489497049
10.3092783505155,-41.656804518166,-40.3882267164026,31.9439971131734,25.2565364809446
11.340206185567,-40.2576817537299,-39.2598766211989,36.0103175614385,29.2116617200089
12.3711340206186,-37.9383312511865,-38.7263043160877,38.6667193729362,30.4064678185014
13.4020618556701,-35.8458142015631,-35.5063790122266,41.1943101791425,32.9525475811252
14.4329896907216,-35.0871002399126,-35.8731468545077,42.4611339485182,32.6225886987177
15.4639175257732,-31.8905545589823,-33.0822861846225,43.1379052743338,33.6780717188949
16.4948453608247,-29.7276550544259,-29.0525873351721,43.6630033092858,33.9276587284849
17.5257731958763,-26.7096073092576,-28.3048863315892,43.1706615003304,33.7968428952244
18.5567010309278,-24.4718881116318,-26.8753796946252,41.3012490560224,34.6422877905645
19.5876288659794,-23.8999566923477,-25.7414628945945,40.4299271337806,34.2280443378421
20.6185567010309,-20.2192596644207,-23.4136785603209,41.4017891821207,36.406945927122
21.6494845360825,-17.6011811522328,-20.8676944741469,42.6842177072325,37.3975562101723
22.680412371134,-13.8083905604788,-16.2561664280553,41.411271542561,38.2989971030001
23.7113402061856,-16.2601599144459,-14.6988896517226,41.5411758916904,38.5034029715103
24.7422680412371,-11.1001348333004,-13.9814700510505,39.9343376391993,38.0267545440964
25.7731958762887,-9.60691675805671,-11.4489312480595,37.4611797194017,37.1897486693507
26.8041237113402,-6.17566546269868,-6.40995653428503,34.5273112551961,35.6183966213112
27.8350515463917,-3.78331023384825,-5.03907641686792,31.5892679215968,31.6924906536955
28.8659793814433,-1.93309776167602,-1.57837581850697,26.6894409955138,28.6693136756768
29.8969072164948,-0.630258713239977,2.23280894942974,23.8236160273816,24.9066631919884
30.9278350515464,2.70860299305578,1.97028679866899,20.9788908179677,22.4085090298022
31.9587628865979,6.9239252507548,7.78497371838844,20.0957756487076,22.3122370632639
32.9896907216495,8.44486224197571,11.3686111623212,18.035569471685,19.5451381816763
34.020618556701,10.8423184398104,12.787629690992,17.1258101359897,18.3407985979724
35.0515463917526,14.0790462853546,16.9915769095642,15.7173027042436,14.8796056945056
36.0824742268041,14.1637322074832,19.0816866495856,15.259681291627,11.5983467050241
37.1134020618557,20.0210496429642,18.879195558843,14.0836798701701,11.0562307264289
38.1443298969072,22.3874323102805,22.1869699334909,13.8813825718267,10.5121400946151
39.1752577319588,23.7558136308011,25.3577522041564,13.5838780064425,10.044854406241
40.2061855670103,25.2265821406485,26.8119063446142,13.009041476493,8.8951887282578
41.2371134020619,28.999075249594,29.6644176721688,10.9843288214694,7.51432918918886
42.2680412371134,31.1324964016526,34.0613442229458,9.30389578713243,4.59946054260126
43.2989690721649,34.7042457761415,36.2287970220282,7.7949455721538,4.12713726300789
44.3298969072165,36.8960590199161,35.5504878601888,7.00431873504734,3.31062818923103
45.360824742268,37.0855605150649,36.4938540177194,6.0267550424311,1.81895098350762
46.3917525773196,39.6311085394685,37.3993936537574,4.22731840950836,1.97140833549454
47.4226804123711,38.9698715036846,39.3138383097366,2.80265950907082,1.20602771679523
48.4536082474227,42.5992497246951,37.317103562976,2.79824031838708,0.0628910172533065
49.4845360824742,45.3169520408282,41.6341075000096,1.37547408054512,0.543521972944264
50.5154639175258,47.8203583192927,42.8491437624564,0.294484753498811,-0.926658292630544
51.5463917525773,49.7919522182931,47.1314809345497,-0.38279974231361,-1.00511051782328
52.5773195876289,48.9778039906344,50.740941242963,-0.612816772534356,-1.17152298815851
53.6082474226804,49.7225809541434,49.7356440671294,-1.7760760129394,-1.81220652594355
54.6391752577319,48.4060199213501,48.3511033827536,-0.529511525836909,-2.24153800081885
55.6701030927835,48.3844866075938,49.2070306007415,-2.00805822067161,-2.63556606375033
56.701030927835,47.723598382591,50.2375126109974,-1.02212759482122,-0.769969796551094
57.7319587628866,46.4371087572161,50.9719027384767,-1.42526667939174,-1.16145812301868
58.7628865979381,45.7134376224191,47.6092638804769,-1.75068762268401,-2.20968183753871
59.7938144329897,43.2238495611723,48.0368925111271,-1.7755167357266,-2.04415060058313
60.8247422680412,40.7282208817927,46.564114130804,-1.99304869474587,-1.93634926083865
61.8556701030928,39.9966398168587,42.9127873680332,-1.56344420929121,-1.35200469421304
62.8865979381443,39.4286448631557,42.2063743299121,-1.89195662569151,-2.07091530580811
63.9175257731959,36.4854508788871,39.3480144834353,-2.48959409105247,-1.24737618245496
64.9484536082474,34.8181545028204,37.5638171062066,-2.13060825674932,-0.90727838136372
65.979381443299,33.3802490904374,35.4031912668798,-1.93212796395731,-1.97675290766356
67.0103092783505,31.2606071068621,29.4450667774466,-1.90404348905787,-1.65240386008328
68.041237113402,27.9032091437678,26.8841736247978,-1.94193792081765,-0.894110499143859
69.0721649484536,24.8047872026977,26.6093176432429,-2.54069307556526,-1.32811526778867
70.1030927835051,23.1010631637836,24.8456010410425,-2.18871625052966,-1.48211713722655
71.1340206185567,19.1224726231039,21.1494187507026,-1.1033587645708,-1.66564673814561
72.1649484536082,16.3977754966704,18.0865716779644,-0.330526231678124,-1.23045580246221
73.1958762886598,16.2357961927439,13.6865141585786,-1.53670067051925,-0.767577294795174
74.2268041237113,11.6407330350004,12.5499556189724,-1.44781209984668,-2.19714224783122
75.2577319587629,7.63790559550873,9.61610003440301,-1.44917088385155,-2.92443336741556
76.2886597938144,5.50376677733935,5.49891658944783,-1.43073154904654,-1.77498365167791
77.319587628866,2.83966864639794,1.246365496963,-0.823363213088409,-1.57395343691428
78.3505154639175,-0.417549696132277,0.504158953174174,-0.797821006487889,-0.243506531004523
79.3814432989691,-2.41901381796388,-3.78582618321722,-0.188387526442201,0.130808524682954
80.4123711340206,-6.79306637665157,-6.19289584726313,-1.19585171014669,0.0941364424032666
81.4432989690722,-9.80432041469576,-10.8211187511161,-0.230549337068652,0.954861866939672
82.4742268041237,-12.2216178306376,-12.8839973587002,0.190980194094931,-0.102915278047186
83.5051546391752,-15.5015698698117,-14.618365513457,-0.405841534926854,0.624777650059178
84.5360824742268,-18.4448444982558,-21.5551280934581,0.545204153163488,-0.0334419172064801
85.5670103092783,-21.0962984911914,-24.4512826590044,0.0557019917167836,-0.341679484544894
86.5979381443299,-25.8761847931034,-26.7474165491729,0.384140372681312,0.209889557051234
87.6288659793814,-27.6278385646526,-30.7276414289354,0.223100530995932,0.281528963840791
88.659793814433,-28.7129720742766,-32.7130925561376,0.423925452712163,1.55771128266841
89.6907216494845,-31.0036455824911,-35.8648220815127,1.34834895927387,1.56165933258816
90.7216494845361,-35.3402034879512,-40.0937032069756,1.54481274170005,2.59011219193786
91.7525773195876,-36.8282846237009,-44.1614611041402,1.74674616149959,1.65513261906761
92.7835051546392,-41.1494528206776,-46.6391433558697,3.4289831903106,2.49859379492967
93.8144329896907,-42.8347805481346,-45.8561519709532,3.89530561083828,3.41797462875139
94.8453608247423,-45.1225490933578,-48.7606761852542,4.77300872993163,4.65466546901459
95.8762886597938,-46.3646113913763,-52.4885149313676,5.27935731910911,6.05394773033454
96.9072164948454,-49.3457521343251,-54.1462093088727,6.91584869169207,6.55191055314442
97.9381443298969,-49.4745884827612,-54.2725198524152,7.81765878696727,7.42543000785173
98.9690721649484,-50.1779230993356,-56.2206671312364,7.83790246880716,8.71898285226343
0,-60.5637441704999,-60.588637113024,5.83035765670627,8.13212528636295
1,-58.5259330689641,-60.5440709235827,6.24379123639524,10.1516895206279
2,-58.9762852889282,-59.6015415717839,7.18382210389054,11.2934407520272
3,-56.39953552848,-59.5615513942226,7.34065492409656,12.2431268779805
4,-55.0061410325931,-57.434098890828,8.71596917852252,14.2011790641414
5,-54.0059177519651,-56.1428049995989,9.17521896048535,18.8137187405926
6,-50.4639881321491,-54.0740282668107,13.7458700154807,19.9883345188532
7,-52.2976073825568,-51.4663401555435,15.8225039879578,22.7312744115157
8,-49.16675291197,-50.9923212396293,18.7907377729193,25.3732379152316
9,-48.0846751433148,-50.2822849410281,20.709291647407,26.9615287601617
10,-46.9761931400269,-49.2777986546661,22.6849015843592,30.8053173553182
11,-45.8733436342275,-46.8184512544034,24.868521833964,33.1992069421663
12,-44.4497344326484,-44.2660044310821,27.048258409948,34.5095122740794
13,-45.238227547158,-43.6986860600612,27.966312952309,36.2568232011197
14,-40.1600222616194,-40.2148955402088,28.1121915169992,36.9838243334433
15,-40.2292375501924,-42.9239165380509,29.8916205766525,37.8804338137889
16,-38.5796185307296,-38.5772989274281,30.9063065918216,38.3709650049848
17,-38.0210065536436,-35.9497145524687,32.0335979775125,38.4274205575789
18,-33.7313835250283,-33.4410961870878,32.8533940116818,39.1376121961543
19,-34.3415098272357,-33.8978631765986,35.5642155474249,40.2252572580853
20,-31.2657368948894,-30.4372391697153,37.5732725702274,39.8116191125097
21,-28.0664722959719,-26.5362784901202,38.2037431890913,40.0349636013126
22,-25.6116619367429,-27.3603460251274,38.2137340921509,39.5534510869013
23,-25.2300023304278,-23.8855010258574,40.4700755410577,39.2659852769617
24,-22.3439414473954,-21.634032032999,39.8915112177641,38.5790372679895
25,-22.1702343185468,-18.0770672740922,40.5766359162149,38.9610587731118
26,-20.0650250983559,-16.9298974312581,40.3906873880385,37.4888185466444
27,-17.347746021932,-14.4344055284067,39.2115140218814,36.0222516209134
28,-16.4777984709401,-12.2008344974509,38.7583995344287,36.0075771163982
29,-12.6976946711227,-9.70288114172625,37.474447880363,34.1251006875763
30,-11.6848551910469,-6.4199639972507,37.1758421475869,33.7372779088548
31,-8.42785021255639,-3.88826441894647,36.6846975760764,33.655727679337
32,-5.9328059207165,0.261213298800335,35.5373069715045,34.0311853523815
33,-5.23551088099893,1.38025055947563,34.0135176735218,32.4878510735007
34,-0.142977611024875,4.25031651411212,32.0073977361708,30.6447279821089
35,3.02694627521434,7.6753656002553,29.3762506439204,27.287867044498
36,3.53763170886725,10.0185906501257,27.3712853529047,24.6810336803686
37,8.54295562562726,13.0118482417822,24.8959207582519,20.8411862203429
38,10.6621149004729,15.2096218497569,23.4985392824981,19.5221953522085
39,13.0594501518808,17.1800863518179,19.9326535213019,16.2409742494758
40,13.6022306847556,19.2720207183903,18.8086410221655,13.2728816666664
41,18.6219781831679,23.6278139307276,16.6305367933382,12.8017492225289
42,22.049331903831,26.0687514716386,13.8800913637346,11.019225825771
43,24.7704820016275,28.1903819120019,12.4952575770273,9.89941348893889
44,27.1364747848093,29.8064928626256,10.7909056306646,9.38365830432989
45,27.6569736519243,31.4029112423279,8.95123426757919,7.61069477400688
46,29.7877246526566,33.0861831264358,6.74981260194005,5.71147098390258
47,31.8456083747476,37.7254127879214,4.68730508741971,3.50726854264222
48,33.2177792462565,36.7569642005055,1.90680907176581,2.66696842217446
49,37.3982137188786,39.89304503993,1.98189974529546,1.18808176575361
50,37.8066921659662,39.7855771978097,0.660756613054419,0.0979757630819293
51,37.3979402894741,41.9505635918869,1.09118574198746,0.614277711813124
52,37.7680847800535,42.4288466428713,1.03548758011917,0.532478742806214
53,39.2351153655168,43.1029141521492,3.19748838542491,-0.0622965571280824
54,40.6849964859886,47.9368136455371,2.25554610388748,0.150175281597706
55,42.2727374436527,44.897541836435,3.10979854576923,-2.06113304892864
56,44.7696578855067,46.1975053413574,0.326225439758538,-1.61280841084414
57,44.1309638474694,49.7196673316977,0.609873413837963,-3.81859323202829
58,45.2987268107079,49.4606773256321,-0.414785341680211,-3.18188195636451
59,45.8684989081236,48.3144137439739,-1.8376852856623,-5.92285143666845
60,44.1570803893973,49.2751634531565,-3.46913502812584,-3.08494522131294
61,44.3016011245845,48.8145042748755,-4.06460258045795,-3.91391961730464
62,43.0435031128778,47.8674936933321,-3.52414135058998,-3.44134818744515
63,40.3081474764161,44.6723952240114,-2.85309458735454,-3.01271728035124
64,39.3318735072776,43.6590883621519,-2.68841199952361,-3.75470141850404
65,36.9875102304685,42.9964669279281,-1.94726050361438,-5.14770099527287
66,35.3513727787155,41.4381834249455,-2.61502373307863,-3.94733898335462
67,31.3222428571947,37.4064101611049,-3.13472842854512,-4.56222385054614
68,28.1049864886111,35.6573494808935,-2.82744469552868,-4.87400966938881
69,24.9433257119272,30.9749483635369,-1.86526509004768,-4.58317494627382
70,22.1367103485343,29.2580594355131,-2.8992232760831,-5.10687366007876
71,19.012687815127,23.5670189259857,-1.34138147361634,-4.99472178796743
72,14.8605241659516,24.9515760990127,-1.27368202510209,-4.18448675141342
73,12.6210603043825,20.6069066154163,-2.14893103225656,-3.64104213339145
74,10.5255581928114,16.0973536860889,-2.09810748709269,-4.02341803494164
75,4.05666708610781,11.7302574670984,-1.67084540545311,-4.03962148152117
76,1.91871477728671,8.88723145146363,-1.80381241054976,-2.88321822247735
77,-0.514026178804726,6.86249226166857,-2.60145870496228,-2.96525944936229
78,-5.95428522134523,0.767003034816009,-1.53860572456866,-3.40407720869677
79,-7.43170874531563,-1.64742247172924,-2.86380858543981,-1.97113343103811
80,-10.0315910847356,-6.61576366024343,-1.95358450135089,-1.80354049115088
81,-12.9623908639067,-11.1809863539897,-2.32134657622889,-2.27861143205209
82,-14.5445096346616,-13.5558444209965,-0.980289280749258,-0.220915561703738
83,-19.1965080384055,-18.2500177042371,-1.12569085302754,-0.68008773189342
84,-19.1612518192569,-20.8976238128336,-0.679051805183871,-0.515541366075769
85,-25.3990754070677,-26.4996802199886,-0.328388610480559,-0.175760874915934
86,-30.4564636611817,-30.2644916741307,0.13293202345541,-0.376144760755772
87,-31.9825991542056,-33.9697342135458,-0.390021227907628,0.842980576722922
88,-37.508304836738,-37.710045386705,-0.346762085466625,1.04535541403049
89,-40.0255697996383,-42.4353781321447,-0.139711704019309,1.75506268784216
90,-41.2101349879878,-44.0434455265641,0.588732636254611,2.53308024305633
91,-46.1662937254693,-48.0968337672757,0.537824750856944,3.11248902353947
92,-48.2867227038756,-50.5581834289092,-0.33932312421959,3.00020627884863
93,-49.0433337115069,-52.6654026373689,1.29070888503743,3.80017990266614
94,-52.1899553673127,-53.7706519763377,0.496236935253206,4.87277830215546
95,-54.0321505704225,-56.8869850242031,-1.53961175579258,5.20526971376541
96,-56.9445011735971,-58.4624453200826,-0.103128180027034,6.83953694891398
97,-55.5531477094913,-58.1986974154064,2.59139675641852,6.35878178904343
98,-58.87471742131,-60.7971292385154,2.69769258622707,6.33099668472236
99,-59.4074189678532,-59.6622235973078,4.81271483923955,8.33515109031137
0,-59.1125882730439,-59.4887242916125,7.72529811908173,9.04476275462949
1,-55.832866407116,-60.2411134835233,9.59254742073537,10.8726878141158
2,-56.5914714992512,-58.8207853644528,10.7128567799211,11.6011356113144
3,-55.1708464020736,-58.2049257464118,10.7581331587272,10.5650172885399
4,-54.6208140538192,-54.9750732905649,11.095944390508,12.7428913835747
5,-50.5563387495194,-53.9566152641892,14.2834773126504,15.969260940193
6,-50.7448385359347,-52.3768074192876,19.4941855002939,18.6936738865787
7,-47.0130394253675,-49.4519174498514,23.2647656324798,21.2853585763697
8,-47.2141767019759,-47.2220476692965,25.6187092013035,22.221012413927
9,-44.7887582358551,-48.5137507647345,27.5979707599134,22.0086689018443
10,-43.2147672231687,-46.2600087318294,29.0544446365499,23.8377099787047
11,-39.6621762466093,-43.9998821396183,30.7328489641535,26.0092467061339
12,-38.4400709563107,-41.2361395803711,32.232890283606,28.9116696512726
13,-36.0646880450391,-41.2640635565365,34.021335257876,31.0023398561292
14,-33.7055070005285,-39.8059440725971,36.0754069264502,32.9939333771806
15,-32.4304590826125,-35.8909669621266,37.2602492879072,35.691848745285
16,-27.6987587897241,-33.9622649508795,39.0594133159966,36.8503521027762
17,-26.9871070889529,-31.2729378212804,40.5725924950517,35.2235462197784
18,-24.5353743831209,-30.5897049261636,40.8747583826261,36.2555539598422
19,-20.5478932796888,-27.6509039984307,42.5221808404864,36.601503972747
20,-20.4711220189191,-27.3419426759472,41.6566272603943,37.5372431805806
21,-17.3680096382807,-23.0581193746502,40.2484030687601,37.5553172706036
22,-13.9947951529947,-19.7283826408953,40.8048576001454,37.8789846728471
23,-14.1188609243202,-18.5711505244379,39.7625090658695,38.5732976473266
24,-9.8762014991618,-14.7249460957941,39.6343577645753,39.4398641510272
25,-8.13472651055211,-13.1818315335294,40.0705241423319,38.9890126878903
26,-5.38592870249769,-10.048504263433,37.5126160271275,38.1731798552479
27,-1.541829160254,-6.32110111879869,36.0362222374626,38.1923967762997
28,-0.677496089901584,-2.8260377568739,33.3622765939108,35.9928579520337
29,3.61777804293265,-1.48235108522356,31.7036675350117,33.7414354616962
30,7.28696883656195,1.67677345035509,28.3919954263665,31.9382687984215
31,9.48991691351133,5.12027124178321,26.460922364854,29.5965956938154
32,11.0138393308479,8.63369315035339,23.9490971676709,27.7126138084089
33,15.7043556944857,11.9653727636782,20.871426014437,25.8761810831331
34,16.4483746357975,12.0497366098496,20.4000730431453,23.1404924916875
35,20.0016546392536,16.8740633001421,17.4174530925131,19.5801819628989
36,22.4726470004218,19.0913295035795,14.5905057554151,17.3028041202023
37,23.6362712615756,22.0602074732849,11.8536452719123,14.2921251015053
38,29.1316150152517,26.0133593458906,9.27993453268471,12.7975665287093
39,29.2298135780433,27.5896791457977,5.83482536853461,9.26446552708007
40,32.1245328900744,28.3414167699533,3.8664238877272,6.71457197596975
41,32.6146115213536,31.2879370396545,3.18793637886408,3.42599394953141
42,33.990464958204,31.9753152226376,1.7071247574932,1.44054790542458
43,33.5234894778488,33.4276406956185,0.899873481466829,0.851778554823136
44,36.0397406591487,36.2755070616034,-1.50338488861196,0.792959292865768
45,39.6912024173024,38.0030758205922,-2.16038465727185,0.392854169225892
46,40.1747305188649,40.1243266291211,-2.63851619199475,-0.477047363937575
47,40.9499621346247,41.8876383345626,-2.69233926698695,-2.55665099447257
48,40.8562107243973,41.7995356559186,-2.38923874264064,-1.39504553126299
49,41.4016718916843,41.2036072813728,-3.19748397550742,-1.33843355321439
50,40.7606458674863,42.8845675063872,-2.0838057986651,-1.15380793650105
51,41.0454689346116,42.23555639362,-1.79292377832695,-3.17499326976072
52,40.0882902983547,41.6308202765613,-0.30799710374329,-3.23756628272498
53,39.3002948549558,42.7337312336731,-1.52937259351058,-3.55495678790286
54,40.4984463548485,40.7686247550766,-1.14437890977013,-2.38797851513935
55,37.2175193503561,39.9407037890621,-0.646167674143026,-2.04685974991006
56,36.8324238136139,36.9681660765694,-0.890837764004418,-1.9013064973006
57,34.5583656934669,37.4075438614685,-1.91172360047455,-1.45131275494369
58,35.1051583512204,34.9454686166513,-0.60916692057178,-0.568498544206246
59,35.2576310251484,33.453348737652,-0.860637371099832,-1.5410976993974
60,30.7859802001627,31.2088883140808,-0.99772935629513,-2.92524290022894
61,26.429887652771,31.0915786679017,-1.147504497976,-2.01748667923855
62,25.5374163884774,25.8901212644727,-0.494234526450256,-2.12145039653075
63,21.5385753005776,25.6379767742365,-1.01308321889879,-2.1035567460797
64,22.7802640388853,24.7481475637708,-0.829463444239808,-2.27377612360374
65,19.6954861536452,23.4351452428755,-1.61413935089981,-2.0494293213654
66,15.1705063000105,20.2902107889309,-1.2738912287974,-1.85899586902723
67,14.1341246904602,16.1110746561538,-2.0753053630378,-1.01253134222872
68,10.6007912589232,12.2410380013979,-0.947378576175657,-2.16971732343343
69,8.20593256406593,12.0757098728458,-0.557020850372054,-2.34267611291048
70,4.02312326969325,9.86682490053013,-1.64915249044266,-1.70519558612157
71,2.59326762968133,6.46573184746025,-1.51564755510446,-1.68162513588311
72,-0.158759056575793,5.71930953375156,-0.476850424421493,-1.18133478854206
73,-0.164290792113173,3.65072978013666,-0.929731256563546,-1.87232459117559
74,-5.2811176654076,-0.376784793222468,-0.808611963698662,-1.19127929593893
75,-6.29265719874986,-1.74326935894406,-1.53253626518871,-1.00861796861767
76,-9.50595846738281,-5.16286091953086,-1.8662230945297,-0.210781207919483
77,-12.6008681326914,-9.70588490463953,-2.06902819822092,-0.943768801946851
78,-12.8247595098669,-8.76672948527946,-0.804164116404178,-1.36908941858395
79,-16.8061304712069,-12.5926363199894,-0.317480505574922,-1.15634149387721
80,-18.1450087527525,-14.8783322467762,-1.0034583360109,-2.3235463564455
81,-23.3130158805944,-19.7100930155531,-1.66400826095121,-1.63954536665155
82,-26.1687234888244,-20.5187045913633,-1.70194732555997,-1.24365216445122
83,-27.669867930566,-24.7945095103411,-2.43622574892309,-0.662380791975911
84,-31.9471932337145,-28.8926205317463,-1.556170031886,-1.21887075536155
85,-32.9338074208907,-32.9099448324404,-1.91751939590384,-0.243010323432521
86,-37.0684047671723,-34.1694525881209,0.0215409341945623,1.10228357037069
87,-37.8676716781855,-35.8391902546631,0.396912625867103,1.66005777265702
88,-40.3016483443059,-40.73012001963,2.03238729726581,1.68728353478512
89,-43.6111833126555,-42.4860961305089,2.73001832601047,3.61697952474005
90,-46.8600934301593,-45.3844098395451,3.49316560807225,2.21061397631551
91,-48.3610584604589,-48.1672642090561,3.5908748499943,4.01003456514647
92,-50.3594451288373,-52.0375734182612,3.45407672436039,3.75183922822816
93,-53.2314450985558,-53.1333500538759,3.39432286748285,4.48565860241352
94,-52.4590918093674,-53.4795770173202,4.73801240541563,5.26892918772491
95,-54.2484299755189,-54.192032232058,4.79618250821766,5.552012659319
96,-57.2657186834013,-56.4390211836798,6.20145818363863,6.15580438138018
97,-59.4055495549785,-59.107847312583,6.85718376683711,7.09985579645118
98,-57.6194663846015,-58.4376276505886,7.26848126348262,7.69535913025509
99,-59.4934119424208,-59.4258300565961,7.10156825727247,8.23898608871925
0,-55.8387261851755,-57.5959866790712,3.94064434384349,6.16430925311852
1.02040816326531,-53.7441152791604,-56.3148192906465,5.32529115969135,6.68900183891028
2.04081632653061,-56.0454645275191,-55.4558803165426,5.61927375217909,6.56277596648724
3.06122448979592,-57.1047515411935,-55.6678919808027,6.75465370602775,5.75008387314082
4.08163265306122,-54.0792809284705,-53.8201844022795,8.65229985182558,5.74001658201806
5.10204081632653,-53.142170488235,-53.1571120601911,7.03165315439418,8.24535326476991
6.12244897959184,-50.9568789486784,-50.5650620584111,10.1184860067958,11.2081563828816
7.14285714285714,-49.381700448157,-48.8007737214724,12.0244455554532,14.6917677067477
8.16326530612245,-46.3026684068596,-48.5508539352968,15.4168312772052,15.9064244100314
9.18367346938776,-46.9843823448803,-46.043194951539,18.8161766706549,18.5839907222797
10.2040816326531,-44.7114279162451,-42.8104623990483,22.4380633087006,19.0499825851831
11.2244897959184,-43.7067324863852,-43.137737444899,23.496227876892,20.5239016881052
12.2448979591837,-41.0759901683697,-38.5751980704637,24.9555712470132,21.5751220834665
13.265306122449,-39.1070781792606,-37.5108371769145,26.1117729455559,23.1746858370345
14.2857142857143,-37.7983253161551,-36.8616614292608,27.4557711613157,24.5991044506826
15.3061224489796,-36.5352689215582,-36.1250782617074,27.8907585979974,26.2129482582644
16.3265306122449,-33.8208517595532,-32.6830285720344,28.9326674499995,27.0539778784421
17.3469387755102,-30.2796144073137,-30.9014083447818,29.0246638755906,29.2435360899406
18.3673469387755,-30.9580023827251,-29.862710363898,29.6359368985302,29.1139887667458
19.3877551020408,-28.2861306711225,-28.5662876037514,28.5095111504867,30.0114729246296
20.4081632653061,-24.097517035509,-26.5361027616384,27.546206603856,30.002682561959
21.4285714285714,-23.1571251814306,-23.1037861574047,28.9907224371772,31.0584824740647
22.4489795918367,-20.8949953986281,-18.9357848333771,29.268843810481,32.3420959838017
23.469387755102,-17.2796475409703,-18.2126799730961,30.7993791722405,33.3968912568489
24.4897959183673,-16.8344088539853,-15.7728299043826,31.862215689632,33.4864253126235
25.5102040816327,-13.4365946932852,-12.8183802796965,32.2134796414599,33.5929453285059
26.530612244898,-11.6405320603666,-9.22093222740617,31.0993482545555,31.9248609172276
27.5510204081633,-9.39799879208773,-6.80782049443036,30.7416450330568,30.5594745297097
28.5714285714286,-8.22076401172565,-5.00470372403446,29.1920237226957,29.2457860051165
29.5918367346939,-2.55205686902859,-3.2742588508053,28.0418179735637,27.6875163494461
30.6122448979592,-1.92696325819934,-1.33218876493184,27.3736889111445,26.1834585350191
31.6326530612245,2.10133877014173,2.8399055669331,26.779424445399,23.692355325156
32.6530612244898,4.58356909663798,4.88399919333853,24.7893859944334,21.6005325280652
33.6734693877551,7.14577634807451,7.80127230092757,21.8867729629169,19.700316742108
34.6938775510204,9.88880430957073,10.9661415765724,18.975568552535,15.8576505031468
35.7142857142857,12.5940899761012,11.3603335430946,17.0181464540166,13.8139005328836
36.734693877551,16.2664900475781,17.3906143485481,15.4103944752989,11.7364029624014
37.7551020408163,19.0016006391082,19.105316860282,14.4416154721921,10.3311675322607
38.7755102040816,21.5380687423029,20.7344853196104,11.5131707756354,8.52182915703523
39.7959183673469,24.2085010244816,24.4914116164532,10.2364568831851,7.78709311592925
40.8163265306122,25.8798186616659,27.1685299889037,7.40416724830416,7.11551735337682
41.8367346938776,29.2142841901314,29.6916862259174,5.86393283810564,3.71544012970924
42.8571428571429,31.0976491180832,31.3261068437828,4.40758989647017,2.60727022359166
43.8775510204082,33.8824515511309,33.6476125247579,3.37372813965921,1.0560962123615
44.8979591836735,37.4544831628517,32.8026747983983,1.66266890323522,0.470247128700587
45.9183673469388,37.5817574669196,37.9888940999036,0.550919777870324,0.433117034165223
46.9387755102041,39.55058024176,36.2341876085911,1.27899525630627,1.07015460166584
47.9591836734694,40.0927663413281,40.3535532647398,0.827349040402746,-0.220905159384359
48.9795918367347,42.4072935254404,41.3743950173604,0.591063497272645,-0.00714628113275828
50,40.2808567257834,41.0098015564726,-1.14562216338301,-1.82994761774062
51.0204081632653,43.1362037992729,41.667723782735,-1.95069260226096,-1.95803127455914
52.0408163265306,43.1795771126735,44.1510873713199,-1.80095255123209,-2.51436643320947
53.0612244897959,43.3246593337703,45.0916241164659,-3.4048683772819,-3.48713169761649
54.0816326530612,41.4206320781445,41.9543528615549,-4.42539356733103,-5.40846768899407
55.1020408163265,41.3445188358669,47.1985398397554,-3.03061781390116,-5.19173650029571
56.1224489795918,43.8319852469442,43.7999912878204,-3.16785504542441,-3.29186691809924
57.1428571428571,42.0831380333029,44.5646770512943,-3.07789682899665,-2.67871653186605
58.1632653061224,39.1523081350143,42.8553282296735,-2.28715176697576,-3.06418411011384
59.1836734693878,37.2867373551812,41.9738450996956,-3.05756601022788,-2.45978526661574
60.2040816326531,36.9107081186818,39.4204813576805,-2.3539410190741,-1.89595633313953
61.2244897959184,35.7582712274059,38.091304776986,-1.82789956923023,-1.95646212850089
62.2448979591837,31.2184492089348,37.1057315286007,-2.34359852222213,-3.29031394217853
63.265306122449,30.3452828156779,34.561763211236,-2.01053918583781,-2.69736728239689
64.2857142857143,27.2197497483985,32.6719014804931,-0.954767548243236,-2.80377109956795
65.3061224489796,24.9337194845071,30.325522105988,-2.62420918621053,-2.41594792435552
66.3265306122449,20.6036030290814,27.9401435081049,-1.78427536254741,-2.99670273657582
67.3469387755102,18.9979654495162,25.5792521371393,-1.79888916165292,-2.2201406558393
68.3673469387755,16.397935826115,23.9791446318482,-1.59759183250764,-3.54800978635611
69.3877551020408,12.7555855764377,17.3690886767302,-1.13108013121626,-3.03103398773534
70.4081632653061,11.4050595639868,16.4427396643942,-0.899273322428425,-2.63851239126976
71.4285714285714,8.86040868391419,14.9772307654181,-1.16602387850038,-3.21699728850892
72.4489795918367,5.88012250467704,9.7633244303303,-1.74599822586141,-2.66662428663805
73.469387755102,2.40244471416707,9.19822935698305,-1.28612820924413,-2.82835144990715
74.4897959183673,0.752348597156739,3.95547021829029,-0.59489944511876,-1.75089179110125
75.5102040816327,-5.34034379433496,-0.501863648066993,-0.380279678532129,-1.35451745085367
76.530612244898,-6.84794170655825,-0.981774730604358,-0.543781119915225,-1.53399513825445
77.5510204081633,-9.92593191857404,-4.04023883981072,-1.4027022489471,-1.53811531028369
78.5714285714286,-12.7939771838832,-9.25836602782092,-0.347691772304032,-1.07132505409792
79.5918367346939,-15.5898644316833,-11.4962561298695,-0.741372261626727,-1.59019027049882
80.6122448979592,-18.267743752116,-13.3442496892606,-0.683393072042587,-0.668804774350347
81.6326530612245,-20.8091241370034,-17.3142333647743,-1.30429416090832,-0.995818721832971
82.6530612244898,-23.0398183610827,-21.1255718196903,0.0956454552355659,-0.417990199527761
83.6734693877551,-26.6366770837722,-22.5689381760041,-0.901081454337816,-1.47297424392804
84.6938775510204,-27.879627650315,-26.3183154230351,0.0343813355679428,-0.479864945601181
85.7142857142857,-32.1550594810751,-30.8574358872346,-0.346521648440251,-0.419208225854138
86.734693877551,-32.799086684454,-33.0630232204023,-0.261537246943688,1.00259329305846
87.7551020408163,-34.5142408271754,-34.8365117302819,-0.0902302770232334,0.613879626290426
88.7755102040816,-39.342188309713,-38.2522227347244,0.81116295018575,0.449129633867314
89.7959183673469,-42.4071823997772,-41.0016778535896,0.323767356097169,1.52054316257546
90.8163265306122,-44.6276075372575,-45.8354526548618,1.66357830632217,0.930880167731368
91.8367346938776,-47.45895031892,-45.5396855921407,1.55283730955903,1.18859866287261
92.8571428571429,-48.2331044478639,-49.1467801263417,1.91703760661786,1.1835882836627
93.8775510204082,-51.6767994050488,-49.7433834856273,2.9040744911603,2.37865720457552
94.8979591836735,-53.9891724757916,-55.0626104485023,2.36684719851229,2.97918788986254
95.9183673469388,-53.1278944590002,-53.2083209637227,2.90684248525678,3.64791380785062
96.9387755102041,-53.5645098892298,-56.5078556719979,4.47678637417203,5.53142022202505
97.9591836734694,-55.7431605083364,-56.4708261501149,5.63222728115351,5.33651527508361
98.9795918367347,-56.0124016276402,-55.6759039892974,6.00112650073405,4.83065423975849
0,-59.0964190667521,-61.6733495012768,7.01243649201171,6.32324002013222
1.02040816326531,-59.2985883842382,-59.0148789965651,5.55691885511177,5.71961440873789
2.04081632653061,-57.8039505279255,-58.2927010550405,5.41868291999324,6.21454139319172
3.06122448979592,-55.0170623488749,-58.7077986727297,6.45219839744551,7.97302576162218
4.08163265306122,-53.9317516255727,-56.4958082857238,8.71271002197987,8.22832615500624
5.10204081632653,-52.6876491703903,-56.840063998113,12.7376391693357,10.872584583526
6.12244897959184,-51.1476723159414,-53.3777685041514,18.2648001016432,14.561697189537
7.14285714285714,-49.6245766961075,-50.2033051916949,22.3586236072092,20.027504062844
8.16326530612245,-47.4898747915675,-48.6443314732372,27.084727932195,24.1282193230843
9.18367346938776,-44.3053011099242,-48.1820287462251,30.2018493113363,28.3325477197294
10.2040816326531,-43.6490291999359,-45.3397062925934,31.8886804411172,30.1980613326395
11.2244897959184,-44.1411991473959,-42.5314967022699,34.6719919016082,31.1026540094745
12.2448979591837,-41.7577780694366,-43.298780227678,36.4076646479537,34.2374456503253
13.265306122449,-38.1532273828843,-40.1034753398329,38.3955376900826,34.790966741098
14.2857142857143,-36.4413445268356,-40.6491831232133,39.6377223883352,36.809694852349
15.3061224489796,-33.6632879025521,-36.3654329625971,41.8558872564723,39.6636625929844
16.3265306122449,-32.4311770578963,-32.7427402163729,44.576305680774,42.4468744690027
17.3469387755102,-28.2110837816206,-29.5726315233501,46.1466193937738,43.0888664425582
18.3673469387755,-27.1728033457343,-28.3553559084315,48.0616642302628,45.5395706011834
19.3877551020408,-21.5014253057902,-26.3872276687155,48.0603976129165,47.1199477681007
20.4081632653061,-19.6895830570156,-22.8921013338868,48.0150876461079,49.3435958337299
21.4285714285714,-19.1971676491483,-20.6774726376318,46.7684268293234,49.3167536467705
22.4489795918367,-16.4597111001516,-16.2277243561817,45.6636267621496,50.5010015000589
23.469387755102,-13.1097831339881,-13.656672688276,42.819534254008,49.7466211941529
24.4897959183673,-12.8977576396764,-12.2289690375638,40.0934968270807,48.682518859548
25.5102040816327,-8.50918099016729,-7.9238306078762,38.1855835856755,46.1866018809262
26.530612244898,-7.52015544545253,-4.34110056232493,35.7793085339298,43.9307009225923
27.5510204081633,-4.83907785023192,-0.960444210883416,33.3010426463602,40.5029956676559
28.5714285714286,-0.307461749784187,1.45085662186587,30.0469484903486,36.925252588148
29.5918367346939,3.49687487729926,3.42808120054252,26.8444773336393,32.986863341023
30.6122448979592,4.13959013286588,6.13215998680914,24.4015420706725,28.5441596625975
31.6326530612245,9.62071535022207,10.030613881631,23.3477102992309,25.3539919556042
32.6530612244898,11.0562640154518,13.9951817648504,22.3663612408338,20.2174074741914
33.6734693877551,13.8156096651123,17.4727245239892,20.8234176945104,16.7278040733817
34.6938775510204,16.4415626744289,23.5054809883904,17.6468761251713,11.7995293423571
35.7142857142857,19.4538806072018,21.8499987553166,15.1206114115661,8.61776824693222
36.734693877551,22.773266496202,26.117021991769,11.3656418791304,4.74543299706724
37.7551020408163,24.2689968023054,27.9952428961977,7.4627339051787,2.75930221969443
38.7755102040816,27.9253248448509,31.3405011817817,3.82322053569479,1.82882528785677
39.7959183673469,29.2693989765743,31.9216388779439,1.9935287518986,1.43891047223107
40.8163265306122,32.2137017574667,37.9794225797081,1.25693267408958,0.934625141809214
41.8367346938776,34.4220995618885,39.5579984113928,1.40961709619028,1.18054078573617
42.8571428571429,34.6480813470513,39.8192213277404,-1.14968026982756,-0.783764957831607
43.8775510204082,40.0242128494938,41.8200143218141,-3.40372804726763,-2.65541946769878
44.8979591836735,42.7402028401997,44.1507671443203,-1.35344831362726,-2.02317430713735
45.9183673469388,42.4504234333909,45.1340432750295,-0.476917798536031,-0.871175968035923
46.9387755102041,45.0329493061713,45.7872376699145,-1.5418676895593,-2.09313267605777
47.9591836734694,42.3280475984771,46.3998812265892,-1.87047022164339,-0.527214542291908
48.9795918367347,45.9226517206403,42.881982765783,-1.66618906936985,-1.23883003452521
50,39.9113279356885,44.0503586447021,-1.55775192801017,-1.75643066887732
51.0204081632653,39.5472230306941,43.136400823364,-2.28939351527288,-0.390791679095589
52.0408163265306,36.2735354604889,43.3805381073476,-1.65204865342531,-0.9434030313566
53.0612244897959,37.330883448393,41.0775318075333,-1.54866803740026,0.479764194295687
54.0816326530612,33.9706134984647,39.8489355032133,0.380099738605567,0.468518000212105
55.1020408163265,33.7771087119972,39.2683417339201,-0.592931895865713,-0.482060681865502
56.1224489795918,30.1850305828407,36.5012897692615,-0.294015234115054,-0.640586882928763
57.1428571428571,29.7467913790957,35.8147138915568,-1.63942338328603,-0.751292546188828
58.1632653061224,27.8231380676771,34.8633524907455,-0.215903871445877,-0.00230439444069863
59.1836734693878,26.6863608920259,33.5794205422951,-1.10806829849291,-1.01354127353321
60.2040816326531,25.4514623984139,31.7553619144814,-0.35541975826644,-0.44130951680561
61.2244897959184,22.1360883723671,29.4793897658082,-0.342736816381265,-1.43545235390953
62.2448979591837,19.1122717295025,27.6187843305167,-0.136870599169819,-2.38611216271658
63.265306122449,18.2183121702508,28.1089648218048,-0.747534297221519,-1.75990402658052
64.2857142857143,14.4976711814483,23.6227407071154,-1.7937610421791,-1.97192210344458
65.3061224489796,14.5478837983676,23.6637001595445,-0.326850233249043,-1.18129262719995
66.3265306122449,11.6378065680089,20.6273744474389,-0.817854604883578,-1.71483716356783
67.3469387755102,9.40986990458362,17.5070991956211,-0.956251695318218,-0.988990364903478
68.3673469387755,6.56886111114298,16.0152396622697,-0.178117094476882,-1.76445138436981
69.3877551020408,7.35487909632104,12.285556234776,-1.13331220068375,-1.95895119124638
70.4081632653061,4.69829180240962,11.3776374052204,-1.79591996254248,-2.05117178410244
71.4285714285714,1.25654377492942,8.54691753561866,-0.832160843363478,-1.04540612882477
72.4489795918367,-0.604646561237878,4.47728786152271,-0.918026714293434,-1.1956155993741
73.469387755102,-2.60687475025042,3.89270148929601,-1.15072559120639,-0.447784154746682
74.4897959183673,-5.14955172697073,1.71596508226258,-1.88727768921906,-1.31510643352319
75.5102040816327,-6.23609712314201,-2.90816777243467,-1.88587221220804,-0.861468559925913
76.530612244898,-9.76059184701871,-5.92849756178319,-2.55529808033431,-0.373155056673622
77.5510204081633,-11.7865623297817,-9.72494804302252,-1.59424797101251,-1.37215353661843
78.5714285714286,-15.6160805218866,-10.4145719608215,-1.4878799914026,-0.810433865851993
79.5918367346939,-17.9088712459702,-14.0555055059263,-1.60778724448802,-0.700828635684184
80.6122448979592,-22.6350177567219,-16.8658794309617,-0.619803660549754,-0.00901066832113712
81.6326530612245,-25.7301494813614,-20.3398039062282,-1.35876285169019,0.932813670989717
82.6530612244898,-26.6863217349914,-23.7571362344496,-0.088197020986621,0.0442795573971008
83.6734693877551,-30.7033468260903,-27.1580476006675,-0.55303564618409,-0.230044057334378
84.6938775510204,-32.9203979497811,-29.5585659709727,-0.221014815071438,-0.151443116099269
85.7142857142857,-34.3577690811838,-32.5025781961283,0.469337638937106,0.915351585658233
86.734693877551,-39.1840748799042,-35.6390519123862,1.09587369276797,1.64878401562589
87.7551020408163,-42.9588868838703,-39.4935753091402,1.87912303283076,1.83296692164023
88.7755102040816,-43.8335987161453,-44.1580051168231,2.18963879106207,2.23688487435422
89.7959183673469,-48.7305600080785,-46.6226262908159,2.57012369217062,2.36503606289286
90.8163265306122,-49.7479784824749,-46.1598284675957,3.27861897125285,2.15331255173395
91.8367346938776,-51.6682580081145,-49.5856702321373,2.07676801056661,1.50072914314603
92.8571428571429,-53.596793454539,-52.5510864762595,4.71274739804831,2.47536546839011
93.8775510204082,-54.0894428937659,-53.9345592620941,3.96225600551513,2.85013297083477
94.8979591836735,-56.1202713267433,-55.4939994673895,4.64530552076537,5.0947603739285
95.9183673469388,-57.5765442781845,-57.2789254875758,3.76485017797021,6.40120960542092
96.9387755102041,-55.757151834362,-58.0699419096797,4.00461401181181,7.05511642576692
97.9591836734694,-56.8248717132154,-57.9453005778827,4.26476273912686,6.72372275447787
98.9795918367347,-57.7828651012999,-59.0882755311721,4.3809917464559,5.29379901089975
0,-61.4855550714145,-62.3389245564029,7.09497883954899,10.7102424771399
1.01010101010101,-60.9337410978657,-61.6855352107024,6.75596846542454,12.5897164408537
2.02020202020202,-62.2046913389696,-60.9915808600782,7.91797034729494,13.0573995558867
3.03030303030303,-59.1928278627854,-58.7470663727757,7.60512838128212,11.2314946733347
4.04040404040404,-56.2008308043157,-57.3426503836421,7.61954236523383,13.698217921537
5.05050505050505,-55.9461823112754,-55.8495022290465,10.4262418448486,18.4790294821968
6.06060606060606,-55.002077098884,-55.5714390525617,14.4635164761531,21.0420115646505
7.07070707070707,-53.0938045367369,-51.220609383104,17.7725636462479,23.8483053794262
8.08080808080808,-51.2686541245392,-51.9168195516076,21.3474935132385,27.0128041672244
9.09090909090909,-48.629114342801,-49.5974246521715,24.7741507793606,29.1861473066437
10.1010101010101,-48.818071942617,-49.1209038879938,28.2615576871747,32.6798770377201
11.1111111111111,-44.8206289554945,-45.1849153596695,29.9093104118851,33.8627463691505
12.1212121212121,-44.8616645289663,-45.2172460227221,31.3259685356253,35.2110239033081
13.1313131313131,-44.3701852093439,-43.1756914416295,34.08709765412,36.086474759367
14.1414141414141,-42.6311458828358,-43.0768984861889,34.0191224457013,36.7636144014198
15.1515151515152,-41.8349968197942,-40.6216007794984,34.8365122262292,37.8283689580783
16.1616161616162,-37.47815587403,-38.6984712483711,35.7483966813392,37.5623266399436
17.1717171717172,-37.6335582199565,-36.2762838013987,37.3092601784537,38.2424391198901
18.1818181818182,-34.322079234787,-35.6714069128131,38.0308888234945,38.2156531418576
19.1919191919192,-33.5985703976637,-30.3485516032536,39.3792568153061,38.5056777663345
20.2020202020202,-30.4422562141643,-31.1708004338775,40.6991927914534,39.2892750712703
21.2121212121212,-27.4640194399934,-27.6805046734917,42.6404068271407,38.9727555398754
22.2222222222222,-26.3594532076539,-26.9789645673299,44.1077243023028,39.8597151128116
23.2323232323232,-24.6526709175344,-23.332265041233,44.0995227730215,39.0024146739171
24.2424242424242,-21.1470888449714,-21.3474353887282,44.4269364408046,39.4845243372299
25.2525252525253,-19.4149105500934,-19.8755098143583,43.6038107777876,39.0324387947531
26.2626262626263,-17.36339770027,-15.9734282604827,43.4142718947845,38.3833914078662
27.2727272727273,-15.8301014714603,-13.0871553325828,42.2277608003738,39.2996231008717
28.2828282828283,-13.9722494893646,-11.2860585826649,39.8190444323987,37.0179730942909
29.2929292929293,-11.8364769512274,-8.68746210615669,38.5323685384634,36.564022625679
30.3030303030303,-11.21094924413,-5.74928370364905,36.1574976492804,36.4955798840434
31.3131313131313,-5.80093735989058,-4.88392827351318,33.5008592446348,34.4505208835925
32.3232323232323,-3.54301546159113,-1.95382602758389,33.240664092606,33.1031748989325
33.3333333333333,0.579596464861342,2.43198252458944,30.5787732780032,31.0527800868115
34.3434343434343,0.463428824531829,5.89159319703511,28.9959395372455,28.100766189888
35.3535353535354,4.97033881083539,8.90312586947698,25.8964991276845,26.1049912763099
36.3636363636364,6.5412004886567,10.6665720308215,24.4051823197838,23.6347779734473
37.3737373737374,10.9316665422368,15.3962897192478,22.6478635595499,20.660597839408
38.3838383838384,11.8954427421479,16.2252158680412,20.9885739592759,19.2329476790936
39.3939393939394,14.8231832969787,20.3158314843626,19.3729099308603,16.3814073091462
40.4040404040404,17.5868432791466,22.8935734753874,16.802809410081,13.6920428981249
41.4141414141414,19.9805525786187,24.8773981815845,15.1762648345397,12.4505464814789
42.4242424242424,23.5809686822824,27.6727235598773,13.8870541595574,11.6253925927723
43.4343434343434,28.0604301409861,27.6130547743929,12.1144502104715,10.4919173690815
44.4444444444444,28.9070556457126,31.1081734203132,10.0423890868957,8.65914048636267
45.4545454545455,30.3304785671824,34.4032698614158,8.28271592595262,7.39081874381872
46.4646464646465,33.1421691056203,34.8446310219516,5.98310073634993,5.06709982462411
47.4747474747475,34.1461293183403,34.855893961205,3.83522326138361,3.9971627149829
48.4848484848485,37.7183349949005,38.2663975209574,2.19862952373411,1.47668972862647
49.4949494949495,35.5363482714722,41.9944221623982,0.862171238929525,0.978768625010518
50.5050505050505,37.0518874038137,40.919106175451,1.58025288663803,1.1256840475611
51.5151515151515,37.3441950906123,44.7147443491762,2.46395810453131,1.16514863568724
52.5252525252525,39.9595691516156,46.6786046888088,3.194317486882,-0.0636461413802888
53.5353535353535,41.0006709576263,44.9384074783265,3.1187112530472,-0.524327165953072
54.5454545454545,42.4261142953384,47.6076333127778,2.61014198672505,-2.15083882639127
55.5555555555556,44.2230299700593,46.8751438927783,1.45445631063312,-3.24403393689094
56.5656565656566,45.827638303616,49.6494721785432,1.0958935351732,-3.94383387620678
57.5757575757576,44.0646074435049,49.3046484941752,-0.777689394799281,-3.9844731709464
58.5858585858586,44.7626442902671,47.5467483663864,-2.73563709867249,-3.5868487093636
59.5959595959596,45.4808437929392,50.1227230669228,-2.61041646970055,-3.45460407456396
60.6060606060606,44.9730340104411,49.7396337673119,-1.94531766521309,-5.5846246859282
61.6161616161616,45.1086215130218,47.1346452684889,-2.76138462619984,-5.48358413140086
62.6262626262626,41.8793117508255,45.6463937930511,-4.16991211609266,-4.33956596131996
63.6363636363636,38.1353524824071,44.561087548729,-3.0506865726743,-4.3401809134337
64.6464646464647,38.4961395939966,40.827971669728,-3.25823626273249,-5.56100659629317
65.6565656565657,34.4695343140043,38.8637879304769,-2.40084192441202,-4.42880763211731
66.6666666666667,31.3590804452535,38.6379906606123,-1.90404602853906,-5.59114111128975
67.6767676767677,27.8316128284233,34.7794562985821,-0.808277565677418,-6.16690982670558
68.6868686868687,24.8843202624636,31.9920650826235,-1.63137175071872,-5.60901546677254
69.6969696969697,21.7664736790161,28.8739571947553,-2.36320746260491,-5.98420648484408
70.7070707070707,18.7448871169625,24.5146056253252,-3.06638035402206,-4.63440875955775
71.7171717171717,15.3231521516321,20.3552639000582,-2.6941518615687,-3.93775036773227
72.7272727272727,15.5767678965984,16.2577799396371,-3.58808598402417,-4.06347374642764
73.7373737373737,7.41117662546263,12.8026445704389,-2.16945147209041,-4.3128027123577
74.7474747474748,7.08005117051297,10.6261473059897,-2.83598304101214,-3.75685380831444
75.7575757575758,0.394115545987185,5.76307910316611,-1.67378256479553,-3.97815518225362
76.7676767676768,1.95298117995232,3.19358665548068,-1.3481102133918,-2.97396498633206
77.7777777777778,-6.29775426022344,0.639222162952986,-1.80323471107697,-2.46155244537571
78.7878787878788,-6.71213501859076,-4.48232103091349,-2.78683552059538,-2.6933408409713
79.7979797979798,-12.1448848499101,-7.75313897461236,-2.41609367580477,-1.65226371290668
80.8080808080808,-11.8476395540649,-11.0783971422739,-2.81656089706596,-1.89972696131338
81.8181818181818,-16.0803958828086,-15.1283107790785,-1.68213095833275,-1.23237264074268
82.8282828282828,-17.936105309135,-20.0319111897859,-1.59679251790196,-0.825351843810502
83.8383838383838,-22.5442918006737,-22.3349325057365,-1.60217763721945,-0.531293765656662
84.8484848484849,-25.4776927631826,-24.8821011195008,-1.29738757033759,0.366463035175136
85.8585858585859,-31.5191682238239,-32.0824089115185,-0.457535527718486,0.465979001847486
86.8686868686869,-30.9569773218554,-32.5676969282072,-0.360020269260146,0.605642466511262
87.8787878787879,-34.9304116517674,-37.2364932721632,0.0369650745423334,0.894579462315322
88.8888888888889,-40.1524623449687,-40.9090394260092,-0.0700708125457132,1.34031876123576
89.8989898989899,-39.8606842729674,-44.839551075826,0.552485697648925,1.56804807666191
90.9090909090909,-45.7318300694346,-47.1318429021662,1.28989867794252,1.39179552386537
91.9191919191919,-50.7355340900475,-51.2168111134988,0.210657462220076,1.76932551431283
92.9292929292929,-54.6208388446575,-54.5641992523791,0.712736989928554,1.91682760464126
93.939393939394,-54.8866744882105,-57.1406230842901,0.0210203700514257,3.4928413779535
94.949494949495,-54.2733617915619,-59.7060640331401,-0.762331404246175,4.66413505218039
95.959595959596,-56.8253061482726,-59.989715596632,0.323089895744199,4.94201527855041
96.969696969697,-56.7818476226256,-58.0871228641109,1.6642041656665,4.983013588529
97.979797979798,-58.2470387036699,-60.2182406824999,2.26107665909556,5.64078768338743
98.989898989899,-59.7381196057959,-59.6457815841196,3.11984923051238,7.39355626739298
0,-48.6878271079028,-57.7033045513367,7.58525224235636,4.85785703115602
1.01010101010101,-49.3962902549546,-57.3866565614731,8.6626015010777,6.74241753726832
2.02020202020202,-46.4584202360582,-56.5375738306606,9.64099526795507,7.26140019450114
3.03030303030303,-47.4411887292007,-55.3882646427675,12.6329697803183,8.79508097305317
4.04040404040404,-47.6637335767755,-52.5419053596882,16.6131301056274,11.2209948157516
5.05050505050505,-43.6107336019867,-50.3814968393116,21.8585639949245,15.2414807165116
6.06060606060606,-41.5703367555605,-49.4055890186732,28.978365090641,21.0317483253142
7.07070707070707,-40.0973956271558,-46.9993308902092,33.2880203545302,25.6819792349686
8.08080808080808,-37.9579719673494,-46.8152146658757,38.1724048825123,29.7649809621427
9.09090909090909,-36.5674811727337,-42.5323040214629,40.9482009545466,32.5500190867108
10.1010101010101,-34.5182570778,-40.097604944857,42.1919252790803,34.2125518643856
11.1111111111111,-34.2612832826993,-40.5122426333689,43.8168899950975,36.3246945331333
12.1212121212121,-32.3481741922983,-39.5401015404713,45.3210773986453,37.0889552765316
13.1313131313131,-29.7259871130543,-35.8764480291938,46.6415318128657,38.4924583952841
14.1414141414141,-25.2490305984825,-34.2278563926896,47.6614839405586,40.4861873693749
15.1515151515152,-23.1813146451022,-29.5462381082267,48.3884821583506,41.4698708834267
16.1616161616162,-20.3737641429835,-27.3474419464145,48.3187215625954,42.3482703033053
17.1717171717172,-17.7942401965771,-26.0829160171103,48.2961652842348,42.0921073342024
18.1818181818182,-15.6874156148979,-20.6488037391815,47.1417860721611,41.9180501842771
19.1919191919192,-11.8567763756714,-22.1156236089223,46.2789282857047,42.4947725633783
20.2020202020202,-9.51810982583835,-17.1384888638486,45.2760123267128,42.8616494878632
21.2121212121212,-9.45305544768905,-14.3383720087218,42.4387857041098,43.1162557648482
22.2222222222222,-4.30964239423095,-9.67800976397319,38.4963194910118,41.6016830426628
23.2323232323232,-2.35439308661343,-7.66417319034887,35.1110262842646,40.0072644362616
24.2424242424242,0.991225338206537,-5.40946948440383,30.1398435452034,36.9379746132626
25.2525252525253,3.74886957472728,-4.19910438816896,25.8253742581981,32.1213510161263
26.2626262626263,3.24613578070286,3.04174094057459,21.7545902056677,27.721588209646
27.2727272727273,5.94768425919588,5.54866118591738,17.2849156172656,23.3227394338697
28.2828282828283,11.0862341487713,8.62272187080855,15.093734235778,19.2465729007434
29.2929292929293,14.1560714363041,10.4890678300375,12.1121467558925,16.5641632429929
30.3030303030303,15.8661367021237,13.3156116261587,12.8981976235022,15.4280348431013
31.3131313131313,17.3867812867652,16.5335200415705,12.5797922326232,13.8972411774746
32.3232323232323,20.8009879684839,21.3625018210669,12.1671976615455,14.3069274520163
33.3333333333333,23.8915007955197,22.3362439846034,10.7831350499788,12.6990103482519
34.3434343434343,26.6621117399409,25.0212320349259,9.67818026490083,11.0476389802115
35.3535353535354,29.7604127910786,27.1695337850191,7.10318861460725,7.98271669704733
36.3636363636364,29.9422417573055,30.8829781289183,4.81386312818523,4.69000974020852
37.3737373737374,32.4613286026799,30.6216481280642,2.0680680560022,2.13556107775371
38.3838383838384,33.8899954928161,31.8681352434733,1.46815901842617,0.331272071712401
39.3939393939394,33.2669387599892,32.7761079626694,0.847494625600891,0.193457118653266
40.4040404040404,37.5575495002768,35.0280464545779,-0.873951830845649,-1.6014587633898
41.4141414141414,40.1771381160287,35.2236233228867,-2.11323943245283,-2.29842976947136
42.4242424242424,41.8217315294476,37.7997036023279,-0.958083891850422,-2.5888765697795
43.4343434343434,43.7826172016289,39.286532952267,-1.98500233611726,-2.18617981388586
44.4444444444444,42.0059726366274,41.0211673934796,-1.45245133619753,-1.8389225546203
45.4545454545455,43.2566020976005,40.4455408476012,-2.11636820495306,-2.01100429731878
46.4646464646465,42.1619580659243,41.3902596293572,-3.59854154700074,-2.07557072200687
47.4747474747475,40.2805491016266,44.1127545360168,-1.99553869991645,-1.57756409366742
48.4848484848485,39.1307781535241,41.8451827839107,-0.376259765609677,-0.797138802075509
49.4949494949495,39.9588199006677,41.1345486745155,0.366264672431058,-1.12682345564972
50.5050505050505,39.1787944397643,40.9074899940764,-0.6349331563217,-0.331362360513658
51.5151515151515,37.7951100234327,42.8258710927628,-1.21292557107717,-0.171962190639142
52.5252525252525,39.6527096061544,39.9556329712281,-0.752196474001386,-0.347388853506562
53.5353535353535,37.7962142784742,42.0270865101109,-0.85423260739374,0.161095990351911
54.5454545454545,37.310043228321,39.4368112305598,-1.66565575993335,-0.651752414844317
55.5555555555556,34.8054730876571,38.3937608400256,-1.30656422606754,-0.454826745498283
56.5656565656566,32.3327585441065,35.2965191764574,-0.902720598416954,-0.913180739618103
57.5757575757576,32.453965146891,33.8779956560224,-1.15590054680199,-0.871849061553287
58.5858585858586,29.4262362832163,33.2853962676778,-1.50290480125994,-1.07532397128979
59.5959595959596,27.8647218549641,32.2640964317704,-0.91416888483199,-0.652811494003038
60.6060606060606,26.6575402720409,31.0780957001062,0.296760662726587,-0.799943278073306
61.6161616161616,22.8055036625255,26.8321175880727,-1.1624623623693,-0.484669304208757
62.6262626262626,22.0635306721464,25.8371191117292,-0.29775420549764,-0.721471783707412
63.6363636363636,17.5560424168111,21.7832259935873,-0.829548965091841,-2.00319119368253
64.6464646464647,16.7931518858611,20.0347782452356,-0.249703462139658,-1.23723126316825
65.6565656565657,16.1523907793983,17.5239676210005,-0.586042795730538,-0.360211983651434
66.6666666666667,12.8413660139816,14.6000599845389,-0.279263714652336,-0.689148484349307
67.6767676767677,10.6157004300634,14.3142765672244,0.0798859318706632,-1.03748557722082
68.6868686868687,8.31543727333032,10.9449832998907,-0.543563788439371,-0.887117323616032
69.6969696969697,6.84313325989635,8.93082059797547,-0.01463557451454,-0.527406009591985
70.7070707070707,6.11254315678939,7.92656772151653,0.582970418046571,-1.33449546950619
71.7171717171717,5.14303209737797,5.15461181201481,-0.441274580309565,-1.27577509804943
72.7272727272727,2.55741542541577,3.25636591367842,-1.32039498932514,-0.288143272090669
73.7373737373737,0.998888035510378,-0.423886918320934,-1.15616094903526,-0.540980680870441
74.7474747474748,-0.548273528839772,-2.37497764848354,-0.593152749794517,-0.707198556677356
75.7575757575758,-1.14124785838177,-3.51179634014677,-1.13585712654416,-0.546711375374061
76.7676767676768,-2.95674720174414,-7.67513966354036,-0.977302791505887,-0.0849502978208017
77.7777777777778,-7.06218685277743,-10.1744988403937,-0.308566418321036,0.00582937543292739
78.7878787878788,-8.73021940260506,-11.2863949076885,-1.29038847259331,-0.372575982620047
79.7979797979798,-10.5313966155301,-13.1290055128895,-0.689691498913559,-0.399454944722609
80.8080808080808,-8.86275845163412,-14.4484235164414,-0.317120939276629,-0.684184912316864
81.8181818181818,-10.7662158330611,-17.6152544020097,-1.11800674175626,-1.78405621902554
82.8282828282828,-14.1902805776093,-18.9563239998239,-1.0764417287412,-1.65960637271279
83.8383838383838,-17.5147384149677,-19.4142320270518,-0.974977521294397,-2.320676941693
84.8484848484849,-18.3648740882362,-23.1044543562079,-0.713180356754298,-0.518180756370356
85.8585858585859,-22.6696513218353,-26.5362141957664,-0.23384422408602,-0.269455781828224
86.8686868686869,-26.3173560866487,-27.2048181769504,0.699409322691225,-0.654611076402556
87.8787878787879,-28.6977576233631,-30.5098729700789,1.30973475794923,-1.05372386597626
88.8888888888889,-31.5502473601862,-34.5158544858981,1.72456620187036,0.438854750242955
89.8989898989899,-36.4686184362961,-39.7862063464087,1.39899835454865,1.078590908034
90.9090909090909,-37.0875485965409,-44.094219528527,1.51412999064377,2.22141877914246
91.9191919191919,-39.7629509755891,-48.8340011768682,2.9287070974944,4.00173669698963
92.9292929292929,-42.623422094937,-50.0376215858515,3.03980733234982,3.33597169282685
93.939393939394,-43.8489338548658,-52.3464875756724,3.44795916635772,2.13668685186112
94.949494949495,-43.1720168544254,-53.2999135238838,3.95939835851113,2.84409753124966
95.959595959596,-47.2377878769819,-54.1349165033873,5.75787573902728,5.4223594792245
96.969696969697,-46.8666888329443,-54.2146219631141,5.05967282388025,5.42966583316138
97.979797979798,-47.1107441384774,-55.4296083948656,5.73911043389856,6.32998640949271
98.989898989899,-47.3909696856211,-58.0011982839083,7.35153671150788,6.37770552544833
0,-50.1965619918058,-55.0107823244588,6.38779094441657,6.74085047316297
1.02040816326531,-48.9722605905543,-57.7826329085401,7.76114186512005,8.25177476108612
2.04081632653061,-49.2772739271083,-54.9376586566941,8.43775347920159,7.80517695795051
3.06122448979592,-49.4916042369731,-54.0059604989914,6.01165703008384,7.84510691697566
4.08163265306122,-47.4570455358669,-53.277498027567,7.85374911479052,9.41659506758187
5.10204081632653,-44.6684238925316,-50.5768951129454,7.16892283539821,11.0077796967277
6.12244897959184,-42.7097716306573,-49.8022692083,9.32514541765618,11.6174945873786
7.14285714285714,-41.2043173468043,-44.3525219715757,11.1505651097995,14.4653681585599
8.16326530612245,-41.5957672683489,-44.2770820021104,12.4313925604356,17.9119958532802
9.18367346938776,-37.9281382906548,-42.1475912327133,13.600306346078,19.2837940769144
10.2040816326531,-36.9059872102433,-42.3868232534772,15.6885527184419,22.2257361413922
11.2244897959184,-33.0570638778853,-40.3651051608896,17.8939077170828,25.3110727941036
12.2448979591837,-34.1935486065298,-37.1002064130548,19.1581251448291,27.055307504042
13.265306122449,-30.5233883946147,-35.1177809709773,21.8245703246715,30.7103644449814
14.2857142857143,-28.1261976941203,-36.1184890037485,24.0425720962285,32.8787176353237
15.3061224489796,-26.9729429528452,-33.4037451501034,26.2299998520902,36.0689223340844
16.3265306122449,-22.8459531462265,-30.5098006462658,28.8720640107576,38.732644946012
17.3469387755102,-23.3127126991434,-27.7020865955492,29.8689808507858,40.712818873821
18.3673469387755,-20.6014577690541,-24.1981291630409,30.9556716965407,43.5565116244841
19.3877551020408,-19.2844505589322,-22.4416497682162,31.7935807198734,43.8679794850182
20.4081632653061,-14.1535331005934,-19.5309863080981,32.5411234526104,45.0617998084417
21.4285714285714,-12.615907056,-16.0741681735275,32.2686158395805,45.0720472992369
22.4489795918367,-10.6499152800009,-14.308944471003,33.8421382709914,45.0716093482224
23.469387755102,-7.53779636291867,-12.5638589824349,34.1568073983058,45.8101697022381
24.4897959183673,-6.97399755872286,-12.2545656329246,34.3103992515485,45.5076551755515
25.5102040816327,-3.60505064897726,-6.8075160494226,34.4900186929281,42.7737872916726
26.530612244898,-2.27735771591703,-4.3888514004212,34.0725847669027,42.3419743390101
27.5510204081633,0.76165007893212,-1.18463069297424,33.9834928390823,39.5545736275235
28.5714285714286,3.73757788648242,-0.371097591142573,33.3189409525152,36.8593959874308
29.5918367346939,4.74001052652001,4.4373867882349,32.1600623836589,34.9898548050542
30.6122448979592,8.02192733333665,5.65581170620941,31.7834675685096,30.8703894367653
31.6326530612245,11.9727880959703,8.67618937075585,29.335180132768,29.7737129106126
32.6530612244898,13.056609388136,11.8538158230614,27.3454396415237,27.0528488976714
33.6734693877551,14.4873496453583,15.0798827644486,26.5936413710131,25.2110783451754
34.6938775510204,20.1184526964604,17.9769449456963,24.6374777356944,22.5871326292169
35.7142857142857,21.9209538038248,21.9929495392794,23.8057138910844,20.6250595543142
36.734693877551,24.6260443725373,21.7234584476606,21.5923983741172,18.9660371269881
37.7551020408163,28.9367123359464,25.4101724316297,18.3406531980252,17.183737302387
38.7755102040816,30.4970435329761,28.2017380186638,16.1737382523044,15.8477101910741
39.7959183673469,32.0150089960739,31.9900342747661,13.8286437625614,14.8090624097475
40.8163265306122,34.1896876749219,32.654530213412,10.363991754088,12.3818975534967
41.8367346938776,39.5049400011368,36.0769493907655,7.76984318024984,10.6846968724969
42.8571428571429,41.1847091712498,37.7869844291113,4.89421749173796,8.10794891204583
43.8775510204082,39.1356054994586,39.6565848358643,3.53143205158296,6.42356313480476
44.8979591836735,43.6592230585723,40.9475823991838,1.82465226853636,5.24614888954533
45.9183673469388,47.3808306908864,45.2920129358456,0.7082656523468,2.99586295413681
46.9387755102041,47.4711191033342,45.044011507149,-0.191533695390919,2.79539436593231
47.9591836734694,47.3973109848839,47.4672269215987,-3.07131680334691,1.4184525624942
48.9795918367347,48.3043717898854,50.6812847280635,-4.68758872438091,-0.850546915820403
50,48.1385102325058,51.8964138443126,-3.73063350371627,-1.07612682202387
51.0204081632653,45.9948727457933,50.7286153271785,-4.2021544034654,-1.49658581434112
52.0408163265306,46.9054662812479,49.0440047431932,-6.39821489840974,-3.37534752586001
53.0612244897959,45.214316560736,49.4096187637911,-7.36135923497145,-2.43288271796814
54.0816326530612,44.9786832529467,43.6318410266534,-5.1058473736828,-3.21975545994831
55.1020408163265,42.0695257556695,43.0218871393337,-4.80642026912187,-5.64496829077554
56.1224489795918,40.3832883407521,42.2498176825982,-4.1294111540926,-5.09986120737186
57.1428571428571,40.0379925188693,39.9177520209186,-3.69288128106453,-2.98842656415425
58.1632653061224,37.2848317869666,38.4047477302989,-3.54203719683669,-2.23035443314916
59.1836734693878,32.7412207016993,39.1845549402464,-2.4930967317725,-1.63914181182299
60.2040816326531,31.1870822445681,37.5067246410591,-1.58061800424898,-1.72430261413774
61.2244897959184,27.9158341239273,33.6212293571799,-1.61960329309067,-2.37833989041709
62.2448979591837,25.6323449607293,31.5568142234888,-1.42375222877511,-2.11356678977706
63.265306122449,25.5148701012035,29.5155303950383,-1.69751612412849,-2.68398819795
64.2857142857143,20.9662924508799,27.7539030197296,-1.84776664703702,-2.10010633711962
65.3061224489796,16.9133120034402,23.4248387480546,-1.29268324666784,-1.99058506201018
66.3265306122449,17.2600945456957,21.0702138003421,-0.80252987489249,-1.75722395911097
67.3469387755102,12.1645257728913,18.3832132227823,-0.87796471153992,-1.74493367773217
68.3673469387755,10.1540679410726,14.4979260030248,-0.704457074817158,-1.7441932543222
69.3877551020408,6.45359486067694,11.8472475855851,-0.285903505997537,-1.6505987434409
70.4081632653061,5.68412907181292,9.4357317625981,-0.652840844075594,-0.777904671251979
71.4285714285714,2.49314689892255,4.05726256257045,-1.00955264892934,-1.25058772217034
72.4489795918367,0.804737920827467,2.69829031448835,-0.997175301445222,-0.112479592727646
73.469387755102,-1.19122446154148,-0.381867449975526,0.047461920041968,-0.970166680661649
74.4897959183673,-5.96028730343271,-3.35934276730961,0.119411720211063,-0.189371578643195
75.5102040816327,-6.93375053682332,-5.97453584878162,0.469799272054968,-0.387301231526965
76.530612244898,-8.3734489110703,-10.0762843920993,-0.0599388082126354,-0.138653056419714
77.5510204081633,-10.9411047504225,-11.604947906574,-0.303749676910639,0.0527467389322926
78.5714285714286,-11.3394404800629,-14.4465687971313,-1.38204022330122,0.35172330055975
79.5918367346939,-14.945992650577,-17.2757012298378,-0.383463517786234,0.556847205072879
80.6122448979592,-18.064624539393,-20.8587143410429,-0.865753600019926,0.62208672532189
81.6326530612245,-20.412182007873,-23.3081482071611,-1.14126314497686,0.72110287406029
82.6530612244898,-21.2168033219241,-26.206835969829,-0.399554522541885,0.753800040567976
83.6734693877551,-24.781280840558,-25.9164175124097,-0.0126624605966429,0.220806851747651
84.6938775510204,-27.2234911032333,-31.1987887839212,-0.57629965618734,0.361907287713078
85.7142857142857,-29.1623704025796,-32.6650110431922,-0.160340716719873,2.4907420581256
86.734693877551,-29.8639562306664,-36.4061682648388,0.437641652620998,1.50482342501147
87.7551020408163,-33.0228796887073,-37.6339445340165,0.700205003311787,2.05925755309445
88.7755102040816,-34.8658701494346,-39.1646503503103,0.90541495678431,1.9028103044922
89.7959183673469,-39.1202280150111,-44.7300605098659,0.831436111768588,2.03499402169353
90.8163265306122,-40.6128050011056,-44.6552233810421,1.63785180049833,1.56260180832116
91.8367346938776,-41.4407096937359,-47.9684709668291,2.21853566094962,3.05434042033632
92.8571428571429,-45.1992282145776,-48.5230806166308,2.64684112912935,2.83196675164384
93.8775510204082,-45.781578879667,-50.4931568405826,2.09788726137335,4.71067008418724
94.8979591836735,-47.0877054708791,-51.7136865715139,3.8508019164159,5.58135901179594
95.9183673469388,-49.571791321539,-53.5727790653162,3.57169853150748,6.43049199359715
96.9387755102041,-49.4769637689084,-54.7409363934093,4.86042783807864,5.82038595747712
97.9591836734694,-49.283467262485,-53.3370333770908,5.24686077870924,6.40372695151667
98.9795918367347,-51.1273769555006,-54.853380282019,6.19705955921111,7.71134329613013
0,-63.9719078054384,-63.4356585342641,5.14864039570338,5.03647559340605
1,-63.7723715257601,-63.5866559757326,6.13082461803058,5.94140993412696
2,-62.8645145541192,-62.7554498850616,6.84103913507528,5.70385256603356
3,-64.0099824848051,-63.6108075313171,8.07575959582894,6.53738087169487
4,-62.558763332635,-60.3603948485869,10.3891687047798,6.04141261547676
5,-61.4829850791003,-59.2578430566258,14.3808905039637,8.10790677658783
6,-59.5356651734262,-58.3707463014349,16.8136232614515,12.0390831916333
7,-57.4999898276298,-54.4717803712432,21.5715312311014,14.8521334960821
8,-57.0300840132807,-56.1300204808194,24.6764263073202,17.3284666394433
9,-55.9340068336473,-53.4566608432537,28.2075842996644,20.2906339149016
10,-53.6072231119696,-51.0432130988887,30.5974141896708,21.1549250828445
11,-53.7092337361213,-51.9322556305295,33.9011439689452,23.9513558596923
12,-50.5050010779786,-48.2037878802678,35.479211900039,25.3619786253565
13,-48.3780776832505,-50.7380254956176,37.2038326834085,27.0353062150284
14,-46.1671651567217,-46.7220380623951,38.9256060095004,28.2574811839087
15,-44.549478607794,-43.8526218073488,40.9056713332988,30.6142060042475
16,-44.4442924739894,-44.6046964810608,42.1365218997917,31.6089723885286
17,-41.9583394904322,-41.9521559116096,42.880385899453,33.3749388826754
18,-40.1841323441828,-40.0877296038325,45.505739734607,35.1492992417839
19,-38.0557014372704,-36.0422599770254,46.4679823284694,35.1167989845315
20,-36.0775696756198,-36.543857583526,48.2135674475885,37.4294201317596
21,-35.432749580717,-34.2546733141672,47.1111343568456,37.5000263356956
22,-32.8315172578307,-32.5089084103358,46.8963108684049,38.0720548066088
23,-29.5812200225183,-31.2179751883639,45.6090710797621,37.9678936070827
24,-29.9727605506822,-28.8417621136394,43.5138257391179,38.3816287209263
25,-25.9421189664241,-25.2787251684992,41.8101890514047,38.3794906823547
26,-25.4781578330874,-23.9746132448583,38.8405526648954,37.1715744358
27,-24.1903571798418,-23.0694020153311,35.8388472398531,37.3283426921234
28,-19.5157703947385,-22.3102537225184,33.8063731114339,35.879735785667
29,-17.6551518051973,-16.9598553609535,32.175245677849,34.6169336513683
30,-17.68311550306,-15.3300529042495,30.0154189893294,32.1142161788628
31,-15.2465514832535,-13.4635539736618,27.5043282870831,30.6544758975925
32,-10.7179591454986,-10.6748211864411,26.470511696039,30.4441987660853
33,-6.1018363475051,-5.20132250966084,24.5003105833569,28.3171434803725
34,-6.1044226169543,-3.32450596682583,21.1937573913149,25.3488579708422
35,-2.80686221041057,-1.16153641125059,19.0717159673333,23.9501903366169
36,-0.577731456645543,1.27112498086655,17.7456062179924,20.5719146395259
37,2.65093911060241,4.30281615221547,14.7923177690874,18.2829287014405
38,6.32128829175215,7.70035550819239,11.7801837681258,15.8470980530568
39,7.8965358111862,8.38735921436161,9.69741646925634,13.5634202290255
40,8.58872462638409,11.8152535011763,7.41399897227544,10.7469435353386
41,11.5821576378828,15.1733345741467,3.62265737755996,7.20941498845638
42,12.7459638396886,17.1598990875647,1.92718588691044,4.2463584380922
43,15.6304361067491,19.8293381437425,0.795102903372486,2.0952453295788
44,15.8465354972098,21.4897272066224,-0.122814705954821,0.0800081235406023
45,18.4323955036589,21.4604471309015,-0.140076395103803,0.275009897936633
46,20.2112885385027,23.1688081551777,-0.735641199833941,0.0963800874827148
47,21.4119644487156,22.595386614068,-2.19425383896508,-1.53216991506773
48,22.920887154744,25.4396687078625,-2.27903857948719,-3.32737801569744
49,27.7278740974437,27.4724212111689,-3.14542384427711,-4.38555621038659
50,28.9168927905661,29.1930462803416,-4.50907858809689,-3.72709050717382
51,27.2445262820152,29.9092053209061,-4.80686381821568,-4.77237554009157
52,26.9029757193526,29.9162297370803,-5.9101963874845,-5.21466655225072
53,27.5945800774577,30.5473117262318,-4.60839577136069,-4.62487575714399
54,28.0369424206405,31.9525762873291,-3.77717147395253,-4.47007088800355
55,27.4321618801531,30.8075392718886,-5.10641464781468,-5.30078443971571
56,26.4803605152209,29.0232158502111,-4.44226162274038,-5.43881450709627
57,25.0885280625753,28.1213250647775,-3.37164422513484,-4.37794681248964
58,22.8730069163613,28.8011031796131,-2.4197603427081,-5.20699041948973
59,21.3298648950792,26.5243039865703,-3.04265985756955,-3.92215222540247
60,21.9749477448758,25.5583386585887,-3.00435956017932,-3.54738476341576
61,18.1289562410091,22.6700215351551,-2.88300490548352,-4.08849604517871
62,16.3138415415823,22.2055078683995,-2.82448856344405,-3.07012649216
63,14.4479019453967,19.8666264776961,-3.91969438365767,-4.12268437851432
64,11.5690122399898,19.1446976906962,-1.74050762669858,-4.52843128105897
65,10.6972958694419,17.0019064074751,-2.49209338890037,-3.61401521594336
66,8.20041865808623,12.8709671095016,-2.99602222874305,-3.76096655686727
67,5.4055573296773,11.325560723625,-2.82063605643148,-3.22291243355799
68,2.52626430339693,7.05326813957917,-2.59753662753149,-3.322986927687
69,-1.01560487495945,4.31943262713901,-2.9785274695955,-3.42364796128494
70,-2.53409551246295,1.44913014321354,-1.62415310673748,-3.96696610488742
71,-5.84947855719283,0.407232971437725,-2.23381435849371,-2.71444782856579
72,-8.05223932393416,-3.21070612530845,-2.15091431323322,-2.93132079976796
73,-11.2916745858716,-8.19006672246137,-1.86283097935502,-2.22350757197021
74,-12.2679467273134,-7.77333349179576,-2.36964571341068,-2.22877932781489
75,-16.8362196163972,-11.603710365943,-1.69098500744387,-3.20296889450464
76,-17.4817506724674,-13.8154891682587,-2.13026412946314,-2.92266185961361
77,-23.1808160475041,-15.8869042765527,-2.42439521183661,-1.89035719404992
78,-23.8358680622417,-20.3085457918627,-1.64521681206897,-1.87015854108141
79,-28.7230716541428,-24.9737556623159,-2.81447506788177,-2.29945127612903
80,-31.3987937675968,-26.8119065324698,-2.12129175353378,-2.19076734067608
81,-33.7479869894003,-29.7846851653686,-2.47123625290145,-2.51525048143915
82,-36.2145245241405,-33.0804845051378,-1.67253177943817,-1.78389884931812
83,-37.5351027361313,-36.0389112271476,-1.73615627791952,-2.28836547655348
84,-40.3700357858571,-36.7020102583548,-0.699192500180333,-0.913991798480271
85,-44.9233065702763,-41.2883280256823,0.0316685972562493,-0.077924113850337
86,-46.45772889102,-44.0641923117423,0.0276789986860679,0.285479669906437
87,-49.9390562354641,-47.7099609980056,-0.369269166405993,1.29490070676749
88,-51.0540897825621,-50.6969641024039,-0.205251685482944,0.979552275120019
89,-53.7530342824613,-52.0217497706379,1.42537509194768,0.783491535697097
90,-56.5110382647734,-55.6822257302901,0.769744422554585,1.85776375118205
91,-58.988580622544,-56.3615143225536,1.26480163068711,3.01562154596665
92,-58.446546389106,-58.6550064790996,2.38146084450997,4.13951293329187
93,-61.6978656651104,-58.9568695525642,2.80158919724492,4.09627636257247
94,-63.1357523666665,-58.5928018729023,4.23838293752243,3.63972982944547
95,-61.7600668494442,-59.8913373803214,4.04288850704873,4.29828291344105
96,-64.5784692652701,-60.2109851939233,4.97670371078821,4.87982716903686
97,-66.7413898014152,-60.3371857509822,6.17342487597744,4.47167551149383
98,-65.856043852136,-63.0275727416406,6.4004790718752,4.29925962972031
99,-65.1499772803598,-63.3845620450933,6.75173485223843,5.63640256560341
0,-44.4346331282582,-54.8956725734005,7.90742168394922,5.78660808353429
1.01010101010101,-45.5402506362415,-54.4090965732347,6.8842033462659,5.60023545492467
2.02020202020202,-43.7708337577298,-56.0531367619294,5.2499116492589,4.52501100146151
3.03030303030303,-43.9619810335493,-52.6641268078854,6.34294738510205,5.86956890945131
4.04040404040404,-39.6507325971163,-50.9520949644512,8.07111879893357,6.58711531255814
5.05050505050505,-39.8841817276701,-47.6329320542185,11.2144310698985,9.71577118859721
6.06060606060606,-38.5077920709125,-46.998815131911,16.2898355347394,13.6505939176248
7.07070707070707,-35.8889352453645,-44.0242207405977,22.5424132772991,18.5055699060214
8.08080808080808,-31.7571021761856,-43.4773743587088,28.2955680566775,21.5891978473989
9.09090909090909,-30.3031744541419,-41.4271710834459,31.4699954655905,24.8295607808358
10.1010101010101,-28.7404329043959,-39.7886624257131,34.1472677035451,25.8844554624878
11.1111111111111,-27.3001207153266,-39.0155625297674,35.3338335371816,27.392641891511
12.1212121212121,-25.417001188469,-36.4106490740029,36.2820335991358,28.6686765453934
13.1313131313131,-25.3662958232838,-35.1646293369286,38.4684404223278,30.8596752739064
14.1414141414141,-22.6981783345119,-32.0365784681668,39.7118289640518,32.6193110753003
15.1515151515152,-18.8386227050751,-32.315408569233,42.0828538890728,34.6212684956987
16.1616161616162,-16.7887577984765,-28.9283023835704,42.9681845494682,37.5383095161
17.1717171717172,-16.5735178435113,-26.1072342213096,44.2570045720395,38.2077264078782
18.1818181818182,-12.7056255298924,-22.9899820539396,44.3317059508043,39.3919692574378
19.1919191919192,-9.11077397214048,-20.407838200318,43.9385183651649,40.7682590336128
20.2020202020202,-9.08496649620957,-19.0311644963078,43.2006466461673,41.7479865449306
21.2121212121212,-5.21002036369786,-16.0336031881331,42.607511537066,41.7306125236116
22.2222222222222,-3.6550912050113,-13.9334165092327,40.4235501505026,40.8752870752423
23.2323232323232,-0.540643893341128,-10.4382695122723,38.9674344499333,39.0856444808751
24.2424242424242,2.18969028008083,-8.20078067747444,35.22115807948,38.4450960294689
25.2525252525253,3.14289170063399,-5.00550996270185,34.6818839998525,36.716727739811
26.2626262626263,6.92955229253878,-4.97200276996607,32.1880843760656,35.2719009727782
27.2727272727273,9.2589235606332,-1.5641602920385,29.6422728003857,34.4413619722737
28.2828282828283,12.7196086039239,3.58057295777794,26.3399386880084,30.826345790983
29.2929292929293,14.4850063547149,5.08009855792988,24.165548259901,28.9373919534819
30.3030303030303,16.0862434332722,8.18549732709538,21.599983087586,25.8276449108734
31.3131313131313,20.5088617494661,12.0656102869769,19.867915997478,23.8494086091082
32.3232323232323,23.8057978207143,14.1176838340593,16.4659905701174,21.6864008833245
33.3333333333333,25.2684294987252,15.5291102822232,15.5354170295919,19.4894437538946
34.3434343434343,29.9196382470453,19.9147014836096,12.933126102654,15.8293936464801
35.3535353535354,27.5459493499047,21.4691355613993,8.91153457719017,13.0872284493371
36.3636363636364,32.0382667300412,24.1335429539796,6.84960230590094,8.26768028395047
37.3737373737374,35.2319907876725,26.0881061476061,3.4557161098018,4.58396142154452
38.3838383838384,35.9685316930209,28.5558852528589,2.17617359068653,2.4906670648232
39.3939393939394,36.7722814318464,31.2957621339354,0.688639837744455,0.901760832991085
40.4040404040404,38.0932338361506,32.1258690278522,-0.376176374868956,0.473592811880863
41.4141414141414,41.4754717943315,31.2981109710741,-0.517297586189746,-0.217556265572024
42.4242424242424,41.0759609945479,34.114657157413,-2.40712015775121,-2.2154459285223
43.4343434343434,44.2296830305177,33.9624346041206,-4.21800679002665,-3.92430605070745
44.4444444444444,44.2287420843405,37.2280909032201,-3.76891030866407,-5.21812823529666
45.4545454545455,45.4589492687644,37.5074605462418,-2.58070810618906,-4.92918472962246
46.4646464646465,44.4087682262352,38.0969514630962,-0.44721838185949,-3.42094518074944
47.4747474747475,43.5426607611251,38.7644959800846,-0.157890362952163,-2.55423370380908
48.4848484848485,42.6365407569727,38.8274912848053,-2.92886456048935,-3.81122606194397
49.4949494949495,42.9015146646956,40.0158443721752,-2.3970481903828,-0.701405213991583
50.5050505050505,42.9633115414193,41.1016556973241,-2.21556521397015,-1.82548304901952
51.5151515151515,41.629817879231,40.2500504878668,-0.21519705590471,-3.5558631348679
52.5252525252525,43.6582131433358,40.7066898132099,-0.989941318659675,-1.59794250173202
53.5353535353535,39.4062651913016,38.1272152726919,-0.590367562057213,-1.41573609318762
54.5454545454545,39.9948415371571,39.1946275899588,-1.46650615423918,-0.800925948489882
55.5555555555556,39.4390764373687,37.5329609370151,0.159077007523734,-0.849112328717565
56.5656565656566,35.5144190147274,33.7534465046146,-0.534580688611201,-1.19536555438583
57.5757575757576,35.3786854221843,36.6199624810558,-0.612083979476639,-1.7439320523376
58.5858585858586,33.8730956486525,31.318411090285,-0.769560566168488,-0.762609782538795
59.5959595959596,31.7340716140354,30.6425671296031,-0.573170853797144,-1.39196056855366
60.6060606060606,30.1178259579545,30.0968806539786,-0.679955547300279,-1.134829920739
61.6161616161616,29.5278303438544,28.1949993560101,-1.01645181582046,-0.824235355384433
62.6262626262626,28.8230069046865,24.8368814770067,-0.656378141186087,-0.808056761356776
63.6363636363636,24.6910596678063,23.9049521991296,-1.4767183074446,-1.26614013129054
64.6464646464647,21.8978321951375,21.9055974293975,-0.394959759322431,-1.04992887618226
65.6565656565657,20.5909428472277,21.2056824034012,-0.21404166030506,-2.0642730409424
66.6666666666667,15.4126816117815,19.06382176492,-1.71664163017551,-2.33416538406753
67.6767676767677,16.2239164390432,17.4605536185848,-0.377050824096526,-2.13553151727528
68.6868686868687,13.9614465394975,13.5931422917889,-0.517522295589337,-2.07140656059764
69.6969696969697,11.8723601306559,11.5527708373664,-0.693147282735308,-1.36004762373369
70.7070707070707,9.93891201750103,8.55623783315541,-0.363746273575467,-1.53332717962193
71.7171717171717,7.26353481576872,5.41123571965911,-0.758311103490803,-1.04951759979781
72.7272727272727,6.13815110582576,7.0595615405733,-1.35163791844399,-1.04846803524535
73.7373737373737,5.19167871347438,3.8574035116927,-1.15318733317196,-1.03707303233147
74.7474747474748,4.60971136731113,-0.301484140540025,-1.4138740071762,-1.58581785907487
75.7575757575758,0.385214947300661,-1.87612884292603,-1.51622998253781,-0.627829832925815
76.7676767676768,-1.14919288270109,-3.53701686155522,-1.66401735899957,-1.61312108369396
77.7777777777778,-3.69839221646619,-6.18109138835572,-1.85625964491986,-0.899571297466864
78.7878787878788,-4.84157625826439,-9.78095743982562,-1.19799856577872,-1.49950940124748
79.7979797979798,-6.37406143639305,-14.1032750356081,-0.579805106386057,-1.21872724147387
80.8080808080808,-9.54937336265301,-15.3689606237699,-0.984356903018287,-1.52121583848256
81.8181818181818,-12.56591056127,-18.6772227352936,-1.2256821398423,-1.4366340185723
82.8282828282828,-14.0387645969894,-17.6852948652348,-0.161973242330946,-0.883107545553882
83.8383838383838,-14.6916016368284,-21.6837646316189,-1.21423103330956,-1.08066491691654
84.8484848484849,-17.6331530963121,-25.3713873552632,0.0624931223555186,-0.359715374043278
85.8585858585859,-22.529615499894,-28.3200389352447,1.77434399420612,0.258544382145733
86.8686868686869,-24.8526395136239,-32.1142556032172,1.22939883677192,0.171735721592588
87.8787878787879,-28.4170231758749,-36.7960703799899,0.477730537795573,1.49102778762716
88.8888888888889,-28.5536040665154,-38.7920406553371,-0.320085826228731,0.241867051681645
89.8989898989899,-31.0998856365842,-38.3604837405562,0.908592016798483,1.24415766721281
90.9090909090909,-31.5711668534756,-41.0645902007967,0.195180887287202,1.94653459368137
91.9191919191919,-34.850064205251,-45.7301719534184,1.72027507068471,2.49457637160302
92.9292929292929,-35.8187364390357,-45.0654218314815,3.69859352893462,3.22037121950025
93.939393939394,-37.501361652171,-48.3545184533892,4.27831882711753,4.63623573111232
94.949494949495,-39.4813870803836,-50.1180009411547,4.59920252075457,5.27048278779651
95.959595959596,-37.2400806828155,-53.3335257316944,4.47789316606586,6.17634515622305
96.969696969697,-39.9791897176131,-52.6863067228762,4.63177240670411,7.09677364989285
97.979797979798,-41.3588764322957,-52.9567287559721,6.0236139800562,7.36403709477339
98.989898989899,-43.2847795885528,-54.5661533551402,6.99547069399527,7.52055598628835
0,-58.6747172834167,-69.8882001991134,9.63960187105961,6.52603172455885
1.02040816326531,-58.5906882196668,-70.8796474261052,8.40077524592495,7.18645231644861
2.04081632653061,-58.2178667380876,-69.655690969745,7.5059040430855,5.45026032821711
3.06122448979592,-56.8117149434892,-67.8736503342432,8.00269777825309,6.22273866715491
4.08163265306122,-53.9066348968605,-68.5619562437823,10.5808618883885,5.98896845082245
5.10204081632653,-51.2164775195383,-66.4354948156764,15.162458450558,7.37270568957917
6.12244897959184,-50.7381315328264,-63.3385683602649,19.9451592886029,8.8125954665491
7.14285714285714,-48.0480210501023,-61.3807332171883,25.2898685784643,13.377027178492
8.16326530612245,-46.8930606854956,-59.3504390181016,28.2392209068218,17.2979137891476
9.18367346938776,-44.7881588951794,-58.9035881406761,29.5478106763386,18.728936575155
10.2040816326531,-45.7240897668107,-57.8201172189056,32.3932562355684,21.1535527249192
11.2244897959184,-41.1104573603079,-56.9484530456988,34.8748677150144,24.1128751576953
12.2448979591837,-40.1132486859824,-54.362169571047,37.3568558674837,26.4113824388646
13.265306122449,-38.6889307211722,-51.8603924464148,38.2950217792738,28.7053491196026
14.2857142857143,-37.7207555118126,-50.0657080966092,40.4111525600564,31.0155275876037
15.3061224489796,-33.5814543154835,-47.5579760144818,40.7621767044095,32.7020891773557
16.3265306122449,-34.1179090246102,-48.224619594362,43.0458580118511,35.3572148559359
17.3469387755102,-31.1433548145927,-44.9699141054513,45.2380352490796,37.3114355211172
18.3673469387755,-29.0830602058494,-41.27459595844,45.4545169092253,39.5014238764109
19.3877551020408,-27.4655781061219,-42.3657619641705,46.2948562113468,41.9120675542807
20.4081632653061,-24.0763466072008,-37.5377172710348,46.1253543289123,42.7910842126404
21.4285714285714,-21.6506826544961,-36.8530195470714,45.7202436372241,44.2951378452092
22.4489795918367,-18.3562213941877,-33.0496919130188,46.13386634626,44.669096864944
23.469387755102,-18.0347083305992,-30.3009325018202,44.4722201872499,45.0271602809672
24.4897959183673,-15.0520782520827,-27.9881931107683,42.3934197074201,45.2129220107956
25.5102040816327,-15.4941795501611,-24.8483712993054,40.4396840538769,45.3468730300625
26.530612244898,-10.8306677454939,-23.4373571013777,39.2434552918116,45.4796805002005
27.5510204081633,-8.28076416078544,-20.1400395531716,37.0051670793299,44.4080985422121
28.5714285714286,-8.079710263531,-19.1339995892069,34.4692384424486,42.0240867573269
29.5918367346939,-4.68186435907523,-15.0094891628894,32.1974246600729,37.5979497726623
30.6122448979592,-3.4932297658153,-11.4861330918033,29.2018599499823,34.1347571819891
31.6326530612245,0.62834843768449,-8.85548818808361,27.6816951202063,30.2948324329016
32.6530612244898,4.7804508488032,-6.92269084852049,25.266349329493,27.9023018368252
33.6734693877551,7.92815144019764,-6.08317088844633,24.0862466838968,26.0428486524108
34.6938775510204,10.8029186063158,-1.51676041389823,21.9000801851824,24.3606482238142
35.7142857142857,12.4887553888026,2.2411203511067,20.1606586000078,22.1534246951879
36.734693877551,16.7420795076368,3.92986265027127,17.8741122334722,20.5690822541826
37.7551020408163,19.8357667060021,7.29899443907621,16.9312766110656,17.7214027542365
38.7755102040816,23.6539638163273,11.1665148696592,14.2077198657113,15.7367743604939
39.7959183673469,23.9114841764236,14.5340235600557,11.1563568515014,13.0033712728033
40.8163265306122,26.3989914543988,16.1383559626819,9.07370802038848,9.46433832515103
41.8367346938776,29.9013093738372,18.1965209871152,6.00458081693398,6.43009458727023
42.8571428571429,33.3949727592305,20.7486681870319,3.53073221618696,3.54420369712787
43.8775510204082,34.8318360891322,22.8141977117034,2.20890941816967,2.49216379516626
44.8979591836735,36.3525580927858,24.582867904782,1.60231124409659,0.917139029639228
45.9183673469388,38.1293211227188,26.0801967706001,0.674183437099772,0.446734737691514
46.9387755102041,35.9365276872413,23.810324955158,1.03031803470029,0.71026867467845
47.9591836734694,39.0454924151207,25.4122825921943,-0.671071534276525,-0.00348531019613274
48.9795918367347,39.3188060730632,29.0732347831949,-1.24789016141537,-1.85383965816365
50,40.9405766885255,30.7727453775019,-1.0785367075018,-2.42731273697572
51.0204081632653,41.8736901330116,31.6033771588153,-1.35021224107876,-2.28604279469929
52.0408163265306,41.0511509697085,32.0218590747721,-0.807965060938454,-1.8319462573036
53.0612244897959,41.3252893914912,32.4806684377849,0.552898608824981,-4.82963110939291
54.0816326530612,43.2913290862432,32.6684660742267,0.223571882948877,-3.34525927925896
55.1020408163265,40.8525963728423,31.2878749174432,-2.01282371976943,-4.07362818012782
56.1224489795918,40.0884342229551,32.8006479554973,-2.18600336605417,-1.57375632624166
57.1428571428571,39.4207771964806,33.5103588969126,-2.74835259148171,-2.52793894378073
58.1632653061224,36.6651252959098,31.8630911368006,-1.81100151501764,-2.31607383937052
59.1836734693878,38.2029543737303,32.3503733486717,-2.21097736914673,-2.20046786162948
60.2040816326531,35.6184172983362,30.6846961883618,-1.92808447884005,-2.79598241284687
61.2244897959184,34.9778118121773,31.2440026405091,-1.38646931913567,-2.45035995637386
62.2448979591837,34.9863300973791,28.1428939257721,-1.53321399276393,-2.10381531039485
63.265306122449,29.7824618578064,26.5996012178242,-2.15020618535331,-2.32578857853507
64.2857142857143,28.1220831208626,27.386266681463,-1.61881219924564,-2.05479842320599
65.3061224489796,26.2209401457451,23.1804953450174,-1.20024178504591,-1.61884176440376
66.3265306122449,25.3676976847095,23.3471571642864,-0.963639461205208,-1.92263503791004
67.3469387755102,21.1667137891417,19.9626129009795,-1.73895501896968,-2.53827750300143
68.3673469387755,18.6418360675513,16.4897470726045,-1.1794651756037,-1.08272447973078
69.3877551020408,15.5691846463462,14.2092138184698,-0.65060620588988,-1.92520677018038
70.4081632653061,16.9803860140801,10.4410962121214,-1.1529154927193,-1.25798568011
71.4285714285714,11.0796220913661,8.22475670628403,-0.605134717563057,-1.26749491865489
72.4489795918367,8.0655996469187,4.28109268846992,-0.98910794240677,-0.526782814800264
73.469387755102,6.70363275745677,0.685893802773982,-1.19490177094845,-1.87162947534929
74.4897959183673,3.38127075365198,-1.50937182757708,-0.471797943342378,-1.16862572814923
75.5102040816327,-0.85737823572453,-4.52135497858426,-0.520615882454754,-1.37490067902988
76.530612244898,-3.2789452462287,-10.4342955043349,0.117660596210248,-0.884984731717728
77.5510204081633,-7.83119276500551,-11.9288544117381,-1.11237713555634,-1.22910582688944
78.5714285714286,-7.52981371440555,-14.0798578103484,-1.54573674709319,-0.955387912493412
79.5918367346939,-8.9422845190431,-18.6778156734604,-1.24327785740786,-1.35625598564226
80.6122448979592,-13.2438227768926,-21.5134650489582,-1.10440572329372,-0.0751035349441959
81.6326530612245,-16.3390467224608,-22.2654835539284,-1.44841961901502,0.625672552913519
82.6530612244898,-20.946269455007,-29.4401182553986,-0.482126370769675,0.27826517159517
83.6734693877551,-24.2970731320274,-30.6349814730568,-0.340486095663921,0.111945984849543
84.6938775510204,-26.1105289828874,-32.2681776329775,-0.240412903957237,0.148872695398628
85.7142857142857,-29.8950001793865,-36.2723277285007,-0.108633539417352,0.248060211048705
86.734693877551,-32.372836806074,-40.4160692942068,0.695653726146679,-0.486477756041449
87.7551020408163,-35.922772278202,-43.8754564956029,1.13096109790629,-0.32858770774684
88.7755102040816,-39.3666568726845,-47.8567928464202,0.412136007540765,0.249906532436231
89.7959183673469,-42.9711832239322,-49.0832794758124,1.46617476048257,0.82767702553942
90.8163265306122,-44.1024442595333,-52.3747724993278,3.15964682457064,0.537505552809744
91.8367346938776,-49.5515631752713,-57.9713260391278,2.77705482215459,1.37566735994088
92.8571428571429,-50.8238769258709,-58.4931955753527,3.06449656271611,2.38443923068602
93.8775510204082,-51.7659716167223,-62.5561994067705,3.82859242348284,2.97517670147066
94.8979591836735,-54.8264168945035,-65.1470254651645,5.00208526823185,4.33854069939489
95.9183673469388,-56.8845509551039,-65.0507513295127,6.99487171393443,5.78542975854843
96.9387755102041,-59.7055360032052,-68.8323288875457,7.6617296362569,6.84098632007071
97.9591836734694,-58.1010548219762,-68.2567483226644,9.49928053278679,6.96141769679788
98.9795918367347,-59.2002859017639,-68.1210815674447,10.3512110364906,7.70680654633156
0,-57.5887164818366,-60.7904964458102,8.45612498180982,8.94368072322175
1.01010101010101,-58.5499520397595,-58.8797299908948,9.15673132121705,8.90171822517107
2.02020202020202,-56.8942206301846,-61.2246378456974,9.66276540812513,8.72132096175574
3.03030303030303,-57.1389276187734,-56.81671445143,11.3723851183706,8.08576556269215
4.04040404040404,-55.4171962944219,-54.972448222439,11.4867922762415,10.4487259641622
5.05050505050505,-51.951222918709,-53.8265827345525,11.0987266855482,14.2107659860813
6.06060606060606,-49.7548560554764,-52.2165306924195,15.9610130768113,18.1300334501683
7.07070707070707,-49.9555850300246,-48.944716815025,18.6418534175044,20.3568156842522
8.08080808080808,-47.3765595242747,-46.8732563409548,22.7498703623092,20.241768298379
9.09090909090909,-43.4044161761421,-46.993771733096,24.2360629919064,20.2208807010069
10.1010101010101,-41.651344430649,-46.0635930311141,26.2723177264276,22.0597637598084
11.1111111111111,-40.345172849249,-41.5107132179158,27.574858842442,23.4123130418556
12.1212121212121,-40.1888025423308,-43.1613030295327,29.7079396089255,24.6294601227213
13.1313131313131,-35.2664858656942,-39.7763591231772,31.0003186363792,27.0863814491575
14.1414141414141,-35.0150009823981,-39.0907861801147,33.7492534837686,29.3849290484664
15.1515151515152,-33.3121353838068,-37.175144292916,35.470282850862,32.1912956597179
16.1616161616162,-28.9466701421531,-35.6880909882391,37.3002566091072,33.9047134241969
17.1717171717172,-27.0064377709498,-31.8042942844514,37.6390625259753,36.4796082288867
18.1818181818182,-24.5846639715474,-30.8315978770903,38.3555124789009,37.720621523182
19.1919191919192,-21.7234718660065,-29.7773492001844,38.7225272089231,39.3871884595509
20.2020202020202,-20.6127550632554,-24.8565145742246,39.2189982228695,40.1257162697309
21.2121212121212,-17.7231673046862,-24.2598680263337,38.2776563897972,41.8943655367827
22.2222222222222,-14.2170872975488,-20.8199661367075,35.683181223644,41.3751619748529
23.2323232323232,-10.5975463935481,-18.4588012267028,36.103714612599,42.6765255531525
24.2424242424242,-12.1772714965106,-15.101101951429,34.2912325274169,42.5823120012627
25.2525252525253,-6.96963662627712,-12.4981118762795,32.9882923534524,42.3851817252817
26.2626262626263,-5.09820154787102,-10.2428798454243,32.7416697751837,43.751196471043
27.2727272727273,-2.32202743094549,-6.60272275914735,31.2302364277674,44.0092362699228
28.2828282828283,0.771923081246607,-4.87608419782349,29.1086913661007,41.0444840822458
29.2929292929293,4.27008388553432,-0.278466219289354,27.6391282139221,39.6374675628548
30.3030303030303,5.83284834720405,1.61249997827522,25.4836426785956,35.6236465783637
31.3131313131313,8.51884168029309,5.72584416225983,23.776218010667,33.3132482397219
32.3232323232323,11.8734267415004,7.53036327117437,22.7846117092409,30.7586137039696
33.3333333333333,12.688639453975,10.1174064375879,22.3451643745495,27.4804835537918
34.3434343434343,19.6898711245394,13.1466134471517,21.2760547195178,25.2631848884495
35.3535353535354,20.0140740462783,14.5771373016695,19.0998843887278,22.6517783992058
36.3636363636364,22.824843330768,19.8438226029595,17.1745231313359,19.6861820793498
37.3737373737374,26.268750366607,22.390786714499,14.5602265714675,17.4445259266684
38.3838383838384,27.1071138829485,23.4783409107831,10.2490388495611,14.1179998200481
39.3939393939394,27.8405476506633,28.3649962889014,7.96232212536269,12.348616640263
40.4040404040404,30.2348982687012,28.4274410055659,5.11747531984444,8.52569260007415
41.4141414141414,34.2473443272905,31.219981938823,3.676102167825,5.2774242810659
42.4242424242424,36.9000847547032,34.5727776874418,2.86093169673214,3.24719561912846
43.4343434343434,37.0334979545878,34.0075654558592,1.39785160284316,1.97745764611012
44.4444444444444,37.9967607133773,35.9667862407424,0.886088277931547,1.45024083131085
45.4545454545455,39.9373924769206,38.67890766284,-2.02912367242292,1.03602955851836
46.4646464646465,42.4987252727146,40.8596109774007,-1.83086472305887,-1.57325263407314
47.4747474747475,40.8637044161774,42.7846994268584,-2.58861222008488,-3.04949717882802
48.4848484848485,40.1387756836798,41.6762746615998,-2.12077988488312,-2.43081372702773
49.4949494949495,41.0313412544567,43.7547328455854,-3.16163234943313,-1.39732374406575
50.5050505050505,40.6171422930784,44.0536847807334,-1.76276401675746,-3.30002012082156
51.5151515151515,41.0099962254306,44.5676228633537,-0.268672362398619,-3.75068986694834
52.5252525252525,42.6252072792731,43.4574296435347,-0.143870747876057,-2.2205340915783
53.5353535353535,40.4333808536332,40.9165118336064,-1.10120508445556,-1.643453665639
54.5454545454545,39.2233357540409,39.7864587475682,-1.34684626285674,-0.866510254259468
55.5555555555556,39.5705058357913,35.8532630546519,-1.0860611801044,-1.97974198176804
56.5656565656566,37.6261838110292,36.8011945762339,-0.783498817757131,-2.77130249377609
57.5757575757576,34.6557931437378,37.8290246384565,-1.36615475280811,-2.62904761906706
58.5858585858586,34.1598312423241,33.646146469974,-1.3064988343954,-1.81004947243053
59.5959595959596,32.4344740956396,33.4211826173228,-0.662593155397387,-1.54756029934716
60.6060606060606,29.0160888189834,29.8624773763416,-1.12197449588062,-1.09770771890175
61.6161616161616,27.7232016007204,28.022981689377,-1.08342560226548,-1.35448640373013
62.6262626262626,26.1995187527407,25.7252066163031,-1.17819220141735,-0.807137162950172
63.6363636363636,22.7775561192933,23.8683703883259,-0.982140695204011,-1.32908283761103
64.6464646464647,20.7255015645377,21.7785212666572,-0.632554056674135,-1.47764357949634
65.6565656565657,17.6457617404982,18.2622394693149,-1.86067705200683,-2.11035517991344
66.6666666666667,15.92072617142,15.6309716343207,-1.4193284861797,-0.829729144102766
67.6767676767677,12.2911403222024,12.9776501929123,-0.974374361114515,-1.05737886852887
68.6868686868687,10.0175447827473,10.2392858324031,-1.01781090925199,-1.57116459452276
69.6969696969697,9.02663665919791,8.91147844744893,-1.33644753162677,-1.6801934163593
70.7070707070707,3.7373295546533,5.17689422737133,-0.835685275095552,-2.14662504998556
71.7171717171717,2.38743524364097,3.94952162831548,-1.01917250288482,-2.16014918749543
72.7272727272727,-0.0396223644352201,0.878850876239361,0.00922739532132466,-1.34729526130064
73.7373737373737,-2.20057165109781,-1.55459784699248,-1.40341472829044,-1.16250828643899
74.7474747474748,-4.71548969754644,-2.33782041899581,-1.59091396100855,-0.455152869743198
75.7575757575758,-9.33508725264086,-7.38088660767005,-1.30866510938976,-1.28350012015933
76.7676767676768,-11.0957715115302,-9.33322682097033,-1.66362186583591,-1.35657989501231
77.7777777777778,-13.8903424618426,-10.1492443276396,-1.64724713859644,-0.977360822195037
78.7878787878788,-16.4101583443422,-13.5084872356569,-0.745523872590745,-1.9810071292819
79.7979797979798,-18.410315523623,-15.1375278362239,-1.48792444508696,-0.944470664100274
80.8080808080808,-20.4468616865077,-17.1493171254107,-1.4742815560649,-1.49171483942833
81.8181818181818,-24.6831957185573,-20.8682596460462,-1.88093673502164,-1.62980312722462
82.8282828282828,-27.9623116227276,-24.6550817779944,-1.21507660453551,-1.25509175667807
83.8383838383838,-28.8997421654644,-27.1618174727163,-0.656984772894744,-0.406060549805049
84.8484848484849,-33.795945397107,-29.768877115261,-0.0026471622615386,-0.204439429947836
85.8585858585859,-36.4474791204995,-32.8200796851722,0.711888886592514,0.424014434026107
86.8686868686869,-37.5582072100758,-38.29504056664,1.22179384211371,1.37934618752235
87.8787878787879,-42.3806674137678,-39.432688417955,2.76524746622851,2.28116590066992
88.8888888888889,-44.7785317611404,-40.7803991447345,3.53120858565144,1.68079188300903
89.8989898989899,-47.1932474835681,-45.9064499922935,4.44744349417927,2.19484478587165
90.9090909090909,-49.7262089424448,-47.0745274636208,4.64998911986377,3.24747784377275
91.9191919191919,-52.6664517047236,-52.0510163906735,4.22244707565247,3.48145246403809
92.9292929292929,-52.9783613887145,-52.0526754554999,5.01736883619444,4.58694035757843
93.939393939394,-55.7895240667506,-54.2207093960341,4.45203367781968,5.53637561040292
94.949494949495,-56.5765691420906,-56.5711808898977,5.82300160923841,6.43736699162307
95.959595959596,-56.9113474308193,-56.9828197935651,6.90590705145062,6.70745994327508
96.969696969697,-57.1591329295611,-57.6721769589712,8.00870689477017,6.10749730785278
97.979797979798,-58.1153202879077,-59.1484298553354,7.87085128155206,8.62391078813282
98.989898989899,-58.0653659319855,-59.9389908039631,7.60348919531562,8.78235972479469
0,-48.2979774358677,-56.3082671748425,8.09558835955221,7.2147008130394
1.01010101010101,-49.6819499902924,-55.011912983782,8.30940825013277,8.28870592620045
2.02020202020202,-49.9251555557304,-55.19699776355,7.32100091312135,8.23696992425453
3.03030303030303,-47.2449832988421,-53.6700564721815,10.1398539771535,10.0244062638758
4.04040404040404,-49.6511419017514,-51.9426229539273,14.4820868637538,12.691728388887
5.05050505050505,-45.3468586716839,-49.6298595699296,18.3622345066134,15.958838096445
6.06060606060606,-43.9554888061207,-47.3060820006755,22.9923467038323,20.6825120747021
7.07070707070707,-43.1344609633138,-46.0413735265607,26.1669526515875,23.0016258677029
8.08080808080808,-41.6543866001512,-43.3890595699067,29.2653980774823,24.5465704130187
9.09090909090909,-39.223029523719,-44.1098400066174,31.7839195936958,26.3743097889757
10.1010101010101,-38.5578798552544,-41.3305766297787,33.2712221367352,27.406883883092
11.1111111111111,-35.0853743868233,-37.9345245937822,35.5139488202179,29.6733350010166
12.1212121212121,-34.2775447238008,-36.9953092223891,37.406484448498,30.3543298597566
13.1313131313131,-33.0627625619341,-33.0425259189715,40.7572206982014,32.2209308488221
14.1414141414141,-29.6428344013269,-30.9952540491708,42.6837917390051,33.427365516294
15.1515151515152,-26.1542827404026,-30.8350657317978,43.7630177188793,35.0846474197292
16.1616161616162,-22.9723549373574,-28.4965344100091,45.6769816719214,36.3886821652673
17.1717171717172,-21.3774144920387,-26.0500648937672,45.9858994867016,36.2437377895981
18.1818181818182,-19.5870388757736,-22.2323288728613,45.4883855118725,36.3261172203937
19.1919191919192,-18.8124196821536,-20.5513146638919,45.2283044511796,37.5595043465283
20.2020202020202,-15.6417137395371,-18.039150697745,43.801315592022,37.5239968581011
21.2121212121212,-12.2401695619533,-16.7184003402744,42.4055547351687,37.7354101356236
22.2222222222222,-11.2574528001313,-13.4892732309728,41.9101876763883,37.2607290562729
23.2323232323232,-9.70231241212119,-11.1093761486469,40.620972024302,36.9030531105006
24.2424242424242,-5.80789602780525,-7.28783136409417,38.2043632062785,35.6291476518718
25.2525252525253,-1.89834498393945,-5.47512306474966,36.0194570620789,33.3252390197463
26.2626262626263,-0.873227338660266,-0.683469139101581,32.4536570539195,29.0436910180562
27.2727272727273,1.50853440501136,-0.277200599557182,29.3771482900006,25.8976942464844
28.2828282828283,7.66075476904822,3.2286637844824,24.2893261243855,22.6619784563876
29.2929292929293,10.7261627878243,7.40339025939865,23.2099462467585,21.7809105138946
30.3030303030303,13.7352104595047,10.5468272348263,20.7510017934901,20.4804075844817
31.3131313131313,15.4407149339572,15.3780505867625,17.8019417332041,18.7405382179306
32.3232323232323,18.3213766011401,14.9486300890892,17.6257246188294,18.329522122861
33.3333333333333,22.2443197546201,18.7254016456717,15.1996096501384,15.1510913570478
34.3434343434343,23.9329082653636,21.450954229641,14.1985944266911,14.0946260128487
35.3535353535354,25.845594675172,23.9781078032627,12.7237546073504,12.7171393564843
36.3636363636364,30.8855945277032,26.163626102345,11.597640804636,9.54098426760647
37.3737373737374,32.7254403983673,28.5464029877369,9.85831336075246,7.91489202449112
38.3838383838384,33.2402558187429,31.0151616380499,6.47282045356965,6.6031096581994
39.3939393939394,33.8733011077757,34.5983687705235,3.96892113287531,6.10465709119751
40.4040404040404,36.0883872260056,36.4029794336771,2.93416215503531,2.86544410146278
41.4141414141414,37.0551403637074,37.3457203337829,1.57930021091028,1.87812198722621
42.4242424242424,38.7657723903269,37.0427903476939,0.377256044610455,1.06420921219843
43.4343434343434,41.3814200809772,39.3788536772388,-1.02002615336121,0.852740079504259
44.4444444444444,40.6287042232015,40.4900689381762,-1.46662126094008,-0.35183526262728
45.4545454545455,43.69518932552,40.9553310049312,-1.65757372818018,-1.61991650696505
46.4646464646465,43.0768063296076,43.1880200944155,-2.90179248728823,-2.63298333085625
47.4747474747475,42.657995115103,43.40592378108,-3.33505556527099,-3.18353810323976
48.4848484848485,42.9866437999015,43.134811007792,-2.49770900866391,-3.73276287127892
49.4949494949495,43.0856430843207,43.5329515004434,-2.61358239672451,-2.72577740743277
50.5050505050505,42.8187119946123,43.081394546058,-2.55172280875353,-3.10147229718691
51.5151515151515,42.2199263579352,42.5583377880854,-3.17663670854686,-1.76088922820467
52.5252525252525,40.9706851689161,41.6048208484732,-1.92817526753438,-0.768049165346215
53.5353535353535,42.2371229183287,39.282950195308,-1.44166746130333,-1.14459676655361
54.5454545454545,40.5418000508089,40.2189074598586,-1.65300836942871,-1.5569819241667
55.5555555555556,38.8340864104382,37.1728297695166,-1.45563735683856,-0.763128249294018
56.5656565656566,37.6861389947107,35.4863280353058,-1.0946085830539,-1.42837752390702
57.5757575757576,34.5420901454901,33.4865952489201,-0.32405565101175,-1.03012216545856
58.5858585858586,32.3405204448082,32.7387596029877,-0.978002574528507,-0.109092315306687
59.5959595959596,29.5847870860186,31.7975426462495,-0.61013409213901,-0.637542759621678
60.6060606060606,29.770583334127,28.8497245950866,-0.957401679716647,-0.632247582049817
61.6161616161616,26.4220153564238,25.876603196189,-1.06834992258946,-0.522149620541054
62.6262626262626,25.3084212444884,23.9043617941979,-0.602838397171659,-1.05864389827721
63.6363636363636,24.9000914856413,23.7239158790961,0.14876280810446,0.0109839425482579
64.6464646464647,21.7719653898508,18.0043552083916,-0.60489734291565,-0.640599579470698
65.6565656565657,17.1088618806412,17.9547947018118,-0.783206552995797,0.00578139569449337
66.6666666666667,17.3444397019505,15.4261669284207,0.247999824699058,-0.552271206029172
67.6767676767677,12.124910768726,13.4108403682566,-0.975480508396237,-1.64983586904842
68.6868686868687,12.7165667408419,9.48665422885469,-0.634665195212125,-0.436688187558656
69.6969696969697,9.65768367985994,7.85560594763389,-0.659859098730545,-0.246811295204677
70.7070707070707,9.91808958237629,7.36723111159632,-1.07660065067264,-0.885869022803799
71.7171717171717,7.38866374795178,5.6081266665512,-1.0133462209584,-0.374926606096708
72.7272727272727,4.19424535339835,3.13589025928896,-0.652485670520111,-0.667318884957683
73.7373737373737,2.54759971189435,-1.16707012244044,-1.36967350738854,-0.0920289780484342
74.7474747474748,-1.01990535678114,-3.6876451978988,-0.718509920404118,-0.718496180786027
75.7575757575758,-4.25913718106816,-6.55343816258751,0.0313742362052977,-0.253460063806913
76.7676767676768,-7.42976769563598,-6.2856397062655,-0.459199427475071,0.185458872947153
77.7777777777778,-7.09693576091509,-11.1008632891327,-0.825500861011705,-0.142043730334381
78.7878787878788,-9.30797346132424,-14.0222899683067,-0.634895891536733,0.419330253463168
79.7979797979798,-11.6412475397293,-16.2588026890017,-0.0859131007110686,0.0356786679610558
80.8080808080808,-13.463531598739,-19.122968666504,-1.055743954615,-0.0424773692943959
81.8181818181818,-16.5315085443715,-20.2222336964571,-0.431190404148998,0.240086653544924
82.8282828282828,-18.215736509774,-23.9176071040014,0.127793917364944,-0.347186856804858
83.8383838383838,-23.818283139071,-25.9359717298688,1.39542398782892,0.713997643988581
84.8484848484849,-24.900627829726,-28.7249129352846,1.37778497658524,-0.0386104478765604
85.8585858585859,-28.416868795949,-31.6182588899762,1.1739650189201,0.652906017802101
86.8686868686869,-30.5279444963193,-33.7510700012564,1.26025809180738,0.507839467279685
87.8787878787879,-32.5342328097128,-37.1086226541595,0.551681887035337,0.693572173461381
88.8888888888889,-32.7217817642143,-41.6485069113516,0.723065127307286,1.81559957915376
89.8989898989899,-37.4172349447042,-41.2789022061349,1.79678969617239,2.25329085883622
90.9090909090909,-37.7741448765567,-44.6998514049663,2.47320245558048,2.24982141749012
91.9191919191919,-42.5081055989018,-45.9650701255836,2.34441140697058,2.59645441900233
92.9292929292929,-43.936041372809,-49.3502344778826,2.6607708073452,3.74095129733459
93.939393939394,-47.7666100108351,-51.5164151751067,4.13465772620775,3.66081736900002
94.949494949495,-49.0526494014396,-51.3864669905031,4.04545020087021,3.94521055399343
95.959595959596,-49.6997709304185,-55.698980977184,4.40925157240488,5.85473316166557
96.969696969697,-49.2161553619539,-55.7947003879229,6.50011335219872,7.20470469366737
97.979797979798,-48.7878400877184,-56.3760189529301,6.49718466787422,8.16176829077977
98.989898989899,-49.05552246739,-55.4566757921536,7.31798358697431,6.72570163738452
0,-47.9669502048334,-53.3002770855303,6.68051139474477,6.93266932139084
0.99009900990099,-49.5283229645238,-54.7505222942535,6.5101759641093,7.19478812088615
1.98019801980198,-50.6404296847333,-56.1707690018926,4.62609091063366,5.68098155518916
2.97029702970297,-47.2340235847772,-52.6920886080427,4.17456925580571,5.21387614077448
3.96039603960396,-46.3159338093683,-50.8460731828815,4.82915106460439,6.52593147442494
4.95049504950495,-44.3849114449555,-50.2459824948684,5.79604088593228,8.0454688451081
5.94059405940594,-43.0904868767982,-49.400226554459,5.65459771998008,8.73745152475289
6.93069306930693,-41.6419908910058,-47.0272166639808,6.78544627293868,11.056489925416
7.92079207920792,-39.486909554875,-45.6709051638727,10.1006262929684,14.5636355053126
8.91089108910891,-36.6921907355355,-43.8700736606207,10.4802028131146,16.3023862741138
9.9009900990099,-36.1043165566691,-42.2786950530692,12.426751823031,17.9513991442297
10.8910891089109,-35.3643830134665,-39.4052129657017,13.7514234722754,19.6318995978887
11.8811881188119,-34.5944877407455,-39.7960191471032,14.8918104731739,23.0519234601647
12.8712871287129,-31.8635667632039,-34.8896984750742,17.0634642817778,26.3136887799735
13.8613861386139,-30.416669711756,-36.1705509564001,17.5821756670614,29.0635514488295
14.8514851485149,-26.9614961716926,-32.5887348999587,19.9702655949704,31.9625535179321
15.8415841584158,-25.8584138438639,-29.4766442406337,22.2872484218404,33.9272874729379
16.8316831683168,-22.9366063085451,-28.7632280190581,24.3122041912949,36.9237260386081
17.8217821782178,-21.5177065013891,-27.2230341261836,25.3233414709951,39.6666152593448
18.8118811881188,-19.480895841173,-24.1836120404651,24.9357548387414,40.122340439641
19.8019801980198,-17.4554825451206,-21.507364030762,26.5507159436022,42.2369093638127
20.7920792079208,-14.9562531634206,-19.0119898899354,26.5463226813614,43.9018168744732
21.7821782178218,-12.1953083715975,-17.0326375021242,26.3759852019672,43.1973206847392
22.7722772277228,-13.1677642608553,-12.8517960902353,26.9158379106156,44.0973823527263
23.7623762376238,-9.850832594726,-10.5454583890501,27.3785404697484,44.2250436258119
24.7524752475248,-6.23267247595072,-8.83694451320003,26.9293770094602,43.0731041417275
25.7425742574257,-5.05444878808307,-4.80206621721306,26.9387018406209,42.3030364021489
26.7326732673267,-4.26389800845327,-2.86035421086167,28.3646858316576,41.5678668453988
27.7227722772277,0.152920670162869,-3.00217410599962,28.1081175504918,40.8939424767672
28.7128712871287,3.4342078049063,3.14782342680284,28.3317327416169,38.0309588994925
29.7029702970297,7.24143204685783,4.66454733537603,27.4873002183835,36.7095045822365
30.6930693069307,8.1978611705934,8.35064131773051,27.9403978692081,34.5985501630881
31.6831683168317,10.1631244854126,9.08567022862702,26.1337233262091,32.110084978606
32.6732673267327,12.7596432001939,14.6081989610659,24.6765633901958,29.0901782170548
33.6633663366337,15.4274036667682,18.3401221903812,23.5311235317925,26.3836726447935
34.6534653465347,16.7456350126763,19.0325309429639,23.9975286281953,23.4658219066685
35.6435643564356,18.6576059649332,20.2416096268889,22.8644055395019,21.6375019010023
36.6336633663366,23.4354680608877,23.902616219426,20.8632782333279,20.0245562706505
37.6237623762376,24.2556770059603,26.4582027458076,19.2630177580019,16.3451680065693
38.6138613861386,28.3840212596998,28.8638351174843,16.8778261755631,14.6357273329561
39.6039603960396,31.2561984791438,32.406517733564,14.4860837456654,12.7596830630076
40.5940594059406,34.0180618558394,34.4038736329137,11.7482287889126,11.4583543124139
41.5841584158416,36.699340252244,36.7843644735646,9.2755857941241,9.93038104526778
42.5742574257426,36.897195487097,39.8304226285589,6.41248824713444,7.86547812924326
43.5643564356436,39.5032238575915,41.475744960075,4.52302687675521,5.2857145083095
44.5544554455446,42.2957510766374,43.243972460915,2.67852350998839,4.18902381616375
45.5445544554455,42.2282127030596,44.2404870494844,2.31072409188024,3.48187056093889
46.5346534653465,46.8183766323819,46.5315285788509,-0.29667896096916,2.39397258838216
47.5247524752475,47.2367661868072,46.00052447122,-0.701986266384542,0.755770453391052
48.5148514851485,48.2283324712278,46.8494611708554,-3.42735542353126,-0.65284504386167
49.5049504950495,47.046630026436,51.8418605364811,-5.42630171977161,-1.19554271600606
50.4950495049505,47.6250507755934,49.8939614561814,-3.86306501686507,-2.23058792045818
51.4851485148515,46.7745529138695,48.9922601813721,-4.18256259597799,-4.58063200002305
52.4752475247525,43.1127862406906,49.1530070821432,-6.31154011474775,-5.35538170580127
53.4653465346535,44.0690815051099,46.605992542444,-8.60643896111133,-6.2811617641908
54.4554455445545,43.2994083501068,45.236060066349,-6.48369686835326,-4.61363083426864
55.4455445544554,42.2116771293912,44.7970464738922,-3.61115236340005,-2.54509024918574
56.4356435643564,39.8413278351034,43.1474416430317,-3.12303944016484,-3.6249874278754
57.4257425742574,38.3853280450559,42.5972767466842,-2.9391152412258,-3.20250057075742
58.4158415841584,35.3578458316891,40.6665349137153,-3.40666438511219,-2.93225099909329
59.4059405940594,34.8912575895094,38.0763995662492,-1.24623233494687,-2.58319423794688
60.3960396039604,32.4455233133532,35.8526366974748,-1.02745763477039,-1.26747470687832
61.3861386138614,29.5037530628611,34.081095702058,-1.10385013151323,-2.07053940105737
62.3762376237624,27.9510436251881,31.484376286233,-2.46143989068413,-2.24783647040068
63.3663366336634,23.0036469693507,26.9699866119882,-2.53502841467332,-1.96336482237743
64.3564356435644,22.2861653875052,25.0169227183151,-1.41333704907933,-1.58835685921162
65.3465346534653,20.3470873778733,22.9651829380696,-1.22976455031468,-2.76331203226212
66.3366336633663,17.965930645793,20.7978194349547,-1.89321271599546,-2.75107339880459
67.3267326732673,16.6996289864242,16.9346207191669,-1.05101449351626,-1.2854997642148
68.3168316831683,10.7052288013491,15.4810991260331,-0.686557397363229,-1.94357375906826
69.3069306930693,8.73768888294,12.261913471122,-1.26313265054185,-1.4652136990548
70.2970297029703,5.21507778801034,8.82968740114162,-0.320474235707256,-0.774148602784985
71.2871287128713,2.49011154413107,6.15000301611083,-0.836498437051248,-0.58753990048019
72.2772277227723,1.26791530100457,4.22730799890622,0.104126887720431,-0.999500403216776
73.2673267326733,-1.10377037269726,2.30817010683033,-0.570892709598694,0.0928236576430504
74.2574257425743,-2.62060360108699,-1.70164858219144,-0.147080997654046,-0.0276848786256405
75.2475247524752,-5.59066847767623,-3.67577702622577,-0.57304291724978,-0.0883149878789608
76.2376237623762,-7.51408475582708,-5.56850919602245,-1.02504377398195,-0.349905948964495
77.2277227722772,-9.94731735537386,-10.7090970119775,-0.822710766165005,-0.397506081533695
78.2178217821782,-12.3476420019271,-13.3584727800457,-0.117764234793921,-0.158609568418616
79.2079207920792,-13.1651974314219,-16.953899601665,-0.391236201114353,-0.446738574766625
80.1980198019802,-16.0654730408493,-16.8956006189512,-1.05207403889619,0.640613298598225
81.1881188118812,-16.6249728900381,-19.3483780743406,-0.80727270379203,-0.172257385975228
82.1782178217822,-20.8864712401225,-23.5169781803766,-0.162779190033078,0.520768921270703
83.1683168316832,-20.9207141201573,-25.2114424702245,-0.382579379932331,-0.668749499076524
84.1584158415842,-22.3408479950915,-30.5020346031062,-0.928753041811823,0.406229922690091
85.1485148514851,-24.3091391136792,-30.3431381005215,-0.372341055406064,0.767223367258196
86.1386138613861,-27.8949644127433,-31.4214369148206,0.263452434096279,0.760544174997223
87.1287128712871,-30.5363804577404,-34.869718284615,0.380948360281065,0.712094017568236
88.1188118811881,-31.8078358951225,-37.2734926860433,0.071349730198361,2.24930302330905
89.1089108910891,-32.9031732312658,-40.2623792461175,-0.350037913850538,1.70171433283325
90.0990099009901,-37.5207052951215,-41.3972790389085,0.660661864630708,1.37755823247415
91.0891089108911,-38.0153818964225,-43.7642170423125,1.39481048324846,1.97663327661596
92.0792079207921,-41.487617806595,-46.0394717933843,2.06511141960147,2.23920085582195
93.0693069306931,-43.8227452942958,-49.9400054502597,2.95213742368326,2.91403214664147
94.0594059405941,-45.0121809301819,-52.1399607372068,3.98061582080702,3.93896726145597
95.049504950495,-42.5192154455861,-52.0334591973386,3.47852104930996,4.75927662157662
96.039603960396,-45.5395462148876,-52.9870660004042,4.88979852444441,5.19038896993324
97.029702970297,-47.5361385434775,-52.2221097298154,3.79826694259375,6.18803433545408
98.019801980198,-47.4851024000931,-52.28840491338,5.7354785319561,6.39398893073126
99.009900990099,-47.185070537212,-52.8427094303632,6.17174384958407,7.31170531412741
0,-41.600995861345,-54.7433799449633,7.21285699731415,5.88632084956558
0.99009900990099,-44.924038091152,-54.6163819152687,8.68153162251678,6.14401913707635
1.98019801980198,-42.897504565325,-55.1364517465601,7.38276004326573,5.18258828596147
2.97029702970297,-42.26231337847,-52.1226242771375,6.5720553374567,4.86951061258579
3.96039603960396,-38.32696266435,-51.5574364596237,8.20825905816051,6.2821817945472
4.95049504950495,-38.8304104005197,-51.4292030496003,9.93245672599866,8.63602299704836
5.94059405940594,-37.2840003338604,-49.2529031143666,14.5376164994881,12.8438154999033
6.93069306930693,-34.2687816991567,-44.8243757435528,17.7496036706291,17.9334208909419
7.92079207920792,-32.1666234387295,-43.9746703086575,23.2480007253069,21.024477937161
8.91089108910891,-28.3703661176029,-39.9641891038412,27.4925908284722,23.6797794512882
9.9009900990099,-29.8622557617721,-41.1623023624636,30.7215498427961,26.353081425673
10.8910891089109,-26.5549798423731,-37.4742196928614,32.7445710037036,27.7132155267202
11.8811881188119,-25.3285967915429,-35.7212245901862,33.9205686437218,29.8855948213577
12.8712871287129,-23.6233676222285,-34.9957468968586,35.9486139508518,31.0617088471538
13.8613861386139,-20.4103781191345,-30.6685196494166,37.2030760942338,32.881347903791
14.8514851485149,-19.4530774563615,-30.6510947254034,40.043256117884,35.1278740679057
15.8415841584158,-16.7759091464457,-30.754622544554,42.0624827919198,37.4067765839999
16.8316831683168,-13.4670304623632,-24.4269511752792,43.6556559788046,39.5325853355336
17.8217821782178,-9.54704831293806,-22.6852665249222,44.1517518856942,40.0267010901278
18.8118811881188,-9.37490915320963,-22.2448058800494,44.2357837059814,41.6741735463037
19.8019801980198,-6.76916103599258,-18.556609461128,44.3845808089019,41.8871703203776
20.7920792079208,-5.48804222148246,-16.1020491001898,43.2755372039953,42.1247761562099
21.7821782178218,-0.361293988532941,-11.9874032961247,40.4073335824704,40.6662738816526
22.7722772277228,-0.96546425674319,-11.261773745781,38.4236522900676,38.7638097670312
23.7623762376238,0.967952233170204,-9.3947348776559,36.7660819846245,38.3130891940342
24.7524752475248,4.53811476716843,-7.27786786996984,33.6465227949893,35.472566349544
25.7425742574257,9.21269969782099,-2.44228459139398,32.4479471269652,34.4718869183925
26.7326732673267,8.50788717744962,-0.256281178167202,29.6202953020904,33.226762896368
27.7227722772277,11.9911520574266,3.37091176695077,27.7179857178209,30.4225484484808
28.7128712871287,13.7158179866917,3.26785195242435,23.7033990122023,28.7337769614334
29.7029702970297,17.6211041861105,6.33010206897663,21.9727702133883,25.6644854977049
30.6930693069307,20.6747462171873,10.1850633762403,19.3690762634961,23.8840577501487
31.6831683168317,23.4697367578276,15.4258441163685,15.9262314229519,21.0733507813246
32.6732673267327,25.2340959475233,18.4883425679351,13.5493983992136,18.2016634340607
33.6633663366337,25.706968794459,18.8924620449012,10.2241275971949,15.0405239637351
34.6534653465347,31.970755848804,20.8656518188288,6.86086647282002,12.514235885445
35.6435643564356,31.6417277099461,24.9838471898244,3.94756821694839,7.98019200761413
36.6336633663366,34.4402238197322,24.4894588703375,1.66116160975831,5.33320052733242
37.6237623762376,33.4651661767377,27.9433211407213,1.40856112387627,2.54765439146459
38.6138613861386,34.4612966918087,28.694415823822,0.706039819367926,1.58299354647607
39.6039603960396,36.9178742000417,28.5655712617827,0.617497129308495,0.0687340382367506
40.5940594059406,39.3788603381683,30.3239722169553,-0.12920787500547,-1.76146526031156
41.5841584158416,40.1852773558425,32.6697215247431,-1.32136165209652,-1.87760143846755
42.5742574257426,41.3353001028863,35.3494800333711,-2.6848877839996,-3.96285750325279
43.5643564356436,44.7240840284455,36.78040807485,-2.28654310890835,-5.25790177444149
44.5544554455446,43.7593437770665,39.5951074018998,-1.22901323911166,-4.70933914410524
45.5445544554455,46.3442490972658,39.8551212646544,-1.50068354564183,-3.30228296371326
46.5346534653465,45.065169297966,39.156816441444,-1.18290602909832,-3.39981102714527
47.5247524752475,45.2417409097265,39.1389614315531,-1.32477745556636,-2.9715873100024
48.5148514851485,44.6280281288692,41.3368101874966,-1.99954357056301,-1.58796817591336
49.5049504950495,42.265692613602,40.0210594215498,-3.24373874582193,-0.158049605014634
50.4950495049505,41.994892764266,40.4314840108731,-3.33992723103775,-1.2632385998047
51.4851485148515,40.7175483343416,39.8217938256795,0.0804794180796201,-2.87028163297873
52.4752475247525,42.3540367060326,40.164888283481,-1.81524457554847,-1.61706863706525
53.4653465346535,41.0849561215073,39.0940560516245,-0.587955178228184,-0.655255223976626
54.4554455445545,39.1621876127462,40.4435413311999,-1.02633135750263,-1.9637929565431
55.4455445544554,38.8349835885702,38.6869458721353,-1.08522581031351,-1.40651469081837
56.4356435643564,36.6626489536046,36.0998445184043,-1.31788889595637,-1.1187675249247
57.4257425742574,33.771556994877,35.4222770372128,-1.66190034570437,-0.726132034971043
58.4158415841584,34.3401881059213,32.3521919272564,-1.13029846205008,-1.24762847767308
59.4059405940594,33.3092970695846,31.6511587300412,-1.62998346152178,-0.751559684737788
60.3960396039604,31.6619794418359,29.8581650204098,-0.454444362440775,-0.740337313408402
61.3861386138614,29.9704410483578,28.1032473327164,-0.33345602095029,-1.87564345484207
62.3762376237624,28.8354364919831,27.6161402022879,-0.276639848295344,-1.66856343783262
63.3663366336634,24.3834628369194,25.4338433381636,-0.596701204202595,-2.39437319449884
64.3564356435644,24.447505315225,23.7707247411028,-0.378976409627915,-1.37346293934869
65.3465346534653,23.357101482534,23.0827967517496,-0.597836685901568,-1.4863351679627
66.3366336633663,21.6287371319466,21.6044564039187,-0.561151772207605,-0.995437955188037
67.3267326732673,20.4047170742556,18.7377142880532,-0.536183641331294,-1.40545341268686
68.3168316831683,18.2956791533371,19.2961868180375,-0.82244104601685,-2.20463307344517
69.3069306930693,16.68100026225,15.5283366016896,-0.0667952201318152,-1.69146074244118
70.2970297029703,13.9546413776585,12.8612665131018,-0.617997527447386,-1.92642189891602
71.2871287128713,12.6055266507146,9.65729947667506,-0.98608435872187,-1.95842276955132
72.2772277227723,11.1945214451863,8.66590030177962,-1.54096634374927,-0.975804773867003
73.2673267326733,9.235833561625,5.99009061037578,-0.74087674819324,-2.16359369301355
74.2574257425743,6.72906441164109,2.92549330405505,-0.483283281989753,-1.54066675249308
75.2475247524752,4.60147934838197,4.06907441625216,-1.02896277304333,-1.26492921896871
76.2376237623762,4.15148084752871,-2.60141197016006,-1.45260174448717,-1.73406333629562
77.2277227722772,2.32545281721005,-3.13423588746522,-1.29079185306857,-1.72473854794861
78.2178217821782,-0.0823398077935893,-6.85738096478722,-0.806698630102675,-1.31192875626317
79.2079207920792,-3.79467866801427,-8.29870335599364,-2.00809433434394,-0.80193743847211
80.1980198019802,-5.11750444656151,-10.9007574727481,-0.919887363378491,-2.36204990559119
81.1881188118812,-7.87938489961367,-12.4405616394827,-0.305278683100526,-1.62839227332549
82.1782178217822,-10.540364367473,-14.9405886282615,-0.475700503667756,-0.550827116879186
83.1683168316832,-12.8340834661068,-17.2731878361971,-0.741753352972475,-1.30240417432483
84.1584158415842,-11.1255277230671,-19.205118956549,0.660558638724675,-1.21858351657618
85.1485148514851,-14.3730761794918,-20.8558376932688,-0.596475020179594,-1.06045601978991
86.1386138613861,-16.7484799606443,-24.0884098618062,-0.265197125464496,-0.655379304444732
87.1287128712871,-18.7441437999751,-27.1036286868022,0.810683094429958,0.288864178723719
88.1188118811881,-22.279956198858,-29.456630745779,0.558385085564092,0.237292246598485
89.1089108910891,-25.9892405294276,-34.5623376146192,0.431984299885356,-1.08438297036837
90.0990099009901,-30.2272165077875,-37.4496599970761,1.5292331042401,0.917484157978417
91.0891089108911,-33.3356703913734,-41.3264202137261,3.031926017556,1.00766510611163
92.0792079207921,-35.570975304343,-44.1487554575197,2.2359351888067,2.02507976027489
93.0693069306931,-37.8986322987621,-46.900492708955,1.65540585325115,4.05136472210756
94.0594059405941,-39.4801343959504,-47.6830609217816,3.6836289351244,5.04891453062377
95.049504950495,-40.6728858284699,-50.007575685676,4.36561739901737,4.7920725665132
96.039603960396,-41.5309312879024,-51.3009412263411,6.5147029447105,5.06927603516069
97.029702970297,-41.8408185709103,-51.005437929504,10.0768209025246,5.8003761067456
98.019801980198,-43.2107218761713,-53.5602915009063,8.67088260183663,4.6691696406593
99.009900990099,-44.2631611382756,-52.2406237537632,9.75257537553381,5.36785423926379
0,-45.7376688837229,-57.8861833971032,8.4185991941099,6.95155849207695
1.02040816326531,-46.6967124332651,-59.811802887935,7.35183550926714,8.27528099227721
2.04081632653061,-46.1482858805665,-56.6206147931278,9.30072736143514,8.02984702752662
3.06122448979592,-46.22739572364,-54.7318731012969,8.38023081294125,9.71756537794128
4.08163265306122,-45.2392178328719,-52.0680878693961,11.1738299161985,14.1769836522493
5.10204081632653,-44.4577947467854,-49.5881724308636,14.9672904199779,18.0066317209514
6.12244897959184,-43.7279200769011,-48.1508113609454,21.5740526951729,22.2122893604767
7.14285714285714,-40.6528161886677,-44.9013367794218,28.5619004365186,23.5519023776112
8.16326530612245,-38.4331772060218,-43.8710671431137,34.9439881900603,25.824568748364
9.18367346938776,-37.596649098554,-45.9902402488638,37.8310435605298,27.0312513522965
10.2040816326531,-33.0975889619943,-42.2255290488079,40.5244802133505,27.8023612425487
11.2244897959184,-31.6899690188388,-39.3920674870032,43.3974216977933,30.2236126996855
12.2448979591837,-31.1175245813438,-37.78164563266,44.8949971208007,31.185121151427
13.265306122449,-28.4013404497296,-34.9617675129428,46.8126994400588,32.8945599606706
14.2857142857143,-27.3095851967931,-34.0789597093829,48.9569892198771,34.0463639238276
15.3061224489796,-23.2999807000667,-30.2487852914368,49.436842688418,35.6128377816063
16.3265306122449,-20.7270453273479,-27.4901027067824,49.9087648155861,36.1641735409521
17.3469387755102,-19.3560414971363,-27.931463565286,49.6478845237527,37.0424770408263
18.3673469387755,-18.4822100151819,-23.2438302846078,50.415845734545,37.190788239408
19.3877551020408,-12.7893588739598,-22.2311870473562,49.4028571444038,36.8901819058866
20.4081632653061,-10.9173843131727,-16.9346842505855,47.9872698772747,36.6729438506019
21.4285714285714,-8.32975642295094,-17.4538666035225,46.4103087429332,35.6176639038213
22.4489795918367,-5.66561440253979,-13.3717362503645,42.4780886620677,33.1799352939537
23.469387755102,-2.18548333008717,-10.0417297544845,39.9628445659432,30.729469591349
24.4897959183673,-0.570684772993367,-8.46286784146448,34.8556165160445,28.3508857548004
25.5102040816327,2.01728964017365,-5.17864297130668,30.2052467013319,23.801927849412
26.530612244898,4.92822830727419,-2.47389207694971,25.2999583974977,21.2198160921814
27.5510204081633,6.06180409944535,2.1963753566564,20.2322746955961,19.592395933898
28.5714285714286,9.48032256763539,5.55929765129744,18.2317053148324,18.564411922556
29.5918367346939,14.213293703333,7.4611816912802,15.5719470288958,18.354671585798
30.6122448979592,16.9879819108623,13.4835302692164,15.2536401065629,16.4693897757259
31.6326530612245,19.6201552767751,16.3482950812724,13.1957274658133,16.4260218193483
32.6530612244898,20.4390658468969,18.3669845722853,13.8208628387271,15.0426560365414
33.6734693877551,24.9855373287914,21.7411272548515,12.1440754153522,13.626387029748
34.6938775510204,27.1354347927473,23.9543795695855,10.5888231371113,14.3399060320382
35.7142857142857,28.8086370002589,25.2703719019398,9.29825671625766,11.3644322307568
36.734693877551,30.3602955226502,28.9425029892216,6.26749762542662,8.66268801720165
37.7551020408163,32.5079835693997,30.3583897940809,4.10903723519056,5.93492643150848
38.7755102040816,37.1009851745307,30.5508913422616,1.08325069967965,2.24402883765145
39.7959183673469,39.558060879086,34.3278740802148,-0.980510992910126,0.624568281302092
40.8163265306122,39.0090311891682,36.1714429533773,-2.2131219876983,-1.31347430186902
41.8367346938776,40.3801536093311,40.0352331394536,-1.52761182568568,-4.1093647333234
42.8571428571429,40.0816624388625,39.4022757769882,-2.19428213753205,-3.47104469841521
43.8775510204082,41.2860450422947,41.5182625261299,-2.94293890832387,-3.28062186440962
44.8979591836735,40.8037284285862,40.3482268168648,-2.25625366271177,-3.74837039067436
45.9183673469388,40.4316303966527,40.6009540102919,-2.27633786635761,-2.39444091521281
46.9387755102041,40.8146247065024,40.6438744351456,0.158233894834638,-2.99694441701309
47.9591836734694,40.6420643499909,41.628516754195,-0.370647626656101,-0.293359239539224
48.9795918367347,41.250601835311,42.3461619123581,-0.0461149562639473,-0.0263704585676675
50,41.2921219889658,40.353533138735,-0.419438874154414,-0.0906875425688376
51.0204081632653,40.5348800237873,42.8027254045811,-0.25568779045935,-0.0367895386083982
52.0408163265306,40.0024933327719,42.4363613651599,-0.734167563937492,-0.503060224935781
53.0612244897959,39.2382909301517,40.8917246168081,-1.61182423799164,-0.698849056513881
54.0816326530612,38.6302928279632,41.2304819823606,-1.48549047773882,-0.821518041527839
55.1020408163265,36.2158477671491,41.4013501397071,-1.36124850661015,-1.18550931578426
56.1224489795918,35.4894349234635,39.0197657775993,-1.34952108352017,-1.74296153005082
57.1428571428571,34.7426443101068,40.1616574327181,-1.56102435147423,-1.80893352612826
58.1632653061224,32.4651023865088,35.5212264487048,-1.13592597911453,-2.16723399916962
59.1836734693878,30.3144592228735,33.4846537411322,-1.48074829792024,-1.68401261970608
60.2040816326531,28.8221953968524,31.4976600698399,-0.955614971451388,-2.38003216454133
61.2244897959184,29.045916575508,31.9704579481383,-0.463127874818956,-2.26020802284321
62.2448979591837,25.0753841441353,30.6297003316885,-1.13706643081425,-2.76158702536722
63.265306122449,25.0504536630464,27.6692638548027,-1.02766497608036,-1.60948122669873
64.2857142857143,23.3517700324168,26.9977606014001,-0.730679798423742,-1.00711173947407
65.3061224489796,20.0349405774113,24.9539863022885,-1.28388485362497,-1.04798126351884
66.3265306122449,17.2497125281178,19.7711208851676,-1.24934491635515,-1.24192264929799
67.3469387755102,15.2626421984217,18.3514143485181,-0.788455604010897,-1.14526338314009
68.3673469387755,10.7160313189979,13.4395790843299,-1.454811505977,-1.01322228810691
69.3877551020408,12.3038937979839,12.3981340060014,-1.04781665822282,-3.03436413821585
70.4081632653061,10.5085314124559,9.6781507890606,-0.531728870040311,-0.604177592363912
71.4285714285714,7.92842217577077,5.23278642442341,-0.37435968649491,-0.392100251582984
72.4489795918367,4.23333079048309,4.25165896531768,-0.0311692027255615,-1.72929253184475
73.469387755102,1.786560011206,3.82696912630128,0.313772279567202,-0.00470198383051262
74.4897959183673,-1.23697861039089,1.18604070444489,0.490174570728238,-0.844988453234588
75.5102040816327,-1.33743078114578,-3.35306072926409,0.470184979523439,-0.560692636525978
76.530612244898,-2.26741554350376,-2.70008333460601,-0.691187577676248,-0.854147663184108
77.5510204081633,-7.68048587201593,-7.89973425878941,-0.117925894848575,-0.192791772484399
78.5714285714286,-9.00889783324189,-12.1399039558691,-0.376656048137514,-0.139112347091039
79.5918367346939,-7.54601505754444,-14.5545282392585,-0.359172192899637,-1.01603856942035
80.6122448979592,-10.0831043709256,-15.7037066460413,-1.19775263987083,-0.459911070006528
81.6326530612245,-13.2473606816257,-18.5478883205769,-1.32093678201914,-0.0911051677722919
82.6530612244898,-15.4933437434867,-19.7497122936344,-0.908849929281505,0.0241377600845187
83.6734693877551,-17.3817244770322,-22.319862193749,-0.58830212894656,-0.312536916007918
84.6938775510204,-20.8638722506811,-23.8193399035312,-0.425682686808312,-0.549843418343787
85.7142857142857,-22.6394162689027,-27.9736234137109,-0.274338550229739,-0.264623049645577
86.734693877551,-24.8554262245742,-28.7578534429847,1.15219248486742,-0.756431076712072
87.7551020408163,-27.2013016996453,-33.1026230923336,0.07303076586965,0.638736962500321
88.7755102040816,-31.6488502101881,-35.1181476201882,1.40801216003489,0.1174592878754
89.7959183673469,-33.1920778659931,-38.5209889830686,1.81348949058517,1.45078602427544
90.8163265306122,-35.5090266839643,-44.5196825380184,0.881961050987822,1.3112351440345
91.8367346938776,-40.5571754831674,-46.39985958165,0.645765332283543,1.29968595508705
92.8571428571429,-43.6550329714672,-49.1190441043291,2.05825227148484,1.81372674994663
93.8775510204082,-43.7520344059072,-49.835044017402,2.83897927487889,3.67969036770876
94.8979591836735,-46.6187025370088,-53.2167237350057,3.35612626540212,5.87275135159351
95.9183673469388,-45.3796635817189,-54.3411552199142,4.96064052670604,5.65030577695229
96.9387755102041,-46.7581134820203,-56.8312732584682,5.74187170337874,5.23086464049315
97.9591836734694,-48.5515662351916,-57.2941910229721,7.15009577234454,6.64289174891305
98.9795918367347,-45.7086910839109,-57.1546247610642,6.96938522517323,6.62223109623081
0,-47.7676691404715,-51.2359874825678,6.39281486041324,7.1233278364408
0.99009900990099,-49.2221561619939,-54.7199453921479,7.44114455573445,5.34244466782129
1.98019801980198,-47.9320612636999,-53.6605538699089,6.96624305838771,6.59788897363787
2.97029702970297,-50.6395378479285,-54.5729256518278,7.31611913980448,7.36995179220136
3.96039603960396,-49.1815705909511,-52.9020809950839,6.11861682641982,7.38125095894137
4.95049504950495,-47.699483247229,-51.5875798505517,6.40077553886052,7.5007155285871
5.94059405940594,-45.8888094312899,-51.180311054494,5.67218222680229,8.04287196373277
6.93069306930693,-43.8074463561652,-49.3035289110507,7.46578017849842,8.92469200064355
7.92079207920792,-42.3514270618048,-45.8087136768212,9.12441901508427,11.320162436205
8.91089108910891,-40.6559854334794,-47.0226117208454,12.2197512238222,14.7886759897007
9.9009900990099,-39.237804997766,-44.6359005470783,13.7062302404708,15.6725417196691
10.8910891089109,-37.7812576424671,-43.0199469014409,15.9497844460504,18.6041879210325
11.8811881188119,-35.6175745926055,-40.4077568709248,17.3854138961522,20.4498270755371
12.8712871287129,-33.8321759463833,-39.3636786977077,19.8325475395964,22.646444067042
13.8613861386139,-33.877743358791,-36.7160853839639,22.3202740210239,26.4109329279997
14.8514851485149,-29.2993527765243,-34.6396642930194,25.2211115939197,27.6113218732238
15.8415841584158,-27.3871149811555,-33.4459959767774,27.4602492325488,32.10732701847
16.8316831683168,-23.7580047454134,-30.2232454711611,29.3019027690199,34.5168406214633
17.8217821782178,-22.5476282375297,-29.0787680259877,31.1020440274889,36.4303287674299
18.8118811881188,-20.4659247063902,-27.309524147829,32.9582417522117,38.2571509451661
19.8019801980198,-18.4289698505431,-24.0186212992642,33.9702906321156,39.1939323916905
20.7920792079208,-16.7647407207397,-22.3339613275322,33.7776985575161,40.0904301375765
21.7821782178218,-15.2112551914911,-19.2257208846785,34.5106776734319,40.2728372575121
22.7722772277228,-11.2738545992015,-15.6878011958872,35.1945677242339,41.393849241366
23.7623762376238,-9.49971351856655,-14.3029019608127,35.9383444141306,41.9217588753272
24.7524752475248,-6.09875973567156,-14.1152190314879,36.0979593658913,41.5050071179454
25.7425742574257,-4.83704340447534,-11.1368474100555,36.1831586720579,41.6349607133385
26.7326732673267,-2.7421079334996,-7.34232890270718,36.4626383313716,39.4918430669657
27.7227722772277,0.965011910249598,-5.49378494453104,37.2308763475805,37.9407850152121
28.7128712871287,1.27580105432344,-3.75968412803596,36.0530865723895,35.6099425943261
29.7029702970297,3.89969948312058,0.0236574501321622,35.3872698185783,34.4261106996813
30.6930693069307,6.50059623394722,3.43219809508182,34.3751322979594,32.0514543759843
31.6831683168317,9.55565516059847,7.37367108970746,32.8474158421751,29.9019745159998
32.6732673267327,11.5885010483082,5.69221078619069,31.1891251157349,28.8191712503386
33.6633663366337,15.9793795718558,10.8504891677305,29.9537700256439,26.8204231903161
34.6534653465347,17.9358774994611,13.4357493446283,29.4484486073436,24.0170120511157
35.6435643564356,21.8304542230707,16.3393972967363,26.8895071592178,21.4112485353078
36.6336633663366,21.9735688280527,18.2724127541488,25.4889589425723,19.3314777809337
37.6237623762376,27.5381244696395,22.75966554366,22.5165201277226,18.935949681083
38.6138613861386,28.9178936053262,25.9470634384414,18.8099554690485,16.0407733240619
39.6039603960396,32.5896338354292,26.3025230706873,16.3659531943696,14.8719189985298
40.5940594059406,35.084166023878,29.1223634107722,13.5054676239954,13.7048625140256
41.5841584158416,37.7311726778901,33.3001585656709,10.0409636922643,11.7212268109124
42.5742574257426,38.8438717539762,32.901250992533,7.56621721278849,9.26120088508467
43.5643564356436,39.5271101180274,36.3833866838192,5.26420189647049,7.06609575865664
44.5544554455446,42.0613905914948,37.1405119429282,3.12851576438352,5.24988883011044
45.5445544554455,47.1102437959344,39.7653914907335,0.298390499009263,3.82574058922873
46.5346534653465,47.2610034044491,40.2978605171632,-0.0734700691399437,2.25520136508756
47.5247524752475,48.1443996754855,43.5942219200884,-2.47159321078403,1.16410663707527
48.5148514851485,50.1179533937652,45.281741389234,-2.62411359980222,0.128954757302738
49.5049504950495,49.7762172557593,44.4778058987144,-3.11543795183614,-1.70934697843408
50.4950495049505,49.3336739859958,46.6386498313538,-3.20105588638683,-3.71945077663819
51.4851485148515,47.6951455093142,47.961221293324,-4.48215055086483,-4.24769842787521
52.4752475247525,45.7310246213786,46.6162314784669,-4.89278300391631,-4.80443444501589
53.4653465346535,45.6615196659477,46.0039990121454,-5.91608421971115,-4.69402784578922
54.4554455445545,42.6145431591184,42.0518776801894,-4.53763032488364,-4.75574577632237
55.4455445544554,44.3751604704945,40.5809755297322,-3.05527805871611,-6.18089945478803
56.4356435643564,38.994869365819,40.5983712759464,-3.32030743724535,-2.31754391513614
57.4257425742574,39.8069595360529,40.4432229932758,-1.83255634422499,-2.41805135849848
58.4158415841584,37.3368272274995,38.0254347208679,-1.99010774268538,-2.38844022839277
59.4059405940594,33.8766891119268,37.0739342752339,-1.46577244996139,-1.60864843900587
60.3960396039604,31.5179125736963,32.9077034195697,-1.77408595082353,-1.97747984742831
61.3861386138614,28.9678589171204,31.4343109404948,-2.05511837080251,-2.75458618041536
62.3762376237624,27.1373905823482,29.3120018307598,-0.986093352611847,-3.50284823202198
63.3663366336634,23.0801990614102,26.3646639063263,-2.73712272403398,-1.95087552692353
64.3564356435644,20.9015182141417,24.7890761988509,-2.34446657989711,-2.84610175041353
65.3465346534653,17.6863556444076,21.5550359692386,-1.84437007282821,-2.16226642307503
66.3366336633663,15.7250218187184,21.0246401832567,-1.12017546554411,-2.31056556840668
67.3267326732673,13.3846704276936,17.1985185613539,-1.4191282189874,-1.99285029932262
68.3168316831683,11.9965135595464,12.7221628970188,0.420434944395163,-1.28463791891917
69.3069306930693,9.85190707945546,8.9903738030841,-0.584002828363842,-1.25209187823903
70.2970297029703,5.43205319293075,7.60725896897906,-1.79846581235225,-0.853112314563617
71.2871287128713,3.95276547743589,3.56300151129833,0.0302945301338179,-0.578649479722997
72.2772277227723,1.9444626060489,-0.477954118978147,-0.178879234180309,-0.689471771190652
73.2673267326733,-0.773757700550566,-1.53611908472671,0.0201737663429797,-0.369170545707904
74.2574257425743,-2.39916132045132,-4.36491533977013,-0.0154171476259512,-0.426318443224316
75.2475247524752,-5.62820538230309,-5.8927902716763,-0.472984003263084,-0.278071430034668
76.2376237623762,-5.8806697198569,-10.9637142121925,-0.27605297091423,0.0383021124785495
77.2277227722772,-8.5534683157882,-11.6723058770687,-1.00296970732258,0.000241114434617717
78.2178217821782,-12.1848794852843,-13.8994786815141,-1.28889784748291,-0.739435244857683
79.2079207920792,-12.214947217389,-15.099866861536,-1.36950623888135,0.712252607718078
80.1980198019802,-14.1554933129887,-18.1230070177697,-0.998824072852147,0.138017288294748
81.1881188118812,-18.7205796125907,-21.2263688462407,-1.45951541233132,-0.54629528457493
82.1782178217822,-20.3275811358175,-23.3931328844557,-0.389161519331856,0.129185249231802
83.1683168316832,-24.3936817058027,-25.5391089439759,-0.601092257063882,-0.228614298265895
84.1584158415842,-25.5318630956937,-26.5882543256988,-0.2746866488375,0.294242208556984
85.1485148514851,-29.1132213994579,-28.9979001672746,0.368474861162309,-0.0361621982499837
86.1386138613861,-27.5332918158476,-30.6685140404273,-0.186464234160199,0.751982018952945
87.1287128712871,-30.5995368659473,-35.2512325760522,0.665553897278653,0.566975258612935
88.1188118811881,-35.1731492825399,-36.4930080144309,0.418477282446301,1.86898698022039
89.1089108910891,-33.7936152285237,-39.3307139128091,-0.268969383591149,1.54612047531384
90.0990099009901,-37.28875647885,-39.3717846853256,0.923778968626233,0.953487256469926
91.0891089108911,-39.9053409848284,-43.0288852944221,1.22684215247025,1.15112226575296
92.0792079207921,-41.2045907995657,-45.1590291054149,1.26139618729476,1.37329735054258
93.0693069306931,-42.718784831804,-48.5182989660514,2.11046953623561,3.09511750390881
94.0594059405941,-43.5143010578813,-48.423829422701,3.53510886124503,5.12802507783982
95.049504950495,-47.0017857997116,-52.7022616642705,4.15246793945622,6.67274761243754
96.039603960396,-48.2783532405374,-53.0198613255125,3.06612654386494,6.07120372003293
97.029702970297,-50.495904272294,-52.3790638604226,4.74342385488144,7.02127655126522
98.019801980198,-49.2957989602649,-54.2145420426777,5.40648347906934,7.18136992900922
99.009900990099,-48.6367728788514,-53.1883456626027,5.86342250508811,5.93679164340746
0,-60.9228023240156,-63.2925715840732,7.31385340708145,6.71461434156579
1.02040816326531,-62.6579555003709,-61.228846558668,6.65950549095783,4.41122226293532
2.04081632653061,-61.1560554031676,-60.8519906726612,8.00902796576052,3.94627753612883
3.06122448979592,-60.6032813441012,-59.3588220613781,7.80042402898538,3.73516070966412
4.08163265306122,-55.8418217387436,-61.0620504089999,9.32016564086902,4.81462340726317
5.10204081632653,-56.3804072470739,-55.8119550805977,10.8177689485288,6.48160631805068
6.12244897959184,-53.3715600523236,-55.6271181001605,14.2488004066456,10.0346598446067
7.14285714285714,-51.7573626959839,-54.3435923200599,19.9170868268968,15.4032696629443
8.16326530612245,-50.4985820125261,-52.6921720376265,25.1845893595754,17.8718821569648
9.18367346938776,-49.3397367828299,-47.8585199605716,30.3107173533752,19.4740332101984
10.2040816326531,-46.9592773333851,-48.9312182155605,34.3764204481513,22.6908955504521
11.2244897959184,-46.182442523633,-44.4478052882788,35.7131861132614,25.8537318626727
12.2448979591837,-43.3214543730029,-43.1392946587093,36.7200544322003,28.6802985654522
13.265306122449,-39.8478404754876,-41.0492278620586,37.8596755744381,31.0701472408245
14.2857142857143,-42.0690829555237,-39.4522604945111,39.7191612614172,33.6986397386795
15.3061224489796,-36.5640033068073,-36.7510831848338,40.477527227855,35.2382635354411
16.3265306122449,-36.1285514362803,-33.8887917500551,43.4004637556173,38.3117771027634
17.3469387755102,-32.6696095681794,-32.1846712063621,45.6347383469273,41.1704819192858
18.3673469387755,-32.005806609675,-28.9935120478774,47.644290040999,42.2635409880492
19.3877551020408,-27.7910248996828,-27.0593017447139,47.9794542210896,45.2248588580442
20.4081632653061,-26.065500076741,-24.4398517969045,49.552801428547,46.9639659750698
21.4285714285714,-23.7087297221071,-21.1066972033888,50.0168069364556,48.803746297507
22.4489795918367,-24.0399945571092,-21.4308732962176,49.3013749028448,48.8575747005438
23.469387755102,-20.6168825211753,-16.4310723906848,48.2310150223558,49.6039065605415
24.4897959183673,-18.2006194261134,-14.2859279688036,48.6034065460362,47.3548844929393
25.5102040816327,-14.5573705883392,-11.5713399560658,47.9836829863308,46.7860578666964
26.530612244898,-13.2957225684047,-8.65059657520222,46.06268516778,42.5707335880087
27.5510204081633,-7.56467779287366,-5.01510134838817,43.7485047216617,39.8718652449414
28.5714285714286,-8.38777609872856,-0.886621069500308,40.7891487127593,37.8624421863488
29.5918367346939,-3.88208222184008,-0.0892827908593893,38.5872217564621,34.7897152772315
30.6122448979592,-1.34213130213621,3.6310163668913,35.3029571165321,31.4758911810162
31.6326530612245,3.30799357256088,7.6510543705471,31.6220313655599,29.7535247342187
32.6530612244898,5.44627507161036,9.78773946082211,29.1914990379563,26.5447362316337
33.6734693877551,9.58079152035214,10.9546035715174,27.1745858847211,23.6579157891732
34.6938775510204,12.9003280479014,16.4968966171158,24.528247489804,21.4407475339151
35.7142857142857,14.582594971643,17.4567082935037,23.4632171507365,19.5569330704149
36.734693877551,20.7389408106685,21.622120514614,21.9335558809264,18.6756455963386
37.7551020408163,21.9776780400851,25.9287175742656,19.7139381520822,16.6080408014196
38.7755102040816,25.1646640204996,27.1646060038454,18.1603660260822,14.58255030155
39.7959183673469,29.6113673940994,30.2277643662569,15.0434506968325,10.8853742995205
40.8163265306122,30.8641527441779,31.5007462048373,12.0182795069093,8.00204691372425
41.8367346938776,32.2156335098889,35.572121521259,10.4214065145916,5.41605025574035
42.8571428571429,35.1587834142878,38.104753028279,6.79764274105491,2.83854962003189
43.8775510204082,38.3309487055646,40.2188219067033,3.91890081826814,1.42912781142146
44.8979591836735,37.711091970079,41.3167107069054,1.57788099594898,0.549909018090715
45.9183673469388,40.2908686048037,43.1657917099087,-0.388885669924475,-0.776354206096623
46.9387755102041,42.7858596028629,43.926007359805,-2.01587815442427,-2.96822514796794
47.9591836734694,44.6695481562602,46.3848464483398,-2.84771450866544,-5.14459287714589
48.9795918367347,46.1873305401395,44.652329285924,-4.80654361257292,-5.3858773189241
50,44.1776290876761,47.623723783761,-5.8750402715473,-5.84071562163548
51.0204081632653,44.7504629594073,48.0605098294203,-5.40888799600899,-5.65124123616082
52.0408163265306,44.0189310971754,46.2453022567014,-4.43980932402951,-4.20608531255909
53.0612244897959,44.0691136552989,44.4147787208526,-2.75293536652429,-3.56821270259194
54.0816326530612,42.0010751784733,44.7938680450602,-2.33528053394838,-2.85299450142485
55.1020408163265,41.7194337968675,46.1356519644563,-3.01782685153795,-1.73164006113032
56.1224489795918,39.8764881995712,43.0526766689173,-2.81105317773609,-2.45329211553692
57.1428571428571,37.2131819724377,45.1755105431345,-3.03137866340312,-3.55911557032841
58.1632653061224,38.2243523134521,43.0741215625623,-3.15874234058983,-3.35179170710181
59.1836734693878,39.04912538473,43.4140883347986,-4.34580027872065,-3.27100111261026
60.2040816326531,36.4663927942293,41.2537354132742,-4.12202814796365,-3.5521307549977
61.2244897959184,34.9178619647418,39.0935961903234,-3.80085196186655,-4.29919201093576
62.2448979591837,33.6723817006845,39.5748014947125,-3.76436820129524,-3.48419504444549
63.265306122449,30.9887972640817,34.1114817840192,-4.37107298247749,-3.9147455096139
64.2857142857143,28.5816049045584,34.3982132438601,-4.22385975815812,-3.67644454487856
65.3061224489796,25.5140863200242,30.6000751267192,-3.59803562400977,-3.98456537285851
66.3265306122449,25.5600949549224,27.8079336380724,-4.87414633319224,-4.77661399541596
67.3469387755102,20.573895895126,27.1650182592019,-4.6294504894062,-4.90083507594646
68.3673469387755,18.7543971178574,23.5544629098394,-4.36797126922848,-4.7369016475568
69.3877551020408,17.6962681392088,20.3015493404671,-3.97503386282014,-4.10769898984248
70.4081632653061,16.6393470744333,16.5873130750356,-4.30139189687423,-3.82498154342582
71.4285714285714,11.6742363039077,15.708248152461,-4.11202501033404,-4.72207343948539
72.4489795918367,10.5023176816109,11.3949372211661,-3.72121612603958,-3.95821980293822
73.469387755102,6.37775368939251,8.58429483553426,-3.26066019515047,-3.45437543804519
74.4897959183673,3.94200012676741,5.504239756587,-4.56717261025788,-4.21126047230192
75.5102040816327,0.655568605218328,-0.0385936787358552,-3.50450127156699,-4.35271038407282
76.530612244898,-3.68529666993315,-1.98444454194389,-4.14421792083285,-3.17099041731414
77.5510204081633,-6.75076140046151,-4.09593259403883,-3.92373097039676,-3.61567187680137
78.5714285714286,-7.97771136314687,-6.62897747304115,-3.87034778326818,-3.19313377837227
79.5918367346939,-13.0086589314886,-13.7667155285334,-3.03951655070153,-1.63920523158481
80.6122448979592,-17.9249781695904,-16.013386565718,-2.92882269487061,-2.74260984644198
81.6326530612245,-22.2279974697837,-17.9709146486536,-2.57190441860373,-2.25972581157499
82.6530612244898,-24.2696856630991,-22.4656182080384,-1.77067507398177,-2.11399369524498
83.6734693877551,-25.7863419390606,-25.2565057114037,-1.30978810223597,-2.10502627361807
84.6938775510204,-27.4738577354708,-29.729153563605,-1.67026421322792,-1.884241276285
85.7142857142857,-30.9309075758562,-34.1630914576708,-1.43452918833706,-0.854072674553337
86.734693877551,-36.4047960952893,-35.6733791832634,-1.47696317232933,-0.720183783148588
87.7551020408163,-39.5788869690604,-40.4985298895169,-1.05465066251401,-1.10156518668221
88.7755102040816,-41.7014069906685,-44.3595115276118,0.339449940133632,1.05915234388691
89.7959183673469,-45.2047908658402,-47.5085075869202,0.910143201267611,0.61190489591134
90.8163265306122,-47.1988261282109,-51.9073352912416,1.75996021741763,0.758377656705392
91.8367346938776,-52.3116072180916,-53.9639064687195,2.25416166492685,2.01330874767161
92.8571428571429,-52.8392266616568,-57.1693808559244,3.52266537843445,1.97117477745148
93.8775510204082,-52.6148030411779,-58.1846300780236,3.86941438086934,3.39535461727071
94.8979591836735,-57.0140317540911,-59.0179689304339,4.77692598985446,3.82599468059004
95.9183673469388,-56.4273301630857,-59.6461066768145,5.07279501025261,3.31602379148811
96.9387755102041,-57.0165737182054,-60.4713858749279,6.3364873879163,4.34617170453072
97.9591836734694,-58.8007681221193,-62.2634762329856,6.00384407661626,4.47710313958665
98.9795918367347,-60.1134666398336,-63.5914263983165,6.12847571505085,4.59824588294184
0,-45.249826956259,-56.9915552677284,7.14357360069871,7.25125812518853
1,-46.1438586703262,-54.7238839315898,7.90986754407979,8.62199033964207
2,-46.4018009952345,-55.3704725245112,10.4429712521828,8.68435388020106
3,-45.5875624561015,-53.5570501739841,10.0448101972841,9.76624739397861
4,-43.5771005410263,-49.8841465014075,12.0824652029732,13.788898298734
5,-43.3450049043258,-48.8152344347215,18.5579358059633,21.7508475612095
6,-39.1655693050752,-46.7898357633749,23.9450099699802,26.4555919363175
7,-37.2043469692866,-44.4492687661339,30.4680776361888,29.8953595400588
8,-37.0701082543858,-43.951211303394,36.6056901820098,31.6213826462859
9,-32.7832650915359,-42.2937114318621,39.2849111074253,33.3299151517298
10,-34.1791108623415,-38.2890459834732,42.2807849822013,33.225121463691
11,-32.0571671122197,-38.3357781981844,44.2793284666937,34.4552407712294
12,-28.2640291501361,-36.6686437690192,46.0327640529414,36.4200645643646
13,-27.2850961884318,-34.5768476723416,47.8666035050173,36.823480986728
14,-24.7225927481055,-31.4118474904529,49.7339499665236,38.7043354158794
15,-20.4750224459817,-29.6588268190743,49.8301264352737,39.83956778006
16,-20.6287747423507,-26.8539371709998,50.7485247602328,41.0135843907976
17,-18.5321908884407,-25.4805221356917,51.0010157421542,41.0217031652811
18,-14.7431439352534,-22.3397104373136,50.344557749503,40.9389841411547
19,-11.9196493161555,-19.8049711694301,49.1322827230751,40.8417818192822
20,-8.99649561746438,-16.6009472584641,45.8977102502257,39.2187594413254
21,-6.62653996744826,-12.2882672457068,44.4218734390624,38.8665280458583
22,-5.48865969079484,-10.2368992191248,41.5308516471628,35.7838097850479
23,-2.8246420283099,-7.1365101466203,38.6914232831094,34.6004623998524
24,1.47306170838048,-4.47646126129208,33.8622314887563,30.3630183948551
25,3.83805263568675,-3.72408459574391,29.3448567705397,27.2400002605944
26,5.8414058304026,-0.995055757482935,24.1212875188301,23.5419332655592
27,8.34086957021305,3.86093319062448,20.1509101369052,21.2937002764683
28,10.7346932545011,5.93963335724229,17.2221047859883,19.5512125496657
29,14.3926420142974,10.2663497159524,15.6621069441732,17.8843855387806
30,16.781296574079,14.3422982100112,15.2026674641692,17.3664944348524
31,19.8124249077372,16.8600880745654,13.8458189610383,17.492191078454
32,21.5910770167554,19.4885381211212,12.9071913854214,15.5861729887136
33,24.6938696791652,21.6630942719275,11.6222689380002,14.7330061288884
34,27.7032365475355,24.3700011105292,10.7415025387213,13.5601694645162
35,28.8179157022701,27.5769463957524,8.99774451903975,12.2163960748288
36,31.4502082805903,29.4542163377177,6.63713958582585,8.59124508081593
37,32.8271454922048,32.1255312667805,3.99954484618049,4.93111879971036
38,35.5654565192358,32.8302324127512,2.3378040190964,1.19838928907086
39,38.628738613137,33.5636543535949,0.103128794427942,0.856167839645968
40,39.7988546705996,35.4985712676811,-1.02363606310047,-0.221334503679422
41,39.9578416173832,36.1595927404239,-2.49614005618353,-1.54636753882624
42,39.0383332236701,37.5884086929618,-2.90165805964373,-2.65994174077821
43,38.3347590250225,40.672844786369,-1.79126890941395,-2.52233826358709
44,41.6526327543885,39.5989083386227,-2.0865039507605,-2.71729325232302
45,41.2374248253516,40.7242770127443,-1.90872340811476,-2.71017338900722
46,41.2360690491468,40.6804587600166,-1.12692078679803,-2.02299725396345
47,40.6179772947574,42.159771568063,-2.43606696314225,-0.963475611332904
48,38.7439886558216,43.1155265455382,0.152949949883264,-1.56912365632893
49,39.6710536524829,40.645102087774,-0.581914953183666,0.0162361108429014
50,40.3337154125886,41.9694832091389,-1.22045026289903,-1.81749963421748
51,38.9619552015027,41.0206531556753,-0.42416631894447,-0.993105419685729
52,38.6040921321535,42.3233742538161,-0.981888484898557,-1.33628963974077
53,35.1731790206718,42.0855113661526,-0.906768380193925,-1.74507177258268
54,33.8457981043237,38.526034515515,-0.968880520066467,-1.23606067784792
55,32.3989600105988,38.2729398321134,-2.07709037054797,-0.982787266046896
56,31.9046075766406,37.3215028384547,-1.53837931445209,-0.321301468705036
57,30.4954953239966,33.436103141225,-1.08366278158837,-1.70176002782137
58,30.304924851468,32.6649007971679,-0.918854680410009,-1.07504601168614
59,30.3943060356159,31.3478416849189,-0.687616742603256,-0.381504861233171
60,26.2432543928507,28.5460494319069,-1.05491750510156,-1.02109937068497
61,26.4524410518579,28.8128593971054,-0.564365118491756,-1.02570085367633
62,24.9495897447309,26.4966362254967,-1.06700517746832,-0.63906986338619
63,21.7504081051346,23.4426751901541,-1.9950896418159,-1.16373823646744
64,20.7715314866057,21.8673631064936,-0.0584407642393096,-0.747398155366034
65,19.3000214685334,17.884059308583,-0.861307026714032,-0.172037982638163
66,17.769471795879,16.1206596363869,-0.822525185470454,-0.133227852464515
67,13.7402299183649,14.9853406636996,-0.809791079829571,-0.320444853306208
68,13.5120490982646,11.7539981527386,0.0525065288733214,-0.265322948386746
69,11.7529422571369,12.4934189725867,-0.199817640255481,0.141915794860577
70,8.82358195737785,9.17240218870087,-0.253571485920267,0.614487511441584
71,6.44024089198109,7.45216800193031,0.267520269134433,-1.09604038261095
72,3.12939769058213,4.46500530953095,-0.591348222923832,-0.219776552404424
73,3.4658045936072,0.366523895021676,-1.29892345769092,-0.890429990385269
74,1.35380508031418,-0.0668170812706738,-0.376566088750891,-1.16151940995933
75,-2.2018546292827,-3.81919451354732,-0.474472108920872,-0.489439215375251
76,-3.48572163095866,-4.87292055297938,-0.779957935570046,-0.301894557671194
77,-4.67462596486361,-7.46865384783925,-0.530293204629647,0.354379696362263
78,-5.83347033044952,-7.34546681758404,-1.49991003801451,-0.985666473285615
79,-6.61430554853888,-10.6094103854827,-1.47683021782933,-0.950237062541051
80,-9.55827269693756,-14.1363497798401,-1.08161420380206,-0.623847892428412
81,-11.2994161031166,-14.7168198727174,-0.764330256616492,-0.264863895736321
82,-11.8060316221779,-17.0471529761001,-0.669500894747313,-1.1484656483714
83,-14.8537883917494,-20.6076448163878,-0.318964758983129,-1.42167985974148
84,-16.7248918406733,-21.4533555685685,-0.72771821618953,-0.0520724004154013
85,-19.5683320759675,-21.7121398507321,-0.684101130730715,-0.306921930836583
86,-22.2440340311328,-25.5556245437958,-0.184419294042417,-0.759995563851497
87,-24.4684024750477,-28.3354821068908,0.243066665148105,-0.460322403742325
88,-27.2069876875844,-31.1240024947066,0.911551851688035,-0.538558863754757
89,-29.6327268397822,-34.4075927373386,1.50215125225902,0.210651531972828
90,-33.5234458276055,-34.9556246370123,1.56851278852659,0.292369156902936
91,-35.5307655138962,-40.8112152721137,1.54309144267815,0.836088581096838
92,-39.3342598608559,-47.0589704172542,3.1537661966019,3.52377537539424
93,-43.4223398637919,-50.3062092575413,3.11740791798738,5.03219980687665
94,-45.7991103592458,-54.3984226029056,3.63953427877968,4.34127653015132
95,-46.1041205388032,-54.0966644287694,3.71611991863069,2.7060930329936
96,-44.5889008323043,-55.2273622216186,5.86393003975106,6.18578850965854
97,-45.8159761016287,-55.6434189943031,5.27174101276964,5.43011767086215
98,-45.7780139040248,-56.5514386641298,6.16263001696346,6.41573545630573
99,-45.8077282655049,-57.3464361655255,9.03395330524385,8.51114444313276
0,-50.2069460589063,-59.495822941046,7.84339619830933,8.26696475275006
1,-51.675947062435,-57.9284368025821,7.39439609522762,9.039703168043
2,-52.4452784823023,-57.6337893869897,8.98494877027193,10.4388399097482
3,-52.8489934550554,-56.8213019049768,8.03506764870892,9.2622116337509
4,-50.4391300747298,-54.0913228649147,8.67409288186894,11.1573940186472
5,-48.5980565628814,-54.0010435551319,11.7093103225681,15.0679311083007
6,-48.433598140136,-50.5511362255423,14.2199937621151,17.7817723615655
7,-46.6456814577634,-49.3531540771259,18.6650321766375,19.5796029776397
8,-45.1146887010269,-47.8779407045006,22.0214382474073,22.2766145011753
9,-42.3479732642947,-45.7368081968253,23.6177880643404,23.7521144612489
10,-39.9386535172807,-44.1905152033992,26.7778996571373,24.5803719624323
11,-39.2051102148228,-43.6968362077553,29.1635158516386,26.2801659049033
12,-38.1518994104316,-40.1624478592861,30.2380124218538,27.5137230774738
13,-36.45043564915,-37.8191344281872,32.3569714678472,29.1753577913197
14,-34.9593156249327,-38.9181179756916,32.3314991001953,30.8274084034102
15,-32.6358147690088,-35.4710846527433,32.9116908226347,31.4174534030291
16,-29.9841368886631,-32.9446811385458,34.2494846510197,33.0845934847374
17,-29.8860452789908,-31.5953959264865,36.7147225335691,33.6070642960872
18,-25.5110141984591,-28.4157942338748,35.9217973429194,34.1929981885045
19,-26.197921522123,-28.4325115926808,35.9342632301858,34.8489604376558
20,-22.8316548009072,-26.638463778187,37.3063115789844,35.4247825488097
21,-22.9945464690135,-23.6094785818173,38.7481888379942,36.7903533352778
22,-17.6183620678084,-21.1256743629945,38.46476628612,37.378476803165
23,-17.8731431155431,-18.4723242177118,39.0937182336337,38.0584584644544
24,-13.9309341525718,-17.3263735997232,38.22711328904,39.0414912176536
25,-12.8703331199643,-13.8030150960298,38.3627484771523,39.6627377181829
26,-11.2432508215651,-9.68298255604487,37.3242901136736,39.9533637438166
27,-8.88009190243382,-7.7043491069599,34.9317956709231,38.8024183154324
28,-6.66520575743529,-5.55052853125641,32.1711930756682,35.0411087850218
29,-2.72180202133056,-3.18440409161968,29.3619389486055,32.908016569343
30,-3.72063225770463,1.53786152224565,27.6283466933365,30.0097216793759
31,-0.14275461101503,2.89279148304506,23.795046379206,26.7122082650995
32,4.40457490828804,5.87429931044567,21.2277997663805,25.8679274062162
33,6.07591479622454,7.96609412717673,19.396503283247,22.9488352953708
34,6.86218021129817,11.8601096537613,19.122616486144,21.8461710930961
35,11.1181283852006,13.5736005423063,17.6579068130437,19.0914784961989
36,14.2922822920669,17.5621899378867,17.5892606407828,17.1220035608487
37,17.148828601395,19.1385190253916,14.5777821094585,14.6794824227308
38,16.7428015310189,21.2409730670512,14.5774773627415,13.6531283795503
39,23.2080623680101,24.8806544584515,13.6993037971915,12.2571151435238
40,23.3156867803648,27.144021302928,11.6623940373296,11.9360532397399
41,26.9871550523667,28.5463879405146,11.4306742222535,9.83296657099164
42,28.5493402541543,31.7529132177903,9.71561885175599,8.17043980095299
43,30.7244790671922,33.4527165895883,8.96214217254053,6.05974338440121
44,33.3290709476224,35.4517363204811,6.47140663288339,4.97910866086361
45,34.8786700667885,37.6585823222101,5.24486740984273,3.63312716311602
46,34.906041315059,40.3446846671116,3.71352546694254,2.5288568691189
47,38.0747220313195,39.5640213770367,2.33966249015768,2.4852937474568
48,40.8863423684709,39.5692575910989,0.827278485232637,1.92191691239324
49,43.5634019634006,40.0989421575784,1.39956407666831,0.516263658309826
50,43.477839663505,42.3575090314975,-1.35813715047856,0.657246720669017
51,44.5128897427564,46.0424152491419,-0.864529649974661,-0.388923515323163
52,48.6790079013019,47.4199269366713,0.103578982144919,-1.6675928923754
53,48.2185345869477,49.5455295952172,-0.939406438229179,-3.70675778095477
54,48.3025099657205,50.9977918316594,-1.75867915311019,-3.0805979587851
55,48.9467972943073,50.8246305779405,-1.62234721281578,-2.76162757686117
56,46.4729235750809,49.1551515080751,-0.845346845584127,-2.11847333336866
57,48.3152040436898,49.5097906200481,-0.615313657113325,-1.42031818137102
58,48.0020900317341,48.5600532095145,-0.997837942121125,-1.88185681862396
59,44.9495273252979,48.0535746792246,-1.91027662417889,-2.18261750246835
60,41.6478561766862,46.1842736228185,-2.13051962364697,-3.52394432852532
61,39.40832391133,43.9648162725113,-2.5035450400686,-2.05892724748417
62,39.796637795768,41.8077224160143,-1.92468486439857,-1.71531427364086
63,37.3285942060218,39.5476021115472,-2.30682226040997,-1.77531294123368
64,37.8934494872824,38.4413096193719,-2.41827678102333,-1.28005785483242
65,33.0197439898124,35.6134071800534,-2.51765445834242,-2.07448519473644
66,31.4092824078466,33.1498688819251,-2.40059778007192,-2.36483298981119
67,30.1687129248429,31.3281444873959,-2.61998402166829,-2.25492721856452
68,24.9466127269642,27.5459941384412,-2.75923300415971,-1.77367916578618
69,20.7423968966682,24.8629591974502,-2.32764242138494,-1.85718235982761
70,19.6139133738742,23.527418108943,-0.236630181270029,-1.75716983511522
71,19.1655377545373,17.9418177334249,-1.28282664030522,-1.42603178026001
72,17.6389483000488,14.8357099091583,-1.46401747123309,-1.37706176322522
73,13.9934189599069,12.1738110789016,-1.16792045969076,-0.936121112214543
74,9.47655442194464,9.23701017514301,-1.57314860413107,-1.28476699335118
75,7.82968473514391,6.91924021718403,-1.33183273270874,-0.355084995919556
76,3.32934415672865,5.10017084546159,-0.782967817021266,-1.04680833446898
77,-0.954101160123352,0.389407770604023,-1.3670523961971,-0.271844144311073
78,1.83780558361787,-1.40486146863458,-0.848732068446305,-1.07378970801652
79,-4.5680427333259,-6.04328785735906,-1.0681067998259,0.109632813739772
80,-6.86724329700457,-7.14671087598508,-0.336988632712928,-0.629672698556999
81,-8.99823354537418,-11.3050659191245,-0.698541393465905,0.791861074517622
82,-10.8068365559181,-13.0356325720551,-1.05554446799249,0.461278753379734
83,-15.9373899292003,-17.8127246729429,-0.453208495987283,-0.415502360690721
84,-20.0261881071795,-21.802608011503,-0.33408888901893,0.00673039115536023
85,-21.6790378040637,-23.5111586525738,-0.929732688815244,-0.166706918673702
86,-23.7141511637283,-27.2594853189531,0.324599853329859,0.067874782728308
87,-24.614768761653,-31.3919279755132,1.32582095505981,0.00879097850291133
88,-28.5328141495888,-31.5831139394179,0.719404450191979,0.952328146175763
89,-32.2075554816261,-35.058895460795,1.08934891293443,1.55743843766052
90,-34.05719726934,-40.6230814293768,1.55381712910108,1.59112723747553
91,-35.8573303746992,-44.5199924284791,2.16494849721423,2.69615243228922
92,-40.3606854687669,-43.3223542512443,3.55269591706313,2.43176946624277
93,-42.3330142676322,-48.9693064286894,4.22799465785789,3.93387293758892
94,-45.5288233501121,-50.9931384829495,4.70292109584175,5.17267952047173
95,-48.373878438385,-54.1632940110002,4.97310685773981,5.13096720408162
96,-47.5730725789091,-54.3136463529336,4.23588401260517,6.40695599879254
97,-49.3249939813131,-56.6390787612713,6.72714696789788,7.62529027331204
98,-50.7421932872247,-56.3442777221438,6.9871110980525,10.0494647222388
99,-51.8174940750466,-57.3769565594188,5.46367220279174,7.70242169184882
