"Normalised.Time","Stroke_GateAngle_1_sim_junior_23","Bow_GateAngle_1_sim_junior_23","Stroke_GateForceX_1_sim_junior_23","Bow_GateForceX_1_sim_junior_23"
0,-58.3203833347943,-60.0134784427288,6.80365742552787,6.33444252610226
1.02040816326531,-60.9238831913622,-58.7823579389657,8.51750632410442,6.61728449738858
2.04081632653061,-58.1883608191738,-59.3181917384492,7.69381024838702,6.15559320663083
3.06122448979592,-58.1204094072988,-56.9352676468422,8.24304840585363,5.23644372885128
4.08163265306122,-55.3059547896689,-56.9143994990015,8.02989892033532,6.02461319510707
5.10204081632653,-55.8995984538341,-52.7513053407747,9.26874503197059,8.61383965741165
6.12244897959184,-53.4734279256411,-52.3192973843672,13.6237995641011,11.6456407408267
7.14285714285714,-52.4882734289686,-49.9047426534184,18.3681506519744,16.266658754929
8.16326530612245,-49.13373909262,-50.3579839117707,22.1497357853764,19.3029686688797
9.18367346938776,-48.1266980059306,-47.8648219106189,24.7568783607114,20.9485564977203
10.2040816326531,-46.784536408731,-44.6866373646049,25.5034353265455,22.9496009114136
11.2244897959184,-46.752025182981,-42.7792938073138,25.6882293539731,24.5045178792814
12.2448979591837,-43.0708104295795,-42.6382505686382,24.6016279949592,25.6522521429823
13.265306122449,-39.4744128869898,-40.6321916340721,24.8468601467024,26.6470392899794
14.2857142857143,-37.5873298782341,-38.0094386037426,25.6263760333992,28.1412916280763
15.3061224489796,-37.7137464920641,-37.2197932299208,26.4802733263848,29.5585627081805
16.3265306122449,-34.3155197356209,-36.7920533289018,27.3401025348115,29.7784989212752
17.3469387755102,-35.562373977983,-33.3044954492603,28.9003992738874,30.9984316655332
18.3673469387755,-30.1400159478572,-29.8128817413014,28.5543252928342,32.1170387988156
19.3877551020408,-29.5511834581406,-28.0240756275822,29.4962414668993,34.1995686154402
20.4081632653061,-26.4669659490165,-24.9249030223756,29.968952653671,34.705316951989
21.4285714285714,-23.1323316874232,-23.1581142720671,29.850381288614,36.8706860139396
22.4489795918367,-21.36447730354,-20.0520891277561,30.7558203301625,36.4663466844329
23.469387755102,-19.9349595920803,-17.8049339554438,30.3544764014916,36.3534991739178
24.4897959183673,-18.0378884530716,-16.8559162978384,31.915507675484,35.6781320189005
25.5102040816327,-16.2410282111502,-13.895448928328,30.6462409174288,34.8453391265274
26.530612244898,-12.8290219373642,-11.334865064148,29.574946996667,33.6005606474986
27.5510204081633,-10.0200214168911,-6.24075000718856,29.3075189423708,31.8963337509403
28.5714285714286,-8.81037404017813,-3.66567878250889,28.1123457654349,31.11493749102
29.5918367346939,-6.87583740216001,-0.951108944302627,25.3188683921379,28.7707709812989
30.6122448979592,-4.05181190032751,1.03236324783721,23.3502140482616,25.5662379760447
31.6326530612245,-3.20698945837412,2.78227412682745,20.2052445789721,22.6027122346635
32.6530612244898,2.22287924527208,6.24445646569783,18.3027934640812,20.8894351143398
33.6734693877551,5.85766404805607,8.91690460248398,16.7064487600852,19.0430015102513
34.6938775510204,7.83965936488774,11.9052397770819,15.6198197510172,17.7953739461023
35.7142857142857,12.445693174492,13.4353233438137,15.7500247582151,16.3915004330105
36.734693877551,13.7675410220586,18.3425526960239,14.336619100539,14.1116972832389
37.7551020408163,15.2267950152604,21.1995494802599,13.1523765909624,11.7749124619838
38.7755102040816,16.2358004933518,21.690154389242,11.9875874389312,10.6112611183738
39.7959183673469,21.593781703834,25.1028978671609,9.76506629045454,9.4858856542817
40.8163265306122,23.0006213733333,26.8412414829498,8.4541289697419,7.27539671421321
41.8367346938776,26.7984414757691,30.1745322332613,6.77821460473177,6.38580863451875
42.8571428571429,29.0333225943418,32.6962931278684,5.56249486758928,4.41311816040328
43.8775510204082,30.8477895470336,35.5100009222469,3.40870189538188,2.93400467288947
44.8979591836735,36.0746248252396,38.5267361017464,2.55258966486429,0.857317877832648
45.9183673469388,38.1221044578569,36.0005159852976,1.41655563293034,0.438380414230353
46.9387755102041,37.058998475764,37.9867689087365,1.6219897765469,0.202565938316429
47.9591836734694,37.5253021748839,39.8388872817258,0.0448720125871966,0.377148751515104
48.9795918367347,41.546354786491,40.7378893503504,0.168358169328024,-1.28431330884482
50,41.6170390078761,42.7365125666877,-1.91304185575808,-2.38474201444811
51.0204081632653,41.7904820999241,46.2256404461175,-3.63348234308702,-1.88449635266069
52.0408163265306,43.020885472653,49.6764073745995,-3.6600999295439,-1.30697614391554
53.0612244897959,42.6823283533221,49.2084730657749,-4.1958536822745,-3.62497668515342
54.0816326530612,44.2435775774641,48.6374868381971,-3.91563140612521,-5.67158569110345
55.1020408163265,41.8301010983375,47.1354678519119,-4.0135297595248,-5.45290540094257
56.1224489795918,40.4097784497493,45.6945265965798,-4.38129710936401,-4.79881585042191
57.1428571428571,40.1730814375081,44.36077531442,-3.57135209417543,-3.98532849726598
58.1632653061224,38.2281842321582,43.4726868489073,-3.12227200381965,-3.53561343973072
59.1836734693878,33.9908872921907,41.1848652922895,-2.39183002261453,-3.26971676006428
60.2040816326531,32.6056207756587,39.9276456635645,-2.42587446087857,-2.82860784356123
61.2244897959184,30.3640483675227,38.9418095915745,-2.16202132778213,-2.79530261041589
62.2448979591837,29.4890197221871,37.9191307455776,-2.76027376130518,-2.34291148281245
63.265306122449,25.9476959953463,34.8976548884988,-1.09311057687113,-3.11461781848156
64.2857142857143,24.8541030356666,30.6703463173615,-1.25236578167839,-2.71289848650372
65.3061224489796,21.3281347677854,28.9431775186632,-1.99075191799689,-3.04241443881965
66.3265306122449,18.8445845393809,26.8458743186056,-2.20909966930686,-2.74739273292866
67.3469387755102,17.4214441545589,21.2039674752017,-2.03579243898751,-2.20164500134967
68.3673469387755,14.3260199284685,19.8783626700543,-1.30866266288965,-3.79956003439483
69.3877551020408,14.0194740650512,17.6098489369547,-2.34374200242484,-2.22186693213617
70.4081632653061,10.349065596254,16.2740534848088,-2.20990304603704,-2.43239501712231
71.4285714285714,8.25442833273158,13.8254710662027,-2.4728369385777,-2.25731183265967
72.4489795918367,4.62697609466856,10.9806362790187,-1.88080546074622,-1.16426478993303
73.469387755102,1.81483604014324,8.76315991208131,-1.35705388366348,-2.60497179011566
74.4897959183673,-0.0755275227657289,4.90091256867274,-1.87907622456302,-2.47652523948495
75.5102040816327,-1.9823682527018,1.32004978177607,-2.22382078963943,-1.70021317700199
76.530612244898,-6.09953123007026,-2.77464188219855,-2.40595740143883,-1.02264151845872
77.5510204081633,-9.69200490413802,-3.13922867905428,-2.45488928788102,-1.76098527104509
78.5714285714286,-9.92550468100582,-10.2508936661613,-3.16623654406571,-1.48052930244494
79.5918367346939,-14.3090964308775,-11.4230210738032,-1.9868393584477,-1.74663873042569
80.6122448979592,-19.188966454925,-13.76494794264,-1.93210886278031,-2.3405229128525
81.6326530612245,-20.4084873143196,-16.7389130393835,-2.32985814055121,-2.75748827954242
82.6530612244898,-22.8324340411943,-21.3576288694284,-3.11005371180083,-1.60122140755009
83.6734693877551,-26.2610360720742,-24.5290171522602,-1.65517260892506,-1.37018405705491
84.6938775510204,-28.3606948014358,-27.8285622007207,-1.58080127775938,-0.335201684181275
85.7142857142857,-32.1532497098187,-32.0651627233109,-0.892570205220478,-0.0353470531207635
86.734693877551,-35.5851460205239,-34.6791275487998,-0.00395814788597298,0.744495646456711
87.7551020408163,-37.6618576322557,-37.3003844932673,-0.562523163192737,1.24822803558188
88.7755102040816,-43.4165220845865,-40.3633982500892,0.992310622710059,0.510243688060743
89.7959183673469,-42.8149866115469,-42.2250942396964,1.34711954747787,2.31099924663896
90.8163265306122,-46.5631369580698,-44.1086421870313,1.55219388787448,4.0802551188486
91.8367346938776,-50.5361704932943,-48.094558416589,2.39605929503794,4.05490433902225
92.8571428571429,-51.073725654003,-50.8884937714827,2.87724689074451,3.73051658752953
93.8775510204082,-53.3785162986132,-52.1307618086975,3.74156346061119,3.70497769780936
94.8979591836735,-54.2754658512735,-54.6439406921269,5.55641735711859,4.24436178868601
95.9183673469388,-57.5742079561602,-53.9128075367885,5.76401210980505,3.91274126850903
96.9387755102041,-57.9973536290773,-55.7020530846173,6.64006633692494,4.89944410806417
97.9591836734694,-59.3745944828021,-57.5421579785321,7.28971402928312,6.36366206579005
98.9795918367347,-60.4717919818085,-58.3123904551605,8.5753178216937,5.73218050039503
0,-58.8581342785238,-61.766487087679,9.12725903063047,9.72748620034982
1,-57.4613701335894,-61.1936140992377,9.89595380477211,10.0610360836897
2,-56.8056966842046,-60.2485046885038,10.9077115873512,12.3980609631219
3,-57.4881475733184,-59.0353061909093,12.1633504112649,11.9980775105669
4,-54.8629429479216,-58.0229303686104,11.813636562169,13.1482183712838
5,-54.032653256938,-54.9448854636895,15.6324124835422,17.7683468244903
6,-49.8236924516123,-53.3334486361623,18.7395575744777,20.1008288199943
7,-47.2934741590951,-52.3527483742601,23.2498572560214,24.3131841715891
8,-45.6704052610667,-49.1706425187574,25.9614006661905,27.5487123814891
9,-43.3022631211082,-48.4895724083387,27.5517642617342,29.3997305054818
10,-41.9095585076285,-46.9442307888473,27.8961979349305,31.2254381174422
11,-40.9354714021879,-46.1836456799821,28.1607101391233,31.5142318263195
12,-38.6859036770009,-43.7283005206204,30.6546284006129,34.073323824327
13,-36.6119675859489,-39.8834807694499,32.1257428872889,34.7723198163612
14,-33.9593820847533,-39.5626974116332,34.392379668045,37.3146808358904
15,-32.2682869072489,-37.3280472897163,36.8482352344943,38.4499280038111
16,-31.2710381741992,-33.1539189518163,37.9754154414155,40.3125757122046
17,-26.2532849397676,-32.1348101065586,40.0392986483825,42.5609355384307
18,-27.0305750629566,-30.6941687668451,41.6013741382696,43.098464550356
19,-24.4684812430156,-26.5428803101195,41.8175872857224,44.7393448128038
20,-19.9154858533849,-25.2750340189698,41.9499167641217,43.712691520917
21,-18.0112678543467,-21.974368172514,41.6373295274435,45.2375697298698
22,-15.940750809891,-21.8860884118505,41.9576725605671,45.8917760575358
23,-13.8608130983159,-17.0174523910123,41.9411461462897,45.4349478558005
24,-12.2861522936624,-13.9997505579138,40.9151152635234,46.3074984039442
25,-8.88903472126052,-13.6301263662308,39.9272192662958,46.4591652922141
26,-5.42597964503607,-8.77786860431432,38.8395255224708,46.0102621860258
27,-4.53912927827393,-6.3574975601246,37.4614631256822,44.3711057974299
28,-1.1578768651623,-2.54884505142013,34.4753389090012,42.2023073483133
29,1.93828393192996,-1.46071466905721,32.067786994831,40.2747388491869
30,5.74771445396308,2.88711826370367,29.6476125719646,37.2663594623363
31,7.4674531709763,4.27987587283228,27.959154210609,35.3022690683525
32,9.58990890415269,8.29001271855441,25.7204586919719,32.5998902897694
33,12.9548824528416,11.7157469658745,23.190420728968,29.3971623756296
34,15.3506045740968,13.2233390483144,22.5207777022756,27.3173294360852
35,19.8266261391794,18.503593589125,20.9624276317039,23.6161359092881
36,22.511896976582,19.3035438992716,19.0432395174702,20.8640604091904
37,24.1791238834435,22.2029576280255,16.8399772194584,19.2857064735296
38,27.4756235334504,25.3985741938808,15.4752333253351,15.9742085665714
39,29.0977719132714,28.3851974297423,12.2227853656052,14.040534176688
40,31.9235367173757,31.6059083461355,7.85860388988953,12.4559300951464
41,34.4021921946864,34.4036357775558,5.14484776426985,9.98454027511824
42,37.8916378834787,34.514220139545,4.33627532842248,7.45004094377952
43,37.9191120612126,38.3384889115214,3.07455027891294,4.40391147826726
44,39.8142059527431,37.9721843186392,1.81838333180411,3.39729231032238
45,41.2969150459212,40.0319111592457,1.82012489114714,2.14869334783714
46,41.0349553637519,41.7787196637882,0.472827036126229,1.63794135466221
47,43.7560589075202,42.8917212590136,-1.0476474771063,-1.24838385381054
48,42.9786329849749,45.105028843672,-1.88109788305239,-3.78862989917234
49,44.6236298591615,46.4595912007374,-2.96720151194771,-2.29397301524778
50,44.8848718205907,47.0131224218112,-5.21646007334594,-1.79734235138373
51,45.0556870034197,47.2997747608304,-1.58295011629002,-2.33087970009943
52,46.9004203498586,49.3133273554092,-1.13184946012219,-2.13634194565181
53,43.487424819197,46.021277469491,-0.543445725046027,-1.18477458928425
54,41.9565744192562,46.3855083421678,-0.311805855565797,-1.7119062591084
55,42.9592522116095,46.1089227001788,-1.31351086978572,-1.47415522048143
56,39.9875873114205,42.6914133117596,-2.4210690215493,-1.38120584562879
57,39.6297138248025,42.6095064923913,-1.85442819088809,-1.48800351035861
58,37.0309213909467,42.0124134834581,-1.24276322405274,-1.80921224649913
59,34.8893128426762,41.2030303510034,-1.07904775240607,-1.07681049916956
60,34.5895029904387,38.0961720102756,-1.29144984060574,-0.935342906708295
61,31.7669795684984,37.8658823108174,-0.970794503329671,-0.473025555400539
62,29.5151299915686,34.1505817317404,-1.00621602945203,-0.885524672202915
63,25.7789418726869,27.5594797245084,-1.31060752313627,-1.27592002091164
64,22.0289642596719,26.6732832273795,-0.363037940671823,-1.54725305778855
65,20.8284585483676,24.8403048237164,0.609695892056384,-0.359937854119412
66,17.0578407433771,20.9392466569225,-0.503987994113278,0.0139357963823364
67,13.5820144370205,19.2099096071644,-0.4274927331336,-0.127481783627226
68,12.7495374469185,14.574408845648,-0.522753294298544,-0.234596298334285
69,9.076224616047,12.2494695910766,-0.0545988615112655,-0.418829703983886
70,8.11327744741482,10.1685577883427,-0.899033756861978,0.0670783372936583
71,4.30669382485484,8.2404548463688,-0.264041839929925,-0.474211755962766
72,2.50134171738756,5.62732378851731,-0.677194462508738,-0.380111980350935
73,-2.21566592592362,3.56034503821041,-1.54114075879102,-0.6651847187271
74,-4.05104098341613,0.63861280795511,-0.796673857960446,-0.67305215145436
75,-8.39056101632849,-2.06992543457568,-1.06274343526431,-0.931726343250449
76,-7.42423100883307,-4.59690493685449,0.283752627694898,-0.334351258319208
77,-12.9541336176315,-7.29108369672672,-0.546470319423235,-1.19627005901364
78,-14.3539013020085,-12.5197751041936,-0.117288488675498,-0.479781744012073
79,-18.2367401366366,-13.8904220406617,-0.384913271963035,-0.979570133915328
80,-21.5638914477837,-15.6131392142949,-0.340228046123698,-0.721929887919481
81,-21.3945034428288,-20.0077095220545,-0.614537065139886,-0.612614239377041
82,-23.8635271793261,-23.5634106467534,-0.609499399764723,-0.888430921986368
83,-28.8100779102035,-25.711219055184,0.651737465471428,-0.443130836337059
84,-30.9974981482939,-30.0467196603816,0.162459960650806,0.0467692431275705
85,-33.3690302870838,-32.4272990226071,-0.499602844380149,1.4485428258675
86,-36.7678254252248,-35.1163855824172,1.80721949096105,2.43027234522081
87,-41.4507895632286,-38.8388759468988,2.23658660266585,2.10457865919143
88,-42.6598872281196,-40.4938175523511,2.47256681421939,3.89571212612434
89,-44.8539643504126,-43.5112144584272,3.88015410686461,4.10324227442287
90,-47.9645472617133,-48.0256772041977,3.60727421215482,4.42039330051657
91,-49.0797834741826,-50.9463662344686,4.63528393816753,5.13316426064827
92,-50.0423925160192,-53.418698528709,4.81976770221906,5.29839671503833
93,-54.115774664949,-55.234074663166,4.30883318035051,6.11101859910586
94,-53.5800739439441,-54.9644614231675,4.67314716388465,5.98126764038178
95,-56.1939876985512,-57.1338299512981,5.49162796836249,7.29009622755309
96,-56.6567369131297,-55.8111541512476,6.02545466851169,7.52529038433052
97,-56.3412608438103,-59.054586961832,6.29662430747346,7.52462603328572
98,-57.2395487904331,-59.6213858020077,7.95898289024222,7.77122108327255
99,-59.1665963106551,-60.5263263465329,8.19323335858692,8.9605618182029
0,-49.9149183264065,-56.5194002366169,6.62521838285563,7.59337670413774
1.02040816326531,-49.7014500499762,-55.8728775740074,5.66260821857518,9.00408390307823
2.04081632653061,-51.0776632832336,-57.563956475491,6.52445038059007,6.39299692070128
3.06122448979592,-48.8339479129113,-54.45185201647,6.14043938696331,6.83307135936823
4.08163265306122,-46.4811014889138,-53.0078805638503,7.78736245466129,8.73912103272946
5.10204081632653,-46.9266435091026,-50.2984572907389,7.89525774631783,9.64250652517771
6.12244897959184,-43.6497799794851,-48.621934470475,9.19896529337877,11.3742227316493
7.14285714285714,-40.0215022088421,-48.3332238351721,8.88951127175588,14.687351545718
8.16326530612245,-40.6412305588908,-42.3979717342073,12.5819331979197,18.2125804108133
9.18367346938776,-37.6288906064926,-44.4535306412812,14.1503075769974,19.756264590031
10.2040816326531,-36.5804219146374,-44.7825932752891,15.5833636956644,22.4819269603481
11.2244897959184,-30.9092948445347,-38.7631597171971,17.6109371825498,25.3250957673029
12.2448979591837,-30.9750891694944,-39.8368855363127,19.304860744342,27.8500955581645
13.265306122449,-30.3249939970939,-35.1745296416677,21.3468315174245,30.5550893477078
14.2857142857143,-26.2411985568728,-33.6509001562699,23.3684405473139,33.0878166126673
15.3061224489796,-26.0188251948429,-33.1492992877815,25.3421807905152,36.3146376761391
16.3265306122449,-23.9749086349752,-28.6537727542113,26.9651491429527,38.90688634592
17.3469387755102,-21.652194737744,-28.5736357179155,28.66991268105,41.0130145738598
18.3673469387755,-18.8755628287193,-25.6073843859432,30.4726829214687,43.4952595404761
19.3877551020408,-17.651495638635,-23.8739484318611,31.668441778147,44.304284792269
20.4081632653061,-14.4219473407837,-19.0785822772191,32.362035566194,44.1947939376132
21.4285714285714,-11.4256868943662,-19.4277529362435,31.8798249488752,43.8202700142815
22.4489795918367,-10.3448620909707,-16.3416069986086,30.5887728402782,44.1568121016414
23.469387755102,-6.44344129080788,-11.5931328011702,31.2335690244387,44.3135097828286
24.4897959183673,-4.14134598656509,-12.4228661984491,31.5876481647417,42.6798468464447
25.5102040816327,-5.44560512007065,-5.82137135672349,30.5185648762242,41.0285326408704
26.530612244898,-0.565551107418082,-3.63376738597605,30.7572914108202,40.3663515081853
27.5510204081633,4.2767575292368,-1.2709793144595,30.8825352028001,37.4989304297002
28.5714285714286,4.08712797430777,1.08404014843201,30.6981374065219,35.8852173051058
29.5918367346939,7.71271683177435,4.98049897008819,29.8836538329317,33.3307519706974
30.6122448979592,9.60261413926643,6.68655432052636,29.3315735514663,32.4295418621171
31.6326530612245,13.9548261981463,9.416312067743,28.3250850526924,30.1230359783103
32.6530612244898,14.7624726069724,11.9982044313435,27.0572342039027,28.6423342090043
33.6734693877551,18.4139083607968,15.4708940934237,25.1763622413458,25.0912894143829
34.6938775510204,20.579128639707,17.6715431269749,25.3686315486575,23.1411202338583
35.7142857142857,25.1388438938226,22.9219955666646,23.2147201715131,21.572748738942
36.734693877551,29.2804045534973,24.0951433554669,20.9905225800009,19.5858607116616
37.7551020408163,30.2519671236951,27.3966996487324,18.6244783734984,18.3286280334204
38.7755102040816,35.9491476213715,29.132323907445,16.2399544064383,16.3726376135785
39.7959183673469,34.3601374124982,32.0671164780086,12.7121500012473,14.3653938510128
40.8163265306122,36.1198861918238,32.0333312569408,9.96696643774878,12.9971133233814
41.8367346938776,40.6300810651037,38.0278307672514,5.80905809891078,12.1829307011325
42.8571428571429,44.1946332883201,39.7063499612328,3.93853417211192,9.08555270543376
43.8775510204082,43.1352686079609,42.7489752701704,3.6354885913031,7.43688441765169
44.8979591836735,47.1793064387641,44.9439238012319,3.4049762388676,4.08326958647999
45.9183673469388,47.5594034901279,45.1150103888687,2.09608964337369,3.30488927264655
46.9387755102041,52.4379958284556,47.3637266378605,1.53660985720157,3.32221556480757
47.9591836734694,52.3959315765357,48.3939002798135,-2.26871130851381,1.61595130332695
48.9795918367347,52.6396653704203,50.8642856614197,-3.83192001921361,-2.25491795559027
50,52.2531758083889,51.2838632719115,-2.64100791627164,-1.75698740682876
51.0204081632653,49.8648620555953,51.2065296231371,-5.04093756104896,-0.486235785623982
52.0408163265306,50.169692310797,53.2257481613779,-6.22628197217801,-2.05292050590198
53.0612244897959,49.2699240292888,49.7056608673653,-5.82891690622317,-2.64692139571363
54.0816326530612,48.2253577245934,45.3456063594001,-2.8937257429172,-3.97979001541395
55.1020408163265,46.140870333166,44.5665618282046,-3.52225921480605,-3.90055155028238
56.1224489795918,43.7209345985126,41.2870835473861,-3.5753409484835,-5.11867083971092
57.1428571428571,41.930788012547,42.125217463502,-0.474610892267648,-0.878359832033011
58.1632653061224,40.5811168903776,41.9504027550226,-2.01457172194586,-0.738191238413933
59.1836734693878,36.0590950568945,38.3588280563323,-1.3115958103796,-1.10010367994795
60.2040816326531,33.7876639007797,39.1699127047309,-1.84553500380534,-2.11439810447173
61.2244897959184,30.672414365198,35.2024129013658,-1.22448991378196,-1.04122908465938
62.2448979591837,27.2422728851377,32.6744728174759,-1.03449336802536,-1.65862612609068
63.265306122449,24.3822985636361,28.9252369937205,-1.00039625148798,-1.11271883282452
64.2857142857143,21.4569234119586,27.6228566392826,-0.621442314637698,-1.0377577004939
65.3061224489796,20.460346059461,24.7199903318453,-0.754316784035005,-1.32363208409014
66.3265306122449,16.669369705456,22.5888680454137,-0.486065985651648,-1.62002055711166
67.3469387755102,15.2677959203656,16.9269792706094,-0.0112909779306532,-0.951749109668245
68.3673469387755,11.1710407807024,13.0596244748616,-0.107851536112766,-0.892995650538671
69.3877551020408,9.11630868118758,12.8505383218628,0.295894692154976,-0.562603840270543
70.4081632653061,5.79306190475125,7.48351654860052,0.750221719539948,0.391461240553261
71.4285714285714,1.47433549143722,6.13930601523962,-0.296406278528104,0.399141545475008
72.4489795918367,2.19765358734015,1.64325763301851,0.481439646350196,0.632055163676182
73.469387755102,-3.81617965119853,-0.615134239895522,1.12386350877849,0.250929370806091
74.4897959183673,-4.77893984129088,-3.24921181660686,0.721123330018671,0.985460269137098
75.5102040816327,-5.59195815088384,-8.33728343383779,0.77721809385564,0.745052077577327
76.530612244898,-10.5722812087318,-9.49646907065984,0.889576304724144,0.47230787954093
77.5510204081633,-12.3836910982071,-11.8160959984161,0.712789063523489,1.5316147041083
78.5714285714286,-14.9084468856927,-14.3621111568497,0.731723818188939,1.35999162624048
79.5918367346939,-15.0539735132316,-17.4443624771243,0.362839580160782,0.468964521619872
80.6122448979592,-20.8251055652112,-21.6002841775365,-0.662160823577402,0.369904901229997
81.6326530612245,-23.0634133078984,-23.4080462239829,-0.767891123381647,0.7142546005302
82.6530612244898,-21.53873362341,-26.6379547544984,0.871604003965877,1.43907411371204
83.6734693877551,-24.8968115345365,-29.2912963517991,0.351158079424647,1.1610589111594
84.6938775510204,-27.1242030066052,-32.993487035029,0.471098189474075,0.0465526819332334
85.7142857142857,-28.9073687555357,-34.3462673256507,0.925612129084391,0.666599761922203
86.734693877551,-32.3175085098628,-35.8999173452739,1.70129362562518,2.08859070045155
87.7551020408163,-34.6374030589659,-39.5368415953974,0.539971361062641,2.61160108611137
88.7755102040816,-38.6231387469534,-42.3487792828458,1.73227231015589,3.04030802202247
89.7959183673469,-37.9129495862323,-42.9108695428588,2.61276910854017,2.68456322390128
90.8163265306122,-39.621769876822,-45.5256662219593,1.65600121779891,2.91362357696199
91.8367346938776,-42.4345980729844,-48.1153802753769,3.83473011747649,3.36447039123499
92.8571428571429,-43.3613115122423,-49.1790456605836,3.23534678158234,3.8803582016259
93.8775510204082,-46.6557987166468,-51.2924735526687,3.72906545177148,5.68163325974773
94.8979591836735,-50.4846208564736,-53.858848959341,4.56327784671643,6.59190403534302
95.9183673469388,-47.9941540090165,-52.1961116756605,5.09883804789905,6.97672971627564
96.9387755102041,-50.6340730017763,-56.2202095553504,6.71360821390233,8.15004118007822
97.9591836734694,-52.5254713804341,-55.69300779375,7.09675962103815,7.50558372042533
98.9795918367347,-51.7276742912263,-56.4847448374118,7.54949039097868,7.48833413242402
0,-61.9851889179115,-62.3903693988251,7.0121715250333,6.28467237191965
1.01010101010101,-61.7963018944311,-60.6803357568001,7.34854662098004,5.80858559607512
2.02020202020202,-62.4408172380288,-59.1766315522002,8.40825165950436,7.163684120122
3.03030303030303,-58.5775110528837,-57.5295174291453,8.35541910739633,7.41261336493392
4.04040404040404,-57.991168337062,-56.7902236131697,8.59699883562803,8.34452110609009
5.05050505050505,-57.7648580687126,-55.5447239807101,12.5231364123891,12.1902506522725
6.06060606060606,-55.1689284084761,-53.9760331840303,17.616174963301,15.7805975801925
7.07070707070707,-51.7473831331308,-50.0528435628347,21.5853810061406,20.7078047847735
8.08080808080808,-50.5185438564386,-51.0624775313171,26.2193771057352,25.4052540321336
9.09090909090909,-48.7832628878979,-47.359366426033,30.3180440332044,27.1796142846306
10.1010101010101,-45.3582772571521,-45.961319353098,32.0647639189618,29.4186176978906
11.1111111111111,-43.9487750700975,-43.7420448288869,33.3706605468344,30.6244630608682
12.1212121212121,-41.5371550268921,-43.5054376290491,35.1002853187168,32.8116057016677
13.1313131313131,-41.1616627292536,-42.2837638132862,36.0942277690642,35.1756374948233
14.1414141414141,-37.3885586917451,-38.8248261843845,39.0975184616342,37.8389663512599
15.1515151515152,-35.5005999656757,-35.9660727760102,41.3728380913995,40.188560663134
16.1616161616162,-34.8601439772231,-35.9174423283553,44.1416411716845,42.7258835009354
17.1717171717172,-30.6646225579435,-31.8440275666596,45.1323345020842,44.6976245131804
18.1818181818182,-27.6100409983093,-30.2558307618188,45.8541944315836,44.9405234675179
19.1919191919192,-25.1652911573635,-29.0856914707779,45.9450347513134,46.908801824158
20.2020202020202,-23.7494607434237,-25.5857585564532,46.8995224085863,47.7642173250469
21.2121212121212,-20.7898178512423,-21.2698283828963,46.6108469087545,48.7064681744592
22.2222222222222,-18.2914819722664,-20.1204421214684,46.6152826082534,47.7694318466709
23.2323232323232,-16.915794367936,-14.1351674040791,46.8523772478751,48.4449471063776
24.2424242424242,-13.412006522636,-11.3341912176136,45.6627101144044,48.9527761758712
25.2525252525253,-10.7487522248793,-8.32612843383711,42.511922180059,48.6295103484933
26.2626262626263,-8.4404190133248,-7.34894297482647,40.5475071235224,46.673821352898
27.2727272727273,-4.82601781978293,-4.55879973708335,37.805367123886,44.5635445122656
28.2828282828283,-3.67768395749567,-1.52423930088101,34.3316946095309,42.2455030130586
29.2929292929293,0.634213790963945,3.2551804422887,31.3514369183019,38.7850885433411
30.3030303030303,4.6007698013516,7.2821691282467,28.1877736530389,35.2414073057012
31.3131313131313,6.40503953186656,9.6430776182337,25.1568359336025,32.2458644547275
32.3232323232323,9.95624839763313,12.3563472245788,22.4949052677586,28.3156830048692
33.3333333333333,13.9174958173532,14.8472946632415,21.2587788004104,24.3582314773126
34.3434343434343,17.025309239878,19.4924070314954,18.8821850332321,19.9118439007492
35.3535353535354,18.6026919739394,20.5937952852558,14.9360349222647,15.1314509323275
36.3636363636364,22.6884744450938,25.7179257006924,10.7924002689374,10.355712120821
37.3737373737374,25.341692270843,28.2525093611224,7.86042193488115,6.20141284337094
38.3838383838384,29.0030853541108,31.6753638156491,3.593324208161,4.39401333980201
39.3939393939394,30.1548076305665,33.4366758860101,3.22385137476768,3.18595762194503
40.4040404040404,33.7942971217927,34.8796221807665,2.47019076922977,1.69747121945151
41.4141414141414,35.2442308416695,35.8917630758991,2.06769900762864,1.27337982148648
42.4242424242424,38.1074721255,37.8528527565202,0.765568859758772,1.72038481061987
43.4343434343434,39.387463335563,39.0810068270127,-1.15864269232744,-1.64802729106153
44.4444444444444,44.4950548535436,45.4812576991794,-1.32482693528534,-1.6888246517468
45.4545454545455,44.1715995849561,48.520928647102,-1.21730016491738,-0.361490299042776
46.4646464646465,43.5791940434339,48.0130368189646,0.176005764696314,-0.943254740424076
47.4747474747475,47.1771146637397,49.0075384118251,-0.472634025352246,-1.41399913411467
48.4848484848485,44.0389034813311,49.3133922759217,-0.737464786695553,0.143474551033372
49.4949494949495,44.0680043214094,47.3491180843297,-0.60504735965294,-0.601772024079693
50.5050505050505,43.0892098827329,47.8077005153829,-0.674762539030884,-0.675919476357494
51.5151515151515,42.3490293012516,49.1836499865843,-1.77019455445306,-0.632823104624601
52.5252525252525,43.565146705048,48.0440045078461,-0.251440188430977,-0.377958427024998
53.5353535353535,41.3284258796192,45.4581076426571,-0.214934379625119,-0.202708098489622
54.5454545454545,39.3221357800162,46.1184483290558,-0.266946148765306,-0.178107075584211
55.5555555555556,36.4212109683728,44.9410597258399,-0.287566948528549,-0.385441378284419
56.5656565656566,34.6568537307026,42.8979936512806,-0.990034307862761,-1.62391959963258
57.5757575757576,32.5296205528269,42.0551609902825,-0.279279130717346,0.261383519844667
58.5858585858586,30.1931273251633,39.5031911699273,-1.69136988547636,0.34972967391568
59.5959595959596,28.4870923621873,38.4196262495358,-0.172819855962085,-0.843945823590487
60.6060606060606,26.7494166114631,36.309479757747,-0.51139615650592,-0.580096087469259
61.6161616161616,25.3798357741462,32.7275193716276,-0.733777759679892,-0.602272856709634
62.6262626262626,20.4958607560969,31.8497352713868,0.0698290885162196,-1.27545530663031
63.6363636363636,19.1908761374861,27.9318413651986,-0.544121084757112,-0.872596032431701
64.6464646464647,18.1945553197805,24.3469380422023,-0.31255797997092,0.0628891137783708
65.6565656565657,17.7992989266454,22.3903365066271,-0.920322972832306,-1.09309157019242
66.6666666666667,13.7711396338411,21.8748092724972,0.682153219860385,-0.701896792289995
67.6767676767677,14.8601938618967,20.2763368704575,-1.31701690609989,-1.02919696947744
68.6868686868687,9.99425040996462,15.9285766161583,1.41843546469152,-0.353029850313672
69.6969696969697,9.77466592162914,14.9509554360847,-1.87366448068108,-0.440252546733128
70.7070707070707,8.17953020326885,11.5916997610165,-1.48037888935907,-1.00700131504061
71.7171717171717,5.70699384007812,8.28259100947029,-0.659846088284521,-0.730297473888909
72.7272727272727,2.34209495442363,6.11885954229382,-0.587247058953145,0.121352630814759
73.7373737373737,0.506589033775708,4.85972654055845,-1.21570506493692,0.599019262001455
74.7474747474748,-3.16253503573143,0.714116731914929,-1.03806560652978,-0.535947982304362
75.7575757575758,-5.95747893293108,-0.246636619377059,-0.539924531495263,-0.27745241241885
76.7676767676768,-7.45953325290279,-5.13940660739665,-0.620433635256454,0.786374962523028
77.7777777777778,-8.3376672922404,-8.00290710351332,-1.77163172127045,1.64823005670563
78.7878787878788,-14.8738640009033,-12.1714982677482,-0.462015446437515,0.217812405575601
79.7979797979798,-15.1429445699092,-14.3064012448272,0.0726194789061777,0.340210211093099
80.8080808080808,-19.2711418736754,-16.7112209725917,-0.0739017708636753,0.119531290803586
81.8181818181818,-21.3182353673088,-20.0487907169091,-1.15834725991263,-0.413436208400852
82.8282828282828,-24.2411514767781,-22.7238508404777,0.510630379917859,0.902359357366199
83.8383838383838,-26.2001441200117,-25.1136427265233,-0.117983015043404,0.256138773765612
84.8484848484849,-31.4050349087057,-27.9713364384696,0.285926317338243,1.00560422552603
85.8585858585859,-32.3956852032933,-30.7532229282435,-0.00220213868224439,0.99021908273412
86.8686868686869,-37.5047884085832,-33.7975095390779,1.4380518330481,2.03321169879211
87.8787878787879,-41.187374415528,-39.9358263881151,3.62285305482142,1.81994196544183
88.8888888888889,-47.8224334669381,-42.9963344731627,3.96361161715538,3.69423703949223
89.8989898989899,-49.1005365891602,-48.5141178803318,3.01940640898536,3.12969101103692
90.9090909090909,-50.3126601662937,-50.9050372128476,3.3432544549713,4.11408584908588
91.9191919191919,-53.5071269928858,-51.6416350378044,3.87965059353205,4.87140988388344
92.9292929292929,-55.6451233285316,-51.3656592579877,3.44273299526522,4.30821442275237
93.939393939394,-54.2195275820296,-54.7129498955099,4.47975584697554,3.53017408642438
94.949494949495,-58.407544857314,-55.2892374930801,5.39815477117861,5.05233020931452
95.959595959596,-60.2923214400293,-57.0276579390036,6.34398190410205,5.67563606008886
96.969696969697,-60.4518846381103,-57.2941115024667,6.09492072579815,4.65270780649777
97.979797979798,-60.4778442731162,-58.6425017133877,6.60471384167271,5.31833065491416
98.989898989899,-59.2473546689503,-58.1667745508438,6.36067865212519,4.74345879769342
0,-60.7607919663202,-64.8097525498397,6.2163069130811,3.8391522010622
1.02040816326531,-63.7248465795079,-64.2449864319082,6.53927009907927,4.96351435770539
2.04081632653061,-61.1740259997366,-64.7292913539818,6.28387286080465,6.01821238297465
3.06122448979592,-61.9567765112157,-64.0794801900744,5.87624215987064,3.23354408047725
4.08163265306122,-59.5536451895855,-63.0156868526706,6.48891303643558,3.56658902304438
5.10204081632653,-58.0044515666989,-60.3510573669378,6.19182224877426,4.53158509767316
6.12244897959184,-56.9897216892539,-57.7923088663501,9.13752016295249,6.74058116405276
7.14285714285714,-55.1169496139175,-55.3375905683099,12.551580631822,10.0675533578125
8.16326530612245,-50.4565003755016,-55.123475212176,18.1751347633235,14.3552350283928
9.18367346938776,-49.6511002563706,-52.0226539418897,21.9949425720167,18.0038802117381
10.2040816326531,-49.2912289335913,-50.2472121858358,26.5892132879557,19.9586041044115
11.2244897959184,-45.5222996794359,-47.9492131374839,30.8248255630524,22.6273960069134
12.2448979591837,-45.8213174995754,-46.1127923386411,32.9869240654616,24.2570792923967
13.265306122449,-43.0659315469085,-42.2573981328628,35.8433830470914,27.5879977379809
14.2857142857143,-40.2435298632128,-40.5457471226436,38.2613818557879,32.1966363871592
15.3061224489796,-37.796509496605,-38.2069756871635,40.596001044122,34.6912943549731
16.3265306122449,-35.7445028630783,-37.3793893997866,44.1357060050556,37.2153885671303
17.3469387755102,-34.0387906121742,-34.41731970615,45.6290998639225,40.0285563501827
18.3673469387755,-32.2224754170283,-31.7935047224909,47.259696537226,42.4519133829202
19.3877551020408,-30.5669228547274,-30.0419389063107,49.4294173904123,44.9636723612081
20.4081632653061,-29.8022751466915,-27.2191230592102,49.0578187063282,46.3146310916772
21.4285714285714,-24.4365692941291,-24.198094049982,49.867553266784,47.7483636331453
22.4489795918367,-21.4673886097086,-21.2672220951245,50.8476511430174,48.513422249055
23.469387755102,-18.7227020099665,-18.1342280911755,50.0218140321942,47.9555942376045
24.4897959183673,-17.5667695880467,-14.2072465199718,48.8154710724529,48.6193228368153
25.5102040816327,-14.7440611700652,-14.4304561733412,49.2791724509865,47.6932736438875
26.530612244898,-10.7476682615503,-10.0508919928531,49.2475244195406,46.9225682830026
27.5510204081633,-10.4125983093373,-6.944111756663,48.1263012988103,43.162441672221
28.5714285714286,-7.49416907260642,-2.74753424071682,47.7788865614909,40.994114889074
29.5918367346939,-1.61927175012033,0.837242564678837,45.0214842084162,37.6013029695346
30.6122448979592,0.0782482301747799,1.36207534091133,41.5908717078113,34.0232958308949
31.6326530612245,2.534226366917,5.99996595477826,36.9073011903487,29.5704495168053
32.6530612244898,5.45714567735422,10.459465548808,33.4679057849503,26.6833351505281
33.6734693877551,8.60136613491252,13.7215543502255,28.6616135888289,23.2408840606868
34.6938775510204,12.4184894640305,14.5989870111882,25.5448731456783,20.8004056999905
35.7142857142857,14.9121949116788,17.5909094056918,20.3085734914175,19.3527363619223
36.734693877551,19.7749290403512,21.3885566437101,17.8644230675162,17.2960664772578
37.7551020408163,22.587329447702,22.9894746060595,15.6632365969457,13.7039609047054
38.7755102040816,26.233010082411,29.072618383921,14.0631508039543,12.9609179137698
39.7959183673469,30.2984995305791,29.4097035076609,12.671421018383,10.8482053552621
40.8163265306122,35.1240791438697,32.3134508932155,11.8774754139555,9.85464523117303
41.8367346938776,35.3940836875923,33.7034567294612,9.66903210828984,8.43055576612644
42.8571428571429,38.4342105787752,38.3283909652891,6.47945947499536,5.50359121820444
43.8775510204082,40.5148681886384,39.5246904700286,3.79889853101121,3.10840492075271
44.8979591836735,43.6255889620648,40.5277242793627,2.45591390760446,1.35623561259711
45.9183673469388,45.2147627723268,42.8664687458318,-0.28694287632497,0.700865540195784
46.9387755102041,47.2778375695845,44.9467112210707,-0.692481547901085,-0.569152923643324
47.9591836734694,47.1157239220591,44.9978150963482,-3.13954711998619,-1.70729509156618
48.9795918367347,48.1322922913472,47.189100002989,-3.60147136039065,-3.4144643708519
50,48.5522157818809,45.347182800968,-5.63761818676728,-4.81840911708384
51.0204081632653,48.9000861946293,47.2027834808709,-5.3745431300077,-5.26758349262611
52.0408163265306,48.8575237206227,47.281840991704,-5.41889791991051,-5.10373415404514
53.0612244897959,48.7215462049073,48.6646746824208,-3.71795763773867,-4.32853172326351
54.0816326530612,49.2404077446172,46.2485757904857,-2.87244737044469,-3.70449159954179
55.1020408163265,48.062020240647,46.7145830133019,-2.87699242730748,-3.42137375306358
56.1224489795918,47.5289137665985,48.0261352587191,-3.7739825220379,-3.74654728378922
57.1428571428571,46.2795871961508,46.0402512552983,-3.13269988121313,-3.35686760804703
58.1632653061224,45.8587059152956,44.9551912373845,-2.88987105762841,-3.11724418253517
59.1836734693878,43.9667404209598,42.309880284562,-2.49963269143739,-3.27811529087801
60.2040816326531,40.8802844129636,41.8291875786933,-2.99301962986492,-3.72002381224018
61.2244897959184,38.9153171958267,40.2517016323521,-3.45473031865346,-4.53847550611863
62.2448979591837,35.2511957725391,39.6983898451269,-3.52219215017977,-4.11345677801238
63.265306122449,34.2073151449005,36.1640290788647,-2.87754969958696,-4.11934693685399
64.2857142857143,32.7807982129619,36.0656618864114,-3.61105321317512,-3.88574545657896
65.3061224489796,31.0270553146569,33.5427256136353,-2.62925644610169,-3.087322659115
66.3265306122449,27.5290195968106,30.4289719417629,-2.78654297748386,-3.37781426393955
67.3469387755102,26.2370733884298,29.8462099605504,-2.63892802039947,-3.86191924487597
68.3673469387755,22.015878447289,26.0237063466505,-3.10879262058196,-3.14972632958431
69.3877551020408,18.8017086160101,21.4584481085015,-2.19440365131974,-3.67831024095691
70.4081632653061,14.3095126131106,18.8671417665611,-2.84247843222708,-4.3630716886172
71.4285714285714,13.661425967865,14.6585654044577,-2.51697596890578,-3.34882310218245
72.4489795918367,11.3310918203649,13.3006138013857,-3.38088516803372,-3.78938440376532
73.469387755102,7.82823388412682,8.40616022499909,-3.32481689203152,-3.51782312157834
74.4897959183673,3.3957357517446,4.42303181056115,-3.21033400190289,-2.67526393942467
75.5102040816327,0.405766035574814,0.934857172483252,-3.23139614406017,-2.16548213869051
76.530612244898,-4.08220824494215,-1.61616903403029,-3.24194935215713,-2.73039485951697
77.5510204081633,-7.41149354461269,-4.84728415127728,-3.42562697416484,-2.33485741203262
78.5714285714286,-8.29127213864328,-8.94880057234156,-2.86441681236098,-2.61681683987593
79.5918367346939,-13.0994631642494,-12.7698924052557,-2.96222684011574,-2.00175068776725
80.6122448979592,-17.3673804697147,-16.8674097948191,-3.09675595182559,-0.827370739712221
81.6326530612245,-20.0589585547553,-20.948482182732,-1.88421734540893,-1.41195440522404
82.6530612244898,-23.9883619265343,-24.5696788091327,-1.34820858064149,-1.9900563785398
83.6734693877551,-28.1505278594164,-27.7178944810754,-1.18102474538823,-1.73661707279203
84.6938775510204,-32.5320958591471,-31.897023123905,-1.15025140308395,-1.76516282587686
85.7142857142857,-35.6720473392433,-32.5781681903622,-1.75197498197518,-1.66762408443306
86.734693877551,-37.8092947720492,-38.9751422302846,0.165453311218312,-0.676542960157609
87.7551020408163,-42.2859365403842,-43.1170867157054,0.353714530134209,1.23865663590517
88.7755102040816,-44.8085425864221,-47.4718619724738,1.6867997928358,1.24517035041787
89.7959183673469,-48.5907679847733,-49.1871851282021,0.890740015944315,0.667669169580146
90.8163265306122,-51.1864444103916,-52.0557614419347,0.990544235705797,1.75748739613067
91.8367346938776,-53.4484931778297,-56.2194158342911,2.12790676780299,2.10475753757565
92.8571428571429,-57.2752855652523,-57.7501232916125,3.05346290444852,1.86165676905387
93.8775510204082,-55.9120973384386,-60.4098469105708,3.85847179842072,3.22493909075977
94.8979591836735,-58.3175108843938,-57.7109115460851,5.40424161623071,4.33168183492271
95.9183673469388,-59.8602074448385,-60.6059591651445,5.72589319662636,4.74587736388292
96.9387755102041,-60.5191679027656,-63.5190467564524,6.37529182697926,4.79279907164628
97.9591836734694,-60.4367078666066,-63.663290049261,6.86282461028563,5.90566627939115
98.9795918367347,-60.8470848025661,-62.9089570907388,6.62528228398315,5.05595069502635
0,-40.6762442651636,-54.7275414077333,9.5553535211555,10.8906246519943
1.03092783505155,-41.3812772102551,-53.4008523001222,9.99740163953612,12.1841296997264
2.06185567010309,-40.1837196532086,-53.8684629993229,9.13870965719603,11.2503322100247
3.09278350515464,-39.6389362408072,-53.9165006012061,11.302114596913,11.3131297634989
4.12371134020619,-38.4584959929191,-47.5172052266766,15.3494464050335,13.4544439863668
5.15463917525773,-36.7177850810505,-47.6896752869519,19.814349413025,15.966292913375
6.18556701030928,-33.9955084494658,-44.4416053765075,23.4717265002987,21.2499243378898
7.21649484536082,-32.0687745842476,-41.5289367899516,26.1148429999075,22.1387539875799
8.24742268041237,-30.2426163343938,-39.9740812627681,27.9977964025891,23.6002428032297
9.27835051546392,-30.5355863464728,-40.4337315363302,28.1745728249728,26.3185379989155
10.3092783505155,-25.9326796297307,-35.8547955905186,29.8763354763341,27.5911243852726
11.340206185567,-24.6866941969328,-35.6027687841939,31.426718158516,30.0579504070246
12.3711340206186,-23.611945879193,-32.4911906836384,32.8846930347794,30.3668355846835
13.4020618556701,-21.5627285721393,-34.4674653273046,34.5435661360639,31.5408260360468
14.4329896907216,-19.3057153500926,-31.3617409219589,36.653605982442,32.4506766290858
15.4639175257732,-17.5230072675939,-29.5570654964446,38.252054294016,34.9315458968079
16.4948453608247,-15.5505284747363,-28.0032919959183,39.7056184854091,37.6926380492981
17.5257731958763,-12.8365348931462,-23.6052307604414,41.1637687145041,39.9707298652695
18.5567010309278,-8.73929442570223,-24.3052421668586,41.7690893025325,42.4175348767056
19.5876288659794,-8.89011322248107,-18.9389383888323,40.8836797391062,43.267290806177
20.6185567010309,-3.95612442185175,-16.389861465622,40.0264336671039,43.7775142282845
21.6494845360825,-4.07673850777577,-15.3086964522989,38.716212884567,43.7116713347183
22.680412371134,-0.810278552194227,-12.0785148280614,37.8106803465581,41.5391429909803
23.7113402061856,1.39345836537597,-8.37553284042555,35.0340736740834,40.4643140067157
24.7422680412371,1.77009560209284,-6.69438535188835,33.0513436473869,37.3694076136492
25.7731958762887,3.39639371353331,-3.53256699840309,30.458437544396,34.3996489846061
26.8041237113402,8.90398101442181,-1.65744202889932,27.3448311480478,31.6957754364066
27.8350515463917,11.6936677665671,1.24495253288653,24.2547475444745,28.5210366672579
28.8659793814433,12.7965283724867,4.15342633912811,21.879343281325,25.0016111596695
29.8969072164948,15.2790493095884,7.44434841518507,19.7925694718971,23.6260775994037
30.9278350515464,19.267744176683,11.2036297651801,18.2503605813931,22.5267056877209
31.9587628865979,20.7575657791511,13.0963583246998,16.458931441369,21.1963233225551
32.9896907216495,23.8770263676647,16.2764159941635,14.7781397443113,19.544500547329
34.020618556701,25.1713567153472,20.5972322361394,13.7658918379944,19.2129321691949
35.0515463917526,29.3523737907607,20.899943782895,12.6767149010028,17.8274133464002
36.0824742268041,30.9491941636933,24.4329811763854,11.3349091156077,16.5815394052358
37.1134020618557,35.8385524744477,27.5072007275263,9.76576724899235,16.0499015206427
38.1443298969072,36.025906875783,28.0236305946331,8.48825401170216,14.1356369920881
39.1752577319588,36.8809259197294,32.8042985604863,5.6504506943452,13.3064425305769
40.2061855670103,39.2485466886353,33.7305555566234,5.0706637722168,10.1520207501013
41.2371134020619,41.8610592424836,35.2591814276984,2.29934003120105,8.51614469696557
42.2680412371134,43.115645193624,37.209571929909,3.32769305388407,6.32726566886409
43.2989690721649,43.8475201217303,38.7048555572024,2.46224860044283,5.26354803474502
44.3298969072165,44.4571217476337,39.9645780104296,1.72042363654382,2.80520694246632
45.360824742268,46.3918194520728,43.1363620393716,1.10388181799721,2.6560347221337
46.3917525773196,48.9023013115571,42.6508536337576,1.59728327855178,2.7269559884201
47.4226804123711,50.3307695221487,44.2839980810211,1.81317917246796,2.46364716406225
48.4536082474227,52.5450437573029,47.5508418491149,-0.00802938121246,1.85099927154106
49.4845360824742,52.7110185541412,47.9821285187349,0.684597564323781,-0.941542823521741
50.5154639175258,50.3881768147561,50.0541116040034,0.215700837867472,-2.08223288591438
51.5463917525773,50.6667218622938,51.6987934311017,-1.77477337705668,-2.68092040632094
52.5773195876289,50.7834715850507,51.2212035642801,-1.13484674467761,-2.61363782400831
53.6082474226804,51.8617038748717,49.121953597512,-1.01322470066833,-2.81432168669326
54.6391752577319,48.9887066348565,49.4326665179437,-2.63129436042191,-2.12336830921676
55.6701030927835,46.9470973699149,49.9621647001155,-2.67037482038151,-3.35651909614905
56.701030927835,45.54368673718,48.519660506431,-3.35650464587805,-2.96674276800824
57.7319587628866,46.104452258885,47.7851988571389,-2.13033915209503,-2.50854578228815
58.7628865979381,43.7764826429333,45.374225161277,-1.32830110280044,-2.55480296532791
59.7938144329897,43.3490273631813,44.8056911763532,-0.500839416269163,-1.39384535427192
60.8247422680412,39.8436851436532,40.8722307741685,-1.07488616587728,-1.61072563187115
61.8556701030928,36.8567649505677,37.9371282435155,-1.18912280835734,-1.59060150157479
62.8865979381443,34.4418578454977,36.9334828833226,-0.482654371703515,-2.81295787013741
63.9175257731959,33.8356712689979,32.1995725910206,-1.18026909802955,-1.55993323180687
64.9484536082474,30.5062016554432,32.365799158783,-0.304732924517236,-1.93566442012558
65.979381443299,26.8227356069134,27.2077306900591,-0.312263443630547,-2.08877173512584
67.0103092783505,23.1557144297207,25.9826405645431,-0.136113562699106,-1.25132923724256
68.041237113402,21.3425120233787,24.0016011564702,-0.686239928760444,-0.835797595266645
69.0721649484536,17.2951047083802,20.3550454311875,-0.0571130878771992,-0.370643350523506
70.1030927835051,15.6563829448592,18.1821874991171,-0.80125520924856,-0.410262623614628
71.1340206185567,13.0236075872619,14.9532430469902,0.0591479375864941,-0.554895608587438
72.1649484536082,8.43015847423875,12.5861993085055,0.315041355180628,0.552026245737369
73.1958762886598,8.6741364351041,10.8406826401236,0.351465363702786,0.0262573761424566
74.2268041237113,6.29945974693775,6.03036666264425,0.0122189919550817,-0.150442797342341
75.2577319587629,2.71174349540156,2.15600060195005,0.104641155081858,0.421608199763626
76.2886597938144,-1.01091729809596,0.037117591088636,0.428996794870879,0.832890648386503
77.319587628866,-3.44501283726616,-3.6106311135149,0.61793295709617,-0.534521978457104
78.3505154639175,-6.02421416550159,-7.65420067477411,0.269866413622551,0.801425781919992
79.3814432989691,-6.22871216423714,-11.1408166587695,0.840381283781645,0.428481640563148
80.4123711340206,-11.9875673965917,-12.3965315981902,0.954771547606797,1.11676247962859
81.4432989690722,-11.2311816143537,-16.5494951874231,1.14099109625736,0.650934632282722
82.4742268041237,-15.4917464266615,-18.9084981477097,0.195090624723079,1.59421913835322
83.5051546391752,-18.9025948374151,-24.5193526109811,0.787865998356491,0.740210973276217
84.5360824742268,-21.2407596920912,-25.3370385322259,1.26917537512939,1.61276267801463
85.5670103092783,-20.4251796201342,-27.6809009733565,0.591925818632322,1.31184044760604
86.5979381443299,-24.6294394586097,-32.4563540806071,1.3617729484577,1.83264634840385
87.6288659793814,-26.5176769628856,-34.571279602339,1.20791023647811,2.0325686249274
88.659793814433,-29.519599353274,-37.4654799413054,3.31060712061011,2.43208222044992
89.6907216494845,-31.7585596084527,-37.6533873072902,2.70184179925207,4.86257136605043
90.7216494845361,-33.2971363847424,-42.5986909441497,5.16673145172258,4.05970863200919
91.7525773195876,-36.6025076198287,-46.0825772790963,3.80531661787192,5.25649291820639
92.7835051546392,-38.1023118938581,-47.8494026199443,5.52490674801115,6.66247799037552
93.8144329896907,-38.8222147750536,-48.0584085453514,5.6124306475325,6.48405055351396
94.8453608247423,-41.0558724437147,-49.2804154795338,6.72988208133405,6.70364043545897
95.8762886597938,-42.4970710080255,-48.7702752181307,8.10388655181378,8.39079732517231
96.9072164948454,-42.216266732651,-50.8926884086877,8.0725259416596,8.46909976209401
97.9381443298969,-45.7598173077478,-51.6498298813803,8.92579948025489,8.97779187516261
98.9690721649484,-43.2703333814679,-52.2129799720824,10.8558803259721,9.5262204123178
0,-56.664497650967,-58.0725050880522,5.97876903671855,5.7682895556875
0.99009900990099,-57.8219249955256,-59.1348241104699,6.90836808093554,6.81830019026676
1.98019801980198,-56.5144348193267,-57.510199700063,7.60210590036325,7.03623242565956
2.97029702970297,-56.1525041181354,-56.6358039895568,7.01394664731705,6.23118126907355
3.96039603960396,-55.9387799667311,-56.5827325643527,9.51886260226708,7.40078328490411
4.95049504950495,-55.2179362564597,-52.5606672323039,7.60033087720361,8.42820113095548
5.94059405940594,-51.6809492497829,-53.4161280394205,10.0151101564252,11.5694137520838
6.93069306930693,-50.3748443640382,-52.1819408303757,12.3434357204519,14.5240186698112
7.92079207920792,-50.3768090216833,-47.7275145367496,15.7504579894555,15.9582554763211
8.91089108910891,-47.3564632597586,-46.9047819115425,19.6015132879493,18.6821315645576
9.9009900990099,-44.6685952805159,-45.1253493120519,22.4240132621862,19.9880355696035
10.8910891089109,-45.9152731589082,-43.9938480777105,23.8053859888159,20.8418751955384
11.8811881188119,-41.0689232741813,-42.3315548230407,26.3939781477725,22.7806826799278
12.8712871287129,-41.6351194090999,-41.4154285253398,26.3810989014152,22.6050332000318
13.8613861386139,-38.1519614917267,-38.743320710386,27.4532251883736,25.3594505502578
14.8514851485149,-37.1265740780113,-35.9824085360477,29.1444807295005,26.4163703588897
15.8415841584158,-33.777020378091,-34.460486963547,28.7684146146706,28.3387680377508
16.8316831683168,-34.2318094037746,-33.4106162592858,30.7297362822994,30.1012816930265
17.8217821782178,-32.4933869040646,-29.0352294441762,30.1793809328624,30.3631152360085
18.8118811881188,-27.9241956840755,-28.4429954851747,30.0051620191329,31.0114851187674
19.8019801980198,-24.781627141579,-26.2455722508546,29.9473289391354,31.1478931024298
20.7920792079208,-23.5790709190084,-23.9352124790289,29.4407422236725,31.2783781006728
21.7821782178218,-22.6485115812985,-22.5809784889966,30.3220746313482,31.9403040884874
22.7722772277228,-20.2980130530888,-21.0907805856882,30.971578978206,33.7348474934312
23.7623762376238,-18.6272539692975,-17.6761914504287,32.6450252639054,34.9492770526104
24.7524752475248,-15.6713183276662,-15.2353317645639,33.2346127689491,35.8560960153146
25.7425742574257,-15.5661922028533,-10.7726921093867,34.0573448790812,33.8916440993588
26.7326732673267,-11.191238672887,-9.13089018725702,32.7455030434414,33.2325082180494
27.7227722772277,-7.94916139573616,-6.54996762082122,31.4497399428011,31.9510268399709
28.7128712871287,-3.60018366882082,-3.54336096398308,30.5055429654172,30.4071528934822
29.7029702970297,-3.28881295074646,-1.98578657376122,29.3656042966555,28.5997150890585
30.6930693069307,1.13283165267919,1.05400184333749,28.5346663520698,27.0558202315986
31.6831683168317,3.36989412898737,5.0074023094678,28.3291494981776,26.0011828461273
32.6732673267327,4.9027001958152,6.74396719746284,25.2647621393531,23.0679292965656
33.6633663366337,5.21685023006536,8.56542661314439,22.6716753945053,21.7892348721492
34.6534653465347,12.5299071939007,11.5899462351505,19.6921454836201,16.68037446015
35.6435643564356,13.8638349819746,15.030541952873,17.7626915350097,14.79617767462
36.6336633663366,17.5131795498852,19.243246824619,16.0177634256885,12.9456492574087
37.6237623762376,20.9030304540025,20.7226875535592,14.931437150823,11.2786740487164
38.6138613861386,22.3664101589081,25.7624123549286,12.7819573034329,10.2598456143067
39.6039603960396,25.3703723032794,24.3666223456651,11.1996349177094,9.84593654712389
40.5940594059406,27.2325600533307,27.9056120630031,9.63737940415532,6.94000886986329
41.5841584158416,30.9882262021761,30.6648907153721,7.78485610410275,5.09938600386837
42.5742574257426,31.7147980605422,35.1053394630962,5.7478083448494,4.11185573309164
43.5643564356436,35.436877315787,34.123644021267,4.65102569013053,2.76007561347043
44.5544554455446,38.8242153960602,38.3040763061844,2.60071130754968,1.11224904777674
45.5445544554455,40.0672442498801,39.752870688677,1.63718903243569,1.07813766502032
46.5346534653465,40.7250292365236,41.8383811343095,2.20428934553397,1.64110008818455
47.5247524752475,43.1760953539356,41.3713039136818,0.767623689894058,0.607384788999702
48.5148514851485,42.1605867929949,41.7197671683839,1.40299184831802,1.03546319422661
49.5049504950495,45.323204345976,44.4178054525728,0.309218165122856,0.00560255618854544
50.4950495049505,44.3480661563999,46.70796393538,-1.5261325084904,-0.807404913431349
51.4851485148515,45.0042287832674,49.9438987855877,-1.07395665183297,-1.54726644672316
52.4752475247525,46.5830802016419,48.6229095140698,-2.15289447081099,-3.1049418266717
53.4653465346535,45.5794537452135,49.0916232430279,-4.31365121656111,-2.93501978364053
54.4554455445545,46.9856665363983,49.1424982978994,-3.22511420882903,-4.48159491434032
55.4455445544554,47.3209517741006,48.1771016712107,-2.99663205989472,-3.7736460463836
56.4356435643564,45.3791687684667,46.5533417093327,-3.16404232012565,-2.72802418417153
57.4257425742574,44.947631277732,48.4051429518918,-2.26373192016941,-2.24655615491455
58.4158415841584,43.7290226327561,46.235566892111,-1.26354183476213,-3.01051134202669
59.4059405940594,40.1510631139871,45.2817899840441,-1.26454629771415,-2.29993025010466
60.3960396039604,37.8638045609408,43.4145540007973,-2.02911365582099,-1.95258535468539
61.3861386138614,38.78212140716,39.6406948773436,-1.72760509298636,-2.10041610355291
62.3762376237624,36.2208953809391,43.2352920523584,-1.86494750956732,-2.39484592396636
63.3663366336634,31.9784434076745,37.2613943546593,-1.79321646319057,-2.53698718436216
64.3564356435644,28.6151354410794,34.5149531290083,-1.81972790867531,-2.89242671035012
65.3465346534653,26.5181536710077,31.6157196862435,-0.58174163958909,-2.30799151399382
66.3366336633663,23.5069674411313,30.7075452933902,-1.48732352387301,-2.26181396583378
67.3267326732673,22.326937637053,26.8974934397543,-1.50091736550897,-2.0670262931965
68.3168316831683,18.5944048910447,23.8552613161959,-1.19065192016013,-2.79283419603129
69.3069306930693,14.8324483730503,20.6404579496875,-0.991482656348868,-1.73698326323677
70.2970297029703,11.1277964708525,17.5949492825907,-1.33947113258278,-2.59174530652125
71.2871287128713,8.28061378338656,15.8790687147838,0.0462878502686802,-1.91055510164791
72.2772277227723,6.68173651746047,11.5235793630966,-0.645057037496794,-1.23207373325991
73.2673267326733,3.51273337907907,8.79437742376045,-0.706649448727436,-2.18721898162435
74.2574257425743,0.418993239085,6.99303740062809,-0.0319527095023772,-1.08453944094168
75.2475247524752,-2.49675174010337,3.70435572865357,-0.0928303016453268,-0.664590409156316
76.2376237623762,-4.2124988801505,-0.579325986124055,-0.0352154413976949,-0.911283380853715
77.2277227722772,-8.89303599449406,-4.2204381834822,0.0490002042844879,-0.268955957825678
78.2178217821782,-10.8199748970588,-6.09182232963394,-0.803638947916898,-0.396187396613715
79.2079207920792,-13.4182181064516,-10.4528109338959,-0.693290209453272,-0.268625198769862
80.1980198019802,-16.1833712208639,-13.0898236328586,-0.223958832930037,-0.33365475271325
81.1881188118812,-18.5369064388069,-16.6207620589742,-0.64943002545981,-0.248988365650448
82.1782178217822,-21.7886264452967,-18.1831897841303,-0.823281456911361,0.312921740997019
83.1683168316832,-25.1947560415171,-21.2188866606388,-0.600730631550448,0.201695941008294
84.1584158415842,-27.619069375081,-25.4830249146771,0.039965934494249,0.372024278348214
85.1485148514851,-30.8561218762755,-29.1895876149852,-0.754971951155151,0.362031646278725
86.1386138613861,-32.802619521995,-32.1035173191256,0.417064986170375,2.04826034271065
87.1287128712871,-35.6231814512184,-33.8660135409052,0.370728811378308,1.43593147993228
88.1188118811881,-38.3209268046431,-38.3593983516199,0.237582208838061,1.4435316208825
89.1089108910891,-41.1414071948715,-39.0490331030678,0.631398758643863,1.81083540481644
90.0990099009901,-44.6229137773951,-45.1367014603299,1.76026425892206,2.15933617607862
91.0891089108911,-46.5281977339526,-44.9569910478708,1.68234568078861,1.67593041846662
92.0792079207921,-49.7829805652485,-47.5886856212256,2.96186518379034,1.64084985994441
93.0693069306931,-50.3042066807369,-52.1898969408703,3.10673917912174,2.63119305440628
94.0594059405941,-52.473338272343,-53.5829422557169,3.620174602475,3.49896473763699
95.049504950495,-53.3271430407678,-55.6207475362865,3.28266648853476,4.05835555056843
96.039603960396,-53.2420011717124,-54.7276534194829,3.7793964557475,4.55486176869933
97.029702970297,-56.849775137278,-56.9986120933948,5.02209766001837,6.48999725413405
98.019801980198,-58.9418170864249,-58.0022275213798,7.12637832568245,5.24433555115769
99.009900990099,-58.0199638391038,-56.5736256846942,6.92945825719342,5.25572123120043
0,-44.6750484273061,-55.1331066262857,10.7575610978843,10.7017936975651
1.02040816326531,-44.8153682851365,-54.8688522739747,9.46268820278348,10.1334608597609
2.04081632653061,-44.3542738684163,-54.3627276616294,9.81480378688912,10.2803666728433
3.06122448979592,-44.4293848591812,-52.7735006341182,8.98509374675138,11.5319933270997
4.08163265306122,-42.692592117029,-49.5908346209417,11.9389840097884,14.4466181358236
5.10204081632653,-40.7638524241854,-45.9717182879989,15.8066048464585,18.2085650474763
6.12244897959184,-39.2321814454119,-44.3490073898575,20.4404725772349,23.2056562008321
7.14285714285714,-36.2690106935608,-43.6608650468589,25.6713670811333,23.9913097621068
8.16326530612245,-35.4973266628918,-43.020350988123,28.8921015589243,25.9378287736774
9.18367346938776,-33.2045942750763,-40.8116962530872,30.4349127502356,26.8490596663236
10.2040816326531,-31.0664045470485,-37.9975702498933,33.1378119161442,27.7722214107849
11.2244897959184,-30.189009809203,-36.9150737299205,31.9061565395607,29.1482629338426
12.2448979591837,-27.2874735742784,-33.4413490081434,32.0343119043058,29.7223784603683
13.265306122449,-26.8245948629495,-34.4199497404476,31.7248084342416,31.3854720638628
14.2857142857143,-24.4838567692983,-31.0824375054344,32.0860065579237,33.4329836958246
15.3061224489796,-21.8821558406204,-30.3305609314184,32.9872776490116,33.5566197678231
16.3265306122449,-20.3204770397925,-27.7558529701537,35.0308827468964,35.2431513227435
17.3469387755102,-17.4725948776338,-25.6113517984059,36.7871687150167,35.7256839778299
18.3673469387755,-15.3917834014679,-25.5785101552749,37.7178492325632,38.2884790083025
19.3877551020408,-13.7328408472225,-21.4407777723054,38.3560877178921,37.9096309410322
20.4081632653061,-10.9351251544932,-19.614684969591,37.6631333542845,38.1531586542831
21.4285714285714,-10.1812501397129,-16.8358483181479,37.5375466485852,38.5551200990573
22.4489795918367,-6.53127415618612,-14.1559470766219,36.06987104528,38.4410656761633
23.469387755102,-4.00889068097849,-13.0314675978896,34.3160964717246,37.7218107651245
24.4897959183673,-2.38230279520476,-7.84943664178328,33.4228954818706,34.8437308936642
25.5102040816327,0.0712577794827942,-4.12993971105045,30.6667857388187,33.7768831207783
26.530612244898,3.54338922954933,-3.90986964396267,28.6812276212223,30.1800441545865
27.5510204081633,4.37375760193496,-1.65952662964697,26.7725483611523,28.0029220826545
28.5714285714286,5.62192573099292,3.00603601358128,22.6027611940028,25.5234565570581
29.5918367346939,9.86135818456133,5.22175009804863,20.3660996404975,23.068576987631
30.6122448979592,10.5309771269638,8.88111662064768,18.7540857890538,20.7323717247763
31.6326530612245,11.144369932178,11.9085718804493,16.9749969340691,19.3721050539858
32.6530612244898,16.3132462431586,14.2071646335719,16.4614108040806,19.0887810353906
33.6734693877551,16.8364518719005,17.9387897096203,14.4255616943568,16.9162829025292
34.6938775510204,20.2778392418473,21.2328322313944,13.3305916704359,16.7189271396815
35.7142857142857,20.6261778703495,22.8323693595828,12.7130806834386,15.0863957034934
36.734693877551,25.1002840766866,26.3290558501172,11.1545157420195,14.4320967491646
37.7551020408163,28.2966749492422,28.4710019049707,9.97707311841665,13.424477369697
38.7755102040816,29.1085934362872,31.127030883404,7.60604187984882,12.1250120740809
39.7959183673469,31.2325590059495,33.1734074475185,6.21815451447715,10.5113369348696
40.8163265306122,31.1651947990404,34.3904298675541,5.56131465152793,9.5198592813488
41.8367346938776,33.879426477312,36.6072804208657,4.3355901397438,6.99237373855694
42.8571428571429,38.0281631316149,35.8409954140067,3.79571916920459,4.84298373273307
43.8775510204082,38.0487847931117,39.3853991084707,2.85942134728979,3.48618802067447
44.8979591836735,38.3787745349108,42.5525990575331,1.72824972379964,2.48564619928998
45.9183673469388,41.7384282540621,43.9508192065986,1.7975601770407,1.58477784946815
46.9387755102041,43.876472408772,42.7937613260768,1.22562328961607,1.98522694806134
47.9591836734694,44.286919961086,46.324477257118,1.89430930001974,1.33027259756195
48.9795918367347,45.0105591365352,45.0365719059812,0.592195245232614,-0.367153106035931
50,46.1588236243171,47.531192324631,-0.999994200877538,-1.6541754674985
51.0204081632653,45.8448652689114,48.2641279834758,-1.64449364103919,-3.03259774416493
52.0408163265306,46.9324191062429,49.4299485558845,-1.58773325351253,-3.06712581988114
53.0612244897959,43.7939818936577,48.5479849304922,-1.70081024699487,-2.28083694474251
54.0816326530612,46.1363601970688,46.9690797939873,-3.80077897535902,-2.20597146209769
55.1020408163265,44.2607815467234,50.179988209957,-2.98087639033006,-2.49153450459464
56.1224489795918,44.0971670203355,48.1912467171195,-1.94910580749107,-1.88145044588126
57.1428571428571,44.0277185607937,48.5957912134495,-2.41651732517994,-1.94757837221175
58.1632653061224,43.8388644745636,46.7015688081788,-0.492276088550088,-1.54541368133745
59.1836734693878,42.4272725717191,44.8173023719333,-1.79538633352297,-2.02273095166898
60.2040816326531,41.1142681415468,42.5868619280514,-1.63709299775673,-2.17435817967056
61.2244897959184,38.7549075410136,39.088490450518,-1.28893920010757,-1.53101302959006
62.2448979591837,37.1673176294528,37.7684777773887,-0.442755100087725,-2.0864743571618
63.265306122449,36.0801915523332,38.7277744124952,-0.806225005717685,-1.47814813068339
64.2857142857143,34.096374003169,34.5672543017478,-0.366994113217079,-1.82478736657616
65.3061224489796,31.5903480826999,32.9986151698199,-0.594808363363401,-1.44568679498981
66.3265306122449,29.8341609815018,28.399279376559,-1.53640414651365,-1.28547069988657
67.3469387755102,25.5139125043719,27.6750695335388,-0.418900323749129,-1.96292058889776
68.3673469387755,22.9283084698024,24.4724785590183,-0.477509092499582,-0.508362253443304
69.3877551020408,19.6725906847562,22.6996176687448,0.0616877851687112,-0.6727897149714
70.4081632653061,18.9164301816018,16.935190187696,-1.27929956233345,-0.0254701595725646
71.4285714285714,16.1828104051593,15.345441776591,-1.17350210516318,-0.203135464504212
72.4489795918367,12.1802823394082,11.4285464824742,-0.140131105957703,-0.355803311380689
73.469387755102,7.47659207091211,7.50817026503829,-0.708998654277603,-0.550394194633474
74.4897959183673,7.65997476237855,4.28428547339693,0.345546355900552,-0.352884553346668
75.5102040816327,2.56891983137095,1.63436273045316,0.159395874797226,-0.85458598369252
76.530612244898,1.41688181563521,0.811040901030448,-0.708891763000866,-0.689822212911146
77.5510204081633,0.0105538323760397,-2.45666999255295,0.122086267773902,0.64065123906567
78.5714285714286,-4.63534204453058,-7.0145733902864,0.215106293086472,-0.178361796934467
79.5918367346939,-5.95946453892569,-11.1721997748793,0.230729368772159,0.140044569062506
80.6122448979592,-10.1937078770641,-13.8918535221769,-0.0516080155108397,-0.0421430327828793
81.6326530612245,-13.8120651641202,-15.3107311303606,1.48371930653013,1.14396990513781
82.6530612244898,-14.3724240128429,-18.9234509715674,0.952477905293638,0.391864584635222
83.6734693877551,-16.0944559131158,-24.258254915943,0.670733927425233,0.648329000655023
84.6938775510204,-20.0185721150379,-25.6177025649853,0.847734559561656,0.735238573789273
85.7142857142857,-22.6725056273893,-28.9094616740723,2.33375858540361,0.237205220252254
86.734693877551,-27.5860671651412,-32.8043061068576,2.59094759334992,0.922955375218142
87.7551020408163,-28.2229225219089,-34.7282191946404,3.64043165663265,2.58001373351306
88.7755102040816,-33.0037688214913,-39.1611132577003,4.47762622503139,2.85432962117608
89.7959183673469,-34.2523214478934,-39.637724125266,3.53446560661609,3.76937082586565
90.8163265306122,-37.815612540326,-42.0784570338617,5.09262620879419,4.82562859504855
91.8367346938776,-38.6342459701066,-46.3356643228554,5.92321417282518,5.29738872939216
92.8571428571429,-40.1781722629214,-48.3750057608013,7.07299818133603,7.19115510728071
93.8775510204082,-41.4086105040353,-50.3463849769285,8.14754402219455,5.31523647902835
94.8979591836735,-43.3492203585235,-51.433798919787,7.11324447943431,5.6413525276476
95.9183673469388,-43.5648396503953,-50.5307362405371,8.51778653141069,8.50195460600663
96.9387755102041,-42.5896484260821,-52.8028260288396,8.03229196040343,7.5861542824771
97.9591836734694,-43.5233412215215,-53.7913100956077,8.12538079021903,10.3170888160482
98.9795918367347,-42.9774979494541,-54.5607582295323,9.52753962237227,10.8136282638025
0,-58.2812167121597,-63.2683499854814,5.83196135591691,7.10503012719521
1.02040816326531,-60.4772032590085,-61.4605589925241,6.38240604486569,7.17510615768185
2.04081632653061,-61.0954476076872,-58.5126761019606,6.49822292398177,7.66930557117558
3.06122448979592,-59.2984975714321,-59.7292983953922,6.20634200493515,6.5289243516875
4.08163265306122,-55.5599381630206,-58.2664295632923,9.08359266195466,9.26510926220613
5.10204081632653,-55.0480374112308,-56.9249630118814,10.2388880694793,11.8629688195375
6.12244897959184,-54.3827726661589,-53.8953669923957,12.0848088278111,17.513748886852
7.14285714285714,-49.2571109558928,-51.7834524964972,17.4121344378653,20.3731026509216
8.16326530612245,-49.354792562265,-49.7971588663061,21.7839983645348,24.5666144777204
9.18367346938776,-48.3643621186474,-48.8914402520494,25.5671448275722,27.8014726505883
10.2040816326531,-45.2608879094252,-45.5301360759441,28.6575873413557,29.309773595197
11.2244897959184,-43.9530927753325,-45.6252795818823,31.8117031866331,31.6359587646082
12.2448979591837,-42.3102466681846,-44.5599748377755,32.7566123234852,33.65037865367
13.265306122449,-40.438094758492,-42.9354051244807,33.728646784991,34.0648657271491
14.2857142857143,-37.5884662004039,-39.7584797063564,35.2098189830015,34.9630394585535
15.3061224489796,-37.0275445395886,-37.9155842219381,37.3382997066944,37.9739144818658
16.3265306122449,-34.638620057815,-35.8618471755513,39.3164993374245,39.8171304323144
17.3469387755102,-28.292903774953,-35.1053480011617,41.4667630609,42.0111421693748
18.3673469387755,-30.4059804161242,-33.7884867830145,41.9764269673915,44.1484979116389
19.3877551020408,-27.3524967947091,-30.0679705150919,44.3059936114784,45.015693564816
20.4081632653061,-24.8775980560457,-27.6921366617637,44.0257591947176,45.1597961626393
21.4285714285714,-21.4093970391877,-22.5489677269461,44.8931756605377,45.3743745162437
22.4489795918367,-19.4714492618486,-22.2820872805595,43.8307008365834,44.9299703329032
23.469387755102,-16.9848425882621,-18.2356187921821,42.0083615154063,45.6376763882928
24.4897959183673,-15.0540462862851,-16.5330363110706,40.6484846770988,45.0352656482964
25.5102040816327,-11.9499598924958,-13.811662601395,39.172555029054,44.4231514961947
26.530612244898,-9.56670736929162,-9.40834720256735,37.1674509404213,43.9897908089534
27.5510204081633,-8.87184493737779,-5.65963388315551,35.1486833806666,44.7982914135911
28.5714285714286,-4.88604120873488,-3.58354661664792,32.4941050503482,43.1766480448226
29.5918367346939,-0.101892257879903,-0.432680765223403,30.4734386174704,40.6806122273467
30.6122448979592,0.927405245073424,4.00159433882818,28.0473055760612,37.9158709536022
31.6326530612245,4.41643147419963,7.29604089817294,24.8368298619515,35.558297946372
32.6530612244898,5.95661379181033,9.66245678641164,23.6882539684294,32.8561359651036
33.6734693877551,10.3853271549898,12.1613314541127,21.4562982580945,29.2322430244164
34.6938775510204,12.2118743191624,15.9094060295456,19.6702250131922,25.8412537846148
35.7142857142857,16.5716871355538,19.4870750000737,16.6277769302457,20.4852697075127
36.734693877551,20.7023599896419,20.6671316809354,14.2438066261509,17.2034302979574
37.7551020408163,22.5215679056072,25.0880678616884,10.6271774029202,13.8220951915607
38.7755102040816,22.8482692321545,27.1790545912703,6.80569053699292,9.64348212051976
39.7959183673469,24.7976320830029,29.4784589035074,4.6567972701301,7.04705400586254
40.8163265306122,28.2150810682899,32.500016512837,3.35508870760715,3.51243079846284
41.8367346938776,32.718112452475,35.3510697096158,2.05863964608165,2.82477259568298
42.8571428571429,34.8603210808243,36.634062852475,1.81090288705115,2.66149922039443
43.8775510204082,35.3866679375789,35.726581008085,1.9359228207456,2.12046842904233
44.8979591836735,39.4543439641709,39.6583492370749,0.371720065670442,1.2162878284964
45.9183673469388,39.4897002873983,43.44235534385,-1.92819637027109,-0.599991134849146
46.9387755102041,41.4963897136769,45.0646844762976,-0.925792331998698,-1.43071021916289
47.9591836734694,44.6260311845471,45.0485819544781,-0.907595215065226,-1.16409294678076
48.9795918367347,42.1047169036103,47.5651744495491,-0.726219935416835,-0.524566511408862
50,45.0762853065065,47.7707371167608,-1.65991762225966,-2.20702068551732
51.0204081632653,43.286501619592,48.704029452629,-0.89775499659411,-2.08298422889113
52.0408163265306,42.7263438522636,47.6051668546664,-2.89617772534016,-2.82979921037567
53.0612244897959,40.7160616651163,47.5348585859843,-2.81175103751277,-1.14797997718686
54.0816326530612,40.6906999092062,47.1233789151083,-1.71205873130667,-1.49759010668307
55.1020408163265,35.9347679801819,45.9174321143338,-1.87163992347276,-2.20504264192475
56.1224489795918,35.0274816876304,43.4031428331253,-0.730180549446082,-1.13163063757385
57.1428571428571,33.9162249202865,42.9485993312607,-0.816823202024274,-0.425630773656119
58.1632653061224,31.8676531887098,39.0988092742733,-0.810522653764428,-0.752562629064519
59.1836734693878,30.6353980355351,39.0608000586428,-0.325673322257002,-1.00921042595921
60.2040816326531,26.9582270917282,36.3035333867782,-1.16958828911128,-1.08997648685786
61.2244897959184,25.787400673991,33.4836782074639,-0.959700687611857,-0.997449158207038
62.2448979591837,25.6260026078466,33.8196553014456,-1.28018340521804,-0.517182506429596
63.265306122449,21.6132787539578,29.6723817011773,-1.44238409606834,-0.764257918136664
64.2857142857143,19.1437544027881,29.613711272019,-0.642742879098494,-1.02118540276507
65.3061224489796,16.676257631658,26.1086051804216,-0.514256032031299,-2.18229820554173
66.3265306122449,15.754043943997,22.8628010691611,-1.38140179139161,-1.28970066721988
67.3469387755102,11.8409601227086,20.8367759504782,-0.0720852042893034,-1.57383318312271
68.3673469387755,11.9501478350499,20.2021624648791,-0.215953853294227,-1.26684327453703
69.3877551020408,9.05473124097043,14.7686194771931,-0.0945068041568586,-1.75992925141997
70.4081632653061,7.18500659732165,14.8124585225059,-1.12339452781312,-1.58043985953211
71.4285714285714,6.84410357097725,10.3580278272151,-1.60225247168355,-0.206581156209013
72.4489795918367,1.78463562754574,8.89002579779411,-0.586406223853765,-0.741684667582553
73.469387755102,-0.441493357590504,5.54606432756161,-1.527895663036,-1.23105505296789
74.4897959183673,-1.91223867864747,1.11132841671073,-0.303978014379887,-0.87081781173172
75.5102040816327,-5.12235866791879,0.330925213865738,-0.0368737325483092,-0.2558237329117
76.530612244898,-7.69174784048281,-4.70586450848005,-0.472404813702518,-0.136647638328524
77.5510204081633,-10.3788881141251,-6.89206468583943,-1.23786768512131,-0.56704799365755
78.5714285714286,-16.4861228879529,-9.78745149161589,-1.01497000880392,0.256317151253605
79.5918367346939,-15.9234875782537,-13.4037262006608,-0.219755690828641,0.0499803773514212
80.6122448979592,-19.9096604698936,-16.4290492447219,-0.991152401142896,0.12421699448103
81.6326530612245,-23.5513045462872,-18.4515493499505,-0.257872875552853,-0.698068270864076
82.6530612244898,-26.0009669592636,-21.9345274147149,0.601931439185806,-0.683790118298917
83.6734693877551,-30.6271626882375,-25.7844347976367,0.447131593155359,0.00490328333573675
84.6938775510204,-33.2352650140867,-28.3648651829555,0.862666584137298,-0.149482860822977
85.7142857142857,-35.3607847655711,-31.0710572251578,1.46845482971599,1.38200155168231
86.734693877551,-41.4189247209041,-36.1674158786646,2.58191491922745,1.70832255113219
87.7551020408163,-43.2377658663967,-40.791092964029,2.727631572203,2.35544309306275
88.7755102040816,-45.6328754357022,-43.5578320544756,2.32978169306097,2.81419820017053
89.7959183673469,-49.0892939940699,-46.3326396527056,4.06853112025263,4.25804730403317
90.8163265306122,-49.9618219398752,-49.3130754319585,3.72761367588128,4.19276573241305
91.8367346938776,-52.9551325560219,-51.044203916509,3.48795587689173,3.11409807458783
92.8571428571429,-51.5658808285072,-53.4594781888863,5.13670569255445,4.74310760848663
93.8775510204082,-58.2904764482721,-53.7346082017654,4.09422841846253,4.42297008410086
94.8979591836735,-58.1754185515748,-55.3698686367184,4.46436946187265,4.1755223968756
95.9183673469388,-58.6261477566731,-58.8121093196565,5.33200463120559,4.90064986535058
96.9387755102041,-59.7346961910807,-59.7208498381824,5.63957237963394,4.80501471489943
97.9591836734694,-61.7051711904027,-63.2448454284758,6.08934946939528,5.73079738968805
98.9795918367347,-60.8005545201282,-59.5378820718793,5.45217864679018,7.33159148091113
0,-46.8586243111518,-54.3190869730823,9.17100666591316,3.88238257612117
1.02040816326531,-47.0698005647409,-54.7661387960353,8.19604200681649,4.15064204122129
2.04081632653061,-43.4832917137227,-54.4209117734602,8.51366144410427,4.07752595238262
3.06122448979592,-44.9405235499379,-54.6939333121935,10.1239711670054,4.70413466626293
4.08163265306122,-41.5495353940306,-54.2552816091074,13.7507923768801,5.29912284717132
5.10204081632653,-37.3224247860872,-51.6997476030196,18.1971088621429,7.64308066246629
6.12244897959184,-37.8307001688408,-47.0891453838219,25.1774857567769,9.98719642861385
7.14285714285714,-32.6588250855444,-42.5772659898121,30.4110970308801,13.0042999797824
8.16326530612245,-32.9643106504002,-40.5910001296437,35.1563037403548,14.9945188159977
9.18367346938776,-27.9703012412637,-36.9770115711473,37.6969007840321,19.1775965876219
10.2040816326531,-27.9894399700475,-35.2075934383127,41.3419168197947,20.8851506024324
11.2244897959184,-24.9893764453852,-34.8385952603779,44.0518842247872,22.8115231596935
12.2448979591837,-23.7297658881858,-31.0824819977476,45.5775613230082,24.2608519825259
13.265306122449,-20.9964863792973,-30.6374326919748,47.2860801272516,27.0275160725032
14.2857142857143,-17.4687243311668,-28.2154621196432,47.0553818792515,28.6088489696207
15.3061224489796,-14.5648846262062,-24.1814919098783,47.9657970444156,30.3771076979564
16.3265306122449,-14.1010343748094,-21.1476447895021,46.9296729244583,31.3657834470392
17.3469387755102,-11.7016452732991,-19.6703255588798,45.9231359736793,34.6533682917273
18.3673469387755,-7.91526073041462,-15.7654746734916,45.2450931716658,36.2752144725594
19.3877551020408,-5.22758004247288,-14.2393652001751,44.7571572419172,36.6646368001136
20.4081632653061,-2.38853208452959,-11.6533781219892,43.6872085278219,38.9274569249758
21.4285714285714,-0.499755863201939,-8.27304026768848,42.1679554034971,40.466906745527
22.4489795918367,3.36055228527201,-6.25109058081958,39.5190301213196,41.1433509833462
23.469387755102,7.07151182456407,-3.50849010283867,37.7700349478703,39.6477706644251
24.4897959183673,7.85531658318364,0.00567028922099022,33.1813757749082,39.0911213843986
25.5102040816327,11.9201454538355,1.45392866159028,31.1801255818838,36.1813574408573
26.530612244898,17.9485188049439,6.61522768615314,27.9581271379387,33.7948612156171
27.5510204081633,18.979511044629,9.37653915057951,25.2492395963397,30.9675596756125
28.5714285714286,21.6621966619849,12.6326527542165,22.2469743280201,27.257921170078
29.5918367346939,24.3958833375016,16.1548711634014,21.1791272708178,24.0828094163773
30.6122448979592,29.0020820638252,18.1988062856817,16.6229798380412,20.8930056459432
31.6326530612245,29.3564622686104,20.6817677505997,13.001745187634,17.8659067925544
32.6530612244898,31.7534608679144,22.8831773223923,8.64996015766218,13.2253570534571
33.6734693877551,32.4725919313564,26.6840307971086,5.23376497956915,10.0066785706545
34.6938775510204,36.9517033110316,27.7785328730093,3.41941944967205,6.78390307792527
35.7142857142857,39.1270806418461,31.031066114165,2.44348331233951,4.39674853093364
36.734693877551,39.4276823026721,32.9164583580903,0.708736226838688,1.61278987539559
37.7551020408163,40.3940930886412,34.2434690933108,1.14771918403794,0.455485784043141
38.7755102040816,42.6055726671039,36.5658353429049,-1.39138475151657,0.122951467567498
39.7959183673469,43.1269235670998,35.447020027215,-2.64025344459002,-3.20916996909124
40.8163265306122,45.564991216203,39.3858128694712,-1.77635779120655,-4.3565457192551
41.8367346938776,47.5943227980087,41.2688188917056,-1.59268891206089,-5.3957728826418
42.8571428571429,46.0607658430343,42.747273823842,-0.532819638158382,-3.87066096324813
43.8775510204082,45.6740277196928,41.9552940446961,-1.78395157495994,-3.01847850385687
44.8979591836735,43.9715735629496,44.3234572644983,-1.2991549468674,-1.51794948445513
45.9183673469388,45.7411200622354,44.8688089300647,-1.42866312277287,-1.02087667495536
46.9387755102041,45.8519174179321,43.5364588124471,-0.777057491417943,-0.759239803415387
47.9591836734694,44.5773715568781,40.9453770561716,-0.522857049110649,-0.855448256054883
48.9795918367347,44.6857621737751,43.8049630688882,-0.112651098701663,-0.690398809107243
50,44.2143667246221,40.4173552619884,-0.274992771299151,-0.122947077760521
51.0204081632653,42.9652124249466,39.0071997063612,0.0923114217843822,-0.808464764468079
52.0408163265306,43.3149935621163,38.8836606094263,-0.07428863027011,-0.320766586934603
53.0612244897959,42.7212333190521,36.0273666276995,-0.138859896463482,-0.589262640466223
54.0816326530612,40.4678206675626,36.0480117287509,-0.329990062961812,0.102493890061652
55.1020408163265,40.2537829632652,35.9163432040441,0.345859916267917,-0.133360878377471
56.1224489795918,37.13968684876,33.0199882498171,0.0308185859828101,-0.287308764401652
57.1428571428571,36.7128070888628,33.1589002299927,-0.202858288071375,0.173035146396302
58.1632653061224,34.9919061769606,32.4465473795813,-0.327005428122176,-0.0398128792940854
59.1836734693878,32.3077496736644,29.7132428989343,0.510398314597671,-0.878380566864685
60.2040816326531,28.8087214049381,29.4991952906183,0.35069776102295,-1.30062820993289
61.2244897959184,26.7085503260691,29.2898947283176,0.660776882728701,-1.45614260046264
62.2448979591837,25.9067124863952,26.4839655422797,0.234262866666874,-1.15099642724882
63.265306122449,24.6545891949585,24.6166451515495,0.948206197027051,-1.53337815800327
64.2857142857143,24.3907453566751,21.8696127569579,0.72977842369743,-1.54419099133806
65.3061224489796,21.0083591585366,21.6194200947078,-0.231095632975706,-1.36825205126285
66.3265306122449,20.9387069429981,19.5902400564831,0.344494495402079,-0.893093346978546
67.3469387755102,18.2615662917443,19.2583002283482,-0.253989561316407,-1.00668289010185
68.3673469387755,15.5771714565126,15.8240249008572,0.545958063792632,-1.98329015380477
69.3877551020408,15.6742250524797,14.0265113110014,0.259108010695182,0.193943635259431
70.4081632653061,12.1972958350735,11.3763298992076,-0.472266711275898,-0.561023495279843
71.4285714285714,9.45292705394362,7.33765575963314,-0.445004652007838,-0.778186038296732
72.4489795918367,7.58678571656027,6.17974676200673,-0.319344513328721,-0.310659701412002
73.469387755102,7.47158238905454,4.51998892585725,-0.286358898966382,-1.08866727578381
74.4897959183673,6.77057126043521,0.66101674470947,0.196590369489605,-0.388944702534457
75.5102040816327,2.79474741385145,0.427328445541526,-0.315878963258458,-0.502685789456816
76.530612244898,0.680516020439776,-1.85907641555402,-1.49529341804029,-0.216650215145417
77.5510204081633,-0.975528304552973,-5.05823913523851,-0.0027700575331869,-0.808682093685117
78.5714285714286,-2.05050521384916,-8.14242073272906,0.24221840630908,-0.0497157248889144
79.5918367346939,-4.20118176279269,-11.2222662562902,0.129654920531178,-0.471714168772066
80.6122448979592,-6.58325920858682,-12.4059975300137,0.671558439672585,-1.03214392012408
81.6326530612245,-9.17719436734228,-16.1283199007688,0.300719957842208,-0.926639404430873
82.6530612244898,-10.7057023772262,-18.8191734929281,0.628366252711099,-0.796583940204273
83.6734693877551,-14.0566780136756,-21.5709780383342,0.135855512998324,-0.436414212620801
84.6938775510204,-15.0192173316462,-22.0418751657176,-0.0279312030870574,-1.11545757484096
85.7142857142857,-16.7697512772755,-26.0558604402095,0.0557582698224379,-0.33493268583139
86.734693877551,-19.4619722598777,-27.6581987473297,-0.610250445923131,-0.257307539712749
87.7551020408163,-20.5503812784697,-27.3553431572607,0.360254434695256,0.797690946202654
88.7755102040816,-23.6425743551212,-31.5269503938675,1.95033712650575,1.29223034027158
89.7959183673469,-26.4249844976993,-35.9972391153972,-0.704118086175134,1.00173762376068
90.8163265306122,-30.5395127609161,-38.2669301494531,1.13803204698781,0.984993044526908
91.8367346938776,-37.4427876335058,-43.495506939639,2.29121464290901,1.22677618383526
92.8571428571429,-37.6021393904282,-47.143235093461,2.34126627042287,3.24071604542852
93.8775510204082,-41.2809058879661,-48.6674289965521,5.1684598301396,7.59553118157353
94.8979591836735,-42.4939110690718,-51.7460202800788,4.70427969633571,7.98867366924256
95.9183673469388,-40.3196799245537,-51.9086874654466,3.51031622923947,7.65454613139802
96.9387755102041,-42.0117758245406,-53.8075891091139,6.23659537073243,7.63649664618332
97.9591836734694,-43.5549620521505,-53.9079868099328,5.79237442907412,7.25097341658513
98.9795918367347,-42.6938878681859,-56.0313463840765,6.89743069684916,9.48417478902456
0,-51.4780050683218,-58.5680340835533,7.00767465180901,7.54490994793492
0.99009900990099,-51.9316130950537,-60.4301889382149,7.61312715699496,9.18980808173626
1.98019801980198,-50.6466554197115,-58.2206014873562,6.41478003901705,10.2209447069852
2.97029702970297,-50.3126240003929,-57.8181466365064,8.34462804272593,10.0763487338207
3.96039603960396,-47.8724001253503,-58.2432378741654,11.1580637735949,12.003941070901
4.95049504950495,-46.1023274790129,-52.9252624057619,14.9414462691124,15.3871889378288
5.94059405940594,-43.1298552013617,-52.4522556328003,18.310346596643,20.0284201973351
6.93069306930693,-43.8179568833799,-51.6751873340535,19.8158149107444,24.3095050684477
7.92079207920792,-41.0726180890096,-50.1508417502807,22.2894288367835,26.0444129786107
8.91089108910891,-39.8067352129593,-47.0910448369462,24.9837947685441,28.6593655870885
9.9009900990099,-38.3470398411388,-45.5604229761181,27.2346104214468,28.7009364106008
10.8910891089109,-35.3851035512438,-43.1835851675837,29.3090940471669,30.8372166993137
11.8811881188119,-34.2553896380382,-45.4270712830885,31.6323942277273,32.3825127456312
12.8712871287129,-33.8500244955679,-38.6828806345799,34.2413168128772,35.0474144926014
13.8613861386139,-30.3318830261212,-36.2234142341789,35.4413966137955,38.0534339181402
14.8514851485149,-28.0722433576854,-37.1069924603984,38.8191783142931,39.8831201558666
15.8415841584158,-24.7770555755881,-33.2168698177356,39.6276104380197,41.5342799854374
16.8316831683168,-24.1924445721749,-30.9572247393724,41.246440480746,42.4044652989809
17.8217821782178,-20.3951392282192,-29.2671840183463,41.1467145226274,43.0785961673356
18.8118811881188,-18.4439709967605,-25.1818286579392,41.4973824331268,44.0189383609557
19.8019801980198,-16.8314209560788,-23.5817662044235,40.0264254171508,45.235058322522
20.7920792079208,-14.246770947762,-20.2036481000231,38.8366264155366,45.4817077691397
21.7821782178218,-12.8497022402611,-16.1199947020233,37.8826789558597,45.8237734408741
22.7722772277228,-8.61521734111552,-13.5993214540606,36.936203468007,45.7425940164603
23.7623762376238,-6.03222235862432,-10.7931410221831,35.9956802179544,45.1361013335188
24.7524752475248,-5.93722129774236,-8.72356747831154,35.2091039642751,44.0055029583238
25.7425742574257,-0.707443125559971,-5.97006949531393,33.7381417850553,42.0952646963754
26.7326732673267,0.564903054397041,-0.902465546116251,31.1589493683396,38.8121718005308
27.7227722772277,4.21512889829077,0.963051083989377,30.3254727257557,34.106604167191
28.7128712871287,5.5091021343332,4.74322976809387,28.2666374759632,29.5760850597571
29.7029702970297,10.1097293142893,7.60366186011864,23.6100402742935,26.40623031659
30.6930693069307,12.9831475273873,10.0022979025377,20.3639695843217,23.1264805883457
31.6831683168317,16.7073119969484,15.1247487248996,18.944847938036,20.6244002336402
32.6732673267327,17.8909822895806,17.2294852955713,17.3710523228135,18.7103831055228
33.6633663366337,21.6533164702579,21.3728322852867,16.216132181917,15.8733311884119
34.6534653465347,25.6436949683059,22.1371642631154,15.4022248378595,14.6911898333443
35.6435643564356,27.006597655244,26.6229337043853,13.7526457809729,13.652787460926
36.6336633663366,30.3430608080263,30.0549657486969,11.4042674964067,11.519439590713
37.6237623762376,33.4790192239921,31.3233793907187,9.65665686553447,9.84692989333168
38.6138613861386,33.6405803415488,32.8970627356853,7.77744455196617,7.29223156101509
39.6039603960396,36.8803031258194,37.0729891169376,5.51830092045036,5.43429338235375
40.5940594059406,39.3352621375084,38.6178343717362,3.85405716922658,3.43324084664218
41.5841584158416,38.6153406003731,39.8843898820481,2.11032305562394,3.0702984027668
42.5742574257426,41.9932011330373,41.1076753952053,1.40073804488245,1.96820000768293
43.5643564356436,42.8779522776383,42.3279595910585,1.54658097269478,1.16858818641692
44.5544554455446,43.4692471958306,44.1029767979444,0.201710422665959,0.987841660384048
45.5445544554455,45.8670316813319,46.1784884844164,-0.455090829517723,-0.867676153860465
46.5346534653465,45.8014020665751,45.7325172121962,-1.40881131152902,-0.944441785414195
47.5247524752475,45.0354210714997,47.333995459767,-1.25126500634618,-2.09324388685486
48.5148514851485,46.2932081126984,48.3264187506465,-2.14106721867987,-2.18760841087728
49.5049504950495,46.2001964042747,48.2728463014905,-1.52497049305101,-2.35936085016324
50.4950495049505,44.4966401376754,48.3100141159839,-2.19679816983826,-1.40405366140623
51.4851485148515,46.4174827814531,46.0877772114931,-2.22841625802638,-2.06077085055357
52.4752475247525,44.5071034425512,47.4517698747009,-1.45235269809584,-0.961582339865214
53.4653465346535,44.5354942499243,44.1631554624174,-1.23369412075819,-1.3712277067096
54.4554455445545,43.7441504575511,43.7405135709984,-0.532647334817339,-0.764260041719565
55.4455445544554,41.7022872858503,44.7350826082194,-0.119699843453673,-0.0537834009592659
56.4356435643564,41.6776032317258,41.0761545248478,-0.519481194716515,-0.930969194252609
57.4257425742574,38.5188247961143,41.9036864720801,-0.259540405046509,-0.504977417906365
58.4158415841584,37.0008042741789,40.2127947324502,-1.06490694921714,-0.377578620551907
59.4059405940594,35.352522938815,36.6361340664228,-0.18452596630217,-0.439136011171741
60.3960396039604,34.121218357075,36.0952738287788,0.536219711185086,-0.182599233436874
61.3861386138614,32.5156622965676,33.5519566755025,0.37643426178406,0.237795059762891
62.3762376237624,29.6029419795989,29.948825730585,0.301393106418515,-0.257037748920772
63.3663366336634,28.462836642058,29.1495026198349,0.0768863696264817,-0.140137107571811
64.3564356435644,27.3421374020348,27.0093798156964,0.208287060588569,-0.0888164137923355
65.3465346534653,24.0896523376523,22.3450966836437,0.110265415513872,-0.949417843562585
66.3366336633663,23.7196138519643,24.7541243982198,0.163864173733089,0.242440231196933
67.3267326732673,21.1870745292387,19.2254430364934,-0.814651023407118,0.618943343268179
68.3168316831683,16.4243841334894,18.191099358993,-0.93963940574269,-0.480417816847627
69.3069306930693,17.0997019975752,16.2301697742208,-0.676838296800053,-0.428658920132263
70.2970297029703,13.7397955846855,14.1167125042914,-0.506839853555719,-0.575333187767083
71.2871287128713,11.0521101071504,12.1542143375595,-0.297803756725737,-0.448184986287413
72.2772277227723,9.81513716973562,7.71259083546144,-1.07666717148801,-1.56781440305289
73.2673267326733,9.24524306476458,5.84547779739867,-0.696122358791374,-0.972244540915249
74.2574257425743,5.23175367378326,3.24693496057925,-1.14468857320171,-0.829006887970744
75.2475247524752,3.94817309339546,0.923093357191746,-0.551925685234958,0.124499873052111
76.2376237623762,0.674938442737292,-2.153807682543,-0.27044665496635,0.109561862555067
77.2277227722772,-2.59009394490204,-7.67647214396585,-0.120611796875461,-0.42795918221131
78.2178217821782,-3.71005421107693,-6.95533914661657,-0.142365317410984,-0.282635855936975
79.2079207920792,-6.17701008229802,-9.548851444464,-0.0326959492962938,0.410092037653498
80.1980198019802,-10.9317178053173,-13.753686963621,0.82288926671276,0.965240134695741
81.1881188118812,-12.7319135775394,-14.8808630595541,0.482615602426741,0.183567554257797
82.1782178217822,-14.3505198787871,-19.9074641652934,0.759229906230538,-0.351954868820552
83.1683168316832,-19.1585376346816,-22.8681640974893,1.00068919974534,0.805284679843969
84.1584158415842,-20.6595402834266,-24.3576293120662,0.18670362950399,0.78711052313535
85.1485148514851,-21.5373453847758,-27.6901005892739,1.1335584198138,0.204180029608539
86.1386138613861,-25.3431034519186,-32.1849626663247,1.16316802669399,1.44936012210302
87.1287128712871,-27.2383075076291,-33.3977077337208,0.85381405886682,1.16947805126245
88.1188118811881,-29.9209981290641,-38.4632434467704,1.10309643509569,2.08477740440663
89.1089108910891,-32.0212471496977,-39.5627829490862,1.94408828077112,2.2584222126242
90.0990099009901,-34.6687357063479,-42.662002843666,2.5966481700519,1.2474552037088
91.0891089108911,-39.1253097158981,-48.2109898468758,3.20875662186225,2.79917510673832
92.0792079207921,-41.0480226421009,-48.5323490180159,2.56035765947259,3.27175298873174
93.0693069306931,-42.1680234829993,-49.1399066940486,3.40918193832355,4.74536326498709
94.0594059405941,-47.5279635630488,-49.3116521033868,3.43794834730755,4.4797421714543
95.049504950495,-49.809661513533,-53.6362659499711,4.4609980464093,5.62880704938206
96.039603960396,-48.6283125307094,-53.7072555579081,5.8013209367972,6.3644136828248
97.029702970297,-49.2162995750445,-57.2536988377817,5.83024945205263,6.07036511507737
98.019801980198,-48.0228940676045,-58.7891068001782,8.9372882266675,8.50785347430566
99.009900990099,-49.6972806987128,-59.6586816822244,8.76800286293767,8.28381715713075
0,-59.4314534457954,-60.4558405035381,7.5896906043272,8.76671448981521
1.03092783505155,-56.4202425605747,-60.2142874386645,7.78824536478993,8.45606437535297
2.06185567010309,-57.2123018147328,-61.7947378790481,9.49934379794219,9.62148515545148
3.09278350515464,-57.5330997044384,-60.6821779991531,10.6892246374141,9.33926631506346
4.12371134020619,-53.979144773516,-56.5097413139373,12.3357141264233,11.9145475164946
5.15463917525773,-54.8838994299552,-55.6482594629437,11.908626035207,15.1590731451226
6.18556701030928,-50.0962890459443,-56.343352238395,14.823278736361,17.9175552440426
7.21649484536082,-49.3068005697767,-51.72807759757,17.0281844842388,21.3446477446534
8.24742268041237,-44.5709370172731,-49.2336089877734,21.5917773397908,22.2056478268795
9.27835051546392,-45.5042516541266,-49.0239606414518,23.8855713872159,22.719279224402
10.3092783505155,-44.1797872738714,-48.0009742238576,25.2920027683201,24.0317366455744
11.340206185567,-40.1985238089787,-47.0445897674147,26.0671779081969,24.4244289259781
12.3711340206186,-37.8875738980612,-41.6154137558096,27.1525093992856,26.0597786875711
13.4020618556701,-36.9629683919301,-40.7625234702499,28.8988750934057,28.3298154084518
14.4329896907216,-34.7101275452898,-39.9284780307514,30.5497966024301,32.1282690087526
15.4639175257732,-32.8404539413566,-36.7481980847461,32.2236506839735,35.703196347924
16.4948453608247,-31.346726438707,-37.7747793842359,32.7613358020479,37.2660808020829
17.5257731958763,-29.9244729094405,-32.5724950302117,33.5083204250676,39.7605259640246
18.5567010309278,-25.3487038196263,-32.062862484897,35.6512881906665,42.9352867299299
19.5876288659794,-24.2502173992297,-26.8701172419361,35.3090565250658,43.3350722421825
20.6185567010309,-19.9240220255228,-25.1350513597944,35.8318413898081,44.4496062283876
21.6494845360825,-20.8262780785314,-22.9370965777632,35.2536221251683,44.423616112973
22.680412371134,-15.9468438948177,-20.9831815440003,35.2377233534992,45.3859817713183
23.7113402061856,-13.3142444562966,-18.6133120387668,33.7308035575648,45.5144317168715
24.7422680412371,-12.4479742195078,-13.4790874019956,34.4181312859875,45.4585746712246
25.7731958762887,-7.32401072256337,-10.8072880718991,33.2251332392328,45.4453007911746
26.8041237113402,-6.80816135369987,-10.065794420204,32.7776955647895,44.1177264360765
27.8350515463917,-3.64288897617553,-6.79817669912039,31.8084152211114,42.684254048442
28.8659793814433,-0.0946779240938522,-3.56564181247897,30.2944473481662,41.0013843050303
29.8969072164948,2.32603510612075,-1.64179008317072,28.1800617833301,37.7636583406371
30.9278350515464,5.55827190368118,2.18028799703804,26.4779141964765,35.3165424375405
31.9587628865979,6.85862918744969,6.29928206710521,25.1003540823426,33.0914481426529
32.9896907216495,10.6206932737984,6.53934807159467,24.043031792068,30.0525155750839
34.020618556701,11.1256368279123,12.6161971317208,22.1501649947049,27.2712414472092
35.0515463917526,14.8780863841586,14.9376884662079,20.9258475083555,25.1700951487902
36.0824742268041,19.5550636453769,18.9615337753623,18.9684886507248,23.5756330539703
37.1134020618557,22.6706407323994,22.8591339295397,17.2315775135815,21.6147513640165
38.1443298969072,23.0319762850811,23.1134938478439,16.9449227197394,20.6432231035991
39.1752577319588,27.3956241863037,26.5823889048384,14.4874158725775,17.9080592226875
40.2061855670103,27.4940533177202,27.9133986840851,10.1994044652344,13.7788343809535
41.2371134020619,33.1883904554545,29.9595388719326,8.47939266261029,11.0693865186054
42.2680412371134,33.5052298132024,36.0677815798589,4.93599406973142,8.096210142287
43.2989690721649,35.9326313514658,36.1036636039948,3.55753115881295,5.38068024849159
44.3298969072165,37.8556810267578,36.9034496559836,3.02501805527721,3.42990684224818
45.360824742268,38.7766673755709,37.2379329023257,2.11355478286421,1.34675361476208
46.3917525773196,39.4017390356304,40.2142635138085,1.34314219786283,1.28819281236995
47.4226804123711,42.8791282873958,41.9099511993224,-0.814589953615359,-1.68775311956757
48.4536082474227,43.9229447866838,44.1359146559909,-2.38540211993912,-1.96358983274378
49.4845360824742,43.5775923497797,46.3706128026199,-2.26693858398096,-1.12930403959185
50.5154639175258,43.8430371134322,48.4750154481546,-1.77086156288903,-0.570688015899581
51.5463917525773,45.2773497513161,47.9736304244587,-3.10358135131468,-1.47605479251396
52.5773195876289,44.1071765721654,47.5659600399154,-2.28215630900844,-2.66834119025303
53.6082474226804,43.3799591669406,48.9772688640665,-2.47185189090692,-3.12028159307115
54.6391752577319,42.4368271076096,48.6153024870422,-0.278496094313235,-1.81237997256468
55.6701030927835,42.2683402556044,45.9330516164777,-1.5837914212072,-1.5169631441228
56.701030927835,40.6711457110933,43.4039706697005,-1.25188340615135,-2.18276860844613
57.7319587628866,40.4382936782563,42.7432276602304,-1.50190553274912,-1.46916801874474
58.7628865979381,39.7331825466996,40.563763649497,-1.12230649335654,-0.973544701277131
59.7938144329897,36.6732212716223,37.4207737962318,-0.63858717668558,-1.4573390580116
60.8247422680412,34.0473960596073,36.0442103642917,-0.796365493616005,-1.48659726081098
61.8556701030928,30.7335385067101,35.8358042535172,-1.2398074909925,-0.570821557890734
62.8865979381443,27.3070512192607,31.7126940244051,-1.35672641924408,-1.07630753513257
63.9175257731959,24.9244137602898,30.2881041298438,-0.877147162342767,-1.35453607460826
64.9484536082474,21.3767505180041,28.2199034034609,0.0503470883561631,-0.495582682254869
65.979381443299,19.1404778731163,25.5078195609077,-0.174097546397839,-1.63395808096396
67.0103092783505,15.6781637699627,22.75825923964,0.46855413288989,-0.382614192560823
68.041237113402,15.9002012650714,17.5346412858605,-0.854237490882315,-0.435430327235389
69.0721649484536,11.963839676466,17.0834967824209,-0.655122683065197,-1.12200468849172
70.1030927835051,9.21547152555025,14.5444044752101,-0.186744200096227,-1.65263630594291
71.1340206185567,6.71463210545691,11.1749293355523,0.727182758540851,-0.994675859416713
72.1649484536082,3.62664119725326,7.89609708634533,0.334788049877637,-1.11701215959848
73.1958762886598,2.71949216571713,3.35034254520161,-0.776916432359324,-1.41094075124925
74.2268041237113,-2.04489700725381,2.53286752697779,-0.716714037702249,-1.13289874933185
75.2577319587629,-4.58375273022047,0.611677580221847,-2.09056980796663,-1.59482667972056
76.2886597938144,-8.73059463013102,-1.56916658385904,-1.53282548928316,-1.64144506332182
77.319587628866,-10.4784082711566,-4.44113141602306,-0.678594833259695,-1.25589583594161
78.3505154639175,-13.4133714796222,-8.63144054666522,-0.491081854424535,-2.02531780800152
79.3814432989691,-16.0965721706813,-11.3568607311709,0.191722681415,-1.98655021911867
80.4123711340206,-19.5052350733979,-14.3582723836439,-0.498320757893979,-2.36318198840586
81.4432989690722,-22.421460512044,-17.078721120044,-0.343525147992001,-2.10625311156992
82.4742268041237,-25.5615807873871,-21.4460527446209,0.0224778077731977,-1.67061684863004
83.5051546391752,-27.0617327032714,-24.8211764734708,0.218131397976447,-0.193019882060373
84.5360824742268,-31.6439028234238,-29.2483832632095,0.551644183621245,0.306395983634861
85.5670103092783,-35.9648330180149,-31.1696971335596,1.40320740306168,1.89079211885745
86.5979381443299,-36.4489567433947,-36.5023291073511,1.65167452413655,2.86504123017578
87.6288659793814,-39.2889903515038,-38.8733375809784,2.11637344951262,3.35446174711927
88.659793814433,-39.8302676634237,-42.7553579054997,3.17055331126606,3.11323245280653
89.6907216494845,-45.4488048036873,-47.2391647244496,3.48510818741749,4.37733629872427
90.7216494845361,-46.7973267724002,-48.2358527640924,3.93366919479455,4.68425691386113
91.7525773195876,-50.6413566761782,-50.830041639516,4.01548435944527,4.19842504828845
92.7835051546392,-51.1121644234069,-53.0112177144163,3.77146246601986,5.67521340925855
93.8144329896907,-52.8984644118348,-54.1160288600804,4.67141687341642,6.38354622740996
94.8453608247423,-54.0494533397016,-55.7631875331616,4.53277821247393,7.76471934111612
95.8762886597938,-55.1685642860533,-58.0200863957459,6.53490525881665,7.28710356100611
96.9072164948454,-58.8996262424765,-58.1903937354047,7.79057348041169,8.46259260507602
97.9381443298969,-57.6296877081631,-58.3970975558939,8.08503648759439,8.22325446575812
98.9690721649484,-57.7323827073988,-59.9883222113262,8.96584496046787,9.30986442813252
0,-56.2239704221052,-54.3961336792772,6.55119067740389,6.28372276616083
1.02040816326531,-55.9360819633486,-56.5071092931796,8.29685361743893,7.00923131168632
2.04081632653061,-55.0575659166567,-55.5792169880625,7.89411343041429,8.00528822471781
3.06122448979592,-51.2719348061537,-57.4929264114895,7.6448474637956,5.98368811495015
4.08163265306122,-51.9784085556189,-54.2829180151664,8.55287247449565,6.7214682424305
5.10204081632653,-48.3241288993914,-54.6553274873444,12.6826279086877,6.76879164170326
6.12244897959184,-47.0785950982458,-51.4542216408317,15.1323262720795,8.37569317539815
7.14285714285714,-45.855967180512,-50.9931005900396,19.8196212788359,10.5402045214121
8.16326530612245,-44.5749786480786,-48.4359041307023,21.6091618898422,13.2668400017201
9.18367346938776,-44.3246709452121,-46.8166058627066,22.2153014891293,15.9990429020368
10.2040816326531,-41.0776259939683,-45.5081091680128,23.000899922513,16.4776626005846
11.2244897959184,-37.0703657222423,-45.5133840638633,22.2425217421648,17.2125831089055
12.2448979591837,-36.8505772127844,-45.1453271540062,23.0527232538222,18.260352446921
13.265306122449,-36.6401514821858,-42.7725199553348,23.7216072053131,19.8767240568575
14.2857142857143,-32.6275956157028,-39.2792153356931,24.41548504305,22.4058421200124
15.3061224489796,-30.2852677099852,-36.8345378401525,25.1004364094224,23.9393308624074
16.3265306122449,-26.5245763981138,-35.0973457668666,26.1785663837888,24.5957898445221
17.3469387755102,-25.379243857557,-33.5709555531441,27.9638695297515,25.2174933725656
18.3673469387755,-22.0900093797213,-34.8499196388385,28.0013334716649,26.3762846013344
19.3877551020408,-20.2830888891409,-30.4459938198695,29.001855391056,27.3017887622372
20.4081632653061,-19.0287158826932,-28.5893061474059,29.7298871993167,28.4915199229648
21.4285714285714,-18.117002702516,-25.2843362069092,29.7440762752016,29.1609339992161
22.4489795918367,-14.7208335630519,-24.1960635349763,30.6509315364553,28.8009733289579
23.469387755102,-10.3496374367845,-21.4327752693237,30.0927910933443,29.8966819954666
24.4897959183673,-11.9181306560484,-18.3696737894556,30.4898754366524,28.6601378543337
25.5102040816327,-8.03005356733358,-14.5328026743341,28.92075720826,29.2228454598132
26.530612244898,-4.92674319759107,-13.6838270391668,28.987485893996,28.1204118130142
27.5510204081633,-3.25133175597085,-10.7634544410117,26.4399285997531,28.3575300140705
28.5714285714286,-0.158456224105854,-8.30759610972039,25.0692790457603,26.0579924009188
29.5918367346939,0.335471825275675,-6.28728506439808,23.6221230028244,23.4025049199375
30.6122448979592,4.26685096605124,-3.50024560586411,20.7765539029278,20.5990706987192
31.6326530612245,7.63915511206115,-0.2987893214148,19.0072927364552,17.9071067610001
32.6530612244898,8.39134716443665,2.61184482793168,17.5834649844394,15.3991074862081
33.6734693877551,11.9390115692294,7.51428693762951,15.0285375811459,14.2709678636727
34.6938775510204,15.1112151487502,6.07678755899564,12.5071988596177,12.9201070998642
35.7142857142857,18.2376570345921,10.6444599336562,12.0100578175428,12.9498978281865
36.734693877551,18.8772778581619,12.8204179132696,10.1330030209968,12.0564482660912
37.7551020408163,23.3316865799739,15.635449987197,7.67029604777095,10.7875967243892
38.7755102040816,26.6708523693975,17.5749472556055,6.83010780152189,9.4017313299901
39.7959183673469,29.6578105871524,20.8742765675282,4.52697212993223,6.80283368147771
40.8163265306122,29.8640074571063,23.5588663619774,4.24177795345607,5.2993196685083
41.8367346938776,32.0405169862339,25.3278694556712,4.03156807522,4.85978619481822
42.8571428571429,34.5673326134411,27.3114690568291,1.96451346088038,3.2626899589753
43.8775510204082,36.9603603261332,29.4190968158264,1.15758256850958,2.7489261511404
44.8979591836735,35.8583248143973,32.3510331898581,1.40486875894302,1.98806438218438
45.9183673469388,40.5906434331129,34.2922508654136,0.315350383767287,0.941247301338704
46.9387755102041,42.6423819031752,36.5646232446239,0.516177268568904,0.689605782889172
47.9591836734694,42.2262104895885,35.0265516810325,-2.47704310404387,0.990844599470335
48.9795918367347,46.3998006659705,36.6557236862148,-2.67034573635854,-0.0751705056328137
50,45.39887547195,36.8192503177038,-1.72108193143659,-0.0368931575276997
51.0204081632653,44.6037281379838,42.336440125585,-2.20287492306021,-2.64357690672196
52.0408163265306,43.1838328483855,43.8121704787602,-5.22594688462734,-4.34534374870193
53.0612244897959,44.5376616058297,46.6395948904688,-6.46309541944241,-1.80097402886398
54.0816326530612,45.5646290200746,49.1678319118244,-4.39772009730008,-2.58718097560984
55.1020408163265,42.2028478257125,47.4555328056764,-2.53237109632348,-4.35557001585812
56.1224489795918,42.4509999715384,45.8110980798857,-1.90231963445908,-5.03965569171303
57.1428571428571,39.999730032653,45.3285256393479,-2.41157077205371,-4.68028459691463
58.1632653061224,37.5956824758545,42.1677553391319,-2.99445638004704,-4.07614494974033
59.1836734693878,36.8114494767337,37.4802244726124,-1.76481490041556,-4.48621150325025
60.2040816326531,34.1936561500139,36.7709884810925,-3.68871555891192,-4.40431229387661
61.2244897959184,31.2291296999856,34.6677428104485,-2.27223394050442,-3.4011166547858
62.2448979591837,28.8509601198734,32.5900823444856,-2.19369803520976,-4.12533920034841
63.265306122449,28.5390778465959,32.2268163331139,-1.95813428320817,-2.13178896197402
64.2857142857143,24.9892588872893,29.2079104707242,-2.04795151003672,-2.39911203254406
65.3061224489796,22.1407057281259,28.2881343478284,-1.48928403516537,-2.49842537759027
66.3265306122449,20.1480069589831,27.0572705914259,-2.01860221580965,-2.03259230711
67.3469387755102,18.277211374718,23.1825653063905,-0.976742822767188,-1.63076921475457
68.3673469387755,15.1975059580613,22.3778357058405,-2.16612278655192,-1.39104506552614
69.3877551020408,14.6449790896854,21.2848404941619,-2.03766289680549,-1.63249828055332
70.4081632653061,10.4748057189683,17.8950939571673,-0.967384019343721,-1.72708329053937
71.4285714285714,7.02867497814008,14.7015484446828,-1.01817813851874,-2.2328771557872
72.4489795918367,3.79244243364301,13.404159154228,-1.27842202440067,-2.99353287948935
73.469387755102,1.98602111005078,10.439217027841,-1.88046202934904,-2.53829885155271
74.4897959183673,0.114004675413606,5.42514450663792,-1.73086674757863,-2.02088727884853
75.5102040816327,-3.70251171735562,1.66477064864453,-2.0549250852753,-2.40366149917466
76.530612244898,-5.84126001623421,-0.706675588483004,-1.79536016142965,-2.57069984926069
77.5510204081633,-7.54943218289335,-4.53304476397555,-1.87383363818647,-1.59843764080468
78.5714285714286,-8.88002433283634,-4.09270753243122,-2.23768471692765,-1.41354993972473
79.5918367346939,-12.9299542186129,-8.10054199244872,-1.90903352890975,-1.87402667026129
80.6122448979592,-15.3462616146783,-11.0994220605611,-2.60407181492664,-2.0798337796178
81.6326530612245,-19.5400220226496,-17.2426291635128,-2.40098236410031,-2.50691971313053
82.6530612244898,-20.6593279790048,-19.2433282585864,-2.26910441576668,-2.58284008533417
83.6734693877551,-24.2491711428881,-21.3414566627019,-3.34419002571063,-2.12327112021667
84.6938775510204,-26.2328757019844,-24.793056094482,-0.773595116342551,-1.84031544933859
85.7142857142857,-30.3714366649081,-27.4098980149696,-1.75624797883896,-0.665456642447609
86.734693877551,-33.0305795360834,-32.6348223868175,-0.563480170695497,-0.316119126023159
87.7551020408163,-37.858159721055,-34.9105478403084,0.466746836758032,1.45067721789696
88.7755102040816,-40.5875145123101,-39.3644060146046,0.519278955155127,1.40702386687062
89.7959183673469,-41.458301925422,-42.7252900186556,2.11009662771505,2.38741712203998
90.8163265306122,-42.735592856482,-44.415790359257,2.30155580234186,2.99383558586967
91.8367346938776,-45.961387769668,-45.6047621163386,2.17040125014421,5.07055584169512
92.8571428571429,-49.9192571946116,-49.7385067629203,1.45209162866021,3.13504996748169
93.8775510204082,-50.2226094617491,-52.85752697141,1.71879206717637,3.94710684892528
94.8979591836735,-51.4494872073088,-51.9029400617583,4.27370539237177,4.52671746081129
95.9183673469388,-52.8298938782376,-54.8062311820155,6.35902092723387,5.64689872330918
96.9387755102041,-54.147533940682,-56.2201623808198,5.63869741392889,5.2361451988109
97.9591836734694,-54.6646895693317,-55.9100289020022,7.13252124123876,6.89248033482185
98.9795918367347,-54.1477720283009,-57.612667821286,7.41731496666879,6.89550288758629
0,-45.944407914867,-50.6980646896014,9.16246499869022,8.82880148410534
1.02040816326531,-44.7553199025417,-51.898164837934,8.86402773596828,9.44593197170061
2.04081632653061,-42.8123724213537,-50.7443494506181,9.6668671068762,8.6817434060918
3.06122448979592,-43.1705847041359,-50.3069156306728,11.2789997381167,9.28028718187787
4.08163265306122,-40.1531238216596,-47.4901173332454,12.4312701154786,11.7373321374233
5.10204081632653,-39.8337491515572,-45.7188133707968,15.441787397277,14.6729516088803
6.12244897959184,-39.047280495956,-43.0172670733667,21.026868920762,19.5347031828565
7.14285714285714,-37.733954052662,-43.5912843356042,24.8329039481086,22.0555868407223
8.16326530612245,-36.3842184866481,-39.8237774964659,28.34810033164,22.8390999141154
9.18367346938776,-33.1423807421867,-40.0413055589641,32.1128866256028,24.9441707590504
10.2040816326531,-28.9275761899735,-36.6127148777326,35.0497896399775,28.0604919285912
11.2244897959184,-28.3947637368267,-34.9798344406914,37.1087048748078,29.2045875431904
12.2448979591837,-24.5356591188547,-33.2337471440908,37.2982295190782,30.9311618743362
13.265306122449,-26.3788843333855,-32.7107798922034,37.8437954467563,33.4124491023672
14.2857142857143,-23.681355814982,-30.7852187047347,38.4093159805531,33.4759503406696
15.3061224489796,-20.1566387291479,-28.6981382644715,36.9915967634639,35.23892279183
16.3265306122449,-19.0449134614993,-24.9471850999091,38.9895659375013,35.7939322332113
17.3469387755102,-17.3837466124092,-25.1875668498992,38.4103770790433,37.2795995256528
18.3673469387755,-14.6610134845634,-22.0949460740984,38.7462823655699,38.0119759571405
19.3877551020408,-9.95993794824949,-18.6186007652183,38.0375893361213,39.3327249920626
20.4081632653061,-8.6811107249222,-17.3214448952797,37.0123803484169,39.742668810293
21.4285714285714,-8.02393527225541,-13.2478157204771,35.7701029314085,39.894750085077
22.4489795918367,-3.73430704314372,-12.7450723861591,34.0795851245871,39.1561564365637
23.469387755102,-2.1347164528535,-9.60805843013467,32.6842153262178,37.8378613774131
24.4897959183673,-1.17040000103605,-7.60024110862706,30.9128401710349,35.5084714992236
25.5102040816327,3.25108475925157,-7.70777798993241,27.7276454548053,33.7930893579607
26.530612244898,5.48066717648917,-0.88476099387373,25.324246552939,30.2001451928294
27.5510204081633,6.73860132235176,1.78018882919246,22.4733928173977,26.9430514280763
28.5714285714286,9.24251855962619,3.72154983132159,19.5845511023862,23.325042896476
29.5918367346939,9.75926709408955,3.81441444356515,18.4763032795622,21.2367708294388
30.6122448979592,12.737824450247,9.02288176951768,16.6267990496759,19.8465593937302
31.6326530612245,14.2401859491938,11.9787339045907,15.0561747601191,17.9176167479559
32.6530612244898,15.9132233617675,14.4083399683259,14.2514845908153,16.5113067974018
33.6734693877551,20.4551322739615,18.5078875671096,13.9812424350736,15.7190734010413
34.6938775510204,22.2720052899154,21.0896284339348,13.1273128806131,14.8662167468568
35.7142857142857,23.3800787843196,24.6263222639559,12.1523402573277,12.4035508416512
36.734693877551,26.3290701922553,26.8123461790783,10.9556897120299,11.2481658582544
37.7551020408163,28.757617871809,27.0041121144473,9.82743760840574,9.77891070756795
38.7755102040816,29.5929400742603,31.3680011513158,8.0980320716491,9.72772706553451
39.7959183673469,32.8195470403502,33.4316284711447,6.62248500942293,8.05019833913749
40.8163265306122,34.4084989475995,35.4098740013066,5.33882648020155,6.76496900611114
41.8367346938776,35.2915555811582,37.86932812409,3.825821246366,5.51803286103907
42.8571428571429,38.5360824088233,37.7273952189797,3.18962011516399,3.58355725027579
43.8775510204082,40.0392471611335,38.4620503400715,3.16762201678303,2.67668032713957
44.8979591836735,42.3319114343147,41.3514676065954,2.93660313527174,2.03494485920048
45.9183673469388,43.307537590498,41.1663510579662,3.12573773587286,0.41470860143373
46.9387755102041,44.5361211573177,41.4280726607795,2.29539955731849,1.19963470598287
47.9591836734694,45.3282854409105,43.6155454580178,2.15672060356777,-0.902692967810697
48.9795918367347,49.0417688110885,45.9146517723615,0.590670667160962,-3.43565769493112
50,47.9972819888572,47.9699252391255,-0.317860519741027,-4.02707127471553
51.0204081632653,49.3343480120721,49.6425445238565,-2.04767952690882,-4.00387025602803
52.0408163265306,50.0131137671211,49.8278475393013,-3.29417136601382,-4.13112199186589
53.0612244897959,50.5995787181931,47.3104932326075,-1.99683202014857,-4.73286805890235
54.0816326530612,48.5791836887986,50.0972592992804,-1.13092329595152,-3.36919660263793
55.1020408163265,43.7640824952347,48.3203237443156,-1.54836593779913,-3.50170749570869
56.1224489795918,43.3264884644033,48.648008051,-2.00969049573372,-2.42641609127226
57.1428571428571,43.4414450299094,48.7194175264408,-2.69843324095749,-1.26192413766314
58.1632653061224,42.8999707561402,47.340070243965,-0.967332219182331,-3.18754430181136
59.1836734693878,42.9011361414377,46.225517654956,-1.1828320581754,-1.5812126735083
60.2040816326531,41.0942136157973,44.1010412035323,-1.06752313552519,-2.32731272133171
61.2244897959184,37.5480377973065,42.6164679995881,-1.76830938448094,-1.82484296850211
62.2448979591837,35.6682819458499,42.5575169465806,-1.69943667634696,-1.42421085629007
63.265306122449,33.2768399697728,38.9889244065191,-1.23818632446026,-2.31432998625718
64.2857142857143,31.1365339930524,36.1535590859706,-1.46683342682215,-2.01663965685489
65.3061224489796,29.0400814618122,35.2585719272681,-1.57023583134112,-2.42738457589262
66.3265306122449,27.6924243058886,31.0410597192667,-1.48318910576487,-2.02005815501921
67.3469387755102,25.489024978552,29.4970332563268,-1.53154035986347,-1.83754138267153
68.3673469387755,22.8645118061914,24.6541935436677,-1.37480242886921,-1.19913670818042
69.3877551020408,17.1737486365929,21.0249921629331,-1.0668489929575,-1.83634845423334
70.4081632653061,16.036960603611,18.9868919487338,-1.18713180133412,-1.90639756554212
71.4285714285714,13.4709242629539,14.6619811737108,-0.471951738842878,-1.42999049619172
72.4489795918367,12.1151672326734,11.4224144021877,-0.679088629537915,-1.19654952966768
73.469387755102,6.7728197147951,9.74599013507418,-0.479249140438339,-0.476874173990265
74.4897959183673,2.66993210131673,6.31787094458846,-0.616760520265113,-0.316272767567423
75.5102040816327,2.47353186577453,3.64268863566019,-0.431194621958001,-0.0112335929164057
76.530612244898,-1.18562439408193,-0.37275393786488,0.0479646820774298,-0.105150169324387
77.5510204081633,-4.84468753179093,-4.62331105939176,-0.0777558456813748,-0.493298254594319
78.5714285714286,-7.4094841299135,-8.11560632772336,0.221073257005022,-0.31403888718315
79.5918367346939,-7.78162661327738,-8.44897323395566,0.294053249913668,0.378158133787391
80.6122448979592,-10.8236043273999,-13.0125169331902,1.22120259484277,0.339600620695176
81.6326530612245,-15.2759132711737,-17.5086771703157,0.06023122627404,0.845077011447777
82.6530612244898,-15.9793738697808,-19.4506305378774,1.03296254600483,1.02956099547187
83.6734693877551,-16.6257529016275,-21.2330323890219,0.825549631011003,1.41178623654154
84.6938775510204,-21.3453749706469,-24.333056280812,0.0731947988060904,1.53930396561339
85.7142857142857,-22.6388239440656,-27.3645452186512,1.23171894597074,1.57907970261334
86.734693877551,-26.6383804186477,-30.4072476097622,2.40860942935574,1.84531994322915
87.7551020408163,-29.961218232356,-35.0032953259709,2.92416676995682,2.37663326926814
88.7755102040816,-32.8464378424285,-37.3366290444736,3.84652515005091,2.83789506831841
89.7959183673469,-33.9358274632273,-40.9352884065274,4.82338054966247,3.49571002409659
90.8163265306122,-38.1143407247926,-44.0462502521629,5.33552032772331,5.09438667983429
91.8367346938776,-38.5757823491069,-46.1825048860716,5.85687438779919,5.53933905551068
92.8571428571429,-41.2946342661333,-46.5991172984444,6.57321504167218,6.01230246401495
93.8775510204082,-42.4188824710005,-50.14749162749,6.64838967069235,6.67997368858079
94.8979591836735,-44.0300176883561,-50.0769875370213,7.15283977205083,6.67913312843763
95.9183673469388,-43.5820470234294,-51.2198922895268,9.24412396032167,8.60745865912142
96.9387755102041,-44.5377819414087,-53.2373219414633,8.58609873589143,8.20183912849501
97.9591836734694,-42.8842624748018,-51.4198642428954,10.142037962687,9.75292076144845
98.9795918367347,-43.4832204030535,-54.8499722333568,11.2000642273179,10.627243304557
0,-51.1845685339178,-57.6591644301242,9.30654794723863,9.17045022672009
1.03092783505155,-49.4392021855902,-59.1072243688759,10.5099011978891,10.1835391421041
2.06185567010309,-49.5290955937828,-57.9702091504618,9.16376813113376,10.1272645409855
3.09278350515464,-47.9669267800548,-55.9860478250581,10.4842776247171,11.3955697901584
4.12371134020619,-47.8995258337998,-54.9815822834403,15.2318176933144,14.8049886382555
5.15463917525773,-45.0717237130383,-51.7406680657504,19.1592507434767,18.3428341348486
6.18556701030928,-44.1618813063122,-51.2442041804853,22.4973982689426,23.4109952635557
7.21649484536082,-42.9528688044352,-48.7201035987043,25.5618079098656,26.5890422903198
8.24742268041237,-40.8661459308472,-47.4528220458235,28.4959689576319,28.2522842692157
9.27835051546392,-37.968709412273,-43.3380128241316,31.1415294794225,29.8833446595405
10.3092783505155,-38.2303657478285,-41.8074944582155,33.0935786401909,30.1768114647204
11.340206185567,-35.5543435494705,-39.0378082550788,35.1821475631657,31.8790197578859
12.3711340206186,-31.9650081941548,-37.8029530479508,36.9236195666292,33.797010664385
13.4020618556701,-31.3385336218765,-35.0002943594515,38.407388665526,36.1835195611603
14.4329896907216,-28.0709958765391,-33.9496406864492,39.6956036517973,37.3098355201163
15.4639175257732,-27.1056226426783,-31.8790674355687,41.4926910842109,38.7039521066039
16.4948453608247,-25.1445258156583,-27.0021703973973,41.9304394623687,39.8107736748111
17.5257731958763,-20.9435734325988,-26.8328652762979,42.4793094156458,41.402048953854
18.5567010309278,-19.3925751885167,-25.773108958051,41.7889239288339,40.7490640813391
19.5876288659794,-16.807882699361,-22.9896777519045,41.761054285383,40.9247255310413
20.6185567010309,-14.5856063521675,-16.7193285215041,40.3839639139604,41.3994287192447
21.6494845360825,-12.6103003757068,-17.1227083414166,40.418538870039,42.0050034026743
22.680412371134,-8.98672868852387,-12.1577172564745,38.2922526719829,41.5864652391198
23.7113402061856,-7.48902688228589,-10.1312926638519,38.7595014730694,40.4049904160512
24.7422680412371,-4.6901232911088,-6.27695278997444,36.2261058003744,37.6322490072644
25.7731958762887,-1.7495395606284,-3.76503799761301,34.0596393861054,35.2822815190609
26.8041237113402,1.91357068641658,-0.414515902938868,31.7463442747348,31.4872809650291
27.8350515463917,3.45156826653537,4.13306609363394,28.6074089981124,26.7709626860804
28.8659793814433,7.73352327738544,7.02691876023692,26.0417228797577,23.6491893976393
29.8969072164948,11.3383601407311,9.79070035819862,23.6610152663443,21.8679366900974
30.9278350515464,14.4570447427547,12.7484121936252,21.2184203907666,20.7313507957135
31.9587628865979,17.0351632258385,15.7530367501914,19.7804743550335,20.0193353506123
32.9896907216495,21.2834613392006,18.366416302331,17.8517886502421,18.194369354045
34.020618556701,22.9956755608356,22.7316860872339,17.4516616997602,16.3889207318994
35.0515463917526,25.8415022026096,22.8994670559767,15.9805397908778,14.2108047329808
36.0824742268041,28.5906765282975,27.9141858099189,14.0114026390931,12.4442625896674
37.1134020618557,31.5973577715296,29.5874388473042,11.8802709331044,10.0066387565364
38.1443298969072,34.6044752555643,30.8016254820243,9.41346698735323,8.94145770742389
39.1752577319588,36.952417424763,34.3766126220231,7.46197252211661,5.87313063020341
40.2061855670103,39.3453093240796,37.2695476771217,4.70268986391968,4.21664060169793
41.2371134020619,38.6204483023233,37.0621875128002,2.80423128902835,2.6025329510554
42.2680412371134,40.7799267520671,38.5811263135088,2.05144210962971,2.08923682303781
43.2989690721649,41.8054338491093,40.4153228379932,1.56931541426152,0.801506001374324
44.3298969072165,44.5111351305343,43.2117397820533,0.407007206825514,0.681794797171185
45.360824742268,44.3902681244645,43.6379420488513,-0.443845152210664,-0.854869091415129
46.3917525773196,45.5649956190051,46.4573869291104,-1.71055870401987,-1.32315887639947
47.4226804123711,44.0996259199163,44.3251722982329,-1.92968448368079,-2.87868534114113
48.4536082474227,44.5261436281308,45.2708972557949,-2.4938463886047,-2.84993640144565
49.4845360824742,46.1519401151588,46.9229455610096,-2.38908118159235,-2.00743492172516
50.5154639175258,45.144393905827,46.3750657736091,-1.82246627693406,-3.06043427187691
51.5463917525773,46.4001866329165,45.328191724784,-2.07834379926768,-1.09722214723421
52.5773195876289,45.3103069489398,44.6304574028208,-1.88122622079236,-1.80173794497522
53.6082474226804,45.2170912941396,45.1347757257359,-1.01300808145126,-0.812730237194659
54.6391752577319,45.0299201400591,43.6432592884253,-1.65640390265626,-0.830856336338874
55.6701030927835,44.0705333019046,43.319942010478,-0.465989244937594,-1.0793571742102
56.701030927835,40.6937803740799,38.9014512993217,0.243642038811913,-0.463615209556543
57.7319587628866,38.782877147658,39.3561985713586,-0.417849680306806,-1.26951191907736
58.7628865979381,36.5226857460756,37.9991817873723,-0.332722018479428,-0.849148407509725
59.7938144329897,35.4533337131934,34.6409942899619,-0.774756146337495,-0.253991740844344
60.8247422680412,33.473823536216,31.5091854901156,-0.731404281289102,-0.170911860881911
61.8556701030928,30.2244625782953,29.1012894318376,0.405472055442705,-0.905123362469509
62.8865979381443,29.5932225002878,29.9017959298336,0.0810612276774294,-0.369582238302723
63.9175257731959,27.3182697543579,25.9358788957606,0.523310664758899,-0.259940077277981
64.9484536082474,25.5777272127906,23.5047951657356,-0.459528731576769,0.121051447615761
65.979381443299,22.046301173156,22.8983300865341,0.572689020358153,0.37608971190425
67.0103092783505,19.6700314434391,19.2298091861096,0.0886842213114475,0.0928667143250162
68.041237113402,16.3366117762024,16.1443015193267,0.16566270805612,-0.0297553647672116
69.0721649484536,14.8013567813909,13.4110684916861,0.16568670566565,0.617503944175875
70.1030927835051,13.3627602477915,12.0307370349404,-0.98505666830152,-0.214778021161775
71.1340206185567,10.7515869759562,9.66990620649508,-0.433641230208845,-0.621495477608824
72.1649484536082,8.92785122183055,5.7151085417786,-0.0594088788049457,-0.521958150686554
73.1958762886598,6.12737087110748,3.93642578146178,-1.15337252156874,-0.69388854288579
74.2268041237113,2.39953007982111,0.213722492044962,-0.984306051916012,-0.881594710412687
75.2577319587629,1.0332884436121,-2.77570996918229,-0.235716877196345,-0.220715591319224
76.2886597938144,-2.50106583777604,-3.70854377003639,-0.000723689827766175,0.340162562889445
77.319587628866,-3.7448807828609,-8.88171093186038,0.212531260320254,-0.0646113478545601
78.3505154639175,-7.65737040596004,-9.87397639432529,-0.0756519295129488,0.404428201044241
79.3814432989691,-8.04174275798632,-13.9837601010291,0.761137997238738,0.0730042809064249
80.4123711340206,-11.098108408055,-15.6744647582428,-0.491112794867347,0.436185719149762
81.4432989690722,-13.5491603974207,-20.0183504536773,0.680993716382925,0.993469651500264
82.4742268041237,-17.8988520643735,-19.6149176533068,1.45502092374551,1.36698750893626
83.5051546391752,-19.0894742610146,-24.1679657294068,0.701320964678228,1.21128738065415
84.5360824742268,-22.9543991251896,-28.7205291206944,1.14986291785507,0.724421052635406
85.5670103092783,-25.1977685470628,-28.4139767870512,1.62905496106183,0.713810642812038
86.5979381443299,-26.5715504526492,-32.0129552496476,1.20611625676432,1.73034232218073
87.6288659793814,-29.6965366138472,-36.5972076178127,1.52444317035047,1.36934078319924
88.659793814433,-32.2742390714123,-39.6447159739923,2.40080247098939,2.33858886565064
89.6907216494845,-35.9746663409592,-42.6338240282038,1.84362168940353,3.29499277511693
90.7216494845361,-36.3338715091673,-42.7517727583438,1.67603707269454,3.94767063462517
91.7525773195876,-40.0685775527313,-46.2067464874785,2.82651392273838,4.03220957391588
92.7835051546392,-44.1951280622006,-49.1082581051447,3.86832573169255,4.56609447018784
93.8144329896907,-47.1199213996683,-52.1266758398133,4.72433709896139,4.48531235611999
94.8453608247423,-47.4052402672284,-54.6225916871961,5.51983762730542,5.11079070049678
95.8762886597938,-49.1255026971084,-57.0485719338687,6.21424365676412,6.32660019778011
96.9072164948454,-49.7128000102603,-57.5901630937657,7.10762211382657,5.97399475000331
97.9381443298969,-50.6626438870908,-59.4821726447227,7.52713354688536,8.08835183336133
98.9690721649484,-48.0243173983714,-58.1358912149324,7.42619368839674,7.94220019781509
0,-56.8267645607608,-57.250642494142,6.96951308657499,7.00731453353191
1,-57.7530599041414,-57.9800091672335,6.78636484417212,7.28065346021654
2,-57.3420195091066,-57.3315083147288,6.4895680271206,6.9158471114924
3,-55.7194420806542,-57.3484224084847,6.21793410263639,6.26604163925095
4,-55.5812533569578,-54.7498557228944,6.31468822274609,6.81920833055008
5,-53.6728499285842,-53.8061018155882,8.67487360957059,11.2088299174383
6,-49.3786667036993,-50.6048157987851,11.845064255657,13.2933427964388
7,-51.5449663169837,-50.9461193853744,16.7555466957453,17.620567303661
8,-49.9839211558935,-50.0262459357639,19.4659789142118,19.7120986169102
9,-46.7959211174874,-45.9414109036195,19.6127097005107,20.6715533003211
10,-45.1122472957942,-45.5392561861266,21.4101097975993,22.2852284350825
11,-44.574978807208,-43.2866777929857,21.8274002168991,23.8636743375268
12,-43.8237510257448,-43.5211649311749,21.368286559806,24.1710934255293
13,-40.776691864254,-42.4945893579785,21.2088248523155,24.2242594917781
14,-38.2527680520217,-40.6721400581596,22.0947182660406,24.8974789892966
15,-39.0710770008962,-38.0896923815164,22.8053493033836,25.3639600964365
16,-33.6761588511242,-38.6553154394273,23.5921051436744,26.8435431127459
17,-33.8776495732942,-34.9221113175721,25.0671681110591,27.2345110511008
18,-32.4047211397774,-31.0371055461056,26.0194340671984,28.0726478991025
19,-29.5590230315254,-32.0963768026174,26.5256862896896,28.932701790586
20,-29.0857362392794,-30.5845435086428,27.4341645225593,29.8173285256449
21,-25.9985808257173,-25.3793911391792,28.673250240335,30.8762156967772
22,-24.3450749017597,-23.5831689804106,29.8520508328734,30.737054726912
23,-22.2982617626678,-21.0586025878696,30.9166086085299,31.5593028978499
24,-20.3481322045645,-18.1660655008029,31.9175204373451,31.2418362071952
25,-16.5594969346153,-16.2457376110561,31.4290805769035,31.4906235378654
26,-17.2680298837131,-13.3075051967393,31.4578624946251,30.7086122090286
27,-14.3412512426848,-10.6273894624258,31.1623896284166,28.6179516790926
28,-9.50825319321901,-7.98059414940465,26.482164354551,27.1807483622643
29,-10.0192260392516,-5.25603661848061,25.3575678522724,25.1574315370145
30,-7.03730993941244,-0.788537823902867,21.7001619781863,23.885717899919
31,-5.34878663446164,-0.957324508776558,20.879642406131,21.8965989236727
32,-1.68693297918914,3.23701145511809,18.2160027661354,19.7391011434762
33,1.05384867703431,3.92623723090193,16.0892059700405,16.9206012501035
34,1.25106119536256,5.28357685283428,14.7337746558801,15.8278868244015
35,5.67592187200236,9.84550405388794,13.5243684890888,15.8821335848327
36,6.86706470245469,12.1185947379361,12.0440166031638,13.7174534813687
37,11.3315274336736,12.7961727999159,12.2420263044694,12.9201668003652
38,13.5359234213831,16.0438289273743,11.4651251359535,11.6740130179523
39,15.6363462845164,17.6343996512269,11.0597678667553,10.0866881027508
40,18.3199273732403,22.9684037290535,8.79306612621081,9.01247122631845
41,21.9785118830448,22.4175569612676,7.29708341194693,7.32050893779568
42,22.7339923142581,25.4358369483211,6.01840451130966,6.9752693914915
43,24.5548566536301,29.0420669630725,4.12216035901835,4.407509608347
44,27.0177482757129,29.1986018798506,3.86097695188126,3.70031732186755
45,29.504806320833,31.3357664568767,2.30546137103018,3.08504495083424
46,32.7307833341435,34.0857865097491,1.93742367754395,1.58769061192694
47,31.6027280695438,34.1658648137882,0.488247694720412,0.503000588802888
48,32.2607843942856,34.0548319139678,0.752335475125516,-0.689858431019139
49,33.2763974778171,36.8025315730289,0.381495300760711,-0.377761503052505
50,34.8124056267955,38.8718757526279,-0.218804537946963,-0.340714259339409
51,36.5295881933742,39.1374558457088,-2.39653355684023,-2.8417620956512
52,38.7114584159776,41.2920855115656,-1.92989564604943,-3.36521671842125
53,40.0607729538647,42.9715851373287,-3.34801984276013,-2.30686243903258
54,42.2048866691081,42.1875877907531,-4.00380244973238,-2.46534754696579
55,40.3146401604186,45.8240793442512,-4.84937534116808,-2.47017793887564
56,40.058407022117,43.2378325110517,-5.24005051494859,-3.26678101837516
57,39.9815791709765,42.9946560930904,-4.27072381605633,-3.99637955596437
58,36.6632547042136,41.1243537075889,-3.02135617331539,-5.52475169389763
59,35.1152907974904,39.5513720706379,-2.43543519366727,-5.81713941900686
60,36.0898571470702,36.0844570114697,-4.22114221235621,-3.33703721933991
61,33.6731102633732,38.9475599523066,-2.53620343583238,-3.17749582907782
62,30.6319485019652,36.8035577893816,-2.49307469674819,-2.14122777727655
63,29.5875860555435,35.8454968120042,-2.70731285494037,-1.7066733367432
64,25.2456978291761,33.8384258067448,-1.96251521601136,-2.7661708936865
65,24.3726445066352,32.5801326820196,-2.60748435185735,-3.44165787573582
66,23.4779426905411,28.1786469112336,-1.71995703340034,-4.33789179655453
67,21.3351485570679,25.2881044502485,-1.93690874200096,-2.48042970625299
68,17.0686006599878,22.1509934394792,-1.91770654061697,-2.7310039357144
69,12.6539432114201,19.7369650422849,-2.23965476103832,-2.5825298877766
70,10.8906651809361,17.1085734151718,-2.28581076487548,-2.5188833964197
71,8.12593972879507,13.9592646753798,-1.83129904701461,-2.0818059298737
72,6.64621507744594,11.2242294234294,-1.23118721182006,-1.76399780956456
73,2.56920483370387,8.50083429908738,-1.97569394511566,-2.40843109382166
74,3.92351298658979,5.40144480961712,-2.50213965469781,-2.92899377856645
75,-1.45449707297542,3.12907602130102,-2.34118440581294,-1.63959656797102
76,-4.29184964520593,-0.327804472486055,-1.44528635570336,-1.84953208845064
77,-6.21033953423619,-4.5545580706243,-2.53008835192511,-2.04589930891689
78,-9.30778641580255,-6.60877837091661,-2.07512269706472,-1.79367370845235
79,-11.8188971820972,-10.0934114359723,-2.90037753238753,-1.60628204647264
80,-16.3041135400887,-14.0550325359385,-2.73688368133876,-1.48840924853381
81,-17.7170725695584,-14.8864713050027,-2.37775027540876,-2.46261908842806
82,-20.4478910906488,-19.7093600371536,-3.15711065888303,-2.1905907975784
83,-22.5617537654459,-23.1472905420307,-2.29760257247821,-0.932893665149283
84,-26.7006289299986,-25.584934999326,-1.97950155105565,-0.166880414946883
85,-28.3490288129004,-31.018624337582,-0.253145752771127,0.856624909054093
86,-32.9618935430766,-33.414743151184,-0.941772165537271,0.024338686442545
87,-36.7611158817957,-35.3154752393471,0.325894947217254,0.922271783086607
88,-38.8695090547395,-38.7459489532535,0.557687803631803,0.688823830990967
89,-42.1309523270614,-41.4275975508912,2.77254724958369,2.03438259233655
90,-43.9673534992265,-42.8830250188677,3.10466852784391,0.934885423240385
91,-47.0123894527227,-46.9155511219992,1.40898625991659,2.73289279766899
92,-49.5368209164278,-49.7418986562971,2.60788551235484,4.00221707555518
93,-50.1619448441648,-50.7583390389881,2.75064090727918,4.66051603715979
94,-51.3048091146699,-53.0713446475964,2.42554120112759,4.26161741748187
95,-54.810726331592,-54.6790008923712,3.91445386526972,5.03012359370596
96,-54.5748873016181,-56.7722692415265,6.5252352327114,5.97730530981723
97,-55.280033301036,-56.7833617135162,6.28942140473103,6.89484527246929
98,-58.6582775907972,-59.1833539395189,6.35353647723904,6.11848529417459
99,-56.9420789977857,-56.9048571755522,6.38199611443084,7.00084357688901
0,-65.4228858229234,-68.5501453079537,6.01234626965914,5.15521623437468
1.02040816326531,-67.1845181124341,-65.9534201095886,5.67179331856703,5.99234129763924
2.04081632653061,-67.3408321820866,-68.2450273385353,6.98722559215871,6.34776068810182
3.06122448979592,-66.4429630798928,-67.6957134721705,6.53068325287709,6.93662301985803
4.08163265306122,-62.0703356821106,-65.5742385625803,7.15945747143227,6.66843890611095
5.10204081632653,-62.1995455615817,-63.6282791003617,10.6713085906062,7.95017231039438
6.12244897959184,-59.3288311388349,-62.3283067855732,14.276101829638,10.9992975146168
7.14285714285714,-60.0018323690504,-60.5302549546766,18.2083239914574,15.3593570461959
8.16326530612245,-57.0781441682446,-56.8179508965398,21.6842737097601,18.4188858214371
9.18367346938776,-59.4239297478271,-56.5324000591549,24.0644833553896,20.675077584703
10.2040816326531,-55.3552072844723,-55.9106464473059,26.1546875621783,23.9323089373454
11.2244897959184,-52.9769613362726,-54.1602546503531,28.1652405965364,26.141977034125
12.2448979591837,-50.0665446098721,-51.5579086470432,31.2320686838834,28.488323779784
13.265306122449,-49.8761253886134,-50.8734774278252,31.5607111267094,29.58667915489
14.2857142857143,-48.7355872427944,-49.1396289849346,33.5480939799911,32.2309807428991
15.3061224489796,-47.4497128699304,-47.9127699310092,34.2132843499358,34.3467224981124
16.3265306122449,-44.3083423913071,-45.21687151266,35.6868188022649,35.3384411098229
17.3469387755102,-43.3049873664547,-45.1484407031483,37.8440860698803,37.0668704972293
18.3673469387755,-42.0871734627011,-41.9594603518873,40.0824562997729,37.5111108938616
19.3877551020408,-38.7937140305723,-41.5217466197358,41.4387855247985,39.7419398771599
20.4081632653061,-39.1329225940488,-38.6176378959723,42.6386856010779,40.361791926491
21.4285714285714,-34.8581738487942,-35.0284669028718,43.2689537216121,39.5088694751114
22.4489795918367,-33.8816115683759,-32.7393460067428,43.3110910453334,39.8324722171531
23.469387755102,-32.2038264693923,-32.334552017322,42.3410957466106,40.0121460069901
24.4897959183673,-30.038142754769,-28.5005853569981,41.5156408851726,39.1510615263514
25.5102040816327,-27.8425956121662,-26.306776892002,39.394454025048,39.3199750386678
26.530612244898,-25.5517493602012,-25.8883305674559,38.3286685920674,39.3493215230796
27.5510204081633,-24.0375054324235,-22.2271425184365,35.8132655424312,37.5666188261629
28.5714285714286,-20.9885448485047,-18.7043787915413,32.9640072907024,36.7584977579903
29.5918367346939,-22.8317344803689,-17.6738363463964,30.629935755202,35.064218713674
30.6122448979592,-20.0375211268924,-14.9995827579232,27.7554444157239,32.2384632471605
31.6326530612245,-14.3994557514648,-11.561328720194,27.6182894522684,31.0339632515071
32.6530612244898,-11.9787495103023,-8.38385952487925,25.0237105769323,29.5734057822586
33.6734693877551,-9.05798285854777,-7.30108684367015,24.3344332578055,27.5647959287908
34.6938775510204,-5.69440066494533,-1.35137851353025,23.14916290483,25.2782179930381
35.7142857142857,-3.97034403216522,0.776635996651647,21.9973883649251,22.7913136119302
36.734693877551,-2.92726136674186,3.35216224446666,20.8882254085694,20.1139877783582
37.7551020408163,1.67654323255352,5.44869983913911,18.165501862213,18.061474605911
38.7755102040816,3.49851060815369,7.74358708901588,15.0594920847551,15.5776546683391
39.7959183673469,7.7124832568765,12.7972514451096,12.9087438594249,13.1295564823867
40.8163265306122,9.00464210760355,13.284254058621,9.87747090732482,10.2687113837208
41.8367346938776,12.0728419122319,16.1550294646263,7.25664800929001,6.70945288820164
42.8571428571429,12.9837662820219,20.1121485643929,5.55432839981878,4.79429677716709
43.8775510204082,13.7036683367439,22.4001969996151,3.31069988894632,1.84289045483207
44.8979591836735,19.685135969581,22.5253791437206,1.71774039737519,-0.33670185511597
45.9183673469388,18.171314522354,23.050675029468,1.43873434851306,0.316297751019127
46.9387755102041,19.7614741778214,24.0520245852514,0.269087792004662,-0.942555189388833
47.9591836734694,23.4859866483852,27.9655018754358,-0.315626608221225,-2.0559494887979
48.9795918367347,23.0013067857183,26.0238554483891,-1.17259269656639,-3.49730896249747
50,28.240704586551,31.6285308491697,-0.637326140907657,-3.47004318038515
51.0204081632653,29.6207859760467,29.8158995320746,-2.88153060669166,-3.83341438748705
52.0408163265306,29.5565730128619,32.4391826566365,-3.61152004089998,-3.97382522863376
53.0612244897959,30.4339654140341,32.2181892812288,-5.43434057880402,-4.2719976096375
54.0816326530612,29.0808159040759,33.3067316796761,-5.61424638900629,-4.33923372287603
55.1020408163265,30.8123583507849,32.2282246146735,-5.38781074869029,-4.76327981662893
56.1224489795918,31.715509561365,31.851463318297,-3.96234582901284,-4.41597704105888
57.1428571428571,30.0593897362159,31.7524948942539,-3.32977084317701,-3.69433605742039
58.1632653061224,27.8149030752759,28.4495971450817,-3.199322009629,-3.01649452330667
59.1836734693878,26.5437650554707,27.4724015672579,-2.76012495262313,-3.98023921983318
60.2040816326531,26.3503971283533,27.2327388136868,-3.1694989438221,-3.53939894699265
61.2244897959184,21.1325195825464,26.8696378858734,-2.70265797212023,-2.78722320486936
62.2448979591837,21.122552265231,23.6575705413368,-2.02222879420439,-2.33098169913663
63.265306122449,17.680955580613,22.1416028565637,-2.41821736299915,-2.73017354124795
64.2857142857143,18.0322122722864,19.3135689947782,-2.09317519741337,-2.92820856456044
65.3061224489796,14.1364721621025,17.9220031250286,-1.71106107467554,-5.30318174431816
66.3265306122449,10.1801554097507,14.812206475052,-1.25933053329825,-3.947684030283
67.3469387755102,9.13805229626729,13.0961795611807,-1.93608522388678,-3.36471844785477
68.3673469387755,7.23823016315381,9.1176270802162,-2.74968197233047,-3.74061081462712
69.3877551020408,4.99587858145451,7.34787035326845,-2.62083423723239,-2.32228244509795
70.4081632653061,0.647136859874397,5.32131137119341,-1.54850017706137,-3.32540349218604
71.4285714285714,-3.76476853910005,0.703923751593835,-1.81373197416899,-2.68365807547111
72.4489795918367,-6.08481653006879,-2.85191019746277,-2.00086441176125,-2.16124908819577
73.469387755102,-10.3222648897034,-4.05250206584685,-1.89931453324323,-1.95430130090918
74.4897959183673,-13.1168170691325,-10.3365277421531,-1.52795503369691,-2.56985064925644
75.5102040816327,-15.7745982524694,-12.5801408932029,-1.72234834655885,-1.88145018286077
76.530612244898,-19.5322275438822,-14.7183094220655,-2.08358446576404,-1.84081956325113
77.5510204081633,-22.6847993865541,-18.8936954906673,-1.32471471725643,-1.5463825830331
78.5714285714286,-24.6423042721972,-22.3564006712051,-1.51611174890424,-0.998892353318697
79.5918367346939,-27.2330533491394,-25.9629064229182,-2.10008881796543,-1.35654937725519
80.6122448979592,-30.3180989229379,-29.2350994101779,-1.92585021155943,-0.783100858256537
81.6326530612245,-32.4023659943847,-31.6369622128243,-1.56338074983377,-0.844240451777137
82.6530612244898,-38.4039102778515,-35.8812878609471,-1.8141511871381,-0.0831803567199588
83.6734693877551,-38.5707403688236,-39.9444525002847,0.461856562030083,-0.0520574496816387
84.6938775510204,-43.0845888997111,-42.0288834955087,-0.201324403946186,1.01315819223888
85.7142857142857,-46.101190675332,-45.9267599390087,1.25851216119756,0.86213083090082
86.734693877551,-49.4382122568925,-48.4774240203597,0.990631816836004,0.405588209444479
87.7551020408163,-51.1535622826234,-51.6548512343658,1.87062798725023,1.93259784819751
88.7755102040816,-55.560819510274,-55.4297472335227,1.88739881939327,2.5670995706825
89.7959183673469,-58.5422614273983,-57.2502632543168,2.02627373436631,2.83294614963788
90.8163265306122,-59.1025267618139,-58.7557386721,2.85002361325626,3.28605041651986
91.8367346938776,-58.5815345915513,-57.0543814701227,2.25957993117405,3.93591991793945
92.8571428571429,-60.4889669955668,-58.7346393711346,4.45651453136731,4.41424467389358
93.8775510204082,-63.7287465059248,-63.6908159738036,4.4549684203057,4.37576227163578
94.8979591836735,-64.6052442390153,-62.8231983473257,5.66267582259152,4.78548978673821
95.9183673469388,-64.1115993940955,-65.7639888869925,5.39043544881754,4.82041873607128
96.9387755102041,-64.3644370408706,-65.3472630340281,6.22546431409617,5.31305149351645
97.9591836734694,-67.8925263883386,-63.2957089002894,6.72951923841536,5.83369797694122
98.9795918367347,-67.8636016876313,-67.5611436421253,7.44087030908571,5.31336203472851
0,-60.1477904626496,-59.056461990439,7.87629463901737,10.0309823259867
1.03092783505155,-61.1778329847124,-61.9939835479291,8.40874367727362,11.0795688368544
2.06185567010309,-60.276063652479,-59.9433505065612,8.60621585986621,11.8609949839966
3.09278350515464,-59.3048179213527,-61.1110191921766,10.4124885543449,12.2796981268618
4.12371134020619,-57.8124565587188,-57.5563183838518,9.72066688343997,14.2980691357587
5.15463917525773,-55.3518485289237,-56.8977035182539,10.3599467157986,17.0168419123576
6.18556701030928,-56.0473068200759,-55.2539246982908,14.778738451969,20.8531542437325
7.21649484536082,-53.2100039742028,-52.0581894464249,18.4532152631832,22.3710621934245
8.24742268041237,-51.062436910077,-52.5368858549925,21.9658758306551,24.326932072554
9.27835051546392,-51.7451850109327,-51.275823099327,25.3805270835121,25.6941773968818
10.3092783505155,-48.3842768199483,-47.267036934934,29.5367107774875,27.9190810549007
11.340206185567,-45.1023021265492,-45.4300062211048,31.7253939146782,30.7268319167004
12.3711340206186,-43.5183823102393,-44.5406803497754,33.8621853480659,32.7207013812069
13.4020618556701,-42.1784806985818,-43.0619500045922,34.530248149768,34.8380489674159
14.4329896907216,-42.6405649478089,-41.5952991264297,35.1742028007471,35.419602690464
15.4639175257732,-40.3120743978067,-39.1806533942239,35.6895334013524,37.1424785350743
16.4948453608247,-37.9064647161504,-37.1315647937631,35.8516500891226,37.1153808710323
17.5257731958763,-36.9968357049295,-36.3402674409897,36.2149347284176,38.2353035409271
18.5567010309278,-31.9018365482879,-32.8053815761293,37.6752703403349,37.9830849016164
19.5876288659794,-31.9839638948077,-30.4984900812403,37.7486353401128,38.6439997178346
20.6185567010309,-29.7712618469187,-28.3114810710097,38.2930229312772,39.5489768238773
21.6494845360825,-27.7360254506621,-27.6667854218948,40.7694376648474,40.0024312813666
22.680412371134,-24.439260065245,-24.1140081266116,41.0641334842334,40.19903384842
23.7113402061856,-22.1280343286233,-21.2820789859659,41.9886373488569,42.2375040001748
24.7422680412371,-19.5847347720176,-20.8793409811348,41.2138899697735,40.9104689106565
25.7731958762887,-18.4199795495077,-15.4218057985224,41.3610532997866,39.155807900226
26.8041237113402,-16.6999788979829,-14.1075110777482,40.3740720040839,36.5792364091373
27.8350515463917,-12.9606136509178,-11.8595483166983,40.1682459732725,35.6923610076523
28.8659793814433,-10.7596885659578,-6.97755501110762,38.6448981838255,34.2351182281187
29.8969072164948,-8.55042687386678,-3.60568332059919,37.3732923196044,34.866267569064
30.9278350515464,-8.48609543932453,-2.03009874424769,36.4370200679256,33.9446847948785
31.9587628865979,-3.69726705685527,0.745167729054662,34.451981124487,32.9943611709756
32.9896907216495,-0.715065027850663,3.30472355524276,32.1913955584527,33.0848236083734
34.020618556701,1.38561538178161,7.92683215520475,30.1525022492416,29.2463369690823
35.0515463917526,4.8586864742126,8.98459314155555,26.2563312636383,27.0813933036076
36.0824742268041,9.55545911576606,12.1503273269534,24.1523640787372,22.345258529331
37.1134020618557,10.4816486096924,14.0901784326551,22.6376531909178,18.6689643560015
38.1443298969072,13.67547333994,18.2341220405295,19.9537660018152,16.6353651031345
39.1752577319588,16.4145682116341,22.1382492877501,18.662654891639,14.2777453121437
40.2061855670103,20.5922462584397,24.5514667360482,16.0589499013485,13.8156172249546
41.2371134020619,24.3135855120378,27.6270348315162,14.2655841372472,13.2730630771739
42.2680412371134,25.5516218567234,30.3003377248156,14.1219918776431,12.6139669615256
43.2989690721649,27.349280202961,31.7053307173493,13.9430285880003,10.202732780465
44.3298969072165,30.7635763368355,31.3166527243951,10.430739510193,9.22548404049418
45.360824742268,31.1894700213415,35.4549744751642,7.87131072848345,6.48117950569137
46.3917525773196,33.7436493530524,38.0522120250683,6.31565219079201,6.00534028078601
47.4226804123711,35.4311430906218,39.5237431149308,4.20550083015459,4.29944885352869
48.4536082474227,36.8087462136917,40.8970309479811,3.77549461355168,3.14783142585371
49.4845360824742,40.7144935604604,43.7393978296387,2.18828779464409,1.29843969154186
50.5154639175258,39.5226272296228,45.1698266408665,2.16406831315103,1.59496756143519
51.5463917525773,40.8448682928225,46.1868164815537,1.62393676724051,-0.156465310803659
52.5773195876289,41.941509238167,45.474784492315,3.44428321842671,0.763778957176306
53.6082474226804,44.5572461442191,46.8481283661318,3.52371308253036,-1.58712633462635
54.6391752577319,43.9094868987596,49.23660167059,3.27977491667694,-1.79239527952463
55.6701030927835,48.0444191556197,50.9669227452055,1.29866435877243,-1.05955748787348
56.701030927835,48.5515074985098,52.5831202668944,0.567923482365415,-3.08119537522461
57.7319587628866,48.388201919118,52.8013925567681,1.00133955932996,-2.07060430915711
58.7628865979381,50.1977888450355,51.8488336204054,-0.483942193089643,-3.34322745985854
59.7938144329897,48.0630517144219,52.5878984210196,-2.91158425791384,-3.88979389767681
60.8247422680412,47.5035178414317,52.9184289762171,-5.22456662626582,-3.87928604422425
61.8556701030928,48.2640231429639,53.646121325531,-5.14726032235951,-4.82107847906528
62.8865979381443,46.3487108909353,49.70586260675,-2.53262671503915,-5.55394829134515
63.9175257731959,44.636385719376,48.914615407809,-1.42337213546481,-5.18713004169694
64.9484536082474,41.8963478632835,47.0187588040215,-0.877931897594741,-5.18309871247196
65.979381443299,39.3652240072393,44.5518790544649,-1.17978788553277,-4.99567450332695
67.0103092783505,36.4370660635331,41.7032972443668,-0.802052250529107,-4.20705004965269
68.041237113402,32.7238922782734,37.2583998759536,-1.55479050557764,-5.1107807397487
69.0721649484536,30.1569074262667,34.7981793908139,-2.73224508212895,-4.77997000174803
70.1030927835051,26.0656599100593,32.0101693859495,-2.33137599868423,-4.7322206838445
71.1340206185567,20.0974422393636,30.9507154684247,-2.05105563695168,-4.92902226074154
72.1649484536082,18.247100906021,26.2379239314187,-1.78003505717692,-4.82968660406643
73.1958762886598,15.0996791948243,21.8813868609954,-1.49439917269422,-3.38938434128065
74.2268041237113,11.2114622235219,17.934848068516,-1.20202289586704,-1.95384428223963
75.2577319587629,9.44808859646285,14.9549816344188,-1.10951598309674,-2.6042868846833
76.2886597938144,5.90875697402356,12.6948818931265,-1.81310975323831,-2.74073501812207
77.319587628866,0.859282320232338,7.21892379331586,-1.45858496718933,-3.25898558742079
78.3505154639175,0.435623077085779,3.81054955498502,-1.85779226599565,-2.80703002051614
79.3814432989691,-5.76546512937232,-1.78014165887463,-1.96151410911856,-2.54793120031064
80.4123711340206,-7.18736765228621,-4.81818619032426,-1.56152634095058,-1.72613054612092
81.4432989690722,-10.885041130717,-11.0497252255938,-1.07263634425761,-0.980146385863303
82.4742268041237,-16.0829029901285,-13.7625107729836,-0.952997694738475,-1.19629611527713
83.5051546391752,-18.2582790189366,-19.1857700483681,-1.11973447198139,-0.520772642548991
84.5360824742268,-22.5174225203729,-22.429987716881,-1.35639427371341,-0.0840309680902
85.5670103092783,-25.2142165342045,-24.9598037058034,-0.612053284926473,0.482070409594833
86.5979381443299,-30.1081658759798,-29.9140590195581,0.367705225518143,0.231875545454971
87.6288659793814,-35.3488215753527,-34.2937846964476,-0.479253117543546,0.626481851537029
88.659793814433,-37.3690806201915,-38.3555931948761,0.822665244648453,0.804584855114278
89.6907216494845,-40.3929716842697,-42.2084280457354,2.35438254672555,2.31400194110872
90.7216494845361,-44.6952236528167,-46.285142243474,1.55859577447409,2.98163837273068
91.7525773195876,-47.4104634756047,-48.0234738593821,1.21531289436468,4.31443565580202
92.7835051546392,-49.7792095315037,-51.2317968878062,1.9184784383525,4.52952866559341
93.8144329896907,-53.7585727528849,-53.2647274910271,2.59734621812178,6.14466878657835
94.8453608247423,-56.7485388072672,-57.4269151428847,0.927682646354596,5.70514447789809
95.8762886597938,-57.4635196087092,-58.1871651503835,0.255992689754721,6.68226055771486
96.9072164948454,-56.2949971444968,-57.7453278185536,2.53424481970769,6.89255076546449
97.9381443298969,-59.8744045097328,-60.2906201005434,2.77541337364238,6.51707923637999
98.9690721649484,-59.7860352390867,-62.6555820551067,4.9653907972869,9.6108815527498
0,-45.2459483752072,-53.8311459303624,9.36475876189601,3.44475597594738
1,-45.7781621793866,-55.6048559981992,8.32224831198237,3.97184181844958
2,-45.5721811661755,-56.5075418951288,8.18755778562265,4.24452156336151
3,-43.8263612935974,-54.6283517089361,9.76847898676029,5.22214560097218
4,-43.3347015838723,-52.1948254455517,12.5258316865082,5.41469425909205
5,-40.6731188571507,-52.2522236231,18.0747915676411,7.60381992816636
6,-37.242605551746,-48.6005037806992,22.8987675413901,8.92768845679421
7,-35.0132717714848,-44.9128158648104,29.121033272056,13.4906596874702
8,-32.8650960029974,-39.9469760268317,33.9594512960212,15.4777881344345
9,-28.9204138277,-37.8997919515538,37.5846155738714,18.8146806603975
10,-27.7510785690378,-35.7865346233676,40.7630773127728,20.9170546591243
11,-26.9714304439324,-33.5066159053198,42.7305897999706,22.4749887424228
12,-21.6709619298389,-32.2198988483706,45.2277426403473,24.1857180191142
13,-22.7859091365811,-29.6289381335131,46.1156956912781,26.0478025754412
14,-18.0806373963807,-27.2609066707639,48.1590866107632,27.5909250937054
15,-16.9671257410852,-23.9847331200558,46.7467338143694,30.8692272882959
16,-16.1347023064359,-21.9951692093914,47.2680196246552,31.0452567607952
17,-9.53249218606394,-21.9006940568229,47.188813676656,33.087029282756
18,-6.14977917731714,-17.9604462193869,45.0996033001898,35.5308744159231
19,-5.53012304638303,-15.8271799184888,44.4864993842143,35.9883292496489
20,-4.50856374540914,-13.0941951666509,44.3425482882881,37.4793633385409
21,0.849130807303085,-11.4799341990725,42.7678710383877,39.167330023269
22,2.88039619988743,-7.79881089166686,39.9525073832235,40.2457910459721
23,6.24802987743556,-5.19293907167881,38.212011761406,39.9233844917698
24,8.40738396934437,-3.45798652079357,35.0916599134953,39.5836555095468
25,12.2719021836806,2.30164057059252,32.0620155341507,38.05768232196
26,15.1503326641499,2.04396390438658,29.1587998657038,35.7997456276731
27,18.0690269214021,8.19995535784224,27.7321488824075,32.4344580145188
28,21.8366537983932,9.50607363326912,24.1232154138025,29.5421325331987
29,22.7588755445231,11.5139095728157,22.3117113793912,25.3670106042484
30,24.7459355592544,15.3457243523313,19.6603650084308,23.4089904437425
31,29.6250688750787,19.2726365976037,15.5501512646648,19.4497975350431
32,30.6005012014115,22.1803282271597,12.1977902957867,16.187471151141
33,33.413665547769,24.2410917491684,8.53326312493432,12.5733739963775
34,35.7032955296526,27.4787404708322,5.54161155943509,9.6059475062312
35,37.278735063345,28.8127041242741,3.42970479457753,5.835309693256
36,39.0610735044613,31.0895214605614,2.15886865048156,3.28823192869129
37,41.4851527159959,33.7224236348383,1.11030262858957,1.52164079262123
38,40.3338403429054,33.4527543307405,-0.368537313017676,-0.711891979080875
39,40.9504956855463,35.3576387103137,-1.65548927971381,-1.05953640750223
40,43.3627460161299,35.7706160424521,-2.62920684300691,-2.54544212271995
41,44.7021068266595,36.8637028693765,-1.63450941505622,-4.84466805333933
42,46.1472490706531,41.0915965730849,-0.856112780991195,-5.17861632330042
43,45.8602469752942,43.916766519677,-0.258878379643452,-4.57337365462005
44,44.603852787348,42.2179078758669,-1.6946263518597,-2.23388816998934
45,44.9531495730256,43.2766228582198,-2.17080877374467,-0.360080981889757
46,44.7327947876216,43.2599050038751,-1.24645079237795,-0.494647286079948
47,46.5044899801814,42.8595221559649,-0.981030535987821,0.0395121258726548
48,45.9565019467259,41.9610094315663,-0.769274458476269,-0.875906285695622
49,44.4037694579262,42.1593189832001,-0.276271766322527,-0.766976729120167
50,43.8252580499259,39.9654813334331,0.124126136978595,-0.0924059490149067
51,43.6292263080231,40.3794379157021,-1.01965915560577,-0.267993592541207
52,44.8699050058729,39.9586557274293,-0.311484475621865,0.716937862940307
53,41.9587439696095,38.7770364120098,-0.0210574188944324,-0.412551864148792
54,42.2327035188611,34.4439186987365,0.138327734428586,0.358066641533264
55,39.7432528843173,34.3612091036555,0.581795194665479,-0.0235414137894964
56,39.4251797203887,34.0690758493832,-0.117154871669903,-0.503366200859094
57,37.3626531020642,32.3332735028374,0.139184952631187,-0.000271297195166942
58,35.0849866546293,31.6353865200196,0.157669553701807,0.503892725479698
59,31.241187600007,31.6518442995693,0.473011228609199,-1.14606037880033
60,33.271994588037,29.3303341352098,0.0343108847435636,-1.42085202429363
61,29.9956839447088,27.1143540616028,0.577002057424406,-1.94073574121737
62,27.0343660591385,28.1301019057087,0.334799678978523,-1.26572753052681
63,23.378860090261,25.2404237158769,-0.3916671893227,-0.970498841460588
64,23.5444683365002,23.4548524138696,0.574689582159449,-1.25980082569127
65,22.1483469589746,22.0651950026623,0.362789165192267,-1.1707675664572
66,21.4651900881602,20.57896970295,0.948358089927712,-1.16401088374343
67,18.9660622951277,17.825808451723,0.23530298905763,-0.634801948668571
68,18.4925292163335,14.9572642002333,-0.341729850580271,-2.11121671840415
69,15.7664156310535,14.1188815047292,-0.107332992008723,-0.856267065328021
70,13.2771310640229,10.7613915914005,-0.82027599428271,-0.201250245078889
71,11.8929301403926,8.90596601213291,0.201063137188603,-0.836401680805026
72,12.2765375406083,7.29238015327476,-0.429791577571265,-0.817653100124277
73,7.21427967284411,4.59652452450059,-0.18932330749338,-1.27333699777161
74,4.63102450249183,2.77449482894717,0.296277922953174,-0.564284735301098
75,4.41229268183278,-0.0637239650780215,-0.584724521018228,-0.392978473311035
76,2.17012636856149,-1.11745435178155,-0.92671414446546,-0.839892438192763
77,-0.218887406359823,-3.73678247910166,0.174535756586252,-0.877731839051466
78,-3.44682449745795,-6.99683155373171,0.194783417533101,-0.931722089699125
79,-4.77801270593197,-8.61300361286228,-0.341478176953141,-0.408764548225609
80,-6.05127813384261,-12.1883699371183,0.126525843284096,-1.49693109215093
81,-7.59951864132409,-15.4041646699446,0.190500335240799,-0.0617991952464453
82,-10.8403363717613,-17.9397253627521,0.0825918447246669,-1.36259583809597
83,-11.168822786416,-19.2848864072486,0.68825235403859,-0.897037114319497
84,-14.9102402858163,-20.4921711230778,-0.0884566404738848,-0.33082972671513
85,-16.1313333942219,-24.4732552995286,-0.570191511361016,-0.898014317270396
86,-18.9750313943102,-25.680423582173,-0.688375679686797,0.286260724578709
87,-20.0307056258775,-26.7418844997821,0.226245576458573,-0.106484151864453
88,-19.3984851831898,-27.3528717416837,0.911348725599651,1.13976601307316
89,-21.6563473972177,-32.1053553149702,1.28913023779742,1.0457356462137
90,-29.1853642890478,-35.2978975149722,-1.26615299326831,1.36312168349047
91,-33.1403297380869,-37.3235401181241,2.3814549405158,1.5215625952667
92,-34.5835982301142,-44.5309686040011,3.31342726272143,1.49285045957214
93,-40.2050692654004,-47.9167830083451,1.45967088518367,2.45042159206035
94,-40.7720794225882,-51.3317651389728,5.12603715320273,7.77917396931655
95,-43.7071348666315,-52.9647810250216,4.36527356876681,6.99185798532012
96,-41.5222319891528,-52.2984322915599,4.40688413570738,7.58528462356582
97,-40.832397979131,-52.4391984936483,5.46183821975615,8.50755020219085
98,-39.9172725630688,-54.9822359777336,5.9698412675963,7.04552114510282
99,-44.8562902980351,-55.5161709639049,8.0871746868333,9.20174649735036
0,-44.2154200188923,-56.3527595535991,8.13612478661961,7.1682113952949
1.02040816326531,-45.7156312947592,-56.6061271359587,8.11559545154898,7.69307666683971
2.04081632653061,-44.9561534124354,-55.1232277079468,6.81807165343235,6.02772928482358
3.06122448979592,-42.8661158564435,-55.4315345528713,6.53166185775134,4.95444779839492
4.08163265306122,-41.5993254644077,-53.9217603405248,5.84177115017776,5.87977169929655
5.10204081632653,-41.9452594506064,-50.4922996664969,7.03898549698437,5.5895628204065
6.12244897959184,-40.7934544728785,-50.6802310839113,9.49190317198746,7.66727713973968
7.14285714285714,-37.3255674090971,-47.6974282409362,11.904207807221,10.1274365802675
8.16326530612245,-33.9391403145487,-45.5886552381365,15.7471802620117,14.4390975219074
9.18367346938776,-33.5247635839799,-45.8973687665561,20.6353904071127,17.7848316622476
10.2040816326531,-30.6630358431337,-41.6683686978491,23.4807652398927,20.5744479936363
11.2244897959184,-29.4055530105534,-41.5001539236713,27.7640601370641,23.9097251066766
12.2448979591837,-27.8358710429881,-38.5206154408097,30.8869815617562,25.8090805032127
13.265306122449,-22.4947445078421,-36.5905784572956,32.9258080518921,27.9911758756204
14.2857142857143,-23.2508843236858,-33.1558899006939,35.9654291338564,29.9215289908404
15.3061224489796,-20.0136277344085,-32.8930042748779,36.7391770830797,31.6322465191021
16.3265306122449,-17.8467364016047,-28.2011087423998,39.0787176544585,32.6514312612466
17.3469387755102,-12.4814498615639,-29.5466046725961,40.3083734778514,33.931231290334
18.3673469387755,-12.7366374228537,-26.3933232754092,41.1068991095949,36.9245899878732
19.3877551020408,-10.5813697046817,-22.4823321582774,41.8570782795603,37.5400213377522
20.4081632653061,-6.3063072042431,-19.4576026100941,43.2149803720425,39.1204452685357
21.4285714285714,-5.11722625142237,-18.608128467196,42.3043363547372,39.7534057138456
22.4489795918367,0.186343958566211,-14.2804878652316,42.3434364878715,40.8647686684309
23.469387755102,2.03162199808176,-9.75087525332076,40.3197781299734,40.8684212276507
24.4897959183673,3.96879006777429,-7.35704144759033,37.8921909866812,40.4907159974767
25.5102040816327,4.81715854977903,-5.84533038208225,36.4739673297707,39.6486671434077
26.530612244898,9.5702643206645,-1.96433492653063,33.3862881803603,38.0308674235024
27.5510204081633,11.6987230200377,-0.984347793375829,31.3912749368856,34.7663464056885
28.5714285714286,13.7305428321688,4.90627256608401,27.9587397039147,32.2507159935531
29.5918367346939,18.3458383810284,6.62885988326886,25.2176229764354,32.3263605084314
30.6122448979592,22.593768454415,9.84773746834049,22.9625868439578,29.3810287702422
31.6326530612245,20.9356638269613,13.3384731688979,20.6217835986428,26.3854059020131
32.6530612244898,25.5187296274101,16.205757817301,17.7354682486816,23.940574764469
33.6734693877551,29.1282927699837,20.6648965349138,15.4694341012149,20.7922866784175
34.6938775510204,30.5875302123909,21.7814781272093,10.5107207878936,17.0883442815422
35.7142857142857,32.7150966518387,24.3106866749452,7.42774972764645,13.3407284924069
36.734693877551,34.2986741795811,26.1137153927326,4.28915980470382,10.017684636954
37.7551020408163,38.0245665851659,29.3570575305161,2.38337921446549,6.09827900774453
38.7755102040816,38.5293526379038,30.1817006899435,2.53000330164018,3.08374364127723
39.7959183673469,40.7243178994015,35.3665092580866,2.169011664374,2.09852528471856
40.8163265306122,43.3244193650909,35.141424565647,-0.176213309392077,0.237470748267124
41.8367346938776,42.3226691586871,33.7499426599152,-1.20743178713795,-1.07299251845605
42.8571428571429,45.1615002468359,35.8119254043451,-1.72927052405768,-1.68770390886868
43.8775510204082,46.9869430001192,39.5340042130219,-2.76332919779375,-5.27192827757667
44.8979591836735,47.0956753351847,42.0424266743814,-1.99593592470674,-5.53981156060767
45.9183673469388,44.5925901821945,41.9815579392876,-1.1452157554791,-4.00195510526704
46.9387755102041,45.3593236119176,42.8916330018185,-0.630375857187664,-2.60338115938362
47.9591836734694,44.4946316871258,43.939272236762,-3.12175102937071,-1.2411689847111
48.9795918367347,44.2326305769412,41.126454972577,-1.04187727289447,-2.94029138122378
50,45.1609795790777,40.488431794811,-2.49506304216661,-3.42863721337482
51.0204081632653,43.9931021478521,42.1646386483689,-2.49066781680203,-1.55852946309998
52.0408163265306,43.2796768408006,41.2616820165463,-1.47126840734712,-1.79223947962333
53.0612244897959,45.6856517459198,41.272534774271,-1.14275059533068,-0.0395023166187053
54.0816326530612,41.1640774951977,41.2576813413007,-1.31761652357097,-0.831110791332975
55.1020408163265,40.8599696930585,37.9853291831524,-1.1876569538191,-0.532215208774675
56.1224489795918,38.5590976096416,36.5082009867565,-1.19765172002676,0.715963316206017
57.1428571428571,34.5960448516781,33.559816502065,-0.598064894102972,0.568099135384667
58.1632653061224,34.9070156325664,33.6136771246946,-1.12555322643728,-0.477766850103638
59.1836734693878,33.3770808643101,30.2681253843815,0.410084484132632,0.246877621507639
60.2040816326531,29.7574647202716,28.3875471210179,0.388438533280973,0.383086464025093
61.2244897959184,30.9124976948618,28.3052500392965,0.0751511979466706,0.102079169738525
62.2448979591837,26.2292782579832,25.5511222123525,0.246855913624958,-0.171251585081725
63.265306122449,24.4173148252028,25.1963351067396,-0.101094279497762,-0.15252928748646
64.2857142857143,23.0449520695862,22.125310389698,0.166893135420448,-1.00335854569463
65.3061224489796,20.6508105478275,20.1462055206459,0.16149845012932,-1.13876871172919
66.3265306122449,18.9079616609098,17.821121551326,1.00330491082609,-1.44466667657304
67.3469387755102,17.4947149091372,15.0650701245542,0.718623481293895,-1.29948569552355
68.3673469387755,15.9667167918755,11.3337638901516,1.3415379703401,-0.352843410838502
69.3877551020408,12.483287521921,9.43072565719056,-0.0826316641528382,-0.853365991498955
70.4081632653061,10.40502558225,10.1513497563367,0.238671170077403,-0.543652214530257
71.4285714285714,9.67339449062484,7.68274367838568,-0.322881267820283,-1.71465959370194
72.4489795918367,8.79428516663282,3.42893415527986,-0.318419569507429,-0.36991608962914
73.469387755102,6.87657524724343,0.0825307438809837,-0.447822437567937,-0.414350736560713
74.4897959183673,4.40700908763905,-0.622569871854231,-1.65095676477888,-0.0804904478980085
75.5102040816327,2.0191357180271,-3.48631402900295,-0.880391007380683,-0.708072715128824
76.530612244898,0.901956817907685,-4.86133587375124,-0.0761798214712714,0.147645095009501
77.5510204081633,-2.00535177291461,-9.19265807834252,-0.214336773915017,-0.00403594265955473
78.5714285714286,-5.55038586590722,-11.6777969203277,-0.360018688201101,-0.0310458116269438
79.5918367346939,-7.95247366319788,-12.5259138853293,0.351729789393276,-0.023981023714447
80.6122448979592,-7.11157747756157,-15.2553483037337,0.525897114061188,0.809596507610901
81.6326530612245,-10.0317560349183,-18.7957132157597,0.00492270447389997,0.0484550267567205
82.6530612244898,-12.4635450555863,-21.6707073215497,-0.488994364571829,-0.593223340604129
83.6734693877551,-14.5106270593376,-24.0926612163288,-0.70049808838009,-0.630807122776009
84.6938775510204,-16.5053517940153,-26.840704559835,-0.467670276971305,0.817481604375322
85.7142857142857,-20.4182757577063,-27.8729499411935,0.592734398244393,0.353086577096306
86.734693877551,-22.6781830047053,-30.6365475169909,0.749881386861141,0.167071867637166
87.7551020408163,-23.7591382524581,-34.7346793524487,0.180850288943898,1.73783524831278
88.7755102040816,-30.1815655240696,-37.813811306548,2.16150520751425,1.44578972272727
89.7959183673469,-32.1946061917886,-41.794079347054,4.22582396500171,2.68676525431671
90.8163265306122,-34.8549921524219,-43.9119737233625,4.31489330639207,3.69173578576041
91.8367346938776,-34.9109518621433,-47.6047276589224,3.43001019255906,3.30964381419567
92.8571428571429,-36.2924137743873,-48.7395186880343,3.98679646373714,3.91288834656041
93.8775510204082,-39.685659030007,-51.4289265980861,4.47187265962928,5.83720382929283
94.8979591836735,-40.2324735281108,-52.4560212356131,4.97789245299123,6.60090333475761
95.9183673469388,-40.8044213559389,-54.1397592834351,6.05754384212846,6.45068465817468
96.9387755102041,-43.4579496954804,-54.0611841229296,7.68440544405421,6.42551611610415
97.9591836734694,-44.7257889453616,-56.0727542145764,8.33729212793373,7.43715410774451
98.9795918367347,-43.8572465235772,-55.6229926835381,8.50663417587171,9.17934215533955
0,-52.905387633138,-58.8882595419599,6.4103320971523,9.16596148448389
1.02040816326531,-53.3411719564987,-58.2996640428276,6.2575189243409,7.343098901218
2.04081632653061,-52.5863833891968,-59.7563074020085,7.71708110361728,8.48094128263226
3.06122448979592,-51.1533078818079,-57.3530400090068,12.047288518701,10.9417411671375
4.08163265306122,-49.4717425425915,-55.2549460807902,18.0379366170822,13.8328659991354
5.10204081632653,-46.0246102455937,-52.2895592342301,22.0573377016342,17.2780976394762
6.12244897959184,-45.6550394011262,-50.4160728608602,23.9369905386523,20.239982570711
7.14285714285714,-44.6802027952383,-47.861416331342,26.607047868153,24.8224170194854
8.16326530612245,-41.9143842844619,-44.7298054425186,28.420321020691,26.8097461980502
9.18367346938776,-38.7153952091536,-44.9622690425041,30.141347194426,29.142477659245
10.2040816326531,-38.4778899185096,-43.855573533174,33.2339978713004,29.5882272153175
11.2244897959184,-35.8041864556532,-40.9549098699772,34.1464904915209,31.1182605907128
12.2448979591837,-34.2675790346151,-37.4680573815198,35.5729167813884,33.5303583470741
13.265306122449,-31.5779494756739,-35.7879907115504,37.9954374017269,34.6082306930786
14.2857142857143,-28.5613122685616,-32.7974331479751,38.4170083698727,37.0396679939336
15.3061224489796,-29.4795032950848,-32.3873267399402,40.9755168248457,39.8464022655153
16.3265306122449,-24.8667721907599,-29.0836678829417,42.8299027105243,41.2538618327074
17.3469387755102,-23.667344576697,-27.0700620774811,42.6874284606971,43.0175887230083
18.3673469387755,-19.6490259031659,-23.5425636135339,42.5525797184103,43.1341783484596
19.3877551020408,-15.0809909987987,-21.0869979871296,42.0563927813714,43.2976863582737
20.4081632653061,-14.7273356845317,-19.4732815467402,40.5705144298788,44.2250487269678
21.4285714285714,-11.8745473252601,-17.9633482244828,39.6752386483117,44.2495588348822
22.4489795918367,-10.7979989419021,-13.0814259955419,37.1745463573154,44.2145388525904
23.469387755102,-8.93911083798555,-9.45410996021825,36.3818976488168,43.9501292981088
24.4897959183673,-6.21878469855334,-8.40837050899895,35.1129723541448,43.3627747515739
25.5102040816327,-3.9784553160118,-2.89518147614289,33.539947715771,39.3061433356652
26.530612244898,-0.747875028033259,0.04388717926964,32.9225594105242,37.5184196427155
27.5510204081633,2.02136928812911,3.31728420247894,30.5523988869088,33.1467636020383
28.5714285714286,6.31800767110582,7.18095261039146,26.6992405960697,29.0260181082948
29.5918367346939,9.08760459432651,7.44720360832841,23.597295488041,25.7850634457838
30.6122448979592,10.5393941816029,12.8709316625888,21.723080314038,22.6998973393602
31.6326530612245,14.9067955130044,15.6099791679835,19.0148460520813,20.2532743738558
32.6530612244898,19.0592181702983,17.3049687711945,17.9669821400662,18.725340368031
33.6734693877551,21.5711211771018,21.1902549296399,17.3048699411713,17.3968720782206
34.6938775510204,22.8100637940878,24.0109900792934,16.0285321050791,15.093694591893
35.7142857142857,24.9965330272085,26.6553077454882,14.7056958909343,13.8160480545759
36.734693877551,29.0768475524959,29.3968491235428,12.0134849238156,13.2493634405918
37.7551020408163,31.1980856211359,31.0798146576055,10.1938158039283,10.2118349162427
38.7755102040816,33.0529165262035,33.5750841533533,8.7148789365566,7.08401016063247
39.7959183673469,35.9856959690177,37.2276312320939,6.03462476660245,5.39004771051332
40.8163265306122,38.1578388197505,38.8946618774192,3.33824774413314,4.57687552329162
41.8367346938776,40.3030025418276,40.5894367141936,3.84813441032163,3.50528760721827
42.8571428571429,40.5720886086158,41.7754706749154,2.19655592681576,1.8645504724704
43.8775510204082,40.1817665662712,42.6736872592521,0.0187491463387157,0.275897874639296
44.8979591836735,43.9688917995311,43.2469512061064,-0.533623676644183,0.282809256550271
45.9183673469388,42.6245926631188,44.2525502431702,-1.18639372093334,-0.307940401904691
46.9387755102041,46.0738913605274,45.942320384942,-1.79220357874209,-2.0133054507021
47.9591836734694,45.3356646206945,47.3104154589933,-2.63279727158643,-3.93733655166803
48.9795918367347,45.4800721619836,45.7542154238838,-2.46372239198955,-2.52797248739157
50,44.2961557914488,47.1510429482595,-1.9000850801989,-3.05535509899044
51.0204081632653,44.3852588851177,48.188912090966,-2.59649536923883,-1.65643574629344
52.0408163265306,44.2318237891941,46.9293200088941,-2.3233842439271,-2.0031997397225
53.0612244897959,44.7996651374158,43.1919781662412,-2.56504329844119,-1.26474580119766
54.0816326530612,43.4532271217048,44.8135338743765,-1.84095851453147,-0.886510659178037
55.1020408163265,43.7406575274896,43.0949738186,-0.735069001883201,-1.23212502276399
56.1224489795918,41.3276685378551,41.731790565666,-0.366693656152142,-0.836182948514519
57.1428571428571,38.1939306340392,39.4690211185799,-0.5961884874085,-0.0964409829687968
58.1632653061224,39.5483054337578,37.0330725211039,-0.379621723028159,-0.282831573977859
59.1836734693878,36.5161080268333,37.3306041810418,-1.07726009555149,0.0092015291283154
60.2040816326531,34.4227309900817,34.3016325457528,-1.1171861722916,-0.418103000234488
61.2244897959184,33.350152900963,33.2773281514784,0.669520137168794,-0.544252975563109
62.2448979591837,31.4388443808341,30.800362769351,-1.14158103919014,-1.07125513601864
63.265306122449,27.189968093218,29.0847064279761,0.0451174275757993,-0.161532424169526
64.2857142857143,26.2963941909032,27.2158743221202,0.00504388953178009,-0.403219060890218
65.3061224489796,26.1467195232169,24.4088766533003,0.537839015528422,0.203342815406444
66.3265306122449,21.2409712949685,20.8373194702983,0.11519223254537,1.03079101378601
67.3469387755102,20.5308368834971,18.0839145269444,0.850045299142522,0.0382019713891283
68.3673469387755,16.3371193835674,16.3959692401653,0.407074228269973,-0.181174811406636
69.3877551020408,15.3347247896877,13.2442445984947,0.418202789421471,-0.353321509488046
70.4081632653061,13.6283088745038,9.6831709634613,-0.311714819934885,0.657756217889369
71.4285714285714,9.33307029548942,9.77692007154592,0.120085335278384,-0.917963994613284
72.4489795918367,6.5287853605374,5.6497290168361,0.267024499835222,0.636604309850589
73.469387755102,6.18371483894599,2.52864105482491,-0.157883010276277,-0.692819271307347
74.4897959183673,2.02122661569775,1.2053216454344,-0.283175805350484,0.790639949750519
75.5102040816327,-0.36759866940836,-2.7392757898964,-0.164281027151886,0.180296948481895
76.530612244898,-1.62605567398327,-5.88152804845774,0.595437953791742,-0.441967622484312
77.5510204081633,-4.41247319719767,-7.85141107370434,0.542833120897401,-0.402787655634302
78.5714285714286,-7.1496829541001,-8.87480372863559,0.617233128500567,-0.548624467079491
79.5918367346939,-10.361278761399,-14.9995625028331,0.26552648675459,0.239899895774195
80.6122448979592,-10.9967737987213,-15.0174822300174,0.238681182549605,0.949436637432475
81.6326530612245,-13.8305265289877,-19.3890919349359,0.965063368741523,0.929862457728373
82.6530612244898,-16.9131435119303,-20.7862301824822,1.45938459860786,-0.624791845099984
83.6734693877551,-19.7441965237227,-23.8112005931064,1.16884501609658,0.678732166071738
84.6938775510204,-22.1767661773139,-26.2527421125572,1.21348453127059,1.26760730500611
85.7142857142857,-24.4787434414887,-29.3369501489193,2.25366520106882,1.93770560866627
86.734693877551,-26.0120777382695,-31.2667169466994,1.2809124193832,2.03232159905073
87.7551020408163,-30.8777917240435,-34.7744534842969,1.21529336629687,1.98415573299053
88.7755102040816,-33.4823621015122,-39.5651385695386,2.37525191819433,2.64185749145566
89.7959183673469,-34.9955669112436,-41.7206918685644,2.31368812420043,3.13602964654502
90.8163265306122,-38.3927257613448,-43.5017219452185,2.97478982113029,2.9858920966734
91.8367346938776,-40.4498138145707,-46.1931574729018,3.73571502458651,4.91855898969519
92.8571428571429,-42.332567347603,-49.6982756290445,3.5581783240474,4.62914823674957
93.8775510204082,-44.5958503041439,-51.7861275735822,3.72095837048286,4.53550311259674
94.8979591836735,-47.0194567848049,-54.5124294352953,5.02101261180516,5.79903476684108
95.9183673469388,-48.6866938574271,-54.2140986910961,6.12012657365704,6.53429785666192
96.9387755102041,-48.7380154751492,-56.042601012598,8.22792694558218,7.36344311305848
97.9591836734694,-47.4167770598582,-57.2685780928302,7.43334226110676,9.14910090188333
98.9795918367347,-48.5867663251813,-58.3308636355919,7.03393853948456,8.65701910440293
0,-61.0633575756019,-64.433352801764,5.50240818083199,11.7266446778486
1.01010101010101,-61.9658071519405,-64.0840726387124,6.21167871066285,9.85782595852049
2.02020202020202,-57.3972299249251,-62.8336935313224,6.74360212633937,11.5253034467956
3.03030303030303,-58.5529888161184,-60.5697714147129,7.81852063790337,14.6684938296695
4.04040404040404,-58.1818150936874,-57.2763573642349,6.58530320358865,17.4471212572383
5.05050505050505,-54.6120210215339,-55.9506105089013,8.09688370674113,20.6553039367168
6.06060606060606,-53.508851605822,-55.4438470986907,9.81533887067096,23.3102552492731
7.07070707070707,-53.0255690457633,-52.6314888772296,12.6478963900275,24.1846877728328
8.08080808080808,-50.7490873091928,-52.0446163031714,13.9409465392846,26.2578867256127
9.09090909090909,-50.5510087959176,-50.7203013361357,17.3791901276983,27.7871148635443
10.1010101010101,-47.4055004407006,-48.5373118289974,20.5197826805948,28.606143289626
11.1111111111111,-47.0488462963912,-47.3159869375414,23.3274244454559,30.6089561291079
12.1212121212121,-41.9114737042535,-43.2419049461968,25.9261040884104,30.9918936625246
13.1313131313131,-42.6589320077249,-43.1870624626803,27.7772130655945,31.3850070478981
14.1414141414141,-41.4320623599314,-40.6786646509331,30.2546318381468,32.6053008929453
15.1515151515152,-39.6786385156066,-38.8689648964243,32.2467884216547,33.3766369846748
16.1616161616162,-36.9759364812934,-36.8165152261931,33.4521774672573,34.5094571663755
17.1717171717172,-35.045227959398,-34.1319382393783,35.855924732971,35.8057612246776
18.1818181818182,-32.1602108426138,-32.0036972920873,36.9636738136227,36.1294384931314
19.1919191919192,-32.8261201348221,-29.9124241960876,38.4359475120384,37.4520916851859
20.2020202020202,-29.0090826214749,-28.8154307362777,39.983941156276,38.1441231277377
21.2121212121212,-27.1833489553017,-27.3912459457307,40.7177552925341,38.9084145180358
22.2222222222222,-24.8023057379585,-23.8230540720101,40.5627089170556,39.9852783471475
23.2323232323232,-22.9212825449818,-20.7607194684771,40.6110035420905,41.0188596463951
24.2424242424242,-20.7945327991474,-20.6803490465755,41.5047339590154,40.2338810131881
25.2525252525253,-19.1651428428637,-14.463332759114,39.7361835381277,40.3608343462677
26.2626262626263,-16.4836777453272,-12.8282632614404,39.5991507619904,40.5503565898814
27.2727272727273,-14.8833941612789,-9.52863389421063,38.7302378029809,39.1870421622969
28.2828282828283,-10.889496729894,-7.68061011413428,37.9505118701241,38.7948589268284
29.2929292929293,-8.40496939888298,-4.91190130830111,36.6474873781336,35.8400558251507
30.3030303030303,-8.07737277843058,-3.09253309170576,37.3557067047938,33.590627454684
31.3131313131313,-2.72702292394571,-0.870241117574702,35.9369036924864,32.4637293528091
32.3232323232323,0.989685315359361,2.25342973717527,32.7771380018903,31.5138546129903
33.3333333333333,1.50523558920856,5.45830480417544,29.8099574449188,28.8179433114971
34.3434343434343,7.46117078751156,9.80496890626377,28.2551807420599,27.0313153757218
35.3535353535354,7.56336605727919,13.5468758791906,25.1396334366834,23.1454208950712
36.3636363636364,11.5603469671907,15.5457197472333,22.5939655931318,21.062434201866
37.3737373737374,16.3251589611736,18.3213140834844,20.1474538939416,17.8686078909059
38.3838383838384,15.7902687926696,19.6621573233881,19.2804558016906,14.5445483405797
39.3939393939394,19.9127805699613,25.0015973194519,17.5505379948363,13.4218389257681
40.4040404040404,24.9520867439369,24.9037440595042,15.0756095757931,12.4624519571397
41.4141414141414,27.2192965270198,28.7513635823875,13.532314931666,11.1878945141525
42.4242424242424,28.6117345094316,32.2960930484716,12.1447466092126,9.64456276271265
43.4343434343434,31.2367980172187,34.8909959997224,10.5717392448471,8.78427388531868
44.4444444444444,33.6864213693005,36.8902691639251,7.80185310141523,7.02986161316123
45.4545454545455,35.0140198208672,37.6525776056406,6.35183710425523,4.79628724774055
46.4646464646465,39.9958915445048,39.2340387708727,3.2705121648367,3.88326426243767
47.4747474747475,40.2469892603457,42.1346595504181,2.00141368450077,2.73541617097129
48.4848484848485,40.7122328701666,43.7569630250062,2.24934557986472,1.6481594898181
49.4949494949495,41.0979490099045,42.9831746076606,1.87741527988811,0.816205921542054
50.5050505050505,43.5603116189502,48.8690297489166,2.25076435704072,0.320313787898046
51.5151515151515,43.5312164790792,46.4541243211765,3.57751836171241,1.0140096164538
52.5252525252525,44.6267740422974,51.5616222751866,3.24038353745048,0.615475636055366
53.5353535353535,46.2732588501737,48.8436658602588,3.0871448222748,0.20536137640289
54.5454545454545,46.1083161571039,50.0038679090964,1.74394871967135,-1.61066043668417
55.5555555555556,50.7792566860058,51.2019707165905,2.33773832279851,-3.43633448853283
56.5656565656566,50.3682501452796,51.8121271757632,0.5607731585487,-2.48203742958406
57.5757575757576,48.2285786977066,51.8220398200713,-0.943338686152462,-3.6838135489199
58.5858585858586,48.5640504414333,53.1599621401783,-0.823392246303839,-3.70524202538173
59.5959595959596,47.0315155687728,53.5985736431934,-2.24390967042456,-2.9051736424109
60.6060606060606,45.99806528101,49.9741542548707,-0.82552044138531,-3.57207443927169
61.6161616161616,44.7869887472676,49.1345315162675,-1.10143670568916,-5.0714941741256
62.6262626262626,42.5318315523387,48.7248579596664,-1.86925092514777,-4.1502415533875
63.6363636363636,38.5422065559217,48.3918578893942,-1.18930102953574,-4.15141223227946
64.6464646464647,37.3397146847344,45.6714872357925,-1.33785805064355,-4.84749386993797
65.6565656565657,34.3439223011034,42.8114753943882,-0.344939155294944,-4.97209583754686
66.6666666666667,31.1129617947296,39.2882515413611,-0.505969806544029,-5.2851273366328
67.6767676767677,28.0394938177517,35.7557782405033,-1.92431525504623,-5.38439642387615
68.6868686868687,27.4225830594738,34.1917134879161,-1.06702719743612,-4.16967755945215
69.6969696969697,24.6300754009399,29.9344497628085,-2.19363378979698,-4.18055512080184
70.7070707070707,18.9326825140469,28.0833390198369,-1.76748671687958,-3.61426103814553
71.7171717171717,16.0881490626322,23.8958583711556,-2.27604767162522,-3.42711386449088
72.7272727272727,13.9104608162391,18.6061974498425,-2.10534000122197,-2.52337284204518
73.7373737373737,8.87170160310875,14.6088700072583,-1.28509532021392,-2.67474076957051
74.7474747474748,5.5925973921003,9.98066302416376,-1.96346492045488,-2.45906090962548
75.7575757575758,0.998994832732725,8.08407351267101,-1.16585466809844,-2.13500832662739
76.7676767676768,0.0974555033306903,2.33954003864774,-1.45248758776688,-0.709374248870825
77.7777777777778,-4.93528650674682,-1.49478605829785,-0.543812844858992,-1.07727039841293
78.7878787878788,-7.28103031642082,-5.10880303358386,-1.14856959484925,-1.20033062383776
79.7979797979798,-12.5312595761389,-9.92877560764289,-0.16511915005523,-1.53018145934397
80.8080808080808,-13.5271416852524,-13.0406330564326,-0.631036510244581,-0.531320828112685
81.8181818181818,-19.2152029733256,-16.5969498189786,0.149093987195667,0.501864986485651
82.8282828282828,-21.3405266291397,-22.7919188991395,-0.6236381538042,0.321760358727176
83.8383838383838,-25.7286136601023,-24.4746560939589,-1.36716972410401,0.412410265916447
84.8484848484849,-27.7182055022178,-27.7694755202005,-0.418880812833309,1.00402683012498
85.8585858585859,-32.1267742299792,-34.173617009736,-0.3962791631779,0.0807861485197887
86.8686868686869,-34.5375430267831,-37.9038566779977,-0.154407713170721,1.61736558331512
87.8787878787879,-39.7377728807419,-38.7711190078145,0.158943902240046,1.46129644106443
88.8888888888889,-42.2381205679874,-45.5307938465998,1.12385729243605,2.23065021262606
89.8989898989899,-46.493468744594,-46.4882425673401,1.43745373188709,2.4159710175763
90.9090909090909,-48.7606157457607,-51.9855522605068,2.01298137666174,2.8065437131418
91.9191919191919,-51.8033436572342,-57.0387317814171,1.13811412447497,3.00339445028819
92.9292929292929,-54.5389085712279,-61.5244507279097,1.70005795600571,4.5383973247415
93.939393939394,-55.5123387692981,-62.8048130582875,1.18924250904546,4.6336933829466
94.949494949495,-59.6543184710962,-62.8678919966018,-0.315074328497031,4.26490936391023
95.959595959596,-59.2050434279185,-63.1969907084755,0.407843554749654,6.74863509006357
96.969696969697,-62.0838115407717,-62.5431705386299,1.49161316781352,5.64210770540808
97.979797979798,-57.7697073728429,-64.2804789707639,3.09590160046217,8.8883367935558
98.989898989899,-60.6148906023678,-63.6294441664135,4.23038636256648,11.0281941976475
