"Normalised.Time","Stroke_GateAngle_1_sim_junior_06","Bow_GateAngle_1_sim_junior_06","Stroke_GateForceX_1_sim_junior_06","Bow_GateForceX_1_sim_junior_06"
0,-56.5369778136978,-62.4749987819278,9.31135810272018,7.73424281703209
0.99009900990099,-56.8305495814242,-61.3656750472569,9.37418061627243,8.04287047521145
1.98019801980198,-59.7193756339668,-60.0786103560463,7.4658461397997,9.07233172011238
2.97029702970297,-56.3278234662244,-59.6012727649029,9.54128679641263,9.92387215099539
3.96039603960396,-55.6101831077234,-56.4466846835997,13.3551249989635,12.4229883383993
4.95049504950495,-55.6624806897835,-55.0398250654028,17.4100296677519,15.4030644971439
5.94059405940594,-51.9534943782527,-53.0342935236495,22.2991555387371,17.9294533143768
6.93069306930693,-48.2853591300834,-49.9475815737919,24.0503228018243,20.6318486721621
7.92079207920792,-47.8680167010768,-48.0846495488062,26.0683766002869,23.8253171576723
8.91089108910891,-46.9662497567117,-48.7308589233865,28.4575445571212,25.0192785174252
9.9009900990099,-45.6077423725536,-46.9416389913602,31.0906842181001,27.4508853366482
10.8910891089109,-41.6032698362522,-43.6789861321509,32.639728433506,29.7499624741244
11.8811881188119,-41.987635073896,-43.8292106122056,34.6904100726854,30.2624075267583
12.8712871287129,-39.2405617432499,-40.6736926847483,36.3286407252903,29.6985126431501
13.8613861386139,-36.911941813523,-38.2965632350321,37.8140006054754,31.1404554019857
14.8514851485149,-36.0696345678387,-37.2094606990232,38.2718360106865,32.3323845697932
15.8415841584158,-32.5048221196297,-35.2496422588876,39.5691324229517,32.793041355493
16.8316831683168,-30.910439493976,-34.556346050506,39.5154018109713,34.2040239639854
17.8217821782178,-30.90810855199,-29.8921447769144,39.6848735828299,34.9934395690021
18.8118811881188,-25.818763276616,-27.7468642446744,39.5670171705266,35.3456432097342
19.8019801980198,-23.4555864080438,-26.4623746896666,39.0811883802749,37.2961034372898
20.7920792079208,-22.385397374446,-23.7049737674654,39.4484280501685,37.8517539465419
21.7821782178218,-20.4812405784791,-21.3846668633412,39.8400916744041,38.0265490677721
22.7722772277228,-18.9973340247286,-16.264029598032,40.5267376400299,37.1139472459461
23.7623762376238,-14.5881406283857,-17.4060748619543,40.1211901898493,35.7359397817937
24.7524752475248,-13.1399749816243,-14.3908805583992,39.1135630291853,35.2725577053356
25.7425742574257,-10.1357792770082,-11.2196586662203,36.7078006441791,32.716434858284
26.7326732673267,-8.87007667213284,-6.65815941486237,34.6284637083895,30.4673823510076
27.7227722772277,-6.06949889213318,-3.83936430460142,31.0263988277861,27.703407215623
28.7128712871287,-4.57884193375616,-3.12975961060131,26.9080446575512,24.0533770794933
29.7029702970297,-2.75712550033953,-0.963362277914662,25.1448653781521,21.8697505813194
30.6930693069307,0.977977715209001,2.11140693223174,21.7607151155036,21.4277268270288
31.6831683168317,5.01772458224339,6.16453952002453,21.5167373667238,20.2789444809344
32.6732673267327,4.91630959600498,9.43187760745223,20.0201696161587,19.4864676186949
33.6633663366337,7.99926301170631,11.9292922500835,18.5674513720621,17.6292921577605
34.6534653465347,13.2460371787533,13.7975862552771,17.0975185729325,16.6573977310897
35.6435643564356,14.1765657356321,18.7740982933281,16.1969693311602,12.5755851075368
36.6336633663366,18.0240414474456,19.9900678549757,15.2044796554801,12.2799261647912
37.6237623762376,17.8038233206287,21.2442165629344,13.9905122123156,11.2774344641967
38.6138613861386,23.3679636235425,27.3722568241903,12.6002131846531,10.0009556802867
39.6039603960396,25.0249139169247,29.5105673675057,11.8377090166625,9.7022327725883
40.5940594059406,25.6679919033344,28.1027211680218,10.9963362892734,7.15366700306086
41.5841584158416,31.0344144937814,32.1893147420983,9.0761517360759,4.89721975971177
42.5742574257426,32.7545082415845,34.0302740049465,7.2933034801681,5.3427171249755
43.5643564356436,35.9541823377589,36.7356837723649,5.82198247828546,3.62253561085172
44.5544554455446,38.0442888252165,37.7504838331692,4.79363486050959,2.93044896147358
45.5445544554455,37.4908642296262,38.342677952628,2.89355779240804,1.96121911205369
46.5346534653465,41.2641560091479,38.4474067072791,1.99404536687905,2.50004530387559
47.5247524752475,40.3941795501651,39.823832421565,1.80288666732948,0.766725089212491
48.5148514851485,44.1495869572532,40.6288796554023,0.549493321566281,0.275113804269762
49.5049504950495,44.8829232288827,43.2480557889403,-1.14109153671585,-0.896690008180563
50.4950495049505,47.4349006732362,46.3959139142393,-1.75446648111574,-1.73497857643746
51.4851485148515,50.8316932907003,49.2662331025656,-0.28359568898232,-1.74435876392234
52.4752475247525,50.7156938126056,49.8762973154674,-0.797241446010278,-1.43789402046774
53.4653465346535,51.8293072153749,51.9938813280176,-2.31882552148968,-2.14783580454007
54.4554455445545,51.3050111123621,52.343503795526,-1.17792679178541,-1.39818738851298
55.4455445544554,50.5777024918989,49.9623609803423,-2.03858508184564,-1.93857351200165
56.4356435643564,48.7494789050045,50.7594513807369,-1.64051759844475,-1.83832981150692
57.4257425742574,45.5569023598874,48.8632948869853,-1.72775353231023,-2.96268318597536
58.4158415841584,44.5350136702737,47.8814492411967,-2.03214138848423,-2.92029187568189
59.4059405940594,44.514873380027,45.2071170278077,-1.02130671867001,-1.7603999567402
60.3960396039604,40.8625582443896,42.8071284392254,-2.67100622994215,-1.91082304127781
61.3861386138614,41.5493738709784,43.7344298633922,-1.95948341633793,-2.82364294836841
62.3762376237624,38.7035939845105,40.9257768708976,-1.68824757479625,-1.81761854621161
63.3663366336634,37.4882521859261,38.5977634649976,-2.29684170830777,-1.70869257520185
64.3564356435644,32.963014715517,37.3221450952505,-3.22171237601911,-2.55691365068783
65.3465346534653,30.8898141052933,34.4669827890601,-3.05818167306493,-3.02775260783719
66.3366336633663,29.2108050823927,31.2438617296315,-3.30924011849792,-3.24823821510435
67.3267326732673,27.533039825731,29.3523204254505,-1.60789616208083,-3.41203968681098
68.3168316831683,24.6520564709066,25.257843135301,-0.706439763561221,-2.92611950629894
69.3069306930693,20.2164394510689,22.144729008865,-2.06309523389114,-1.01823072043573
70.2970297029703,18.0436845245792,19.5182126607444,-0.989912101114666,-1.53190800613846
71.2871287128713,13.8510597123629,16.7443951211231,-1.86612461869017,-1.72956202800009
72.2772277227723,13.4261219775631,15.6579186239723,-1.56773550463105,-1.78397076379721
73.2673267326733,9.37122359174402,9.69785164864685,-1.36332407441088,-1.24047944004774
74.2574257425743,5.51335879645821,6.23762746495874,-0.723093493763681,-1.04371320995391
75.2475247524752,4.50174210474557,3.48895342544563,-1.55266005430548,-1.59704849303433
76.2376237623762,0.0634358592691355,0.0921864168565305,-1.07161316265178,-1.01846649706793
77.2277227722772,-3.6486975651436,-2.44246711271146,-1.24227241388041,-0.958318181116605
78.2178217821782,-5.98482656981441,-6.32888016721551,-0.689645644600735,-0.50975803250461
79.2079207920792,-8.48337542346158,-9.03836077831131,-0.434019784544487,-0.483241366432012
80.1980198019802,-10.1633495943134,-11.6710713641605,-0.150456099534942,0.339696531697556
81.1881188118812,-15.3323376883341,-16.5311485252297,-0.688765325879905,-0.14807173187225
82.1782178217822,-18.1467127641028,-20.3165602477849,-0.398440207942029,-0.75035306697073
83.1683168316832,-20.7439197628659,-22.920232099542,-0.813268874169808,-0.520049120900949
84.1584158415842,-25.2749813699531,-24.9405232756831,0.350489815329742,-0.349632053512315
85.1485148514851,-27.3706775227768,-29.1239457481611,-0.32376213289461,-0.771776099776212
86.1386138613861,-26.7171923378969,-31.9872020549842,0.0568207749238812,-0.33830262154875
87.1287128712871,-32.1186858108097,-36.8480091315554,0.416223327890557,0.398981417995916
88.1188118811881,-34.0825776589524,-37.9864143740023,0.495156265081632,0.686064598380271
89.1089108910891,-38.3422537486972,-43.4887283330101,1.33752318318131,1.99315787108506
90.0990099009901,-39.9217735147718,-45.5875064036838,1.24438685401394,2.61641113049826
91.0891089108911,-44.2870657215189,-50.5048899755521,2.9733159907001,2.23882445635946
92.0792079207921,-45.9585137634504,-52.3790248102038,4.0034292682924,2.3067759072608
93.0693069306931,-48.6689590002883,-53.790368625116,3.5967545904091,2.59103390693509
94.0594059405941,-52.6141051744766,-57.6663270289394,4.24626493130187,4.49905561222912
95.049504950495,-53.0729606244132,-57.2085934754293,5.0907918224034,5.89678570463385
96.039603960396,-57.0472472042183,-60.0570478871079,4.74503516871628,8.16607365964499
97.029702970297,-54.6948055052894,-61.0810855541489,4.85170983385249,7.64637582698788
98.019801980198,-53.4890491386277,-61.4092339586806,7.08662295874938,8.87923843930306
99.009900990099,-56.257862900975,-62.1418712665393,7.89761207410582,6.46878383593863
0,-64.8549106432551,-62.0149987330748,5.72553373388863,4.36763998137214
0.980392156862745,-63.7598936217569,-63.9029685044685,7.54983342075843,5.31098389500223
1.96078431372549,-64.3987476925742,-62.3029798547483,7.22316789135889,5.82959587695865
2.94117647058824,-60.7720498942529,-62.1961118339847,9.42006679521449,7.22146076657569
3.92156862745098,-62.2783061361536,-60.7148765574806,11.6939468894417,9.59394730290644
4.90196078431372,-57.8174853270276,-59.5749616024303,14.440072228553,11.1052371246632
5.88235294117647,-55.9105161679267,-55.8639790856399,19.2910509971517,13.7930624259518
6.86274509803922,-55.0311329491181,-54.8464760017074,23.167914963434,18.737741118907
7.84313725490196,-54.1658044916947,-52.3474567520031,27.2592274052758,23.2465672147963
8.8235294117647,-48.3402441479268,-52.0203138377299,31.3258883416895,26.7144875308385
9.80392156862745,-50.2083455291058,-48.7691014604299,31.8355802574408,29.5179065321805
10.7843137254902,-46.9788641432317,-47.8769639437549,33.8525720949167,31.2016016145734
11.7647058823529,-46.3137020532589,-45.6663546789959,35.249300416612,32.0473867023024
12.7450980392157,-42.5947945486274,-43.5177682498997,36.2490630351288,34.2668674260636
13.7254901960784,-41.3479519509606,-42.2242715335333,37.68585551412,35.4877452223538
14.7058823529412,-37.9241317436694,-40.4414394368463,39.4588495161543,38.3435915477007
15.6862745098039,-36.1001234550312,-38.5191421472284,40.6149398747853,40.9546980181983
16.6666666666667,-34.3706039059002,-34.1640560159303,41.7544001657961,42.8178946552077
17.6470588235294,-30.0589547100306,-33.5383084990419,42.9547261789172,44.9870226261502
18.6274509803922,-28.4448531043713,-29.5784528112102,44.2177364341363,47.2150359551449
19.6078431372549,-24.9898995259225,-27.8301674349085,44.1752188966632,49.7961734851363
20.5882352941176,-24.0152981269101,-23.2850756254759,44.0497759442627,50.9526367533534
21.5686274509804,-22.7634547683074,-21.7690875774103,43.8741045626671,50.5312151807622
22.5490196078431,-17.500121967904,-21.0929670212868,42.2847716736394,50.2128362599993
23.5294117647059,-17.1496476860442,-13.3710967808652,41.052336590413,50.0100428206614
24.5098039215686,-11.0153594252455,-13.2082277714869,39.2012592419067,48.9284147641786
25.4901960784314,-10.8394079106096,-8.54826535145892,37.7407811795586,46.2739391090003
26.4705882352941,-7.63540783290088,-5.34551335580096,35.8713506675967,44.5734654739715
27.4509803921569,-6.4596581692271,-3.81452999854147,32.0670634435825,40.7168048921367
28.4313725490196,-2.43110033397437,1.32309449243216,28.2291257585811,35.3440491040828
29.4117647058824,0.119667741444302,3.84160720558545,25.7431246699429,32.7477622034576
30.3921568627451,3.59048105106869,7.84946948860776,24.738059746469,28.5809457948033
31.3725490196078,8.75384390768712,11.0302155665473,23.3563149007529,24.4688921883278
32.3529411764706,10.3392336459602,13.7644129216146,21.0191780822417,21.6683011768588
33.3333333333333,11.7591613915176,15.8107821980679,18.9366026340783,18.4952712321722
34.3137254901961,13.79953666868,17.9185810616715,14.4904193340296,14.2712004210932
35.2941176470588,18.6309255121483,22.1331951742885,10.5002300788195,10.4928777700044
36.2745098039216,21.0747359030302,25.7683044297905,6.36921296932041,8.35033336271941
37.2549019607843,23.866103384256,27.2428075490263,3.98663557236916,5.04699551470931
38.2352941176471,27.9865813623534,30.4272759137384,2.10444283858959,1.76840123609574
39.2156862745098,30.7143384209651,31.9588380216739,2.01280835337423,1.43024519231935
40.1960784313725,29.407927902629,33.8564450074361,0.494766387063426,1.17300712407262
41.1764705882353,32.5722478155846,36.376853294767,1.15981337425902,1.05980899172235
42.156862745098,36.2329562312634,39.2406224410381,-1.61590235263042,1.36958270427735
43.1372549019608,39.3723335833371,41.9700256293587,-4.04465230454766,-0.512264638052342
44.1176470588235,39.690816811433,44.6823220288855,-2.96804769429318,-2.55024807096387
45.0980392156863,42.777424659487,45.167982502709,-1.74431216547502,-1.27542369016936
46.078431372549,42.4850683262825,44.9902955727239,-1.61130991645363,-2.81453946376583
47.0588235294118,42.1355353767624,45.7236565410522,-3.39141615296079,-1.85707761326216
48.0392156862745,42.9794813460703,46.523821558139,-3.86986321210878,-1.45844348585325
49.0196078431373,43.3050392468943,47.9466079780737,-2.00136332022481,-2.36223074532127
50,40.2226224418556,45.5893129251921,-2.14087721074168,-2.72038063305171
50.9803921568627,38.6718204451974,44.574240730335,-0.0802489088992048,-1.77249785413575
51.9607843137255,34.1843054306576,44.0915041022824,-0.930296911003407,-1.30688829815613
52.9411764705882,34.1160855676491,43.2318098122552,0.225183991134206,-1.64413836569512
53.921568627451,33.5358735428303,42.4042708989838,-0.622152159771245,-0.721181927741226
54.9019607843137,34.2140232295306,41.7033564863502,-0.80288525951718,-1.04261947182592
55.8823529411765,30.0972494425468,39.8620193634073,-2.37985084591867,-1.30188976793898
56.8627450980392,31.1878631032417,38.4845898129109,-2.36219038364253,-0.800725904496631
57.843137254902,30.3490033005019,37.3124283385731,-1.13274754159956,-0.984111432590172
58.8235294117647,28.6224713108745,34.9301325043135,-0.633721516628634,-0.870428811204134
59.8039215686275,28.8173215098773,33.2988661306816,-1.07382315169698,-0.453202860214604
60.7843137254902,25.6731886798039,29.8030590383011,-0.510284253055251,-0.806762662697539
61.7647058823529,23.3911812222675,28.4981829503761,-1.31467706734628,-1.95898237272542
62.7450980392157,22.5824503968177,27.1378657459291,-1.27545246038251,-1.87636295515176
63.7254901960784,19.5403288504558,25.3346974597081,-1.7134162814849,-1.4406784414836
64.7058823529412,18.4755024683539,23.2402219611939,-1.25128426238432,-1.13124213194634
65.6862745098039,15.284774367845,20.4868654102348,-1.20123883532111,-1.38744473345345
66.6666666666667,14.4828426957772,17.7653461022108,-1.39972733011992,-1.72478639836579
67.6470588235294,11.5818908720837,17.0567639925881,-1.45620659175814,-1.25242779169477
68.6274509803922,9.00396962768346,12.7701025232173,-1.41277428521668,-1.53335507700475
69.6078431372549,6.59395838674968,11.9877688872237,-2.08934488593172,-1.10594857978565
70.5882352941176,4.48088898031562,9.56123040321068,-0.932821416136772,-1.5068431322989
71.5686274509804,1.51798120622688,7.81159700443058,-1.2890017110434,-1.18528435187487
72.5490196078431,-0.445088813191601,6.02403638657524,-1.06384263487417,-1.6728493679784
73.5294117647059,-1.45365000769176,1.52625663539236,-1.84591833010997,-1.88507772712891
74.5098039215686,-5.57045751659942,-0.122601247514113,-1.04562101377781,-1.51111267536007
75.4901960784314,-8.94914016190686,-2.98207034737,-1.59226750438521,-1.74818774261449
76.4705882352941,-10.9001185629369,-4.74419084580653,-2.46717498206359,-1.24682189968527
77.4509803921569,-13.2054490855902,-9.27124371104478,-2.49687233815959,-0.921610262943923
78.4313725490196,-16.0741588449038,-10.7257456639001,-1.42085039360477,-0.682980086790838
79.4117647058823,-17.9572578292317,-14.1482929768277,-1.59030271436845,-2.04923506924774
80.3921568627451,-19.8315244712379,-17.5368263888712,-1.13762460325947,-0.445533394244427
81.3725490196078,-23.0385941068926,-17.6870760166764,-1.52451411833858,-1.36458017155436
82.3529411764706,-26.9584539227065,-23.5885485505515,-1.77267139646874,-2.27862261874199
83.3333333333333,-33.2361700104915,-27.4095976703672,-0.286848914250346,-0.436245682694829
84.3137254901961,-32.609547309542,-28.0925181809732,0.0883476144458004,-1.12588222708258
85.2941176470588,-34.968870040869,-31.4985898654886,-0.60352684182043,0.270481147800491
86.2745098039216,-36.9761658727177,-35.7991333307904,-1.30504189901734,0.849595444031261
87.2549019607843,-42.4712244129941,-41.4315937009386,0.0665619088775753,0.719100578487795
88.2352941176471,-45.8555508438536,-45.8129027217472,1.50756210223632,1.36562018859176
89.2156862745098,-49.1444131486562,-48.1771173529527,2.19445692453234,2.60337533720283
90.1960784313725,-53.1277807610927,-54.7821256145617,2.99380069160843,2.34766562569573
91.1764705882353,-55.5343701819794,-55.4077706244566,3.06227094141923,3.20818170240413
92.156862745098,-56.7629789875809,-56.5753862891717,3.28699140441152,2.81662257717424
93.1372549019608,-57.5123516300393,-59.5859565030028,2.87579483699087,4.2555760144574
94.1176470588235,-59.0893880179711,-61.016243449639,3.61950831386336,4.26228591426395
95.0980392156863,-63.3078313731271,-62.7335454037507,3.69002205673196,4.32586297077864
96.078431372549,-62.4523722939074,-65.1393408105192,4.1748901384394,4.84957053639689
97.0588235294118,-63.3097721222546,-65.8173444863268,5.85671703525271,5.78069131460433
98.0392156862745,-63.0717476267413,-64.7749527241108,6.79698793044834,6.08513232370138
99.0196078431373,-64.3764172353151,-65.8198970305229,5.6807736737035,6.20477771113066
0,-64.8586631008266,-69.1818310222693,7.21045851554147,9.57852095755317
1,-61.4791596497496,-66.0335469376011,9.46919808199995,8.01919076696318
2,-63.6644638124352,-66.3759550915281,9.03934565628041,7.72965355448396
3,-61.8392319752184,-63.9343899469394,9.97232457719405,8.68730109993248
4,-60.2983082941805,-58.9914576924942,11.2935289862936,11.0550074789927
5,-58.3050929228352,-59.6144222607876,14.9359723450659,16.3561513862853
6,-54.4147192536078,-56.868646446254,18.5910855594205,18.4690011165
7,-54.6697333947675,-55.6716155798379,19.6268222803844,21.6050490634688
8,-52.4935956814193,-54.6249594089355,22.9164116007602,21.0279731104043
9,-49.7643807833444,-53.2844953171926,24.3256596240073,20.5526813814919
10,-48.3527704471451,-49.9854391190551,25.1955024505252,21.2784467220634
11,-45.3122009609179,-50.7814015053573,27.4904995962184,21.445807397081
12,-43.9206204438661,-47.8711482128691,29.0677295896095,24.0324710184885
13,-39.9748901547644,-45.1164919469202,31.3397767237631,27.5240673415045
14,-39.1265834054249,-42.0838888222111,32.8547183269319,30.0739598471829
15,-35.7691946038838,-40.7568262345701,35.3694591201155,33.2480950187904
16,-33.9776736811907,-38.7838809492259,35.6637766140962,34.5244856932128
17,-32.7782387668669,-35.9264281714881,36.4398090435395,36.7813098755115
18,-29.1016075065978,-33.4248942536468,37.1748426827712,37.5545988266447
19,-28.3952601306578,-30.8180404022951,37.2054138365346,37.5418520192709
20,-24.3440310824239,-27.8403110577143,37.5127088124873,38.8661499288691
21,-21.3972691118291,-27.2673358716876,36.8421342330117,39.5068073790802
22,-17.668082391662,-22.0411220725418,36.0695691592189,40.5257107849286
23,-15.0957329026693,-19.2892184656908,35.7880491751058,40.1549781753127
24,-14.8837297144557,-18.1892584297521,34.7925988224704,40.5053331580543
25,-9.46672254044134,-13.3251208271047,33.2875018964284,39.7480461110455
26,-8.82298553598386,-13.3766715993319,32.273880567069,39.2722261539903
27,-4.57286176253278,-8.29557448374955,29.8795650049545,38.9723946911851
28,0.95165804028589,-5.55272308075003,28.9944242894732,36.101948999431
29,3.12609460846352,-1.99361804958222,27.110630882958,36.0979537192695
30,6.25501335714208,2.26200246994343,25.0333877521324,33.6051510442334
31,5.44675067297465,3.52259419031005,24.8720572199364,31.0518126531396
32,12.7786884804463,5.8370020422734,23.4715641396518,28.6861575509877
33,13.3561417781731,8.45955559194925,20.1387375785111,26.0295259618474
34,15.7671493209193,14.3471181253782,19.6622581541895,23.0277011064974
35,20.6882127954517,17.0045299901814,17.3774058130542,21.404140226029
36,21.5694092859038,18.7629709344581,14.4324256123663,18.8163943154113
37,24.5450167703897,22.7654609394689,11.9131507266845,16.4647304913066
38,28.5865360129219,25.371132471208,8.27342833783318,14.2958655647678
39,30.8370299150557,30.4467277044593,5.70321924817817,9.96395547932264
40,30.1596679713624,31.4608930287105,2.88937051182339,6.99040346387385
41,33.2899457941826,33.5949414703205,2.09951400692606,3.48531787962535
42,34.7875726231881,34.6329432337358,1.98629615596292,0.200584737403571
43,35.9622228650773,34.4399143211821,0.389095570937088,0.732639188173779
44,38.3270520512621,36.9426249285408,-1.74924081872992,0.395946910973144
45,40.622790793788,39.6150581508512,-3.63983708734341,-2.60830691536733
46,41.5187802620001,42.8036139606578,-3.36413960961525,-2.58670415589634
47,40.6360391775764,42.8297087643748,-2.85189825509955,-1.28862854476634
48,39.7698255143937,41.6714222772696,-1.50445991995303,-2.43484315550759
49,40.6346155845276,43.5354609297926,-1.02176317670088,-0.896088826075722
50,41.8599060565974,43.6867113904728,-0.597933334731472,-0.723441636852936
51,43.4971623872214,43.4094101630387,0.170805719596261,-0.482540321976237
52,38.6516536561665,41.9078547866508,-1.31396297968484,-0.674074024662719
53,38.7038600391418,39.7307406851839,-0.597885181373172,-1.48416866646781
54,38.9801274649448,38.6829267848746,-1.00053084554621,-2.98153070909797
55,36.6089728421301,36.0147283644642,-1.47378096014361,-1.66541698260146
56,33.1090449581535,35.6880553385136,-1.40018150902953,-1.65421502470219
57,33.5467991384393,32.3935016720115,-1.23873280156232,-1.23558111174304
58,30.9471866413996,31.1333563101906,-0.437428345042721,-1.12935612212942
59,28.494202832019,30.1421040459161,-0.0451407382469657,-0.620662566680987
60,24.7185730483437,28.5230634251106,-0.0396817841023461,-0.813879563406668
61,22.5138168439631,25.4573784090079,-0.497712069491457,-0.845909940343089
62,21.6943652501394,24.6126088640988,0.00563333988187459,-1.12078217297624
63,18.6910780818437,19.1831376595907,-0.759735415157668,-1.42916385936748
64,16.6573754661785,18.7879891750637,-0.598045304536407,-1.07237022133111
65,14.48544101802,18.3265967940434,-0.648607867062637,-0.197950918126443
66,10.4673816264904,15.1398688162456,-0.909540629497453,-0.634079749824285
67,9.24191296905968,11.7189247290833,-0.632334649895717,-0.754320855642392
68,4.06259549382886,8.39345860651677,-0.485378076024123,-0.390162602138472
69,3.14822723895074,7.48056170153419,-0.960290314135324,-1.31829950070786
70,2.06499158764071,5.29486490290154,-1.17651901577198,-1.3016040672689
71,-1.48171362285786,2.13683285442546,-1.18664246394087,-0.34038913221895
72,-4.00717403865272,0.481411565764099,-1.21881810090907,-1.30642038095019
73,-4.33977314108385,-3.0359864308778,-1.02327254464392,-0.652726834689728
74,-8.80744874570521,-4.02354160493306,-2.16654762381973,-1.79622065889149
75,-9.29377471277534,-6.52470780395783,-2.0398722568125,-1.06556950790069
76,-13.6561581804303,-9.85151995472379,-0.612260386831138,-1.07125279657075
77,-16.1154289526979,-12.696209134637,-1.07403156698014,-1.53283534453067
78,-16.6678320166133,-14.8556507025439,-2.10021500133051,-1.48695009924037
79,-21.065278573351,-18.5808915963057,-1.30800944586837,-2.33605859918551
80,-23.0387550555561,-19.6942412465045,-0.752063317159647,-2.08132361397934
81,-23.6069111247301,-24.1675339111094,-1.10262404128521,-2.72588511724663
82,-27.5875331630119,-27.2543922600299,-1.68439659284657,-1.96121133350721
83,-31.6550160933717,-28.0835478964637,-0.519795414313149,-1.02720390116501
84,-33.5750579715892,-33.1841647329699,-0.560437335215441,-0.606313892422409
85,-36.9288917800148,-33.9491011650868,0.225827776025807,-0.0711663400706481
86,-39.9047139381745,-38.9313921835087,1.06347531466019,0.314548341928553
87,-42.7965979712387,-42.9841224419189,1.71589100114106,1.1795314898958
88,-43.4404761783931,-44.8030298939763,1.22301223765248,2.18002193413002
89,-48.4341649026197,-50.5751607194856,0.93417888503596,1.8084048295069
90,-49.4149568771742,-50.5635594046632,2.2133579776533,3.40930425794006
91,-53.3725548866282,-54.1957539445801,2.33000310599242,3.00393718342046
92,-54.5484287755219,-54.8461794201966,2.83394720643088,3.76712759729528
93,-56.3903172518532,-59.8607202951919,3.06102563917169,3.92413990695622
94,-57.5971230116476,-59.7394475967507,3.56117554004545,5.83829903510324
95,-60.4457142808595,-62.5806098211394,4.05487789800804,5.00661621599574
96,-61.9527293361841,-63.6682163012429,5.12457383004796,6.034012113988
97,-61.7315826396756,-63.8972541590628,6.27410575383017,7.91778254264671
98,-64.3510385243099,-66.1781676455314,5.9504929377766,7.98506430108676
99,-63.1902229126648,-66.4316232183146,7.26585422777935,6.94645433195747
0,-58.8235334260754,-61.6849241625953,7.35119401287019,6.51870336579809
0.961538461538462,-59.4042774196197,-58.1075531165938,7.59839498800809,6.11501835418399
1.92307692307692,-59.5891532414512,-59.8307807997499,6.93438469161233,5.35658744671866
2.88461538461538,-59.6852280879911,-56.3208265326817,6.81026976394956,6.16220896661027
3.84615384615385,-57.9469980426697,-56.7801297183153,8.65352062029096,7.17615868864935
4.80769230769231,-55.0278045188009,-54.0222288220473,11.7130221906307,10.5062005467863
5.76923076923077,-52.9791377438819,-52.1273390541736,15.3923019111599,14.6781236629529
6.73076923076923,-51.4687740388975,-50.7208576005686,19.5186309881934,19.3269312117427
7.69230769230769,-48.1093600443822,-49.7149136592967,23.4928260198324,21.2345392382598
8.65384615384615,-48.5474779910333,-47.41028727302,24.7379629911411,23.1263839160528
9.61538461538461,-45.1602916696749,-47.6179290257804,26.6902377352713,25.3431424711692
10.5769230769231,-46.8782811198936,-45.6828103247629,26.8163438345296,26.4711778167134
11.5384615384615,-42.9609145671407,-44.6937895771574,25.9669904363789,26.4250274559695
12.5,-40.6312991818633,-43.0452406372427,25.5366659024046,26.7922605219996
13.4615384615385,-40.5394633497414,-40.1780685035862,25.8903716507627,28.4082140965555
14.4230769230769,-37.8623746976443,-40.1432006356095,26.7508095030289,29.5259002989314
15.3846153846154,-35.8006979852438,-36.4144591022287,27.4529015287734,31.0326439437861
16.3461538461538,-33.8318613427758,-33.7315429107053,27.8953015481725,31.5155462843984
17.3076923076923,-29.4272908595377,-33.3489709483745,29.2414658811061,33.8709286252254
18.2692307692308,-30.0158906031075,-30.1368712477277,29.8714799301363,34.7459373678634
19.2307692307692,-27.5985598726339,-27.9902160936272,29.3280515667082,36.7155203734644
20.1923076923077,-25.4581253049515,-26.7961349175547,29.356553168186,37.1179682756956
21.1538461538462,-23.3305988068663,-22.6815044999203,30.6613915606856,38.0543543669222
22.1153846153846,-20.8484144264432,-20.7529899253868,30.1700325451782,37.9168504636734
23.0769230769231,-18.3220266620634,-17.2984515870637,30.6418569308169,38.8132094878304
24.0384615384615,-16.2041502666712,-15.3151558868142,29.8755643682329,37.6336194411812
25,-15.0010228680739,-10.5481786159047,29.3708702360379,36.9040054699183
25.9615384615385,-12.7822738221144,-8.46017617302617,29.8962179129316,35.6512249135941
26.9230769230769,-10.9534506032559,-6.83453217816085,27.9403382989742,33.546042310817
27.8846153846154,-8.0299448045003,-4.3073047360415,26.3396301302987,31.5747874532837
28.8461538461538,-4.68709561340656,-2.48755151823627,24.041257253408,29.0407176566757
29.8076923076923,-3.06370803576358,0.189352030946322,22.6428357459747,25.6073676636842
30.7692307692308,-1.39727686672006,3.27222120540367,20.9652622995533,22.9171564566264
31.7307692307692,3.39105157705211,6.41004953934847,18.4219337953585,20.5345686481665
32.6923076923077,5.68069793931665,8.25988611231948,17.118431286479,16.6993881867044
33.6538461538462,8.08296296006564,12.60976297254,14.2853313628566,15.9085683586211
34.6153846153846,11.7864801867439,15.301272913353,13.5356664156573,14.5343268104756
35.5769230769231,11.4827451460297,18.2639432896407,12.0754026184968,13.1007667917517
36.5384615384615,15.6924453079472,20.1915922306543,11.9130411772118,11.6608957301415
37.5,18.1476027248898,21.7574363588026,10.5967633188306,9.81135612726877
38.4615384615385,21.0393473456325,22.2415245991344,9.92243706018326,7.65999584420495
39.4230769230769,23.2608583227223,26.7850985154598,7.80374804331248,6.4781079061112
40.3846153846154,24.9818015443887,28.9124410790289,5.95436526083051,4.55403472683066
41.3461538461538,27.9514335114546,30.8828000750769,4.79417351349743,2.45748155983566
42.3076923076923,30.7415279084198,32.2530022326978,4.09813589144932,1.39657821213284
43.2692307692308,33.3084964207424,33.8664771642669,2.14258965762121,0.414462744354279
44.2307692307692,33.8813879099055,33.880718183908,1.49402583235138,-0.0358512428250269
45.1923076923077,35.4138434713792,38.2034328399757,0.114780878941489,0.0615486505758408
46.1538461538462,36.3559412649812,40.0105427241918,-1.41618978456975,-0.62255262275928
47.1153846153846,38.4610775784438,38.0662345721521,-3.37180214363674,-1.9831274913657
48.0769230769231,38.0804193644411,39.2357429840137,-4.0441241134721,-3.62624364459531
49.0384615384615,40.6991152180783,43.0855934659226,-4.05060540759052,-3.21830919714513
50,39.5322438227717,43.7637246617504,-4.70506438712772,-2.36282309865879
50.9615384615385,39.9510422279012,46.323716550577,-5.33990334001302,-6.45541514076114
51.9230769230769,39.3286600211887,45.6207297353374,-7.1491059523998,-6.68154691522206
52.8846153846154,40.1188540656192,45.0510312787623,-6.51069759254426,-7.30923994264389
53.8461538461538,38.0449717785981,42.7475672512458,-6.43990798845259,-5.94282926459598
54.8076923076923,36.8293932863783,42.8049867245392,-4.41961628529525,-5.35835064398114
55.7692307692308,37.0571971747953,42.5774654381688,-3.68653677271752,-4.07750756056945
56.7307692307692,35.0740397883759,39.2757966725709,-3.03482528171272,-4.13849315624237
57.6923076923077,33.6197350713489,38.9974952085104,-3.64111005053484,-3.91251273977218
58.6538461538462,30.6432956900802,38.5837423084344,-2.38964755774156,-4.18647291583152
59.6153846153846,28.4725692401058,37.5376694868435,-2.54950745553241,-4.00259503683507
60.5769230769231,24.9456799664937,36.1204604960112,-2.58371624839174,-4.33252934990342
61.5384615384615,24.760959024697,33.2118167163721,-1.86332467749674,-4.53106620857372
62.5,21.3825130494915,32.024770436511,-2.06878018932808,-5.37408091334416
63.4615384615385,19.5853336693996,30.258518910704,-1.63932247299793,-4.01945209718462
64.4230769230769,19.1317765539569,28.879628840046,-2.3422670372606,-3.9343031871765
65.3846153846154,17.1822723764706,23.6951719986163,-2.32975166120145,-3.00083775047955
66.3461538461539,13.1506147991969,19.2377296521442,-2.08994372203371,-3.3309501516836
67.3076923076923,11.5948793468094,20.2755312858868,-2.67149282722792,-4.60849856925794
68.2692307692308,10.8117478406368,16.0609474238335,-2.61406178561418,-2.99862257501804
69.2307692307692,5.76630294308353,14.4398994668828,-2.40013134192008,-2.77918650618826
70.1923076923077,4.91649596665893,12.6186349786623,-3.06609944008451,-2.88108611436506
71.1538461538462,2.78683735692249,8.01541670773658,-3.24216001006983,-2.39228725522046
72.1153846153846,-1.54983537664014,6.07145331106364,-3.64829304191182,-1.40036415444248
73.0769230769231,-2.72555332521154,3.43103158232014,-3.66398648840812,-2.63295139919957
74.0384615384615,-5.33326754965751,-0.604727183817266,-3.82786323992683,-2.6545787038114
75,-9.2754547390474,-2.91020518826305,-3.63479931849739,-3.20799220530655
75.9615384615385,-9.42456304475183,-4.71259042317073,-3.75659885889535,-1.78032199819012
76.9230769230769,-13.0426177592772,-8.72423903457409,-2.25436908171719,-2.87310145898475
77.8846153846154,-15.112443126943,-9.89373309190479,-3.51669814140021,-3.72491098456218
78.8461538461539,-17.2182187622872,-13.125613195302,-2.49784484475008,-3.50459354321072
79.8076923076923,-18.9702508897806,-16.6573294396787,-2.72046349396667,-2.61327192869154
80.7692307692308,-23.17376515247,-18.7636756650374,-3.15632161407232,-2.59638394286229
81.7307692307692,-25.1155295677136,-21.2482108896113,-2.91997579203452,-2.53499004278671
82.6923076923077,-29.5729627629505,-24.835764447544,-3.14696445546698,-2.34804054323262
83.6538461538462,-30.2712367443371,-27.2970528375209,-3.08136112993074,-2.6473128732482
84.6153846153846,-30.4380983552715,-31.6178085188868,-3.3057910374388,-1.93937917201095
85.5769230769231,-34.8303500104156,-33.249980748635,-2.1232472557197,-1.40511428670204
86.5384615384615,-36.9109339019339,-36.9224962658491,-1.24885964085534,-0.926386948673119
87.5,-40.7139981624831,-40.2277271141813,-0.443439212079912,-0.410508435967419
88.4615384615385,-41.6996383571364,-44.8788684900616,0.685222297095071,0.501430215316326
89.4230769230769,-45.3019555427113,-44.2123737407589,0.424414074973609,1.34954994469815
90.3846153846154,-48.9565377975779,-48.6162826773757,0.99712314797145,2.69359604757128
91.3461538461539,-51.0810570963293,-50.3116140387452,1.89939294180711,2.68759529765368
92.3076923076923,-53.6484315767878,-53.0944168480674,2.17513098027922,3.31398026391288
93.2692307692308,-54.1921610367651,-54.3121113688043,2.82187739644801,4.04569370048046
94.2307692307692,-54.4078425398147,-57.4569968649125,4.93558483016823,4.95408354589451
95.1923076923077,-56.4638121743264,-56.426480122483,4.88849340320671,5.10346725297309
96.1538461538462,-60.030727229728,-59.7905267199124,5.09799894204363,3.9808243648816
97.1153846153846,-57.0416933452211,-58.6799259204132,6.60211291924352,4.6890253607284
98.0769230769231,-59.4460682805513,-57.7420477127619,7.36894907964336,5.85497683485984
99.0384615384615,-58.5067124072778,-62.0441168057207,6.91652611620068,5.87309680423593
0,-64.2175021292355,-63.3250685476606,7.21312598793885,6.26951048834358
0.99009900990099,-64.9184922731137,-65.4391451897788,7.25872677822745,6.55828753128821
1.98019801980198,-66.1403409054508,-65.1949156629643,7.16471358006777,6.14607511830144
2.97029702970297,-64.2151566514401,-62.0602975172489,6.9996686443863,6.170588527342
3.96039603960396,-63.8432497304186,-60.739958659253,7.68334566982386,6.48379524129499
4.95049504950495,-59.2818483209156,-59.8695454456859,10.2597940674695,7.41142809317333
5.94059405940594,-57.5637860705018,-58.8277883032272,14.0855807739925,10.4503466977296
6.93069306930693,-53.369746351305,-55.574766137719,19.7105978505648,14.7119674946291
7.92079207920792,-56.7727231490178,-54.793043059259,24.1135667043878,17.9185851027406
8.91089108910891,-53.9659382452971,-53.9434267865704,28.9441746528467,21.9014915355991
9.9009900990099,-51.7001122938752,-50.2811586691228,31.2568459896035,24.7751588950192
10.8910891089109,-50.2418241397547,-49.8527666587059,32.692119903109,27.4153254443999
11.8811881188119,-45.538663539468,-47.0619216780816,35.3092529039522,29.441009011313
12.8712871287129,-47.1493406226373,-47.0948531699577,37.0468790252573,30.8669113763459
13.8613861386139,-42.2573497048241,-43.1284153188598,39.5672404337854,32.7862780754801
14.8514851485149,-40.3555218228605,-41.6724357888399,41.8767858977294,34.6264120385837
15.8415841584158,-38.9516771276454,-39.6901935128829,44.2614382031069,36.6302603456015
16.8316831683168,-36.7034737745791,-37.8096057259854,47.0922433751351,39.4625774270543
17.8217821782178,-33.8928742407046,-34.678822251764,49.4182811448297,41.7041173662955
18.8118811881188,-29.7420872633225,-31.8161063679424,51.3864016525028,43.9062451017848
19.8019801980198,-28.6913149762134,-30.7451120053758,52.0199642139776,44.9136960479707
20.7920792079208,-28.2624155890688,-28.0423462789018,53.6308164627358,45.6072377528029
21.7821782178218,-22.8241544129519,-26.2859609894089,54.1723515157208,46.6345196887893
22.7722772277228,-20.8914594008145,-22.6594601720166,53.0890566007768,46.2725485083228
23.7623762376238,-19.9993792292956,-19.7272976419769,51.4208632618037,44.6838607751653
24.7524752475248,-15.3220548249361,-17.8034425145937,50.72408763216,45.0214140447979
25.7425742574257,-14.1106733075808,-13.164849441968,48.6493111762222,42.3073479001202
26.7326732673267,-11.3151677205155,-13.0277956011579,46.1408366001873,39.9251940795827
27.7227722772277,-9.35189924048503,-8.54100941690808,43.2815406473866,38.0681083829791
28.7128712871287,-6.5339316591438,-6.58995653673453,40.1716330984289,35.737903487211
29.7029702970297,-2.43563162861992,-2.13016744659964,36.7262550232787,34.4994788759395
30.6930693069307,1.23422987173885,-2.23792396536436,31.660634321406,32.0270601739217
31.6831683168317,1.89431791082361,3.41376517977775,28.6682789564509,30.6101783956187
32.6732673267327,7.6926039376685,7.72540848000618,25.45369067583,27.1796901551133
33.6633663366337,8.22003778999895,9.06957983124649,22.3775043465778,24.1990311575647
34.6534653465347,14.2677664684768,11.3649965574028,18.106287957323,19.9134107914821
35.6435643564356,17.7608167311679,15.0300874467374,15.9151020166258,15.3931140924177
36.6336633663366,18.3047593521795,19.4664043966544,10.9148149072969,10.9980456188312
37.6237623762376,20.0440323621965,22.0277647783884,6.92524119125419,7.56449123133711
38.6138613861386,24.2356892739003,24.3716985163101,5.46314211402196,5.16490976468988
39.6039603960396,27.7097378642975,28.1637507715921,4.22593033171828,2.72670953957886
40.5940594059406,27.6487342586033,30.9039769860358,1.13636059744571,1.779091080339
41.5841584158416,30.6053776151947,30.9322875536985,1.90254996615425,2.25481982552826
42.5742574257426,33.4978661686673,32.7916637763977,0.963512501969969,3.09453559463298
43.5643564356436,35.8009519595655,35.7827782730031,-2.31108719711058,1.10467532748696
44.5544554455446,37.4429043491842,37.2351660144213,-3.4987381445363,-1.5349532880878
45.5445544554455,39.9966096849726,40.5631722513187,-4.16482426431429,-1.52070852245024
46.5346534653465,41.8191602841994,44.059297356357,-3.19499516201291,-1.4667291772299
47.5247524752475,42.1990768353491,44.6480655484463,-0.642276668010917,-5.21212246142007
48.5148514851485,41.7797509274799,46.2221706182244,-1.8548548736502,-4.28496279607164
49.5049504950495,43.1707094717854,46.5126004702341,-1.98244452012114,-3.03170757614626
50.4950495049505,40.3853028965032,46.2946038741104,-2.9304305410157,-2.65853314882769
51.4851485148515,39.6842963532602,44.6709400311388,-1.83366177819435,-2.83358877920062
52.4752475247525,38.8390338092499,46.4176453244118,-3.03042507544531,-2.34373467168115
53.4653465346535,40.2377640036952,44.5708733166617,-1.38879046912808,-2.39390949340054
54.4554455445545,34.6456975657942,44.244965075528,-1.72782033550169,-2.86561990771463
55.4455445544554,34.0423311983389,42.2514181270519,-1.10770914417147,-1.86164914702251
56.4356435643564,32.5775573439528,41.706966045512,-0.867228480727382,-0.800984487032183
57.4257425742574,29.7417049494729,41.3279592336389,-1.33170462553416,-1.0547013269947
58.4158415841584,26.9676544389282,39.7015580382975,-1.19372370049191,-1.73393712135638
59.4059405940594,25.7933660196664,35.1954429406045,-2.73727778071885,-1.41937590712791
60.3960396039604,25.3520059073966,32.7595358959136,-2.75029733927388,-1.41946871256579
61.3861386138614,24.0319368573652,31.3754627318163,-2.24596085125462,-1.58185234994576
62.3762376237624,22.8354995574353,29.7277970728445,-1.24222746897863,-2.34448167318242
63.3663366336634,21.8486784933168,28.0970556025303,-1.9453999219632,-2.50573487635632
64.3564356435644,16.981906817669,24.5279698820254,-1.5406719217319,-1.33576688546979
65.3465346534653,15.9995204233017,23.8075622464838,-1.42335222264249,-1.07051059399478
66.3366336633663,11.2431250965666,19.7206329800924,-2.31596597642805,-1.53284356551446
67.3267326732673,8.17257032583336,18.1627763688487,-1.0013793466367,-1.44866970888109
68.3168316831683,9.48253822664471,17.1297451770651,-2.18716192705774,-0.319112647445325
69.3069306930693,7.94331068123104,12.5261320263692,-0.843808988943224,-1.51375898758605
70.2970297029703,4.53704043172016,10.9716337126132,-1.35940625926191,-1.20396986137329
71.2871287128713,1.05709769137585,8.3220586441649,-1.05691630404195,-2.06472752036524
72.2772277227723,-1.7827096812268,4.46661724016962,-1.96065012553823,-1.17643796682132
73.2673267326733,-2.7639961241141,2.81585174870912,-1.4156135751261,-1.61866888437455
74.2574257425743,-6.10926346866785,0.51823481172211,-1.15446785291057,-1.98859636535616
75.2475247524752,-8.04141212340257,-1.66014820956649,-1.64628342740251,-1.6827890945333
76.2376237623762,-11.9380512264324,-4.64064446066559,-1.70560038801138,-0.817576185619693
77.2277227722772,-14.5959973524997,-7.82303124382905,-1.08208096039904,-0.911315821781626
78.2178217821782,-16.2504550691525,-12.909397367884,-2.47521716264137,-0.107533776737118
79.2079207920792,-19.3749459015596,-14.5037676055117,-1.63678560035862,-1.78566027426058
80.1980198019802,-22.7405337103964,-18.4307593743233,-0.941147504182183,-1.51522453430596
81.1881188118812,-25.3461632105647,-19.3629264196847,-0.34218816792427,-1.23683761422003
82.1782178217822,-25.8280759711686,-21.8041163453687,-0.995652446168626,-0.268164363555834
83.1683168316832,-30.0771663520172,-26.4191720442238,-0.174001181258514,0.196680114042128
84.1584158415842,-31.2094984185205,-27.3207706981442,-0.420399720817747,-0.366203698365304
85.1485148514851,-32.4490224140863,-30.5133301187034,-0.150184824970316,0.209660330045161
86.1386138613861,-37.1638226777146,-34.7006695729889,-0.362770698511594,1.57583922433002
87.1287128712871,-39.5085702659218,-41.9682381299272,0.729559902186563,0.787635516547842
88.1188118811881,-44.293132839913,-45.7223556559032,0.928588155420139,-0.406822472912302
89.1089108910891,-48.2494191331233,-50.2266139181254,1.98817621021122,1.62189636164986
90.0990099009901,-54.7815458364566,-52.9308354219048,1.89318523960885,3.23609223814878
91.0891089108911,-55.0412607997334,-55.3278104679005,2.17725967491107,4.66552484658556
92.0792079207921,-55.7127528896364,-54.9318108614249,3.49076412386219,4.75584967668519
93.0693069306931,-58.618335895839,-57.8299306657223,4.68065575675509,4.52958482810614
94.0594059405941,-60.3521858875384,-58.8344576511811,3.37361850647006,3.80497206883963
95.049504950495,-63.0322688450364,-61.5651104039561,4.84862885745042,5.30197972081236
96.039603960396,-62.8108933354548,-63.5426876107937,5.05678265657526,4.74584347829083
97.029702970297,-63.9851968146647,-62.3068085372221,5.00233349274644,4.72899127724138
98.019801980198,-65.5337488682825,-63.889211224483,6.15080861849189,5.43929943331663
99.009900990099,-65.5694137780166,-63.7402896495657,6.00233029274049,4.72388913866823
0,-63.0273699619054,-64.8862997320123,8.25005836292124,9.43789045542685
0.980392156862745,-63.8769971000875,-66.0401561127685,8.31986002572393,9.80432696495675
1.96078431372549,-62.1919787722766,-64.6876967151081,11.0385497212018,12.4078833028205
2.94117647058824,-60.9235228036174,-63.1047395100711,10.1718173938317,10.830753046301
3.92156862745098,-60.29772776364,-60.7343505670841,10.169610563128,12.9260213582394
4.90196078431372,-57.238203023528,-57.5361081860678,13.8745394216301,15.9949432290219
5.88235294117647,-56.0799717866762,-56.3901867498468,18.4547788317869,19.0687077638824
6.86274509803922,-52.5033537085989,-56.4573865582781,22.772736516862,21.1082731181309
7.84313725490196,-49.4189406667494,-54.7843819788461,26.7675372140098,23.176195861835
8.8235294117647,-49.5575523406644,-52.8375802955582,29.1444402164821,23.4720929672736
9.80392156862745,-47.3656060845871,-52.0532608759956,29.4142128748567,23.6813572189797
10.7843137254902,-43.5950079977478,-49.7621474531586,31.3744775605172,26.8185251930074
11.7647058823529,-44.9241855308027,-47.2581017644221,32.5347101258099,29.1152464094647
12.7450980392157,-40.2490916836112,-44.7897196674208,34.1441700964474,30.4059539230126
13.7254901960784,-38.972712104338,-42.6132204492406,36.5811513806408,33.324110624795
14.7058823529412,-36.0300203830406,-41.7282958625174,38.0919005172925,35.5069478316904
15.6862745098039,-35.3580738777182,-40.9174625538395,41.1863585914534,36.8146391317494
16.6666666666667,-32.4013179865827,-36.852577081298,41.4055946074891,37.347825063887
17.6470588235294,-29.857093246339,-33.796786342507,41.3826401397549,37.8297279766559
18.6274509803922,-27.3847189561289,-32.6309328172679,43.4835574899543,37.155562233088
19.6078431372549,-25.2128422180599,-29.381243317289,43.0177002993304,38.2857690395212
20.5882352941176,-21.4427029586144,-28.7845285001686,42.1352538453818,39.0052349185043
21.5686274509804,-18.7996122742334,-24.4404248959929,42.2208516097198,39.2144008690719
22.5490196078431,-16.4660973343522,-21.3852051273193,41.532118089071,39.8009062861302
23.5294117647059,-12.8062889057772,-20.5051034717188,41.6943604790803,40.0680784501831
24.5098039215686,-10.1914875907822,-15.7949213114421,40.3822914353013,40.1472258355928
25.4901960784314,-10.5550403619143,-13.6256370172747,41.0558137524383,39.8552624505785
26.4705882352941,-5.96145896875349,-9.79562857713955,38.8284745059161,40.5206607644095
27.4509803921569,-3.61907274444168,-9.30130068854189,37.0250041203743,39.2254696944917
28.4313725490196,0.446848009971122,-5.76709091897239,34.0880127685687,36.2783794472922
29.4117647058824,1.00941916891734,-3.31189603566445,30.9527098639237,35.2516334849065
30.3921568627451,5.50502116254393,0.177749790363206,28.5047930490469,31.3246220901721
31.3725490196078,7.35804134654226,4.56535503742747,26.1379874832301,30.330184077326
32.3529411764706,10.7623188326771,3.9296893652724,24.5711274983931,28.1606834810394
33.3333333333333,14.082757110266,9.65023711968943,21.9043457863899,25.4313319739159
34.3137254901961,17.0656459066351,11.2419768987835,20.1292423553493,22.3393899784537
35.2941176470588,20.6987804484377,14.4478305132441,17.4823732821868,19.4430091279999
36.2745098039216,21.7782335940742,18.2396997618253,15.1749672801526,16.4285503770335
37.2549019607843,26.0893570601725,21.8387075690355,12.3839606298259,14.2728459277068
38.2352941176471,28.0041162093712,25.2244299896022,7.87571585053297,11.8023798901666
39.2156862745098,28.7271073637494,24.5956030763617,6.47782634943241,9.49540548780855
40.1960784313725,30.7936009085936,27.3884446930036,3.71395302065659,6.4767497312478
41.1764705882353,32.5728260929563,30.0999621775846,2.83417534551638,3.48950193486772
42.156862745098,33.2605352799395,33.5284222227536,1.33326054990134,1.96534702964257
43.1372549019608,33.5043002805731,33.0964657748031,-0.563532925676679,0.131925149966065
44.1176470588235,36.3479909216019,35.4031210405043,-1.52207783203776,1.03202854222722
45.0980392156863,39.5620031041958,36.4707942378097,-2.24481433800976,0.570486676383579
46.078431372549,40.1251670889576,39.6603069948794,-3.05099746996136,-0.952015122340951
47.0588235294118,41.6411311200455,40.7106851295302,-3.08038699591974,-2.79765083910388
48.0392156862745,41.2284405835303,43.2481172016583,-2.40821746086054,-2.74908149962747
49.0196078431373,43.1830468033164,40.7540764307636,-3.56061156598186,-2.43074648792061
50,42.6031474488469,41.6964109637543,-2.09180878511429,-1.66011592703931
50.9803921568627,40.7949200203124,42.256247010773,-1.81991135376468,-3.20143249953819
51.9607843137255,43.0857876608363,42.9298698151953,-0.614701698608807,-2.67778961024027
52.9411764705882,40.3316209366957,41.3345051906725,-1.24074263320539,-3.67444064539437
53.921568627451,39.4844194076612,40.7479500810477,-1.02574909189869,-1.91749892219619
54.9019607843137,38.6483367404244,39.9353133536876,-0.850109177337333,-1.29317921077061
55.8823529411765,35.506135640243,37.5273634633286,-0.962915125967469,-1.37865814714047
56.8627450980392,34.3780178273111,37.1259983681285,-0.684212356082931,-1.73532482401734
57.843137254902,35.7214245121198,33.2522991288232,-0.754692333108264,-0.677630864244032
58.8235294117647,32.2595742994911,35.4700605027367,-0.710119286839827,-1.24301187390478
59.8039215686275,30.616482219898,33.1785782904746,-1.30238513233341,-1.65824062607825
60.7843137254902,27.6710255392613,31.9542232490427,-0.771023147353153,-1.67365491691892
61.7647058823529,24.2110132792425,26.9330476956369,-1.82156474227205,-1.48753324150396
62.7450980392157,22.091447496405,27.2445658941074,-1.37209381516543,-1.91700673408024
63.7254901960784,21.3923967341122,25.2849221404817,-0.466011817799868,-1.42811833896111
64.7058823529412,18.6622746795336,20.777744058195,-1.50040640320694,-2.24563950536825
65.6862745098039,13.8406356914784,18.7541913306354,-1.41528039959494,-1.84258909154216
66.6666666666667,12.4753489899382,15.3805868944695,-1.82109786812188,-0.881859169246275
67.6470588235294,9.93149546027045,11.6418981126821,-1.23518711813195,-1.81908263570353
68.6274509803922,6.88114383533947,11.7190677624663,-1.42963896230981,-2.51444000445437
69.6078431372549,4.81884774227131,7.79515994552691,-2.5036817468537,-1.00413735946952
70.5882352941176,3.19737710061979,6.65661547925746,-2.11088756301301,-1.50033594288658
71.5686274509804,1.90816903445395,4.1656085884261,-1.12861290438435,-1.78763276632589
72.5490196078431,-4.47673650012829,-1.24938450698503,0.404595811361794,-1.37157183298611
73.5294117647059,-5.61001640442244,-1.23057507385305,-1.64441668382138,-1.66428655252746
74.5098039215686,-7.95570191084731,-5.79180489948939,-1.0689042276703,-2.04329426697577
75.4901960784314,-12.0373649701491,-6.63734593157021,-1.65807841991452,-1.77523658285666
76.4705882352941,-12.504129066918,-9.68460996248205,-2.17960842786277,-1.06361601837228
77.4509803921569,-14.6974464543309,-12.2926331116522,-1.28379583561188,-0.990900687844153
78.4313725490196,-19.0476477146701,-14.5847237798409,-0.667427390200507,-2.37909834471711
79.4117647058823,-22.1860818246324,-16.6872076973788,-0.90922640371726,-1.94213488181673
80.3921568627451,-22.9232647123568,-19.8027870958585,-0.137567042374499,-2.01216450030949
81.3725490196078,-27.3540703408633,-23.3949922076028,-2.94342769755139,-2.34991424071573
82.3529411764706,-29.4501505959591,-25.4919126219478,-1.85758298624741,-2.11587984468079
83.3333333333333,-31.8296063936975,-28.9214156405619,-1.99897604867006,-1.18853235509153
84.3137254901961,-34.9799836629095,-33.6080581047299,-1.23985235599725,0.124003851513278
85.2941176470588,-37.6380018092446,-36.4735877067573,-0.592229640398334,0.149670363019033
86.2745098039216,-38.8362317376255,-39.4393411722282,0.798894563539812,0.645906864063047
87.2549019607843,-45.0359891672812,-42.8271842835166,0.941657897925868,2.03317652592587
88.2352941176471,-46.9583439894012,-47.0800467919295,2.2374828779586,2.59462318696336
89.2156862745098,-49.7558440098029,-50.4918417816619,2.30800552362234,3.5978427505733
90.1960784313725,-52.084250084276,-51.7969074137243,3.53121095401026,3.1016848665076
91.1764705882353,-55.5877796421459,-55.3654889970021,3.76339085251539,3.41092851349853
92.156862745098,-56.8356052564206,-56.4869930988914,3.53010605360104,3.92629104013168
93.1372549019608,-59.372170797334,-56.4405180502599,3.52815298468952,4.37433112175052
94.1176470588235,-60.2657071578289,-59.6137280571175,3.43751601193126,5.36986745239865
95.0980392156863,-60.9432017552044,-60.3743333951421,5.6341292989329,5.54052144426237
96.078431372549,-63.2012218975084,-62.0196642769247,6.09892288309302,6.41785021677814
97.0588235294118,-62.6239202887862,-64.7577453095934,7.34769651619312,6.8266174537678
98.0392156862745,-66.6290733009334,-65.7738329133754,6.73874626573201,7.79021557791316
99.0196078431373,-63.8774981899416,-66.7326292876374,5.91094398591315,8.98726513112112
0,-60.4089418471883,-61.4798590201459,8.05892308917374,7.75084265226458
0.980392156862745,-60.0981865313611,-59.9299449574217,7.51841367058979,5.30506535062633
1.96078431372549,-60.398561873486,-59.512987834666,9.03179445000838,4.53007141003226
2.94117647058824,-60.1652790859607,-56.7750183365077,9.15294420903638,5.06057524051364
3.92156862745098,-57.9730336740447,-55.6226317128259,9.21908279003866,7.13902429641588
4.90196078431372,-57.2897456072759,-54.5100903885548,9.98037166282345,8.65810092304889
5.88235294117647,-56.560887835534,-51.1011110543975,12.0032185355552,11.3699333038672
6.86274509803922,-55.2863450786916,-50.9256120648544,15.7258862280896,13.7929790082655
7.84313725490196,-52.074442627508,-49.6918246417621,19.5348440099162,14.1186369028323
8.8235294117647,-51.4473647433532,-46.8463033088661,22.6668205723012,15.4675674280529
9.80392156862745,-48.7887282077254,-46.9992608219157,23.7930377633727,16.9576789060661
10.7843137254902,-47.353590988412,-45.5405407356812,24.6067720025909,19.0120853294505
11.7647058823529,-44.8260926622895,-43.9827750025774,23.7604823648703,21.4035040183193
12.7450980392157,-43.9125788505685,-40.4898893062274,23.7506068282766,22.0163920746654
13.7254901960784,-42.0960025732557,-39.0165236677903,24.8657187383464,23.0030406210569
14.7058823529412,-41.833156881167,-38.5139555740093,26.026706143164,22.059663774302
15.6862745098039,-40.0169265726887,-35.7890085198535,26.7112003825535,22.4932990923823
16.6666666666667,-38.0849368354027,-33.6129384945252,26.5176533991575,23.2526164646094
17.6470588235294,-34.3027717880452,-31.199737880424,27.9641818682788,24.5685813186121
18.6274509803922,-34.3897958042413,-29.7288315310035,27.378116828937,25.6192268298392
19.6078431372549,-29.9197374479822,-25.9937887683929,27.3476061043493,25.9683358966231
20.5882352941176,-28.6115927093945,-25.7228585131979,27.7799398993963,27.407188620603
21.5686274509804,-24.6344471239211,-23.5282446448107,28.534460506825,27.8150680023065
22.5490196078431,-24.9826628249749,-21.9425885346784,29.7940525369794,27.5412793835575
23.5294117647059,-21.8722832923596,-19.6832512376899,29.4991592882169,28.6592485415938
24.5098039215686,-20.0124143225302,-16.1501054668907,28.7763412118931,29.3446707178878
25.4901960784314,-16.6375056845067,-12.5592323002283,28.8671231807816,28.78292496655
26.4705882352941,-15.9809642416755,-12.7625055863284,28.6613929998578,27.2035102810841
27.4509803921569,-13.1432148528549,-8.54366461521173,28.2476335658503,26.1629918402668
28.4313725490196,-12.0409703336863,-6.03401349863431,26.4590400772504,24.365695997174
29.4117647058824,-7.94765827743176,-3.24547483066768,24.8789447406296,22.9578217029608
30.3921568627451,-6.39267422674702,-0.726520979360422,22.4575940991097,21.8034695870129
31.3725490196078,-1.48672982666056,1.9104673967737,21.1945097179583,19.6785374702347
32.3529411764706,-0.90373306135373,3.72571333988665,19.1803033047231,19.2023321357058
33.3333333333333,2.48095310841966,6.17866948761372,16.8211947030266,18.254057633651
34.3137254901961,3.21382504630703,7.9335977332569,15.9816391586358,17.0979764484345
35.2941176470588,6.82822688062526,10.1990533756775,14.5864096258093,16.5396546724429
36.2745098039216,9.49283644114152,12.8110243713402,13.4177593450955,15.0073919184361
37.2549019607843,13.4024455521687,15.4254053772963,12.4882487071682,13.2111382155081
38.2352941176471,15.2585124341721,19.985972475896,11.4723033483882,11.8060871145363
39.2156862745098,17.056666100149,20.1283606564647,8.94598607741746,10.6014827106162
40.1960784313725,20.6270834748682,24.4211641531332,7.78567194835045,8.39196466040764
41.1764705882353,21.8198206182722,25.9487522416899,6.78389983401336,6.98677799666745
42.156862745098,22.8535805275544,30.4840151935168,4.58941463696311,4.81234143364287
43.1372549019608,26.5042992252737,29.0074751805067,3.41725261370001,3.69590976384034
44.1176470588235,28.9388254007719,32.8762012903063,2.20040737971772,1.41118411992489
45.0980392156863,30.7646309585777,34.4420206657557,0.887736715508911,1.63175752445282
46.078431372549,32.2809112137134,34.7538430529379,1.3473141362905,0.806178598585824
47.0588235294118,33.5635731997826,37.2247978156895,0.431149861003835,-0.661488439844662
48.0392156862745,35.9606533577041,36.2515078684246,-0.977030164837701,-1.13996431433994
49.0196078431373,36.4362463865804,38.4672333184349,-3.04857464229198,-2.50476619409744
50,37.8733787815426,39.4766355055412,-4.61559897774012,-4.61129670399477
50.9803921568627,39.2516523238558,42.6731371050254,-5.36160132081851,-4.55026852100563
51.9607843137255,39.684692247691,44.2386528293844,-5.56940397735232,-4.13537015824068
52.9411764705882,37.2765221907343,46.0033371439298,-4.25186712953051,-5.45341553193943
53.921568627451,36.7508269171192,46.5948912119683,-4.27364159605036,-4.17625063936203
54.9019607843137,35.04242922843,46.2586011026927,-4.98876149714175,-3.68547974672455
55.8823529411765,33.8974715727883,42.0062203236391,-5.84934501713503,-4.10206557492564
56.8627450980392,33.2635899146461,41.2016652165978,-5.06225325166117,-5.86363386900611
57.843137254902,34.5060506140053,39.2658514446307,-4.12100911721537,-5.283194461649
58.8235294117647,33.0274641853867,36.2045037109246,-2.50246914184699,-4.71264328271126
59.8039215686275,31.1217615817441,34.9983564131265,-2.36624367890247,-2.8094758471914
60.7843137254902,29.0952138017242,32.1122410609497,-3.01673885037377,-3.77891456122965
61.7647058823529,26.5877853685301,33.0025862705508,-2.53827913818985,-4.5813150023942
62.7450980392157,21.8348890836373,29.948853810975,-2.65249673944228,-3.78319066690464
63.7254901960784,19.316745041158,29.466592111064,-2.79855426072761,-4.57191871269615
64.7058823529412,16.8844863086659,26.3148582416915,-2.14053861995742,-4.48430893633527
65.6862745098039,14.6621982684506,23.9940395705866,-1.60826756830087,-4.15031450356108
66.6666666666667,13.5025996774293,22.2661843325505,-3.05555620539525,-3.22079146974874
67.6470588235294,11.8538339758896,18.5720668040672,-2.17742049018778,-2.77404270908287
68.6274509803922,9.47097001678743,18.0166217545505,-2.03749188621471,-3.1287951872455
69.6078431372549,7.75408356461378,15.1886133690829,-2.42192076678101,-2.51103392161364
70.5882352941176,5.40155997159488,12.6722524431121,-4.02307093585212,-2.52153821426407
71.5686274509804,1.60338414881268,8.41048914168888,-2.90785831628147,-2.63532857610112
72.5490196078431,0.769853311272365,7.35456381766935,-3.31020476756475,-1.99403980809543
73.5294117647059,-3.01302470204708,3.52889146298195,-3.39866702507122,-2.88110163566705
74.5098039215686,-7.20919853745362,-0.166207668569966,-4.26165581445907,-2.31703717287474
75.4901960784314,-7.99463164363015,-5.66308232241189,-1.66523783092753,-2.06181269490097
76.4705882352941,-9.18042185525194,-6.05381801481008,-3.14369525503531,-1.34736121000818
77.4509803921569,-11.988132917172,-8.98015755240595,-3.1629124283382,-2.45915053245495
78.4313725490196,-15.428263931352,-10.8964580769073,-3.15619676152276,-2.85210855371218
79.4117647058823,-17.0776671057955,-14.323162319408,-3.39662431177276,-2.29543463091105
80.3921568627451,-20.3857973171539,-15.5048072702725,-3.14677315237912,-3.46826827463546
81.3725490196078,-21.8113544526403,-19.1396633915266,-2.89585675892373,-3.64153281703788
82.3529411764706,-24.6564545838924,-23.0242840517062,-2.71607617090311,-2.33507899191341
83.3333333333333,-27.0285419917117,-24.8434748883091,-3.09526739196826,-2.8853592133415
84.3137254901961,-29.9894571715978,-29.2080060423485,-2.55709071519142,-2.05459339481745
85.2941176470588,-32.9566312403757,-29.9369087014481,-1.58206373427186,-1.39497094860902
86.2745098039216,-35.9944834803987,-35.4702634400941,-0.935384199139047,-0.64707513556722
87.2549019607843,-40.225866281321,-38.4231877436772,-0.141485990794732,0.149655008860031
88.2352941176471,-43.0389637676717,-40.5703828706989,1.10051241286299,-0.538956393580585
89.2156862745098,-45.8126928870989,-44.6368199383088,0.821887157918819,1.22505142890848
90.1960784313725,-49.4489841440454,-45.6295214793384,1.60049648109785,1.04985680498436
91.1764705882353,-50.9982442031074,-47.8794427800003,2.46254021492521,2.1306937103166
92.156862745098,-52.6367642757,-49.1461981029834,1.65584606775939,2.83081476074493
93.1372549019608,-53.034463836878,-52.307081319116,2.30479410520291,3.6691061968396
94.1176470588235,-54.4249358211871,-51.9293471624438,2.9172775759751,3.77189378307381
95.0980392156863,-56.1848162917162,-56.4210995124273,4.38512567061805,4.15865393978575
96.078431372549,-56.9596737660217,-57.1646948159326,6.28033181438832,4.64950914942866
97.0588235294118,-58.8800315957206,-59.826052857625,5.60343733346843,5.10777065850046
98.0392156862745,-59.3040392892182,-58.4916718670486,5.90348826783414,6.6607239695971
99.0196078431373,-58.9394839666386,-59.5338672570993,7.12624908367378,6.82875027554133
0,-64.4653889540953,-68.0059396155553,5.85513281264748,10.1158538668666
0.99009900990099,-66.5857031514887,-65.5237884114333,6.29796243087443,10.5140452229863
1.98019801980198,-65.231587770016,-66.9440392386994,7.49946419928945,10.3969341275397
2.97029702970297,-65.4523387897928,-65.6335696011491,7.34557950606581,12.1738392905176
3.96039603960396,-63.7167217305979,-61.6291285701542,7.52228990335883,16.3917677039088
4.95049504950495,-62.3129171281457,-62.9548916278268,6.60269394302977,17.7427854952163
5.94059405940594,-58.1438146160639,-60.4057529182525,6.93942765796991,21.2869407798237
6.93069306930693,-57.7293887738328,-59.5888814366488,9.56167185025707,24.2282471655667
7.92079207920792,-55.5151061498339,-54.9096301562152,14.1275296103474,24.2240571375125
8.91089108910891,-54.3583712911871,-52.6191795786433,17.8952608611946,24.8795965455787
9.9009900990099,-50.1568361679732,-51.9678548600318,20.7036116207825,27.4553152421196
10.8910891089109,-51.6367805587081,-50.2258878114844,25.016020526248,29.6895074219366
11.8811881188119,-49.0848067894545,-50.8616150665408,25.7093077367092,30.2778785322681
12.8712871287129,-46.4435174537843,-47.101933383428,26.8444600132116,31.7423183819434
13.8613861386139,-47.4544922630345,-46.1446415287447,28.7533417530928,31.6111732163206
14.8514851485149,-44.2539487276354,-44.4728391672531,30.5371918587882,32.5978355700059
15.8415841584158,-41.423844148261,-42.648645711908,31.5175869760695,33.0500051830481
16.8316831683168,-38.2413215948225,-38.8877638105307,33.1083722291865,34.4796381936727
17.8217821782178,-36.659215862966,-38.2325573793526,33.6933666805088,35.4905515599049
18.8118811881188,-37.4861348273928,-35.9630667695589,35.8093524853822,35.7335856099979
19.8019801980198,-33.950079689865,-32.9966399555962,36.2925845049002,36.180487946932
20.7920792079208,-31.4330902147015,-32.3030286508062,37.1749301614996,36.627418301433
21.7821782178218,-29.7405644715033,-28.4221662102172,37.5421767168611,37.2153295985721
22.7722772277228,-26.5541098546113,-26.0607122447212,37.8247328412682,36.3988537743374
23.7623762376238,-25.4931852772448,-25.1647060092801,38.0691982928843,37.4169274406368
24.7524752475248,-23.7611116677344,-23.2005230216627,37.781156496067,37.6484061204269
25.7425742574257,-21.4834773154806,-19.1582042588934,37.2728650798851,38.2414097752483
26.7326732673267,-20.2094187185129,-15.6252402591338,35.7079585078445,37.2142990169185
27.7227722772277,-17.2196278397049,-15.6050229257648,32.8875907247826,35.5150759790071
28.7128712871287,-15.6398885054636,-10.0748548198554,31.4536596403588,34.697155969863
29.7029702970297,-10.4486648671071,-7.12203473320993,29.9327332231178,34.3953506425471
30.6930693069307,-8.61084599350348,-5.88854071017697,28.9496694780794,33.485619746216
31.6831683168317,-5.75087620407842,-3.05495130516386,28.0196232948608,33.2619634462537
32.6732673267327,-1.50800448802557,0.877237549452725,28.1563328622649,30.7495862839606
33.6633663366337,1.32427278670513,3.51489790286767,25.6702689707048,26.8031550182626
34.6534653465347,4.86096398976084,6.69259416950139,24.6478733168199,23.3829127948179
35.6435643564356,5.98941936723388,7.89663333727635,23.0295528969609,20.1239794657109
36.6336633663366,8.02989725790901,12.9030646940292,20.5948443450131,16.2617135262296
37.6237623762376,12.5344998012483,14.6594353235328,19.2137062129081,11.879589491993
38.6138613861386,16.5552223996656,16.4506355999694,18.5312816606198,10.0627031120443
39.6039603960396,15.3185691731987,19.7460626905944,15.4019707176049,8.45770977049169
40.5940594059406,19.1675725314353,21.7134025068564,13.7596432704625,9.010540489981
41.5841584158416,23.4501514430746,25.9430152400818,12.1754436058546,9.03750806321606
42.5742574257426,24.7652619706128,29.7839523052759,10.9684287003451,8.80000008351946
43.5643564356436,27.5557920223439,30.7046328448527,8.07435535531637,7.81548224770275
44.5544554455446,28.9057595727132,33.2866522831781,6.86096416819629,6.39087620993279
45.5445544554455,32.4784217499897,34.2187139097907,4.02959837944056,4.8029862800694
46.5346534653465,35.3561545812218,36.1707071872691,2.06327759420943,3.21482312937473
47.5247524752475,35.0170951238822,39.923694522583,0.56045652110538,1.27199648553562
48.5148514851485,36.2185360279271,40.6530606242952,0.991020224431045,1.85618927331286
49.5049504950495,36.086973835643,42.8023455655894,0.936972938256007,0.137289929151602
50.4950495049505,36.6353506623829,44.4227350594654,2.32294163067106,0.383474114344376
51.4851485148515,37.9995005165257,45.0349232809664,2.02497353017681,-0.135537036091062
52.4752475247525,40.3743487039178,47.761127602507,3.30524524594844,0.847695371343873
53.4653465346535,43.9570720917997,47.7127113859962,2.30022356984305,-1.22917852830772
54.4554455445545,43.6951630649594,49.0452947298583,1.13626901159039,-2.15705101626288
55.4455445544554,46.4034791257474,49.9064591393723,1.19160547280671,-2.46245912344537
56.4356435643564,46.4867946561397,48.5101576828659,0.541941926599633,-2.77670189541727
57.4257425742574,45.5257072875539,51.0895409410161,-1.35420084776427,-3.94929689818071
58.4158415841584,45.1622399024733,51.8866282471609,-3.50108997771992,-4.47825628553535
59.4059405940594,44.9856550631198,51.5398279854163,-3.26752814521994,-5.44419919375943
60.3960396039604,45.5775819889391,50.8240578498183,-4.59722451258044,-5.18303464942206
61.3861386138614,42.3533401553943,48.1654987869889,-4.24114388697954,-3.95398949662567
62.3762376237624,42.3628808069309,46.7614480638108,-3.09209232316113,-4.81482278416254
63.3663366336634,40.7750656082649,46.5593221033143,-2.727671601652,-3.96273356484428
64.3564356435644,36.4408714743002,44.7483261986377,-1.49595806631837,-4.62734106652285
65.3465346534653,34.553502191355,41.4659084973303,-2.61600864797993,-5.77155863152023
66.3366336633663,33.1902389786633,41.7034939480399,-2.56501729404789,-5.3543320375839
67.3267326732673,30.5892849803733,36.6352125801905,-1.88811518072253,-5.20473823108387
68.3168316831683,26.7960409412184,32.8071169728134,-1.96516489431621,-5.36664635708264
69.3069306930693,22.4724515562877,30.7928645307566,-2.40288547026238,-4.28272439673247
70.2970297029703,20.5103594685015,26.8585123442016,-1.57164336277572,-4.26449741140158
71.2871287128713,16.8419179055642,24.6108895459851,-1.12307091669276,-4.00701602127889
72.2772277227723,13.5981859870204,19.9236384215734,-1.00625022597611,-3.72650018460648
73.2673267326733,11.6767236060133,15.9288706378779,-1.59738328079239,-3.9063139765239
74.2574257425743,7.79508166659182,10.7243028437462,-1.58398185380879,-4.08223963352068
75.2475247524752,2.17770124294015,9.41640630999124,-1.4247672290501,-2.81905385405707
76.2376237623762,0.0768338243547286,6.39307597801697,-2.08055162026586,-2.81656155858252
77.2277227722772,-3.08817475306498,2.04822846728077,-2.10961616294416,-2.75471141006198
78.2178217821782,-7.85753721900159,-1.9573854372429,-3.02978491881613,-3.10883799418803
79.2079207920792,-11.183615806766,-7.18402055730229,-1.90618521709989,-2.53253210221267
80.1980198019802,-15.292919925808,-11.3014197294112,-1.50832012006384,-2.18329742252164
81.1881188118812,-18.4328183719512,-13.8569601364402,-2.03305046466694,-1.14928455752369
82.1782178217822,-21.0756862101187,-19.2750800967637,-2.09537640675533,-0.34974924949217
83.1683168316832,-26.6445810784941,-21.0927694057925,-1.93199525704963,-0.422785032335232
84.1584158415842,-29.9735272594719,-25.7870886116245,-0.715756045244499,-0.669508953774335
85.1485148514851,-31.361407280605,-30.8602498820668,0.419291412628105,-0.552417758841183
86.1386138613861,-35.3043318707476,-34.8117704297465,-0.0195358212261344,-0.330038673075185
87.1287128712871,-37.8344662065646,-38.1265662622937,0.32126829628831,1.2598113895244
88.1188118811881,-43.5620161359866,-41.3875614731209,0.180090936331787,0.920799457723611
89.1089108910891,-45.4497945295786,-45.3812070044897,0.809923800971138,1.50513614088403
90.0990099009901,-49.3997971938934,-50.3468258694743,1.00983154639865,2.58547956513746
91.0891089108911,-53.2180971006013,-54.3135360531605,-0.0539647912186312,3.73911383783125
92.0792079207921,-54.9110125050167,-54.9834808802551,1.02855413431009,4.70730385815218
93.0693069306931,-58.5904454480325,-58.0208871445205,-1.02882267418171,5.52697728889456
94.0594059405941,-59.988536360696,-61.7647242892641,-1.98736589731363,5.67542407562324
95.049504950495,-61.1459433177852,-63.9452789176754,0.129389541148639,6.46392510954381
96.039603960396,-63.7514840599508,-65.2259311575606,1.49938496938714,6.08527233544465
97.029702970297,-64.9567011778004,-67.3009046934741,2.92132173894004,8.45795720227482
98.019801980198,-68.2085869024348,-65.9740457918048,5.12441093250334,7.6896201057
99.009900990099,-66.8341830411369,-67.1915774419725,7.59882509689405,9.2264828282999
0,-61.5819722140429,-62.3583544785864,5.67756671997139,6.40093601569991
0.970873786407767,-63.3363959003227,-59.746898593533,8.04425146105712,5.7283016897464
1.94174757281553,-61.426411426684,-59.8866733502102,7.77605942877947,5.08132322790265
2.9126213592233,-59.8719594721203,-59.6328491041,6.32566076553409,6.50269361025672
3.88349514563107,-58.255180503541,-57.3638048407843,7.69854028669157,5.67095144064821
4.85436893203883,-57.7091808676387,-54.1027926477427,9.07401926442402,6.64116755574008
5.8252427184466,-55.1034039092875,-54.6468438859526,11.7970420234599,9.64785238650479
6.79611650485437,-55.5789236695872,-53.0047117590117,14.4329344674856,10.9264705331573
7.76699029126214,-53.1088411855554,-50.5815490902441,16.5767599910626,15.100830759151
8.7378640776699,-51.3468516750559,-49.035123589303,20.072916924689,16.5979188860793
9.70873786407767,-49.0184544981824,-46.7528902384945,21.7624618425307,18.566767143549
10.6796116504854,-48.5824939699965,-46.1150498684445,23.4488993724932,21.543831001435
11.6504854368932,-45.9751541245621,-42.9828330412726,24.2144105036952,22.6237979135948
12.621359223301,-43.3047404453685,-39.8609946327719,25.8902212855213,25.3790779852984
13.5922330097087,-41.5889320246774,-40.2132302597957,26.4329630691101,26.6464436000673
14.5631067961165,-40.1744085532457,-38.9992758857852,28.6707360982806,27.8125309631702
15.5339805825243,-36.8508906979677,-36.1275449512099,28.5881599588119,28.3857466178819
16.504854368932,-37.0567168815968,-35.4933852458368,29.3008657478069,29.3834618839892
17.4757281553398,-33.9804349519864,-32.425151537216,29.421578297759,30.5202000929117
18.4466019417476,-31.2750868783884,-30.9993586094699,29.0310469112689,32.3104653108529
19.4174757281553,-29.2550211300757,-27.3343321131126,29.322733200122,32.7733626433561
20.3883495145631,-29.15915192505,-25.3948081608977,29.6390127821459,32.803460351039
21.3592233009709,-27.1575534712938,-23.7562854545708,29.8459946880255,32.5512632751721
22.3300970873786,-23.3780919441707,-22.2107933159654,29.3671036281352,33.115817289307
23.3009708737864,-20.1500163256868,-19.2111523506766,31.3675332795068,33.1341995801624
24.2718446601942,-18.873629730591,-14.9058502101168,31.6354171918975,33.8364020617211
25.2427184466019,-17.109104401285,-12.6027398690967,32.6486418995687,32.1550795801484
26.2135922330097,-15.1414708099503,-11.9630809401343,32.9217120542402,31.029019248907
27.1844660194175,-12.5060513875908,-7.58461767871315,30.5559326954189,29.8013296745095
28.1553398058252,-10.3919499845037,-5.90248510149856,30.0784057749743,27.3126194080798
29.126213592233,-6.50067072330348,-4.27707528186932,30.2988340213895,26.0019241658131
30.0970873786408,-3.46450067271795,-0.908069634941339,27.7192908514479,25.0599758993103
31.0679611650485,-0.61998908733419,0.614157812745651,26.8072903071677,23.6929316060928
32.0388349514563,0.57266032224829,4.42838676937655,24.9903832750818,22.8975996477067
33.0097087378641,2.94242893499915,7.26214940753328,22.2768318479212,20.0685239841166
33.9805825242718,5.78542133309041,10.5653980828067,20.4854014170805,18.7739544025814
34.9514563106796,8.48935180261813,12.008892799334,18.4853765053695,15.5639743970036
35.9223300970874,12.4950211301769,16.2597383366307,16.1320525016713,13.3782138414744
36.8932038834951,14.1541936076742,17.2342570656392,14.0592713951347,11.5346987931068
37.8640776699029,17.4642056861597,20.4417912915804,12.8740265264548,8.90112079047878
38.8349514563107,21.4467598620613,24.8052214976617,11.0693132077333,7.85947235630796
39.8058252427184,23.3358832425927,26.1925491033684,8.3975508512025,6.3821216690135
40.7766990291262,25.4155068741124,29.0019137026021,6.14529858206675,4.19141317192485
41.747572815534,28.2706701614682,31.0972065503818,4.61591673050606,2.75184849552779
42.7184466019417,31.2008705759581,33.9083647880141,3.16839573222632,1.44361829359592
43.6893203883495,33.5985606427578,34.6218796252027,2.31347491161661,1.56688206316515
44.6601941747573,34.4913507102054,37.0016583870671,1.6314922563406,0.705420635028404
45.6310679611651,37.4452746912547,38.5515425418672,1.17348888903311,-0.0292110402086876
46.6019417475728,39.1029935925293,38.2392616502497,1.28480823903356,-0.47591300958066
47.5728155339806,41.3059120833957,40.1559718244639,0.362525737310132,-0.675989341036228
48.5436893203884,42.7057614832187,41.3117668166751,-0.507800294714736,-1.76947532586577
49.5145631067961,43.4689247480526,44.0853084272157,-2.9275064290953,-3.02293603313779
50.4854368932039,44.1024901132036,45.2345610159943,-2.22050331760132,-3.88984502082351
51.4563106796117,43.5394464605519,45.151255338504,-2.73746517617085,-4.15377324602508
52.4271844660194,42.8064835897365,45.7733983566104,-2.99472209668072,-4.06941687989565
53.3980582524272,43.7107961131294,46.720376349803,-4.03018421032669,-3.97414666384113
54.368932038835,41.5951547368219,44.671561974283,-3.65566860099775,-3.85616864756284
55.3398058252427,43.2886713037311,44.6107243497471,-4.21536132876281,-3.04084775537605
56.3106796116505,41.5696355614234,46.1937800141072,-3.34481106386863,-2.96967393068982
57.2815533980583,41.3920348989114,43.0043700116785,-2.48078712620284,-3.19994407925284
58.252427184466,39.5794836819116,43.003009075147,-2.16569278248304,-3.00576967831763
59.2233009708738,36.9400115496364,40.3961243585483,-2.6687253894467,-2.70379006446138
60.1941747572816,34.7926503896084,39.5432935357649,-2.58077661652989,-2.50137842668576
61.1650485436893,31.8157920680024,37.3225595907521,-2.72148876979886,-3.23125359313686
62.1359223300971,31.4344778149493,38.6291671498838,-2.45924555187132,-2.73716423024269
63.1067961165049,28.5221118507519,34.232851717571,-2.26981529286517,-3.18174236199491
64.0776699029126,24.454757464505,30.7565152297674,-2.20430471573303,-3.49245750692894
65.0485436893204,23.3325449002306,29.2376641322665,-1.74607512524835,-3.04962459262428
66.0194174757282,18.2160193388283,26.4992736063051,-2.37808054600111,-3.80847225585395
66.9902912621359,18.0115509641308,24.4526774600222,-1.72212276478071,-4.07799565110718
67.9611650485437,13.5859287300186,23.4846243632868,-2.14955053365373,-3.44758475748255
68.9320388349515,12.3916253037032,18.6581890595071,-2.00203622499516,-3.34322292371595
69.9029126213592,7.53381629253795,15.1375634925519,-1.53402370216708,-2.34320396830326
70.873786407767,5.80660233904578,11.9768331475722,-0.631085676053246,-2.48794281941687
71.8446601941748,1.93218290239676,10.9922970114833,-2.09806560556819,-2.46823756521213
72.8155339805825,-0.767478627703891,5.3444408904952,-1.41868911649863,-1.97514896527882
73.7864077669903,-4.53786354035225,3.97387086700332,-1.40812699764638,-2.16418894863697
74.7572815533981,-6.30324527096128,-1.34384207043005,-1.0841456642305,-2.59341831542525
75.7281553398058,-9.02281948189096,-4.51705528680206,-0.926223611811648,-1.9694367064921
76.6990291262136,-12.9372113090595,-7.00904702442801,-0.233131387767116,-1.61685629110753
77.6699029126214,-14.5250412169867,-9.68899112634722,-0.249998152402592,-0.785655550132635
78.6407766990291,-18.1607235690223,-13.7078408518942,-0.523915658663644,-1.09440565332867
79.6116504854369,-21.882803838907,-14.15633526653,-0.51415996784037,-1.15785839896668
80.5825242718447,-23.3609099190285,-19.1796448559994,-0.788996503036469,-0.571917378416845
81.5533980582524,-27.3103203939162,-22.5408116244233,-0.800093698908535,-0.382265894235839
82.5242718446602,-29.2439562544993,-26.1408315589668,-0.872078202009059,-0.540376956215568
83.495145631068,-33.2822628935063,-29.7887737910387,-0.844538401686873,-0.451672728580007
84.4660194174757,-33.6898020356154,-32.0061733362394,-0.79050601225282,-0.867190707598027
85.4368932038835,-36.4978970253332,-36.0180336795013,-0.415376410826854,-0.390185761195387
86.4077669902913,-39.3138993611259,-38.1023685483116,-0.47797725043478,-0.216068541348114
87.378640776699,-40.4327297654207,-41.8292544537754,-0.489718790856884,0.616701056344578
88.3495145631068,-44.1698442060085,-42.9786732739503,0.75216657642815,1.66616731121837
89.3203883495146,-45.3498513980305,-47.1156739280972,1.50723705350104,1.21484057443828
90.2912621359223,-48.9739135852704,-48.7338802713461,1.86882069034302,0.886953122419896
91.2621359223301,-52.0164664479201,-51.4687764424352,2.08315816126348,1.53964269969078
92.2330097087379,-54.4602727890842,-52.2644957412038,2.21848173557297,1.50002849383164
93.2038834951456,-56.5052728032209,-54.6478940245485,2.10078849193653,2.26096663266618
94.1747572815534,-57.0694501828667,-57.5314419120206,3.25292772238895,3.38380381339038
95.1456310679612,-57.4601515487173,-58.2473401180578,3.88276102001211,4.24449361362164
96.1165048543689,-60.7344541762516,-58.9909131836182,4.41689338847253,4.51848366353896
97.0873786407767,-60.1804724673576,-61.2392269939602,4.65152987300504,4.15714162258572
98.0582524271845,-61.364589228804,-61.3877296663874,4.98157268639889,5.59797602536153
99.0291262135922,-63.2185389841281,-62.4834138872166,5.55317824363198,5.68931803224361
0,-56.9746131652225,-65.3008794523927,8.97674593699439,7.81004164491996
0.99009900990099,-55.2530272548112,-63.5702201755591,8.69530370859662,9.244250967571
1.98019801980198,-56.6674903867622,-63.1089434320655,7.82158169624233,9.3115033256111
2.97029702970297,-55.4813999353149,-62.4910217641979,8.09706800611445,8.68096897627181
3.96039603960396,-54.6712554302476,-60.8331596507457,8.01009960955369,10.4398162915204
4.95049504950495,-53.1385706230667,-59.5262919605619,10.8955897897915,12.3984328102826
5.94059405940594,-54.7491663109271,-57.2569169847129,15.6895472706015,16.538771659688
6.93069306930693,-50.80654277813,-53.3935747503063,19.4433090289304,19.60698586456
7.92079207920792,-48.3875970970058,-52.0099606089167,22.7055612828019,22.9785308564394
8.91089108910891,-47.9270569541405,-50.2971796616205,25.2730324349743,25.8119639388877
9.9009900990099,-45.7624319281436,-48.5568343746802,28.3006819830804,27.702982448256
10.8910891089109,-46.0172978777746,-47.0358829046467,29.3259165440638,29.3226398478072
11.8811881188119,-42.0939694029033,-44.3012003691667,30.8596073622085,30.3511100467089
12.8712871287129,-38.8277274825986,-43.3487281928903,33.2982848279398,33.0218645307158
13.8613861386139,-39.4284319235111,-42.2637456962459,34.2742648500413,33.594056310312
14.8514851485149,-36.2348687584542,-39.499754488321,36.1834879807761,33.5207667529116
15.8415841584158,-35.2707504117602,-38.2242110123427,36.3990003147039,34.4601044950658
16.8316831683168,-33.9191379365389,-36.1970932981302,37.6606906247933,35.7975634164558
17.8217821782178,-31.6265541685454,-34.2187136845848,37.346174879693,36.1259314185738
18.8118811881188,-27.8091438491038,-31.3618268515382,37.786447892203,37.6675759587158
19.8019801980198,-26.4143250089961,-30.7478804474653,37.4830863962702,38.9338144881711
20.7920792079208,-25.4876400080099,-29.1645700771154,38.0115129016283,40.0890643772535
21.7821782178218,-21.3295807441857,-24.2206965510441,37.6782627732336,41.3185705112323
22.7722772277228,-20.83740127446,-21.8042634112454,37.96850224467,42.8084049545876
23.7623762376238,-16.6018517903623,-20.9567621887669,37.5149271860718,42.8639451930415
24.7524752475248,-15.3442109276744,-16.856062792861,36.5590473065875,42.8070086889695
25.7425742574257,-15.2928952307744,-15.3699235588495,34.3740065121882,42.3910953643708
26.7326732673267,-10.9499655127893,-12.5674208551496,32.2749706221951,41.2400766369799
27.7227722772277,-8.44407631099656,-9.86603417754829,29.8755701042627,36.1418385633714
28.7128712871287,-6.64434446041337,-6.44056987271852,27.2335316854074,33.7849265349753
29.7029702970297,-3.59547687257903,-3.15502097891408,25.1245372399979,30.5059498656967
30.6930693069307,-2.09177344816723,-0.396657670150132,22.6864854925213,27.3776055169141
31.6831683168317,-1.09194410320463,1.83497435652013,20.6069209176903,25.3195119427702
32.6732673267327,0.251793479437452,6.66725731911564,19.0188625674339,23.1853705863921
33.6633663366337,5.58405641857689,9.95491151829355,17.9675668032816,21.1643098882196
34.6534653465347,5.85168427198642,9.22843700049846,17.0879359450104,19.0892786305306
35.6435643564356,10.9661778803413,14.2944188807759,16.7025670276635,17.509542718327
36.6336633663366,13.5231257974332,16.9920279201028,16.0114257692625,15.312899286056
37.6237623762376,14.6658239240964,20.2000491913446,13.3149417134844,14.3011555072541
38.6138613861386,19.3917952480698,22.8078532783413,12.389153478063,13.7686058020865
39.6039603960396,19.9381169561623,25.7929113021706,12.3583470701774,12.2646540532429
40.5940594059406,22.5242500842763,28.004379322677,11.5870684151046,11.2237009339989
41.5841584158416,24.9860631189727,29.2767258959798,11.4798918190839,9.12822435125128
42.5742574257426,26.2771388895971,31.5426995694017,10.0730401522732,8.26867503186349
43.5643564356436,29.1798191085119,33.6664212509669,7.54201940944584,5.44799184113385
44.5544554455446,29.4347606210218,37.089742415155,6.31050385134278,5.03046566972029
45.5445544554455,34.4404249464105,39.2976993391138,5.01413705044884,3.66708735153782
46.5346534653465,35.1131001708555,39.1401863793103,4.29228799174933,3.11530233303277
47.5247524752475,37.5886773945813,39.2062838994934,2.44099002602098,2.06731097300517
48.5148514851485,37.5130970139861,42.3488194449301,2.24354745324097,1.18712172548669
49.5049504950495,40.7283452916934,42.2482759752216,0.620797132061322,0.914320341983603
50.4950495049505,46.1476534729745,44.4742917868141,-0.842738403752675,0.494880968608289
51.4851485148515,46.7673932358685,47.5798592438824,-1.32056083591443,-1.00903629074223
52.4752475247525,48.6094791247348,51.8296903740276,-0.579740273974935,-2.41911143386002
53.4653465346535,48.4159548060582,51.0054617531538,-1.73011857165083,-1.68378441730449
54.4554455445545,51.6324812001369,51.718773269501,-2.28001897722453,-3.13437565950614
55.4455445544554,47.9266982288589,51.4916168647942,-2.29033692892236,-3.28696884106914
56.4356435643564,50.5882620027884,52.350736589619,-2.50340743461278,-2.36907883455464
57.4257425742574,49.1142669020698,52.1317124305622,-2.00005202972193,-2.18414472524222
58.4158415841584,44.8406184695775,49.9186609482019,-2.46305484450819,-1.94222726412613
59.4059405940594,45.5566547556261,49.3909200221315,-2.46031075043349,-3.01665577559955
60.3960396039604,45.8137994570298,48.3312819317025,-2.71589906131988,-3.2667658537672
61.3861386138614,42.8455608905155,47.6486965291829,-1.31321026463654,-2.95717848776508
62.3762376237624,39.8789239275981,44.8264725514971,-1.98572340402397,-1.62612737086233
63.3663366336634,39.2385348346881,41.930847616339,-3.0795220492071,-1.81981968090384
64.3564356435644,36.1365759752678,39.8511404529559,-1.69498658642663,-2.12211086825848
65.3465346534653,33.7843838387345,36.150595401084,-2.49067872699406,-2.39996284712862
66.3366336633663,33.5422595100548,33.5152090195813,-1.6292818736606,-2.66184531516959
67.3267326732673,29.2133482696448,29.85032746836,-1.81982273185287,-2.94410513787164
68.3168316831683,26.7406934418182,27.8464912857855,-2.5164191272264,-1.76577252970569
69.3069306930693,24.3142473537694,25.034580956264,-2.00126490209954,-2.31982427330146
70.2970297029703,22.2879721755128,21.3760934225214,-1.71711659227385,-2.61009451670657
71.2871287128713,17.2636500441057,16.6222595520294,-1.64704249400982,-2.69909957375466
72.2772277227723,12.8708797370214,14.6414228983314,-2.99918399987678,-4.24822488576192
73.2673267326733,13.1566131619512,13.2025841329114,-0.777219480462416,-1.85366808537145
74.2574257425743,9.05946584407971,9.1196662289478,0.100945144473516,-0.842145255985486
75.2475247524752,6.36191524622963,3.9395066093647,-1.71230867823627,-1.66512672379758
76.2376237623762,2.87884011154277,-0.730756411305941,-1.07047934892903,-0.611088388107585
77.2277227722772,2.01488706750108,-0.337676711164186,-0.568884446664684,-1.75840286286342
78.2178217821782,-2.72051079584667,-4.30114058786118,-1.20692337331418,-0.357652607715459
79.2079207920792,-4.36974885269419,-7.11719280662672,-1.70689251261252,-1.27555641023385
80.1980198019802,-6.42910190937509,-10.871254100147,-0.854616980087773,-0.772170847638682
81.1881188118812,-11.1791095642181,-14.3415012035686,-1.25851009944041,-0.565141129785114
82.1782178217822,-14.115398476555,-18.1736516386891,-1.15669145393836,0.190425680553932
83.1683168316832,-19.1285555876558,-21.18452734618,-0.33841961406766,-0.0537246554304872
84.1584158415842,-22.2473160481266,-23.2829008462205,-0.733327453875129,0.0425251958789277
85.1485148514851,-21.5181371284347,-25.908532566995,0.0269300207128858,-0.607102886362546
86.1386138613861,-27.0013132540291,-30.3616038617764,-0.7068038078075,0.403181380436367
87.1287128712871,-30.043109226103,-33.7783180745536,-0.577712662962754,0.0344426252992092
88.1188118811881,-33.1440396248906,-37.0561179274746,0.155906545805413,1.22796948396978
89.1089108910891,-35.6427108420091,-41.2128805958972,0.58236838736029,1.6496909016789
90.0990099009901,-37.5907935701008,-46.2659101510189,1.63041575155556,2.34499831799412
91.0891089108911,-43.3679580843115,-46.4430117927728,2.62100458153194,3.53121742888241
92.0792079207921,-44.4076391151618,-49.9347228166965,2.18426621193486,3.19580622331696
93.0693069306931,-48.6332053224223,-55.1424356132196,3.47336987806522,4.3215922652837
94.0594059405941,-49.3049428792792,-56.3084412170784,6.10309478259415,6.52308001027763
95.049504950495,-53.7097537610403,-58.9314035323589,6.89912981649454,6.28758192890818
96.039603960396,-54.2562462878339,-60.5603963321445,6.53401010953008,5.19272191463508
97.029702970297,-54.769059486266,-60.24816307207,8.32787966505977,8.59113889528102
98.019801980198,-55.0872007003725,-62.4269623559272,8.42829574792252,9.95990306134883
99.009900990099,-55.1044297827017,-62.8206569135621,7.16596929646817,6.65177695077924
0,-49.2588093502756,-57.7105465002533,9.81572495969123,4.30862407580019
0.980392156862745,-49.7224586143583,-57.8884743281833,7.67117808973743,3.1965948565094
1.96078431372549,-49.8774026296379,-57.8488965682867,8.05225786544362,4.27388441732765
2.94117647058824,-47.1136194141994,-57.5761834490472,8.72203050178354,3.4685733356748
3.92156862745098,-48.083978281669,-56.0596697767097,8.11255078326442,5.92346824178467
4.90196078431372,-44.7905798298059,-51.0213164750495,11.7991571968649,7.0328248527526
5.88235294117647,-42.815653913442,-52.2258084832306,17.1895808193265,8.56804091244627
6.86274509803922,-39.1750789302914,-49.2160747512945,21.6003570242542,10.9918213484018
7.84313725490196,-36.9682715420537,-46.524456908855,25.811738586065,12.8702417495392
8.8235294117647,-35.615381590858,-44.2347530125691,31.179491854916,15.937419869571
9.80392156862745,-35.2925283953261,-42.9744198604767,34.4081497393934,18.1269153542341
10.7843137254902,-31.6990411737755,-39.3636438774074,37.1623448854613,19.9339862273198
11.7647058823529,-29.4466261787821,-39.0960982288284,39.7316394264564,21.3583079153094
12.7450980392157,-24.7625400651324,-37.0348208572519,40.5235606620207,23.8102677514723
13.7254901960784,-23.842824121928,-34.957099079647,42.0568826023455,25.5373304167959
14.7058823529412,-23.1793169984934,-33.601753992531,41.9165741913504,27.3299725001898
15.6862745098039,-20.2154588795272,-29.9968190849156,43.4006941409605,27.8706242328021
16.6666666666667,-16.5227833051785,-29.8124039580064,43.2454892143342,30.6760121268377
17.6470588235294,-14.253200077181,-27.4526906762005,44.3071908489923,31.1982000233383
18.6274509803922,-13.3023030812763,-23.4254656031006,44.8696169619084,32.5622106448106
19.6078431372549,-11.7683954140804,-22.4679510680139,44.897841026971,34.5838292258988
20.5882352941176,-9.03546516515765,-19.1154596868252,43.6410597964139,34.3655477893265
21.5686274509804,-4.80457290262925,-17.1266248250993,42.3819703242198,34.6484917900994
22.5490196078431,-4.04958538891892,-14.61616191733,40.9679505508778,34.770592965722
23.5294117647059,1.15197668568296,-11.3529238889485,38.7093231929151,34.2403965836271
24.5098039215686,3.77805714083976,-10.5119167351178,36.3959076324414,33.9480221272963
25.4901960784314,4.40381330435601,-6.89526836759458,34.0874569907263,32.8669566854883
26.4705882352941,11.2552162017041,-4.39939002636072,31.8771784346477,31.4794322421235
27.4509803921569,10.7335881173364,-2.93526933900628,29.6178830957234,28.1833324229138
28.4313725490196,16.0828952126651,2.00048118416916,27.7130783730791,24.8433152828835
29.4117647058824,17.0630284669225,4.04507722059258,25.3012102553503,21.6899869359256
30.3921568627451,19.1982663619478,6.56160163321767,23.1700634921084,19.2319045215756
31.3725490196078,25.8939864633578,11.6538055209491,19.9792807933337,16.8148425852509
32.3529411764706,26.0231610277611,12.8539096390361,15.940884965432,11.4124922357971
33.3333333333333,27.3710853687544,13.3795827375832,11.4728223637739,8.35352953882199
34.3137254901961,31.0068435513407,16.7199092393838,6.35664171714252,4.53225627219735
35.2941176470588,32.6745510069318,21.0354497224237,4.66851064623487,1.37279994134814
36.2745098039216,33.1820462794758,18.9656018233588,1.72597583415528,0.200340168978564
37.2549019607843,35.260763995633,20.0672848377434,1.05359791736792,0.763520554684623
38.2352941176471,37.3578795050264,19.9735609093921,-0.418709235141811,-1.09398587614458
39.2156862745098,39.0985245455816,24.555620041157,-1.01924771521047,-1.60392644130649
40.1960784313725,39.5251689160104,25.0524547538275,-2.27643119318071,-3.03514012198631
41.1764705882353,40.637235370598,28.2953265245464,-3.38717724556566,-3.17649937249413
42.156862745098,39.5163910344443,32.8810411338932,-2.16870636825438,-3.38179918898468
43.1372549019608,40.9134527432413,33.144317085114,-0.971954330360627,-1.95046099531654
44.1176470588235,38.9055225251375,34.230380042546,-1.66654089982703,-1.82388499602745
45.0980392156863,41.2126790599257,35.4472641423288,-1.3617795589809,-1.72679988561512
46.078431372549,41.970037498119,37.8147605287525,-2.38700905769985,-2.92559473077538
47.0588235294118,43.0029086892956,36.0555565562869,-0.602749357869958,-3.49944509860121
48.0392156862745,42.0400548684911,37.2351773883559,-1.11308972793507,-3.5705147506709
49.0196078431373,41.0803184481182,36.9461990977347,-1.80623554388196,-2.52343946250974
50,42.0668359390175,36.9416891773447,-2.01106758563404,-2.32867178714687
50.9803921568627,41.3450016592348,34.6410615391488,-1.34966725662475,-2.18737991567058
51.9607843137255,41.3972598777225,37.2563786842179,-1.00417500071877,-2.5172148440443
52.9411764705882,39.6576110245956,36.9555974798338,-0.814065954708229,-2.70651961880196
53.921568627451,38.9905517615234,34.4846546061059,-0.348260456444317,-2.25196487443747
54.9019607843137,37.8861859266179,32.5532171854769,-1.03483606976572,-1.94685261335926
55.8823529411765,35.0621290096017,31.219421101063,-0.841354399777267,-1.81026381499205
56.8627450980392,34.1256613951635,31.7348938047875,-0.516308787136919,-1.46502565448503
57.843137254902,33.9141619892459,28.9995808960352,-1.32627828462496,-1.34416767179113
58.8235294117647,31.2920591882508,29.6035908615465,-0.311310107991932,-1.44783782447724
59.8039215686275,28.9207968801855,29.5032121649106,-0.627086196247736,-1.50351608960423
60.7843137254902,28.2792682942047,26.0645896954718,-0.233095712947904,-0.858646904175399
61.7647058823529,26.2670880182088,23.5856226258869,-0.0988005875593603,-1.50395595915933
62.7450980392157,25.0057605473829,22.9393905917312,0.0664573900605148,-3.37334832974764
63.7254901960784,24.7408683760785,22.4873760550571,-0.095117914740719,-3.47371815964902
64.7058823529412,22.2586669460891,22.0798324374671,-0.596567665175397,-3.56107268210384
65.6862745098039,19.7859223106475,19.3780414566054,-1.47543329680868,-2.94106120215202
66.6666666666667,20.1214679873796,17.9208331435304,-0.883015359943477,-1.8086670282655
67.6470588235294,17.5481546240073,14.7035478918547,-0.543167866191013,-2.4515244932341
68.6274509803922,16.056247782815,12.4772379058782,-0.220940237846467,-1.99301876460646
69.6078431372549,12.5126620861064,11.3827149523843,-0.500012931784849,-2.58952377794324
70.5882352941176,12.0339848863087,8.43556804093458,-1.2800669243946,-2.02371034714967
71.5686274509804,8.83038575731757,7.22570283719396,-1.14262380583326,-1.73544105503711
72.5490196078431,8.18816047702577,4.84131438800243,-1.53320032136411,-1.90645082077033
73.5294117647059,7.0348727910561,2.7610773030579,-2.35875736756496,-2.14949627912469
74.5098039215686,3.75937277865096,1.01706277835869,-0.937440242750315,-1.04523477586616
75.4901960784314,3.43703220001814,-1.07562283693844,-1.62985039373135,-1.38513809092553
76.4705882352941,-0.223002681737908,-2.36079364629545,-0.960342949136444,-1.24606955106522
77.4509803921569,-2.70130386679143,-4.75445863152976,-1.57554583328798,-1.29658342803699
78.4313725490196,-5.35999900816197,-9.93037393121631,-1.3812315235917,-1.65030908462647
79.4117647058823,-8.12854153615172,-10.6215107726587,-1.22638807393866,-2.178253877644
80.3921568627451,-8.27344958902358,-12.6801766670683,-0.721908220398036,-0.694369895584009
81.3725490196078,-11.2447265312516,-15.8345199781101,-0.177535679066646,-2.33287883592985
82.3529411764706,-12.4729218145886,-17.9546735998345,-0.269036497519719,-1.82506659179479
83.3333333333333,-15.6932355512754,-21.5178820010488,-0.492949036391777,-1.3428400701092
84.3137254901961,-17.5060215876018,-23.3323068658848,-0.275872332520127,-2.68972290302605
85.2941176470588,-18.6584476881176,-26.316967427517,-0.516672299709504,-0.823722002283734
86.2745098039216,-20.8900696007653,-27.7866113851564,-1.12678797693415,-0.733117748024525
87.2549019607843,-22.0399178139224,-31.7434507947654,-0.468396730138681,-0.958841005899538
88.2352941176471,-25.5889203495904,-36.5655263943999,0.495359616358348,0.979231978109182
89.2156862745098,-27.7071498770508,-39.0080334651386,1.78988977944908,0.484775334861167
90.1960784313725,-32.2677235870012,-41.1089628833979,1.51164730123147,-0.0564238620460764
91.1764705882353,-36.3396445080681,-45.4641170193788,2.12230586023851,0.383427622466514
92.156862745098,-43.9137026028388,-51.1176045413364,1.83907040100726,1.24392708025215
93.1372549019608,-43.2918783616035,-52.2786289636807,3.13592203832544,5.28717388693728
94.1176470588235,-47.2470864708018,-56.0823805055796,5.62170711446203,5.18739245569206
95.0980392156863,-48.5823133926726,-55.9600518302452,6.46222875719452,6.45148411977669
96.078431372549,-47.3471505659325,-57.7355630631654,6.72647572477388,5.00878152236625
97.0588235294118,-48.0118752457501,-57.8108025988426,9.14814065886522,5.02048244614066
98.0392156862745,-48.5308838660098,-59.8628156820611,8.13642295848284,6.05842000975473
99.0196078431373,-48.9803412127774,-57.9472626274068,8.40478269989214,6.21683255831236
0,-55.1736285688475,-62.9532582215459,6.95381321123281,7.43588154413434
0.970873786407767,-55.1984311374531,-61.0322788256676,7.10943342355603,8.36706753873406
1.94174757281553,-53.3474326820709,-63.0550695675491,6.37055219813126,8.73831703672492
2.9126213592233,-52.4866804511118,-62.5448388922496,7.71283484899823,9.09357066444978
3.88349514563107,-52.8314681617448,-61.9841144429732,10.4541093205237,11.5556463338815
4.85436893203883,-51.4616357791241,-60.204700865835,14.57063925726,13.461994770695
5.8252427184466,-48.8053573605753,-55.8744236328622,17.3060296420761,19.4218344585503
6.79611650485437,-47.1551846845777,-55.6429503045004,19.5275488775584,22.3354653085699
7.76699029126214,-44.8844655354015,-55.3628483748615,21.355427225521,26.8382495337776
8.7378640776699,-43.7799492554422,-49.9418987658238,25.0783345304501,28.4608781194301
9.70873786407767,-42.3486776603046,-49.1670887198241,26.6125551366853,29.1613127200385
10.6796116504854,-39.4634741330486,-48.5118736249634,28.6489527153706,30.387390227487
11.6504854368932,-40.2258400309298,-45.953363863895,30.6099364418744,32.1681743612167
12.621359223301,-37.3217116474383,-43.5525641225769,33.529486541316,34.2907593399208
13.5922330097087,-33.4650021534206,-43.7057153831278,34.5601334178531,37.4577213328124
14.5631067961165,-33.9294926280202,-37.2097673046086,38.0914210286602,38.6218436071754
15.5339805825243,-30.3737450401702,-37.0716693374763,39.8369314706369,41.3062967210861
16.504854368932,-26.8186696507954,-34.6873572273213,40.740576418616,42.6258873870253
17.4757281553398,-26.2839544947367,-31.8200493477469,40.3042015548289,42.5864100717253
18.4466019417476,-24.2541171182262,-31.3662823311769,40.1320031352274,43.2902281638851
19.4174757281553,-20.5505986374116,-27.9251601714812,39.7004167712622,44.6179714016348
20.3883495145631,-19.9960113307134,-25.2572541150306,38.7784552737201,45.4390548025124
21.3592233009709,-17.8801309833248,-19.7350278050284,37.877605563524,45.6560893576927
22.3300970873786,-14.0052257152213,-20.7161276413488,36.9647129657909,45.7268256453659
23.3009708737864,-14.2406694691215,-16.6542970532107,36.5532472218041,45.7540352186367
24.2718446601942,-10.1057716190988,-11.8120271311438,35.574206207954,45.0138158532207
25.2427184466019,-5.7026940282015,-8.97059939152773,33.0169400238495,42.3506498893921
26.2135922330097,-3.29844683901684,-6.16538541344936,32.7335471043629,39.6139681014682
27.1844660194175,0.466541306510031,-5.59733523189281,31.162931216055,35.8742190024881
28.1553398058252,1.91047762828278,0.127518151790043,29.0559937410945,31.4843454079845
29.126213592233,6.31294026558143,1.43289509521333,25.6717933592238,27.9930145756998
30.0970873786408,7.84045906796884,5.31946671488219,22.3975777808133,23.5060968967186
31.0679611650485,10.5584999310251,8.98584160315815,19.0231116188875,22.4013992110891
32.0388349514563,15.181427246114,12.0751057877689,18.2939818065968,19.4403770927998
33.0097087378641,16.5052433483561,15.6010656414957,16.7576285425146,17.1626745912284
33.9805825242718,20.3906589925946,19.6825665640524,15.8899166024012,14.4627030127139
34.9514563106796,20.7632509502118,19.5080219521544,14.7156077398039,13.5358626631057
35.9223300970874,23.788613076201,22.6054943367964,12.417774725499,12.9839004878508
36.8932038834951,29.1577224333711,24.9065225199978,10.1744013483965,10.6843349774254
37.8640776699029,31.0275631941279,27.0203292125096,8.5544776943115,8.93498492604247
38.8349514563107,31.026504832441,31.4621013218466,6.43719464094711,6.6424154206191
39.8058252427184,32.8282149123287,34.0063137537966,3.79799001319711,4.33222202037956
40.7766990291262,35.1963031737529,37.2477662410635,2.07463406693556,2.20312271198485
41.747572815534,36.0294583868476,36.192995606543,1.34886544299418,1.43949570541188
42.7184466019417,37.0934061013915,39.7463208610913,1.51046137432457,0.797619041236869
43.6893203883495,40.9948808873085,39.9053487357452,0.275620937862739,1.27926905561669
44.6601941747573,42.0374232685236,42.1717289007961,-0.238029430729391,-0.273351090265546
45.6310679611651,41.6297917376322,42.6294664649541,-1.09157686712195,-1.08809337675917
46.6019417475728,42.5388781178682,42.4559495773121,-2.44044204294202,-1.81935216160381
47.5728155339806,40.8842032135205,43.8934697136382,-2.12472532311153,-3.51956184260636
48.5436893203884,42.7156285742788,43.363932647414,-2.10928634358899,-3.77011124663081
49.5145631067961,41.9326682421219,45.126665677279,-1.77658958627583,-2.75173225246238
50.4854368932039,42.7389301866474,44.6539853076943,-2.6183018020565,-2.45722651068374
51.4563106796117,43.6911031437017,45.9536035945776,-3.07102046262033,-2.20754028536663
52.4271844660194,41.0520923483222,45.6706424594525,-2.47043008585841,-2.26962533750888
53.3980582524272,41.0501809958342,43.490768512499,-1.80993319902965,-1.85165554954059
54.368932038835,40.805698787553,41.9078125823851,-2.04848965986048,-1.67085759407123
55.3398058252427,37.4000982124069,40.8623290557395,-1.1590389592226,-1.22263454799406
56.3106796116505,37.3963790210467,40.7591282841718,-2.17642376869317,-1.51954051528541
57.2815533980583,37.8850488442046,37.1348352671952,-0.965628331680759,-1.35079130791305
58.252427184466,34.2828226671684,36.3279159633747,-1.19754860976683,-1.76509121640774
59.2233009708738,33.1514985603413,33.1031059755798,-0.694069013743478,-1.21596547821226
60.1941747572816,32.7933443752662,32.5779185287815,-1.09434771982032,-0.957433506491774
61.1650485436893,28.8091640656799,30.6818382666914,-0.942233044268892,-1.603880923804
62.1359223300971,29.547691128816,27.9134859182757,-0.858397153325764,-1.14648388016669
63.1067961165049,26.5494755765862,26.5909807359399,-0.937180537652803,-0.767066298210478
64.0776699029126,22.6065885601253,25.3566393017744,-0.490355511884884,-1.63915670949083
65.0485436893204,22.3460783527113,23.3085849840606,-0.642784714612104,-0.638376559866245
66.0194174757282,18.6967775487225,19.0307154378729,-0.46620611822294,-1.28185462880454
66.9902912621359,17.1111903449872,18.0197082978702,0.448008505447573,-1.37056265383737
67.9611650485437,14.4495971311534,15.2629297880719,-2.33313608289052,-1.16373348486451
68.9320388349515,13.8334924668981,12.7400547180222,-0.393558282434925,-1.15899409577104
69.9029126213592,14.5026861078244,12.3911614042361,-1.04342862620421,-0.902696245683843
70.873786407767,9.81735224594167,8.27680199331263,-0.973187861348472,-1.9836149988586
71.8446601941748,8.67569077461818,8.30203311394531,-1.56365797056073,-1.40311238339431
72.8155339805825,3.25386909838012,5.24374819360479,-2.24000625424275,-2.08232175087281
73.7864077669903,4.27390824691463,2.97956785878205,-1.66267563762747,-1.47505514657691
74.7572815533981,-0.0595087667635131,-0.690562010416294,-1.69990796767656,-0.917582497033598
75.7281553398058,-1.63933577752256,-4.77121242846635,-0.58780655897931,-0.258645482959968
76.6990291262136,-2.56808983853686,-9.32454344227168,0.022495951262486,-1.63715395050393
77.6699029126214,-6.69607117619644,-9.33672745798429,-0.894501267294338,-0.778304253848799
78.6407766990291,-10.4648988051283,-11.8092810221346,-0.77814429399626,-0.00160719046944269
79.6116504854369,-9.88827744127417,-13.1445884453269,-0.556557588224283,-0.813509513789194
80.5825242718447,-14.8366022150226,-18.377547221081,-0.66871109871437,-0.605359187696334
81.5533980582524,-17.1629208221663,-23.7373703924156,-0.192665724512383,0.667878393681839
82.5242718446602,-16.901944370303,-24.3822028184734,-0.33251756205605,-0.49673460848788
83.495145631068,-23.4244579465531,-26.7503719324412,0.30066845504339,-0.305158667810915
84.4660194174757,-25.4765137916991,-31.3052919321836,0.481964240575908,0.112737370948498
85.4368932038835,-27.4710184888916,-33.9001647591521,-0.0584543567751724,-0.842036821120317
86.4077669902913,-30.5290746677091,-33.2903871455456,-0.0250561672693538,0.142527022289324
87.378640776699,-30.9215703799982,-39.2238446963569,0.994432761009131,0.207417392714385
88.3495145631068,-35.1675463285363,-41.9109237133268,0.675746704136078,0.81467274584028
89.3203883495146,-36.1619573212102,-42.6197195886043,1.30529670145303,0.823338938984298
90.2912621359223,-40.4198055333349,-45.1061543300628,1.70300990332383,1.81262868376366
91.2621359223301,-42.3937346442821,-48.7776272741349,1.96624643259959,1.97335617118217
92.2330097087379,-45.0079690086507,-52.6350548473014,1.69897518278831,2.69463665092623
93.2038834951456,-49.3202323425346,-54.4492554532452,3.1994323749023,3.64304886858687
94.1747572815534,-50.476771760556,-58.6367546234808,3.73856097082872,4.32791203951301
95.1456310679612,-52.4965656876077,-59.2503244104556,3.87182926444898,4.94445387961285
96.1165048543689,-53.9828188904997,-60.0465109727396,4.48692933690031,5.2206096130081
97.0873786407767,-53.6131936678625,-60.4849380752836,6.65140468828174,4.99475055901337
98.0582524271845,-54.218498482864,-62.2297634879699,7.49525961778604,7.95197582303398
99.0291262135922,-51.9449685371896,-62.5016051472496,7.6570927018169,7.78541206814778
0,-50.852740687015,-64.066117046667,7.52505122398786,7.94765035138183
0.970873786407767,-53.1237988445294,-63.3236029796706,9.32099453749153,9.33602477540049
1.94174757281553,-50.5853073362161,-61.8032654674928,9.31090550566021,9.63694384760914
2.9126213592233,-52.31058745617,-60.6890330806632,10.9446029187415,10.7603380260873
3.88349514563107,-51.415094664008,-59.1288898362574,16.2490439531813,15.9532886317233
4.85436893203883,-49.2145577949978,-56.2362702043788,19.566657437906,17.9589660673726
5.8252427184466,-47.1310709853296,-54.1718356391775,25.2364241872436,23.4494174069894
6.79611650485437,-46.0040136226651,-53.4510054983911,32.1004466648246,27.4393684509157
7.76699029126214,-46.6080359219824,-49.9510355498026,36.1381348450129,28.9203825041944
8.7378640776699,-42.7077809768672,-48.6394112029595,40.7180094672319,32.3299623054266
9.70873786407767,-41.1217332267566,-47.4810163744431,41.926142823793,32.7167622767592
10.6796116504854,-39.5428492654441,-43.5820799982378,43.0142184774483,33.9506796517672
11.6504854368932,-38.8957294699438,-43.028849447904,44.1772549842148,34.3381975662834
12.621359223301,-37.1406259415062,-41.0146034886186,45.0785746815668,36.8624847550491
13.5922330097087,-33.682406868856,-40.0972957250546,45.67959960717,36.8625769580954
14.5631067961165,-31.3039000653529,-37.1703992295526,45.7581167526681,38.3595188389165
15.5339805825243,-29.3905568018882,-35.0563563127742,46.4255621978089,38.7531467084616
16.504854368932,-27.2851752897939,-32.2510529571589,46.4953796816899,40.3386217788527
17.4757281553398,-24.2545371933827,-30.9727097506092,45.6124434775527,39.7674577832777
18.4466019417476,-21.2518763234535,-27.0268213105098,45.0500773174271,41.1140680314928
19.4174757281553,-19.3109427444587,-24.3970003221844,45.7010895086624,42.3729418906797
20.3883495145631,-18.021667307445,-23.2735716282775,44.2384780783042,41.640541614013
21.3592233009709,-15.8993497000555,-18.850190625803,42.92875413128,41.9269354605647
22.3300970873786,-11.8645588560128,-18.4467293986124,40.4551995709921,42.0358977189238
23.3009708737864,-9.57287170767739,-14.4071740530195,38.2126926689895,40.3807070935739
24.2718446601942,-6.98776196946468,-11.1937935990574,35.323304881354,39.9222982038858
25.2427184466019,-5.16394913133342,-6.5636302004098,31.8592439222781,36.4874728271459
26.2135922330097,-2.2120522701139,-3.84278204144621,26.742929476907,33.3846492881855
27.1844660194175,-0.973847402690106,-3.94054267114165,23.3761355320008,29.0987775848534
28.1553398058252,0.38010546263401,-0.0592554703406927,17.9716083545081,24.3981441548855
29.126213592233,4.39878929265885,6.49578428489293,15.893307907562,21.8357732212526
30.0970873786408,6.59206154879202,7.40742343673811,14.4288942778844,19.0102277437738
31.0679611650485,8.61517338131266,10.5882689882703,12.3977716032044,17.4767240376434
32.0388349514563,13.0810110274109,16.7727477990915,11.8550866336216,16.3649477960452
33.0097087378641,13.9430034334297,16.0410753820908,11.7545774922885,15.8300066924569
33.9805825242718,15.9509423381018,18.6108512704244,10.8163165579061,13.6654466187429
34.9514563106796,20.4281293110196,23.2608252322495,10.0460585141007,12.6390156455399
35.9223300970874,23.0254677520174,23.6530723239219,10.4351337889892,10.7652486493964
36.8932038834951,23.873919831654,26.6671249613265,9.02893099253315,7.90028355793281
37.8640776699029,26.3428013480308,31.0981471176738,7.10091333981434,5.81932873897033
38.8349514563107,27.5455286141606,29.9831584581944,4.62816173931452,3.36224954937807
39.8058252427184,31.6336312096457,32.373837574952,2.52127151875378,1.87958548020704
40.7766990291262,32.700419618633,31.1023175692582,1.24055280477853,0.611021749433472
41.747572815534,37.3515942942672,32.8958269832796,0.544509160690732,0.314591686706042
42.7184466019417,38.8542348507535,34.2651842942786,0.217124402020011,-1.91988330955936
43.6893203883495,37.9211834472954,37.3725365779585,-0.705542944879551,-3.00633414097461
44.6601941747573,39.7886183673591,37.2542412018828,-3.09209064080406,-2.63349556566395
45.6310679611651,41.2764601399716,38.9669184275032,-2.21043734650095,-2.6887579358526
46.6019417475728,39.9208229490395,38.8815047695879,-2.30811677921863,-3.30245630174446
47.5728155339806,40.5847928824128,41.0050787863643,-2.78633836595772,-5.29706225529558
48.5436893203884,41.8956794768482,39.6694991314051,-4.14380731584031,-2.69687294747977
49.5145631067961,40.5977759653935,41.1039502897356,-2.26329847422936,-2.49356525554938
50.4854368932039,39.7739795871704,40.3456454934151,-0.976914133335073,-0.487540963626434
51.4563106796117,38.4636533119637,42.587575225241,-3.09773698313819,-2.09050353245239
52.4271844660194,36.8836744829746,40.4649697701478,-3.26621500695135,-0.374989593004292
53.3980582524272,39.7764984202677,41.8199385717894,-2.31217852422875,-1.39679807578384
54.368932038835,35.5382483729665,39.7777361681485,-1.79106797257083,-1.63407945587112
55.3398058252427,37.9802889148864,39.7639920299222,-1.84026087344011,-1.36901833128552
56.3106796116505,35.6820570215891,39.6955521164904,-0.736024635494151,-1.00039420954041
57.2815533980583,32.811040387247,36.264181572403,-1.48681801029828,-1.52765916990218
58.252427184466,32.3898345124386,33.8277239478504,-0.772719252064588,-2.00149354999574
59.2233009708738,30.5220577004334,32.4144488540374,-1.26653498271105,-2.71855464872668
60.1941747572816,27.3776773222219,29.5628975026861,-1.11770998071637,-1.96169876040061
61.1650485436893,24.3537206099538,29.774492501162,-0.792002242131157,-2.23188310568763
62.1359223300971,22.9380214530805,26.0274454468311,-0.303095899297927,-1.87291639943375
63.1067961165049,18.549314081757,23.6007586647339,-1.22326561398937,-1.41549379647849
64.0776699029126,18.3566156114344,20.1340639694331,-0.63377194918217,-0.852039220164069
65.0485436893204,17.0047839615928,18.8081267613316,0.257473860189766,-2.48505672410196
66.0194174757282,15.2311149829249,13.4320376778009,-0.832332246759168,-1.22446303969766
66.9902912621359,14.2790075094229,12.3648576961291,-0.221962845383198,-1.89664402573398
67.9611650485437,9.90582955282352,9.26218548100174,-0.71817784789061,-0.902135605261539
68.9320388349515,7.72787519603282,7.81307840222206,-1.28960035909499,0.235121810473362
69.9029126213592,6.68769897614411,2.53476549888798,-0.773614465816568,-0.0952572748435809
70.873786407767,2.81100693391233,1.74464448036749,-0.64017741067953,-0.438759018559964
71.8446601941748,0.841602002417654,0.0459564337653973,-0.323134759309742,-0.374202148497399
72.8155339805825,1.3096636927602,-3.18072930276902,-0.776399541282986,-0.814275392794585
73.7864077669903,-5.59655296092463,-4.53503375565838,-0.648287414879034,-0.915794813015384
74.7572815533981,-4.74367763241443,-7.05697013861066,-0.801042616526433,-1.04649307762395
75.7281553398058,-7.67474936728719,-8.14872480903928,0.0579204735436628,0.500253088422448
76.6990291262136,-9.20829621364521,-12.3493810205787,-0.916769554330127,0.3831520408429
77.6699029126214,-12.2605011099201,-12.7755117040957,-0.261247920717131,-1.27798998799812
78.6407766990291,-12.7043785990099,-17.3121645294118,-0.233184565595012,-0.129387191984286
79.6116504854369,-15.1146369644905,-18.2804761899035,-0.148418759198278,-0.247816524736869
80.5825242718447,-18.0579249026237,-21.0457382158992,0.376889010497128,-0.0687403546379673
81.5533980582524,-21.0609822898462,-20.1391842193202,-0.397543515916915,-1.09650254397502
82.5242718446602,-21.1891444313742,-27.9932956184742,-0.669533547387124,-0.248224662975139
83.495145631068,-24.6597709958859,-28.3438009831505,-0.112625883923827,-1.01520853394961
84.4660194174757,-24.6538439461106,-29.8485973148774,0.540654616372816,-0.396037122757696
85.4368932038835,-25.955741736163,-32.2930582783957,-0.137171816382327,-0.745076734734251
86.4077669902913,-29.564085218396,-34.8524989221731,0.263160157769085,-1.32455679961914
87.378640776699,-32.8091402450907,-35.1479160348266,0.262062299606795,0.772383639103867
88.3495145631068,-32.9814595799325,-37.5645264744963,0.136667169311593,-0.269070297612024
89.3203883495146,-35.3781850387742,-39.4664295594085,2.07969563868407,-0.248799423313263
90.2912621359223,-38.555880686487,-44.4185274474461,1.76133903899859,0.83357341536081
91.2621359223301,-42.8205897283532,-47.7190545011106,0.898592317192268,0.641565215775194
92.2330097087379,-44.2507732807512,-51.3660360789578,1.63075329311292,2.16682077666099
93.2038834951456,-46.6524013175396,-55.0557935732921,2.32008560001384,4.51894348508511
94.1747572815534,-49.2310577606772,-58.0572930818623,3.65130316580081,3.36264456190032
95.1456310679612,-48.6958528520806,-57.4833135754148,2.48527810663562,4.34445714092646
96.1165048543689,-49.7204563324976,-61.3393975352652,4.53963078916396,4.69705489144783
97.0873786407767,-50.2038569350854,-61.9724780737731,5.95502997490402,5.28680147080025
98.0582524271845,-52.7753606883119,-63.0520636888383,8.25773713843786,5.5169450290121
99.0291262135922,-52.0162920092869,-62.5582385786931,7.0529546259996,6.8486002501536
0,-52.8615332665318,-59.0425436822859,6.21558291181157,7.07256692673882
0.99009900990099,-54.0027221136312,-59.7653230584661,7.28141517520483,7.68301367649741
1.98019801980198,-51.9092057707462,-58.5978096379682,6.08173655892909,7.30830577185665
2.97029702970297,-53.3967731809956,-59.0018234695521,5.61590857766249,4.63386500498438
3.96039603960396,-52.7908954444101,-58.5917877752741,5.20887610089566,7.00653723630808
4.95049504950495,-52.2790898525994,-55.6042161145969,5.97991335754661,6.10529911598421
5.94059405940594,-50.5648838520192,-54.2280585002418,6.35932071276963,6.55421044926231
6.93069306930693,-48.6376699350736,-51.1954973832906,7.94821313369255,8.44126554289612
7.92079207920792,-46.5504279098626,-51.3818130419487,8.8334024610302,10.0275412590269
8.91089108910891,-43.812631129338,-50.7701935632002,11.7075462898568,12.408892017998
9.9009900990099,-41.18342632385,-48.8636537592803,13.4327358826375,13.2123180171305
10.8910891089109,-39.945574462419,-46.5609938194184,14.4627730469304,16.0438506671749
11.8811881188119,-36.9952703223254,-44.9108516670922,16.5224391401083,19.3779261294416
12.8712871287129,-37.82868092307,-43.7402472431234,18.3188004327484,21.4159959658963
13.8613861386139,-32.9756016298264,-41.2070365026697,21.4087506183508,24.6446488178801
14.8514851485149,-31.2503593308307,-39.4327763033506,23.4507827889092,26.9709460508043
15.8415841584158,-28.5829859508948,-36.1734542029251,26.2187137091721,30.4764740874863
16.8316831683168,-27.3182925925471,-35.3857076923756,28.6514111778732,33.5754123646366
17.8217821782178,-26.5444460841371,-33.1291670653172,31.1094440129964,36.913599298506
18.8118811881188,-25.067154429315,-32.9049558738453,32.156063706887,37.9823641338917
19.8019801980198,-22.8070142900638,-29.812135656998,33.4068436639358,41.6364165344376
20.7920792079208,-20.1513219744907,-29.3047779703828,33.1793385207809,42.9433020962783
21.7821782178218,-16.9793512998147,-23.8336740922975,34.4329248307162,44.2408022361602
22.7722772277228,-14.5787980316187,-21.9877180258719,34.8422659748988,44.9101595349031
23.7623762376238,-13.3395946185275,-19.3499967278692,35.1230328362889,45.6293995516626
24.7524752475248,-11.2404223921843,-17.7541845568959,34.7556417214148,46.2034164669356
25.7425742574257,-7.35350335370203,-15.1204755570379,34.8993012375937,46.1185453465293
26.7326732673267,-5.52058567978921,-10.9217301634592,34.3942265765229,44.773341412344
27.7227722772277,-2.63869845727354,-8.66091876645389,34.7763967947964,42.6426123770963
28.7128712871287,-1.53364515553541,-5.5201086393208,33.9981783274823,40.9726455507868
29.7029702970297,0.568094577346915,-3.45678802543197,34.0339327329419,39.9058147099966
30.6930693069307,3.53556742586227,-1.08691800070642,32.9590696071017,37.0037134945948
31.6831683168317,7.44874562498394,1.91699289282722,32.0420973045039,35.3559809207394
32.6732673267327,9.22572356979185,4.16966351189183,29.867681301015,32.8746207905043
33.6633663366337,12.8057002418768,7.48262663410704,28.7501878449863,30.7601471243734
34.6534653465347,15.9747540761393,8.90185269101347,27.0711630522145,28.5815451673149
35.6435643564356,17.9981926829732,14.8909532889422,25.0125387035007,26.9464376046865
36.6336633663366,19.4348299994084,14.604177201663,22.951857175165,23.5166440026395
37.6237623762376,24.3038329690129,18.7037476142011,22.2996044346814,22.2724266907612
38.6138613861386,27.6238375022946,21.3486261439355,19.1681207239657,19.07493067869
39.6039603960396,29.0680126458026,23.0639351205868,17.8626000767041,17.3997378247911
40.5940594059406,32.0731741993889,26.7025156741925,13.3513172926006,16.3726689577055
41.5841584158416,35.4507877406706,33.9990031378975,10.6549188992538,14.1691377266647
42.5742574257426,36.6271366449594,31.7868131924163,8.36776890433261,12.1628031537833
43.5643564356436,38.441210636528,34.8519326556548,5.6803039675205,9.31387001510855
44.5544554455446,41.1835306228414,35.4783931023796,3.46942253305121,8.00106019312506
45.5445544554455,42.9808250185815,39.1794499303846,2.60533653360595,5.47131641775413
46.5346534653465,44.1859008881342,41.6628662263157,0.861990266335415,4.17094893911343
47.5247524752475,45.7538393562355,41.7110476969622,0.906065503955472,3.15852439550544
48.5148514851485,47.6591334183518,46.4082917436886,-1.35083435146902,1.93177968143991
49.5049504950495,48.943301428789,47.3731364998667,-4.03194183201383,0.478351937521179
50.4950495049505,48.6316588097206,49.0912140550935,-4.36901743036162,-0.530430696858088
51.4851485148515,48.1476790255147,49.2685887295558,-5.55893008135325,-2.82059131485873
52.4752475247525,47.5191443795421,50.0159776034781,-7.91664707728501,-5.7915634650143
53.4653465346535,46.3709216038382,48.3964122791695,-7.44780973544389,-7.87570257896257
54.4554455445545,44.5245128189066,44.7113111915526,-7.38548944596669,-5.86088658944677
55.4455445544554,43.3299660133614,45.1828415802628,-5.6504628881286,-4.67684356739448
56.4356435643564,42.639131760016,43.166930507508,-4.29161633072934,-3.79622770420686
57.4257425742574,40.4504834053813,40.2167454811499,-3.77970512510106,-3.7258810851876
58.4158415841584,39.3678879675545,40.5560038860889,-2.77624900966474,-4.03483170036969
59.4059405940594,35.6587347708362,39.237143581307,-1.95265136296619,-3.4142900357738
60.3960396039604,34.0172609489106,37.7281978484946,-2.3339685045621,-2.40671709252444
61.3861386138614,28.7614367481997,33.8457965175702,-2.60261361194483,-2.25085075668959
62.3762376237624,28.6972196726107,31.7403388553096,-2.67599380991322,-2.35498930892624
63.3663366336634,24.7683414541006,28.3655723840364,-2.20985661850665,-2.77735882801906
64.3564356435644,23.1031390000411,27.3650367531395,-2.32538629763599,-3.34776974097944
65.3465346534653,19.8479374344869,25.7865469630495,-3.07212745327401,-2.98897079423829
66.3366336633663,14.827608034981,18.764128116019,-2.72391928720484,-3.263222705459
67.3267326732673,15.7461794151525,16.6260658341563,-1.84985870276827,-2.18012339843238
68.3168316831683,11.2000019367603,14.0845113737922,-0.27351455030884,-1.56035063530019
69.3069306930693,7.00144358529008,11.3872315407024,-0.943775759836955,-1.45369201234836
70.2970297029703,5.58507080584253,8.77483122771657,-1.23457034550758,-1.65175126304285
71.2871287128713,3.00288201274176,3.9419040278267,-1.56794076552363,-0.734889611823398
72.2772277227723,-1.77282654610622,1.71875319658946,-0.0709732039988193,-0.560765219146094
73.2673267326733,-3.24650258637697,-1.86381544190206,-0.891294998840347,0.198947947086369
74.2574257425743,-3.46596754663892,-3.01574933665631,0.317506418873685,-0.582096836226534
75.2475247524752,-8.15703161185616,-7.14575490215595,-1.53119830790167,-0.572068373364958
76.2376237623762,-9.63391417203663,-11.7487176627953,-0.667426381293599,-0.188023399746242
77.2277227722772,-12.585913098727,-13.2701802863485,-0.914111244655949,-0.251123126997513
78.2178217821782,-15.2411251806091,-14.6085095162959,-1.08098628693436,-0.173942834376695
79.2079207920792,-18.3958990835495,-18.1285917135017,-1.38213971854346,0.520430722570762
80.1980198019802,-18.0668831499483,-20.428433991135,-0.732099348467905,0.859268859221168
81.1881188118812,-20.5764711871854,-22.7152538141002,-1.08710646047069,-0.530996130126235
82.1782178217822,-22.9055140877424,-27.5420047429515,-1.3758566092548,-0.441219008518508
83.1683168316832,-25.6730093170979,-27.6878304402809,-0.242410127617029,-0.770532487714353
84.1584158415842,-27.1398574576387,-31.3580423180995,-0.430175488391235,0.200096184641661
85.1485148514851,-30.9102378076381,-33.1487351220387,-0.259690267780428,-0.55471903663056
86.1386138613861,-33.159026944804,-37.0845477562078,-1.44460617658588,0.6315700440252
87.1287128712871,-35.8441655820915,-39.4744119128786,-0.333560924491109,0.828897661507454
88.1188118811881,-37.5136659712031,-39.6225653189663,0.00124779118030549,0.628624989507351
89.1089108910891,-37.9712790609137,-41.6824980188527,1.33629325759389,-0.0996174625296746
90.0990099009901,-40.560240502104,-44.6006625469187,0.948537713209954,1.69902930164856
91.0891089108911,-43.5649757497888,-46.3142850594253,0.975449737459263,1.50131501467642
92.0792079207921,-44.8674897587241,-51.7277837798587,1.61067721025028,1.73485519799701
93.0693069306931,-47.564586246152,-52.6739035147696,2.27970174376123,2.67975776657197
94.0594059405941,-48.9709439244004,-54.3001655278832,2.36425144028934,4.01872261207847
95.049504950495,-51.4564322969879,-54.7768561106149,3.8230778975337,5.45759592264055
96.039603960396,-51.0897817495574,-56.6974493004559,3.49992978209867,7.08974996619459
97.029702970297,-53.2366184520473,-58.7603241846735,5.77309212046559,6.05766828901719
98.019801980198,-53.2734650879063,-58.9792001505811,5.19523181087404,5.47395471339952
99.009900990099,-53.6093758491619,-61.1179002211675,6.18932860618968,5.76279445362619
0,-48.9702115036533,-62.9281893335201,7.64037527212382,8.22537846962663
0.980392156862745,-49.3589376651219,-58.8928021642539,9.66729381516154,9.65554132699701
1.96078431372549,-52.8264221424255,-60.6609401443058,10.6621126195141,11.5289106706058
2.94117647058824,-50.4326900524534,-59.0460271248961,12.6247243663452,12.6846125633614
3.92156862745098,-49.8545617867856,-56.3383212150019,16.0119730280834,17.3789424880745
4.90196078431372,-49.4499843370495,-54.8242714294297,23.0308239316768,23.7235681849165
5.88235294117647,-45.9322052896682,-52.7731300143635,29.1864175551763,29.4532535900053
6.86274509803922,-45.6062688304118,-50.6312298630157,36.5984611357406,32.6455142623187
7.84313725490196,-43.0602272380264,-46.9915274260347,41.472979430223,35.8721173656592
8.8235294117647,-41.1850677628692,-46.6761623649613,43.0969594710102,36.8896512963923
9.80392156862745,-39.820379698276,-44.4606176952523,45.7560463998015,36.7726692517405
10.7843137254902,-37.1764126399304,-41.3841865434101,46.0928780858215,37.7204936317811
11.7647058823529,-36.2056916653425,-38.2310298303022,45.9438277988679,39.4010819195655
12.7450980392157,-33.509699479651,-38.2295124716591,47.4489039100297,41.0028192180406
13.7254901960784,-29.6025331476038,-34.1366395866007,48.3134196148303,41.7820792278189
14.7058823529412,-26.0870570423037,-33.1796628106095,49.5912982020968,41.7795987140064
15.6862745098039,-24.1869679295987,-28.799517324165,48.6972573461931,43.0467394513611
16.6666666666667,-22.6271752507582,-27.8179964823012,48.797957825173,42.9996653290354
17.6470588235294,-18.9315484453672,-24.6016117794245,48.5323126252272,43.0686003750697
18.6274509803922,-16.059370259555,-22.7937013027488,45.3073445199317,41.9702961237087
19.6078431372549,-13.9556686737286,-17.8045338704879,43.8197559246573,40.6225740405232
20.5882352941176,-9.71688509755613,-17.566773888076,42.8500951288643,39.484567453472
21.5686274509804,-8.01503760679737,-11.9386883750851,41.1659933983154,37.1992638831793
22.5490196078431,-4.7718295179193,-7.79768999374982,37.5085611488764,34.2864082066586
23.5294117647059,-0.839443602231322,-5.02416578389127,35.0604739615183,31.8989780286567
24.5098039215686,1.55795408131158,-2.73768113778071,30.9283393551237,29.2209064757129
25.4901960784314,3.73213109610579,1.52675778375929,26.4707495022958,25.2158850869501
26.4705882352941,5.56861754488986,3.8970236774781,21.1016942560427,23.320184323556
27.4509803921569,9.10723851481306,7.36023398804452,17.5956874227801,21.8082538354516
28.4313725490196,10.0767792593454,11.8125119507072,15.969587169135,20.4784463052437
29.4117647058824,13.0488791185927,15.7486910978455,15.4433852761656,20.1545913788844
30.3921568627451,15.2075392122686,18.3202920899906,14.3539523860044,18.6116730616746
31.3725490196078,20.7134795798721,21.3217534327512,13.2417205099862,16.4299894727809
32.3529411764706,23.2117012310941,22.9629989604747,11.7051810266903,15.5626989767753
33.3333333333333,25.1351976386025,26.7369658626372,11.5408462277572,14.1563366606006
34.3137254901961,25.7150203689292,28.9699226147881,9.6815162695785,11.032387365385
35.2941176470588,29.1578958191431,30.8134502465566,5.60891044559936,7.40111615397538
36.2745098039216,32.3055663858527,28.3448326016618,3.13294603012701,2.69458732962639
37.2549019607843,35.0826820683651,32.6165551062506,1.0090015869394,1.12626957743112
38.2352941176471,38.237865586282,35.2833204521116,-0.520712465250205,-2.61627115845073
39.2156862745098,38.2447324965756,38.4257338959079,-2.94088533333222,-3.99170767934029
40.1960784313725,40.8297315203157,38.3081499379305,-2.32420720342092,-5.1562417748293
41.1764705882353,39.6541939062498,36.8887420778212,-2.04601442994145,-4.21986348445432
42.156862745098,39.7461687080697,39.9192184047415,-2.76403608837703,-2.85749594774185
43.1372549019608,37.4153122945714,40.673542504826,-4.3870890634197,-2.70530555387687
44.1176470588235,40.4830802518614,40.0363750517169,-2.85301125971657,-3.97315689611727
45.0980392156863,39.7595993400016,38.7451958353299,-1.84597514431955,-0.0315179204220345
46.078431372549,38.2616685006961,42.7636785468109,-0.11710293689707,-0.92238807773949
47.0588235294118,37.7879063262053,40.3603657569905,-1.01807525979715,-1.9705333583168
48.0392156862745,39.2555007481071,39.0157480786594,-1.67610586344183,-1.27824385273588
49.0196078431373,38.3785811196421,39.1285533238513,-0.953596636712784,-1.05736750136209
50,36.5191613589509,39.4219250312293,-1.53162303723098,-0.553195285521688
50.9803921568627,38.316225087075,39.382071143756,-1.63062650614554,0.0201130773923726
51.9607843137255,38.4714905330012,40.6591259527659,-0.633429124139892,-0.959182448821576
52.9411764705882,36.3029479606321,40.4410732378713,-0.81966531803498,-0.882938755186771
53.921568627451,37.8212606073101,37.2479588645537,-0.639758562958489,-1.73428153908765
54.9019607843137,35.0775414006886,35.380259513761,-0.363915941131568,-1.67976190459057
55.8823529411765,32.9320595314407,35.0595157546251,-0.310949624435536,-0.968069991364573
56.8627450980392,33.0993581587489,32.6654823683157,-1.24343491901732,-0.875773544483826
57.843137254902,28.6660769755467,33.4663987719486,-1.10190066597892,-0.454497937467371
58.8235294117647,28.2777841870642,31.8826934199792,-0.48848090995587,-0.166107665465375
59.8039215686275,27.2128789773687,29.5871743561834,-0.841674735337527,-0.175237688851761
60.7843137254902,24.2538879980212,25.6553492431697,-0.834505029025861,-1.71143949365681
61.7647058823529,20.4449478637007,24.0495387807339,-0.242837135858483,-2.06171563255853
62.7450980392157,18.189708466402,22.2514030189253,-1.26869444360514,-0.933666967482916
63.7254901960784,17.2041368937086,18.8405698681326,-1.04577246755832,-0.879086265169204
64.7058823529412,13.0805503638452,17.652524865127,-0.625397548719395,-0.913683028345075
65.6862745098039,13.0264958891651,14.0890654830018,-1.03802078752204,-0.879745141581518
66.6666666666667,9.8858356233151,12.701252277202,-0.637213318558987,-1.02708000840991
67.6470588235294,7.44709518255149,8.65081838315906,-1.23062056177001,-0.822419710961029
68.6274509803922,6.7260537192178,8.37654059640047,-0.643322895255127,-0.588987345030009
69.6078431372549,4.06650215103954,6.6426781080571,-0.631207635270195,-0.55535897137564
70.5882352941176,4.68077341169961,4.99075865766392,0.0343955116810916,-0.829355290407806
71.5686274509804,2.37465897029463,1.75072829780047,-2.08497130776952,-0.612508020701641
72.5490196078431,2.58230185598209,-0.258349032718703,-0.630602967350355,-0.234192985591318
73.5294117647059,-0.257344523385318,-3.54528867926358,-1.13034520381676,-0.535772850879792
74.5098039215686,-2.90534977519575,-5.36741312639547,-0.468631921008256,-0.804973778985618
75.4901960784314,-4.64776918854752,-7.95659700661532,-0.847562108206624,-0.407395724070103
76.4705882352941,-7.28145311244571,-7.11464353368872,-0.664638466117704,0.529373910734189
77.4509803921569,-8.54887770869047,-11.9682695811066,-0.697475910775756,0.245600053711593
78.4313725490196,-8.7792112620206,-12.8423264408054,-1.77429572235481,-0.349752019188342
79.4117647058823,-12.5895891560444,-17.8907552630744,-0.638660798008556,-0.331462044197124
80.3921568627451,-12.612153368417,-18.9130106088356,-0.588983915416016,-0.959058825427192
81.3725490196078,-16.4658557351629,-19.7164553592733,-1.65340149370109,-0.772921145382273
82.3529411764706,-17.0544251706027,-22.3671161966506,-0.876805495244203,0.088126236338636
83.3333333333333,-19.7872926986698,-24.3539529801028,-1.75784432747988,-1.20346701316641
84.3137254901961,-20.5007020905556,-24.0245459019156,-1.51461005465844,-1.03715385587298
85.2941176470588,-25.6549034358579,-30.080262797534,-0.760173097879078,-0.817474635492408
86.2745098039216,-27.6178485343641,-31.3315071251608,-1.4147032846122,-0.914356283099235
87.2549019607843,-29.2873719966281,-34.5250028703747,0.578197051690004,-1.75717697921833
88.2352941176471,-33.376109415299,-36.857707682309,1.25722719267091,-0.876340303874771
89.2156862745098,-34.9666460914865,-43.0165857733746,2.12253692106376,-0.609702461173058
90.1960784313725,-41.5418487353939,-45.6840031748989,1.33066862547331,0.781434171393362
91.1764705882353,-44.3583567755108,-49.23626802442,1.26663996168335,0.879415205308497
92.156862745098,-47.8870785290001,-53.6558973812417,2.07186592743873,1.84327656153509
93.1372549019608,-49.5171786859826,-53.275409660454,1.7541863574365,1.97563043707697
94.1176470588235,-49.9576121539006,-55.081369428836,2.86464556704808,2.5723705878856
95.0980392156863,-50.9657199654258,-57.4141872777272,4.13441259322583,3.22048861416639
96.078431372549,-50.4935764655063,-60.579458403716,5.40563999128391,4.20877153465737
97.0588235294118,-51.230504634472,-61.0836846773298,5.80312001988501,5.54445927064679
98.0392156862745,-51.8395840873729,-60.9727507857091,6.66042063018402,7.81447069865673
99.0196078431373,-52.0577035115168,-61.7786808315981,7.43366209720612,7.08838541531564
0,-47.6024468417777,-61.1496497982407,6.19515547880936,6.55959023112064
1,-48.6532661557959,-62.762946821569,5.69101622195743,6.85955969133542
2,-47.2196554096871,-61.2881277474216,5.08715566852831,5.03028312383351
3,-47.2691624117099,-59.5199851781566,5.46238087005121,4.22491186427286
4,-48.0720880072502,-58.8676022210773,5.21499157545421,3.66890521830908
5,-44.2418378995876,-56.3211999018908,5.4161190158843,4.88035104143451
6,-44.533076287569,-54.4739776542882,7.60232304593576,7.20184031499391
7,-41.0874906623328,-52.0372264295057,8.59783080456772,11.8184994477066
8,-40.7614452747552,-49.7437037007125,12.2339325695784,15.7428221603874
9,-38.0623985223881,-48.4635455729233,15.6661645893771,16.7559330632377
10,-34.8080700505965,-46.744534803339,19.1633270866915,20.2895352244194
11,-34.2680286580791,-43.619121892106,23.7729905566796,23.4340034943306
12,-32.3830528048309,-43.2723460467808,27.4913667616852,25.3940864383568
13,-30.0602622309943,-40.9494032376348,30.3535343672647,26.6187467968853
14,-28.7172902488347,-39.1583713038764,32.4042058122156,28.8133651620075
15,-24.7295748270259,-35.4053646963073,34.7275278740855,30.1743944298267
16,-23.5109012764251,-33.6232279144011,35.3356648981385,32.1365439868086
17,-21.4551127012519,-32.5535428006279,36.7909975037113,32.5392678734556
18,-17.9345460592971,-31.5694098359193,39.1859363714658,33.8614013551957
19,-15.5177119397121,-27.3755690717174,39.8439351896915,34.815756729933
20,-12.5010766037484,-24.5348135284704,42.0142922689885,36.720431148576
21,-9.26148136545384,-22.3688947949866,42.3788094400724,39.2163343643428
22,-8.23996566802218,-18.4319702708301,43.7614887879015,41.0871321591292
23,-5.45389327426463,-16.2213796943608,43.1515453082227,41.1937135558574
24,-1.65917715081163,-13.9706457448722,41.1689926371885,42.2196993037658
25,0.693588745863368,-12.0224185206014,39.6245599786896,41.5485734965164
26,2.5465745533028,-8.31547948294154,36.4828126711217,40.2637615425549
27,4.16642455588003,-5.43651925468405,34.3206130816688,38.9089522308546
28,8.69697274014038,-3.18201961717689,30.6080952515497,36.5207446070862
29,10.4409298349097,1.40338200700625,27.6283094418338,34.3587601634801
30,14.8289214221532,5.06258153751411,25.3123113895605,32.1658703208213
31,17.0100721477853,6.32214662151932,23.6729908784005,29.8720440891191
32,20.5651574521567,12.7410502863959,22.0326269452976,29.2841448816647
33,23.4589998081315,13.5051447967614,20.3293397001667,25.9509757881893
34,23.4417239206378,16.9122638496601,18.0287415893008,22.3736136556684
35,26.5435642412771,18.2851644879715,14.6727217557329,19.7237238587248
36,28.8971427727034,19.7953936668976,11.3189321418308,15.4990327801546
37,31.8306398543809,23.4096475010565,7.33028422110103,11.6938342240023
38,32.3167764253607,26.4902761614534,3.75543337218616,8.41360188896483
39,34.4194832825049,26.5848607780977,3.00420971346586,4.33092298268473
40,37.77428601437,28.8824558965889,1.81855314511418,1.49528973727735
41,38.68167857563,31.3284174456504,0.96077706390732,-0.691514084841762
42,40.2005595567512,31.6257357466407,0.344789043569068,-0.816196997141634
43,41.6473174709199,33.4418080110836,-1.24343274050327,-1.99411966240361
44,42.4378568910146,35.2315679977695,-4.11272112951323,-3.34137573683847
45,42.4121170622659,38.6463772938602,-3.62337129668177,-4.99091297075955
46,46.31352239673,36.7238085331737,-2.57391407273197,-4.8576618343574
47,43.1584396982792,40.5684823166377,-1.86560778713788,-4.14226106910395
48,43.0373753127485,40.9049832911978,-1.23646617852471,-4.83020523198526
49,42.0846887594336,40.1500316649414,-3.43939996933717,-2.88229286517299
50,43.0393393662156,40.3249046651672,-4.59868422171405,-2.69605406509033
51,43.7401242145439,40.3745233198938,-1.95680238074885,-1.99579229976963
52,40.8350133484778,38.6273086527779,-1.5767165077315,-3.24152557908704
53,43.2606672552976,39.74559323481,-2.68988785471722,-2.63186160771672
54,41.7832263438533,38.7965478039468,-1.77301141472235,-1.35268100926583
55,40.3095212353709,38.4654461657631,-1.81572870353433,-0.442699135309451
56,38.7968691192667,36.3163119496358,-2.0804185416697,-1.29787070813053
57,34.5739108820628,36.0726833397533,-0.144699952369863,-1.45142533646881
58,34.1911066583681,33.6537907300257,-0.929840439202245,-1.4107507499876
59,31.6233145044848,32.582118352023,-0.282044143043623,-0.904675721652262
60,31.5346985883415,30.7459189316901,-0.948164277033612,-1.51285649444329
61,29.0497238172123,28.4742819234209,-1.05035248930817,-1.75912869572721
62,27.5964315318777,27.512301131387,-1.38323197949858,-2.93308164080131
63,24.9805527954215,24.3835612923632,-1.2317596774164,-2.96932190821048
64,23.2743813190064,20.8492269325057,-0.951773806793576,-2.35656039966476
65,18.0338678140901,21.0305428328525,-0.145516773838853,-2.49830425376327
66,18.2619466632985,20.0256409947912,-0.752197452951987,-3.23922662074007
67,18.0294498158514,15.5468407255763,-2.21153504310979,-2.67175298781832
68,13.6641328515971,12.5758360568967,-1.39046206846804,-2.95640026126476
69,14.0132607971458,10.5294707489664,-0.717944018096987,-1.78160354694146
70,12.1586034934067,10.338851099023,-1.01055639808358,-1.75935625568345
71,8.45441848164696,5.1790466946964,-0.87332631849873,-1.90002432860711
72,7.01827164136311,2.09124710177678,-0.847649507546837,-1.3286895029875
73,4.17675202778615,0.566086913707458,-1.03716146761041,-1.31969369455122
74,4.49352201363586,-0.28615273142105,-1.68708020625706,-1.05173855269696
75,-0.00850292687453735,-3.11832794266875,-1.90462427451801,-1.12943707219619
76,-3.92735885821797,-5.82453066571383,-1.86224654439228,-1.69285990508882
77,-2.8363632127291,-10.1486267590799,-1.24487654909227,-1.78090933692764
78,-5.38493320400536,-14.9163019336752,-0.537329741189977,-2.01989171923002
79,-9.39073710699904,-17.5098726487496,-0.586190905600767,-1.14788917142165
80,-12.7060707148194,-20.0771266489131,-1.19110880953934,-0.661105512861628
81,-12.9052995028637,-22.0015850049226,-1.16569024669266,-0.520406055728129
82,-16.2037326278864,-24.4536898325702,-0.268897240320213,-0.199623577082491
83,-17.5937399665244,-27.7950134865494,-0.605209842526812,-1.08228698771395
84,-21.976492493236,-29.9625548829852,-0.412147901891169,-0.56876256752566
85,-24.5214416318803,-33.586334618567,0.422113669743119,-0.114988088087546
86,-29.0804454000768,-36.346969830826,1.01091441996301,1.43386537935898
87,-28.5786326693142,-37.619774255118,1.52672030136294,0.396527465771892
88,-34.1325278365518,-41.0281908218242,2.4685081993866,0.511742776970477
89,-36.0353744828949,-46.5317912353143,2.86074372900561,3.18525704227102
90,-38.6044843306496,-49.2877701443795,1.78215139991276,2.10229982658541
91,-38.971071526194,-50.3333894164805,2.05401353554422,2.02757378516681
92,-42.2269009678229,-51.0429496452304,3.85766370289033,4.07747394002726
93,-44.1624547717063,-53.416686812334,4.38874519092565,4.95209540564112
94,-46.3876990761802,-54.5497845963752,5.24543494718619,4.21378420366755
95,-48.0049542116892,-55.3422539320462,6.19672505330588,5.29747115039009
96,-45.3113656801939,-55.797451831779,6.81529450600953,6.01455275746262
97,-48.1211054086571,-59.0809196243043,6.65527178024349,5.87883463871084
98,-49.7973888232246,-59.8932930034649,8.25391368302062,6.79864949923981
99,-50.2266507396995,-60.3132786286336,7.72595729775021,6.0851746549457
0,-64.9534859466755,-66.400519224387,6.56004104063633,5.92103763340291
0.99009900990099,-64.629236108434,-63.2022413513498,6.81360908352984,6.75594785435751
1.98019801980198,-64.2891094416046,-63.3283692300596,6.36145792341268,5.99064289066315
2.97029702970297,-63.2518400698812,-62.0536267776487,8.02595585550333,6.5020255712641
3.96039603960396,-60.9070053012645,-62.1544597925503,8.95528826933524,7.39681743001355
4.95049504950495,-59.7302500326516,-59.2291319282755,11.7030474495591,9.98135471974699
5.94059405940594,-56.7334858578215,-58.1547880487662,16.0541057369725,14.0903748470813
6.93069306930693,-55.6330813857813,-55.9057012989663,20.8379573854453,19.6637501648948
7.92079207920792,-52.377191425704,-53.7475927389286,24.4539902012361,22.6853971206179
8.91089108910891,-51.7482303570805,-50.8985641034201,28.448802633574,26.379262755055
9.9009900990099,-51.4951777257045,-50.6166631792394,31.0426654248799,28.2497157383442
10.8910891089109,-48.9976961109809,-49.8540940527627,32.3371867375431,29.8795535101487
11.8811881188119,-47.4345906259662,-48.2201866915475,33.5980954191851,31.6392057297517
12.8712871287129,-45.6575261600986,-46.2886245294538,36.4094173207889,34.6151773308051
13.8613861386139,-41.422282854965,-44.7129128582204,38.47057014392,36.9535557466414
14.8514851485149,-41.0039426434414,-43.3012887895719,40.8187831017144,39.6651347730926
15.8415841584158,-35.5382343919423,-40.7653546181505,42.9609258647147,41.3535821947446
16.8316831683168,-35.2039771676878,-37.9778675051594,43.7988749459831,43.2582650442264
17.8217821782178,-31.9887711555043,-36.357359654794,45.8002598858275,45.9815036903307
18.8118811881188,-30.1549663396257,-31.3614155866193,46.3124706243438,46.8264104365711
19.8019801980198,-27.582459367911,-28.862862341403,45.8046247228417,47.8269788574025
20.7920792079208,-27.1707880835636,-26.7323213412621,46.8851385631372,48.414437767387
21.7821782178218,-20.5827697016371,-22.9582771043216,47.2309297109774,48.7046239363716
22.7722772277228,-21.6379090075019,-21.4246165780261,46.9888814741578,48.2269554369759
23.7623762376238,-19.5793802326813,-18.5308222850961,46.009871357236,48.5358301642878
24.7524752475248,-16.965021453482,-15.2588846100544,44.592247633093,48.7240464836272
25.7425742574257,-12.5861646087458,-10.0477686083345,41.6938421220427,47.6202114319164
26.7326732673267,-10.7975687603912,-8.97291519420789,39.2757849204034,46.6297833263759
27.7227722772277,-7.97179304511343,-4.1528099078537,35.9034827712887,44.0071691276327
28.7128712871287,-3.3287634337689,0.209526624702165,33.2417827157089,40.8616296640055
29.7029702970297,-1.40403558681944,2.28287753345051,29.6569400180545,37.5683119056951
30.6930693069307,1.63631563676992,5.1028472542999,27.1139253545671,33.4912785371827
31.6831683168317,4.17620705841335,6.84880813632533,24.6576089438918,31.0085632338019
32.6732673267327,9.36150288166335,12.6429325680054,22.5038095479601,27.0183594178149
33.6633663366337,8.0680021036712,13.0883541083861,19.6663380737761,22.6003494282633
34.6534653465347,13.5664496139617,17.7152277974499,16.5685165571678,17.5553196065707
35.6435643564356,16.065447350186,19.2437820678875,12.7584357237314,12.8408231272162
36.6336633663366,19.3613806282285,23.5811250330018,8.85154680953017,8.92973448829193
37.6237623762376,21.4380056054595,27.2588544877497,6.06172657380216,6.70443248155457
38.6138613861386,25.0197532157019,30.4603714518899,2.94844112817475,3.10270481553665
39.6039603960396,26.5086633605971,32.1726392693917,1.82257758281806,2.11367693282918
40.5940594059406,28.0221706325026,34.0224442643807,1.16466202128851,1.51511316434334
41.5841584158416,31.0565654423067,32.5702090479743,0.833838937643909,0.814969838917432
42.5742574257426,33.804305746004,34.9464731390691,0.303529614699327,-0.0577925236724445
43.5643564356436,36.9031675762876,42.3709708629106,-1.90141483412941,-1.79349483307478
44.5544554455446,38.1456677881931,43.2949480640478,-2.94567559359602,-2.41355763155045
45.5445544554455,40.6263773220059,43.7853709893193,-1.74557224051839,-1.54833841139401
46.5346534653465,41.6968761058542,46.0476118950366,-1.2513847102482,-1.88989338666608
47.5247524752475,42.7215797292966,49.0635068028279,-0.923209254456671,-1.64605484451126
48.5148514851485,43.3182951653915,47.8761683096345,-0.501794733910932,-1.79882488138094
49.5049504950495,40.3657609774534,46.3973135995534,-1.05307895729436,-1.15189029203177
50.4950495049505,40.7605750600169,47.414334403657,-1.10086089045042,-1.23762413114818
51.4851485148515,40.294107863352,43.3479867605448,-1.49758920094479,-0.700256084618271
52.4752475247525,40.831742659052,43.9296527829463,-0.349209666512065,-1.62182420179248
53.4653465346535,36.3831312782904,43.0694969420731,-0.629072872754999,-1.68080989970032
54.4554455445545,33.9229988075111,43.8948938400897,-0.826154555992128,-1.37347598177909
55.4455445544554,34.0426496695447,39.8181488626586,-1.43643624181417,-1.72406755916408
56.4356435643564,31.4492583174348,40.0620155670807,-1.2542323204757,-1.53048902719895
57.4257425742574,32.7945922694648,38.2127045602368,-1.4218843014547,-0.395662487065629
58.4158415841584,27.6817978554349,36.8166187481668,-2.23772269542856,-0.911732533869472
59.4059405940594,26.5956582895887,35.5148356926996,-1.7430777167492,-0.688454293819722
60.3960396039604,20.7326924072098,32.7765253107367,-2.51973869153984,-1.82713077199151
61.3861386138614,21.1415963517434,29.264076560356,-0.518994295600623,-1.78480113758612
62.3762376237624,19.70676647552,27.8881376982963,-0.11286921102958,-1.75413849413032
63.3663366336634,18.176501904322,24.152895169504,-0.921322498329793,-2.92899086919314
64.3564356435644,17.466338897774,22.5055298016216,-1.13186763267115,-0.996254579986988
65.3465346534653,12.709220154032,20.8366576444684,-1.9907086641198,-1.30625045320317
66.3366336633663,13.2110886402513,20.5530988318008,-0.71279301660899,-1.86975789486192
67.3267326732673,9.70171054248128,17.9226406421282,-1.3393114596165,-1.42291170656656
68.3168316831683,6.74675142190766,15.5926300062522,-0.877347116235019,-1.80647463392159
69.3069306930693,6.19888924555649,10.7719317036343,-0.137334305785818,-1.87351974809117
70.2970297029703,4.5301882478154,9.17239770881845,-2.20202259994585,-1.8997616249772
71.2871287128713,3.69608158488235,5.85847369158646,-1.73399769081024,-1.08701092740939
72.2772277227723,-0.894459463168683,4.01994771821305,-1.01909146828699,-0.60852353124115
73.2673267326733,-2.87495326311915,1.64618496089335,-2.21922443779035,-0.856940036731514
74.2574257425743,-5.9303548806942,-1.217252886705,-1.8282795203073,-0.858364141505185
75.2475247524752,-7.05949423704456,-4.42123156461009,-2.17433593702796,-0.878811713442609
76.2376237623762,-9.914556143087,-8.15275376667498,-1.45655173633285,-0.13872167456384
77.2277227722772,-11.9596348609464,-9.80267343040939,-1.71328167182167,-0.521634781733948
78.2178217821782,-16.1122194709476,-14.676598175261,-1.23498578656009,-0.314668311252152
79.2079207920792,-17.8012449797281,-17.0134664733197,-1.3434104158366,-0.42566790508709
80.1980198019802,-22.2909278998256,-19.2230974510565,-1.4043278311068,-0.513538877867737
81.1881188118812,-24.2334088349474,-21.7467267227256,-1.14164933909425,-0.845267602966753
82.1782178217822,-27.1592335716348,-26.3046230548017,-1.68470973550127,-0.994330707936055
83.1683168316832,-29.361106200597,-26.5755461664585,-1.75943237928407,-1.01236693045929
84.1584158415842,-31.810434970065,-30.0499203334528,-1.30603339615696,0.0484059308753784
85.1485148514851,-35.9262294515312,-33.4751289001491,-1.40726823567305,0.423070515206161
86.1386138613861,-38.9827406868063,-35.8714156421686,0.0536506824239857,2.28160022285212
87.1287128712871,-42.4296634092908,-39.3668346262004,1.54915070799605,0.84141691261661
88.1188118811881,-45.4950967599728,-44.4714399189128,2.62825036089551,2.654181257356
89.1089108910891,-51.5158968688921,-48.5960405826728,2.63086405854792,2.06436417827931
90.0990099009901,-53.445523428714,-50.3551820650724,2.4065743187121,3.00675751663704
91.0891089108911,-52.9236945516653,-52.0799462330699,2.79389842927805,3.46985863261896
92.0792079207921,-57.8471935483644,-55.2271518218866,3.00578359749394,3.6057405981215
93.0693069306931,-59.3276058643326,-56.9648375247246,2.89771550065851,3.4522763942967
94.0594059405941,-61.120594122545,-58.7301099385311,2.95599410144998,3.30777563765724
95.049504950495,-63.7379140232898,-60.7454487991989,5.21936438474027,4.00340051624554
96.039603960396,-65.1144387722074,-60.1295156075266,4.85592843102877,4.73157210724967
97.029702970297,-64.7041997675517,-64.0266123200626,5.37186639751212,3.96875667821039
98.019801980198,-67.3234420750602,-62.7071998502675,4.86448460305241,3.57270243813034
99.009900990099,-66.9869495343972,-62.0137630794338,5.97778268289846,5.71395764693567
0,-55.8038841035454,-61.2778341225412,6.32194916562756,8.35025334261825
0.980392156862745,-54.861521414677,-61.1289592850693,6.96670961864182,9.29542135016748
1.96078431372549,-54.9223665853635,-61.8166285111061,6.42720677981387,8.16115456358827
2.94117647058824,-54.8612079734572,-61.6484858290834,8.70845771803292,9.19395369506019
3.92156862745098,-53.8181411635989,-57.5754015840205,12.4515709961983,13.850141617886
4.90196078431372,-50.4790963780425,-56.4742080491502,18.5200109279428,16.0203782729158
5.88235294117647,-47.1495962799807,-54.6121336211014,21.4444656717075,20.747522628172
6.86274509803922,-47.1495308919916,-52.2622105226813,25.8406512773515,23.5475721372421
7.84313725490196,-45.4289162110976,-51.3181079871667,27.5542107641079,26.6750141058604
8.8235294117647,-43.6488419159663,-48.575166758766,29.739193652807,27.5622497931098
9.80392156862745,-42.9362884788578,-48.7382673791861,31.2748090447083,29.0187775535771
10.7843137254902,-40.7901899415368,-45.1652772118803,32.6608705403923,30.4631338582831
11.7647058823529,-37.1651067041561,-42.1059335354701,33.6577382061613,32.1472628166837
12.7450980392157,-37.696081701544,-42.3602587291912,36.4949364075176,33.1838747251384
13.7254901960784,-35.4840428312831,-39.0800476563308,37.7158513803729,36.253100101125
14.7058823529412,-33.6648258773425,-36.3968026219587,40.4751190586701,36.7819269009414
15.6862745098039,-31.2560419526227,-33.9623933819518,42.8342457825543,38.4595097213827
16.6666666666667,-28.2088910671941,-33.0982455083673,43.6565556874624,40.3586771242179
17.6470588235294,-25.1561357415822,-30.9134447298105,43.3677475675804,40.0899282207355
18.6274509803922,-23.8189009850626,-28.438878380346,42.7417067022698,41.7831428128272
19.6078431372549,-20.4384021423481,-25.8065750475447,42.7746162904355,42.2810413056701
20.5882352941176,-17.8605423542842,-20.586848872663,42.5212806695781,41.6022647121008
21.5686274509804,-16.9636048125771,-19.7332819512346,42.218790654947,42.5174797962367
22.5490196078431,-13.1352939295943,-17.4142279467095,40.4777891158465,41.382463911107
23.5294117647059,-10.5691404871335,-14.1089529667828,39.2411992351202,40.8218897987622
24.5098039215686,-9.06273998447005,-10.0988476045644,37.0427956074195,39.1450599422874
25.4901960784314,-6.00788286277156,-8.64693510051212,35.9985079207933,35.1670259553601
26.4705882352941,-2.2059530436963,-6.99332769133495,33.3156675331031,30.8874368403367
27.4509803921569,1.39834611882465,-1.05141122420888,31.1528739600197,28.5422294804222
28.4313725490196,3.94419689071922,0.680042945933297,27.9400029144793,26.0453238832593
29.4117647058824,5.79307037059667,4.57755048121435,25.2470812119234,23.9617313845114
30.3921568627451,8.93793087330851,7.7245162851657,22.34028897407,22.0880888040231
31.3725490196078,11.1500223851619,10.7755709469295,19.8480979242922,19.0738611466806
32.3529411764706,14.2527930623784,14.9418446590611,18.6343037259087,17.7237955633051
33.3333333333333,14.8195996825859,14.8859971896482,17.0061282301158,16.1519648096312
34.3137254901961,18.9480077810723,19.4364200871662,16.8997772082621,15.1596500797537
35.2941176470588,22.4460192954997,20.5569328483638,15.9042151911526,14.3418969185284
36.2745098039216,27.0160940089927,25.6726472470817,14.8246796617903,11.6426348969425
37.2549019607843,29.1159190268811,27.2185892943722,11.7995859865659,10.0689417807057
38.2352941176471,34.1313297255729,27.3347860895493,9.50533882875614,8.62937131895059
39.2156862745098,36.1023181327853,32.0366705696358,6.49417150405495,6.67732687861139
40.1960784313725,35.1048404305219,32.7227740762352,4.58655291550133,4.35348047818355
41.1764705882353,37.2848549952825,34.9589715010443,2.62043336692315,2.88076262231035
42.156862745098,38.9727619020919,37.4692310323041,2.21120745699057,2.55438322162017
43.1372549019608,39.053586279121,38.3852864440508,0.583873430854021,0.0253227286815898
44.1176470588235,39.2995183977012,40.6446524015053,0.512159818911569,0.586078880295214
45.0980392156863,43.1308801732172,40.5491601838124,-1.33131821508272,0.211384965358352
46.078431372549,40.5756036377742,42.3036338779768,-2.90929543441353,-2.17279648985384
47.0588235294118,42.1576842402122,43.7091972464838,-3.28370299080173,-3.06372138218738
48.0392156862745,43.5040608651413,42.3942480449282,-3.18391944969017,-3.83899771499744
49.0196078431373,43.7108644173347,43.6044030715787,-3.64193215712834,-3.62175235008971
50,42.6757276308759,43.9900214223606,-2.50792712852274,-3.368764714475
50.9803921568627,44.4481936753925,42.8963954965203,-3.78377011936095,-2.31733936166522
51.9607843137255,41.7489336925369,43.5069374494533,-2.72831763267339,-2.18778995031285
52.9411764705882,40.3687887735565,40.7630580178959,-2.66886742473555,-1.69215676232022
53.921568627451,39.7377099120961,41.0403241017325,-1.91549560190589,-2.49213714551714
54.9019607843137,40.3675185894163,40.0217191454715,-2.20276826403476,-1.1949187910454
55.8823529411765,38.9948325567933,37.4108347823928,-2.07727558268118,-1.6183725611525
56.8627450980392,37.6780894846976,35.5839043787398,-2.23383218465209,-1.24802562850778
57.843137254902,34.9594757125705,34.0310584435761,-1.25413156886153,-0.468181113868116
58.8235294117647,33.1303107053578,34.5857057479678,-1.36763645559231,-1.57574627615694
59.8039215686275,32.009683066441,31.8874764292662,-0.885215189722039,-0.661992481555883
60.7843137254902,30.8472812316493,30.9563178206764,0.0294344080167234,-0.800045339702039
61.7647058823529,30.458254071456,28.2610876314751,-0.413111501146155,0.510500504335029
62.7450980392157,25.2655967380808,23.5341186065568,-1.22780808401715,-1.25312976894334
63.7254901960784,23.8072303388196,24.3327453951275,-0.338439278739783,-0.787506221107839
64.7058823529412,21.8043035497057,18.3789198354946,-0.283803003145105,-1.43534341131055
65.6862745098039,22.582473230127,18.7899023535689,0.425445784268141,-1.83024123229996
66.6666666666667,18.3593519644582,15.0840609410242,-0.565130955684149,-0.523330940023135
67.6470588235294,16.4043182439378,14.6980938758652,-0.518448516306599,-1.50640843665841
68.6274509803922,12.2127043821136,12.3825690804944,-1.36245137641277,-1.28535952616187
69.6078431372549,11.2656481197843,9.15613615092204,-1.01474183221245,-1.25134557388955
70.5882352941176,11.7072000331292,6.90210331713217,-2.09939920047437,-1.87297729305421
71.5686274509804,7.53873473749123,4.8728044217403,-1.28739632769986,-1.78685094545327
72.5490196078431,3.83630424128675,3.43933263601748,-1.10049472747513,-1.20515044074847
73.5294117647059,0.677187492345857,0.802317659764998,-1.00978707133644,-1.24052134777643
74.5098039215686,0.967054478904126,-1.43154934344821,-0.8388228822641,-1.51631336314075
75.4901960784314,-1.9272756697837,-4.12661728447124,-0.392245371691001,-1.37396447613407
76.4705882352941,-4.84839610842724,-9.09741690884145,-1.25406699596078,-0.287005907931877
77.4509803921569,-4.61479496520248,-9.97791019689926,-0.2711561176859,-0.562509154908426
78.4313725490196,-9.34973428553922,-11.9321599707461,-0.650382984486494,-0.135882480520185
79.4117647058823,-11.0268279653722,-15.9810499978839,-0.422202103082129,-1.05122854428271
80.3921568627451,-12.2019044729846,-17.9533730891196,-0.332320330084264,-0.814061272756373
81.3725490196078,-17.4981044940834,-21.0519553860082,-0.054795760613117,-0.316558029585517
82.3529411764706,-20.6773907247529,-23.4118197759895,-0.400094466719302,0.0624625069777085
83.3333333333333,-21.7185626415665,-28.5583345035781,0.347265406695468,-0.316366274443973
84.3137254901961,-22.8247251021367,-30.1128847924544,0.6068800343714,-0.592080111428406
85.2941176470588,-27.037816047638,-33.2523893080123,0.596300173729305,0.76328089505461
86.2745098039216,-28.6033089119997,-33.6704670105302,0.746798854732209,0.975265549610909
87.2549019607843,-30.9397958848175,-37.2060703297821,0.761294860344975,0.974845846172651
88.2352941176471,-34.0188450485912,-39.8598096962271,1.63109597158708,0.578306087478251
89.2156862745098,-36.9618120866773,-42.8463057982784,0.535384126609646,1.64565147772489
90.1960784313725,-39.0075313920507,-46.0019004376621,0.939211961207729,1.66607478522183
91.1764705882353,-39.7546108091244,-48.5025754948855,0.938593220403697,3.10468711946238
92.156862745098,-43.4433421454314,-51.7693734383947,1.20534354093391,3.29574798839866
93.1372549019608,-46.819161267982,-53.6402874575747,2.96500316214983,3.43249993651524
94.1176470588235,-48.0680746478937,-56.3774146662652,3.41971633704955,4.77198228666788
95.0980392156863,-50.8347328371073,-58.7135113551755,4.83505670086843,4.26004517381461
96.078431372549,-52.396159185797,-59.0294796743952,4.75152716919434,5.31698992613483
97.0588235294118,-53.573319829394,-59.3612920048125,6.09245679295454,6.06330696407067
98.0392156862745,-53.8179124633812,-62.0390117242984,7.06003896173044,7.12613518387925
99.0196078431373,-53.0135862311535,-60.5656883428736,6.51502005401616,7.17916586097228
0,-66.5804688603454,-61.6854786740133,7.48840107307847,5.3662605400169
0.980392156862745,-66.5820690134509,-63.4265819168852,8.26445459223309,5.18500310829587
1.96078431372549,-64.2475377840666,-62.4161822952084,7.75922068578226,5.05501629075604
2.94117647058824,-63.9825040810712,-60.3089390850432,8.33175843743235,7.03403083562467
3.92156862745098,-60.9847987628713,-58.6700018546062,9.38075780405193,6.01791934211212
4.90196078431372,-59.1481175128136,-59.3782105709014,10.6724767337602,7.16081176294823
5.88235294117647,-58.2416608764053,-55.3553895086649,16.7867246231731,9.67768326974561
6.86274509803922,-54.4404526669279,-54.3129250225921,20.6592889862962,13.113621505473
7.84313725490196,-53.9411133643588,-53.6686607546047,25.5842875744907,16.0931506589333
8.8235294117647,-51.8877551952052,-51.3520417904279,29.1384471773315,21.3201372033819
9.80392156862745,-48.9639589458106,-49.2341807378059,33.4257904334212,25.8669149053541
10.7843137254902,-48.7081374439345,-48.5600062805607,34.6549260584532,27.2489677863688
11.7647058823529,-46.403009062229,-47.4445974675464,35.9399468442446,29.0570534476981
12.7450980392157,-46.132727033051,-43.2851042380512,38.0607423093531,31.1341524314969
13.7254901960784,-40.4773536600717,-42.3819377508855,40.3135261650921,32.1306322192308
14.7058823529412,-39.3030904779107,-42.8154462253781,43.4180817358731,33.8226738047553
15.6862745098039,-36.8560224400323,-39.8190185055025,44.1407852764396,36.193275624115
16.6666666666667,-36.2172107266865,-37.6137108302324,46.7097391273103,39.3504957505748
17.6470588235294,-31.8489457406846,-33.9703522674869,48.7094134107659,41.7093868672919
18.6274509803922,-30.4822875004517,-33.8955363335387,49.8634905478884,42.8351102405973
19.6078431372549,-28.5754260873799,-32.100626582519,51.3679981314382,45.0829186798786
20.5882352941176,-25.56649370677,-28.0331785516943,50.8507800343564,46.0086761842485
21.5686274509804,-23.3226443756047,-26.6457010182771,50.8615733359661,46.3412242772218
22.5490196078431,-20.3426223057512,-24.7665371493766,51.120585600136,45.5900630165621
23.5294117647059,-17.9975794093878,-19.850377437985,50.2136587512398,44.7118245023247
24.5098039215686,-13.856634977586,-17.3461499107793,47.9211751674783,45.1426580911474
25.4901960784314,-12.0903717956644,-13.8392439390102,45.9460071641021,43.5477948145403
26.4705882352941,-11.4732147447119,-13.2721997576752,43.3756113264382,41.3071687105785
27.4509803921569,-8.78729559191481,-10.6231470876302,41.3916941205448,39.714694728578
28.4313725490196,-7.01886234228251,-5.81592179950103,39.0043479805267,36.0534177009561
29.4117647058824,-2.04772034861898,-3.9044054514379,34.6110050625598,34.9044084261268
30.3921568627451,1.01828049450742,-1.12942580046712,31.4416429847565,32.431740759172
31.3725490196078,2.6159189386202,2.47784926596659,27.8534934093549,29.7411199086005
32.3529411764706,5.40001251428616,4.61491181877549,24.3976780498216,27.2481162848374
33.3333333333333,9.86506662773651,7.04562514816308,21.1542368757626,25.8787316589939
34.3137254901961,12.2997833237302,9.97375565055323,17.3494382628032,22.2464340406822
35.2941176470588,15.2693899907072,14.6533008467852,12.7430212781038,19.6661995792043
36.2745098039216,18.606181041057,17.8654803652173,11.2802787170621,16.3974047229096
37.2549019607843,20.6687532370753,19.2732725358356,7.86485421562353,13.3781453644072
38.2352941176471,24.096259609248,21.0181524326507,4.80342699101468,9.56740086571473
39.2156862745098,26.148540175222,24.4166197861709,3.23739611150624,6.28094775728773
40.1960784313725,28.5588570571374,27.1965976382513,2.08364726793183,3.05423243839637
41.1764705882353,30.2138016892659,28.6578817965752,1.10246467990778,1.90889217967993
42.156862745098,32.4196768091123,31.8546814582953,0.703625429098624,2.10391573129107
43.1372549019608,35.336382333824,33.3254572066229,-1.33856264943644,1.71049737949269
44.1176470588235,37.5121793239039,35.6144813407454,-2.31588610653567,0.849566943875196
45.0980392156863,39.7150688934756,37.7460089792035,-3.57538310023471,-0.397479156299085
46.078431372549,41.7372326939708,40.3203005118038,-2.48257712469949,-1.47207285148357
47.0588235294118,44.3817955988083,42.5371463063041,-1.50603508538639,-2.08099343593643
48.0392156862745,43.7083038414486,41.9990357308263,-0.632921105788543,-2.23818768181665
49.0196078431373,41.7108084111715,43.6314449144473,-1.61483867116866,-2.61975832704445
50,42.6391791331209,42.6354241946975,-1.25102159513777,-2.06920744852626
50.9803921568627,41.5497270010317,42.378050466221,-1.47461639756087,-2.41157629097584
51.9607843137255,41.3457021187004,42.6556909819962,-1.8311843740872,-2.17414132589212
52.9411764705882,37.0880331730448,41.6241623976124,-0.865630632252225,-2.34079486052354
53.921568627451,35.7466059013393,42.7918072121073,-2.12516920866315,-2.95503963318374
54.9019607843137,34.8422604885148,42.6452081565996,-2.25759884646359,-2.36372892168723
55.8823529411765,32.7450039159953,38.8450019139104,-2.34658620017805,-1.96830653799705
56.8627450980392,30.1221077714607,39.0599857216884,-1.31975988768186,-1.89679565633798
57.843137254902,28.5620504542355,37.0654628489238,-2.42864675452521,-1.45712308868105
58.8235294117647,26.558633139734,34.4906172449143,-1.77320223291121,-1.91281795296998
59.8039215686275,25.4405012368773,33.17782866931,-1.77167559705975,-1.86478768156622
60.7843137254902,24.6595802096528,31.6378754016757,-2.19280451345512,-2.41312149501187
61.7647058823529,24.1026007221984,29.4434286883183,-2.77663901189918,-2.33621786971928
62.7450980392157,22.7120171893613,27.4364284471315,-2.47522070027935,-2.15292249203069
63.7254901960784,20.0107924617937,24.6037283063682,-1.64228898906289,-1.49828203181499
64.7058823529412,17.1495807596151,22.6413088746454,-1.48439891228168,-1.97700570464149
65.6862745098039,17.0228729790173,20.2934163350492,-1.34283055473932,-1.48928829562611
66.6666666666667,12.6744269265301,19.4926219896061,-1.67665289777707,-1.3622337111307
67.6470588235294,9.51829933269007,16.8874918402931,-1.66371408912789,-1.54318354143496
68.6274509803922,8.7562613670626,12.5895192937435,-1.6499158386002,-1.65039490670705
69.6078431372549,8.01501030379889,8.10117876004358,-1.46853946765269,-2.14021791546263
70.5882352941176,3.8367614690578,8.90036532962478,-1.03419278786875,-2.07656928216279
71.5686274509804,1.48981992253535,6.40636854650666,-0.561248532052183,-1.48699047961979
72.5490196078431,1.52880732111911,4.74186937356063,-2.20021122719151,-1.04881496482019
73.5294117647059,0.356542398436958,1.9740834377933,-1.54426667448138,-1.05587190434251
74.5098039215686,-3.54420260261254,-0.191984013368075,-1.85813115589042,-1.0938189598628
75.4901960784314,-7.77412093760149,-3.03301049052129,-2.16007485176239,-0.990962176462729
76.4705882352941,-11.4539819691227,-4.4701115717606,-2.3817562714906,-1.39967476020129
77.4509803921569,-11.8700942312786,-9.48474834134408,-1.23931402938149,-0.495111990050185
78.4313725490196,-14.7284043765648,-12.9494418180829,-0.117337174933911,-0.285223797987905
79.4117647058823,-17.818748124533,-17.2013289650784,-1.33352578996224,-0.264863317356284
80.3921568627451,-24.7545080875524,-19.6182230581556,-0.346983007038921,-0.784126741616161
81.3725490196078,-24.1635527283124,-23.1277972955068,-1.52774024851203,-0.872850701743452
82.3529411764706,-28.7122383595584,-24.007130686059,-0.993777895626479,-1.21497906141307
83.3333333333333,-30.3258584336452,-26.4264296795661,-1.3035947193707,-0.349057433571126
84.3137254901961,-32.0546329129481,-28.9406170213305,-0.89218223701655,0.111932659109078
85.2941176470588,-34.7552610301972,-30.2476236238067,-0.240106293973613,0.532217826456741
86.2745098039216,-39.2627343834785,-35.8812880730096,-0.168498504161614,0.457420301988929
87.2549019607843,-41.7511625575976,-41.7108080175988,0.50194686261992,1.03389562947812
88.2352941176471,-45.1097475352004,-43.1669082360512,1.00114582784054,0.94690246197509
89.2156862745098,-49.3309017699677,-48.0168856425028,1.79491264747427,2.23391605677389
90.1960784313725,-50.7624668295324,-48.5419307953661,3.1672465079899,2.78761961018601
91.1764705882353,-54.6432579781451,-49.7120205359794,3.34047832400659,3.69585753189755
92.156862745098,-56.2898318158351,-50.5785601395619,2.50468654118005,3.23682211024689
93.1372549019608,-56.3864154556929,-55.6114627684527,2.44122772241664,4.24709919027564
94.1176470588235,-59.3678764567043,-56.7981880963482,2.69393372456194,2.67884064968192
95.0980392156863,-61.5774836291066,-60.5970385751182,3.38527866615951,2.88084797041673
96.078431372549,-63.2843396639875,-59.8222495554283,5.60417579773876,3.88387874296418
97.0588235294118,-65.0584151011995,-62.3533567272191,5.61892768252017,4.65091618690468
98.0392156862745,-65.0068515642241,-63.1534812671236,5.28846815052893,4.06491418669102
99.0196078431373,-67.0161205010223,-61.5921328384213,6.08523375466876,5.6261906562124
0,-70.7165508646435,-69.9427668339196,4.79821709116904,3.66439218131693
0.99009900990099,-69.4606517786514,-69.2802840611123,6.01422323389234,5.99833119746743
1.98019801980198,-70.6297107926669,-69.117572512914,7.11547862268932,6.28407813748603
2.97029702970297,-71.6179154972268,-69.4181802084932,8.3722355199182,7.08433625463527
3.96039603960396,-68.4810536889695,-66.245636787066,10.1334062484009,6.25096424695794
4.95049504950495,-68.1017686000377,-67.3893065819776,13.9710747529842,8.72016511507565
5.94059405940594,-64.6243405429667,-64.4903408798287,18.0948736158064,11.979756567931
6.93069306930693,-64.7054532414869,-61.6523076693794,21.6629398194048,15.1367334981009
7.92079207920792,-63.5593230558834,-61.1448874812078,25.832011607454,17.3828962550634
8.91089108910891,-62.9433646269625,-59.0992158167788,29.1259728058835,19.7043054009351
9.9009900990099,-56.8389760950026,-58.302254810444,31.1005554879441,21.0946611929117
10.8910891089109,-55.7863383438266,-56.9584744756908,34.7178568118523,23.6039208843135
11.8811881188119,-57.1308470983546,-54.3503970127555,37.1690996112265,23.9034449463873
12.8712871287129,-54.1962901854383,-53.6396622232816,38.4436919410642,26.1968358742751
13.8613861386139,-52.5873282175204,-51.7800995320865,39.9931361377017,28.388675662754
14.8514851485149,-52.2611265928869,-48.5369552415281,41.1091204977598,30.786641535469
15.8415841584158,-48.9775668678803,-48.4690467081635,43.051317418006,32.4745208353511
16.8316831683168,-47.466845089402,-48.773159286735,45.1691564981368,34.1682297857352
17.8217821782178,-43.5073377178126,-46.3248890431204,46.5678387498885,36.2301326461403
18.8118811881188,-42.797505582669,-42.2984479309563,48.3937539124554,36.7749488447617
19.8019801980198,-40.6422994352021,-46.0933359120773,49.2926249829575,38.0193304643021
20.7920792079208,-39.5169942308179,-40.9225980258787,48.878123813542,39.3092784490427
21.7821782178218,-37.0263776002174,-37.1176205041603,48.991221427937,39.0957965759496
22.7722772277228,-35.0264913731213,-36.6489327263488,47.6010765768042,39.2077032969223
23.7623762376238,-34.5822163272289,-34.3422132610994,45.9872636823087,39.3411837595892
24.7524752475248,-32.1805074789066,-32.7172904067835,43.1939057968763,39.3503302978077
25.7425742574257,-30.9783428066135,-28.6247857410152,40.4816613377312,39.2354687328539
26.7326732673267,-26.6320068789814,-25.8184101361676,37.399535146621,37.9131733187282
27.7227722772277,-25.5510606478168,-24.2875274419633,35.1862644409099,37.1798992196341
28.7128712871287,-20.706121034788,-22.5973956423643,33.6022156588276,34.5474634999872
29.7029702970297,-20.3208376436927,-17.7794758331203,31.9933460435824,34.1147152982921
30.6930693069307,-16.5228850801751,-16.0323654988101,29.3779860445404,32.226721043696
31.6831683168317,-14.004603924189,-12.870480636645,28.0958328159196,31.548428451767
32.6732673267327,-11.3775328622447,-10.4952308148166,25.1255523001213,29.6851492205366
33.6633663366337,-12.0366454573011,-7.56900071495726,23.9170278987691,27.716444946056
34.6534653465347,-8.2253969775719,-4.00606254637705,20.0856695267929,23.9304266946623
35.6435643564356,-3.01330145222978,-1.90587473587266,18.0440739983526,22.4973729822792
36.6336633663366,-1.67047736395133,-0.223188923486865,16.84061670321,20.6531462815473
37.6237623762376,1.83755510229607,1.71774831598169,13.6207381265565,17.5121483458809
38.6138613861386,4.23222013295072,5.53994283162917,11.2134818510954,13.8705440117922
39.6039603960396,4.32807267558621,9.01229366379394,7.70161894340804,12.6198147453326
40.5940594059406,9.06012264709801,11.6090777526884,4.70602973189815,9.49410620330633
41.5841584158416,10.3722629737661,14.9657532654367,3.17520969753831,5.57750013020426
42.5742574257426,13.1294907317083,17.4493989019163,1.2007084314056,2.69198536275349
43.5643564356436,14.3337146109831,18.9942357021137,0.121292855570679,0.499989411339132
44.5544554455446,15.644612947035,19.6836728629763,-0.0692649227862351,0.334589652255796
45.5445544554455,15.7710443940792,20.9647156591902,0.530238512660246,-1.13607277224098
46.5346534653465,18.5567583843911,23.1871289152771,-1.1958738667096,-1.45165635726534
47.5247524752475,21.3585455088748,23.6123430399338,-1.94407859933453,-2.39650992538755
48.5148514851485,23.7511045964464,25.3242284245763,-3.66687864115953,-4.13807902220335
49.5049504950495,25.5434002249502,29.2762539299529,-3.52944222537672,-3.96572782186269
50.4950495049505,24.9805807979985,30.0035996442204,-4.46925045174861,-4.41160533792382
51.4851485148515,27.8250759277098,28.9570837228388,-4.53442216424877,-5.26926384270912
52.4752475247525,27.1253216479286,30.7186964655985,-5.67621490344397,-4.46098970879139
53.4653465346535,27.6038891801427,32.4605656405412,-4.08189704104547,-5.26901005198982
54.4554455445545,29.2627276053409,30.6112883424439,-4.9590987901631,-5.39680883893511
55.4455445544554,26.4184593643552,29.9780429253983,-4.07446331395049,-4.60592148456878
56.4356435643564,23.6802135099775,28.862212836414,-3.6380969276306,-4.83890576548461
57.4257425742574,22.9480681323159,27.244326845008,-3.06969745551391,-5.06439207999128
58.4158415841584,20.8302050952023,26.4635461461831,-3.01404706092237,-4.9535746169702
59.4059405940594,19.903589431707,24.0331305086745,-2.89604008018064,-4.44450226989036
60.3960396039604,19.0226495684916,23.2614604092233,-4.43459100324568,-3.98323045780463
61.3861386138614,16.4152597166954,22.5398164471815,-2.80487306872817,-4.101213977893
62.3762376237624,14.1893474141905,20.2442669908009,-3.30509375402938,-4.07674228078382
63.3663366336634,12.5429309582363,18.6037683466861,-2.98649608852975,-3.50017874593143
64.3564356435644,9.93132889206434,17.2927713696653,-2.92191733323375,-4.28693012211792
65.3465346534653,5.89696119962331,11.4765806694774,-1.66091034656443,-3.50612439655136
66.3366336633663,4.2930629268176,10.844090669797,-2.94658252225837,-3.50273733369643
67.3267326732673,1.76817079799215,8.05523121168956,-2.71983956271018,-2.85098333565447
68.3168316831683,-0.0498064425380328,5.96158459562023,-2.8411634990747,-2.85425019651555
69.3069306930693,-3.62250004712747,2.05993900295698,-2.51601523035243,-3.73454194837112
70.2970297029703,-5.26566393125663,0.678278971898721,-2.7472140681272,-3.51251591969566
71.2871287128713,-8.03311221973608,-3.9712679516172,-3.11435141556666,-3.91553294844691
72.2772277227723,-10.3134211606574,-6.51033952713097,-3.02934053042975,-3.73977805514463
73.2673267326733,-15.1210946235643,-8.71537710138603,-2.60588341435367,-3.44701806262876
74.2574257425743,-16.7260147513072,-15.1480835436582,-2.3182254628374,-3.46076360592016
75.2475247524752,-21.0030964250098,-15.7767275921231,-2.30907426376789,-2.76141999013814
76.2376237623762,-23.5042908912279,-18.2294638243977,-2.51677739232451,-1.94962855475749
77.2277227722772,-26.938611064775,-21.8277441978499,-3.13055299972507,-2.0083611095977
78.2178217821782,-29.4080518903795,-27.1209191201508,-2.56535288161179,-2.00515729461817
79.2079207920792,-30.2884972842087,-27.0398650312403,-2.08517104504347,-1.94128938813773
80.1980198019802,-34.5536416523216,-30.9171432083389,-2.53055470782961,-1.15371660714032
81.1881188118812,-37.8209929950385,-36.585111984093,-1.76384750301917,-1.28777020802238
82.1782178217822,-39.9065831422824,-38.1187167848525,-1.84983928500575,-2.72316207930595
83.1683168316832,-43.2952508059002,-41.809149342439,-0.601593760868431,-1.01671239113826
84.1584158415842,-47.0187656740977,-44.521565732219,-0.471507310735601,-1.02965717587627
85.1485148514851,-49.4189043403201,-45.8069982483635,-1.06457390231403,-0.0436105077863582
86.1386138613861,-52.7423389508011,-48.1629302503726,0.737408354877446,-0.993491194235733
87.1287128712871,-56.3603005804429,-53.131173813004,-0.34141579594669,1.02509601305347
88.1188118811881,-56.6600982157178,-55.0132576873253,0.215632076412811,0.40246824871484
89.1089108910891,-59.3027417891,-58.6744190886936,0.451510640383991,0.864821907108364
90.0990099009901,-62.9846488029238,-60.7378893868781,1.71651157306952,1.49709231440818
91.0891089108911,-65.3373873128108,-61.7093638533998,1.80074269796344,2.13598210379349
92.0792079207921,-65.4374340566866,-63.4926694367839,2.0656263891559,3.17042688491807
93.0693069306931,-66.6983329488745,-65.9082328154903,3.2914922959766,4.37154993368514
94.0594059405941,-71.6622245741909,-65.8606288372128,2.73270645500684,4.3933116346349
95.049504950495,-69.218013019922,-66.6444366436553,4.11432730343523,4.51421070985347
96.039603960396,-69.4121164531066,-67.2969806729267,5.19368996288677,5.51552359770218
97.029702970297,-72.1290849964374,-68.4680002830782,5.57453374938524,4.42002792985619
98.019801980198,-72.9553981988239,-69.0797131388409,6.42219804761564,4.27564459054476
99.009900990099,-72.9307568811574,-69.2363234630288,5.61932542675603,4.69586693516104
0,-64.7053966794663,-77.3552482041996,9.00464033231689,8.08714088104751
0.970873786407767,-64.644885955219,-76.2553042306205,7.53500061025769,5.87700625779234
1.94174757281553,-63.9366878086005,-76.1457118836605,8.27051714516867,6.96492534734198
2.9126213592233,-61.7485366004271,-75.0442143295606,8.09249629987855,6.56158409859976
3.88349514563107,-61.8196282052408,-73.2775858125268,7.73721137660619,6.35249482822096
4.85436893203883,-56.4554778593278,-75.5377263364092,9.46020492096948,7.04864948204272
5.8252427184466,-57.4044208349668,-71.2130765047508,13.7004375040815,9.57442977130696
6.79611650485437,-55.4744262385006,-69.8559100678402,18.1701341264462,12.6970176238314
7.76699029126214,-54.4144200626559,-69.0356795649292,23.2944465852427,17.0261553084782
8.7378640776699,-50.8309770972558,-67.771975523738,26.716424100368,20.0694525289988
9.70873786407767,-50.5598763326577,-64.834302668654,30.4491397372664,22.4368995230386
10.6796116504854,-46.9099766305772,-63.7254366853581,33.0396938734976,24.5320571082304
11.6504854368932,-47.2971035766672,-63.0904783376242,36.298595481153,27.1917480644033
12.621359223301,-45.4533623166059,-59.5846146341985,37.0974324470773,30.3830228818059
13.5922330097087,-42.7549666913668,-58.2678147781766,39.6366617367579,32.1174397780071
14.5631067961165,-40.8970378143915,-56.2319373747095,40.710854088124,34.2298890377664
15.5339805825243,-38.1978392504876,-53.5482683046748,42.639935541251,36.9041462154942
16.504854368932,-36.7641916408102,-51.3783389293965,43.8385783831743,37.3741234151491
17.4757281553398,-33.5995128652018,-48.6184102585686,46.3498299040959,39.1193333764655
18.4466019417476,-32.03548574424,-48.045825115625,47.1652242209819,41.9083727834797
19.4174757281553,-30.4876426103552,-44.7647728686776,49.4728566173759,43.4278368431935
20.3883495145631,-28.8330016572953,-43.2789792379318,49.7448587745116,45.1950216447119
21.3592233009709,-26.0598455914823,-42.0396381995,50.2237265171224,46.6674830991784
22.3300970873786,-24.4055716278881,-40.2174006247674,49.8617743983415,47.077110925225
23.3009708737864,-23.6248218363151,-37.8518345587212,48.6168150374324,47.4103887977688
24.2718446601942,-19.2117871037015,-34.6641011097162,47.857824571784,47.4064894577523
25.2427184466019,-17.7651025741096,-32.9605025963238,45.0369167941125,48.4971617259994
26.2135922330097,-15.0548540040564,-28.0451910725314,43.3906011534055,46.5850238135439
27.1844660194175,-14.2553309130674,-25.0511856645378,41.1483821715292,44.7765153613683
28.1553398058252,-11.5184264469374,-23.8663005092982,39.4272362726369,41.9994493453975
29.126213592233,-8.64645973830305,-21.2166495752385,35.9643959938022,38.5601748312483
30.0970873786408,-5.21425005953336,-17.2305181977485,33.6217336358786,36.3309825744703
31.0679611650485,-3.31774794519552,-15.1984176976605,31.12895596823,33.3284322349063
32.0388349514563,-1.28188554739383,-11.3742171115426,28.9955641408146,30.9689088939076
33.0097087378641,4.19462088984249,-8.33826882404391,27.0256877669486,28.16598657062
33.9805825242718,5.4294137408571,-4.25611850309542,26.2531311111572,25.5313027434658
34.9514563106796,8.23711111525537,-2.60302176481518,24.9363016854182,23.6265115773126
35.9223300970874,11.111004907342,0.297679076153433,21.8217663532079,20.3617537702109
36.8932038834951,15.5430999011899,2.39685299377701,20.3125744762214,18.8994848558947
37.8640776699029,19.1715675404705,7.68869658718816,18.1942887372836,16.5684156667252
38.8349514563107,20.2333550025201,9.35316049421258,16.1003742990292,14.0914452508802
39.8058252427184,24.1985734592411,9.68118655019357,13.8512677018272,11.4420103822819
40.7766990291262,26.620073670538,13.4881949051471,11.4147341465965,9.09860947630911
41.747572815534,28.1099837217524,13.955455043816,7.94115819249715,7.17303621764695
42.7184466019417,29.5436220110952,17.3924676143623,5.88543648673265,3.47846966775979
43.6893203883495,31.3394485426626,20.9585362420286,3.07193123955476,2.48876018393334
44.6601941747573,33.8476213259434,23.1021643526949,2.00808127666869,1.00077745123326
45.6310679611651,36.2633938246859,22.7996712054943,0.330070761213271,0.168241890597615
46.6019417475728,36.5723311006316,22.9556330907747,0.880038895596396,-0.0662871998038643
47.5728155339806,39.3001965681049,24.6142133712959,-0.463438152446995,-0.279113387835847
48.5436893203884,37.7725615426339,25.2964709387698,-0.824223990751082,-1.40801931488125
49.5145631067961,39.8478399404799,25.4091827753886,-0.98151948306253,-2.86673731534032
50.4854368932039,41.6992848412549,30.4116500880502,-1.12849041744401,-1.68531316985311
51.4563106796117,39.8789723982784,32.3223559737431,-1.08138521096834,-2.4187423034231
52.4271844660194,42.144739065175,34.3966411790064,-1.06024849152785,-6.00096373326226
53.3980582524272,41.3996702824014,35.3054744639921,-2.85958356362723,-3.19179815155987
54.368932038835,42.0299881357469,35.6758234947917,-1.80963973575859,-2.21874877988265
55.3398058252427,43.7597258218437,37.7383446096091,-3.64890450986132,-2.15792598172075
56.3106796116505,43.059133053981,35.1541348496001,-2.07031167741248,-1.01521658906416
57.2815533980583,41.4801218398568,34.8820001482839,-2.18332164373393,-2.17743652452089
58.252427184466,40.9215174569634,33.6315745834624,-2.2028433396372,-1.7689456956917
59.2233009708738,39.1261583118664,33.0552655872699,-0.94550667229034,-2.79524331977033
60.1941747572816,38.7777469408391,29.6352953080418,-2.48086792431202,-2.08498285627471
61.1650485436893,37.6474023429056,29.9941242952598,-1.72155373456756,-2.01817731359801
62.1359223300971,34.7270115775018,29.1723886211311,-2.21056367731864,-1.87422453179228
63.1067961165049,34.126823660954,26.9105636277048,-1.33218261927562,-2.09661073810879
64.0776699029126,34.1005045738789,25.8857388281291,-1.68746132963277,-3.0297635237301
65.0485436893204,30.0692021689987,26.1314945264663,-2.1709703722442,-2.58092739144041
66.0194174757282,28.1782254587307,21.6668292111337,-2.29886062924923,-2.79513195695964
66.9902912621359,22.7641856657286,21.3270771403237,-1.69361425989546,-2.77195171445537
67.9611650485437,22.779092949308,16.1078170149068,-1.08711966646946,-1.66244020094926
68.9320388349515,18.9318231503135,13.62281940185,-1.3508102114775,-1.12257810500272
69.9029126213592,16.5410685155797,12.2312356899947,-1.25214517388363,-2.44954713281948
70.873786407767,11.4253351375217,6.25656153632032,-0.851714580386909,-1.71044186702286
71.8446601941748,10.2436723060328,2.00028786520959,-0.560356573263546,-2.11269047934387
72.8155339805825,7.56655598983736,0.0311113538892027,-0.897012669596082,-2.56715402312727
73.7864077669903,4.71919465087515,-3.24896791291819,-0.90904482292192,-1.48182424169097
74.7572815533981,3.26629621425563,-5.86634535531825,-0.456688612967991,-0.492417589934826
75.7281553398058,0.214914225047394,-8.10046659213628,-0.710439723842462,-0.666595446151207
76.6990291262136,-2.33036768761108,-10.7967546114853,-0.491119621649751,-0.220418719605588
77.6699029126214,-6.55814760452265,-13.1426925455664,-1.99871258197712,-0.915996176110235
78.6407766990291,-9.52393622979242,-15.6906384335621,-1.22482513126703,-1.08808003817347
79.6116504854369,-12.6055566583951,-20.5770433047133,-1.30058539328919,-0.863031083429613
80.5825242718447,-14.0076393614541,-22.832107910553,-1.05556879127811,-0.598201621668547
81.5533980582524,-19.3114359116996,-27.7938734479302,-0.757487524611821,-1.01190499689358
82.5242718446602,-18.836952309162,-30.7998539882113,-0.924239615316558,-1.17084148671335
83.495145631068,-24.493057331569,-33.1181681334585,-0.93959336693896,-1.13136677304716
84.4660194174757,-29.1922391882991,-36.0906553206996,-0.543798991640374,-0.566287508590048
85.4368932038835,-29.8583330446688,-40.6813315427523,-0.160719205100549,-0.910988460565109
86.4077669902913,-34.6780587308031,-42.5382309536518,-0.386035677308018,-0.491414442342521
87.378640776699,-35.5489951429669,-44.958186617783,-0.397304474496299,0.831206759502404
88.3495145631068,-39.3332693520423,-48.9184537619155,-0.426969391927307,0.954250655621883
89.3203883495146,-43.2716056723619,-54.4935273883429,-0.0299559437890445,0.190150984950946
90.2912621359223,-46.2130344672383,-56.3444577471464,1.73039842913164,1.22692831525064
91.2621359223301,-50.090293424581,-60.7628570029376,2.34560433898608,1.70694618026948
92.2330097087379,-52.7807495913691,-62.7957239707834,2.34555188096349,2.00918928090015
93.2038834951456,-54.2096778624321,-66.8881941802842,3.24240454661121,2.59404198674778
94.1747572815534,-58.2063590843452,-68.5903630918018,3.60942408355137,3.31368108927821
95.1456310679612,-57.9947097361046,-70.8415820434216,5.62064835128969,4.95401032570542
96.1165048543689,-60.270548795046,-72.2089161284373,6.8221809126278,5.98132202683675
97.0873786407767,-60.9392780551187,-74.1264208961994,7.98396899974706,7.32010219944166
98.0582524271845,-63.2005448865522,-74.9879592170553,7.99748016035113,7.70085873734564
99.0291262135922,-64.6029591608668,-75.8446644045913,9.95179242277544,7.40779413429199
0,-62.009900020523,-61.0407471986584,4.99805326736065,6.5517504659063
0.961538461538462,-61.1003519876773,-61.5643154691223,6.87563959690715,6.45757422258064
1.92307692307692,-60.8155393097123,-59.4600856624965,6.16454922401674,6.37413613562922
2.88461538461538,-60.7211096646554,-60.5212850317661,6.22910752589502,4.92275932305114
3.84615384615385,-58.1732442008059,-57.1720643215114,6.71770575729071,5.71098124509261
4.80769230769231,-58.7493124429557,-56.6905921647089,7.32576184116544,6.7661996066142
5.76923076923077,-56.1463842654303,-54.6651934108856,9.13558855585458,10.2295266973547
6.73076923076923,-54.5859847689632,-52.6178539534959,12.2683636692726,12.3079032559944
7.69230769230769,-51.5420172840387,-51.1815092302064,15.4164180811177,14.196582804278
8.65384615384615,-49.3702395245799,-50.0817462464619,18.6697031664347,16.5375591322923
9.61538461538461,-49.7276744825074,-48.0388284655265,21.2656137960292,17.719439736476
10.5769230769231,-46.079555404404,-45.9217897488376,23.4609845498833,19.0690519888255
11.5384615384615,-46.5753791938402,-44.6826131398997,24.8507670269991,21.9613060952008
12.5,-42.7867314465548,-43.2761943704843,24.8338429741667,22.723840034917
13.4615384615385,-42.3577832511939,-40.418640590676,25.5720654574505,24.0684040545303
14.4230769230769,-39.2675354828374,-38.8861377075288,26.4577891068973,26.4769230385157
15.3846153846154,-40.2842519695453,-36.1089860004038,28.7665876791095,27.9617744150549
16.3461538461538,-37.0982308617549,-35.856896448391,29.4671492722109,28.6023312124422
17.3076923076923,-35.791463423411,-33.222665154011,29.3358001184952,30.3620923793984
18.2692307692308,-30.7633732879599,-31.9713149454334,30.4494754246398,31.1444260841194
19.2307692307692,-31.5763350131817,-28.899214084054,29.8611720720832,32.247436268192
20.1923076923077,-29.0527597148942,-27.4723738714069,30.1435436346809,33.4496535523628
21.1538461538462,-25.8486524267614,-26.6616861904365,30.8776244642616,33.3838471864424
22.1153846153846,-22.9582687208494,-24.1185229092224,31.7642202329589,34.6928620778379
23.0769230769231,-22.8028701238096,-21.1136423522423,31.8840149194382,34.6211711837257
24.0384615384615,-18.1362705717222,-19.4207154987231,31.8391255351775,34.4925770798818
25,-18.462115200365,-14.55902437706,32.4668937331055,33.4969603838158
25.9615384615385,-16.0111943636706,-15.2918134718619,31.9717757410314,32.9606909974331
26.9230769230769,-11.0059112471949,-11.0297945087754,31.5961624660707,32.2828454519567
27.8846153846154,-12.03520251505,-7.84928705092055,31.6145529093228,30.7294916710243
28.8461538461538,-7.87580448991741,-4.60418013864335,30.2154162632039,28.7162133293147
29.8076923076923,-5.21755159205279,-1.23131775432582,28.8662810626869,27.0691330812734
30.7692307692308,-1.4077975743922,1.17955268053764,27.2074795978635,26.2014401894238
31.7307692307692,-1.51651775037279,3.59602801655907,24.5012696837515,24.6800095839084
32.6923076923077,3.80125786451753,4.06721842572379,24.4983248918043,23.4245271015018
33.6538461538462,4.76051924884307,7.27703263758425,21.9911392113732,21.1947758740185
34.6153846153846,8.11331093937856,11.544588339825,19.2210671354857,16.4623441808833
35.5769230769231,10.5704371380246,13.3131739393108,17.9604998589571,15.284665146223
36.5384615384615,15.042471826167,14.5911378489756,15.2818786109061,12.2067452299834
37.5,16.2702739377994,15.790306170247,13.7420525049855,11.0724599777749
38.4615384615385,20.6460128095282,18.918657109144,11.7285145757768,10.3244928473958
39.4230769230769,22.0352677467083,23.3605466370785,10.3473250591987,8.30709149634689
40.3846153846154,25.3522020279464,27.2554861377746,7.21097796481135,7.63608916815028
41.3461538461538,27.0731686570166,27.8038949000862,5.1680121573985,5.1054351077773
42.3076923076923,28.8246997173905,31.5927909686066,4.00182958411779,2.0604897928021
43.2692307692308,33.4741027681667,31.2594206943498,2.44191075623682,1.67228535458242
44.2307692307692,33.3587158895342,34.7853257948653,1.77596250690658,0.972233188676304
45.1923076923077,35.444714443701,35.5491225601295,1.02010538182495,0.752897798796629
46.1538461538462,39.830347042331,38.8300470269116,1.50749482512945,-0.00367168823497321
47.1153846153846,39.7878551471436,38.5474751824314,0.00732452824613827,0.402675680872864
48.0769230769231,40.0703579901597,38.2373985637476,0.0195025499160711,0.634073585834551
49.0384615384615,41.616192319135,40.9509597459813,-0.61044668703441,-2.0838365111884
50,42.4732073438235,41.3117933235857,-2.49939548174495,-3.30087149715875
50.9615384615385,42.3768201151731,41.8837422508367,-2.22856718257963,-4.08423105478514
51.9230769230769,43.9593930678517,41.2358053958796,-3.14219897277369,-3.78058000662712
52.8846153846154,42.0016013207715,43.6876968917029,-4.07329558914481,-4.12578638388236
53.8461538461538,42.4351842995413,45.5139812677903,-4.91988943836423,-4.55544505273662
54.8076923076923,44.0315446598459,46.3671993838482,-6.42029661037449,-3.36534966982158
55.7692307692308,42.0172435325427,45.5501554988385,-4.14040741055938,-3.62639086783449
56.7307692307692,40.6119553050465,46.0723143203738,-2.9391030452246,-3.28889728640607
57.6923076923077,42.7006797023247,42.3358738050998,-3.15251740044148,-3.66359884439821
58.6538461538462,38.8350041738463,42.3234100224718,-2.56568629624459,-1.55500073076097
59.6153846153846,38.9884182984409,43.2161452432804,-2.47847912204553,-3.04250126572631
60.5769230769231,36.148006124152,41.2719929291398,-2.24807134844014,-3.05438099020857
61.5384615384615,34.4273938870904,38.4312982239403,-3.74155064621421,-2.79512594985936
62.5,30.4250410575746,37.8434211180381,-2.1933804216118,-2.29610584179775
63.4615384615385,28.237781449588,35.128558187497,-2.07884761593681,-3.79793064381144
64.4230769230769,26.8075550728389,34.2543104015078,-2.31601210407955,-2.91488563807994
65.3846153846154,23.5483804506857,30.422818480448,-2.35429625223498,-3.33820474415382
66.3461538461539,20.6920609826832,30.5745261814814,-1.84344602982656,-3.94506070249482
67.3076923076923,18.4958669662891,26.163131842554,-2.01828867508959,-3.39002844502883
68.2692307692308,15.8026030698906,25.3514066655079,-2.70948073393887,-3.23920151425081
69.2307692307692,13.6816014509268,21.8426921184776,-1.19473038433015,-3.02219232910923
70.1923076923077,7.97429176663474,16.6598752032154,-1.60314504203161,-3.11910451370571
71.1538461538462,8.94824197830087,15.1725639692906,-1.79452510302768,-3.35021964579278
72.1153846153846,6.03381627536655,12.6848829599737,-1.38508383841311,-3.57252871200304
73.0769230769231,-0.874405700032352,8.45524589653644,-1.0101594728629,-2.30024640270342
74.0384615384615,-3.56086511345964,7.2871663899844,-1.13847355049622,-3.45728653103735
75,-4.1520588327395,2.9279925758127,-1.35398936813383,-2.66665604580441
75.9615384615385,-7.73347464280225,0.529837560284033,-1.15120994396318,-2.13141733043717
76.9230769230769,-10.7307161576536,-3.33676698982844,-0.690520983847281,-1.27068580170836
77.8846153846154,-12.968331556949,-5.62149342598137,-0.63361226101744,-1.60381128622794
78.8461538461539,-16.4664566435755,-8.84435800580007,-0.638538448391077,-0.71875641239977
79.8076923076923,-19.1841251215427,-13.3030321980872,-0.0635862545813926,-1.17200385475914
80.7692307692308,-22.4566112622123,-15.5260921312834,0.00755314677233232,-0.960993131955606
81.7307692307692,-23.9279973437867,-19.9750780282105,-0.735122678695898,-1.47440035826518
82.6923076923077,-27.4007930676767,-21.8732285081555,-1.33734522027432,-1.13916870457445
83.6538461538462,-30.0746922139614,-23.6919766278242,-1.77743706131652,-0.540466428127242
84.6153846153846,-31.9380588923583,-28.8400131163669,-1.79061456288632,0.0183134694242313
85.5769230769231,-36.6521733764534,-33.5734468711674,-1.37354213176897,-0.161000329822839
86.5384615384615,-36.6728409838229,-36.3556446196044,-0.945032425408969,0.107984482818636
87.5,-40.2281145025126,-38.6613755135977,-0.247793229674937,0.0811854191751503
88.4615384615385,-41.9411572874571,-42.644821293405,0.204594239888227,1.91010420075136
89.4230769230769,-45.7541599617995,-45.8782074553354,0.796248910472016,0.772411863080693
90.3846153846154,-48.7714980955781,-47.5429524534276,1.87731158404763,0.756148354808162
91.3461538461539,-49.4371335273498,-51.5249802135423,2.33843065461885,0.509409637408124
92.3076923076923,-54.3380146366487,-54.6436376569995,2.220718849093,1.89099975982932
93.2692307692308,-55.2241530894835,-54.1907619891095,3.22523203930141,1.92730763255406
94.2307692307692,-55.8023099829394,-58.6211103425598,1.09884851172533,3.42600978665145
95.1923076923077,-56.8896073221865,-57.7395533062152,3.24068754521254,4.04213247319898
96.1538461538462,-61.1423953280847,-60.5303593853987,3.94397770901103,4.9919886303623
97.1153846153846,-60.0299905555456,-62.121883687562,4.77591505886323,6.39463471052091
98.0769230769231,-62.3579820138929,-61.2865631638424,5.32466564789351,4.61093414641163
99.0384615384615,-59.069335658184,-63.9642110302177,6.32661467062917,5.08323938483055
